2026-09-18 13:04:06,058 | === Adaptive Intraday Trading Bot starting (PAPER TRADING MODE) ===
2026-09-18 13:04:06,058 | Watchlist mode: AUTOMATIC SCANNER (refreshes every 0.5h, up to 50 movers + S&P 500 backstop, 500 watchlist slots total, min price $10, max extension 20%, leveraged ETFs excluded: True, news filter: True). Fallback list: TSLA, NVDA, COIN, AMD, PLTR
2026-09-18 13:04:06,059 | Scanner minimum listing age: ON -- requires >= 100 trading days of daily bar history (real cases this catches: ALMR ~80d, EROC ~43d)
2026-09-18 13:04:06,059 | Bar size: 15min | Check interval while market open: 15min
2026-09-18 13:04:06,059 | Active strategies: gap_continuation, trend_following, mean_reversion (regime-switched by ADX)
2026-09-18 13:04:06,059 | Trend strategy: EMA 9/21 crossover | Range strategy: RSI 14 (25.0/75.0) | Switched by ADX 14 (threshold 25.0)
2026-09-18 13:04:06,059 | No new entries between 210-270 min after the open (historically weak window in backtesting)
2026-09-18 13:04:06,059 | Scanner opening-range blackout: ON -- no new scanner-pick (non-S&P-500) entries in the first 45 min after the open (real-money-confirmed, additive to the lunch-window blackout above, not a replacement for it)
2026-09-18 13:04:06,059 | Risk management: fixed stop-loss -5% / take-profit +10% on every buy
2026-09-18 13:04:06,059 | Position sizing: flat $500 per trade
2026-09-18 13:04:06,059 | Graduated conviction sizing: ON -- qualifying strategies: none yet (real evidence-gated, see strategy.py). 1 of 3 confirming signals (strategy match / ADX >= 35 / volume >= 2.5x avg) sizes at $5000; 2 or more signals sizes at up to the full remaining $25,000/day pool (volatility-based size-down always wins when a trade qualifies for both)
2026-09-18 13:04:06,059 | Position limits: max 18 concurrent positions | max 5.0% aggregate portfolio risk | daily loss circuit breaker at -3% (pauses new entries only)
2026-09-18 13:04:06,059 | Portfolio heat cap: max $2,000 aggregate $-at-risk across all open positions
2026-09-18 13:04:06,059 | Sector concentration cap: max 2 open positions per sector (new entries only; symbols with no known sector are exempt)
2026-09-18 13:04:06,059 | End-of-day mode: positions will be auto-closed 10 min before market close.
2026-09-18 13:04:06,059 | Loaded saved watchlist from previous run: NVDA, MU, SNDK, TSLA, AMD, META, AAPL, INTC, MSFT, AVGO, GOOGL, AMZN, DELL, GOOG, ORCL, PLTR, LITE, MRVL, CRWD, CRM, STX, JPM, TMO, GS, BAC, GEV, PANW, WDC, HOOD, V, AMAT, LRCX, COIN, BRK.B, LLY, COST, QCOM, NFLX, XOM, CAT, WMT, CVX, COHR, MS, MA, VLO, C, FANG, GE, TXN, NOW, JNJ, BA, TJX, ABBV, MRNA, PG, CSCO, MPC, VRT, UNH, WFC, APP, AZO, GLW, ADI, HD, SMCI, AON, MRK, IBM, AMGN, HPE, ETN, KLAC, HONA, SCHW, DHR, SYK, DIS, MCK, TMUS, MCD, DE, MDT, AXP, COF, ADBE, BKNG, PEP, KO, HWM, ANET, COP, ABT, UBER, GILD, VZ, NEE, LIN, ACN, NXPI, NKE, CMI, HON, ON, PSX, ISRG, CIEN, SWKS, INTU, BNY, ADP, T, RTX, HBAN, TER, PM, AXON, BSX, HCA, USB, SPGI, ELV, BLK, MPWR, UNP, KVUE, EQIX, TDG, DDOG, LOW, APH, EXPE, BMY, FTNT, WMB, SLB, PH, MSI, HLT, MMM, TT, SHW, ORLY, CEG, MRSH, JCI, SNPS, PNC, SBUX, TRV, KR, MAR, GNRC, CDNS, XEL, KEY, VMRK, PGR, WELL, SYY, ACGL, ROST, MLM, CB, IQV, PFE, ADSK, TGT, NEM, DASH, EOG, URI, EBAY, TEL, AMT, RVTY, GM, SO, CMCSA, CTVA, RDDT, KEYS, WM, CARR, MCHP, WDAY, CVS, PWR, LMT, JBHT, CRH, FCX, PLD, CME, CAH, CL, CSX, DUK, IR, ICE, KMB, STT, CTAS, REGN, BKR, MTD, OTIS, DVN, NOC, GD, ABNB, CASY, DLTR, MO, AJG, GWW, VRTX, ALL, AMP, TFC, LHX, BDX, FERG, DHI, AEP, DLR, RCL, MSCI, RSG, KKR, ROK, VST, EW, EMR, NSC, KMI, APO, FIX, WBD, HUM, MDLZ, OXY, F, MTB, OKE, AME, NTAP, A, HPQ, CNP, BBY, CMG, CI, BX, APD, FITB, TTWO, DG, CRL, VEEV, CTSH, DXCM, ODFL, LEN, COR, FSLR, ETR, YUM, MNST, LYV, ITW, PCAR, CFG, UPS, FDX, MCO, AIG, WSM, UAL, AKAM, ECL, HAL, FOXA, DRI, WAT, CHTR, CBRE, ROP, CCI, CVNA, DGX, KDP, O, DAL, EQT, MET, NRG, WEC, LULU, PAYX, RMD, ADM, TPR, DOV, ULTA, PYPL, EXE, IBKR, XYL, TRGP, KHC, CBOE, NUE, CNC, ZBH, FAST, FFIV, SRE, TECH, PSA, VMC, PCG, ZTS, WST, IDXX, RF, IT, EME, VTR, PEG, STZ, DTE, JKHY, HSY, AFL, FDS, SPG, CCL, STLD, JBL, AWK, WRB, FLEX, HUBB, D, BG, HIG, LH, PODD, FICO, IP, APA, VRSK, EFX, NDAQ, CHRW, COO, TSCO, FISV, LYB, TYL, DOW, NVR, SW, ROL, EXC, FDXF, LUV, DECK, GEHC, GIS, EIX, SYF, CF, EXR, RL, DPZ, XYZ, ECHO, ARES, ALB, GRMN, CPRT, EL, CMS, PTC, NTRS, VRSN, EXPD, ATO, RJF, GPN, TKO, CHD, WAB, ED, TROW, FIS, HST, LII, LVS, CDW, Q, CLX, MAS, ZBRA, BLDR, EVRG, AEE, PFG, PRU, MOS, ALLE, INCY, PPG, GEN, TDY, IRM, PPL, OMC, STE, FE, TSN, GDDY, PHM, NI, CSGP, UDR, DD, BRO, LDOS, BAX, APTV, SBAC, TXT, WY, UHS, SJM, BR, DVA, MKC, INVH, SWK, CPAY, FTV, ES, BIIB, VICI, TTD, PNR, EG, AMCR, AVY, IFF, PSKY, GPC, NCLH, ALGN, WTW, TAP, KIM, MAA, LNT, WYNN, TRMB, TPL, HSIC, PKG, IVZ, HII, BALL, NDSN, AIZ, SNA, VTRS, HAS, AES, ESS, L, CINF, IEX, VLTO, ARE, NWSA, REG, BEN, DOC, J
2026-09-18 13:04:06,059 | Restored daily risk state from previous run: day 2026-09-17, breaker tripped: False
2026-09-18 13:04:06,059 | Restored open-position context for 2 symbol(s) from previous run.
2026-09-18 13:04:06,059 | Running in --duration-minutes mode: cycling for 150 minutes, then exiting.
2026-09-18 13:04:06,228 | Market is closed. Next open: 2026-09-18 15:30:00 CEST (your local time) -- in 0.4 hours.
2026-09-18 13:30:05,334 | Daily loss circuit breaker: tracking from starting equity $99,331.58 (limit -3%).
2026-09-18 13:30:05,335 | Daily conviction-sizing pool reset: $25,000 available today.
2026-09-18 13:30:05,335 | SCANNER: refreshing watchlist...
2026-09-18 13:30:05,921 | SCANNER: excluded 4 leveraged/inverse ETF(s) from 6 candidate(s).
2026-09-18 13:30:06,265 | SCANNER: 2 candidate(s) passed price/extension filters but none met the $10,000,000 average dollar-volume bar.
2026-09-18 13:30:06,352 | S&P 500: refreshed constituent list (503 symbols).
2026-09-18 13:30:36,860 | S&P 500 liquidity backstop -> NVDA, MU, SNDK, TSLA, META, AMD, AAPL, INTC, MSFT, AVGO, GOOGL, AMZN, DELL, GOOG, ORCL, PLTR, LITE, MRVL, CRWD, TMO, STX, CRM, GS, JPM, PANW, BAC, WDC, GEV, V, HOOD, LRCX, AMAT, BRK.B, LLY, COIN, COST, QCOM, XOM, CAT, NFLX, WMT, MS, TXN, C, CVX, JNJ, ABBV, GE, MA, FANG, COHR, VLO, CSCO, PG, TJX, BA, UNH, NOW, WFC, MPC, AON, MRNA, MRK, DHR, HONA, AZO, APP, ADI, AMGN, VRT, HD, GLW, ETN, SCHW, MDT, IBM, SMCI, KLAC, DE, HPE, GILD, COF, MCK, SYK, KO, ABT, HON, AXP, BKNG, ANET, NXPI, LIN, NEE, MCD, DIS, CMI, PEP, VZ, HWM, TMUS, ADBE, COP, BNY, ADP, UBER, PSX, BLK, ACN, NKE, PM, ISRG, SWKS, INTU, HCA, MPWR, RTX, CIEN, EQIX, ELV, HBAN, UNP, ON, TER, USB, BSX, HLT, EXPE, T, AXON, PH, WMB, MMM, DDOG, PGR, SPGI, BMY, TT, MSI, TRV, TDG, SHW, EBAY, ORLY, MRSH, PNC, JCI, KVUE, MAR, FTNT, WELL, LOW, URI, ROST, KR, APH, XEL, IQV, TGT, SLB, ACGL, SYY, CDNS, DASH, CB, VMRK, SNPS, CAH, SO, CL, TEL, REGN, GM, MLM, KEY, AMT, SBUX, CEG, CTVA, KEYS, RVTY, ADSK, AEP, JBHT, ICE, CRH, WDAY, EOG, IR, PFE, NOC, CME, PWR, CSX, MCHP, PLD, NEM, CARR, CVS, ABNB, WM, RSG, FCX, DLTR, VRTX, MTD, DUK, TFC, GNRC, OTIS, BKR, FERG, STT, ALL, BDX, CTAS, AMP, GWW, CMCSA, LMT, MSCI, DLR, GD, RDDT, APO, AJG, AME, DHI, WBD, CASY, KMB, EW, ROK, APD, LHX, DVN, HUM, EMR, OKE, MDLZ, KKR, MO, NSC, A, COR, MTB, KMI, CNP, RCL, DG, ETR, BX, NTAP, PCAR, MNST, LYV, BBY, ODFL, AIG, FIX, VEEV, CTSH, DXCM, CRL, ECL, VST, YUM, CFG, CI, MCO, ITW, HPQ, WSM, FITB, FDX, WAT, LEN, OXY, MET, ROP, TTWO, FOXA, F, DGX, CBRE, DRI, FSLR, TPR, UPS, PAYX, CCI, AKAM, WEC, CMG, ADM, RMD, DOV, CHTR, SRE, EME, HAL, ULTA, TRGP, SPG, PSA, FFIV, FAST, CNC, DAL, ZBH, NRG, XYL, VMC, KDP, DTE, EQT, UAL, IDXX, PYPL, EXE, IBKR, WRB, VTR, CBOE, CVNA, WST, AFL, LULU, O, NUE, KHC, AWK, PEG, TECH, IT, FLEX, HSY, STZ, FDS, BG, JKHY, HIG, ZTS, RF, TSCO, LYB, NDAQ, GRMN, LH, JBL, PCG, EFX, STLD, HUBB, D, SW, CHRW, VRSK, IP, EXC, FICO, EXR, GEHC, NVR, PODD, SYF, TYL, FDXF, RL, APA, CCL, EIX, ARES, FISV, ECHO, WAB, DECK, ROL, GIS, DOW, CMS, ATO, PTC, CF, RJF, DPZ, XYZ, COO, NTRS, LUV, EXPD, VRSN, ED, ALB, TKO, EL, GPN, CHD, ZBRA, CDW, EVRG, HST, PFG, INCY, TROW, AEE, LII, IRM, MAS, ALLE, CPRT, PRU, NI, PPG, Q, PPL, DVA, STE, TDY, OMC, LVS, FIS, DD, FE, SBAC, BLDR, CLX, TSN, UDR, GEN, PHM, GDDY, BRO, SJM, UHS, INVH, TXT, BR, LDOS, BIIB, CSGP, BAX, APTV, ES, MOS, EG, FTV, SWK, PNR, CPAY, MKC, IFF, WY, AMCR, MAA, GPC, ALGN, AVY, VICI, LNT, KIM, TAP, PSKY, TRMB, WTW, TPL, IVZ, TTD, VLTO, PKG, CINF, HSIC, L, HII, AIZ, NCLH, NDSN, SNA, ESS, BALL, ARE, WYNN, IEX, HAS, VTRS, AES, NWSA, REG, DOC, CPT, J
2026-09-18 13:30:36,861 | SCANNER: new watchlist -> NVDA, MU, SNDK, TSLA, META, AMD, AAPL, INTC, MSFT, AVGO, GOOGL, AMZN, DELL, GOOG, ORCL, PLTR, LITE, MRVL, CRWD, TMO, STX, CRM, GS, JPM, PANW, BAC, WDC, GEV, V, HOOD, LRCX, AMAT, BRK.B, LLY, COIN, COST, QCOM, XOM, CAT, NFLX, WMT, MS, TXN, C, CVX, JNJ, ABBV, GE, MA, FANG, COHR, VLO, CSCO, PG, TJX, BA, UNH, NOW, WFC, MPC, AON, MRNA, MRK, DHR, HONA, AZO, APP, ADI, AMGN, VRT, HD, GLW, ETN, SCHW, MDT, IBM, SMCI, KLAC, DE, HPE, GILD, COF, MCK, SYK, KO, ABT, HON, AXP, BKNG, ANET, NXPI, LIN, NEE, MCD, DIS, CMI, PEP, VZ, HWM, TMUS, ADBE, COP, BNY, ADP, UBER, PSX, BLK, ACN, NKE, PM, ISRG, SWKS, INTU, HCA, MPWR, RTX, CIEN, EQIX, ELV, HBAN, UNP, ON, TER, USB, BSX, HLT, EXPE, T, AXON, PH, WMB, MMM, DDOG, PGR, SPGI, BMY, TT, MSI, TRV, TDG, SHW, EBAY, ORLY, MRSH, PNC, JCI, KVUE, MAR, FTNT, WELL, LOW, URI, ROST, KR, APH, XEL, IQV, TGT, SLB, ACGL, SYY, CDNS, DASH, CB, VMRK, SNPS, CAH, SO, CL, TEL, REGN, GM, MLM, KEY, AMT, SBUX, CEG, CTVA, KEYS, RVTY, ADSK, AEP, JBHT, ICE, CRH, WDAY, EOG, IR, PFE, NOC, CME, PWR, CSX, MCHP, PLD, NEM, CARR, CVS, ABNB, WM, RSG, FCX, DLTR, VRTX, MTD, DUK, TFC, GNRC, OTIS, BKR, FERG, STT, ALL, BDX, CTAS, AMP, GWW, CMCSA, LMT, MSCI, DLR, GD, RDDT, APO, AJG, AME, DHI, WBD, CASY, KMB, EW, ROK, APD, LHX, DVN, HUM, EMR, OKE, MDLZ, KKR, MO, NSC, A, COR, MTB, KMI, CNP, RCL, DG, ETR, BX, NTAP, PCAR, MNST, LYV, BBY, ODFL, AIG, FIX, VEEV, CTSH, DXCM, CRL, ECL, VST, YUM, CFG, CI, MCO, ITW, HPQ, WSM, FITB, FDX, WAT, LEN, OXY, MET, ROP, TTWO, FOXA, F, DGX, CBRE, DRI, FSLR, TPR, UPS, PAYX, CCI, AKAM, WEC, CMG, ADM, RMD, DOV, CHTR, SRE, EME, HAL, ULTA, TRGP, SPG, PSA, FFIV, FAST, CNC, DAL, ZBH, NRG, XYL, VMC, KDP, DTE, EQT, UAL, IDXX, PYPL, EXE, IBKR, WRB, VTR, CBOE, CVNA, WST, AFL, LULU, O, NUE, KHC, AWK, PEG, TECH, IT, FLEX, HSY, STZ, FDS, BG, JKHY, HIG, ZTS, RF, TSCO, LYB, NDAQ, GRMN, LH, JBL, PCG, EFX, STLD, HUBB, D, SW, CHRW, VRSK, IP, EXC, FICO, EXR, GEHC, NVR, PODD, SYF, TYL, FDXF, RL, APA, CCL, EIX, ARES, FISV, ECHO, WAB, DECK, ROL, GIS, DOW, CMS, ATO, PTC, CF, RJF, DPZ, XYZ, COO, NTRS, LUV, EXPD, VRSN, ED, ALB, TKO, EL, GPN, CHD, ZBRA, CDW, EVRG, HST, PFG, INCY, TROW, AEE, LII, IRM, MAS, ALLE, CPRT, PRU, NI, PPG, Q, PPL, DVA, STE, TDY, OMC, LVS, FIS, DD, FE, SBAC, BLDR, CLX, TSN, UDR, GEN, PHM, GDDY, BRO, SJM, UHS, INVH, TXT, BR, LDOS, BIIB, CSGP, BAX, APTV, ES, MOS, EG, FTV, SWK, PNR, CPAY, MKC, IFF, WY, AMCR, MAA, GPC, ALGN, AVY, VICI, LNT, KIM, TAP, PSKY, TRMB, WTW, TPL, IVZ, TTD, VLTO, PKG, CINF, HSIC, L, HII, AIZ, NCLH, NDSN, SNA, ESS, BALL, ARE, WYNN, IEX, HAS, VTRS, AES, NWSA, REG, DOC, CPT, J
2026-09-18 13:30:36,966 | Market is open (closes 2026-09-18 22:00:00 CEST your local time). Checking 490 symbols: A, AAPL, ABBV, ABNB, ABT, ACGL, ACN, ADBE, ADI, ADM, ADP, ADSK, AEE, AEP, AES, AFL, AIG, AIZ, AJG, AKAM, ALB, ALGN, ALL, ALLE, AMAT, AMCR, AMD, AME, AMGN, AMP, AMT, AMZN, ANET, AON, APA, APD, APH, APO, APP, APTV, ARE, ARES, ATO, AVGO, AVY, AWK, AXON, AXP, AZO, BA, BAC, BALL, BAX, BBY, BDX, BG, BIIB, BKNG, BKR, BLDR, BLK, BMY, BNY, BR, BRK.B, BRO, BSX, BX, C, CAH, CARR, CASY, CAT, CB, CBOE, CBRE, CCI, CCL, CDNS, CDW, CEG, CF, CFG, CHD, CHRW, CHTR, CI, CIEN, CINF, CL, CLX, CMCSA, CME, CMG, CMI, CMS, CNC, CNP, COF, COHR, COIN, COO, COP, COR, COST, CPAY, CPRT, CPT, CRH, CRL, CRM, CRWD, CSCO, CSGP, CSX, CTAS, CTSH, CTVA, CVNA, CVS, CVX, D, DAL, DASH, DD, DDOG, DE, DECK, DELL, DG, DGX, DHI, DHR, DIS, DLR, DLTR, DOC, DOV, DOW, DPZ, DRI, DTE, DUK, DVA, DVN, DXCM, EBAY, ECHO, ECL, ED, EFX, EG, EIX, EL, ELV, EME, EMR, EOG, EQIX, EQT, ES, ESS, ETN, ETR, EVRG, EW, EXC, EXE, EXPD, EXPE, EXR, F, FANG, FAST, FCX, FDS, FDX, FDXF, FE, FERG, FFIV, FICO, FIS, FISV, FITB, FIX, FLEX, FOXA, FSLR, FTNT, FTV, GD, GDDY, GE, GEHC, GEN, GEV, GILD, GIS, GLW, GM, GNRC, GOOG, GOOGL, GPC, GPN, GRMN, GS, GWW, HAL, HAS, HBAN, HCA, HD, HIG, HII, HLT, HON, HONA, HOOD, HPE, HPQ, HSIC, HST, HSY, HUBB, HUM, HWM, IBKR, IBM, ICE, IDXX, IEX, IFF, INCY, INTC, INTU, INVH, IP, IQV, IR, IRM, ISRG, IT, ITW, IVZ, J, JBHT, JBL, JCI, JKHY, JNJ, JPM, KDP, KEY, KEYS, KHC, KIM, KKR, KLAC, KMB, KMI, KO, KR, KVUE, L, LDOS, LEN, LH, LHX, LII, LIN, LITE, LLY, LMT, LNT, LOW, LRCX, LULU, LUV, LVS, LYB, LYV, MA, MAA, MAR, MAS, MCD, MCHP, MCK, MCO, MDLZ, MDT, MET, META, MKC, MLM, MMM, MNST, MO, MOS, MPC, MPWR, MRK, MRNA, MRSH, MRVL, MS, MSCI, MSFT, MSI, MTB, MTD, MU, NCLH, NDAQ, NDSN, NEE, NEM, NFLX, NI, NKE, NOC, NOW, NRG, NSC, NTAP, NTRS, NUE, NVDA, NVR, NWSA, NXPI, O, ODFL, OKE, OMC, ON, ORCL, ORLY, OTIS, OXY, PANW, PAYX, PCAR, PCG, PEG, PEP, PFE, PFG, PG, PGR, PH, PHM, PKG, PLD, PLTR, PM, PNC, PNR, PODD, PPG, PPL, PRU, PSA, PSKY, PSX, PTC, PWR, PYPL, Q, QCOM, RCL, RDDT, REG, REGN, RF, RJF, RL, RMD, ROK, ROL, ROP, ROST, RSG, RTX, RVTY, SBAC, SBUX, SCHW, SHW, SJM, SLB, SMCI, SNA, SNDK, SNPS, SO, SPG, SPGI, SRE, STE, STLD, STT, STX, STZ, SW, SWK, SWKS, SYF, SYK, SYY, T, TAP, TDG, TDY, TECH, TEL, TER, TFC, TGT, TJX, TKO, TMO, TMUS, TPL, TPR, TRGP, TRMB, TROW, TRV, TSCO, TSLA, TSN, TT, TTD, TTWO, TXN, TXT, TYL, UAL, UBER, UDR, UHS, ULTA, UNH, UNP, UPS, URI, USB, V, VEEV, VICI, VLO, VLTO, VMC, VMRK, VRSK, VRSN, VRT, VRTX, VST, VTR, VTRS, VZ, WAB, WAT, WBD, WDAY, WDC, WEC, WELL, WFC, WM, WMB, WMT, WRB, WSM, WST, WTW, WY, WYNN, XEL, XOM, XYL, XYZ, YUM, ZBH, ZBRA, ZTS
2026-09-18 13:31:27,587 | [A] trending (ADX 36.5) -> trend-following strategy | Signal: HOLD | Shares held: 0.0 | Last price: $156.35
2026-09-18 13:31:27,587 | [A] ACTION: No trade.
2026-09-18 13:31:27,608 | [AAPL] trending (ADX 36.3) -> trend-following strategy | Signal: HOLD | Shares held: 0.0 | Last price: $337.09
2026-09-18 13:31:27,608 | [AAPL] ACTION: No trade.
2026-09-18 13:31:27,628 | [ABBV] choppy/sideways (ADX 15.3) -> mean-reversion strategy | Signal: HOLD | Shares held: 0.0 | Last price: $264.00
2026-09-18 13:31:27,628 | [ABBV] ACTION: No trade.
2026-09-18 13:31:27,693 | [ABNB] trending (ADX 25.9) -> trend-following strategy | Signal: HOLD | Shares held: 0.0 | Last price: $165.92
2026-09-18 13:31:27,693 | [ABNB] ACTION: No trade.
2026-09-18 13:31:27,713 | [ABT] trending (ADX 28.6) -> trend-following strategy | Signal: HOLD | Shares held: 0.0 | Last price: $102.23
2026-09-18 13:31:27,713 | [ABT] ACTION: No trade.
2026-09-18 13:31:27,780 | [ACGL] choppy/sideways (ADX 12.9) -> mean-reversion strategy | Signal: HOLD | Shares held: 0.0 | Last price: $96.70
2026-09-18 13:31:27,780 | [ACGL] ACTION: No trade.
2026-09-18 13:31:27,844 | [ACN] choppy/sideways (ADX 14.9) -> mean-reversion strategy | Signal: HOLD | Shares held: 0.0 | Last price: $190.26
2026-09-18 13:31:27,844 | [ACN] ACTION: No trade.
2026-09-18 13:31:27,864 | [ADBE] choppy/sideways (ADX 19.9) -> mean-reversion strategy | Signal: HOLD | Shares held: 0.0 | Last price: $252.63
2026-09-18 13:31:27,864 | [ADBE] ACTION: No trade.
2026-09-18 13:31:27,929 | [ADI] choppy/sideways (ADX 12.2) -> mean-reversion strategy | Signal: HOLD | Shares held: 0.0 | Last price: $362.58
2026-09-18 13:31:27,929 | [ADI] ACTION: No trade.
2026-09-18 13:31:27,998 | [ADM] trending (ADX 31.4) -> trend-following strategy | Signal: HOLD | Shares held: 0.0 | Last price: $88.08
2026-09-18 13:31:27,998 | [ADM] ACTION: No trade.
2026-09-18 13:31:28,063 | [ADP] trending (ADX 33.7) -> trend-following strategy | Signal: HOLD | Shares held: 0.0 | Last price: $272.19
2026-09-18 13:31:28,063 | [ADP] ACTION: No trade.
2026-09-18 13:31:28,138 | [ADSK] trending (ADX 28.5) -> trend-following strategy | Signal: HOLD | Shares held: 0.0 | Last price: $218.66
2026-09-18 13:31:28,138 | [ADSK] ACTION: No trade.
2026-09-18 13:31:28,202 | [AEE] choppy/sideways (ADX 11.3) -> mean-reversion strategy | Signal: HOLD | Shares held: 0.0 | Last price: $103.90
2026-09-18 13:31:28,202 | [AEE] ACTION: No trade.
2026-09-18 13:31:28,267 | [AEP] choppy/sideways (ADX 12.7) -> mean-reversion strategy | Signal: HOLD | Shares held: 0.0 | Last price: $121.58
2026-09-18 13:31:28,267 | [AEP] ACTION: No trade.
2026-09-18 13:31:28,332 | [AES] trending (ADX 68.1) -> trend-following strategy | Signal: HOLD | Shares held: 0.0 | Last price: $14.87
2026-09-18 13:31:28,332 | [AES] ACTION: No trade.
2026-09-18 13:31:28,396 | [AFL] choppy/sideways (ADX 20.5) -> mean-reversion strategy | Signal: HOLD | Shares held: 0.0 | Last price: $116.59
2026-09-18 13:31:28,397 | [AFL] ACTION: No trade.
2026-09-18 13:31:28,461 | [AIG] choppy/sideways (ADX 13.1) -> mean-reversion strategy | Signal: HOLD | Shares held: 0.0 | Last price: $75.69
2026-09-18 13:31:28,461 | [AIG] ACTION: No trade.
2026-09-18 13:31:28,525 | [AIZ] choppy/sideways (ADX 20.7) -> mean-reversion strategy | Signal: HOLD | Shares held: 0.0 | Last price: $283.77
2026-09-18 13:31:28,525 | [AIZ] ACTION: No trade.
2026-09-18 13:31:28,590 | [AJG] choppy/sideways (ADX 16.3) -> mean-reversion strategy | Signal: HOLD | Shares held: 0.0 | Last price: $241.55
2026-09-18 13:31:28,590 | [AJG] ACTION: No trade.
2026-09-18 13:31:28,655 | [AKAM] choppy/sideways (ADX 20.5) -> mean-reversion strategy | Signal: HOLD | Shares held: 0.0 | Last price: $107.07
2026-09-18 13:31:28,655 | [AKAM] ACTION: No trade.
2026-09-18 13:31:28,720 | [ALB] trending (ADX 39.1) -> trend-following strategy | Signal: HOLD | Shares held: 0.0 | Last price: $115.06
2026-09-18 13:31:28,720 | [ALB] ACTION: No trade.
2026-09-18 13:31:28,788 | [ALGN] choppy/sideways (ADX 21.4) -> mean-reversion strategy | Signal: HOLD | Shares held: 0.0 | Last price: $149.72
2026-09-18 13:31:28,788 | [ALGN] ACTION: No trade.
2026-09-18 13:31:28,853 | [ALL] trending (ADX 33.2) -> trend-following strategy | Signal: HOLD | Shares held: 0.0 | Last price: $252.19
2026-09-18 13:31:28,853 | [ALL] ACTION: No trade.
2026-09-18 13:31:28,918 | [ALLE] choppy/sideways (ADX 18.1) -> mean-reversion strategy | Signal: HOLD | Shares held: 0.0 | Last price: $153.60
2026-09-18 13:31:28,918 | [ALLE] ACTION: No trade.
2026-09-18 13:31:28,938 | [AMAT] choppy/sideways (ADX 17.6) -> mean-reversion strategy | Signal: HOLD | Shares held: 0.0 | Last price: $417.27
2026-09-18 13:31:28,938 | [AMAT] ACTION: No trade.
2026-09-18 13:31:29,007 | [AMCR] choppy/sideways (ADX 17.4) -> mean-reversion strategy | Signal: HOLD | Shares held: 0.0 | Last price: $42.38
2026-09-18 13:31:29,007 | [AMCR] ACTION: No trade.
2026-09-18 13:31:29,027 | [AMD] trending (ADX 43.3) -> trend-following strategy | Signal: HOLD | Shares held: 0.0 | Last price: $544.78
2026-09-18 13:31:29,027 | [AMD] ACTION: No trade.
2026-09-18 13:31:29,097 | [AME] choppy/sideways (ADX 9.0) -> mean-reversion strategy | Signal: HOLD | Shares held: 0.0 | Last price: $234.31
2026-09-18 13:31:29,097 | [AME] ACTION: No trade.
2026-09-18 13:31:29,161 | [AMGN] choppy/sideways (ADX 19.0) -> mean-reversion strategy | Signal: HOLD | Shares held: 0.0 | Last price: $379.76
2026-09-18 13:31:29,162 | [AMGN] ACTION: No trade.
2026-09-18 13:31:29,227 | [AMP] choppy/sideways (ADX 12.0) -> mean-reversion strategy | Signal: HOLD | Shares held: 0.0 | Last price: $545.98
2026-09-18 13:31:29,227 | [AMP] ACTION: No trade.
2026-09-18 13:31:29,291 | [AMT] trending (ADX 28.6) -> trend-following strategy | Signal: HOLD | Shares held: 0.0 | Last price: $175.65
2026-09-18 13:31:29,291 | [AMT] ACTION: No trade.
2026-09-18 13:31:29,311 | [AMZN] trending (ADX 25.0) -> trend-following strategy | Signal: HOLD | Shares held: 0.0 | Last price: $251.18
2026-09-18 13:31:29,311 | [AMZN] ACTION: No trade.
2026-09-18 13:31:29,376 | [ANET] choppy/sideways (ADX 19.2) -> mean-reversion strategy | Signal: HOLD | Shares held: 0.0 | Last price: $199.55
2026-09-18 13:31:29,377 | [ANET] ACTION: No trade.
2026-09-18 13:31:29,442 | [AON] choppy/sideways (ADX 16.1) -> mean-reversion strategy | Signal: HOLD | Shares held: 0.0 | Last price: $296.18
2026-09-18 13:31:29,443 | [AON] ACTION: No trade.
2026-09-18 13:31:29,507 | [APA] choppy/sideways (ADX 15.2) -> mean-reversion strategy | Signal: HOLD | Shares held: 0.0 | Last price: $45.46
2026-09-18 13:31:29,507 | [APA] ACTION: No trade.
2026-09-18 13:31:29,573 | [APD] choppy/sideways (ADX 11.6) -> mean-reversion strategy | Signal: HOLD | Shares held: 0.0 | Last price: $286.16
2026-09-18 13:31:29,573 | [APD] ACTION: No trade.
2026-09-18 13:31:29,638 | [APH] trending (ADX 26.5) -> trend-following strategy | Signal: HOLD | Shares held: 0.0 | Last price: $78.36
2026-09-18 13:31:29,638 | [APH] ACTION: No trade.
2026-09-18 13:31:29,702 | [APO] choppy/sideways (ADX 13.0) -> mean-reversion strategy | Signal: HOLD | Shares held: 0.0 | Last price: $126.01
2026-09-18 13:31:29,703 | [APO] ACTION: No trade.
2026-09-18 13:31:29,767 | [APP] choppy/sideways (ADX 11.5) -> mean-reversion strategy | Signal: HOLD | Shares held: 0.0 | Last price: $321.54
2026-09-18 13:31:29,767 | [APP] ACTION: No trade.
2026-09-18 13:31:29,832 | [APTV] choppy/sideways (ADX 19.5) -> mean-reversion strategy | Signal: HOLD | Shares held: 0.0 | Last price: $43.62
2026-09-18 13:31:29,832 | [APTV] ACTION: No trade.
2026-09-18 13:31:29,897 | [ARE] trending (ADX 36.1) -> trend-following strategy | Signal: HOLD | Shares held: 0.0 | Last price: $56.34
2026-09-18 13:31:29,897 | [ARE] ACTION: No trade.
2026-09-18 13:31:29,961 | [ARES] choppy/sideways (ADX 15.5) -> mean-reversion strategy | Signal: HOLD | Shares held: 0.0 | Last price: $125.31
2026-09-18 13:31:29,961 | [ARES] ACTION: No trade.
2026-09-18 13:31:30,026 | [ATO] choppy/sideways (ADX 15.1) -> mean-reversion strategy | Signal: HOLD | Shares held: 0.0 | Last price: $161.92
2026-09-18 13:31:30,026 | [ATO] ACTION: No trade.
2026-09-18 13:31:30,047 | [AVGO] trending (ADX 35.8) -> trend-following strategy | Signal: HOLD | Shares held: 0.0 | Last price: $347.28
2026-09-18 13:31:30,047 | [AVGO] ACTION: No trade.
2026-09-18 13:31:30,111 | [AVY] choppy/sideways (ADX 16.0) -> mean-reversion strategy | Signal: HOLD | Shares held: 0.0 | Last price: $171.00
2026-09-18 13:31:30,111 | [AVY] ACTION: No trade.
2026-09-18 13:31:30,178 | [AWK] choppy/sideways (ADX 22.7) -> mean-reversion strategy | Signal: HOLD | Shares held: 0.0 | Last price: $138.23
2026-09-18 13:31:30,178 | [AWK] ACTION: No trade.
2026-09-18 13:31:30,251 | [AXON] choppy/sideways (ADX 16.4) -> mean-reversion strategy | Signal: HOLD | Shares held: 0.0 | Last price: $453.18
2026-09-18 13:31:30,251 | [AXON] ACTION: No trade.
2026-09-18 13:31:30,271 | [AXP] choppy/sideways (ADX 19.1) -> mean-reversion strategy | Signal: HOLD | Shares held: 0.0 | Last price: $311.48
2026-09-18 13:31:30,271 | [AXP] ACTION: No trade.
2026-09-18 13:31:30,336 | [AZO] choppy/sideways (ADX 20.7) -> mean-reversion strategy | Signal: HOLD | Shares held: 0.0 | Last price: $2844.46
2026-09-18 13:31:30,336 | [AZO] ACTION: No trade.
2026-09-18 13:31:30,357 | [BA] trending (ADX 31.7) -> trend-following strategy | Signal: HOLD | Shares held: 0.0 | Last price: $197.08
2026-09-18 13:31:30,357 | [BA] ACTION: No trade.
2026-09-18 13:31:30,377 | [BAC] choppy/sideways (ADX 10.2) -> mean-reversion strategy | Signal: HOLD | Shares held: 0.0 | Last price: $58.16
2026-09-18 13:31:30,377 | [BAC] ACTION: No trade.
2026-09-18 13:31:30,454 | [BALL] choppy/sideways (ADX 9.1) -> mean-reversion strategy | Signal: HOLD | Shares held: 0.0 | Last price: $60.75
2026-09-18 13:31:30,454 | [BALL] ACTION: No trade.
2026-09-18 13:31:30,519 | [BAX] choppy/sideways (ADX 12.2) -> mean-reversion strategy | Signal: HOLD | Shares held: 0.0 | Last price: $23.02
2026-09-18 13:31:30,519 | [BAX] ACTION: No trade.
2026-09-18 13:31:30,584 | [BBY] choppy/sideways (ADX 16.7) -> mean-reversion strategy | Signal: HOLD | Shares held: 0.0 | Last price: $94.55
2026-09-18 13:31:30,584 | [BBY] ACTION: No trade.
2026-09-18 13:31:30,650 | [BDX] trending (ADX 28.3) -> trend-following strategy | Signal: HOLD | Shares held: 0.0 | Last price: $181.35
2026-09-18 13:31:30,650 | [BDX] ACTION: No trade.
2026-09-18 13:31:30,718 | [BG] choppy/sideways (ADX 16.5) -> mean-reversion strategy | Signal: HOLD | Shares held: 0.0 | Last price: $119.29
2026-09-18 13:31:30,718 | [BG] ACTION: No trade.
2026-09-18 13:31:30,782 | [BIIB] choppy/sideways (ADX 20.2) -> mean-reversion strategy | Signal: HOLD | Shares held: 0.0 | Last price: $219.04
2026-09-18 13:31:30,782 | [BIIB] ACTION: No trade.
2026-09-18 13:31:30,802 | [BKNG] trending (ADX 26.0) -> trend-following strategy | Signal: HOLD | Shares held: 0.0 | Last price: $170.59
2026-09-18 13:31:30,802 | [BKNG] ACTION: No trade.
2026-09-18 13:31:30,868 | [BKR] choppy/sideways (ADX 11.9) -> mean-reversion strategy | Signal: HOLD | Shares held: 0.0 | Last price: $56.57
2026-09-18 13:31:30,868 | [BKR] ACTION: No trade.
2026-09-18 13:31:30,933 | [BLDR] choppy/sideways (ADX 16.7) -> mean-reversion strategy | Signal: HOLD | Shares held: 0.0 | Last price: $57.68
2026-09-18 13:31:30,933 | [BLDR] ACTION: No trade.
2026-09-18 13:31:31,000 | [BLK] choppy/sideways (ADX 16.5) -> mean-reversion strategy | Signal: HOLD | Shares held: 0.0 | Last price: $1053.96
2026-09-18 13:31:31,000 | [BLK] ACTION: No trade.
2026-09-18 13:31:31,066 | [BMY] choppy/sideways (ADX 22.8) -> mean-reversion strategy | Signal: HOLD | Shares held: 0.0 | Last price: $62.83
2026-09-18 13:31:31,066 | [BMY] ACTION: No trade.
2026-09-18 13:31:31,131 | [BNY] choppy/sideways (ADX 11.2) -> mean-reversion strategy | Signal: HOLD | Shares held: 0.0 | Last price: $153.03
2026-09-18 13:31:31,131 | [BNY] ACTION: No trade.
2026-09-18 13:31:31,196 | [BR] trending (ADX 53.1) -> trend-following strategy | Signal: HOLD | Shares held: 0.0 | Last price: $164.27
2026-09-18 13:31:31,196 | [BR] ACTION: No trade.
2026-09-18 13:31:31,264 | [BRK.B] trending (ADX 36.3) -> trend-following strategy | Signal: HOLD | Shares held: 0.0 | Last price: $509.14
2026-09-18 13:31:31,264 | [BRK.B] ACTION: No trade.
2026-09-18 13:31:31,329 | [BRO] choppy/sideways (ADX 16.6) -> mean-reversion strategy | Signal: HOLD | Shares held: 0.0 | Last price: $65.11
2026-09-18 13:31:31,329 | [BRO] ACTION: No trade.
2026-09-18 13:31:31,415 | [BSX] choppy/sideways (ADX 22.8) -> mean-reversion strategy | Signal: HOLD | Shares held: 0.0 | Last price: $43.56
2026-09-18 13:31:31,415 | [BSX] ACTION: No trade.
2026-09-18 13:31:31,480 | [BX] choppy/sideways (ADX 11.4) -> mean-reversion strategy | Signal: HOLD | Shares held: 0.0 | Last price: $125.42
2026-09-18 13:31:31,480 | [BX] ACTION: No trade.
2026-09-18 13:31:31,500 | [C] choppy/sideways (ADX 9.8) -> mean-reversion strategy | Signal: HOLD | Shares held: 0.0 | Last price: $132.70
2026-09-18 13:31:31,500 | [C] ACTION: No trade.
2026-09-18 13:31:31,564 | [CAH] trending (ADX 42.0) -> trend-following strategy | Signal: HOLD | Shares held: 0.0 | Last price: $226.31
2026-09-18 13:31:31,564 | [CAH] ACTION: No trade.
2026-09-18 13:31:31,633 | [CARR] choppy/sideways (ADX 8.6) -> mean-reversion strategy | Signal: HOLD | Shares held: 0.0 | Last price: $54.38
2026-09-18 13:31:31,633 | [CARR] ACTION: No trade.
2026-09-18 13:31:31,698 | [CASY] trending (ADX 35.3) -> trend-following strategy | Signal: HOLD | Shares held: 0.0 | Last price: $607.63
2026-09-18 13:31:31,699 | [CASY] ACTION: No trade.
2026-09-18 13:31:31,719 | [CAT] choppy/sideways (ADX 19.2) -> mean-reversion strategy | Signal: HOLD | Shares held: 0.0 | Last price: $798.68
2026-09-18 13:31:31,719 | [CAT] ACTION: No trade.
2026-09-18 13:31:31,786 | [CB] choppy/sideways (ADX 16.1) -> mean-reversion strategy | Signal: HOLD | Shares held: 0.0 | Last price: $341.93
2026-09-18 13:31:31,786 | [CB] ACTION: No trade.
2026-09-18 13:31:31,856 | [CBOE] choppy/sideways (ADX 14.0) -> mean-reversion strategy | Signal: HOLD | Shares held: 0.0 | Last price: $266.55
2026-09-18 13:31:31,856 | [CBOE] ACTION: No trade.
2026-09-18 13:31:31,920 | [CBRE] choppy/sideways (ADX 15.1) -> mean-reversion strategy | Signal: HOLD | Shares held: 0.0 | Last price: $139.27
2026-09-18 13:31:31,920 | [CBRE] ACTION: No trade.
2026-09-18 13:31:31,985 | [CCI] choppy/sideways (ADX 11.7) -> mean-reversion strategy | Signal: HOLD | Shares held: 0.0 | Last price: $73.75
2026-09-18 13:31:31,985 | [CCI] ACTION: No trade.
2026-09-18 13:31:32,052 | [CCL] choppy/sideways (ADX 14.2) -> mean-reversion strategy | Signal: HOLD | Shares held: 0.0 | Last price: $22.18
2026-09-18 13:31:32,052 | [CCL] ACTION: No trade.
2026-09-18 13:31:32,117 | [CDNS] choppy/sideways (ADX 17.5) -> mean-reversion strategy | Signal: HOLD | Shares held: 0.0 | Last price: $280.78
2026-09-18 13:31:32,117 | [CDNS] ACTION: No trade.
2026-09-18 13:31:32,184 | [CDW] choppy/sideways (ADX 15.4) -> mean-reversion strategy | Signal: HOLD | Shares held: 0.0 | Last price: $149.25
2026-09-18 13:31:32,184 | [CDW] ACTION: No trade.
2026-09-18 13:31:32,249 | [CEG] choppy/sideways (ADX 16.4) -> mean-reversion strategy | Signal: HOLD | Shares held: 0.0 | Last price: $262.69
2026-09-18 13:31:32,250 | [CEG] ACTION: No trade.
2026-09-18 13:31:32,318 | [CF] choppy/sideways (ADX 16.1) -> mean-reversion strategy | Signal: HOLD | Shares held: 0.0 | Last price: $133.82
2026-09-18 13:31:32,318 | [CF] ACTION: No trade.
2026-09-18 13:31:32,384 | [CFG] choppy/sideways (ADX 11.9) -> mean-reversion strategy | Signal: HOLD | Shares held: 0.0 | Last price: $67.38
2026-09-18 13:31:32,384 | [CFG] ACTION: No trade.
2026-09-18 13:31:32,451 | [CHD] choppy/sideways (ADX 22.7) -> mean-reversion strategy | Signal: HOLD | Shares held: 0.0 | Last price: $95.05
2026-09-18 13:31:32,451 | [CHD] ACTION: No trade.
2026-09-18 13:31:32,516 | [CHRW] choppy/sideways (ADX 21.7) -> mean-reversion strategy | Signal: HOLD | Shares held: 0.0 | Last price: $153.84
2026-09-18 13:31:32,516 | [CHRW] ACTION: No trade.
2026-09-18 13:31:32,581 | [CHTR] trending (ADX 30.1) -> trend-following strategy | Signal: HOLD | Shares held: 0.0 | Last price: $133.49
2026-09-18 13:31:32,581 | [CHTR] ACTION: No trade.
2026-09-18 13:31:32,649 | [CI] trending (ADX 39.1) -> trend-following strategy | Signal: HOLD | Shares held: 0.0 | Last price: $275.93
2026-09-18 13:31:32,649 | [CI] ACTION: No trade.
2026-09-18 13:31:32,715 | [CIEN] trending (ADX 25.1) -> trend-following strategy | Signal: HOLD | Shares held: 0.0 | Last price: $344.38
2026-09-18 13:31:32,715 | [CIEN] ACTION: No trade.
2026-09-18 13:31:32,783 | [CINF] choppy/sideways (ADX 23.1) -> mean-reversion strategy | Signal: HOLD | Shares held: 0.0 | Last price: $169.87
2026-09-18 13:31:32,783 | [CINF] ACTION: No trade.
2026-09-18 13:31:32,846 | [CL] choppy/sideways (ADX 17.2) -> mean-reversion strategy | Signal: HOLD | Shares held: 0.0 | Last price: $87.73
2026-09-18 13:31:32,846 | [CL] ACTION: No trade.
2026-09-18 13:31:32,925 | [CLX] choppy/sideways (ADX 21.6) -> mean-reversion strategy | Signal: HOLD | Shares held: 0.0 | Last price: $85.00
2026-09-18 13:31:32,925 | [CLX] ACTION: No trade.
2026-09-18 13:31:32,991 | [CMCSA] trending (ADX 51.4) -> trend-following strategy | Signal: HOLD | Shares held: 0.0 | Last price: $22.92
2026-09-18 13:31:32,991 | [CMCSA] ACTION: No trade.
2026-09-18 13:31:33,055 | [CME] choppy/sideways (ADX 19.1) -> mean-reversion strategy | Signal: HOLD | Shares held: 0.0 | Last price: $271.19
2026-09-18 13:31:33,055 | [CME] ACTION: No trade.
2026-09-18 13:31:33,120 | [CMG] choppy/sideways (ADX 20.9) -> mean-reversion strategy | Signal: HOLD | Shares held: 0.0 | Last price: $33.50
2026-09-18 13:31:33,120 | [CMG] ACTION: No trade.
2026-09-18 13:31:33,186 | [CMI] choppy/sideways (ADX 10.4) -> mean-reversion strategy | Signal: HOLD | Shares held: 0.0 | Last price: $523.80
2026-09-18 13:31:33,186 | [CMI] ACTION: No trade.
2026-09-18 13:31:33,251 | [CMS] choppy/sideways (ADX 10.5) -> mean-reversion strategy | Signal: HOLD | Shares held: 0.0 | Last price: $66.20
2026-09-18 13:31:33,251 | [CMS] ACTION: No trade.
2026-09-18 13:31:33,317 | [CNC] choppy/sideways (ADX 11.5) -> mean-reversion strategy | Signal: HOLD | Shares held: 0.0 | Last price: $67.10
2026-09-18 13:31:33,317 | [CNC] ACTION: No trade.
2026-09-18 13:31:33,382 | [CNP] choppy/sideways (ADX 24.8) -> mean-reversion strategy | Signal: HOLD | Shares held: 0.0 | Last price: $38.57
2026-09-18 13:31:33,382 | [CNP] ACTION: No trade.
2026-09-18 13:31:33,447 | [COF] choppy/sideways (ADX 12.2) -> mean-reversion strategy | Signal: HOLD | Shares held: 0.0 | Last price: $202.00
2026-09-18 13:31:33,447 | [COF] ACTION: No trade.
2026-09-18 13:31:33,511 | [COHR] choppy/sideways (ADX 17.0) -> mean-reversion strategy | Signal: HOLD | Shares held: 0.0 | Last price: $296.06
2026-09-18 13:31:33,511 | [COHR] ACTION: No trade.
2026-09-18 13:31:33,532 | [COIN] trending (ADX 28.6) -> trend-following strategy | Signal: HOLD | Shares held: 0.0 | Last price: $173.99
2026-09-18 13:31:33,532 | [COIN] ACTION: No trade.
2026-09-18 13:31:33,596 | [COO] choppy/sideways (ADX 21.7) -> mean-reversion strategy | Signal: HOLD | Shares held: 0.0 | Last price: $53.77
2026-09-18 13:31:33,596 | [COO] ACTION: No trade.
2026-09-18 13:31:33,616 | [COP] trending (ADX 26.4) -> trend-following strategy | Signal: HOLD | Shares held: 0.0 | Last price: $133.19
2026-09-18 13:31:33,616 | [COP] ACTION: No trade.
2026-09-18 13:31:33,680 | [COR] trending (ADX 55.1) -> trend-following strategy | Signal: HOLD | Shares held: 0.0 | Last price: $309.30
2026-09-18 13:31:33,680 | [COR] ACTION: No trade.
2026-09-18 13:31:33,701 | [COST] trending (ADX 30.0) -> trend-following strategy | Signal: BUY | Shares held: 0.0 | Last price: $893.93
2026-09-18 13:31:33,701 | [COST] ACTION: No trade (conviction score 1 below CONVICTION_ENTRY_GATE_MIN_SCORE=2 -- gate is ON).
2026-09-18 13:31:33,765 | [CPAY] choppy/sideways (ADX 14.6) -> mean-reversion strategy | Signal: HOLD | Shares held: 0.0 | Last price: $404.26
2026-09-18 13:31:33,766 | [CPAY] ACTION: No trade.
2026-09-18 13:31:33,837 | [CPRT] trending (ADX 29.6) -> trend-following strategy | Signal: HOLD | Shares held: 0.0 | Last price: $29.66
2026-09-18 13:31:33,837 | [CPRT] ACTION: No trade.
2026-09-18 13:31:33,903 | [CPT] trending (ADX 32.5) -> trend-following strategy | Signal: HOLD | Shares held: 0.0 | Last price: $100.93
2026-09-18 13:31:33,903 | [CPT] ACTION: No trade.
2026-09-18 13:31:33,968 | [CRH] choppy/sideways (ADX 16.7) -> mean-reversion strategy | Signal: HOLD | Shares held: 0.0 | Last price: $86.71
2026-09-18 13:31:33,968 | [CRH] ACTION: No trade.
2026-09-18 13:31:34,032 | [CRL] choppy/sideways (ADX 24.7) -> mean-reversion strategy | Signal: HOLD | Shares held: 0.0 | Last price: $281.65
2026-09-18 13:31:34,033 | [CRL] ACTION: No trade.
2026-09-18 13:31:34,053 | [CRM] trending (ADX 34.0) -> trend-following strategy | Signal: HOLD | Shares held: 0.0 | Last price: $243.03
2026-09-18 13:31:34,053 | [CRM] ACTION: No trade.
2026-09-18 13:31:34,118 | [CRWD] choppy/sideways (ADX 6.7) -> mean-reversion strategy | Signal: HOLD | Shares held: 0.0 | Last price: $245.72
2026-09-18 13:31:34,118 | [CRWD] ACTION: No trade.
2026-09-18 13:31:34,138 | [CSCO] choppy/sideways (ADX 12.9) -> mean-reversion strategy | Signal: HOLD | Shares held: 0.0 | Last price: $110.20
2026-09-18 13:31:34,138 | [CSCO] ACTION: No trade.
2026-09-18 13:31:34,209 | [CSGP] trending (ADX 47.7) -> trend-following strategy | Signal: HOLD | Shares held: 0.0 | Last price: $29.30
2026-09-18 13:31:34,209 | [CSGP] ACTION: No trade.
2026-09-18 13:31:34,281 | [CSX] choppy/sideways (ADX 20.7) -> mean-reversion strategy | Signal: HOLD | Shares held: 0.0 | Last price: $47.90
2026-09-18 13:31:34,281 | [CSX] ACTION: No trade.
2026-09-18 13:31:34,347 | [CTAS] choppy/sideways (ADX 22.2) -> mean-reversion strategy | Signal: HOLD | Shares held: 0.0 | Last price: $197.99
2026-09-18 13:31:34,347 | [CTAS] ACTION: No trade.
2026-09-18 13:31:34,415 | [CTSH] trending (ADX 27.2) -> trend-following strategy | Signal: BUY | Shares held: 0.0 | Last price: $61.90
2026-09-18 13:31:34,415 | [CTSH] ACTION: No trade (conviction score 1 below CONVICTION_ENTRY_GATE_MIN_SCORE=2 -- gate is ON).
2026-09-18 13:31:34,481 | [CTVA] choppy/sideways (ADX 16.5) -> mean-reversion strategy | Signal: HOLD | Shares held: 0.0 | Last price: $81.52
2026-09-18 13:31:34,481 | [CTVA] ACTION: No trade.
2026-09-18 13:31:34,546 | [CVNA] choppy/sideways (ADX 16.8) -> mean-reversion strategy | Signal: HOLD | Shares held: 0.0 | Last price: $65.86
2026-09-18 13:31:34,546 | [CVNA] ACTION: No trade.
2026-09-18 13:31:34,610 | [CVS] trending (ADX 29.3) -> trend-following strategy | Signal: HOLD | Shares held: 0.0 | Last price: $90.27
2026-09-18 13:31:34,610 | [CVS] ACTION: No trade.
2026-09-18 13:31:34,631 | [CVX] choppy/sideways (ADX 22.6) -> mean-reversion strategy | Signal: HOLD | Shares held: 0.0 | Last price: $211.57
2026-09-18 13:31:34,631 | [CVX] ACTION: No trade.
2026-09-18 13:31:34,695 | [D] choppy/sideways (ADX 11.7) -> mean-reversion strategy | Signal: HOLD | Shares held: 0.0 | Last price: $64.29
2026-09-18 13:31:34,695 | [D] ACTION: No trade.
2026-09-18 13:31:34,760 | [DAL] choppy/sideways (ADX 20.8) -> mean-reversion strategy | Signal: HOLD | Shares held: 0.0 | Last price: $79.44
2026-09-18 13:31:34,760 | [DAL] ACTION: No trade.
2026-09-18 13:31:34,825 | [DASH] choppy/sideways (ADX 15.0) -> mean-reversion strategy | Signal: HOLD | Shares held: 0.0 | Last price: $194.61
2026-09-18 13:31:34,825 | [DASH] ACTION: No trade.
2026-09-18 13:31:34,890 | [DD] choppy/sideways (ADX 23.0) -> mean-reversion strategy | Signal: HOLD | Shares held: 0.0 | Last price: $128.48
2026-09-18 13:31:34,890 | [DD] ACTION: No trade.
2026-09-18 13:31:34,961 | [DDOG] choppy/sideways (ADX 15.4) -> mean-reversion strategy | Signal: HOLD | Shares held: 0.0 | Last price: $235.97
2026-09-18 13:31:34,961 | [DDOG] ACTION: No trade.
2026-09-18 13:31:35,026 | [DE] trending (ADX 33.9) -> trend-following strategy | Signal: HOLD | Shares held: 0.0 | Last price: $685.70
2026-09-18 13:31:35,026 | [DE] ACTION: No trade.
2026-09-18 13:31:35,092 | [DECK] trending (ADX 34.1) -> trend-following strategy | Signal: HOLD | Shares held: 0.0 | Last price: $79.73
2026-09-18 13:31:35,092 | [DECK] ACTION: No trade.
2026-09-18 13:31:35,157 | [DELL] trending (ADX 34.6) -> trend-following strategy | Signal: HOLD | Shares held: 0.0 | Last price: $588.48
2026-09-18 13:31:35,157 | [DELL] ACTION: No trade.
2026-09-18 13:31:35,242 | [DG] choppy/sideways (ADX 16.1) -> mean-reversion strategy | Signal: HOLD | Shares held: 0.0 | Last price: $124.96
2026-09-18 13:31:35,242 | [DG] ACTION: No trade.
2026-09-18 13:31:35,309 | [DGX] choppy/sideways (ADX 14.0) -> mean-reversion strategy | Signal: HOLD | Shares held: 0.0 | Last price: $247.70
2026-09-18 13:31:35,309 | [DGX] ACTION: No trade.
2026-09-18 13:31:35,373 | [DHI] choppy/sideways (ADX 14.1) -> mean-reversion strategy | Signal: HOLD | Shares held: 0.0 | Last price: $140.38
2026-09-18 13:31:35,374 | [DHI] ACTION: No trade.
2026-09-18 13:31:35,394 | [DHR] trending (ADX 36.0) -> trend-following strategy | Signal: HOLD | Shares held: 0.0 | Last price: $212.51
2026-09-18 13:31:35,394 | [DHR] ACTION: No trade.
2026-09-18 13:31:35,415 | [DIS] choppy/sideways (ADX 23.3) -> mean-reversion strategy | Signal: HOLD | Shares held: 0.0 | Last price: $105.34
2026-09-18 13:31:35,415 | [DIS] ACTION: No trade.
2026-09-18 13:31:35,480 | [DLR] choppy/sideways (ADX 24.1) -> mean-reversion strategy | Signal: HOLD | Shares held: 0.0 | Last price: $184.32
2026-09-18 13:31:35,480 | [DLR] ACTION: No trade.
2026-09-18 13:31:35,547 | [DLTR] choppy/sideways (ADX 15.6) -> mean-reversion strategy | Signal: HOLD | Shares held: 0.0 | Last price: $114.42
2026-09-18 13:31:35,547 | [DLTR] ACTION: No trade.
2026-09-18 13:31:35,612 | [DOC] choppy/sideways (ADX 21.1) -> mean-reversion strategy | Signal: HOLD | Shares held: 0.0 | Last price: $20.50
2026-09-18 13:31:35,612 | [DOC] ACTION: No trade.
2026-09-18 13:31:35,677 | [DOV] choppy/sideways (ADX 18.8) -> mean-reversion strategy | Signal: HOLD | Shares held: 0.0 | Last price: $189.18
2026-09-18 13:31:35,677 | [DOV] ACTION: No trade.
2026-09-18 13:31:35,742 | [DOW] choppy/sideways (ADX 14.7) -> mean-reversion strategy | Signal: HOLD | Shares held: 0.0 | Last price: $29.49
2026-09-18 13:31:35,743 | [DOW] ACTION: No trade.
2026-09-18 13:31:35,807 | [DPZ] trending (ADX 29.8) -> trend-following strategy | Signal: HOLD | Shares held: 0.0 | Last price: $297.55
2026-09-18 13:31:35,807 | [DPZ] ACTION: No trade.
2026-09-18 13:31:35,877 | [DRI] trending (ADX 29.8) -> trend-following strategy | Signal: HOLD | Shares held: 0.0 | Last price: $206.79
2026-09-18 13:31:35,877 | [DRI] ACTION: No trade.
2026-09-18 13:31:35,943 | [DTE] choppy/sideways (ADX 11.9) -> mean-reversion strategy | Signal: HOLD | Shares held: 0.0 | Last price: $130.39
2026-09-18 13:31:35,943 | [DTE] ACTION: No trade.
2026-09-18 13:31:36,007 | [DUK] choppy/sideways (ADX 14.4) -> mean-reversion strategy | Signal: HOLD | Shares held: 0.0 | Last price: $118.55
2026-09-18 13:31:36,007 | [DUK] ACTION: No trade.
2026-09-18 13:31:36,078 | [DVA] trending (ADX 48.1) -> trend-following strategy | Signal: HOLD | Shares held: 0.0 | Last price: $183.09
2026-09-18 13:31:36,078 | [DVA] ACTION: No trade.
2026-09-18 13:31:36,147 | [DVN] trending (ADX 32.3) -> trend-following strategy | Signal: HOLD | Shares held: 0.0 | Last price: $48.71
2026-09-18 13:31:36,147 | [DVN] ACTION: No trade.
2026-09-18 13:31:36,231 | [DXCM] choppy/sideways (ADX 12.1) -> mean-reversion strategy | Signal: HOLD | Shares held: 0.0 | Last price: $87.91
2026-09-18 13:31:36,231 | [DXCM] ACTION: No trade.
2026-09-18 13:31:36,306 | [EBAY] choppy/sideways (ADX 23.9) -> mean-reversion strategy | Signal: HOLD | Shares held: 0.0 | Last price: $112.93
2026-09-18 13:31:36,306 | [EBAY] ACTION: No trade.
2026-09-18 13:31:36,476 | [ECHO] choppy/sideways (ADX 13.7) -> mean-reversion strategy | Signal: HOLD | Shares held: 0.0 | Last price: $94.10
2026-09-18 13:31:36,476 | [ECHO] ACTION: No trade.
2026-09-18 13:31:36,541 | [ECL] choppy/sideways (ADX 12.9) -> mean-reversion strategy | Signal: HOLD | Shares held: 0.0 | Last price: $271.73
2026-09-18 13:31:36,542 | [ECL] ACTION: No trade.
2026-09-18 13:31:36,607 | [ED] choppy/sideways (ADX 24.3) -> mean-reversion strategy | Signal: HOLD | Shares held: 0.0 | Last price: $107.04
2026-09-18 13:31:36,608 | [ED] ACTION: No trade.
2026-09-18 13:31:36,672 | [EFX] trending (ADX 37.9) -> trend-following strategy | Signal: HOLD | Shares held: 0.0 | Last price: $161.20
2026-09-18 13:31:36,673 | [EFX] ACTION: No trade.
2026-09-18 13:31:36,738 | [EG] choppy/sideways (ADX 8.0) -> mean-reversion strategy | Signal: HOLD | Shares held: 0.0 | Last price: $380.16
2026-09-18 13:31:36,738 | [EG] ACTION: No trade.
2026-09-18 13:31:36,802 | [EIX] trending (ADX 32.2) -> trend-following strategy | Signal: HOLD | Shares held: 0.0 | Last price: $55.49
2026-09-18 13:31:36,802 | [EIX] ACTION: No trade.
2026-09-18 13:31:36,867 | [EL] choppy/sideways (ADX 13.5) -> mean-reversion strategy | Signal: HOLD | Shares held: 0.0 | Last price: $93.84
2026-09-18 13:31:36,867 | [EL] ACTION: No trade.
2026-09-18 13:31:36,934 | [ELV] choppy/sideways (ADX 11.5) -> mean-reversion strategy | Signal: HOLD | Shares held: 0.0 | Last price: $414.35
2026-09-18 13:31:36,934 | [ELV] ACTION: No trade.
2026-09-18 13:31:36,998 | [EME] choppy/sideways (ADX 21.3) -> mean-reversion strategy | Signal: HOLD | Shares held: 0.0 | Last price: $729.25
2026-09-18 13:31:36,998 | [EME] ACTION: No trade.
2026-09-18 13:31:37,097 | [EMR] choppy/sideways (ADX 13.7) -> mean-reversion strategy | Signal: HOLD | Shares held: 0.0 | Last price: $147.37
2026-09-18 13:31:37,097 | [EMR] ACTION: No trade.
2026-09-18 13:31:37,163 | [EOG] trending (ADX 25.5) -> trend-following strategy | Signal: HOLD | Shares held: 0.0 | Last price: $145.45
2026-09-18 13:31:37,163 | [EOG] ACTION: No trade.
2026-09-18 13:31:37,229 | [EQIX] choppy/sideways (ADX 21.1) -> mean-reversion strategy | Signal: HOLD | Shares held: 0.0 | Last price: $1026.51
2026-09-18 13:31:37,229 | [EQIX] ACTION: No trade.
2026-09-18 13:31:37,294 | [EQT] choppy/sideways (ADX 23.1) -> mean-reversion strategy | Signal: HOLD | Shares held: 0.0 | Last price: $50.34
2026-09-18 13:31:37,294 | [EQT] ACTION: No trade.
2026-09-18 13:31:37,359 | [ES] choppy/sideways (ADX 24.3) -> mean-reversion strategy | Signal: HOLD | Shares held: 0.0 | Last price: $68.99
2026-09-18 13:31:37,359 | [ES] ACTION: No trade.
2026-09-18 13:31:37,424 | [ESS] choppy/sideways (ADX 20.3) -> mean-reversion strategy | Signal: HOLD | Shares held: 0.0 | Last price: $270.64
2026-09-18 13:31:37,424 | [ESS] ACTION: No trade.
2026-09-18 13:31:37,503 | [ETN] choppy/sideways (ADX 22.0) -> mean-reversion strategy | Signal: HOLD | Shares held: 0.0 | Last price: $409.43
2026-09-18 13:31:37,503 | [ETN] ACTION: No trade.
2026-09-18 13:31:37,567 | [ETR] choppy/sideways (ADX 18.8) -> mean-reversion strategy | Signal: HOLD | Shares held: 0.0 | Last price: $103.29
2026-09-18 13:31:37,568 | [ETR] ACTION: No trade.
2026-09-18 13:31:37,634 | [EVRG] choppy/sideways (ADX 12.9) -> mean-reversion strategy | Signal: HOLD | Shares held: 0.0 | Last price: $80.85
2026-09-18 13:31:37,634 | [EVRG] ACTION: No trade.
2026-09-18 13:31:37,699 | [EW] choppy/sideways (ADX 16.9) -> mean-reversion strategy | Signal: HOLD | Shares held: 0.0 | Last price: $88.23
2026-09-18 13:31:37,699 | [EW] ACTION: No trade.
2026-09-18 13:31:37,764 | [EXC] choppy/sideways (ADX 9.3) -> mean-reversion strategy | Signal: HOLD | Shares held: 0.0 | Last price: $42.62
2026-09-18 13:31:37,764 | [EXC] ACTION: No trade.
2026-09-18 13:31:37,831 | [EXE] trending (ADX 27.5) -> trend-following strategy | Signal: HOLD | Shares held: 0.0 | Last price: $88.32
2026-09-18 13:31:37,831 | [EXE] ACTION: No trade.
2026-09-18 13:31:37,896 | [EXPD] choppy/sideways (ADX 12.2) -> mean-reversion strategy | Signal: HOLD | Shares held: 0.0 | Last price: $189.06
2026-09-18 13:31:37,896 | [EXPD] ACTION: No trade.
2026-09-18 13:31:37,963 | [EXPE] choppy/sideways (ADX 5.4) -> mean-reversion strategy | Signal: HOLD | Shares held: 0.0 | Last price: $284.56
2026-09-18 13:31:37,963 | [EXPE] ACTION: No trade.
2026-09-18 13:31:38,029 | [EXR] choppy/sideways (ADX 23.7) -> mean-reversion strategy | Signal: HOLD | Shares held: 0.0 | Last price: $139.01
2026-09-18 13:31:38,029 | [EXR] ACTION: No trade.
2026-09-18 13:31:38,098 | [F] choppy/sideways (ADX 21.7) -> mean-reversion strategy | Signal: HOLD | Shares held: 0.0 | Last price: $13.60
2026-09-18 13:31:38,098 | [F] ACTION: No trade.
2026-09-18 13:31:38,162 | [FANG] choppy/sideways (ADX 21.0) -> mean-reversion strategy | Signal: HOLD | Shares held: 0.0 | Last price: $196.93
2026-09-18 13:31:38,162 | [FANG] ACTION: No trade.
2026-09-18 13:31:38,227 | [FAST] choppy/sideways (ADX 18.1) -> mean-reversion strategy | Signal: HOLD | Shares held: 0.0 | Last price: $49.19
2026-09-18 13:31:38,227 | [FAST] ACTION: No trade.
2026-09-18 13:31:38,292 | [FCX] choppy/sideways (ADX 19.0) -> mean-reversion strategy | Signal: HOLD | Shares held: 0.0 | Last price: $70.83
2026-09-18 13:31:38,292 | [FCX] ACTION: No trade.
2026-09-18 13:31:38,357 | [FDS] choppy/sideways (ADX 16.6) -> mean-reversion strategy | Signal: HOLD | Shares held: 0.0 | Last price: $278.97
2026-09-18 13:31:38,357 | [FDS] ACTION: No trade.
2026-09-18 13:31:38,427 | [FDX] trending (ADX 25.0) -> trend-following strategy | Signal: HOLD | Shares held: 0.0 | Last price: $305.88
2026-09-18 13:31:38,427 | [FDX] ACTION: No trade.
2026-09-18 13:31:38,493 | [FDXF] choppy/sideways (ADX 18.4) -> mean-reversion strategy | Signal: HOLD | Shares held: 0.0 | Last price: $122.39
2026-09-18 13:31:38,493 | [FDXF] ACTION: No trade.
2026-09-18 13:31:38,560 | [FE] choppy/sideways (ADX 23.3) -> mean-reversion strategy | Signal: HOLD | Shares held: 0.0 | Last price: $45.71
2026-09-18 13:31:38,560 | [FE] ACTION: No trade.
2026-09-18 13:31:38,625 | [FERG] choppy/sideways (ADX 11.2) -> mean-reversion strategy | Signal: HOLD | Shares held: 0.0 | Last price: $214.28
2026-09-18 13:31:38,625 | [FERG] ACTION: No trade.
2026-09-18 13:31:38,691 | [FFIV] choppy/sideways (ADX 21.8) -> mean-reversion strategy | Signal: HOLD | Shares held: 0.0 | Last price: $434.61
2026-09-18 13:31:38,691 | [FFIV] ACTION: No trade.
2026-09-18 13:31:38,759 | [FICO] trending (ADX 31.1) -> trend-following strategy | Signal: HOLD | Shares held: 0.0 | Last price: $966.30
2026-09-18 13:31:38,759 | [FICO] ACTION: No trade.
2026-09-18 13:31:38,824 | [FIS] trending (ADX 27.3) -> trend-following strategy | Signal: HOLD | Shares held: 0.0 | Last price: $36.44
2026-09-18 13:31:38,824 | [FIS] ACTION: No trade.
2026-09-18 13:31:38,890 | [FISV] choppy/sideways (ADX 14.3) -> mean-reversion strategy | Signal: HOLD | Shares held: 0.0 | Last price: $49.28
2026-09-18 13:31:38,890 | [FISV] ACTION: No trade.
2026-09-18 13:31:38,955 | [FITB] choppy/sideways (ADX 12.9) -> mean-reversion strategy | Signal: HOLD | Shares held: 0.0 | Last price: $53.26
2026-09-18 13:31:38,955 | [FITB] ACTION: No trade.
2026-09-18 13:31:39,019 | [FIX] choppy/sideways (ADX 14.6) -> mean-reversion strategy | Signal: HOLD | Shares held: 0.0 | Last price: $1572.72
2026-09-18 13:31:39,019 | [FIX] ACTION: No trade.
2026-09-18 13:31:39,090 | [FLEX] choppy/sideways (ADX 22.0) -> mean-reversion strategy | Signal: HOLD | Shares held: 0.0 | Last price: $109.05
2026-09-18 13:31:39,090 | [FLEX] ACTION: No trade.
2026-09-18 13:31:39,154 | [FOXA] trending (ADX 28.5) -> trend-following strategy | Signal: HOLD | Shares held: 0.0 | Last price: $64.99
2026-09-18 13:31:39,155 | [FOXA] ACTION: No trade.
2026-09-18 13:31:39,224 | [FSLR] trending (ADX 32.1) -> trend-following strategy | Signal: HOLD | Shares held: 0.0 | Last price: $201.20
2026-09-18 13:31:39,224 | [FSLR] ACTION: No trade.
2026-09-18 13:31:39,289 | [FTNT] trending (ADX 27.6) -> trend-following strategy | Signal: HOLD | Shares held: 0.0 | Last price: $172.50
2026-09-18 13:31:39,289 | [FTNT] ACTION: No trade.
2026-09-18 13:31:39,353 | [FTV] choppy/sideways (ADX 16.5) -> mean-reversion strategy | Signal: HOLD | Shares held: 0.0 | Last price: $55.09
2026-09-18 13:31:39,353 | [FTV] ACTION: No trade.
2026-09-18 13:31:39,418 | [GD] choppy/sideways (ADX 18.6) -> mean-reversion strategy | Signal: HOLD | Shares held: 0.0 | Last price: $355.93
2026-09-18 13:31:39,418 | [GD] ACTION: No trade.
2026-09-18 13:31:39,483 | [GDDY] choppy/sideways (ADX 22.4) -> mean-reversion strategy | Signal: HOLD | Shares held: 0.0 | Last price: $98.13
2026-09-18 13:31:39,483 | [GDDY] ACTION: No trade.
2026-09-18 13:31:39,503 | [GE] choppy/sideways (ADX 16.5) -> mean-reversion strategy | Signal: HOLD | Shares held: 0.0 | Last price: $313.65
2026-09-18 13:31:39,503 | [GE] ACTION: No trade.
2026-09-18 13:31:39,568 | [GEHC] trending (ADX 38.9) -> trend-following strategy | Signal: HOLD | Shares held: 0.0 | Last price: $64.45
2026-09-18 13:31:39,568 | [GEHC] ACTION: No trade.
2026-09-18 13:31:39,636 | [GEN] choppy/sideways (ADX 23.5) -> mean-reversion strategy | Signal: HOLD | Shares held: 0.0 | Last price: $30.21
2026-09-18 13:31:39,636 | [GEN] ACTION: No trade.
2026-09-18 13:31:39,749 | [GEV] choppy/sideways (ADX 18.0) -> mean-reversion strategy | Signal: HOLD | Shares held: 0.0 | Last price: $925.32
2026-09-18 13:31:39,749 | [GEV] ACTION: No trade.
2026-09-18 13:31:39,814 | [GILD] choppy/sideways (ADX 21.9) -> mean-reversion strategy | Signal: SELL | Shares held: 0.0 | Last price: $150.87
2026-09-18 13:31:39,814 | [GILD] ACTION: No trade.
2026-09-18 13:31:39,879 | [GIS] choppy/sideways (ADX 11.5) -> mean-reversion strategy | Signal: HOLD | Shares held: 0.0 | Last price: $36.66
2026-09-18 13:31:39,880 | [GIS] ACTION: No trade.
2026-09-18 13:31:39,958 | [GLW] choppy/sideways (ADX 18.4) -> mean-reversion strategy | Signal: HOLD | Shares held: 0.0 | Last price: $147.76
2026-09-18 13:31:39,958 | [GLW] ACTION: No trade.
2026-09-18 13:31:40,023 | [GM] trending (ADX 28.3) -> trend-following strategy | Signal: HOLD | Shares held: 0.0 | Last price: $86.60
2026-09-18 13:31:40,023 | [GM] ACTION: No trade.
2026-09-18 13:31:40,088 | [GNRC] trending (ADX 41.9) -> trend-following strategy | Signal: HOLD | Shares held: 0.0 | Last price: $207.42
2026-09-18 13:31:40,088 | [GNRC] ACTION: No trade.
2026-09-18 13:31:40,109 | [GOOG] choppy/sideways (ADX 17.1) -> mean-reversion strategy | Signal: HOLD | Shares held: 0.0 | Last price: $343.74
2026-09-18 13:31:40,109 | [GOOG] ACTION: No trade.
2026-09-18 13:31:40,129 | [GOOGL] choppy/sideways (ADX 17.5) -> mean-reversion strategy | Signal: HOLD | Shares held: 0.0 | Last price: $347.38
2026-09-18 13:31:40,129 | [GOOGL] ACTION: No trade.
2026-09-18 13:31:40,193 | [GPC] choppy/sideways (ADX 12.8) -> mean-reversion strategy | Signal: HOLD | Shares held: 0.0 | Last price: $130.91
2026-09-18 13:31:40,193 | [GPC] ACTION: No trade.
2026-09-18 13:31:40,260 | [GPN] choppy/sideways (ADX 19.3) -> mean-reversion strategy | Signal: HOLD | Shares held: 0.0 | Last price: $85.42
2026-09-18 13:31:40,260 | [GPN] ACTION: No trade.
2026-09-18 13:31:40,329 | [GRMN] choppy/sideways (ADX 23.8) -> mean-reversion strategy | Signal: HOLD | Shares held: 0.0 | Last price: $275.16
2026-09-18 13:31:40,329 | [GRMN] ACTION: No trade.
2026-09-18 13:31:40,349 | [GS] choppy/sideways (ADX 17.1) -> mean-reversion strategy | Signal: HOLD | Shares held: 0.0 | Last price: $951.06
2026-09-18 13:31:40,349 | [GS] ACTION: No trade.
2026-09-18 13:31:40,414 | [GWW] choppy/sideways (ADX 13.6) -> mean-reversion strategy | Signal: HOLD | Shares held: 0.0 | Last price: $1262.66
2026-09-18 13:31:40,414 | [GWW] ACTION: No trade.
2026-09-18 13:31:40,481 | [HAL] trending (ADX 33.8) -> trend-following strategy | Signal: HOLD | Shares held: 0.0 | Last price: $34.03
2026-09-18 13:31:40,481 | [HAL] ACTION: No trade.
2026-09-18 13:31:40,546 | [HAS] choppy/sideways (ADX 14.2) -> mean-reversion strategy | Signal: HOLD | Shares held: 0.0 | Last price: $88.76
2026-09-18 13:31:40,546 | [HAS] ACTION: No trade.
2026-09-18 13:31:40,610 | [HBAN] choppy/sideways (ADX 23.9) -> mean-reversion strategy | Signal: HOLD | Shares held: 0.0 | Last price: $15.88
2026-09-18 13:31:40,610 | [HBAN] ACTION: No trade.
2026-09-18 13:31:40,677 | [HCA] choppy/sideways (ADX 14.8) -> mean-reversion strategy | Signal: HOLD | Shares held: 0.0 | Last price: $429.03
2026-09-18 13:31:40,677 | [HCA] ACTION: No trade.
2026-09-18 13:31:40,698 | [HD] choppy/sideways (ADX 15.1) -> mean-reversion strategy | Signal: HOLD | Shares held: 0.0 | Last price: $302.57
2026-09-18 13:31:40,698 | [HD] ACTION: No trade.
2026-09-18 13:31:40,763 | [HIG] trending (ADX 30.3) -> trend-following strategy | Signal: HOLD | Shares held: 0.0 | Last price: $133.13
2026-09-18 13:31:40,763 | [HIG] ACTION: No trade.
2026-09-18 13:31:40,830 | [HII] choppy/sideways (ADX 10.3) -> mean-reversion strategy | Signal: HOLD | Shares held: 0.0 | Last price: $277.25
2026-09-18 13:31:40,830 | [HII] ACTION: No trade.
2026-09-18 13:31:40,895 | [HLT] choppy/sideways (ADX 20.6) -> mean-reversion strategy | Signal: HOLD | Shares held: 0.0 | Last price: $302.55
2026-09-18 13:31:40,895 | [HLT] ACTION: No trade.
2026-09-18 13:31:40,917 | [HON] choppy/sideways (ADX 12.1) -> mean-reversion strategy | Signal: HOLD | Shares held: 0.0 | Last price: $206.49
2026-09-18 13:31:40,917 | [HON] ACTION: No trade.
2026-09-18 13:31:40,982 | [HONA] choppy/sideways (ADX 15.3) -> mean-reversion strategy | Signal: HOLD | Shares held: 0.0 | Last price: $167.27
2026-09-18 13:31:40,982 | [HONA] ACTION: No trade.
2026-09-18 13:31:41,046 | [HOOD] trending (ADX 25.5) -> trend-following strategy | Signal: HOLD | Shares held: 0.0 | Last price: $109.82
2026-09-18 13:31:41,046 | [HOOD] ACTION: No trade.
2026-09-18 13:31:41,111 | [HPE] trending (ADX 31.0) -> trend-following strategy | Signal: HOLD | Shares held: 0.0 | Last price: $61.06
2026-09-18 13:31:41,112 | [HPE] ACTION: No trade.
2026-09-18 13:31:41,179 | [HPQ] trending (ADX 41.2) -> trend-following strategy | Signal: HOLD | Shares held: 0.0 | Last price: $34.65
2026-09-18 13:31:41,179 | [HPQ] ACTION: No trade.
2026-09-18 13:31:41,247 | [HSIC] choppy/sideways (ADX 24.5) -> mean-reversion strategy | Signal: HOLD | Shares held: 0.0 | Last price: $85.02
2026-09-18 13:31:41,247 | [HSIC] ACTION: No trade.
2026-09-18 13:31:41,316 | [HST] choppy/sideways (ADX 8.6) -> mean-reversion strategy | Signal: HOLD | Shares held: 0.0 | Last price: $21.91
2026-09-18 13:31:41,316 | [HST] ACTION: No trade.
2026-09-18 13:31:41,383 | [HSY] trending (ADX 25.8) -> trend-following strategy | Signal: HOLD | Shares held: 0.0 | Last price: $168.32
2026-09-18 13:31:41,383 | [HSY] ACTION: No trade.
2026-09-18 13:31:41,451 | [HUBB] choppy/sideways (ADX 22.5) -> mean-reversion strategy | Signal: HOLD | Shares held: 0.0 | Last price: $443.33
2026-09-18 13:31:41,451 | [HUBB] ACTION: No trade.
2026-09-18 13:31:41,516 | [HUM] choppy/sideways (ADX 19.5) -> mean-reversion strategy | Signal: HOLD | Shares held: 0.0 | Last price: $384.76
2026-09-18 13:31:41,516 | [HUM] ACTION: No trade.
2026-09-18 13:31:41,588 | [HWM] choppy/sideways (ADX 14.0) -> mean-reversion strategy | Signal: HOLD | Shares held: 0.0 | Last price: $225.76
2026-09-18 13:31:41,588 | [HWM] ACTION: No trade.
2026-09-18 13:31:41,656 | [IBKR] choppy/sideways (ADX 19.1) -> mean-reversion strategy | Signal: HOLD | Shares held: 0.0 | Last price: $88.39
2026-09-18 13:31:41,656 | [IBKR] ACTION: No trade.
2026-09-18 13:31:41,676 | [IBM] choppy/sideways (ADX 11.9) -> mean-reversion strategy | Signal: HOLD | Shares held: 0.0 | Last price: $237.75
2026-09-18 13:31:41,677 | [IBM] ACTION: No trade.
2026-09-18 13:31:41,742 | [ICE] choppy/sideways (ADX 12.3) -> mean-reversion strategy | Signal: HOLD | Shares held: 0.0 | Last price: $153.33
2026-09-18 13:31:41,742 | [ICE] ACTION: No trade.
2026-09-18 13:31:41,807 | [IDXX] choppy/sideways (ADX 20.3) -> mean-reversion strategy | Signal: HOLD | Shares held: 0.0 | Last price: $506.47
2026-09-18 13:31:41,807 | [IDXX] ACTION: No trade.
2026-09-18 13:31:41,873 | [IEX] choppy/sideways (ADX 10.7) -> mean-reversion strategy | Signal: HOLD | Shares held: 0.0 | Last price: $221.80
2026-09-18 13:31:41,873 | [IEX] ACTION: No trade.
2026-09-18 13:31:41,937 | [IFF] choppy/sideways (ADX 22.7) -> mean-reversion strategy | Signal: HOLD | Shares held: 0.0 | Last price: $84.91
2026-09-18 13:31:41,937 | [IFF] ACTION: No trade.
2026-09-18 13:31:42,010 | [INCY] trending (ADX 28.7) -> trend-following strategy | Signal: HOLD | Shares held: 0.0 | Last price: $127.57
2026-09-18 13:31:42,010 | [INCY] ACTION: No trade.
2026-09-18 13:31:42,032 | [INTC] trending (ADX 47.7) -> trend-following strategy | Signal: HOLD | Shares held: 0.0 | Last price: $108.75
2026-09-18 13:31:42,032 | [INTC] ACTION: No trade.
2026-09-18 13:31:42,098 | [INTU] choppy/sideways (ADX 24.2) -> mean-reversion strategy | Signal: HOLD | Shares held: 0.0 | Last price: $313.29
2026-09-18 13:31:42,098 | [INTU] ACTION: No trade.
2026-09-18 13:31:42,163 | [INVH] trending (ADX 27.7) -> trend-following strategy | Signal: HOLD | Shares held: 0.0 | Last price: $27.14
2026-09-18 13:31:42,163 | [INVH] ACTION: No trade.
2026-09-18 13:31:42,228 | [IP] trending (ADX 38.2) -> trend-following strategy | Signal: HOLD | Shares held: 0.0 | Last price: $35.55
2026-09-18 13:31:42,228 | [IP] ACTION: No trade.
2026-09-18 13:31:42,292 | [IQV] choppy/sideways (ADX 16.4) -> mean-reversion strategy | Signal: HOLD | Shares held: 0.0 | Last price: $269.41
2026-09-18 13:31:42,293 | [IQV] ACTION: No trade.
2026-09-18 13:31:42,358 | [IR] trending (ADX 32.9) -> trend-following strategy | Signal: HOLD | Shares held: 0.0 | Last price: $72.66
2026-09-18 13:31:42,358 | [IR] ACTION: No trade.
2026-09-18 13:31:42,423 | [IRM] choppy/sideways (ADX 11.3) -> mean-reversion strategy | Signal: HOLD | Shares held: 0.0 | Last price: $113.98
2026-09-18 13:31:42,423 | [IRM] ACTION: No trade.
2026-09-18 13:31:42,494 | [ISRG] trending (ADX 28.2) -> trend-following strategy | Signal: HOLD | Shares held: 0.0 | Last price: $383.57
2026-09-18 13:31:42,495 | [ISRG] ACTION: No trade.
2026-09-18 13:31:42,560 | [IT] trending (ADX 40.0) -> trend-following strategy | Signal: HOLD | Shares held: 0.0 | Last price: $187.64
2026-09-18 13:31:42,560 | [IT] ACTION: No trade.
2026-09-18 13:31:42,625 | [ITW] choppy/sideways (ADX 13.5) -> mean-reversion strategy | Signal: HOLD | Shares held: 0.0 | Last price: $267.54
2026-09-18 13:31:42,625 | [ITW] ACTION: No trade.
2026-09-18 13:31:42,690 | [IVZ] choppy/sideways (ADX 10.6) -> mean-reversion strategy | Signal: HOLD | Shares held: 0.0 | Last price: $30.23
2026-09-18 13:31:42,690 | [IVZ] ACTION: No trade.
2026-09-18 13:31:42,755 | [J] choppy/sideways (ADX 9.4) -> mean-reversion strategy | Signal: HOLD | Shares held: 0.0 | Last price: $144.15
2026-09-18 13:31:42,755 | [J] ACTION: No trade.
2026-09-18 13:31:42,820 | [JBHT] choppy/sideways (ADX 19.1) -> mean-reversion strategy | Signal: HOLD | Shares held: 0.0 | Last price: $236.80
2026-09-18 13:31:42,820 | [JBHT] ACTION: No trade.
2026-09-18 13:31:42,885 | [JBL] choppy/sideways (ADX 12.0) -> mean-reversion strategy | Signal: HOLD | Shares held: 0.0 | Last price: $295.90
2026-09-18 13:31:42,885 | [JBL] ACTION: No trade.
2026-09-18 13:31:42,949 | [JCI] choppy/sideways (ADX 22.2) -> mean-reversion strategy | Signal: HOLD | Shares held: 0.0 | Last price: $141.06
2026-09-18 13:31:42,950 | [JCI] ACTION: No trade.
2026-09-18 13:31:43,016 | [JKHY] choppy/sideways (ADX 10.9) -> mean-reversion strategy | Signal: HOLD | Shares held: 0.0 | Last price: $156.24
2026-09-18 13:31:43,016 | [JKHY] ACTION: No trade.
2026-09-18 13:31:43,037 | [JNJ] choppy/sideways (ADX 21.1) -> mean-reversion strategy | Signal: HOLD | Shares held: 0.0 | Last price: $270.23
2026-09-18 13:31:43,037 | [JNJ] ACTION: No trade.
2026-09-18 13:31:43,057 | [JPM] choppy/sideways (ADX 12.4) -> mean-reversion strategy | Signal: HOLD | Shares held: 0.0 | Last price: $349.34
2026-09-18 13:31:43,057 | [JPM] ACTION: No trade.
2026-09-18 13:31:43,122 | [KDP] choppy/sideways (ADX 18.9) -> mean-reversion strategy | Signal: HOLD | Shares held: 0.0 | Last price: $31.43
2026-09-18 13:31:43,122 | [KDP] ACTION: No trade.
2026-09-18 13:31:43,191 | [KEY] choppy/sideways (ADX 15.0) -> mean-reversion strategy | Signal: HOLD | Shares held: 0.0 | Last price: $20.95
2026-09-18 13:31:43,191 | [KEY] ACTION: No trade.
2026-09-18 13:31:43,259 | [KEYS] trending (ADX 33.8) -> trend-following strategy | Signal: HOLD | Shares held: 0.0 | Last price: $331.55
2026-09-18 13:31:43,259 | [KEYS] ACTION: No trade.
2026-09-18 13:31:43,326 | [KHC] choppy/sideways (ADX 13.8) -> mean-reversion strategy | Signal: HOLD | Shares held: 0.0 | Last price: $24.75
2026-09-18 13:31:43,326 | [KHC] ACTION: No trade.
2026-09-18 13:31:43,392 | [KIM] choppy/sideways (ADX 13.7) -> mean-reversion strategy | Signal: HOLD | Shares held: 0.0 | Last price: $22.57
2026-09-18 13:31:43,393 | [KIM] ACTION: No trade.
2026-09-18 13:31:43,547 | [KKR] choppy/sideways (ADX 12.5) -> mean-reversion strategy | Signal: HOLD | Shares held: 0.0 | Last price: $98.21
2026-09-18 13:31:43,547 | [KKR] ACTION: No trade.
2026-09-18 13:31:43,611 | [KLAC] trending (ADX 30.5) -> trend-following strategy | Signal: HOLD | Shares held: 0.0 | Last price: $168.99
2026-09-18 13:31:43,612 | [KLAC] ACTION: No trade.
2026-09-18 13:31:43,677 | [KMB] choppy/sideways (ADX 17.2) -> mean-reversion strategy | Signal: HOLD | Shares held: 0.0 | Last price: $98.19
2026-09-18 13:31:43,677 | [KMB] ACTION: No trade.
2026-09-18 13:31:43,748 | [KMI] trending (ADX 37.3) -> trend-following strategy | Signal: HOLD | Shares held: 0.0 | Last price: $31.32
2026-09-18 13:31:43,748 | [KMI] ACTION: No trade.
2026-09-18 13:31:43,795 | [KO] choppy/sideways (ADX 16.6) -> mean-reversion strategy | Signal: HOLD | Shares held: 0.0 | Last price: $88.06
2026-09-18 13:31:43,795 | [KO] ACTION: No trade.
2026-09-18 13:31:43,865 | [KR] choppy/sideways (ADX 23.9) -> mean-reversion strategy | Signal: HOLD | Shares held: 0.0 | Last price: $60.76
2026-09-18 13:31:43,865 | [KR] ACTION: No trade.
2026-09-18 13:31:43,930 | [KVUE] choppy/sideways (ADX 17.2) -> mean-reversion strategy | Signal: HOLD | Shares held: 0.0 | Last price: $17.88
2026-09-18 13:31:43,931 | [KVUE] ACTION: No trade.
2026-09-18 13:31:43,996 | [L] choppy/sideways (ADX 11.0) -> mean-reversion strategy | Signal: HOLD | Shares held: 0.0 | Last price: $108.35
2026-09-18 13:31:43,996 | [L] ACTION: No trade.
2026-09-18 13:31:44,060 | [LDOS] choppy/sideways (ADX 9.6) -> mean-reversion strategy | Signal: HOLD | Shares held: 0.0 | Last price: $130.89
2026-09-18 13:31:44,061 | [LDOS] ACTION: No trade.
2026-09-18 13:31:44,129 | [LEN] choppy/sideways (ADX 22.7) -> mean-reversion strategy | Signal: HOLD | Shares held: 0.0 | Last price: $79.71
2026-09-18 13:31:44,129 | [LEN] ACTION: No trade.
2026-09-18 13:31:44,199 | [LH] choppy/sideways (ADX 12.6) -> mean-reversion strategy | Signal: HOLD | Shares held: 0.0 | Last price: $322.91
2026-09-18 13:31:44,199 | [LH] ACTION: No trade.
2026-09-18 13:31:44,264 | [LHX] choppy/sideways (ADX 10.6) -> mean-reversion strategy | Signal: HOLD | Shares held: 0.0 | Last price: $250.52
2026-09-18 13:31:44,264 | [LHX] ACTION: No trade.
2026-09-18 13:31:44,332 | [LII] choppy/sideways (ADX 10.1) -> mean-reversion strategy | Signal: HOLD | Shares held: 0.0 | Last price: $359.08
2026-09-18 13:31:44,332 | [LII] ACTION: No trade.
2026-09-18 13:31:44,399 | [LIN] trending (ADX 25.4) -> trend-following strategy | Signal: HOLD | Shares held: 0.0 | Last price: $458.44
2026-09-18 13:31:44,399 | [LIN] ACTION: No trade.
2026-09-18 13:31:44,465 | [LITE] choppy/sideways (ADX 22.4) -> mean-reversion strategy | Signal: HOLD | Shares held: 0.0 | Last price: $893.60
2026-09-18 13:31:44,465 | [LITE] ACTION: No trade.
2026-09-18 13:31:44,486 | [LLY] choppy/sideways (ADX 13.1) -> mean-reversion strategy | Signal: HOLD | Shares held: 0.0 | Last price: $1152.43
2026-09-18 13:31:44,486 | [LLY] ACTION: No trade.
2026-09-18 13:31:44,506 | [LMT] choppy/sideways (ADX 18.1) -> mean-reversion strategy | Signal: HOLD | Shares held: 0.0 | Last price: $537.96
2026-09-18 13:31:44,506 | [LMT] ACTION: No trade.
2026-09-18 13:31:44,571 | [LNT] choppy/sideways (ADX 8.6) -> mean-reversion strategy | Signal: HOLD | Shares held: 0.0 | Last price: $66.64
2026-09-18 13:31:44,571 | [LNT] ACTION: No trade.
2026-09-18 13:31:44,592 | [LOW] choppy/sideways (ADX 12.0) -> mean-reversion strategy | Signal: HOLD | Shares held: 0.0 | Last price: $194.14
2026-09-18 13:31:44,592 | [LOW] ACTION: No trade.
2026-09-18 13:31:44,657 | [LRCX] trending (ADX 25.3) -> trend-following strategy | Signal: HOLD | Shares held: 0.0 | Last price: $269.35
2026-09-18 13:31:44,658 | [LRCX] ACTION: No trade.
2026-09-18 13:31:44,723 | [LULU] trending (ADX 38.6) -> trend-following strategy | Signal: HOLD | Shares held: 0.0 | Last price: $99.90
2026-09-18 13:31:44,723 | [LULU] ACTION: No trade.
2026-09-18 13:31:44,790 | [LUV] trending (ADX 27.8) -> trend-following strategy | Signal: HOLD | Shares held: 0.0 | Last price: $40.33
2026-09-18 13:31:44,790 | [LUV] ACTION: No trade.
2026-09-18 13:31:44,855 | [LVS] trending (ADX 27.6) -> trend-following strategy | Signal: HOLD | Shares held: 0.0 | Last price: $40.66
2026-09-18 13:31:44,855 | [LVS] ACTION: No trade.
2026-09-18 13:31:44,920 | [LYB] choppy/sideways (ADX 18.2) -> mean-reversion strategy | Signal: HOLD | Shares held: 0.0 | Last price: $64.24
2026-09-18 13:31:44,920 | [LYB] ACTION: No trade.
2026-09-18 13:31:44,984 | [LYV] choppy/sideways (ADX 22.5) -> mean-reversion strategy | Signal: HOLD | Shares held: 0.0 | Last price: $168.36
2026-09-18 13:31:44,984 | [LYV] ACTION: No trade.
2026-09-18 13:31:45,005 | [MA] choppy/sideways (ADX 19.5) -> mean-reversion strategy | Signal: HOLD | Shares held: 0.0 | Last price: $565.74
2026-09-18 13:31:45,005 | [MA] ACTION: No trade.
2026-09-18 13:31:45,069 | [MAA] choppy/sideways (ADX 23.2) -> mean-reversion strategy | Signal: HOLD | Shares held: 0.0 | Last price: $121.19
2026-09-18 13:31:45,069 | [MAA] ACTION: No trade.
2026-09-18 13:31:45,135 | [MAR] choppy/sideways (ADX 11.7) -> mean-reversion strategy | Signal: HOLD | Shares held: 0.0 | Last price: $334.06
2026-09-18 13:31:45,135 | [MAR] ACTION: No trade.
2026-09-18 13:31:45,200 | [MAS] choppy/sideways (ADX 11.0) -> mean-reversion strategy | Signal: HOLD | Shares held: 0.0 | Last price: $68.25
2026-09-18 13:31:45,201 | [MAS] ACTION: No trade.
2026-09-18 13:31:45,221 | [MCD] choppy/sideways (ADX 19.8) -> mean-reversion strategy | Signal: HOLD | Shares held: 0.0 | Last price: $248.49
2026-09-18 13:31:45,221 | [MCD] ACTION: No trade.
2026-09-18 13:31:45,290 | [MCHP] choppy/sideways (ADX 10.8) -> mean-reversion strategy | Signal: HOLD | Shares held: 0.0 | Last price: $70.78
2026-09-18 13:31:45,290 | [MCHP] ACTION: No trade.
2026-09-18 13:31:45,354 | [MCK] choppy/sideways (ADX 22.8) -> mean-reversion strategy | Signal: HOLD | Shares held: 0.0 | Last price: $879.40
2026-09-18 13:31:45,354 | [MCK] ACTION: No trade.
2026-09-18 13:31:45,419 | [MCO] choppy/sideways (ADX 14.7) -> mean-reversion strategy | Signal: HOLD | Shares held: 0.0 | Last price: $462.36
2026-09-18 13:31:45,419 | [MCO] ACTION: No trade.
2026-09-18 13:31:45,483 | [MDLZ] choppy/sideways (ADX 14.9) -> mean-reversion strategy | Signal: HOLD | Shares held: 0.0 | Last price: $62.03
2026-09-18 13:31:45,483 | [MDLZ] ACTION: No trade.
2026-09-18 13:31:45,557 | [MDT] choppy/sideways (ADX 18.2) -> mean-reversion strategy | Signal: HOLD | Shares held: 0.0 | Last price: $92.79
2026-09-18 13:31:45,557 | [MDT] ACTION: No trade.
2026-09-18 13:31:45,624 | [MET] choppy/sideways (ADX 10.6) -> mean-reversion strategy | Signal: HOLD | Shares held: 0.0 | Last price: $97.36
2026-09-18 13:31:45,624 | [MET] ACTION: No trade.
2026-09-18 13:31:45,645 | [META] trending (ADX 39.5) -> trend-following strategy | Signal: HOLD | Shares held: 0.0 | Last price: $682.70
2026-09-18 13:31:45,645 | [META] ACTION: No trade.
2026-09-18 13:31:45,712 | [MKC] choppy/sideways (ADX 12.7) -> mean-reversion strategy | Signal: HOLD | Shares held: 0.0 | Last price: $49.72
2026-09-18 13:31:45,712 | [MKC] ACTION: No trade.
2026-09-18 13:31:45,777 | [MLM] choppy/sideways (ADX 15.2) -> mean-reversion strategy | Signal: HOLD | Shares held: 0.0 | Last price: $494.45
2026-09-18 13:31:45,777 | [MLM] ACTION: No trade.
2026-09-18 13:31:45,798 | [MMM] choppy/sideways (ADX 23.4) -> mean-reversion strategy | Signal: HOLD | Shares held: 0.0 | Last price: $164.71
2026-09-18 13:31:45,798 | [MMM] ACTION: No trade.
2026-09-18 13:31:45,863 | [MNST] choppy/sideways (ADX 14.5) -> mean-reversion strategy | Signal: HOLD | Shares held: 0.0 | Last price: $44.52
2026-09-18 13:31:45,863 | [MNST] ACTION: No trade.
2026-09-18 13:31:45,927 | [MO] choppy/sideways (ADX 22.4) -> mean-reversion strategy | Signal: HOLD | Shares held: 0.0 | Last price: $69.72
2026-09-18 13:31:45,927 | [MO] ACTION: No trade.
2026-09-18 13:31:45,992 | [MOS] choppy/sideways (ADX 21.6) -> mean-reversion strategy | Signal: HOLD | Shares held: 0.0 | Last price: $25.38
2026-09-18 13:31:45,992 | [MOS] ACTION: No trade.
2026-09-18 13:31:49,107 | [MPC] choppy/sideways (ADX 13.6) -> mean-reversion strategy | Signal: HOLD | Shares held: 0.0 | Last price: $422.00
2026-09-18 13:31:49,107 | [MPC] ACTION: No trade.
2026-09-18 13:31:49,179 | [MPWR] choppy/sideways (ADX 24.5) -> mean-reversion strategy | Signal: HOLD | Shares held: 0.0 | Last price: $1170.89
2026-09-18 13:31:49,180 | [MPWR] ACTION: No trade.
2026-09-18 13:31:49,200 | [MRK] trending (ADX 33.1) -> trend-following strategy | Signal: HOLD | Shares held: 0.0 | Last price: $147.17
2026-09-18 13:31:49,200 | [MRK] ACTION: No trade.
2026-09-18 13:31:49,267 | [MRNA] trending (ADX 33.1) -> trend-following strategy | Signal: HOLD | Shares held: 0.0 | Last price: $158.01
2026-09-18 13:31:49,268 | [MRNA] ACTION: No trade.
2026-09-18 13:31:49,334 | [MRSH] trending (ADX 30.5) -> trend-following strategy | Signal: HOLD | Shares held: 0.0 | Last price: $174.57
2026-09-18 13:31:49,334 | [MRSH] ACTION: No trade.
2026-09-18 13:31:49,400 | [MRVL] trending (ADX 32.8) -> trend-following strategy | Signal: HOLD | Shares held: 0.0 | Last price: $240.73
2026-09-18 13:31:49,400 | [MRVL] ACTION: No trade.
2026-09-18 13:31:49,420 | [MS] choppy/sideways (ADX 13.0) -> mean-reversion strategy | Signal: HOLD | Shares held: 0.0 | Last price: $203.48
2026-09-18 13:31:49,420 | [MS] ACTION: No trade.
2026-09-18 13:31:49,489 | [MSCI] choppy/sideways (ADX 23.5) -> mean-reversion strategy | Signal: HOLD | Shares held: 0.0 | Last price: $549.49
2026-09-18 13:31:49,489 | [MSCI] ACTION: No trade.
2026-09-18 13:31:49,509 | [MSFT] choppy/sideways (ADX 20.1) -> mean-reversion strategy | Signal: HOLD | Shares held: 0.0 | Last price: $498.48
2026-09-18 13:31:49,509 | [MSFT] ACTION: No trade.
2026-09-18 13:31:49,578 | [MSI] trending (ADX 31.1) -> trend-following strategy | Signal: HOLD | Shares held: 0.0 | Last price: $459.55
2026-09-18 13:31:49,578 | [MSI] ACTION: No trade.
2026-09-18 13:31:49,643 | [MTB] choppy/sideways (ADX 12.4) -> mean-reversion strategy | Signal: HOLD | Shares held: 0.0 | Last price: $226.39
2026-09-18 13:31:49,643 | [MTB] ACTION: No trade.
2026-09-18 13:31:49,709 | [MTD] trending (ADX 47.9) -> trend-following strategy | Signal: HOLD | Shares held: 0.0 | Last price: $1410.75
2026-09-18 13:31:49,709 | [MTD] ACTION: No trade.
2026-09-18 13:31:49,730 | [MU] trending (ADX 52.4) -> trend-following strategy | Signal: HOLD | Shares held: 0.0 | Last price: $977.52
2026-09-18 13:31:49,730 | [MU] ACTION: No trade.
2026-09-18 13:31:49,797 | [NCLH] choppy/sideways (ADX 12.6) -> mean-reversion strategy | Signal: HOLD | Shares held: 0.0 | Last price: $14.39
2026-09-18 13:31:49,797 | [NCLH] ACTION: No trade.
2026-09-18 13:31:49,862 | [NDAQ] trending (ADX 52.0) -> trend-following strategy | Signal: HOLD | Shares held: 0.0 | Last price: $91.28
2026-09-18 13:31:49,862 | [NDAQ] ACTION: No trade.
2026-09-18 13:31:49,936 | [NDSN] choppy/sideways (ADX 18.5) -> mean-reversion strategy | Signal: HOLD | Shares held: 0.0 | Last price: $311.74
2026-09-18 13:31:49,936 | [NDSN] ACTION: No trade.
2026-09-18 13:31:50,001 | [NEE] choppy/sideways (ADX 16.2) -> mean-reversion strategy | Signal: HOLD | Shares held: 0.0 | Last price: $81.26
2026-09-18 13:31:50,001 | [NEE] ACTION: No trade.
2026-09-18 13:31:53,112 | [NEM] choppy/sideways (ADX 18.6) -> mean-reversion strategy | Signal: HOLD | Shares held: 0.0 | Last price: $124.34
2026-09-18 13:31:53,112 | [NEM] ACTION: No trade.
2026-09-18 13:31:53,133 | [NFLX] trending (ADX 44.3) -> trend-following strategy | Signal: HOLD | Shares held: 0.0 | Last price: $75.30
2026-09-18 13:31:53,133 | [NFLX] ACTION: No trade.
2026-09-18 13:31:53,199 | [NI] choppy/sideways (ADX 15.3) -> mean-reversion strategy | Signal: HOLD | Shares held: 0.0 | Last price: $40.89
2026-09-18 13:31:53,199 | [NI] ACTION: No trade.
2026-09-18 13:31:53,219 | [NKE] trending (ADX 28.1) -> trend-following strategy | Signal: HOLD | Shares held: 0.0 | Last price: $36.38
2026-09-18 13:31:53,219 | [NKE] ACTION: No trade.
2026-09-18 13:31:53,283 | [NOC] choppy/sideways (ADX 13.5) -> mean-reversion strategy | Signal: HOLD | Shares held: 0.0 | Last price: $524.00
2026-09-18 13:31:53,283 | [NOC] ACTION: No trade.
2026-09-18 13:31:53,303 | [NOW] trending (ADX 33.3) -> trend-following strategy | Signal: HOLD | Shares held: 0.0 | Last price: $138.49
2026-09-18 13:31:53,304 | [NOW] ACTION: No trade.
2026-09-18 13:31:53,368 | [NRG] choppy/sideways (ADX 13.8) -> mean-reversion strategy | Signal: HOLD | Shares held: 0.0 | Last price: $106.21
2026-09-18 13:31:53,368 | [NRG] ACTION: No trade.
2026-09-18 13:31:53,433 | [NSC] choppy/sideways (ADX 23.8) -> mean-reversion strategy | Signal: HOLD | Shares held: 0.0 | Last price: $319.13
2026-09-18 13:31:53,433 | [NSC] ACTION: No trade.
2026-09-18 13:31:53,498 | [NTAP] choppy/sideways (ADX 23.4) -> mean-reversion strategy | Signal: HOLD | Shares held: 0.0 | Last price: $196.92
2026-09-18 13:31:53,498 | [NTAP] ACTION: No trade.
2026-09-18 13:31:53,565 | [NTRS] choppy/sideways (ADX 11.6) -> mean-reversion strategy | Signal: HOLD | Shares held: 0.0 | Last price: $177.00
2026-09-18 13:31:53,565 | [NTRS] ACTION: No trade.
2026-09-18 13:31:53,632 | [NUE] choppy/sideways (ADX 14.1) -> mean-reversion strategy | Signal: HOLD | Shares held: 0.0 | Last price: $265.09
2026-09-18 13:31:53,633 | [NUE] ACTION: No trade.
2026-09-18 13:31:53,653 | [NVDA] trending (ADX 36.0) -> trend-following strategy | Signal: HOLD | Shares held: 0.0 | Last price: $219.37
2026-09-18 13:31:53,653 | [NVDA] ACTION: No trade.
2026-09-18 13:31:53,725 | [NVR] choppy/sideways (ADX 14.1) -> mean-reversion strategy | Signal: HOLD | Shares held: 0.0 | Last price: $6245.90
2026-09-18 13:31:53,725 | [NVR] ACTION: No trade.
2026-09-18 13:31:53,790 | [NWSA] choppy/sideways (ADX 12.3) -> mean-reversion strategy | Signal: HOLD | Shares held: 0.0 | Last price: $30.18
2026-09-18 13:31:53,790 | [NWSA] ACTION: No trade.
2026-09-18 13:31:53,863 | [NXPI] trending (ADX 26.2) -> trend-following strategy | Signal: HOLD | Shares held: 0.0 | Last price: $228.03
2026-09-18 13:31:53,863 | [NXPI] ACTION: No trade.
2026-09-18 13:31:53,927 | [O] choppy/sideways (ADX 15.2) -> mean-reversion strategy | Signal: HOLD | Shares held: 0.0 | Last price: $57.32
2026-09-18 13:31:53,927 | [O] ACTION: No trade.
2026-09-18 13:31:53,992 | [ODFL] choppy/sideways (ADX 15.1) -> mean-reversion strategy | Signal: HOLD | Shares held: 0.0 | Last price: $175.04
2026-09-18 13:31:53,992 | [ODFL] ACTION: No trade.
2026-09-18 13:31:57,102 | [OKE] choppy/sideways (ADX 15.4) -> mean-reversion strategy | Signal: HOLD | Shares held: 0.0 | Last price: $93.21
2026-09-18 13:31:57,102 | [OKE] ACTION: No trade.
2026-09-18 13:31:57,166 | [OMC] choppy/sideways (ADX 19.9) -> mean-reversion strategy | Signal: HOLD | Shares held: 0.0 | Last price: $78.61
2026-09-18 13:31:57,167 | [OMC] ACTION: No trade.
2026-09-18 13:31:57,235 | [ON] choppy/sideways (ADX 9.6) -> mean-reversion strategy | Signal: HOLD | Shares held: 0.0 | Last price: $68.31
2026-09-18 13:31:57,235 | [ON] ACTION: No trade.
2026-09-18 13:31:57,258 | [ORCL] choppy/sideways (ADX 22.1) -> mean-reversion strategy | Signal: HOLD | Shares held: 0.0 | Last price: $150.60
2026-09-18 13:31:57,258 | [ORCL] ACTION: No trade.
2026-09-18 13:31:57,323 | [ORLY] choppy/sideways (ADX 11.6) -> mean-reversion strategy | Signal: HOLD | Shares held: 0.0 | Last price: $84.89
2026-09-18 13:31:57,323 | [ORLY] ACTION: No trade.
2026-09-18 13:31:57,396 | [OTIS] choppy/sideways (ADX 14.0) -> mean-reversion strategy | Signal: HOLD | Shares held: 0.0 | Last price: $68.70
2026-09-18 13:31:57,396 | [OTIS] ACTION: No trade.
2026-09-18 13:31:57,461 | [OXY] trending (ADX 34.5) -> trend-following strategy | Signal: HOLD | Shares held: 0.0 | Last price: $59.28
2026-09-18 13:31:57,461 | [OXY] ACTION: No trade.
2026-09-18 13:31:57,481 | [PANW] choppy/sideways (ADX 23.1) -> mean-reversion strategy | Signal: HOLD | Shares held: 0.0 | Last price: $375.06
2026-09-18 13:31:57,481 | [PANW] ACTION: No trade.
2026-09-18 13:31:57,549 | [PAYX] trending (ADX 31.2) -> trend-following strategy | Signal: HOLD | Shares held: 0.0 | Last price: $116.49
2026-09-18 13:31:57,549 | [PAYX] ACTION: No trade.
2026-09-18 13:31:57,613 | [PCAR] choppy/sideways (ADX 20.8) -> mean-reversion strategy | Signal: HOLD | Shares held: 0.0 | Last price: $117.35
2026-09-18 13:31:57,613 | [PCAR] ACTION: No trade.
2026-09-18 13:31:57,680 | [PCG] trending (ADX 29.9) -> trend-following strategy | Signal: HOLD | Shares held: 0.0 | Last price: $13.37
2026-09-18 13:31:57,680 | [PCG] ACTION: No trade.
2026-09-18 13:31:57,747 | [PEG] choppy/sideways (ADX 17.9) -> mean-reversion strategy | Signal: HOLD | Shares held: 0.0 | Last price: $70.97
2026-09-18 13:31:57,747 | [PEG] ACTION: No trade.
2026-09-18 13:31:57,767 | [PEP] choppy/sideways (ADX 20.8) -> mean-reversion strategy | Signal: HOLD | Shares held: 0.0 | Last price: $133.61
2026-09-18 13:31:57,767 | [PEP] ACTION: No trade.
2026-09-18 13:31:57,788 | [PFE] choppy/sideways (ADX 9.9) -> mean-reversion strategy | Signal: HOLD | Shares held: 0.0 | Last price: $27.63
2026-09-18 13:31:57,788 | [PFE] ACTION: No trade.
2026-09-18 13:31:57,852 | [PFG] trending (ADX 26.1) -> trend-following strategy | Signal: HOLD | Shares held: 0.0 | Last price: $115.94
2026-09-18 13:31:57,852 | [PFG] ACTION: No trade.
2026-09-18 13:31:57,872 | [PG] choppy/sideways (ADX 18.2) -> mean-reversion strategy | Signal: HOLD | Shares held: 0.0 | Last price: $147.51
2026-09-18 13:31:57,872 | [PG] ACTION: No trade.
2026-09-18 13:31:57,937 | [PGR] trending (ADX 31.0) -> trend-following strategy | Signal: HOLD | Shares held: 0.0 | Last price: $216.21
2026-09-18 13:31:57,937 | [PGR] ACTION: No trade.
2026-09-18 13:31:58,002 | [PH] choppy/sideways (ADX 15.8) -> mean-reversion strategy | Signal: HOLD | Shares held: 0.0 | Last price: $925.53
2026-09-18 13:31:58,002 | [PH] ACTION: No trade.
2026-09-18 13:32:01,118 | [PHM] choppy/sideways (ADX 16.8) -> mean-reversion strategy | Signal: HOLD | Shares held: 0.0 | Last price: $118.81
2026-09-18 13:32:01,118 | [PHM] ACTION: No trade.
2026-09-18 13:32:01,183 | [PKG] choppy/sideways (ADX 24.8) -> mean-reversion strategy | Signal: HOLD | Shares held: 0.0 | Last price: $235.57
2026-09-18 13:32:01,183 | [PKG] ACTION: No trade.
2026-09-18 13:32:01,248 | [PLD] choppy/sideways (ADX 13.3) -> mean-reversion strategy | Signal: HOLD | Shares held: 0.0 | Last price: $135.18
2026-09-18 13:32:01,248 | [PLD] ACTION: No trade.
2026-09-18 13:32:01,268 | [PLTR] choppy/sideways (ADX 22.3) -> mean-reversion strategy | Signal: HOLD | Shares held: 0.0 | Last price: $176.18
2026-09-18 13:32:01,269 | [PLTR] ACTION: No trade.
2026-09-18 13:32:01,289 | [PM] trending (ADX 44.6) -> trend-following strategy | Signal: HOLD | Shares held: 0.0 | Last price: $190.48
2026-09-18 13:32:01,289 | [PM] ACTION: No trade.
2026-09-18 13:32:01,353 | [PNC] choppy/sideways (ADX 18.6) -> mean-reversion strategy | Signal: HOLD | Shares held: 0.0 | Last price: $232.02
2026-09-18 13:32:01,353 | [PNC] ACTION: No trade.
2026-09-18 13:32:01,421 | [PNR] choppy/sideways (ADX 13.5) -> mean-reversion strategy | Signal: HOLD | Shares held: 0.0 | Last price: $55.73
2026-09-18 13:32:01,421 | [PNR] ACTION: No trade.
2026-09-18 13:32:01,487 | [PODD] choppy/sideways (ADX 18.2) -> mean-reversion strategy | Signal: HOLD | Shares held: 0.0 | Last price: $141.51
2026-09-18 13:32:01,487 | [PODD] ACTION: No trade.
2026-09-18 13:32:01,551 | [PPG] choppy/sideways (ADX 14.1) -> mean-reversion strategy | Signal: HOLD | Shares held: 0.0 | Last price: $105.44
2026-09-18 13:32:01,551 | [PPG] ACTION: No trade.
2026-09-18 13:32:01,618 | [PPL] choppy/sideways (ADX 24.2) -> mean-reversion strategy | Signal: HOLD | Shares held: 0.0 | Last price: $33.60
2026-09-18 13:32:01,618 | [PPL] ACTION: No trade.
2026-09-18 13:32:01,683 | [PRU] choppy/sideways (ADX 15.7) -> mean-reversion strategy | Signal: HOLD | Shares held: 0.0 | Last price: $117.92
2026-09-18 13:32:01,683 | [PRU] ACTION: No trade.
2026-09-18 13:32:01,750 | [PSA] trending (ADX 28.7) -> trend-following strategy | Signal: HOLD | Shares held: 0.0 | Last price: $300.91
2026-09-18 13:32:01,750 | [PSA] ACTION: No trade.
2026-09-18 13:32:01,815 | [PSKY] choppy/sideways (ADX 18.9) -> mean-reversion strategy | Signal: HOLD | Shares held: 0.0 | Last price: $10.61
2026-09-18 13:32:01,816 | [PSKY] ACTION: No trade.
2026-09-18 13:32:01,887 | [PSX] choppy/sideways (ADX 18.5) -> mean-reversion strategy | Signal: HOLD | Shares held: 0.0 | Last price: $274.07
2026-09-18 13:32:01,887 | [PSX] ACTION: No trade.
2026-09-18 13:32:01,952 | [PTC] trending (ADX 36.8) -> trend-following strategy | Signal: HOLD | Shares held: 0.0 | Last price: $134.41
2026-09-18 13:32:01,953 | [PTC] ACTION: No trade.
2026-09-18 13:32:05,065 | [PWR] choppy/sideways (ADX 9.1) -> mean-reversion strategy | Signal: HOLD | Shares held: 0.0 | Last price: $616.53
2026-09-18 13:32:05,065 | [PWR] ACTION: No trade.
2026-09-18 13:32:05,129 | [PYPL] choppy/sideways (ADX 18.3) -> mean-reversion strategy | Signal: HOLD | Shares held: 0.0 | Last price: $52.92
2026-09-18 13:32:05,129 | [PYPL] ACTION: No trade.
2026-09-18 13:32:05,195 | [Q] choppy/sideways (ADX 16.6) -> mean-reversion strategy | Signal: HOLD | Shares held: 0.0 | Last price: $117.15
2026-09-18 13:32:05,195 | [Q] ACTION: No trade.
2026-09-18 13:32:05,215 | [QCOM] choppy/sideways (ADX 15.5) -> mean-reversion strategy | Signal: HOLD | Shares held: 0.0 | Last price: $188.71
2026-09-18 13:32:05,215 | [QCOM] ACTION: No trade.
2026-09-18 13:32:05,287 | [RCL] choppy/sideways (ADX 15.0) -> mean-reversion strategy | Signal: HOLD | Shares held: 0.0 | Last price: $249.83
2026-09-18 13:32:05,287 | [RCL] ACTION: No trade.
2026-09-18 13:32:05,352 | [RDDT] choppy/sideways (ADX 24.4) -> mean-reversion strategy | Signal: HOLD | Shares held: 0.0 | Last price: $152.90
2026-09-18 13:32:05,352 | [RDDT] ACTION: No trade.
2026-09-18 13:32:05,417 | [REG] choppy/sideways (ADX 12.8) -> mean-reversion strategy | Signal: HOLD | Shares held: 0.0 | Last price: $73.13
2026-09-18 13:32:05,417 | [REG] ACTION: No trade.
2026-09-18 13:32:05,484 | [REGN] choppy/sideways (ADX 17.2) -> mean-reversion strategy | Signal: HOLD | Shares held: 0.0 | Last price: $789.11
2026-09-18 13:32:05,484 | [REGN] ACTION: No trade.
2026-09-18 13:32:05,549 | [RF] choppy/sideways (ADX 19.5) -> mean-reversion strategy | Signal: HOLD | Shares held: 0.0 | Last price: $28.48
2026-09-18 13:32:05,549 | [RF] ACTION: No trade.
2026-09-18 13:32:05,616 | [RJF] choppy/sideways (ADX 24.1) -> mean-reversion strategy | Signal: HOLD | Shares held: 0.0 | Last price: $163.79
2026-09-18 13:32:05,616 | [RJF] ACTION: No trade.
2026-09-18 13:32:05,681 | [RL] choppy/sideways (ADX 24.4) -> mean-reversion strategy | Signal: HOLD | Shares held: 0.0 | Last price: $333.08
2026-09-18 13:32:05,681 | [RL] ACTION: No trade.
2026-09-18 13:32:05,748 | [RMD] choppy/sideways (ADX 23.7) -> mean-reversion strategy | Signal: HOLD | Shares held: 0.0 | Last price: $228.63
2026-09-18 13:32:05,748 | [RMD] ACTION: No trade.
2026-09-18 13:32:05,815 | [ROK] choppy/sideways (ADX 24.8) -> mean-reversion strategy | Signal: HOLD | Shares held: 0.0 | Last price: $409.85
2026-09-18 13:32:05,815 | [ROK] ACTION: No trade.
2026-09-18 13:32:05,881 | [ROL] trending (ADX 40.5) -> trend-following strategy | Signal: HOLD | Shares held: 0.0 | Last price: $33.02
2026-09-18 13:32:05,882 | [ROL] ACTION: No trade.
2026-09-18 13:32:05,946 | [ROP] trending (ADX 32.5) -> trend-following strategy | Signal: HOLD | Shares held: 0.0 | Last price: $374.68
2026-09-18 13:32:05,946 | [ROP] ACTION: No trade.
2026-09-18 13:32:09,061 | [ROST] choppy/sideways (ADX 22.8) -> mean-reversion strategy | Signal: HOLD | Shares held: 0.0 | Last price: $229.51
2026-09-18 13:32:09,062 | [ROST] ACTION: No trade.
2026-09-18 13:32:09,127 | [RSG] choppy/sideways (ADX 22.8) -> mean-reversion strategy | Signal: HOLD | Shares held: 0.0 | Last price: $218.88
2026-09-18 13:32:09,127 | [RSG] ACTION: No trade.
2026-09-18 13:32:09,147 | [RTX] trending (ADX 26.4) -> trend-following strategy | Signal: HOLD | Shares held: 0.0 | Last price: $193.50
2026-09-18 13:32:09,148 | [RTX] ACTION: No trade.
2026-09-18 13:32:09,212 | [RVTY] trending (ADX 29.8) -> trend-following strategy | Signal: HOLD | Shares held: 0.0 | Last price: $146.75
2026-09-18 13:32:09,212 | [RVTY] ACTION: No trade.
2026-09-18 13:32:09,277 | [SBAC] trending (ADX 26.9) -> trend-following strategy | Signal: HOLD | Shares held: 0.0 | Last price: $181.15
2026-09-18 13:32:09,277 | [SBAC] ACTION: No trade.
2026-09-18 13:32:09,300 | [SBUX] choppy/sideways (ADX 17.3) -> mean-reversion strategy | Signal: HOLD | Shares held: 0.0 | Last price: $96.68
2026-09-18 13:32:09,300 | [SBUX] ACTION: No trade.
2026-09-18 13:32:09,323 | [SCHW] choppy/sideways (ADX 16.8) -> mean-reversion strategy | Signal: HOLD | Shares held: 0.0 | Last price: $104.62
2026-09-18 13:32:09,323 | [SCHW] ACTION: No trade.
2026-09-18 13:32:09,389 | [SHW] choppy/sideways (ADX 11.9) -> mean-reversion strategy | Signal: HOLD | Shares held: 0.0 | Last price: $320.98
2026-09-18 13:32:09,389 | [SHW] ACTION: No trade.
2026-09-18 13:32:09,456 | [SJM] trending (ADX 25.4) -> trend-following strategy | Signal: HOLD | Shares held: 0.0 | Last price: $123.73
2026-09-18 13:32:09,456 | [SJM] ACTION: No trade.
2026-09-18 13:32:09,476 | [SLB] choppy/sideways (ADX 19.4) -> mean-reversion strategy | Signal: HOLD | Shares held: 0.0 | Last price: $52.09
2026-09-18 13:32:09,476 | [SLB] ACTION: No trade.
2026-09-18 13:32:09,497 | [SMCI] trending (ADX 41.1) -> trend-following strategy | Signal: HOLD | Shares held: 0.0 | Last price: $40.34
2026-09-18 13:32:09,497 | [SMCI] ACTION: No trade.
2026-09-18 13:32:09,561 | [SNA] choppy/sideways (ADX 13.5) -> mean-reversion strategy | Signal: HOLD | Shares held: 0.0 | Last price: $371.73
2026-09-18 13:32:09,562 | [SNA] ACTION: No trade.
2026-09-18 13:32:09,627 | [SNDK] trending (ADX 40.3) -> trend-following strategy | Signal: HOLD | Shares held: 0.0 | Last price: $1614.39
2026-09-18 13:32:09,627 | [SNDK] ACTION: No trade.
2026-09-18 13:32:09,696 | [SNPS] trending (ADX 27.5) -> trend-following strategy | Signal: BUY | Shares held: 0.0 | Last price: $381.18
2026-09-18 13:32:09,696 | [SNPS] ACTION: No trade (conviction score 1 below CONVICTION_ENTRY_GATE_MIN_SCORE=2 -- gate is ON).
2026-09-18 13:32:09,761 | [SO] choppy/sideways (ADX 12.8) -> mean-reversion strategy | Signal: HOLD | Shares held: 0.0 | Last price: $86.71
2026-09-18 13:32:09,761 | [SO] ACTION: No trade.
2026-09-18 13:32:09,832 | [SPG] choppy/sideways (ADX 24.5) -> mean-reversion strategy | Signal: HOLD | Shares held: 0.0 | Last price: $204.45
2026-09-18 13:32:09,832 | [SPG] ACTION: No trade.
2026-09-18 13:32:09,897 | [SPGI] trending (ADX 26.7) -> trend-following strategy | Signal: HOLD | Shares held: 0.0 | Last price: $404.12
2026-09-18 13:32:09,897 | [SPGI] ACTION: No trade.
2026-09-18 13:32:09,962 | [SRE] choppy/sideways (ADX 12.5) -> mean-reversion strategy | Signal: HOLD | Shares held: 0.0 | Last price: $82.18
2026-09-18 13:32:09,962 | [SRE] ACTION: No trade.
2026-09-18 13:32:10,028 | [STE] trending (ADX 32.2) -> trend-following strategy | Signal: HOLD | Shares held: 0.0 | Last price: $208.05
2026-09-18 13:32:10,028 | [STE] ACTION: No trade.
2026-09-18 13:32:13,138 | [STLD] choppy/sideways (ADX 23.5) -> mean-reversion strategy | Signal: HOLD | Shares held: 0.0 | Last price: $245.31
2026-09-18 13:32:13,138 | [STLD] ACTION: No trade.
2026-09-18 13:32:13,204 | [STT] choppy/sideways (ADX 8.6) -> mean-reversion strategy | Signal: HOLD | Shares held: 0.0 | Last price: $183.07
2026-09-18 13:32:13,204 | [STT] ACTION: No trade.
2026-09-18 13:32:13,268 | [STX] choppy/sideways (ADX 10.1) -> mean-reversion strategy | Signal: HOLD | Shares held: 0.0 | Last price: $803.13
2026-09-18 13:32:13,268 | [STX] ACTION: No trade.
2026-09-18 13:32:13,333 | [STZ] choppy/sideways (ADX 11.0) -> mean-reversion strategy | Signal: HOLD | Shares held: 0.0 | Last price: $122.45
2026-09-18 13:32:13,333 | [STZ] ACTION: No trade.
2026-09-18 13:32:13,398 | [SW] trending (ADX 25.5) -> trend-following strategy | Signal: HOLD | Shares held: 0.0 | Last price: $45.48
2026-09-18 13:32:13,398 | [SW] ACTION: No trade.
2026-09-18 13:32:13,464 | [SWK] choppy/sideways (ADX 20.5) -> mean-reversion strategy | Signal: HOLD | Shares held: 0.0 | Last price: $89.12
2026-09-18 13:32:13,464 | [SWK] ACTION: No trade.
2026-09-18 13:32:13,529 | [SWKS] choppy/sideways (ADX 17.3) -> mean-reversion strategy | Signal: HOLD | Shares held: 0.0 | Last price: $91.31
2026-09-18 13:32:13,529 | [SWKS] ACTION: No trade.
2026-09-18 13:32:13,601 | [SYF] choppy/sideways (ADX 9.2) -> mean-reversion strategy | Signal: HOLD | Shares held: 0.0 | Last price: $74.41
2026-09-18 13:32:13,601 | [SYF] ACTION: No trade.
2026-09-18 13:32:13,665 | [SYK] choppy/sideways (ADX 13.6) -> mean-reversion strategy | Signal: HOLD | Shares held: 0.0 | Last price: $280.27
2026-09-18 13:32:13,665 | [SYK] ACTION: No trade.
2026-09-18 13:32:13,730 | [SYY] choppy/sideways (ADX 20.3) -> mean-reversion strategy | Signal: HOLD | Shares held: 0.0 | Last price: $79.11
2026-09-18 13:32:13,730 | [SYY] ACTION: No trade.
2026-09-18 13:32:13,750 | [T] trending (ADX 47.6) -> trend-following strategy | Signal: HOLD | Shares held: 0.0 | Last price: $25.39
2026-09-18 13:32:13,750 | [T] ACTION: No trade.
2026-09-18 13:32:13,815 | [TAP] choppy/sideways (ADX 15.7) -> mean-reversion strategy | Signal: HOLD | Shares held: 0.0 | Last price: $39.09
2026-09-18 13:32:13,815 | [TAP] ACTION: No trade.
2026-09-18 13:32:13,880 | [TDG] choppy/sideways (ADX 11.5) -> mean-reversion strategy | Signal: HOLD | Shares held: 0.0 | Last price: $1076.01
2026-09-18 13:32:13,880 | [TDG] ACTION: No trade.
2026-09-18 13:32:13,944 | [TDY] choppy/sideways (ADX 11.6) -> mean-reversion strategy | Signal: HOLD | Shares held: 0.0 | Last price: $601.99
2026-09-18 13:32:13,944 | [TDY] ACTION: No trade.
2026-09-18 13:32:17,062 | [TECH] trending (ADX 36.6) -> trend-following strategy | Signal: HOLD | Shares held: 0.0 | Last price: $72.42
2026-09-18 13:32:17,062 | [TECH] ACTION: No trade.
2026-09-18 13:32:17,129 | [TEL] trending (ADX 41.3) -> trend-following strategy | Signal: HOLD | Shares held: 0.0 | Last price: $206.54
2026-09-18 13:32:17,129 | [TEL] ACTION: No trade.
2026-09-18 13:32:17,199 | [TER] trending (ADX 29.9) -> trend-following strategy | Signal: SELL | Shares held: 0.0 | Last price: $353.18
2026-09-18 13:32:17,199 | [TER] ACTION: No trade.
2026-09-18 13:32:17,295 | [TFC] choppy/sideways (ADX 11.4) -> mean-reversion strategy | Signal: HOLD | Shares held: 0.0 | Last price: $48.45
2026-09-18 13:32:17,296 | [TFC] ACTION: No trade.
2026-09-18 13:32:17,360 | [TGT] trending (ADX 31.3) -> trend-following strategy | Signal: HOLD | Shares held: 0.0 | Last price: $159.84
2026-09-18 13:32:17,360 | [TGT] ACTION: No trade.
2026-09-18 13:32:17,424 | [TJX] trending (ADX 28.1) -> trend-following strategy | Signal: HOLD | Shares held: 0.0 | Last price: $126.57
2026-09-18 13:32:17,424 | [TJX] ACTION: No trade.
2026-09-18 13:32:17,489 | [TKO] trending (ADX 26.2) -> trend-following strategy | Signal: HOLD | Shares held: 0.0 | Last price: $189.35
2026-09-18 13:32:17,489 | [TKO] ACTION: No trade.
2026-09-18 13:32:17,510 | [TMO] trending (ADX 39.1) -> trend-following strategy | Signal: HOLD | Shares held: 0.0 | Last price: $658.77
2026-09-18 13:32:17,510 | [TMO] ACTION: No trade.
2026-09-18 13:32:17,530 | [TMUS] trending (ADX 59.5) -> trend-following strategy | Signal: HOLD | Shares held: 0.0 | Last price: $166.44
2026-09-18 13:32:17,530 | [TMUS] ACTION: No trade.
2026-09-18 13:32:17,607 | [TPL] choppy/sideways (ADX 22.8) -> mean-reversion strategy | Signal: HOLD | Shares held: 0.0 | Last price: $347.21
2026-09-18 13:32:17,608 | [TPL] ACTION: No trade.
2026-09-18 13:32:17,674 | [TPR] choppy/sideways (ADX 20.2) -> mean-reversion strategy | Signal: HOLD | Shares held: 0.0 | Last price: $116.04
2026-09-18 13:32:17,674 | [TPR] ACTION: No trade.
2026-09-18 13:32:17,740 | [TRGP] choppy/sideways (ADX 12.8) -> mean-reversion strategy | Signal: HOLD | Shares held: 0.0 | Last price: $284.98
2026-09-18 13:32:17,740 | [TRGP] ACTION: No trade.
2026-09-18 13:32:17,809 | [TRMB] choppy/sideways (ADX 18.3) -> mean-reversion strategy | Signal: HOLD | Shares held: 0.0 | Last price: $57.33
2026-09-18 13:32:17,809 | [TRMB] ACTION: No trade.
2026-09-18 13:32:17,876 | [TROW] choppy/sideways (ADX 20.7) -> mean-reversion strategy | Signal: HOLD | Shares held: 0.0 | Last price: $102.81
2026-09-18 13:32:17,876 | [TROW] ACTION: No trade.
2026-09-18 13:32:20,985 | [TRV] choppy/sideways (ADX 8.3) -> mean-reversion strategy | Signal: HOLD | Shares held: 0.0 | Last price: $379.50
2026-09-18 13:32:20,985 | [TRV] ACTION: No trade.
2026-09-18 13:32:21,051 | [TSCO] choppy/sideways (ADX 23.3) -> mean-reversion strategy | Signal: HOLD | Shares held: 0.0 | Last price: $32.82
2026-09-18 13:32:21,051 | [TSCO] ACTION: No trade.
2026-09-18 13:32:21,071 | [TSLA] choppy/sideways (ADX 20.2) -> mean-reversion strategy | Signal: HOLD | Shares held: 0.0 | Last price: $366.04
2026-09-18 13:32:21,071 | [TSLA] ACTION: No trade.
2026-09-18 13:32:21,136 | [TSN] choppy/sideways (ADX 16.4) -> mean-reversion strategy | Signal: HOLD | Shares held: 0.0 | Last price: $52.26
2026-09-18 13:32:21,136 | [TSN] ACTION: No trade.
2026-09-18 13:32:21,206 | [TT] choppy/sideways (ADX 20.5) -> mean-reversion strategy | Signal: HOLD | Shares held: 0.0 | Last price: $423.23
2026-09-18 13:32:21,206 | [TT] ACTION: No trade.
2026-09-18 13:32:21,279 | [TTD] trending (ADX 27.7) -> trend-following strategy | Signal: HOLD | Shares held: 0.0 | Last price: $14.26
2026-09-18 13:32:21,280 | [TTD] ACTION: No trade.
2026-09-18 13:32:21,354 | [TTWO] choppy/sideways (ADX 13.8) -> mean-reversion strategy | Signal: HOLD | Shares held: 0.0 | Last price: $210.63
2026-09-18 13:32:21,354 | [TTWO] ACTION: No trade.
2026-09-18 13:32:21,374 | [TXN] choppy/sideways (ADX 15.9) -> mean-reversion strategy | Signal: HOLD | Shares held: 0.0 | Last price: $258.11
2026-09-18 13:32:21,374 | [TXN] ACTION: No trade.
2026-09-18 13:32:21,438 | [TXT] choppy/sideways (ADX 10.4) -> mean-reversion strategy | Signal: HOLD | Shares held: 0.0 | Last price: $80.89
2026-09-18 13:32:21,438 | [TXT] ACTION: No trade.
2026-09-18 13:32:21,506 | [TYL] trending (ADX 34.9) -> trend-following strategy | Signal: HOLD | Shares held: 0.0 | Last price: $341.89
2026-09-18 13:32:21,506 | [TYL] ACTION: No trade.
2026-09-18 13:32:21,573 | [UAL] choppy/sideways (ADX 24.6) -> mean-reversion strategy | Signal: HOLD | Shares held: 0.0 | Last price: $107.66
2026-09-18 13:32:21,573 | [UAL] ACTION: No trade.
2026-09-18 13:32:21,644 | [UBER] choppy/sideways (ADX 13.4) -> mean-reversion strategy | Signal: HOLD | Shares held: 0.0 | Last price: $70.88
2026-09-18 13:32:21,644 | [UBER] ACTION: No trade.
2026-09-18 13:32:21,712 | [UDR] trending (ADX 32.7) -> trend-following strategy | Signal: HOLD | Shares held: 0.0 | Last price: $34.23
2026-09-18 13:32:21,712 | [UDR] ACTION: No trade.
2026-09-18 13:32:21,781 | [UHS] choppy/sideways (ADX 19.1) -> mean-reversion strategy | Signal: HOLD | Shares held: 0.0 | Last price: $180.71
2026-09-18 13:32:21,781 | [UHS] ACTION: No trade.
2026-09-18 13:32:21,846 | [ULTA] choppy/sideways (ADX 14.2) -> mean-reversion strategy | Signal: HOLD | Shares held: 0.0 | Last price: $544.21
2026-09-18 13:32:21,846 | [ULTA] ACTION: No trade.
2026-09-18 13:32:21,866 | [UNH] choppy/sideways (ADX 16.6) -> mean-reversion strategy | Signal: HOLD | Shares held: 0.0 | Last price: $375.34
2026-09-18 13:32:21,866 | [UNH] ACTION: No trade.
2026-09-18 13:32:21,931 | [UNP] choppy/sideways (ADX 22.6) -> mean-reversion strategy | Signal: HOLD | Shares held: 0.0 | Last price: $282.48
2026-09-18 13:32:21,932 | [UNP] ACTION: No trade.
2026-09-18 13:32:21,952 | [UPS] trending (ADX 25.3) -> trend-following strategy | Signal: HOLD | Shares held: 0.0 | Last price: $100.18
2026-09-18 13:32:21,952 | [UPS] ACTION: No trade.
2026-09-18 13:32:22,016 | [URI] choppy/sideways (ADX 15.0) -> mean-reversion strategy | Signal: HOLD | Shares held: 0.0 | Last price: $1002.53
2026-09-18 13:32:22,016 | [URI] ACTION: No trade.
2026-09-18 13:32:25,126 | [USB] choppy/sideways (ADX 10.6) -> mean-reversion strategy | Signal: HOLD | Shares held: 0.0 | Last price: $60.25
2026-09-18 13:32:25,127 | [USB] ACTION: No trade.
2026-09-18 13:32:25,147 | [V] choppy/sideways (ADX 19.1) -> mean-reversion strategy | Signal: HOLD | Shares held: 0.0 | Last price: $369.93
2026-09-18 13:32:25,147 | [V] ACTION: No trade.
2026-09-18 13:32:25,223 | [VEEV] choppy/sideways (ADX 22.2) -> mean-reversion strategy | Signal: HOLD | Shares held: 0.0 | Last price: $263.75
2026-09-18 13:32:25,223 | [VEEV] ACTION: No trade.
2026-09-18 13:32:25,292 | [VICI] trending (ADX 48.5) -> trend-following strategy | Signal: HOLD | Shares held: 0.0 | Last price: $24.11
2026-09-18 13:32:25,293 | [VICI] ACTION: No trade.
2026-09-18 13:32:25,358 | [VLO] choppy/sideways (ADX 11.7) -> mean-reversion strategy | Signal: HOLD | Shares held: 0.0 | Last price: $412.33
2026-09-18 13:32:25,358 | [VLO] ACTION: No trade.
2026-09-18 13:32:25,423 | [VLTO] choppy/sideways (ADX 19.8) -> mean-reversion strategy | Signal: HOLD | Shares held: 0.0 | Last price: $95.25
2026-09-18 13:32:25,423 | [VLTO] ACTION: No trade.
2026-09-18 13:32:25,488 | [VMC] choppy/sideways (ADX 17.7) -> mean-reversion strategy | Signal: HOLD | Shares held: 0.0 | Last price: $244.49
2026-09-18 13:32:25,488 | [VMC] ACTION: No trade.
2026-09-18 13:32:25,553 | [VMRK] trending (ADX 28.4) -> trend-following strategy | Signal: HOLD | Shares held: 0.0 | Last price: $63.02
2026-09-18 13:32:25,553 | [VMRK] ACTION: No trade.
2026-09-18 13:32:25,618 | [VRSK] trending (ADX 36.3) -> trend-following strategy | Signal: HOLD | Shares held: 0.0 | Last price: $176.56
2026-09-18 13:32:25,618 | [VRSK] ACTION: No trade.
2026-09-18 13:32:25,683 | [VRSN] choppy/sideways (ADX 10.8) -> mean-reversion strategy | Signal: HOLD | Shares held: 0.0 | Last price: $301.88
2026-09-18 13:32:25,683 | [VRSN] ACTION: No trade.
2026-09-18 13:32:25,760 | [VRT] choppy/sideways (ADX 18.7) -> mean-reversion strategy | Signal: HOLD | Shares held: 0.0 | Last price: $241.47
2026-09-18 13:32:25,760 | [VRT] ACTION: No trade.
2026-09-18 13:32:25,830 | [VRTX] choppy/sideways (ADX 13.8) -> mean-reversion strategy | Signal: HOLD | Shares held: 0.0 | Last price: $516.35
2026-09-18 13:32:25,830 | [VRTX] ACTION: No trade.
2026-09-18 13:32:25,902 | [VST] choppy/sideways (ADX 15.6) -> mean-reversion strategy | Signal: HOLD | Shares held: 0.0 | Last price: $143.55
2026-09-18 13:32:25,902 | [VST] ACTION: No trade.
2026-09-18 13:32:25,977 | [VTR] choppy/sideways (ADX 10.8) -> mean-reversion strategy | Signal: HOLD | Shares held: 0.0 | Last price: $87.71
2026-09-18 13:32:25,977 | [VTR] ACTION: No trade.
2026-09-18 13:32:29,091 | [VTRS] trending (ADX 32.9) -> trend-following strategy | Signal: HOLD | Shares held: 0.0 | Last price: $17.13
2026-09-18 13:32:29,091 | [VTRS] ACTION: No trade.
2026-09-18 13:32:29,112 | [VZ] trending (ADX 59.7) -> trend-following strategy | Signal: HOLD | Shares held: 0.0 | Last price: $48.34
2026-09-18 13:32:29,112 | [VZ] ACTION: No trade.
2026-09-18 13:32:29,179 | [WAB] trending (ADX 26.6) -> trend-following strategy | Signal: HOLD | Shares held: 0.0 | Last price: $278.85
2026-09-18 13:32:29,179 | [WAB] ACTION: No trade.
2026-09-18 13:32:29,244 | [WAT] trending (ADX 28.6) -> trend-following strategy | Signal: HOLD | Shares held: 0.0 | Last price: $429.72
2026-09-18 13:32:29,244 | [WAT] ACTION: No trade.
2026-09-18 13:32:29,309 | [WBD] trending (ADX 31.4) -> trend-following strategy | Signal: HOLD | Shares held: 0.0 | Last price: $28.22
2026-09-18 13:32:29,309 | [WBD] ACTION: No trade.
2026-09-18 13:32:29,374 | [WDAY] trending (ADX 44.3) -> trend-following strategy | Signal: HOLD | Shares held: 0.0 | Last price: $199.21
2026-09-18 13:32:29,374 | [WDAY] ACTION: No trade.
2026-09-18 13:32:29,438 | [WDC] choppy/sideways (ADX 10.1) -> mean-reversion strategy | Signal: HOLD | Shares held: 0.0 | Last price: $423.94
2026-09-18 13:32:29,438 | [WDC] ACTION: No trade.
2026-09-18 13:32:29,503 | [WEC] choppy/sideways (ADX 19.9) -> mean-reversion strategy | Signal: HOLD | Shares held: 0.0 | Last price: $104.74
2026-09-18 13:32:29,503 | [WEC] ACTION: No trade.
2026-09-18 13:32:29,568 | [WELL] choppy/sideways (ADX 13.2) -> mean-reversion strategy | Signal: HOLD | Shares held: 0.0 | Last price: $232.17
2026-09-18 13:32:29,568 | [WELL] ACTION: No trade.
2026-09-18 13:32:29,588 | [WFC] choppy/sideways (ADX 10.3) -> mean-reversion strategy | Signal: HOLD | Shares held: 0.0 | Last price: $86.89
2026-09-18 13:32:29,589 | [WFC] ACTION: No trade.
2026-09-18 13:32:29,653 | [WM] trending (ADX 35.2) -> trend-following strategy | Signal: HOLD | Shares held: 0.0 | Last price: $213.33
2026-09-18 13:32:29,653 | [WM] ACTION: No trade.
2026-09-18 13:32:29,718 | [WMB] choppy/sideways (ADX 18.2) -> mean-reversion strategy | Signal: HOLD | Shares held: 0.0 | Last price: $71.81
2026-09-18 13:32:29,718 | [WMB] ACTION: No trade.
2026-09-18 13:32:29,739 | [WMT] trending (ADX 31.1) -> trend-following strategy | Signal: HOLD | Shares held: 0.0 | Last price: $106.77
2026-09-18 13:32:29,739 | [WMT] ACTION: No trade.
2026-09-18 13:32:29,807 | [WRB] choppy/sideways (ADX 11.1) -> mean-reversion strategy | Signal: HOLD | Shares held: 0.0 | Last price: $70.09
2026-09-18 13:32:29,807 | [WRB] ACTION: No trade.
2026-09-18 13:32:29,872 | [WSM] choppy/sideways (ADX 15.2) -> mean-reversion strategy | Signal: HOLD | Shares held: 0.0 | Last price: $218.88
2026-09-18 13:32:29,872 | [WSM] ACTION: No trade.
2026-09-18 13:32:29,937 | [WST] choppy/sideways (ADX 24.9) -> mean-reversion strategy | Signal: HOLD | Shares held: 0.0 | Last price: $366.55
2026-09-18 13:32:29,938 | [WST] ACTION: No trade.
2026-09-18 13:32:33,050 | [WTW] choppy/sideways (ADX 18.9) -> mean-reversion strategy | Signal: HOLD | Shares held: 0.0 | Last price: $311.18
2026-09-18 13:32:33,050 | [WTW] ACTION: No trade.
2026-09-18 13:32:33,115 | [WY] choppy/sideways (ADX 16.2) -> mean-reversion strategy | Signal: HOLD | Shares held: 0.0 | Last price: $21.68
2026-09-18 13:32:33,115 | [WY] ACTION: No trade.
2026-09-18 13:32:33,180 | [WYNN] trending (ADX 30.1) -> trend-following strategy | Signal: HOLD | Shares held: 0.0 | Last price: $82.95
2026-09-18 13:32:33,180 | [WYNN] ACTION: No trade.
2026-09-18 13:32:33,245 | [XEL] trending (ADX 26.7) -> trend-following strategy | Signal: HOLD | Shares held: 0.0 | Last price: $73.62
2026-09-18 13:32:33,245 | [XEL] ACTION: No trade.
2026-09-18 13:32:33,265 | [XOM] trending (ADX 27.8) -> trend-following strategy | Signal: BUY | Shares held: 0.0 | Last price: $163.26
2026-09-18 13:32:33,265 | [XOM] ACTION: No trade (conviction score 1 below CONVICTION_ENTRY_GATE_MIN_SCORE=2 -- gate is ON).
2026-09-18 13:32:33,330 | [XYL] choppy/sideways (ADX 12.6) -> mean-reversion strategy | Signal: HOLD | Shares held: 0.0 | Last price: $107.59
2026-09-18 13:32:33,330 | [XYL] ACTION: No trade.
2026-09-18 13:32:33,396 | [XYZ] choppy/sideways (ADX 10.6) -> mean-reversion strategy | Signal: HOLD | Shares held: 0.0 | Last price: $76.48
2026-09-18 13:32:33,396 | [XYZ] ACTION: No trade.
2026-09-18 13:32:33,467 | [YUM] choppy/sideways (ADX 15.4) -> mean-reversion strategy | Signal: HOLD | Shares held: 0.0 | Last price: $135.81
2026-09-18 13:32:33,467 | [YUM] ACTION: No trade.
2026-09-18 13:32:33,532 | [ZBH] trending (ADX 39.6) -> trend-following strategy | Signal: HOLD | Shares held: 0.0 | Last price: $94.27
2026-09-18 13:32:33,532 | [ZBH] ACTION: No trade.
2026-09-18 13:32:33,604 | [ZBRA] choppy/sideways (ADX 19.3) -> mean-reversion strategy | Signal: HOLD | Shares held: 0.0 | Last price: $348.02
2026-09-18 13:32:33,604 | [ZBRA] ACTION: No trade.
2026-09-18 13:32:33,674 | [ZTS] choppy/sideways (ADX 22.7) -> mean-reversion strategy | Signal: HOLD | Shares held: 0.0 | Last price: $73.02
2026-09-18 13:32:33,674 | [ZTS] ACTION: No trade.
2026-09-18 13:47:34,252 | Market is open (closes 2026-09-18 22:00:00 CEST your local time). Checking 490 symbols: A, AAPL, ABBV, ABNB, ABT, ACGL, ACN, ADBE, ADI, ADM, ADP, ADSK, AEE, AEP, AES, AFL, AIG, AIZ, AJG, AKAM, ALB, ALGN, ALL, ALLE, AMAT, AMCR, AMD, AME, AMGN, AMP, AMT, AMZN, ANET, AON, APA, APD, APH, APO, APP, APTV, ARE, ARES, ATO, AVGO, AVY, AWK, AXON, AXP, AZO, BA, BAC, BALL, BAX, BBY, BDX, BG, BIIB, BKNG, BKR, BLDR, BLK, BMY, BNY, BR, BRK.B, BRO, BSX, BX, C, CAH, CARR, CASY, CAT, CB, CBOE, CBRE, CCI, CCL, CDNS, CDW, CEG, CF, CFG, CHD, CHRW, CHTR, CI, CIEN, CINF, CL, CLX, CMCSA, CME, CMG, CMI, CMS, CNC, CNP, COF, COHR, COIN, COO, COP, COR, COST, CPAY, CPRT, CPT, CRH, CRL, CRM, CRWD, CSCO, CSGP, CSX, CTAS, CTSH, CTVA, CVNA, CVS, CVX, D, DAL, DASH, DD, DDOG, DE, DECK, DELL, DG, DGX, DHI, DHR, DIS, DLR, DLTR, DOC, DOV, DOW, DPZ, DRI, DTE, DUK, DVA, DVN, DXCM, EBAY, ECHO, ECL, ED, EFX, EG, EIX, EL, ELV, EME, EMR, EOG, EQIX, EQT, ES, ESS, ETN, ETR, EVRG, EW, EXC, EXE, EXPD, EXPE, EXR, F, FANG, FAST, FCX, FDS, FDX, FDXF, FE, FERG, FFIV, FICO, FIS, FISV, FITB, FIX, FLEX, FOXA, FSLR, FTNT, FTV, GD, GDDY, GE, GEHC, GEN, GEV, GILD, GIS, GLW, GM, GNRC, GOOG, GOOGL, GPC, GPN, GRMN, GS, GWW, HAL, HAS, HBAN, HCA, HD, HIG, HII, HLT, HON, HONA, HOOD, HPE, HPQ, HSIC, HST, HSY, HUBB, HUM, HWM, IBKR, IBM, ICE, IDXX, IEX, IFF, INCY, INTC, INTU, INVH, IP, IQV, IR, IRM, ISRG, IT, ITW, IVZ, J, JBHT, JBL, JCI, JKHY, JNJ, JPM, KDP, KEY, KEYS, KHC, KIM, KKR, KLAC, KMB, KMI, KO, KR, KVUE, L, LDOS, LEN, LH, LHX, LII, LIN, LITE, LLY, LMT, LNT, LOW, LRCX, LULU, LUV, LVS, LYB, LYV, MA, MAA, MAR, MAS, MCD, MCHP, MCK, MCO, MDLZ, MDT, MET, META, MKC, MLM, MMM, MNST, MO, MOS, MPC, MPWR, MRK, MRNA, MRSH, MRVL, MS, MSCI, MSFT, MSI, MTB, MTD, MU, NCLH, NDAQ, NDSN, NEE, NEM, NFLX, NI, NKE, NOC, NOW, NRG, NSC, NTAP, NTRS, NUE, NVDA, NVR, NWSA, NXPI, O, ODFL, OKE, OMC, ON, ORCL, ORLY, OTIS, OXY, PANW, PAYX, PCAR, PCG, PEG, PEP, PFE, PFG, PG, PGR, PH, PHM, PKG, PLD, PLTR, PM, PNC, PNR, PODD, PPG, PPL, PRU, PSA, PSKY, PSX, PTC, PWR, PYPL, Q, QCOM, RCL, RDDT, REG, REGN, RF, RJF, RL, RMD, ROK, ROL, ROP, ROST, RSG, RTX, RVTY, SBAC, SBUX, SCHW, SHW, SJM, SLB, SMCI, SNA, SNDK, SNPS, SO, SPG, SPGI, SRE, STE, STLD, STT, STX, STZ, SW, SWK, SWKS, SYF, SYK, SYY, T, TAP, TDG, TDY, TECH, TEL, TER, TFC, TGT, TJX, TKO, TMO, TMUS, TPL, TPR, TRGP, TRMB, TROW, TRV, TSCO, TSLA, TSN, TT, TTD, TTWO, TXN, TXT, TYL, UAL, UBER, UDR, UHS, ULTA, UNH, UNP, UPS, URI, USB, V, VEEV, VICI, VLO, VLTO, VMC, VMRK, VRSK, VRSN, VRT, VRTX, VST, VTR, VTRS, VZ, WAB, WAT, WBD, WDAY, WDC, WEC, WELL, WFC, WM, WMB, WMT, WRB, WSM, WST, WTW, WY, WYNN, XEL, XOM, XYL, XYZ, YUM, ZBH, ZBRA, ZTS
2026-09-18 13:48:02,554 | [A] trending (ADX 34.2) -> trend-following strategy | Signal: HOLD | Shares held: 0.0 | Last price: $155.43
2026-09-18 13:48:02,554 | [A] ACTION: No trade.
2026-09-18 13:48:02,574 | [AAPL] trending (ADX 35.3) -> trend-following strategy | Signal: HOLD | Shares held: 0.0 | Last price: $335.79
2026-09-18 13:48:02,574 | [AAPL] ACTION: No trade.
2026-09-18 13:48:02,594 | [ABBV] choppy/sideways (ADX 18.2) -> mean-reversion strategy | Signal: HOLD | Shares held: 0.0 | Last price: $264.24
2026-09-18 13:48:02,594 | [ABBV] ACTION: No trade.
2026-09-18 13:48:02,614 | [ABNB] trending (ADX 27.2) -> trend-following strategy | Signal: HOLD | Shares held: 0.0 | Last price: $165.59
2026-09-18 13:48:02,614 | [ABNB] ACTION: No trade.
2026-09-18 13:48:02,634 | [ABT] trending (ADX 27.7) -> trend-following strategy | Signal: HOLD | Shares held: 0.0 | Last price: $102.15
2026-09-18 13:48:02,634 | [ABT] ACTION: No trade.
2026-09-18 13:48:02,654 | [ACGL] choppy/sideways (ADX 12.6) -> mean-reversion strategy | Signal: HOLD | Shares held: 0.0 | Last price: $95.89
2026-09-18 13:48:02,654 | [ACGL] ACTION: No trade.
2026-09-18 13:48:02,674 | [ACN] choppy/sideways (ADX 18.8) -> mean-reversion strategy | Signal: HOLD | Shares held: 0.0 | Last price: $185.18
2026-09-18 13:48:02,674 | [ACN] ACTION: No trade.
2026-09-18 13:48:02,694 | [ADBE] choppy/sideways (ADX 20.0) -> mean-reversion strategy | Signal: HOLD | Shares held: 0.0 | Last price: $249.22
2026-09-18 13:48:02,694 | [ADBE] ACTION: No trade.
2026-09-18 13:48:02,714 | [ADI] choppy/sideways (ADX 14.3) -> mean-reversion strategy | Signal: HOLD | Shares held: 0.0 | Last price: $367.50
2026-09-18 13:48:02,714 | [ADI] ACTION: No trade.
2026-09-18 13:48:02,734 | [ADM] trending (ADX 31.0) -> trend-following strategy | Signal: HOLD | Shares held: 0.0 | Last price: $86.28
2026-09-18 13:48:02,734 | [ADM] ACTION: No trade.
2026-09-18 13:48:02,754 | [ADP] trending (ADX 35.5) -> trend-following strategy | Signal: HOLD | Shares held: 0.0 | Last price: $269.54
2026-09-18 13:48:02,754 | [ADP] ACTION: No trade.
2026-09-18 13:48:02,775 | [ADSK] trending (ADX 28.0) -> trend-following strategy | Signal: HOLD | Shares held: 0.0 | Last price: $218.72
2026-09-18 13:48:02,775 | [ADSK] ACTION: No trade.
2026-09-18 13:48:02,795 | [AEE] choppy/sideways (ADX 12.9) -> mean-reversion strategy | Signal: HOLD | Shares held: 0.0 | Last price: $102.71
2026-09-18 13:48:02,795 | [AEE] ACTION: No trade.
2026-09-18 13:48:02,815 | [AEP] choppy/sideways (ADX 14.3) -> mean-reversion strategy | Signal: HOLD | Shares held: 0.0 | Last price: $120.42
2026-09-18 13:48:02,815 | [AEP] ACTION: No trade.
2026-09-18 13:48:02,835 | [AES] trending (ADX 64.1) -> trend-following strategy | Signal: HOLD | Shares held: 0.0 | Last price: $14.85
2026-09-18 13:48:02,835 | [AES] ACTION: No trade.
2026-09-18 13:48:02,855 | [AFL] choppy/sideways (ADX 23.0) -> mean-reversion strategy | Signal: HOLD | Shares held: 0.0 | Last price: $115.64
2026-09-18 13:48:02,855 | [AFL] ACTION: No trade.
2026-09-18 13:48:02,875 | [AIG] choppy/sideways (ADX 13.4) -> mean-reversion strategy | Signal: HOLD | Shares held: 0.0 | Last price: $75.36
2026-09-18 13:48:02,875 | [AIG] ACTION: No trade.
2026-09-18 13:48:02,895 | [AIZ] choppy/sideways (ADX 23.1) -> mean-reversion strategy | Signal: HOLD | Shares held: 0.0 | Last price: $280.00
2026-09-18 13:48:02,895 | [AIZ] ACTION: No trade.
2026-09-18 13:48:02,915 | [AJG] choppy/sideways (ADX 18.8) -> mean-reversion strategy | Signal: HOLD | Shares held: 0.0 | Last price: $239.38
2026-09-18 13:48:02,915 | [AJG] ACTION: No trade.
2026-09-18 13:48:02,935 | [AKAM] choppy/sideways (ADX 20.6) -> mean-reversion strategy | Signal: HOLD | Shares held: 0.0 | Last price: $105.46
2026-09-18 13:48:02,935 | [AKAM] ACTION: No trade.
2026-09-18 13:48:02,956 | [ALB] trending (ADX 38.6) -> trend-following strategy | Signal: HOLD | Shares held: 0.0 | Last price: $112.70
2026-09-18 13:48:02,956 | [ALB] ACTION: No trade.
2026-09-18 13:48:02,976 | [ALGN] choppy/sideways (ADX 23.5) -> mean-reversion strategy | Signal: HOLD | Shares held: 0.0 | Last price: $147.23
2026-09-18 13:48:02,976 | [ALGN] ACTION: No trade.
2026-09-18 13:48:02,996 | [ALL] trending (ADX 35.1) -> trend-following strategy | Signal: HOLD | Shares held: 0.0 | Last price: $248.62
2026-09-18 13:48:02,996 | [ALL] ACTION: No trade.
2026-09-18 13:48:03,016 | [ALLE] choppy/sideways (ADX 19.5) -> mean-reversion strategy | Signal: HOLD | Shares held: 0.0 | Last price: $152.74
2026-09-18 13:48:03,016 | [ALLE] ACTION: No trade.
2026-09-18 13:48:03,037 | [AMAT] choppy/sideways (ADX 20.7) -> mean-reversion strategy | Signal: HOLD | Shares held: 0.0 | Last price: $427.99
2026-09-18 13:48:03,037 | [AMAT] ACTION: No trade.
2026-09-18 13:48:03,057 | [AMCR] choppy/sideways (ADX 18.9) -> mean-reversion strategy | Signal: HOLD | Shares held: 0.0 | Last price: $42.09
2026-09-18 13:48:03,057 | [AMCR] ACTION: No trade.
2026-09-18 13:48:03,077 | [AMD] trending (ADX 42.7) -> trend-following strategy | Signal: HOLD | Shares held: 0.0 | Last price: $548.11
2026-09-18 13:48:03,077 | [AMD] ACTION: No trade.
2026-09-18 13:48:03,097 | [AME] choppy/sideways (ADX 10.5) -> mean-reversion strategy | Signal: HOLD | Shares held: 0.0 | Last price: $235.44
2026-09-18 13:48:03,097 | [AME] ACTION: No trade.
2026-09-18 13:48:03,118 | [AMGN] choppy/sideways (ADX 21.4) -> mean-reversion strategy | Signal: HOLD | Shares held: 0.0 | Last price: $381.88
2026-09-18 13:48:03,118 | [AMGN] ACTION: No trade.
2026-09-18 13:48:03,138 | [AMP] choppy/sideways (ADX 13.7) -> mean-reversion strategy | Signal: HOLD | Shares held: 0.0 | Last price: $543.02
2026-09-18 13:48:03,138 | [AMP] ACTION: No trade.
2026-09-18 13:48:03,158 | [AMT] trending (ADX 30.9) -> trend-following strategy | Signal: HOLD | Shares held: 0.0 | Last price: $173.78
2026-09-18 13:48:03,158 | [AMT] ACTION: No trade.
2026-09-18 13:48:03,178 | [AMZN] trending (ADX 26.7) -> trend-following strategy | Signal: HOLD | Shares held: 0.0 | Last price: $252.66
2026-09-18 13:48:03,178 | [AMZN] ACTION: No trade.
2026-09-18 13:48:03,198 | [ANET] choppy/sideways (ADX 19.0) -> mean-reversion strategy | Signal: HOLD | Shares held: 0.0 | Last price: $200.16
2026-09-18 13:48:03,198 | [ANET] ACTION: No trade.
2026-09-18 13:48:03,218 | [AON] choppy/sideways (ADX 18.6) -> mean-reversion strategy | Signal: HOLD | Shares held: 0.0 | Last price: $293.94
2026-09-18 13:48:03,218 | [AON] ACTION: No trade.
2026-09-18 13:48:03,238 | [APA] choppy/sideways (ADX 16.4) -> mean-reversion strategy | Signal: HOLD | Shares held: 0.0 | Last price: $45.10
2026-09-18 13:48:03,239 | [APA] ACTION: No trade.
2026-09-18 13:48:03,259 | [APD] choppy/sideways (ADX 13.8) -> mean-reversion strategy | Signal: HOLD | Shares held: 0.0 | Last price: $283.50
2026-09-18 13:48:03,259 | [APD] ACTION: No trade.
2026-09-18 13:48:03,279 | [APH] trending (ADX 28.7) -> trend-following strategy | Signal: HOLD | Shares held: 0.0 | Last price: $78.90
2026-09-18 13:48:03,279 | [APH] ACTION: No trade.
2026-09-18 13:48:03,299 | [APO] choppy/sideways (ADX 15.8) -> mean-reversion strategy | Signal: HOLD | Shares held: 0.0 | Last price: $125.27
2026-09-18 13:48:03,299 | [APO] ACTION: No trade.
2026-09-18 13:48:03,319 | [APP] choppy/sideways (ADX 14.7) -> mean-reversion strategy | Signal: HOLD | Shares held: 0.0 | Last price: $319.70
2026-09-18 13:48:03,320 | [APP] ACTION: No trade.
2026-09-18 13:48:03,340 | [APTV] choppy/sideways (ADX 20.1) -> mean-reversion strategy | Signal: HOLD | Shares held: 0.0 | Last price: $43.48
2026-09-18 13:48:03,340 | [APTV] ACTION: No trade.
2026-09-18 13:48:03,360 | [ARE] trending (ADX 36.6) -> trend-following strategy | Signal: HOLD | Shares held: 0.0 | Last price: $56.58
2026-09-18 13:48:03,360 | [ARE] ACTION: No trade.
2026-09-18 13:48:03,380 | [ARES] choppy/sideways (ADX 18.2) -> mean-reversion strategy | Signal: HOLD | Shares held: 0.0 | Last price: $124.56
2026-09-18 13:48:03,380 | [ARES] ACTION: No trade.
2026-09-18 13:48:03,400 | [ATO] choppy/sideways (ADX 18.8) -> mean-reversion strategy | Signal: HOLD | Shares held: 0.0 | Last price: $160.28
2026-09-18 13:48:03,400 | [ATO] ACTION: No trade.
2026-09-18 13:48:03,420 | [AVGO] trending (ADX 38.4) -> trend-following strategy | Signal: HOLD | Shares held: 0.0 | Last price: $361.13
2026-09-18 13:48:03,420 | [AVGO] ACTION: No trade.
2026-09-18 13:48:03,440 | [AVY] choppy/sideways (ADX 19.1) -> mean-reversion strategy | Signal: HOLD | Shares held: 0.0 | Last price: $168.63
2026-09-18 13:48:03,441 | [AVY] ACTION: No trade.
2026-09-18 13:48:03,461 | [AWK] choppy/sideways (ADX 23.9) -> mean-reversion strategy | Signal: HOLD | Shares held: 0.0 | Last price: $135.88
2026-09-18 13:48:03,461 | [AWK] ACTION: No trade.
2026-09-18 13:48:03,481 | [AXON] choppy/sideways (ADX 17.3) -> mean-reversion strategy | Signal: HOLD | Shares held: 0.0 | Last price: $449.79
2026-09-18 13:48:03,481 | [AXON] ACTION: No trade.
2026-09-18 13:48:03,501 | [AXP] choppy/sideways (ADX 21.8) -> mean-reversion strategy | Signal: HOLD | Shares held: 0.0 | Last price: $309.60
2026-09-18 13:48:03,501 | [AXP] ACTION: No trade.
2026-09-18 13:48:03,521 | [AZO] choppy/sideways (ADX 22.8) -> mean-reversion strategy | Signal: HOLD | Shares held: 0.0 | Last price: $2829.64
2026-09-18 13:48:03,521 | [AZO] ACTION: No trade.
2026-09-18 13:48:03,542 | [BA] trending (ADX 32.5) -> trend-following strategy | Signal: HOLD | Shares held: 0.0 | Last price: $197.62
2026-09-18 13:48:03,542 | [BA] ACTION: No trade.
2026-09-18 13:48:03,562 | [BAC] choppy/sideways (ADX 12.4) -> mean-reversion strategy | Signal: HOLD | Shares held: 0.0 | Last price: $57.78
2026-09-18 13:48:03,562 | [BAC] ACTION: No trade.
2026-09-18 13:48:03,582 | [BALL] choppy/sideways (ADX 8.5) -> mean-reversion strategy | Signal: HOLD | Shares held: 0.0 | Last price: $60.77
2026-09-18 13:48:03,582 | [BALL] ACTION: No trade.
2026-09-18 13:48:03,602 | [BAX] choppy/sideways (ADX 14.8) -> mean-reversion strategy | Signal: HOLD | Shares held: 0.0 | Last price: $22.87
2026-09-18 13:48:03,602 | [BAX] ACTION: No trade.
2026-09-18 13:48:03,623 | [BBY] choppy/sideways (ADX 17.4) -> mean-reversion strategy | Signal: HOLD | Shares held: 0.0 | Last price: $93.28
2026-09-18 13:48:03,623 | [BBY] ACTION: No trade.
2026-09-18 13:48:03,642 | [BDX] trending (ADX 30.9) -> trend-following strategy | Signal: HOLD | Shares held: 0.0 | Last price: $180.10
2026-09-18 13:48:03,643 | [BDX] ACTION: No trade.
2026-09-18 13:48:03,662 | [BG] choppy/sideways (ADX 17.7) -> mean-reversion strategy | Signal: HOLD | Shares held: 0.0 | Last price: $118.28
2026-09-18 13:48:03,663 | [BG] ACTION: No trade.
2026-09-18 13:48:03,683 | [BIIB] choppy/sideways (ADX 21.4) -> mean-reversion strategy | Signal: HOLD | Shares held: 0.0 | Last price: $217.93
2026-09-18 13:48:03,683 | [BIIB] ACTION: No trade.
2026-09-18 13:48:03,703 | [BKNG] trending (ADX 26.7) -> trend-following strategy | Signal: HOLD | Shares held: 0.0 | Last price: $169.71
2026-09-18 13:48:03,703 | [BKNG] ACTION: No trade.
2026-09-18 13:48:03,723 | [BKR] choppy/sideways (ADX 12.4) -> mean-reversion strategy | Signal: HOLD | Shares held: 0.0 | Last price: $56.52
2026-09-18 13:48:03,723 | [BKR] ACTION: No trade.
2026-09-18 13:48:03,743 | [BLDR] choppy/sideways (ADX 16.9) -> mean-reversion strategy | Signal: HOLD | Shares held: 0.0 | Last price: $57.21
2026-09-18 13:48:03,743 | [BLDR] ACTION: No trade.
2026-09-18 13:48:03,763 | [BLK] choppy/sideways (ADX 18.2) -> mean-reversion strategy | Signal: HOLD | Shares held: 0.0 | Last price: $1047.91
2026-09-18 13:48:03,763 | [BLK] ACTION: No trade.
2026-09-18 13:48:03,783 | [BMY] trending (ADX 25.0) -> trend-following strategy | Signal: HOLD | Shares held: 0.0 | Last price: $62.36
2026-09-18 13:48:03,784 | [BMY] ACTION: No trade.
2026-09-18 13:48:03,804 | [BNY] choppy/sideways (ADX 13.2) -> mean-reversion strategy | Signal: HOLD | Shares held: 0.0 | Last price: $152.69
2026-09-18 13:48:03,804 | [BNY] ACTION: No trade.
2026-09-18 13:48:03,824 | [BR] trending (ADX 54.7) -> trend-following strategy | Signal: HOLD | Shares held: 0.0 | Last price: $162.91
2026-09-18 13:48:03,824 | [BR] ACTION: No trade.
2026-09-18 13:48:03,844 | [BRK.B] trending (ADX 37.5) -> trend-following strategy | Signal: HOLD | Shares held: 0.0 | Last price: $507.65
2026-09-18 13:48:03,844 | [BRK.B] ACTION: No trade.
2026-09-18 13:48:03,864 | [BRO] choppy/sideways (ADX 18.4) -> mean-reversion strategy | Signal: HOLD | Shares held: 0.0 | Last price: $64.48
2026-09-18 13:48:03,864 | [BRO] ACTION: No trade.
2026-09-18 13:48:03,884 | [BSX] choppy/sideways (ADX 23.0) -> mean-reversion strategy | Signal: HOLD | Shares held: 0.0 | Last price: $43.55
2026-09-18 13:48:03,884 | [BSX] ACTION: No trade.
2026-09-18 13:48:03,904 | [BX] choppy/sideways (ADX 12.6) -> mean-reversion strategy | Signal: HOLD | Shares held: 0.0 | Last price: $124.68
2026-09-18 13:48:03,904 | [BX] ACTION: No trade.
2026-09-18 13:48:03,925 | [C] choppy/sideways (ADX 9.6) -> mean-reversion strategy | Signal: HOLD | Shares held: 0.0 | Last price: $132.26
2026-09-18 13:48:03,925 | [C] ACTION: No trade.
2026-09-18 13:48:03,945 | [CAH] trending (ADX 44.1) -> trend-following strategy | Signal: HOLD | Shares held: 0.0 | Last price: $222.93
2026-09-18 13:48:03,945 | [CAH] ACTION: No trade.
2026-09-18 13:48:03,965 | [CARR] choppy/sideways (ADX 10.0) -> mean-reversion strategy | Signal: HOLD | Shares held: 0.0 | Last price: $54.33
2026-09-18 13:48:03,965 | [CARR] ACTION: No trade.
2026-09-18 13:48:03,985 | [CASY] trending (ADX 33.0) -> trend-following strategy | Signal: HOLD | Shares held: 0.0 | Last price: $605.25
2026-09-18 13:48:03,985 | [CASY] ACTION: No trade.
2026-09-18 13:48:04,005 | [CAT] choppy/sideways (ADX 21.3) -> mean-reversion strategy | Signal: HOLD | Shares held: 0.0 | Last price: $808.78
2026-09-18 13:48:04,005 | [CAT] ACTION: No trade.
2026-09-18 13:48:04,026 | [CB] choppy/sideways (ADX 16.5) -> mean-reversion strategy | Signal: HOLD | Shares held: 0.0 | Last price: $339.20
2026-09-18 13:48:04,026 | [CB] ACTION: No trade.
2026-09-18 13:48:04,046 | [CBOE] choppy/sideways (ADX 16.4) -> mean-reversion strategy | Signal: HOLD | Shares held: 0.0 | Last price: $266.39
2026-09-18 13:48:04,046 | [CBOE] ACTION: No trade.
2026-09-18 13:48:04,066 | [CBRE] choppy/sideways (ADX 17.5) -> mean-reversion strategy | Signal: HOLD | Shares held: 0.0 | Last price: $138.12
2026-09-18 13:48:04,066 | [CBRE] ACTION: No trade.
2026-09-18 13:48:04,086 | [CCI] choppy/sideways (ADX 13.2) -> mean-reversion strategy | Signal: HOLD | Shares held: 0.0 | Last price: $72.86
2026-09-18 13:48:04,087 | [CCI] ACTION: No trade.
2026-09-18 13:48:04,106 | [CCL] choppy/sideways (ADX 15.4) -> mean-reversion strategy | Signal: HOLD | Shares held: 0.0 | Last price: $22.10
2026-09-18 13:48:04,107 | [CCL] ACTION: No trade.
2026-09-18 13:48:04,126 | [CDNS] choppy/sideways (ADX 19.8) -> mean-reversion strategy | Signal: HOLD | Shares held: 0.0 | Last price: $281.94
2026-09-18 13:48:04,127 | [CDNS] ACTION: No trade.
2026-09-18 13:48:04,147 | [CDW] choppy/sideways (ADX 17.8) -> mean-reversion strategy | Signal: HOLD | Shares held: 0.0 | Last price: $147.14
2026-09-18 13:48:04,147 | [CDW] ACTION: No trade.
2026-09-18 13:48:04,167 | [CEG] choppy/sideways (ADX 16.9) -> mean-reversion strategy | Signal: HOLD | Shares held: 0.0 | Last price: $260.40
2026-09-18 13:48:04,167 | [CEG] ACTION: No trade.
2026-09-18 13:48:04,187 | [CF] choppy/sideways (ADX 18.5) -> mean-reversion strategy | Signal: HOLD | Shares held: 0.0 | Last price: $131.42
2026-09-18 13:48:04,187 | [CF] ACTION: No trade.
2026-09-18 13:48:04,207 | [CFG] choppy/sideways (ADX 13.5) -> mean-reversion strategy | Signal: HOLD | Shares held: 0.0 | Last price: $67.15
2026-09-18 13:48:04,207 | [CFG] ACTION: No trade.
2026-09-18 13:48:04,227 | [CHD] choppy/sideways (ADX 25.0) -> mean-reversion strategy | Signal: HOLD | Shares held: 0.0 | Last price: $94.71
2026-09-18 13:48:04,227 | [CHD] ACTION: No trade.
2026-09-18 13:48:04,253 | [CHRW] choppy/sideways (ADX 22.3) -> mean-reversion strategy | Signal: HOLD | Shares held: 0.0 | Last price: $152.68
2026-09-18 13:48:04,253 | [CHRW] ACTION: No trade.
2026-09-18 13:48:04,274 | [CHTR] trending (ADX 33.1) -> trend-following strategy | Signal: HOLD | Shares held: 0.0 | Last price: $130.35
2026-09-18 13:48:04,274 | [CHTR] ACTION: No trade.
2026-09-18 13:48:04,294 | [CI] trending (ADX 40.8) -> trend-following strategy | Signal: HOLD | Shares held: 0.0 | Last price: $274.83
2026-09-18 13:48:04,294 | [CI] ACTION: No trade.
2026-09-18 13:48:04,315 | [CIEN] choppy/sideways (ADX 24.8) -> mean-reversion strategy | Signal: HOLD | Shares held: 0.0 | Last price: $347.62
2026-09-18 13:48:04,315 | [CIEN] ACTION: No trade.
2026-09-18 13:48:04,335 | [CINF] trending (ADX 25.7) -> trend-following strategy | Signal: HOLD | Shares held: 0.0 | Last price: $168.34
2026-09-18 13:48:04,335 | [CINF] ACTION: No trade.
2026-09-18 13:48:04,355 | [CL] choppy/sideways (ADX 16.8) -> mean-reversion strategy | Signal: HOLD | Shares held: 0.0 | Last price: $87.22
2026-09-18 13:48:04,355 | [CL] ACTION: No trade.
2026-09-18 13:48:04,376 | [CLX] choppy/sideways (ADX 22.0) -> mean-reversion strategy | Signal: HOLD | Shares held: 0.0 | Last price: $84.25
2026-09-18 13:48:04,376 | [CLX] ACTION: No trade.
2026-09-18 13:48:04,396 | [CMCSA] trending (ADX 53.6) -> trend-following strategy | Signal: HOLD | Shares held: 0.0 | Last price: $22.57
2026-09-18 13:48:04,396 | [CMCSA] ACTION: No trade.
2026-09-18 13:48:04,416 | [CME] choppy/sideways (ADX 17.8) -> mean-reversion strategy | Signal: HOLD | Shares held: 0.0 | Last price: $271.61
2026-09-18 13:48:04,416 | [CME] ACTION: No trade.
2026-09-18 13:48:04,436 | [CMG] choppy/sideways (ADX 24.1) -> mean-reversion strategy | Signal: HOLD | Shares held: 0.0 | Last price: $32.98
2026-09-18 13:48:04,436 | [CMG] ACTION: No trade.
2026-09-18 13:48:04,456 | [CMI] choppy/sideways (ADX 10.8) -> mean-reversion strategy | Signal: HOLD | Shares held: 0.0 | Last price: $527.79
2026-09-18 13:48:04,456 | [CMI] ACTION: No trade.
2026-09-18 13:48:04,481 | [CMS] choppy/sideways (ADX 12.6) -> mean-reversion strategy | Signal: HOLD | Shares held: 0.0 | Last price: $65.50
2026-09-18 13:48:04,481 | [CMS] ACTION: No trade.
2026-09-18 13:48:04,503 | [CNC] choppy/sideways (ADX 13.2) -> mean-reversion strategy | Signal: HOLD | Shares held: 0.0 | Last price: $66.06
2026-09-18 13:48:04,503 | [CNC] ACTION: No trade.
2026-09-18 13:48:04,523 | [CNP] choppy/sideways (ADX 25.0) -> mean-reversion strategy | Signal: HOLD | Shares held: 0.0 | Last price: $38.15
2026-09-18 13:48:04,523 | [CNP] ACTION: No trade.
2026-09-18 13:48:04,544 | [COF] choppy/sideways (ADX 14.7) -> mean-reversion strategy | Signal: HOLD | Shares held: 0.0 | Last price: $201.91
2026-09-18 13:48:04,544 | [COF] ACTION: No trade.
2026-09-18 13:48:04,564 | [COHR] choppy/sideways (ADX 19.7) -> mean-reversion strategy | Signal: HOLD | Shares held: 0.0 | Last price: $312.18
2026-09-18 13:48:04,564 | [COHR] ACTION: No trade.
2026-09-18 13:48:04,584 | [COIN] trending (ADX 31.7) -> trend-following strategy | Signal: HOLD | Shares held: 0.0 | Last price: $182.12
2026-09-18 13:48:04,584 | [COIN] ACTION: No trade.
2026-09-18 13:48:04,604 | [COO] choppy/sideways (ADX 23.8) -> mean-reversion strategy | Signal: HOLD | Shares held: 0.0 | Last price: $55.06
2026-09-18 13:48:04,604 | [COO] ACTION: No trade.
2026-09-18 13:48:04,624 | [COP] trending (ADX 25.8) -> trend-following strategy | Signal: HOLD | Shares held: 0.0 | Last price: $133.11
2026-09-18 13:48:04,624 | [COP] ACTION: No trade.
2026-09-18 13:48:04,645 | [COR] trending (ADX 57.2) -> trend-following strategy | Signal: HOLD | Shares held: 0.0 | Last price: $304.93
2026-09-18 13:48:04,645 | [COR] ACTION: No trade.
2026-09-18 13:48:04,666 | [COST] trending (ADX 30.3) -> trend-following strategy | Signal: HOLD | Shares held: 0.0 | Last price: $893.71
2026-09-18 13:48:04,666 | [COST] ACTION: No trade.
2026-09-18 13:48:04,687 | [CPAY] choppy/sideways (ADX 17.4) -> mean-reversion strategy | Signal: HOLD | Shares held: 0.0 | Last price: $400.72
2026-09-18 13:48:04,687 | [CPAY] ACTION: No trade.
2026-09-18 13:48:04,707 | [CPRT] trending (ADX 30.5) -> trend-following strategy | Signal: HOLD | Shares held: 0.0 | Last price: $29.36
2026-09-18 13:48:04,707 | [CPRT] ACTION: No trade.
2026-09-18 13:48:04,728 | [CPT] trending (ADX 34.7) -> trend-following strategy | Signal: HOLD | Shares held: 0.0 | Last price: $100.21
2026-09-18 13:48:04,728 | [CPT] ACTION: No trade.
2026-09-18 13:48:04,748 | [CRH] choppy/sideways (ADX 17.0) -> mean-reversion strategy | Signal: HOLD | Shares held: 0.0 | Last price: $86.14
2026-09-18 13:48:04,748 | [CRH] ACTION: No trade.
2026-09-18 13:48:04,768 | [CRL] trending (ADX 26.0) -> trend-following strategy | Signal: SELL | Shares held: 0.0 | Last price: $278.50
2026-09-18 13:48:04,768 | [CRL] ACTION: No trade.
2026-09-18 13:48:04,788 | [CRM] trending (ADX 35.4) -> trend-following strategy | Signal: HOLD | Shares held: 0.0 | Last price: $240.51
2026-09-18 13:48:04,788 | [CRM] ACTION: No trade.
2026-09-18 13:48:04,808 | [CRWD] choppy/sideways (ADX 9.1) -> mean-reversion strategy | Signal: HOLD | Shares held: 0.0 | Last price: $239.88
2026-09-18 13:48:04,809 | [CRWD] ACTION: No trade.
2026-09-18 13:48:04,829 | [CSCO] choppy/sideways (ADX 13.1) -> mean-reversion strategy | Signal: HOLD | Shares held: 0.0 | Last price: $110.50
2026-09-18 13:48:04,829 | [CSCO] ACTION: No trade.
2026-09-18 13:48:04,849 | [CSGP] trending (ADX 49.1) -> trend-following strategy | Signal: HOLD | Shares held: 0.0 | Last price: $29.04
2026-09-18 13:48:04,849 | [CSGP] ACTION: No trade.
2026-09-18 13:48:04,869 | [CSX] choppy/sideways (ADX 22.5) -> mean-reversion strategy | Signal: HOLD | Shares held: 0.0 | Last price: $47.27
2026-09-18 13:48:04,869 | [CSX] ACTION: No trade.
2026-09-18 13:48:04,889 | [CTAS] choppy/sideways (ADX 24.1) -> mean-reversion strategy | Signal: HOLD | Shares held: 0.0 | Last price: $196.80
2026-09-18 13:48:04,889 | [CTAS] ACTION: No trade.
2026-09-18 13:48:04,910 | [CTSH] trending (ADX 28.9) -> trend-following strategy | Signal: SELL | Shares held: 0.0 | Last price: $60.60
2026-09-18 13:48:04,910 | [CTSH] ACTION: No trade.
2026-09-18 13:48:04,930 | [CTVA] choppy/sideways (ADX 19.2) -> mean-reversion strategy | Signal: HOLD | Shares held: 0.0 | Last price: $80.19
2026-09-18 13:48:04,930 | [CTVA] ACTION: No trade.
2026-09-18 13:48:04,956 | [CVNA] choppy/sideways (ADX 17.5) -> mean-reversion strategy | Signal: HOLD | Shares held: 0.0 | Last price: $65.54
2026-09-18 13:48:04,956 | [CVNA] ACTION: No trade.
2026-09-18 13:48:04,977 | [CVS] trending (ADX 32.4) -> trend-following strategy | Signal: HOLD | Shares held: 0.0 | Last price: $88.95
2026-09-18 13:48:04,977 | [CVS] ACTION: No trade.
2026-09-18 13:48:04,997 | [CVX] choppy/sideways (ADX 22.8) -> mean-reversion strategy | Signal: HOLD | Shares held: 0.0 | Last price: $211.69
2026-09-18 13:48:04,997 | [CVX] ACTION: No trade.
2026-09-18 13:48:05,017 | [D] choppy/sideways (ADX 12.7) -> mean-reversion strategy | Signal: HOLD | Shares held: 0.0 | Last price: $63.77
2026-09-18 13:48:05,017 | [D] ACTION: No trade.
2026-09-18 13:48:05,037 | [DAL] choppy/sideways (ADX 19.9) -> mean-reversion strategy | Signal: HOLD | Shares held: 0.0 | Last price: $79.33
2026-09-18 13:48:05,037 | [DAL] ACTION: No trade.
2026-09-18 13:48:05,058 | [DASH] choppy/sideways (ADX 15.9) -> mean-reversion strategy | Signal: HOLD | Shares held: 0.0 | Last price: $195.54
2026-09-18 13:48:05,058 | [DASH] ACTION: No trade.
2026-09-18 13:48:05,078 | [DD] choppy/sideways (ADX 24.0) -> mean-reversion strategy | Signal: HOLD | Shares held: 0.0 | Last price: $128.78
2026-09-18 13:48:05,078 | [DD] ACTION: No trade.
2026-09-18 13:48:05,099 | [DDOG] choppy/sideways (ADX 17.7) -> mean-reversion strategy | Signal: HOLD | Shares held: 0.0 | Last price: $232.60
2026-09-18 13:48:05,099 | [DDOG] ACTION: No trade.
2026-09-18 13:48:05,119 | [DE] trending (ADX 33.6) -> trend-following strategy | Signal: HOLD | Shares held: 0.0 | Last price: $685.41
2026-09-18 13:48:05,119 | [DE] ACTION: No trade.
2026-09-18 13:48:05,139 | [DECK] trending (ADX 32.2) -> trend-following strategy | Signal: HOLD | Shares held: 0.0 | Last price: $79.09
2026-09-18 13:48:05,139 | [DECK] ACTION: No trade.
2026-09-18 13:48:05,163 | [DELL] trending (ADX 33.2) -> trend-following strategy | Signal: HOLD | Shares held: 0.0 | Last price: $588.66
2026-09-18 13:48:05,163 | [DELL] ACTION: No trade.
2026-09-18 13:48:05,185 | [DG] choppy/sideways (ADX 16.8) -> mean-reversion strategy | Signal: HOLD | Shares held: 0.0 | Last price: $123.31
2026-09-18 13:48:05,185 | [DG] ACTION: No trade.
2026-09-18 13:48:05,205 | [DGX] choppy/sideways (ADX 15.4) -> mean-reversion strategy | Signal: HOLD | Shares held: 0.0 | Last price: $246.30
2026-09-18 13:48:05,205 | [DGX] ACTION: No trade.
2026-09-18 13:48:05,226 | [DHI] choppy/sideways (ADX 15.2) -> mean-reversion strategy | Signal: HOLD | Shares held: 0.0 | Last price: $138.90
2026-09-18 13:48:05,226 | [DHI] ACTION: No trade.
2026-09-18 13:48:05,246 | [DHR] trending (ADX 34.0) -> trend-following strategy | Signal: HOLD | Shares held: 0.0 | Last price: $211.73
2026-09-18 13:48:05,246 | [DHR] ACTION: No trade.
2026-09-18 13:48:05,266 | [DIS] trending (ADX 26.6) -> trend-following strategy | Signal: HOLD | Shares held: 0.0 | Last price: $103.60
2026-09-18 13:48:05,266 | [DIS] ACTION: No trade.
2026-09-18 13:48:05,286 | [DLR] choppy/sideways (ADX 23.5) -> mean-reversion strategy | Signal: HOLD | Shares held: 0.0 | Last price: $183.46
2026-09-18 13:48:05,286 | [DLR] ACTION: No trade.
2026-09-18 13:48:05,306 | [DLTR] choppy/sideways (ADX 14.6) -> mean-reversion strategy | Signal: HOLD | Shares held: 0.0 | Last price: $113.33
2026-09-18 13:48:05,306 | [DLTR] ACTION: No trade.
2026-09-18 13:48:05,327 | [DOC] choppy/sideways (ADX 22.1) -> mean-reversion strategy | Signal: HOLD | Shares held: 0.0 | Last price: $20.47
2026-09-18 13:48:05,327 | [DOC] ACTION: No trade.
2026-09-18 13:48:05,347 | [DOV] choppy/sideways (ADX 19.0) -> mean-reversion strategy | Signal: HOLD | Shares held: 0.0 | Last price: $188.72
2026-09-18 13:48:05,347 | [DOV] ACTION: No trade.
2026-09-18 13:48:05,367 | [DOW] choppy/sideways (ADX 17.1) -> mean-reversion strategy | Signal: HOLD | Shares held: 0.0 | Last price: $29.11
2026-09-18 13:48:05,367 | [DOW] ACTION: No trade.
2026-09-18 13:48:05,388 | [DPZ] trending (ADX 32.1) -> trend-following strategy | Signal: HOLD | Shares held: 0.0 | Last price: $295.56
2026-09-18 13:48:05,388 | [DPZ] ACTION: No trade.
2026-09-18 13:48:05,408 | [DRI] trending (ADX 30.6) -> trend-following strategy | Signal: HOLD | Shares held: 0.0 | Last price: $207.68
2026-09-18 13:48:05,408 | [DRI] ACTION: No trade.
2026-09-18 13:48:05,428 | [DTE] choppy/sideways (ADX 13.8) -> mean-reversion strategy | Signal: HOLD | Shares held: 0.0 | Last price: $129.05
2026-09-18 13:48:05,428 | [DTE] ACTION: No trade.
2026-09-18 13:48:05,448 | [DUK] choppy/sideways (ADX 14.9) -> mean-reversion strategy | Signal: HOLD | Shares held: 0.0 | Last price: $117.39
2026-09-18 13:48:05,448 | [DUK] ACTION: No trade.
2026-09-18 13:48:05,469 | [DVA] trending (ADX 47.6) -> trend-following strategy | Signal: HOLD | Shares held: 0.0 | Last price: $184.72
2026-09-18 13:48:05,469 | [DVA] ACTION: No trade.
2026-09-18 13:48:05,489 | [DVN] trending (ADX 32.6) -> trend-following strategy | Signal: HOLD | Shares held: 0.0 | Last price: $48.53
2026-09-18 13:48:05,489 | [DVN] ACTION: No trade.
2026-09-18 13:48:05,509 | [DXCM] choppy/sideways (ADX 13.8) -> mean-reversion strategy | Signal: HOLD | Shares held: 0.0 | Last price: $88.50
2026-09-18 13:48:05,509 | [DXCM] ACTION: No trade.
2026-09-18 13:48:05,529 | [EBAY] choppy/sideways (ADX 22.3) -> mean-reversion strategy | Signal: HOLD | Shares held: 0.0 | Last price: $113.50
2026-09-18 13:48:05,529 | [EBAY] ACTION: No trade.
2026-09-18 13:48:05,549 | [ECHO] choppy/sideways (ADX 15.3) -> mean-reversion strategy | Signal: HOLD | Shares held: 0.0 | Last price: $93.20
2026-09-18 13:48:05,549 | [ECHO] ACTION: No trade.
2026-09-18 13:48:05,570 | [ECL] choppy/sideways (ADX 16.5) -> mean-reversion strategy | Signal: HOLD | Shares held: 0.0 | Last price: $268.90
2026-09-18 13:48:05,570 | [ECL] ACTION: No trade.
2026-09-18 13:48:05,590 | [ED] choppy/sideways (ADX 23.4) -> mean-reversion strategy | Signal: HOLD | Shares held: 0.0 | Last price: $105.81
2026-09-18 13:48:05,590 | [ED] ACTION: No trade.
2026-09-18 13:48:05,610 | [EFX] trending (ADX 40.2) -> trend-following strategy | Signal: HOLD | Shares held: 0.0 | Last price: $158.54
2026-09-18 13:48:05,610 | [EFX] ACTION: No trade.
2026-09-18 13:48:05,630 | [EG] choppy/sideways (ADX 8.4) -> mean-reversion strategy | Signal: HOLD | Shares held: 0.0 | Last price: $375.31
2026-09-18 13:48:05,630 | [EG] ACTION: No trade.
2026-09-18 13:48:05,651 | [EIX] trending (ADX 31.6) -> trend-following strategy | Signal: SELL | Shares held: 0.0 | Last price: $55.02
2026-09-18 13:48:05,651 | [EIX] ACTION: No trade.
2026-09-18 13:48:05,671 | [EL] choppy/sideways (ADX 13.7) -> mean-reversion strategy | Signal: HOLD | Shares held: 0.0 | Last price: $94.31
2026-09-18 13:48:05,671 | [EL] ACTION: No trade.
2026-09-18 13:48:05,691 | [ELV] choppy/sideways (ADX 14.2) -> mean-reversion strategy | Signal: HOLD | Shares held: 0.0 | Last price: $410.05
2026-09-18 13:48:05,691 | [ELV] ACTION: No trade.
2026-09-18 13:48:05,711 | [EME] choppy/sideways (ADX 21.5) -> mean-reversion strategy | Signal: HOLD | Shares held: 0.0 | Last price: $738.63
2026-09-18 13:48:05,711 | [EME] ACTION: No trade.
2026-09-18 13:48:05,731 | [EMR] choppy/sideways (ADX 13.6) -> mean-reversion strategy | Signal: HOLD | Shares held: 0.0 | Last price: $148.09
2026-09-18 13:48:05,731 | [EMR] ACTION: No trade.
2026-09-18 13:48:05,751 | [EOG] trending (ADX 26.2) -> trend-following strategy | Signal: HOLD | Shares held: 0.0 | Last price: $145.43
2026-09-18 13:48:05,751 | [EOG] ACTION: No trade.
2026-09-18 13:48:05,771 | [EQIX] choppy/sideways (ADX 21.8) -> mean-reversion strategy | Signal: HOLD | Shares held: 0.0 | Last price: $1026.55
2026-09-18 13:48:05,771 | [EQIX] ACTION: No trade.
2026-09-18 13:48:05,791 | [EQT] choppy/sideways (ADX 22.8) -> mean-reversion strategy | Signal: HOLD | Shares held: 0.0 | Last price: $50.23
2026-09-18 13:48:05,791 | [EQT] ACTION: No trade.
2026-09-18 13:48:05,812 | [ES] choppy/sideways (ADX 22.8) -> mean-reversion strategy | Signal: HOLD | Shares held: 0.0 | Last price: $68.14
2026-09-18 13:48:05,812 | [ES] ACTION: No trade.
2026-09-18 13:48:05,832 | [ESS] choppy/sideways (ADX 22.9) -> mean-reversion strategy | Signal: HOLD | Shares held: 0.0 | Last price: $268.80
2026-09-18 13:48:05,832 | [ESS] ACTION: No trade.
2026-09-18 13:48:05,852 | [ETN] choppy/sideways (ADX 24.0) -> mean-reversion strategy | Signal: HOLD | Shares held: 0.0 | Last price: $418.69
2026-09-18 13:48:05,852 | [ETN] ACTION: No trade.
2026-09-18 13:48:05,872 | [ETR] choppy/sideways (ADX 19.1) -> mean-reversion strategy | Signal: HOLD | Shares held: 0.0 | Last price: $102.48
2026-09-18 13:48:05,872 | [ETR] ACTION: No trade.
2026-09-18 13:48:05,892 | [EVRG] choppy/sideways (ADX 15.5) -> mean-reversion strategy | Signal: HOLD | Shares held: 0.0 | Last price: $80.06
2026-09-18 13:48:05,892 | [EVRG] ACTION: No trade.
2026-09-18 13:48:05,912 | [EW] choppy/sideways (ADX 17.7) -> mean-reversion strategy | Signal: HOLD | Shares held: 0.0 | Last price: $88.33
2026-09-18 13:48:05,912 | [EW] ACTION: No trade.
2026-09-18 13:48:05,932 | [EXC] choppy/sideways (ADX 10.2) -> mean-reversion strategy | Signal: HOLD | Shares held: 0.0 | Last price: $42.22
2026-09-18 13:48:05,932 | [EXC] ACTION: No trade.
2026-09-18 13:48:05,952 | [EXE] trending (ADX 27.2) -> trend-following strategy | Signal: HOLD | Shares held: 0.0 | Last price: $88.12
2026-09-18 13:48:05,952 | [EXE] ACTION: No trade.
2026-09-18 13:48:05,973 | [EXPD] choppy/sideways (ADX 14.9) -> mean-reversion strategy | Signal: HOLD | Shares held: 0.0 | Last price: $188.42
2026-09-18 13:48:05,973 | [EXPD] ACTION: No trade.
2026-09-18 13:48:05,993 | [EXPE] choppy/sideways (ADX 7.1) -> mean-reversion strategy | Signal: HOLD | Shares held: 0.0 | Last price: $285.00
2026-09-18 13:48:05,993 | [EXPE] ACTION: No trade.
2026-09-18 13:48:06,013 | [EXR] choppy/sideways (ADX 22.4) -> mean-reversion strategy | Signal: HOLD | Shares held: 0.0 | Last price: $138.37
2026-09-18 13:48:06,013 | [EXR] ACTION: No trade.
2026-09-18 13:48:06,033 | [F] choppy/sideways (ADX 23.3) -> mean-reversion strategy | Signal: HOLD | Shares held: 0.0 | Last price: $13.48
2026-09-18 13:48:06,033 | [F] ACTION: No trade.
2026-09-18 13:48:06,053 | [FANG] choppy/sideways (ADX 20.0) -> mean-reversion strategy | Signal: HOLD | Shares held: 0.0 | Last price: $195.70
2026-09-18 13:48:06,054 | [FANG] ACTION: No trade.
2026-09-18 13:48:06,074 | [FAST] choppy/sideways (ADX 17.1) -> mean-reversion strategy | Signal: HOLD | Shares held: 0.0 | Last price: $49.12
2026-09-18 13:48:06,074 | [FAST] ACTION: No trade.
2026-09-18 13:48:06,094 | [FCX] choppy/sideways (ADX 19.5) -> mean-reversion strategy | Signal: HOLD | Shares held: 0.0 | Last price: $71.10
2026-09-18 13:48:06,094 | [FCX] ACTION: No trade.
2026-09-18 13:48:06,116 | [FDS] choppy/sideways (ADX 17.4) -> mean-reversion strategy | Signal: HOLD | Shares held: 0.0 | Last price: $275.87
2026-09-18 13:48:06,116 | [FDS] ACTION: No trade.
2026-09-18 13:48:06,136 | [FDX] trending (ADX 25.0) -> trend-following strategy | Signal: HOLD | Shares held: 0.0 | Last price: $304.81
2026-09-18 13:48:06,137 | [FDX] ACTION: No trade.
2026-09-18 13:48:06,157 | [FDXF] choppy/sideways (ADX 17.9) -> mean-reversion strategy | Signal: HOLD | Shares held: 0.0 | Last price: $121.59
2026-09-18 13:48:06,157 | [FDXF] ACTION: No trade.
2026-09-18 13:48:06,177 | [FE] choppy/sideways (ADX 22.9) -> mean-reversion strategy | Signal: HOLD | Shares held: 0.0 | Last price: $45.28
2026-09-18 13:48:06,177 | [FE] ACTION: No trade.
2026-09-18 13:48:06,197 | [FERG] choppy/sideways (ADX 11.3) -> mean-reversion strategy | Signal: HOLD | Shares held: 0.0 | Last price: $214.78
2026-09-18 13:48:06,197 | [FERG] ACTION: No trade.
2026-09-18 13:48:06,217 | [FFIV] choppy/sideways (ADX 22.8) -> mean-reversion strategy | Signal: HOLD | Shares held: 0.0 | Last price: $432.63
2026-09-18 13:48:06,217 | [FFIV] ACTION: No trade.
2026-09-18 13:48:06,237 | [FICO] trending (ADX 33.3) -> trend-following strategy | Signal: HOLD | Shares held: 0.0 | Last price: $951.75
2026-09-18 13:48:06,237 | [FICO] ACTION: No trade.
2026-09-18 13:48:06,258 | [FIS] trending (ADX 30.3) -> trend-following strategy | Signal: HOLD | Shares held: 0.0 | Last price: $35.74
2026-09-18 13:48:06,258 | [FIS] ACTION: No trade.
2026-09-18 13:48:06,278 | [FISV] choppy/sideways (ADX 16.6) -> mean-reversion strategy | Signal: HOLD | Shares held: 0.0 | Last price: $48.59
2026-09-18 13:48:06,278 | [FISV] ACTION: No trade.
2026-09-18 13:48:06,298 | [FITB] choppy/sideways (ADX 12.7) -> mean-reversion strategy | Signal: HOLD | Shares held: 0.0 | Last price: $53.00
2026-09-18 13:48:06,298 | [FITB] ACTION: No trade.
2026-09-18 13:48:06,318 | [FIX] choppy/sideways (ADX 15.1) -> mean-reversion strategy | Signal: HOLD | Shares held: 0.0 | Last price: $1600.37
2026-09-18 13:48:06,318 | [FIX] ACTION: No trade.
2026-09-18 13:48:06,338 | [FLEX] choppy/sideways (ADX 21.8) -> mean-reversion strategy | Signal: HOLD | Shares held: 0.0 | Last price: $109.09
2026-09-18 13:48:06,338 | [FLEX] ACTION: No trade.
2026-09-18 13:48:06,359 | [FOXA] trending (ADX 30.9) -> trend-following strategy | Signal: HOLD | Shares held: 0.0 | Last price: $63.85
2026-09-18 13:48:06,359 | [FOXA] ACTION: No trade.
2026-09-18 13:48:06,379 | [FSLR] trending (ADX 30.4) -> trend-following strategy | Signal: HOLD | Shares held: 0.0 | Last price: $199.59
2026-09-18 13:48:06,379 | [FSLR] ACTION: No trade.
2026-09-18 13:48:06,399 | [FTNT] trending (ADX 30.2) -> trend-following strategy | Signal: HOLD | Shares held: 0.0 | Last price: $168.71
2026-09-18 13:48:06,399 | [FTNT] ACTION: No trade.
2026-09-18 13:48:06,419 | [FTV] choppy/sideways (ADX 18.5) -> mean-reversion strategy | Signal: HOLD | Shares held: 0.0 | Last price: $54.81
2026-09-18 13:48:06,419 | [FTV] ACTION: No trade.
2026-09-18 13:48:06,439 | [GD] choppy/sideways (ADX 18.8) -> mean-reversion strategy | Signal: HOLD | Shares held: 0.0 | Last price: $355.23
2026-09-18 13:48:06,440 | [GD] ACTION: No trade.
2026-09-18 13:48:06,460 | [GDDY] choppy/sideways (ADX 24.0) -> mean-reversion strategy | Signal: HOLD | Shares held: 0.0 | Last price: $96.31
2026-09-18 13:48:06,460 | [GDDY] ACTION: No trade.
2026-09-18 13:48:06,480 | [GE] choppy/sideways (ADX 19.1) -> mean-reversion strategy | Signal: HOLD | Shares held: 0.0 | Last price: $311.50
2026-09-18 13:48:06,480 | [GE] ACTION: No trade.
2026-09-18 13:48:06,500 | [GEHC] trending (ADX 36.9) -> trend-following strategy | Signal: HOLD | Shares held: 0.0 | Last price: $64.64
2026-09-18 13:48:06,500 | [GEHC] ACTION: No trade.
2026-09-18 13:48:06,520 | [GEN] trending (ADX 26.7) -> trend-following strategy | Signal: HOLD | Shares held: 0.0 | Last price: $29.51
2026-09-18 13:48:06,520 | [GEN] ACTION: No trade.
2026-09-18 13:48:06,540 | [GEV] choppy/sideways (ADX 18.5) -> mean-reversion strategy | Signal: HOLD | Shares held: 0.0 | Last price: $947.34
2026-09-18 13:48:06,540 | [GEV] ACTION: No trade.
2026-09-18 13:48:06,560 | [GILD] trending (ADX 25.3) -> trend-following strategy | Signal: HOLD | Shares held: 0.0 | Last price: $151.49
2026-09-18 13:48:06,560 | [GILD] ACTION: No trade.
2026-09-18 13:48:06,581 | [GIS] choppy/sideways (ADX 14.1) -> mean-reversion strategy | Signal: HOLD | Shares held: 0.0 | Last price: $36.55
2026-09-18 13:48:06,581 | [GIS] ACTION: No trade.
2026-09-18 13:48:06,601 | [GLW] choppy/sideways (ADX 20.9) -> mean-reversion strategy | Signal: HOLD | Shares held: 0.0 | Last price: $153.09
2026-09-18 13:48:06,601 | [GLW] ACTION: No trade.
2026-09-18 13:48:06,621 | [GM] trending (ADX 29.5) -> trend-following strategy | Signal: SELL | Shares held: 0.0 | Last price: $84.93
2026-09-18 13:48:06,621 | [GM] ACTION: No trade.
2026-09-18 13:48:06,641 | [GNRC] trending (ADX 42.7) -> trend-following strategy | Signal: HOLD | Shares held: 0.0 | Last price: $208.98
2026-09-18 13:48:06,641 | [GNRC] ACTION: No trade.
2026-09-18 13:48:06,661 | [GOOG] choppy/sideways (ADX 21.2) -> mean-reversion strategy | Signal: SELL | Shares held: 0.0 | Last price: $352.37
2026-09-18 13:48:06,661 | [GOOG] ACTION: No trade.
2026-09-18 13:48:06,682 | [GOOGL] choppy/sideways (ADX 21.7) -> mean-reversion strategy | Signal: SELL | Shares held: 0.0 | Last price: $356.44
2026-09-18 13:48:06,682 | [GOOGL] ACTION: No trade.
2026-09-18 13:48:06,702 | [GPC] choppy/sideways (ADX 14.5) -> mean-reversion strategy | Signal: HOLD | Shares held: 0.0 | Last price: $129.54
2026-09-18 13:48:06,702 | [GPC] ACTION: No trade.
2026-09-18 13:48:06,722 | [GPN] choppy/sideways (ADX 22.3) -> mean-reversion strategy | Signal: HOLD | Shares held: 0.0 | Last price: $84.64
2026-09-18 13:48:06,722 | [GPN] ACTION: No trade.
2026-09-18 13:48:06,742 | [GRMN] trending (ADX 26.2) -> trend-following strategy | Signal: HOLD | Shares held: 0.0 | Last price: $273.87
2026-09-18 13:48:06,742 | [GRMN] ACTION: No trade.
2026-09-18 13:48:06,762 | [GS] choppy/sideways (ADX 18.5) -> mean-reversion strategy | Signal: HOLD | Shares held: 0.0 | Last price: $946.12
2026-09-18 13:48:06,762 | [GS] ACTION: No trade.
2026-09-18 13:48:06,782 | [GWW] choppy/sideways (ADX 14.1) -> mean-reversion strategy | Signal: HOLD | Shares held: 0.0 | Last price: $1258.84
2026-09-18 13:48:06,782 | [GWW] ACTION: No trade.
2026-09-18 13:48:06,805 | [HAL] trending (ADX 35.2) -> trend-following strategy | Signal: HOLD | Shares held: 0.0 | Last price: $33.86
2026-09-18 13:48:06,805 | [HAL] ACTION: No trade.
2026-09-18 13:48:06,825 | [HAS] choppy/sideways (ADX 17.7) -> mean-reversion strategy | Signal: HOLD | Shares held: 0.0 | Last price: $88.06
2026-09-18 13:48:06,825 | [HAS] ACTION: No trade.
2026-09-18 13:48:06,845 | [HBAN] choppy/sideways (ADX 25.0) -> mean-reversion strategy | Signal: HOLD | Shares held: 0.0 | Last price: $15.80
2026-09-18 13:48:06,845 | [HBAN] ACTION: No trade.
2026-09-18 13:48:06,865 | [HCA] choppy/sideways (ADX 15.2) -> mean-reversion strategy | Signal: HOLD | Shares held: 0.0 | Last price: $431.45
2026-09-18 13:48:06,865 | [HCA] ACTION: No trade.
2026-09-18 13:48:06,886 | [HD] choppy/sideways (ADX 18.1) -> mean-reversion strategy | Signal: HOLD | Shares held: 0.0 | Last price: $298.82
2026-09-18 13:48:06,886 | [HD] ACTION: No trade.
2026-09-18 13:48:06,906 | [HIG] trending (ADX 32.8) -> trend-following strategy | Signal: HOLD | Shares held: 0.0 | Last price: $131.75
2026-09-18 13:48:06,906 | [HIG] ACTION: No trade.
2026-09-18 13:48:06,926 | [HII] choppy/sideways (ADX 11.3) -> mean-reversion strategy | Signal: HOLD | Shares held: 0.0 | Last price: $275.90
2026-09-18 13:48:06,926 | [HII] ACTION: No trade.
2026-09-18 13:48:06,946 | [HLT] choppy/sideways (ADX 19.5) -> mean-reversion strategy | Signal: HOLD | Shares held: 0.0 | Last price: $305.32
2026-09-18 13:48:06,946 | [HLT] ACTION: No trade.
2026-09-18 13:48:06,966 | [HON] choppy/sideways (ADX 11.5) -> mean-reversion strategy | Signal: HOLD | Shares held: 0.0 | Last price: $205.90
2026-09-18 13:48:06,966 | [HON] ACTION: No trade.
2026-09-18 13:48:06,986 | [HONA] choppy/sideways (ADX 16.3) -> mean-reversion strategy | Signal: HOLD | Shares held: 0.0 | Last price: $165.47
2026-09-18 13:48:06,987 | [HONA] ACTION: No trade.
2026-09-18 13:48:07,007 | [HOOD] trending (ADX 29.0) -> trend-following strategy | Signal: HOLD | Shares held: 0.0 | Last price: $113.14
2026-09-18 13:48:07,007 | [HOOD] ACTION: No trade.
2026-09-18 13:48:07,027 | [HPE] trending (ADX 30.8) -> trend-following strategy | Signal: HOLD | Shares held: 0.0 | Last price: $61.60
2026-09-18 13:48:07,027 | [HPE] ACTION: No trade.
2026-09-18 13:48:07,047 | [HPQ] trending (ADX 39.1) -> trend-following strategy | Signal: HOLD | Shares held: 0.0 | Last price: $34.05
2026-09-18 13:48:07,047 | [HPQ] ACTION: No trade.
2026-09-18 13:48:07,067 | [HSIC] trending (ADX 25.4) -> trend-following strategy | Signal: HOLD | Shares held: 0.0 | Last price: $84.89
2026-09-18 13:48:07,067 | [HSIC] ACTION: No trade.
2026-09-18 13:48:07,089 | [HST] choppy/sideways (ADX 11.2) -> mean-reversion strategy | Signal: HOLD | Shares held: 0.0 | Last price: $21.77
2026-09-18 13:48:07,089 | [HST] ACTION: No trade.
2026-09-18 13:48:07,110 | [HSY] trending (ADX 28.6) -> trend-following strategy | Signal: HOLD | Shares held: 0.0 | Last price: $167.00
2026-09-18 13:48:07,111 | [HSY] ACTION: No trade.
2026-09-18 13:48:07,131 | [HUBB] choppy/sideways (ADX 23.8) -> mean-reversion strategy | Signal: HOLD | Shares held: 0.0 | Last price: $446.99
2026-09-18 13:48:07,131 | [HUBB] ACTION: No trade.
2026-09-18 13:48:07,151 | [HUM] choppy/sideways (ADX 21.5) -> mean-reversion strategy | Signal: HOLD | Shares held: 0.0 | Last price: $380.64
2026-09-18 13:48:07,151 | [HUM] ACTION: No trade.
2026-09-18 13:48:07,171 | [HWM] choppy/sideways (ADX 14.3) -> mean-reversion strategy | Signal: HOLD | Shares held: 0.0 | Last price: $226.30
2026-09-18 13:48:07,171 | [HWM] ACTION: No trade.
2026-09-18 13:48:07,191 | [IBKR] choppy/sideways (ADX 20.1) -> mean-reversion strategy | Signal: HOLD | Shares held: 0.0 | Last price: $89.25
2026-09-18 13:48:07,191 | [IBKR] ACTION: No trade.
2026-09-18 13:48:07,211 | [IBM] choppy/sideways (ADX 14.5) -> mean-reversion strategy | Signal: HOLD | Shares held: 0.0 | Last price: $233.41
2026-09-18 13:48:07,211 | [IBM] ACTION: No trade.
2026-09-18 13:48:07,232 | [ICE] choppy/sideways (ADX 14.3) -> mean-reversion strategy | Signal: HOLD | Shares held: 0.0 | Last price: $152.78
2026-09-18 13:48:07,232 | [ICE] ACTION: No trade.
2026-09-18 13:48:07,252 | [IDXX] choppy/sideways (ADX 21.4) -> mean-reversion strategy | Signal: HOLD | Shares held: 0.0 | Last price: $508.50
2026-09-18 13:48:07,252 | [IDXX] ACTION: No trade.
2026-09-18 13:48:07,272 | [IEX] choppy/sideways (ADX 10.7) -> mean-reversion strategy | Signal: HOLD | Shares held: 0.0 | Last price: $222.24
2026-09-18 13:48:07,272 | [IEX] ACTION: No trade.
2026-09-18 13:48:07,292 | [IFF] trending (ADX 25.4) -> trend-following strategy | Signal: SELL | Shares held: 0.0 | Last price: $83.56
2026-09-18 13:48:07,292 | [IFF] ACTION: No trade.
2026-09-18 13:48:07,312 | [INCY] trending (ADX 30.5) -> trend-following strategy | Signal: HOLD | Shares held: 0.0 | Last price: $127.58
2026-09-18 13:48:07,312 | [INCY] ACTION: No trade.
2026-09-18 13:48:07,333 | [INTC] trending (ADX 46.0) -> trend-following strategy | Signal: HOLD | Shares held: 0.0 | Last price: $109.72
2026-09-18 13:48:07,333 | [INTC] ACTION: No trade.
2026-09-18 13:48:07,353 | [INTU] trending (ADX 26.0) -> trend-following strategy | Signal: HOLD | Shares held: 0.0 | Last price: $306.82
2026-09-18 13:48:07,353 | [INTU] ACTION: No trade.
2026-09-18 13:48:07,373 | [INVH] trending (ADX 29.9) -> trend-following strategy | Signal: HOLD | Shares held: 0.0 | Last price: $26.98
2026-09-18 13:48:07,373 | [INVH] ACTION: No trade.
2026-09-18 13:48:07,393 | [IP] trending (ADX 38.1) -> trend-following strategy | Signal: HOLD | Shares held: 0.0 | Last price: $34.80
2026-09-18 13:48:07,393 | [IP] ACTION: No trade.
2026-09-18 13:48:07,413 | [IQV] choppy/sideways (ADX 18.5) -> mean-reversion strategy | Signal: HOLD | Shares held: 0.0 | Last price: $268.00
2026-09-18 13:48:07,413 | [IQV] ACTION: No trade.
2026-09-18 13:48:07,434 | [IR] trending (ADX 30.6) -> trend-following strategy | Signal: HOLD | Shares held: 0.0 | Last price: $72.71
2026-09-18 13:48:07,434 | [IR] ACTION: No trade.
2026-09-18 13:48:07,454 | [IRM] choppy/sideways (ADX 12.5) -> mean-reversion strategy | Signal: HOLD | Shares held: 0.0 | Last price: $113.65
2026-09-18 13:48:07,454 | [IRM] ACTION: No trade.
2026-09-18 13:48:07,474 | [ISRG] trending (ADX 29.9) -> trend-following strategy | Signal: HOLD | Shares held: 0.0 | Last price: $394.00
2026-09-18 13:48:07,474 | [ISRG] ACTION: No trade.
2026-09-18 13:48:07,494 | [IT] trending (ADX 42.3) -> trend-following strategy | Signal: HOLD | Shares held: 0.0 | Last price: $184.52
2026-09-18 13:48:07,494 | [IT] ACTION: No trade.
2026-09-18 13:48:07,514 | [ITW] choppy/sideways (ADX 13.7) -> mean-reversion strategy | Signal: HOLD | Shares held: 0.0 | Last price: $268.05
2026-09-18 13:48:07,514 | [ITW] ACTION: No trade.
2026-09-18 13:48:07,534 | [IVZ] choppy/sideways (ADX 13.2) -> mean-reversion strategy | Signal: HOLD | Shares held: 0.0 | Last price: $30.13
2026-09-18 13:48:07,534 | [IVZ] ACTION: No trade.
2026-09-18 13:48:07,555 | [J] choppy/sideways (ADX 11.0) -> mean-reversion strategy | Signal: HOLD | Shares held: 0.0 | Last price: $143.50
2026-09-18 13:48:07,555 | [J] ACTION: No trade.
2026-09-18 13:48:07,575 | [JBHT] choppy/sideways (ADX 20.1) -> mean-reversion strategy | Signal: HOLD | Shares held: 0.0 | Last price: $236.43
2026-09-18 13:48:07,575 | [JBHT] ACTION: No trade.
2026-09-18 13:48:07,595 | [JBL] choppy/sideways (ADX 12.3) -> mean-reversion strategy | Signal: HOLD | Shares held: 0.0 | Last price: $299.78
2026-09-18 13:48:07,595 | [JBL] ACTION: No trade.
2026-09-18 13:48:07,615 | [JCI] choppy/sideways (ADX 21.9) -> mean-reversion strategy | Signal: HOLD | Shares held: 0.0 | Last price: $141.94
2026-09-18 13:48:07,615 | [JCI] ACTION: No trade.
2026-09-18 13:48:07,636 | [JKHY] choppy/sideways (ADX 13.6) -> mean-reversion strategy | Signal: HOLD | Shares held: 0.0 | Last price: $154.40
2026-09-18 13:48:07,636 | [JKHY] ACTION: No trade.
2026-09-18 13:48:07,656 | [JNJ] choppy/sideways (ADX 19.9) -> mean-reversion strategy | Signal: HOLD | Shares held: 0.0 | Last price: $267.96
2026-09-18 13:48:07,656 | [JNJ] ACTION: No trade.
2026-09-18 13:48:07,676 | [JPM] choppy/sideways (ADX 14.6) -> mean-reversion strategy | Signal: HOLD | Shares held: 0.0 | Last price: $346.08
2026-09-18 13:48:07,676 | [JPM] ACTION: No trade.
2026-09-18 13:48:07,698 | [KDP] choppy/sideways (ADX 22.2) -> mean-reversion strategy | Signal: HOLD | Shares held: 0.0 | Last price: $31.15
2026-09-18 13:48:07,698 | [KDP] ACTION: No trade.
2026-09-18 13:48:07,719 | [KEY] choppy/sideways (ADX 16.1) -> mean-reversion strategy | Signal: HOLD | Shares held: 0.0 | Last price: $20.86
2026-09-18 13:48:07,719 | [KEY] ACTION: No trade.
2026-09-18 13:48:07,739 | [KEYS] trending (ADX 33.9) -> trend-following strategy | Signal: HOLD | Shares held: 0.0 | Last price: $334.30
2026-09-18 13:48:07,739 | [KEYS] ACTION: No trade.
2026-09-18 13:48:07,759 | [KHC] choppy/sideways (ADX 16.6) -> mean-reversion strategy | Signal: HOLD | Shares held: 0.0 | Last price: $24.28
2026-09-18 13:48:07,759 | [KHC] ACTION: No trade.
2026-09-18 13:48:07,779 | [KIM] choppy/sideways (ADX 15.9) -> mean-reversion strategy | Signal: HOLD | Shares held: 0.0 | Last price: $22.46
2026-09-18 13:48:07,779 | [KIM] ACTION: No trade.
2026-09-18 13:48:07,799 | [KKR] choppy/sideways (ADX 15.1) -> mean-reversion strategy | Signal: HOLD | Shares held: 0.0 | Last price: $97.76
2026-09-18 13:48:07,799 | [KKR] ACTION: No trade.
2026-09-18 13:48:07,822 | [KLAC] trending (ADX 32.2) -> trend-following strategy | Signal: HOLD | Shares held: 0.0 | Last price: $171.94
2026-09-18 13:48:07,822 | [KLAC] ACTION: No trade.
2026-09-18 13:48:07,842 | [KMB] choppy/sideways (ADX 18.2) -> mean-reversion strategy | Signal: HOLD | Shares held: 0.0 | Last price: $97.41
2026-09-18 13:48:07,842 | [KMB] ACTION: No trade.
2026-09-18 13:48:07,862 | [KMI] trending (ADX 38.7) -> trend-following strategy | Signal: HOLD | Shares held: 0.0 | Last price: $31.64
2026-09-18 13:48:07,862 | [KMI] ACTION: No trade.
2026-09-18 13:48:07,882 | [KO] choppy/sideways (ADX 18.6) -> mean-reversion strategy | Signal: HOLD | Shares held: 0.0 | Last price: $87.87
2026-09-18 13:48:07,883 | [KO] ACTION: No trade.
2026-09-18 13:48:07,903 | [KR] choppy/sideways (ADX 24.2) -> mean-reversion strategy | Signal: HOLD | Shares held: 0.0 | Last price: $60.55
2026-09-18 13:48:07,903 | [KR] ACTION: No trade.
2026-09-18 13:48:07,923 | [KVUE] choppy/sideways (ADX 18.0) -> mean-reversion strategy | Signal: HOLD | Shares held: 0.0 | Last price: $17.78
2026-09-18 13:48:07,923 | [KVUE] ACTION: No trade.
2026-09-18 13:48:07,943 | [L] choppy/sideways (ADX 12.7) -> mean-reversion strategy | Signal: HOLD | Shares held: 0.0 | Last price: $107.22
2026-09-18 13:48:07,943 | [L] ACTION: No trade.
2026-09-18 13:48:07,963 | [LDOS] choppy/sideways (ADX 11.6) -> mean-reversion strategy | Signal: HOLD | Shares held: 0.0 | Last price: $130.15
2026-09-18 13:48:07,963 | [LDOS] ACTION: No trade.
2026-09-18 13:48:07,983 | [LEN] choppy/sideways (ADX 22.2) -> mean-reversion strategy | Signal: HOLD | Shares held: 0.0 | Last price: $77.14
2026-09-18 13:48:07,983 | [LEN] ACTION: No trade.
2026-09-18 13:48:08,003 | [LH] choppy/sideways (ADX 14.2) -> mean-reversion strategy | Signal: HOLD | Shares held: 0.0 | Last price: $321.25
2026-09-18 13:48:08,003 | [LH] ACTION: No trade.
2026-09-18 13:48:08,023 | [LHX] choppy/sideways (ADX 10.7) -> mean-reversion strategy | Signal: HOLD | Shares held: 0.0 | Last price: $248.99
2026-09-18 13:48:08,023 | [LHX] ACTION: No trade.
2026-09-18 13:48:08,045 | [LII] choppy/sideways (ADX 10.9) -> mean-reversion strategy | Signal: HOLD | Shares held: 0.0 | Last price: $359.94
2026-09-18 13:48:08,045 | [LII] ACTION: No trade.
2026-09-18 13:48:08,065 | [LIN] trending (ADX 26.7) -> trend-following strategy | Signal: HOLD | Shares held: 0.0 | Last price: $455.15
2026-09-18 13:48:08,065 | [LIN] ACTION: No trade.
2026-09-18 13:48:08,085 | [LITE] choppy/sideways (ADX 23.6) -> mean-reversion strategy | Signal: HOLD | Shares held: 0.0 | Last price: $933.83
2026-09-18 13:48:08,085 | [LITE] ACTION: No trade.
2026-09-18 13:48:08,106 | [LLY] choppy/sideways (ADX 12.7) -> mean-reversion strategy | Signal: HOLD | Shares held: 0.0 | Last price: $1151.12
2026-09-18 13:48:08,106 | [LLY] ACTION: No trade.
2026-09-18 13:48:08,126 | [LMT] choppy/sideways (ADX 17.0) -> mean-reversion strategy | Signal: HOLD | Shares held: 0.0 | Last price: $534.46
2026-09-18 13:48:08,126 | [LMT] ACTION: No trade.
2026-09-18 13:48:08,146 | [LNT] choppy/sideways (ADX 10.7) -> mean-reversion strategy | Signal: HOLD | Shares held: 0.0 | Last price: $66.00
2026-09-18 13:48:08,146 | [LNT] ACTION: No trade.
2026-09-18 13:48:08,166 | [LOW] choppy/sideways (ADX 13.3) -> mean-reversion strategy | Signal: HOLD | Shares held: 0.0 | Last price: $192.76
2026-09-18 13:48:08,166 | [LOW] ACTION: No trade.
2026-09-18 13:48:08,187 | [LRCX] trending (ADX 28.0) -> trend-following strategy | Signal: HOLD | Shares held: 0.0 | Last price: $279.23
2026-09-18 13:48:08,187 | [LRCX] ACTION: No trade.
2026-09-18 13:48:08,207 | [LULU] trending (ADX 40.1) -> trend-following strategy | Signal: HOLD | Shares held: 0.0 | Last price: $99.22
2026-09-18 13:48:08,207 | [LULU] ACTION: No trade.
2026-09-18 13:48:08,227 | [LUV] trending (ADX 29.0) -> trend-following strategy | Signal: HOLD | Shares held: 0.0 | Last price: $40.91
2026-09-18 13:48:08,227 | [LUV] ACTION: No trade.
2026-09-18 13:48:08,247 | [LVS] trending (ADX 30.7) -> trend-following strategy | Signal: HOLD | Shares held: 0.0 | Last price: $40.34
2026-09-18 13:48:08,248 | [LVS] ACTION: No trade.
2026-09-18 13:48:08,268 | [LYB] choppy/sideways (ADX 20.8) -> mean-reversion strategy | Signal: HOLD | Shares held: 0.0 | Last price: $63.29
2026-09-18 13:48:08,268 | [LYB] ACTION: No trade.
2026-09-18 13:48:08,288 | [LYV] choppy/sideways (ADX 24.5) -> mean-reversion strategy | Signal: HOLD | Shares held: 0.0 | Last price: $168.24
2026-09-18 13:48:08,288 | [LYV] ACTION: No trade.
2026-09-18 13:48:08,308 | [MA] choppy/sideways (ADX 22.0) -> mean-reversion strategy | Signal: HOLD | Shares held: 0.0 | Last price: $564.05
2026-09-18 13:48:08,308 | [MA] ACTION: No trade.
2026-09-18 13:48:08,329 | [MAA] choppy/sideways (ADX 24.8) -> mean-reversion strategy | Signal: HOLD | Shares held: 0.0 | Last price: $120.43
2026-09-18 13:48:08,329 | [MAA] ACTION: No trade.
2026-09-18 13:48:08,349 | [MAR] choppy/sideways (ADX 13.4) -> mean-reversion strategy | Signal: HOLD | Shares held: 0.0 | Last price: $336.47
2026-09-18 13:48:08,349 | [MAR] ACTION: No trade.
2026-09-18 13:48:08,369 | [MAS] choppy/sideways (ADX 11.7) -> mean-reversion strategy | Signal: HOLD | Shares held: 0.0 | Last price: $67.72
2026-09-18 13:48:08,369 | [MAS] ACTION: No trade.
2026-09-18 13:48:08,392 | [MCD] choppy/sideways (ADX 20.0) -> mean-reversion strategy | Signal: HOLD | Shares held: 0.0 | Last price: $248.04
2026-09-18 13:48:08,392 | [MCD] ACTION: No trade.
2026-09-18 13:48:08,412 | [MCHP] choppy/sideways (ADX 13.0) -> mean-reversion strategy | Signal: HOLD | Shares held: 0.0 | Last price: $71.57
2026-09-18 13:48:08,412 | [MCHP] ACTION: No trade.
2026-09-18 13:48:08,432 | [MCK] trending (ADX 25.4) -> trend-following strategy | Signal: HOLD | Shares held: 0.0 | Last price: $864.83
2026-09-18 13:48:08,432 | [MCK] ACTION: No trade.
2026-09-18 13:48:08,452 | [MCO] choppy/sideways (ADX 18.3) -> mean-reversion strategy | Signal: HOLD | Shares held: 0.0 | Last price: $460.07
2026-09-18 13:48:08,452 | [MCO] ACTION: No trade.
2026-09-18 13:48:08,472 | [MDLZ] choppy/sideways (ADX 18.6) -> mean-reversion strategy | Signal: HOLD | Shares held: 0.0 | Last price: $60.78
2026-09-18 13:48:08,472 | [MDLZ] ACTION: No trade.
2026-09-18 13:48:08,492 | [MDT] choppy/sideways (ADX 19.8) -> mean-reversion strategy | Signal: HOLD | Shares held: 0.0 | Last price: $92.38
2026-09-18 13:48:08,492 | [MDT] ACTION: No trade.
2026-09-18 13:48:08,513 | [MET] choppy/sideways (ADX 12.1) -> mean-reversion strategy | Signal: HOLD | Shares held: 0.0 | Last price: $96.81
2026-09-18 13:48:08,513 | [MET] ACTION: No trade.
2026-09-18 13:48:08,533 | [META] trending (ADX 37.1) -> trend-following strategy | Signal: HOLD | Shares held: 0.0 | Last price: $672.90
2026-09-18 13:48:08,533 | [META] ACTION: No trade.
2026-09-18 13:48:08,553 | [MKC] choppy/sideways (ADX 16.5) -> mean-reversion strategy | Signal: HOLD | Shares held: 0.0 | Last price: $49.24
2026-09-18 13:48:08,553 | [MKC] ACTION: No trade.
2026-09-18 13:48:08,574 | [MLM] choppy/sideways (ADX 15.9) -> mean-reversion strategy | Signal: HOLD | Shares held: 0.0 | Last price: $490.47
2026-09-18 13:48:08,574 | [MLM] ACTION: No trade.
2026-09-18 13:48:08,594 | [MMM] choppy/sideways (ADX 23.2) -> mean-reversion strategy | Signal: HOLD | Shares held: 0.0 | Last price: $164.34
2026-09-18 13:48:08,594 | [MMM] ACTION: No trade.
2026-09-18 13:48:08,614 | [MNST] choppy/sideways (ADX 15.8) -> mean-reversion strategy | Signal: HOLD | Shares held: 0.0 | Last price: $44.77
2026-09-18 13:48:08,615 | [MNST] ACTION: No trade.
2026-09-18 13:48:08,635 | [MO] choppy/sideways (ADX 24.7) -> mean-reversion strategy | Signal: HOLD | Shares held: 0.0 | Last price: $69.26
2026-09-18 13:48:08,636 | [MO] ACTION: No trade.
2026-09-18 13:48:08,656 | [MOS] choppy/sideways (ADX 22.6) -> mean-reversion strategy | Signal: HOLD | Shares held: 0.0 | Last price: $24.82
2026-09-18 13:48:08,656 | [MOS] ACTION: No trade.
2026-09-18 13:48:08,676 | [MPC] choppy/sideways (ADX 13.7) -> mean-reversion strategy | Signal: HOLD | Shares held: 0.0 | Last price: $422.21
2026-09-18 13:48:08,676 | [MPC] ACTION: No trade.
2026-09-18 13:48:08,696 | [MPWR] trending (ADX 27.1) -> trend-following strategy | Signal: HOLD | Shares held: 0.0 | Last price: $1188.04
2026-09-18 13:48:08,696 | [MPWR] ACTION: No trade.
2026-09-18 13:48:08,717 | [MRK] trending (ADX 31.3) -> trend-following strategy | Signal: HOLD | Shares held: 0.0 | Last price: $146.53
2026-09-18 13:48:08,717 | [MRK] ACTION: No trade.
2026-09-18 13:48:08,737 | [MRNA] trending (ADX 33.0) -> trend-following strategy | Signal: HOLD | Shares held: 0.0 | Last price: $157.21
2026-09-18 13:48:08,737 | [MRNA] ACTION: No trade.
2026-09-18 13:48:08,757 | [MRSH] trending (ADX 31.9) -> trend-following strategy | Signal: HOLD | Shares held: 0.0 | Last price: $173.59
2026-09-18 13:48:08,757 | [MRSH] ACTION: No trade.
2026-09-18 13:48:08,777 | [MRVL] trending (ADX 30.7) -> trend-following strategy | Signal: HOLD | Shares held: 0.0 | Last price: $241.36
2026-09-18 13:48:08,777 | [MRVL] ACTION: No trade.
2026-09-18 13:48:08,798 | [MS] choppy/sideways (ADX 15.0) -> mean-reversion strategy | Signal: HOLD | Shares held: 0.0 | Last price: $202.21
2026-09-18 13:48:08,798 | [MS] ACTION: No trade.
2026-09-18 13:48:08,818 | [MSCI] choppy/sideways (ADX 24.5) -> mean-reversion strategy | Signal: HOLD | Shares held: 0.0 | Last price: $547.16
2026-09-18 13:48:08,818 | [MSCI] ACTION: No trade.
2026-09-18 13:48:08,838 | [MSFT] choppy/sideways (ADX 18.8) -> mean-reversion strategy | Signal: HOLD | Shares held: 0.0 | Last price: $493.62
2026-09-18 13:48:08,838 | [MSFT] ACTION: No trade.
2026-09-18 13:48:08,858 | [MSI] trending (ADX 31.8) -> trend-following strategy | Signal: HOLD | Shares held: 0.0 | Last price: $455.82
2026-09-18 13:48:08,858 | [MSI] ACTION: No trade.
2026-09-18 13:48:08,879 | [MTB] choppy/sideways (ADX 13.2) -> mean-reversion strategy | Signal: HOLD | Shares held: 0.0 | Last price: $226.19
2026-09-18 13:48:08,879 | [MTB] ACTION: No trade.
2026-09-18 13:48:08,899 | [MTD] trending (ADX 45.4) -> trend-following strategy | Signal: HOLD | Shares held: 0.0 | Last price: $1404.48
2026-09-18 13:48:08,899 | [MTD] ACTION: No trade.
2026-09-18 13:48:08,919 | [MU] trending (ADX 53.8) -> trend-following strategy | Signal: HOLD | Shares held: 0.0 | Last price: $991.00
2026-09-18 13:48:08,919 | [MU] ACTION: No trade.
2026-09-18 13:48:08,939 | [NCLH] choppy/sideways (ADX 13.5) -> mean-reversion strategy | Signal: HOLD | Shares held: 0.0 | Last price: $14.29
2026-09-18 13:48:08,939 | [NCLH] ACTION: No trade.
2026-09-18 13:48:08,960 | [NDAQ] trending (ADX 52.7) -> trend-following strategy | Signal: HOLD | Shares held: 0.0 | Last price: $91.81
2026-09-18 13:48:08,960 | [NDAQ] ACTION: No trade.
2026-09-18 13:48:08,980 | [NDSN] choppy/sideways (ADX 18.4) -> mean-reversion strategy | Signal: HOLD | Shares held: 0.0 | Last price: $311.76
2026-09-18 13:48:08,980 | [NDSN] ACTION: No trade.
2026-09-18 13:48:09,000 | [NEE] choppy/sideways (ADX 16.9) -> mean-reversion strategy | Signal: HOLD | Shares held: 0.0 | Last price: $80.61
2026-09-18 13:48:09,000 | [NEE] ACTION: No trade.
2026-09-18 13:48:09,020 | [NEM] choppy/sideways (ADX 18.9) -> mean-reversion strategy | Signal: HOLD | Shares held: 0.0 | Last price: $123.32
2026-09-18 13:48:09,020 | [NEM] ACTION: No trade.
2026-09-18 13:48:09,040 | [NFLX] trending (ADX 47.6) -> trend-following strategy | Signal: HOLD | Shares held: 0.0 | Last price: $71.36
2026-09-18 13:48:09,041 | [NFLX] ACTION: No trade.
2026-09-18 13:48:09,061 | [NI] choppy/sideways (ADX 16.6) -> mean-reversion strategy | Signal: HOLD | Shares held: 0.0 | Last price: $40.55
2026-09-18 13:48:09,061 | [NI] ACTION: No trade.
2026-09-18 13:48:09,082 | [NKE] trending (ADX 26.5) -> trend-following strategy | Signal: HOLD | Shares held: 0.0 | Last price: $36.22
2026-09-18 13:48:09,082 | [NKE] ACTION: No trade.
2026-09-18 13:48:09,102 | [NOC] choppy/sideways (ADX 12.5) -> mean-reversion strategy | Signal: HOLD | Shares held: 0.0 | Last price: $524.15
2026-09-18 13:48:09,102 | [NOC] ACTION: No trade.
2026-09-18 13:48:09,122 | [NOW] trending (ADX 35.2) -> trend-following strategy | Signal: HOLD | Shares held: 0.0 | Last price: $137.03
2026-09-18 13:48:09,122 | [NOW] ACTION: No trade.
2026-09-18 13:48:09,142 | [NRG] choppy/sideways (ADX 14.5) -> mean-reversion strategy | Signal: HOLD | Shares held: 0.0 | Last price: $105.78
2026-09-18 13:48:09,143 | [NRG] ACTION: No trade.
2026-09-18 13:48:09,163 | [NSC] choppy/sideways (ADX 24.5) -> mean-reversion strategy | Signal: HOLD | Shares held: 0.0 | Last price: $316.90
2026-09-18 13:48:09,163 | [NSC] ACTION: No trade.
2026-09-18 13:48:09,183 | [NTAP] choppy/sideways (ADX 22.9) -> mean-reversion strategy | Signal: HOLD | Shares held: 0.0 | Last price: $196.13
2026-09-18 13:48:09,183 | [NTAP] ACTION: No trade.
2026-09-18 13:48:09,203 | [NTRS] choppy/sideways (ADX 13.2) -> mean-reversion strategy | Signal: HOLD | Shares held: 0.0 | Last price: $176.67
2026-09-18 13:48:09,203 | [NTRS] ACTION: No trade.
2026-09-18 13:48:09,223 | [NUE] choppy/sideways (ADX 17.8) -> mean-reversion strategy | Signal: HOLD | Shares held: 0.0 | Last price: $251.29
2026-09-18 13:48:09,223 | [NUE] ACTION: No trade.
2026-09-18 13:48:09,244 | [NVDA] trending (ADX 33.9) -> trend-following strategy | Signal: HOLD | Shares held: 0.0 | Last price: $219.73
2026-09-18 13:48:09,244 | [NVDA] ACTION: No trade.
2026-09-18 13:48:09,264 | [NVR] choppy/sideways (ADX 13.2) -> mean-reversion strategy | Signal: HOLD | Shares held: 0.0 | Last price: $6230.65
2026-09-18 13:48:09,264 | [NVR] ACTION: No trade.
2026-09-18 13:48:09,284 | [NWSA] choppy/sideways (ADX 16.1) -> mean-reversion strategy | Signal: HOLD | Shares held: 0.0 | Last price: $29.55
2026-09-18 13:48:09,284 | [NWSA] ACTION: No trade.
2026-09-18 13:48:09,306 | [NXPI] trending (ADX 28.8) -> trend-following strategy | Signal: HOLD | Shares held: 0.0 | Last price: $227.77
2026-09-18 13:48:09,306 | [NXPI] ACTION: No trade.
2026-09-18 13:48:09,327 | [O] choppy/sideways (ADX 15.4) -> mean-reversion strategy | Signal: HOLD | Shares held: 0.0 | Last price: $56.93
2026-09-18 13:48:09,327 | [O] ACTION: No trade.
2026-09-18 13:48:09,347 | [ODFL] choppy/sideways (ADX 16.4) -> mean-reversion strategy | Signal: HOLD | Shares held: 0.0 | Last price: $174.66
2026-09-18 13:48:09,347 | [ODFL] ACTION: No trade.
2026-09-18 13:48:09,367 | [OKE] choppy/sideways (ADX 16.6) -> mean-reversion strategy | Signal: HOLD | Shares held: 0.0 | Last price: $93.22
2026-09-18 13:48:09,367 | [OKE] ACTION: No trade.
2026-09-18 13:48:09,416 | [OMC] choppy/sideways (ADX 24.1) -> mean-reversion strategy | Signal: HOLD | Shares held: 0.0 | Last price: $76.94
2026-09-18 13:48:09,416 | [OMC] ACTION: No trade.
2026-09-18 13:48:09,436 | [ON] choppy/sideways (ADX 11.8) -> mean-reversion strategy | Signal: HOLD | Shares held: 0.0 | Last price: $69.40
2026-09-18 13:48:09,436 | [ON] ACTION: No trade.
2026-09-18 13:48:09,456 | [ORCL] choppy/sideways (ADX 22.3) -> mean-reversion strategy | Signal: HOLD | Shares held: 0.0 | Last price: $146.68
2026-09-18 13:48:09,456 | [ORCL] ACTION: No trade.
2026-09-18 13:48:09,476 | [ORLY] choppy/sideways (ADX 12.9) -> mean-reversion strategy | Signal: HOLD | Shares held: 0.0 | Last price: $84.20
2026-09-18 13:48:09,476 | [ORLY] ACTION: No trade.
2026-09-18 13:48:09,496 | [OTIS] choppy/sideways (ADX 14.1) -> mean-reversion strategy | Signal: HOLD | Shares held: 0.0 | Last price: $68.95
2026-09-18 13:48:09,496 | [OTIS] ACTION: No trade.
2026-09-18 13:48:09,516 | [OXY] trending (ADX 34.9) -> trend-following strategy | Signal: HOLD | Shares held: 0.0 | Last price: $59.18
2026-09-18 13:48:09,517 | [OXY] ACTION: No trade.
2026-09-18 13:48:09,537 | [PANW] choppy/sideways (ADX 24.8) -> mean-reversion strategy | Signal: HOLD | Shares held: 0.0 | Last price: $362.50
2026-09-18 13:48:09,537 | [PANW] ACTION: No trade.
2026-09-18 13:48:09,557 | [PAYX] trending (ADX 32.4) -> trend-following strategy | Signal: HOLD | Shares held: 0.0 | Last price: $114.94
2026-09-18 13:48:09,557 | [PAYX] ACTION: No trade.
2026-09-18 13:48:09,577 | [PCAR] choppy/sideways (ADX 23.1) -> mean-reversion strategy | Signal: HOLD | Shares held: 0.0 | Last price: $117.50
2026-09-18 13:48:09,578 | [PCAR] ACTION: No trade.
2026-09-18 13:48:09,598 | [PCG] trending (ADX 30.5) -> trend-following strategy | Signal: SELL | Shares held: 0.0 | Last price: $13.31
2026-09-18 13:48:09,598 | [PCG] ACTION: No trade.
2026-09-18 13:48:09,618 | [PEG] choppy/sideways (ADX 19.6) -> mean-reversion strategy | Signal: HOLD | Shares held: 0.0 | Last price: $70.22
2026-09-18 13:48:09,618 | [PEG] ACTION: No trade.
2026-09-18 13:48:09,638 | [PEP] choppy/sideways (ADX 24.0) -> mean-reversion strategy | Signal: HOLD | Shares held: 0.0 | Last price: $130.18
2026-09-18 13:48:09,638 | [PEP] ACTION: No trade.
2026-09-18 13:48:09,658 | [PFE] choppy/sideways (ADX 11.8) -> mean-reversion strategy | Signal: HOLD | Shares held: 0.0 | Last price: $27.45
2026-09-18 13:48:09,658 | [PFE] ACTION: No trade.
2026-09-18 13:48:09,679 | [PFG] trending (ADX 28.9) -> trend-following strategy | Signal: HOLD | Shares held: 0.0 | Last price: $115.31
2026-09-18 13:48:09,679 | [PFG] ACTION: No trade.
2026-09-18 13:48:09,699 | [PG] choppy/sideways (ADX 20.3) -> mean-reversion strategy | Signal: HOLD | Shares held: 0.0 | Last price: $146.41
2026-09-18 13:48:09,699 | [PG] ACTION: No trade.
2026-09-18 13:48:09,719 | [PGR] trending (ADX 32.0) -> trend-following strategy | Signal: HOLD | Shares held: 0.0 | Last price: $213.13
2026-09-18 13:48:09,719 | [PGR] ACTION: No trade.
2026-09-18 13:48:09,739 | [PH] choppy/sideways (ADX 17.7) -> mean-reversion strategy | Signal: HOLD | Shares held: 0.0 | Last price: $933.42
2026-09-18 13:48:09,739 | [PH] ACTION: No trade.
2026-09-18 13:48:09,759 | [PHM] choppy/sideways (ADX 17.7) -> mean-reversion strategy | Signal: HOLD | Shares held: 0.0 | Last price: $116.93
2026-09-18 13:48:09,759 | [PHM] ACTION: No trade.
2026-09-18 13:48:09,780 | [PKG] trending (ADX 25.2) -> trend-following strategy | Signal: HOLD | Shares held: 0.0 | Last price: $232.69
2026-09-18 13:48:09,780 | [PKG] ACTION: No trade.
2026-09-18 13:48:09,800 | [PLD] choppy/sideways (ADX 15.6) -> mean-reversion strategy | Signal: HOLD | Shares held: 0.0 | Last price: $134.57
2026-09-18 13:48:09,800 | [PLD] ACTION: No trade.
2026-09-18 13:48:09,820 | [PLTR] choppy/sideways (ADX 22.4) -> mean-reversion strategy | Signal: HOLD | Shares held: 0.0 | Last price: $172.79
2026-09-18 13:48:09,820 | [PLTR] ACTION: No trade.
2026-09-18 13:48:09,840 | [PM] trending (ADX 45.3) -> trend-following strategy | Signal: HOLD | Shares held: 0.0 | Last price: $188.19
2026-09-18 13:48:09,840 | [PM] ACTION: No trade.
2026-09-18 13:48:09,860 | [PNC] choppy/sideways (ADX 20.6) -> mean-reversion strategy | Signal: HOLD | Shares held: 0.0 | Last price: $231.37
2026-09-18 13:48:09,860 | [PNC] ACTION: No trade.
2026-09-18 13:48:09,881 | [PNR] choppy/sideways (ADX 14.6) -> mean-reversion strategy | Signal: HOLD | Shares held: 0.0 | Last price: $55.68
2026-09-18 13:48:09,881 | [PNR] ACTION: No trade.
2026-09-18 13:48:09,901 | [PODD] choppy/sideways (ADX 17.4) -> mean-reversion strategy | Signal: HOLD | Shares held: 0.0 | Last price: $141.40
2026-09-18 13:48:09,901 | [PODD] ACTION: No trade.
2026-09-18 13:48:09,921 | [PPG] choppy/sideways (ADX 16.2) -> mean-reversion strategy | Signal: HOLD | Shares held: 0.0 | Last price: $104.47
2026-09-18 13:48:09,921 | [PPG] ACTION: No trade.
2026-09-18 13:48:09,941 | [PPL] choppy/sideways (ADX 24.1) -> mean-reversion strategy | Signal: HOLD | Shares held: 0.0 | Last price: $33.27
2026-09-18 13:48:09,941 | [PPL] ACTION: No trade.
2026-09-18 13:48:09,961 | [PRU] choppy/sideways (ADX 18.4) -> mean-reversion strategy | Signal: HOLD | Shares held: 0.0 | Last price: $116.97
2026-09-18 13:48:09,961 | [PRU] ACTION: No trade.
2026-09-18 13:48:09,982 | [PSA] trending (ADX 28.0) -> trend-following strategy | Signal: HOLD | Shares held: 0.0 | Last price: $299.31
2026-09-18 13:48:09,982 | [PSA] ACTION: No trade.
2026-09-18 13:48:10,003 | [PSKY] choppy/sideways (ADX 19.2) -> mean-reversion strategy | Signal: HOLD | Shares held: 0.0 | Last price: $10.53
2026-09-18 13:48:10,003 | [PSKY] ACTION: No trade.
2026-09-18 13:48:10,024 | [PSX] choppy/sideways (ADX 17.8) -> mean-reversion strategy | Signal: HOLD | Shares held: 0.0 | Last price: $273.25
2026-09-18 13:48:10,024 | [PSX] ACTION: No trade.
2026-09-18 13:48:10,045 | [PTC] trending (ADX 34.5) -> trend-following strategy | Signal: HOLD | Shares held: 0.0 | Last price: $133.61
2026-09-18 13:48:10,045 | [PTC] ACTION: No trade.
2026-09-18 13:48:10,065 | [PWR] choppy/sideways (ADX 10.5) -> mean-reversion strategy | Signal: HOLD | Shares held: 0.0 | Last price: $626.89
2026-09-18 13:48:10,065 | [PWR] ACTION: No trade.
2026-09-18 13:48:10,085 | [PYPL] choppy/sideways (ADX 21.7) -> mean-reversion strategy | Signal: HOLD | Shares held: 0.0 | Last price: $52.47
2026-09-18 13:48:10,085 | [PYPL] ACTION: No trade.
2026-09-18 13:48:10,105 | [Q] choppy/sideways (ADX 18.7) -> mean-reversion strategy | Signal: HOLD | Shares held: 0.0 | Last price: $119.49
2026-09-18 13:48:10,106 | [Q] ACTION: No trade.
2026-09-18 13:48:10,126 | [QCOM] choppy/sideways (ADX 16.1) -> mean-reversion strategy | Signal: HOLD | Shares held: 0.0 | Last price: $187.53
2026-09-18 13:48:10,126 | [QCOM] ACTION: No trade.
2026-09-18 13:48:10,146 | [RCL] choppy/sideways (ADX 17.1) -> mean-reversion strategy | Signal: HOLD | Shares held: 0.0 | Last price: $249.20
2026-09-18 13:48:10,146 | [RCL] ACTION: No trade.
2026-09-18 13:48:10,166 | [RDDT] choppy/sideways (ADX 24.4) -> mean-reversion strategy | Signal: HOLD | Shares held: 0.0 | Last price: $150.92
2026-09-18 13:48:10,166 | [RDDT] ACTION: No trade.
2026-09-18 13:48:10,186 | [REG] choppy/sideways (ADX 15.5) -> mean-reversion strategy | Signal: HOLD | Shares held: 0.0 | Last price: $72.67
2026-09-18 13:48:10,187 | [REG] ACTION: No trade.
2026-09-18 13:48:10,207 | [REGN] choppy/sideways (ADX 19.9) -> mean-reversion strategy | Signal: HOLD | Shares held: 0.0 | Last price: $782.49
2026-09-18 13:48:10,207 | [REGN] ACTION: No trade.
2026-09-18 13:48:10,227 | [RF] choppy/sideways (ADX 18.6) -> mean-reversion strategy | Signal: HOLD | Shares held: 0.0 | Last price: $28.52
2026-09-18 13:48:10,227 | [RF] ACTION: No trade.
2026-09-18 13:48:10,247 | [RJF] choppy/sideways (ADX 23.0) -> mean-reversion strategy | Signal: HOLD | Shares held: 0.0 | Last price: $164.11
2026-09-18 13:48:10,247 | [RJF] ACTION: No trade.
2026-09-18 13:48:10,267 | [RL] choppy/sideways (ADX 24.8) -> mean-reversion strategy | Signal: HOLD | Shares held: 0.0 | Last price: $334.22
2026-09-18 13:48:10,267 | [RL] ACTION: No trade.
2026-09-18 13:48:10,287 | [RMD] choppy/sideways (ADX 24.5) -> mean-reversion strategy | Signal: HOLD | Shares held: 0.0 | Last price: $226.41
2026-09-18 13:48:10,287 | [RMD] ACTION: No trade.
2026-09-18 13:48:10,307 | [ROK] choppy/sideways (ADX 23.9) -> mean-reversion strategy | Signal: HOLD | Shares held: 0.0 | Last price: $411.67
2026-09-18 13:48:10,307 | [ROK] ACTION: No trade.
2026-09-18 13:48:10,327 | [ROL] trending (ADX 41.8) -> trend-following strategy | Signal: HOLD | Shares held: 0.0 | Last price: $32.77
2026-09-18 13:48:10,327 | [ROL] ACTION: No trade.
2026-09-18 13:48:10,347 | [ROP] trending (ADX 34.4) -> trend-following strategy | Signal: HOLD | Shares held: 0.0 | Last price: $369.30
2026-09-18 13:48:10,347 | [ROP] ACTION: No trade.
2026-09-18 13:48:10,368 | [ROST] choppy/sideways (ADX 22.3) -> mean-reversion strategy | Signal: HOLD | Shares held: 0.0 | Last price: $228.53
2026-09-18 13:48:10,368 | [ROST] ACTION: No trade.
2026-09-18 13:48:10,388 | [RSG] choppy/sideways (ADX 23.9) -> mean-reversion strategy | Signal: HOLD | Shares held: 0.0 | Last price: $218.18
2026-09-18 13:48:10,388 | [RSG] ACTION: No trade.
2026-09-18 13:48:10,408 | [RTX] trending (ADX 27.4) -> trend-following strategy | Signal: HOLD | Shares held: 0.0 | Last price: $192.60
2026-09-18 13:48:10,408 | [RTX] ACTION: No trade.
2026-09-18 13:48:10,429 | [RVTY] trending (ADX 31.6) -> trend-following strategy | Signal: HOLD | Shares held: 0.0 | Last price: $146.42
2026-09-18 13:48:10,429 | [RVTY] ACTION: No trade.
2026-09-18 13:48:10,449 | [SBAC] trending (ADX 27.5) -> trend-following strategy | Signal: HOLD | Shares held: 0.0 | Last price: $180.01
2026-09-18 13:48:10,449 | [SBAC] ACTION: No trade.
2026-09-18 13:48:10,469 | [SBUX] choppy/sideways (ADX 19.5) -> mean-reversion strategy | Signal: HOLD | Shares held: 0.0 | Last price: $95.53
2026-09-18 13:48:10,469 | [SBUX] ACTION: No trade.
2026-09-18 13:48:10,489 | [SCHW] choppy/sideways (ADX 18.1) -> mean-reversion strategy | Signal: HOLD | Shares held: 0.0 | Last price: $104.92
2026-09-18 13:48:10,489 | [SCHW] ACTION: No trade.
2026-09-18 13:48:10,509 | [SHW] choppy/sideways (ADX 15.5) -> mean-reversion strategy | Signal: HOLD | Shares held: 0.0 | Last price: $316.85
2026-09-18 13:48:10,509 | [SHW] ACTION: No trade.
2026-09-18 13:48:10,529 | [SJM] trending (ADX 26.7) -> trend-following strategy | Signal: HOLD | Shares held: 0.0 | Last price: $123.03
2026-09-18 13:48:10,529 | [SJM] ACTION: No trade.
2026-09-18 13:48:10,550 | [SLB] choppy/sideways (ADX 21.9) -> mean-reversion strategy | Signal: HOLD | Shares held: 0.0 | Last price: $51.52
2026-09-18 13:48:10,550 | [SLB] ACTION: No trade.
2026-09-18 13:48:10,570 | [SMCI] trending (ADX 39.6) -> trend-following strategy | Signal: HOLD | Shares held: 0.0 | Last price: $39.40
2026-09-18 13:48:10,570 | [SMCI] ACTION: No trade.
2026-09-18 13:48:10,591 | [SNA] choppy/sideways (ADX 13.5) -> mean-reversion strategy | Signal: HOLD | Shares held: 0.0 | Last price: $373.27
2026-09-18 13:48:10,591 | [SNA] ACTION: No trade.
2026-09-18 13:48:10,611 | [SNDK] trending (ADX 42.7) -> trend-following strategy | Signal: HOLD | Shares held: 0.0 | Last price: $1663.96
2026-09-18 13:48:10,611 | [SNDK] ACTION: No trade.
2026-09-18 13:48:10,631 | [SNPS] trending (ADX 29.3) -> trend-following strategy | Signal: HOLD | Shares held: 0.0 | Last price: $383.43
2026-09-18 13:48:10,631 | [SNPS] ACTION: No trade.
2026-09-18 13:48:10,651 | [SO] choppy/sideways (ADX 12.8) -> mean-reversion strategy | Signal: HOLD | Shares held: 0.0 | Last price: $86.02
2026-09-18 13:48:10,651 | [SO] ACTION: No trade.
2026-09-18 13:48:10,671 | [SPG] trending (ADX 25.7) -> trend-following strategy | Signal: SELL | Shares held: 0.0 | Last price: $203.52
2026-09-18 13:48:10,672 | [SPG] ACTION: No trade.
2026-09-18 13:48:10,692 | [SPGI] trending (ADX 29.3) -> trend-following strategy | Signal: HOLD | Shares held: 0.0 | Last price: $402.68
2026-09-18 13:48:10,692 | [SPGI] ACTION: No trade.
2026-09-18 13:48:10,712 | [SRE] choppy/sideways (ADX 14.7) -> mean-reversion strategy | Signal: HOLD | Shares held: 0.0 | Last price: $81.16
2026-09-18 13:48:10,712 | [SRE] ACTION: No trade.
2026-09-18 13:48:10,732 | [STE] trending (ADX 34.1) -> trend-following strategy | Signal: HOLD | Shares held: 0.0 | Last price: $206.97
2026-09-18 13:48:10,732 | [STE] ACTION: No trade.
2026-09-18 13:48:10,752 | [STLD] trending (ADX 25.5) -> trend-following strategy | Signal: SELL | Shares held: 0.0 | Last price: $236.85
2026-09-18 13:48:10,752 | [STLD] ACTION: No trade.
2026-09-18 13:48:10,773 | [STT] choppy/sideways (ADX 11.1) -> mean-reversion strategy | Signal: HOLD | Shares held: 0.0 | Last price: $182.74
2026-09-18 13:48:10,773 | [STT] ACTION: No trade.
2026-09-18 13:48:10,793 | [STX] choppy/sideways (ADX 12.8) -> mean-reversion strategy | Signal: HOLD | Shares held: 0.0 | Last price: $825.43
2026-09-18 13:48:10,793 | [STX] ACTION: No trade.
2026-09-18 13:48:10,813 | [STZ] choppy/sideways (ADX 14.3) -> mean-reversion strategy | Signal: HOLD | Shares held: 0.0 | Last price: $120.57
2026-09-18 13:48:10,813 | [STZ] ACTION: No trade.
2026-09-18 13:48:10,833 | [SW] trending (ADX 26.1) -> trend-following strategy | Signal: SELL | Shares held: 0.0 | Last price: $44.92
2026-09-18 13:48:10,833 | [SW] ACTION: No trade.
2026-09-18 13:48:10,853 | [SWK] choppy/sideways (ADX 19.2) -> mean-reversion strategy | Signal: HOLD | Shares held: 0.0 | Last price: $89.12
2026-09-18 13:48:10,854 | [SWK] ACTION: No trade.
2026-09-18 13:48:10,874 | [SWKS] choppy/sideways (ADX 17.5) -> mean-reversion strategy | Signal: HOLD | Shares held: 0.0 | Last price: $89.19
2026-09-18 13:48:10,874 | [SWKS] ACTION: No trade.
2026-09-18 13:48:10,894 | [SYF] choppy/sideways (ADX 11.7) -> mean-reversion strategy | Signal: HOLD | Shares held: 0.0 | Last price: $74.38
2026-09-18 13:48:10,894 | [SYF] ACTION: No trade.
2026-09-18 13:48:10,914 | [SYK] choppy/sideways (ADX 16.1) -> mean-reversion strategy | Signal: HOLD | Shares held: 0.0 | Last price: $277.89
2026-09-18 13:48:10,914 | [SYK] ACTION: No trade.
2026-09-18 13:48:10,934 | [SYY] choppy/sideways (ADX 20.6) -> mean-reversion strategy | Signal: HOLD | Shares held: 0.0 | Last price: $78.76
2026-09-18 13:48:10,934 | [SYY] ACTION: No trade.
2026-09-18 13:48:10,954 | [T] trending (ADX 48.6) -> trend-following strategy | Signal: HOLD | Shares held: 0.0 | Last price: $25.35
2026-09-18 13:48:10,955 | [T] ACTION: No trade.
2026-09-18 13:48:10,975 | [TAP] choppy/sideways (ADX 19.4) -> mean-reversion strategy | Signal: HOLD | Shares held: 0.0 | Last price: $37.88
2026-09-18 13:48:10,975 | [TAP] ACTION: No trade.
2026-09-18 13:48:10,995 | [TDG] choppy/sideways (ADX 11.1) -> mean-reversion strategy | Signal: HOLD | Shares held: 0.0 | Last price: $1081.75
2026-09-18 13:48:10,995 | [TDG] ACTION: No trade.
2026-09-18 13:48:11,015 | [TDY] choppy/sideways (ADX 11.9) -> mean-reversion strategy | Signal: HOLD | Shares held: 0.0 | Last price: $602.86
2026-09-18 13:48:11,015 | [TDY] ACTION: No trade.
2026-09-18 13:48:11,035 | [TECH] trending (ADX 34.6) -> trend-following strategy | Signal: HOLD | Shares held: 0.0 | Last price: $72.36
2026-09-18 13:48:11,036 | [TECH] ACTION: No trade.
2026-09-18 13:48:11,056 | [TEL] trending (ADX 41.2) -> trend-following strategy | Signal: HOLD | Shares held: 0.0 | Last price: $206.51
2026-09-18 13:48:11,056 | [TEL] ACTION: No trade.
2026-09-18 13:48:11,077 | [TER] trending (ADX 30.9) -> trend-following strategy | Signal: BUY | Shares held: 0.0 | Last price: $361.69
2026-09-18 13:48:11,077 | [TER] ACTION: No trade (conviction score 1 below CONVICTION_ENTRY_GATE_MIN_SCORE=2 -- gate is ON).
2026-09-18 13:48:11,097 | [TFC] choppy/sideways (ADX 11.9) -> mean-reversion strategy | Signal: HOLD | Shares held: 0.0 | Last price: $48.42
2026-09-18 13:48:11,097 | [TFC] ACTION: No trade.
2026-09-18 13:48:11,117 | [TGT] trending (ADX 29.1) -> trend-following strategy | Signal: HOLD | Shares held: 0.0 | Last price: $157.54
2026-09-18 13:48:11,117 | [TGT] ACTION: No trade.
2026-09-18 13:48:11,137 | [TJX] trending (ADX 29.7) -> trend-following strategy | Signal: HOLD | Shares held: 0.0 | Last price: $126.41
2026-09-18 13:48:11,138 | [TJX] ACTION: No trade.
2026-09-18 13:48:11,158 | [TKO] trending (ADX 27.9) -> trend-following strategy | Signal: HOLD | Shares held: 0.0 | Last price: $187.26
2026-09-18 13:48:11,158 | [TKO] ACTION: No trade.
2026-09-18 13:48:11,178 | [TMO] trending (ADX 36.4) -> trend-following strategy | Signal: HOLD | Shares held: 0.0 | Last price: $658.27
2026-09-18 13:48:11,178 | [TMO] ACTION: No trade.
2026-09-18 13:48:11,199 | [TMUS] trending (ADX 60.6) -> trend-following strategy | Signal: HOLD | Shares held: 0.0 | Last price: $165.49
2026-09-18 13:48:11,199 | [TMUS] ACTION: No trade.
2026-09-18 13:48:11,219 | [TPL] choppy/sideways (ADX 22.9) -> mean-reversion strategy | Signal: HOLD | Shares held: 0.0 | Last price: $349.32
2026-09-18 13:48:11,219 | [TPL] ACTION: No trade.
2026-09-18 13:48:11,240 | [TPR] choppy/sideways (ADX 23.5) -> mean-reversion strategy | Signal: HOLD | Shares held: 0.0 | Last price: $115.25
2026-09-18 13:48:11,240 | [TPR] ACTION: No trade.
2026-09-18 13:48:11,260 | [TRGP] choppy/sideways (ADX 12.9) -> mean-reversion strategy | Signal: HOLD | Shares held: 0.0 | Last price: $287.57
2026-09-18 13:48:11,260 | [TRGP] ACTION: No trade.
2026-09-18 13:48:11,280 | [TRMB] choppy/sideways (ADX 17.3) -> mean-reversion strategy | Signal: HOLD | Shares held: 0.0 | Last price: $57.27
2026-09-18 13:48:11,280 | [TRMB] ACTION: No trade.
2026-09-18 13:48:11,300 | [TROW] choppy/sideways (ADX 22.2) -> mean-reversion strategy | Signal: HOLD | Shares held: 0.0 | Last price: $102.70
2026-09-18 13:48:11,300 | [TROW] ACTION: No trade.
2026-09-18 13:48:11,320 | [TRV] choppy/sideways (ADX 10.2) -> mean-reversion strategy | Signal: HOLD | Shares held: 0.0 | Last price: $373.56
2026-09-18 13:48:11,320 | [TRV] ACTION: No trade.
2026-09-18 13:48:11,340 | [TSCO] trending (ADX 25.6) -> trend-following strategy | Signal: HOLD | Shares held: 0.0 | Last price: $32.36
2026-09-18 13:48:11,340 | [TSCO] ACTION: No trade.
2026-09-18 13:48:11,361 | [TSLA] choppy/sideways (ADX 20.8) -> mean-reversion strategy | Signal: HOLD | Shares held: 0.0 | Last price: $369.16
2026-09-18 13:48:11,361 | [TSLA] ACTION: No trade.
2026-09-18 13:48:11,381 | [TSN] choppy/sideways (ADX 16.6) -> mean-reversion strategy | Signal: HOLD | Shares held: 0.0 | Last price: $52.76
2026-09-18 13:48:11,381 | [TSN] ACTION: No trade.
2026-09-18 13:48:11,401 | [TT] choppy/sideways (ADX 21.8) -> mean-reversion strategy | Signal: HOLD | Shares held: 0.0 | Last price: $425.64
2026-09-18 13:48:11,401 | [TT] ACTION: No trade.
2026-09-18 13:48:11,421 | [TTD] trending (ADX 27.0) -> trend-following strategy | Signal: HOLD | Shares held: 0.0 | Last price: $14.20
2026-09-18 13:48:11,421 | [TTD] ACTION: No trade.
2026-09-18 13:48:11,442 | [TTWO] choppy/sideways (ADX 14.7) -> mean-reversion strategy | Signal: HOLD | Shares held: 0.0 | Last price: $208.73
2026-09-18 13:48:11,442 | [TTWO] ACTION: No trade.
2026-09-18 13:48:11,462 | [TXN] choppy/sideways (ADX 16.6) -> mean-reversion strategy | Signal: HOLD | Shares held: 0.0 | Last price: $262.36
2026-09-18 13:48:11,462 | [TXN] ACTION: No trade.
2026-09-18 13:48:11,482 | [TXT] choppy/sideways (ADX 12.3) -> mean-reversion strategy | Signal: HOLD | Shares held: 0.0 | Last price: $80.82
2026-09-18 13:48:11,482 | [TXT] ACTION: No trade.
2026-09-18 13:48:11,502 | [TYL] trending (ADX 36.0) -> trend-following strategy | Signal: HOLD | Shares held: 0.0 | Last price: $335.12
2026-09-18 13:48:11,502 | [TYL] ACTION: No trade.
2026-09-18 13:48:11,522 | [UAL] choppy/sideways (ADX 24.1) -> mean-reversion strategy | Signal: HOLD | Shares held: 0.0 | Last price: $107.85
2026-09-18 13:48:11,523 | [UAL] ACTION: No trade.
2026-09-18 13:48:11,543 | [UBER] choppy/sideways (ADX 14.3) -> mean-reversion strategy | Signal: HOLD | Shares held: 0.0 | Last price: $70.38
2026-09-18 13:48:11,543 | [UBER] ACTION: No trade.
2026-09-18 13:48:11,563 | [UDR] trending (ADX 35.2) -> trend-following strategy | Signal: HOLD | Shares held: 0.0 | Last price: $33.98
2026-09-18 13:48:11,563 | [UDR] ACTION: No trade.
2026-09-18 13:48:11,583 | [UHS] choppy/sideways (ADX 18.2) -> mean-reversion strategy | Signal: HOLD | Shares held: 0.0 | Last price: $180.30
2026-09-18 13:48:11,583 | [UHS] ACTION: No trade.
2026-09-18 13:48:11,604 | [ULTA] choppy/sideways (ADX 15.5) -> mean-reversion strategy | Signal: HOLD | Shares held: 0.0 | Last price: $538.21
2026-09-18 13:48:11,604 | [ULTA] ACTION: No trade.
2026-09-18 13:48:11,624 | [UNH] choppy/sideways (ADX 19.4) -> mean-reversion strategy | Signal: HOLD | Shares held: 0.0 | Last price: $373.36
2026-09-18 13:48:11,624 | [UNH] ACTION: No trade.
2026-09-18 13:48:11,644 | [UNP] choppy/sideways (ADX 22.7) -> mean-reversion strategy | Signal: HOLD | Shares held: 0.0 | Last price: $280.12
2026-09-18 13:48:11,644 | [UNP] ACTION: No trade.
2026-09-18 13:48:11,664 | [UPS] trending (ADX 25.8) -> trend-following strategy | Signal: SELL | Shares held: 0.0 | Last price: $99.65
2026-09-18 13:48:11,664 | [UPS] ACTION: No trade.
2026-09-18 13:48:11,684 | [URI] choppy/sideways (ADX 15.9) -> mean-reversion strategy | Signal: HOLD | Shares held: 0.0 | Last price: $1001.79
2026-09-18 13:48:11,685 | [URI] ACTION: No trade.
2026-09-18 13:48:11,705 | [USB] choppy/sideways (ADX 12.5) -> mean-reversion strategy | Signal: HOLD | Shares held: 0.0 | Last price: $59.95
2026-09-18 13:48:11,705 | [USB] ACTION: No trade.
2026-09-18 13:48:11,725 | [V] choppy/sideways (ADX 20.7) -> mean-reversion strategy | Signal: HOLD | Shares held: 0.0 | Last price: $368.75
2026-09-18 13:48:11,725 | [V] ACTION: No trade.
2026-09-18 13:48:11,745 | [VEEV] trending (ADX 25.3) -> trend-following strategy | Signal: HOLD | Shares held: 0.0 | Last price: $260.45
2026-09-18 13:48:11,746 | [VEEV] ACTION: No trade.
2026-09-18 13:48:11,766 | [VICI] trending (ADX 49.4) -> trend-following strategy | Signal: HOLD | Shares held: 0.0 | Last price: $23.86
2026-09-18 13:48:11,766 | [VICI] ACTION: No trade.
2026-09-18 13:48:11,786 | [VLO] choppy/sideways (ADX 11.2) -> mean-reversion strategy | Signal: HOLD | Shares held: 0.0 | Last price: $414.75
2026-09-18 13:48:11,786 | [VLO] ACTION: No trade.
2026-09-18 13:48:11,806 | [VLTO] choppy/sideways (ADX 21.3) -> mean-reversion strategy | Signal: HOLD | Shares held: 0.0 | Last price: $94.89
2026-09-18 13:48:11,806 | [VLTO] ACTION: No trade.
2026-09-18 13:48:11,826 | [VMC] choppy/sideways (ADX 18.7) -> mean-reversion strategy | Signal: HOLD | Shares held: 0.0 | Last price: $242.74
2026-09-18 13:48:11,827 | [VMC] ACTION: No trade.
2026-09-18 13:48:11,847 | [VMRK] trending (ADX 31.6) -> trend-following strategy | Signal: HOLD | Shares held: 0.0 | Last price: $62.16
2026-09-18 13:48:11,847 | [VMRK] ACTION: No trade.
2026-09-18 13:48:11,867 | [VRSK] trending (ADX 37.2) -> trend-following strategy | Signal: HOLD | Shares held: 0.0 | Last price: $174.59
2026-09-18 13:48:11,867 | [VRSK] ACTION: No trade.
2026-09-18 13:48:11,887 | [VRSN] choppy/sideways (ADX 10.4) -> mean-reversion strategy | Signal: HOLD | Shares held: 0.0 | Last price: $301.14
2026-09-18 13:48:11,887 | [VRSN] ACTION: No trade.
2026-09-18 13:48:11,907 | [VRT] choppy/sideways (ADX 20.9) -> mean-reversion strategy | Signal: HOLD | Shares held: 0.0 | Last price: $247.07
2026-09-18 13:48:11,907 | [VRT] ACTION: No trade.
2026-09-18 13:48:11,928 | [VRTX] choppy/sideways (ADX 15.2) -> mean-reversion strategy | Signal: HOLD | Shares held: 0.0 | Last price: $513.05
2026-09-18 13:48:11,928 | [VRTX] ACTION: No trade.
2026-09-18 13:48:11,948 | [VST] choppy/sideways (ADX 15.3) -> mean-reversion strategy | Signal: HOLD | Shares held: 0.0 | Last price: $142.88
2026-09-18 13:48:11,948 | [VST] ACTION: No trade.
2026-09-18 13:48:11,968 | [VTR] choppy/sideways (ADX 13.5) -> mean-reversion strategy | Signal: HOLD | Shares held: 0.0 | Last price: $87.04
2026-09-18 13:48:11,968 | [VTR] ACTION: No trade.
2026-09-18 13:48:11,988 | [VTRS] trending (ADX 31.8) -> trend-following strategy | Signal: SELL | Shares held: 0.0 | Last price: $17.00
2026-09-18 13:48:11,988 | [VTRS] ACTION: No trade.
2026-09-18 13:48:12,008 | [VZ] trending (ADX 61.4) -> trend-following strategy | Signal: HOLD | Shares held: 0.0 | Last price: $47.77
2026-09-18 13:48:12,009 | [VZ] ACTION: No trade.
2026-09-18 13:48:12,029 | [WAB] trending (ADX 26.1) -> trend-following strategy | Signal: HOLD | Shares held: 0.0 | Last price: $279.51
2026-09-18 13:48:12,029 | [WAB] ACTION: No trade.
2026-09-18 13:48:12,049 | [WAT] trending (ADX 26.9) -> trend-following strategy | Signal: HOLD | Shares held: 0.0 | Last price: $427.88
2026-09-18 13:48:12,049 | [WAT] ACTION: No trade.
2026-09-18 13:48:12,070 | [WBD] trending (ADX 30.3) -> trend-following strategy | Signal: SELL | Shares held: 0.0 | Last price: $28.07
2026-09-18 13:48:12,070 | [WBD] ACTION: No trade.
2026-09-18 13:48:12,090 | [WDAY] trending (ADX 42.0) -> trend-following strategy | Signal: HOLD | Shares held: 0.0 | Last price: $194.86
2026-09-18 13:48:12,090 | [WDAY] ACTION: No trade.
2026-09-18 13:48:12,110 | [WDC] choppy/sideways (ADX 13.4) -> mean-reversion strategy | Signal: HOLD | Shares held: 0.0 | Last price: $434.31
2026-09-18 13:48:12,110 | [WDC] ACTION: No trade.
2026-09-18 13:48:12,131 | [WEC] choppy/sideways (ADX 19.2) -> mean-reversion strategy | Signal: HOLD | Shares held: 0.0 | Last price: $103.58
2026-09-18 13:48:12,131 | [WEC] ACTION: No trade.
2026-09-18 13:48:12,151 | [WELL] choppy/sideways (ADX 16.8) -> mean-reversion strategy | Signal: HOLD | Shares held: 0.0 | Last price: $229.89
2026-09-18 13:48:12,151 | [WELL] ACTION: No trade.
2026-09-18 13:48:12,171 | [WFC] choppy/sideways (ADX 12.6) -> mean-reversion strategy | Signal: HOLD | Shares held: 0.0 | Last price: $86.23
2026-09-18 13:48:12,171 | [WFC] ACTION: No trade.
2026-09-18 13:48:12,191 | [WM] trending (ADX 34.7) -> trend-following strategy | Signal: HOLD | Shares held: 0.0 | Last price: $212.63
2026-09-18 13:48:12,191 | [WM] ACTION: No trade.
2026-09-18 13:48:12,211 | [WMB] choppy/sideways (ADX 18.4) -> mean-reversion strategy | Signal: HOLD | Shares held: 0.0 | Last price: $72.11
2026-09-18 13:48:12,212 | [WMB] ACTION: No trade.
2026-09-18 13:48:12,232 | [WMT] trending (ADX 30.4) -> trend-following strategy | Signal: HOLD | Shares held: 0.0 | Last price: $107.19
2026-09-18 13:48:12,232 | [WMT] ACTION: No trade.
2026-09-18 13:48:12,252 | [WRB] choppy/sideways (ADX 14.5) -> mean-reversion strategy | Signal: HOLD | Shares held: 0.0 | Last price: $69.40
2026-09-18 13:48:12,252 | [WRB] ACTION: No trade.
2026-09-18 13:48:12,274 | [WSM] choppy/sideways (ADX 14.4) -> mean-reversion strategy | Signal: HOLD | Shares held: 0.0 | Last price: $219.30
2026-09-18 13:48:12,274 | [WSM] ACTION: No trade.
2026-09-18 13:48:12,295 | [WST] trending (ADX 25.7) -> trend-following strategy | Signal: SELL | Shares held: 0.0 | Last price: $362.60
2026-09-18 13:48:12,295 | [WST] ACTION: No trade.
2026-09-18 13:48:12,315 | [WTW] choppy/sideways (ADX 21.3) -> mean-reversion strategy | Signal: HOLD | Shares held: 0.0 | Last price: $308.68
2026-09-18 13:48:12,315 | [WTW] ACTION: No trade.
2026-09-18 13:48:12,335 | [WY] choppy/sideways (ADX 18.7) -> mean-reversion strategy | Signal: HOLD | Shares held: 0.0 | Last price: $21.39
2026-09-18 13:48:12,336 | [WY] ACTION: No trade.
2026-09-18 13:48:12,356 | [WYNN] trending (ADX 33.4) -> trend-following strategy | Signal: HOLD | Shares held: 0.0 | Last price: $82.31
2026-09-18 13:48:12,356 | [WYNN] ACTION: No trade.
2026-09-18 13:48:12,376 | [XEL] trending (ADX 26.7) -> trend-following strategy | Signal: HOLD | Shares held: 0.0 | Last price: $72.75
2026-09-18 13:48:12,376 | [XEL] ACTION: No trade.
2026-09-18 13:48:12,396 | [XOM] trending (ADX 27.1) -> trend-following strategy | Signal: HOLD | Shares held: 0.0 | Last price: $163.01
2026-09-18 13:48:12,396 | [XOM] ACTION: No trade.
2026-09-18 13:48:12,416 | [XYL] choppy/sideways (ADX 13.4) -> mean-reversion strategy | Signal: HOLD | Shares held: 0.0 | Last price: $107.34
2026-09-18 13:48:12,417 | [XYL] ACTION: No trade.
2026-09-18 13:48:12,437 | [XYZ] choppy/sideways (ADX 11.9) -> mean-reversion strategy | Signal: HOLD | Shares held: 0.0 | Last price: $76.59
2026-09-18 13:48:12,437 | [XYZ] ACTION: No trade.
2026-09-18 13:48:12,457 | [YUM] choppy/sideways (ADX 17.8) -> mean-reversion strategy | Signal: HOLD | Shares held: 0.0 | Last price: $135.80
2026-09-18 13:48:12,457 | [YUM] ACTION: No trade.
2026-09-18 13:48:12,478 | [ZBH] trending (ADX 40.5) -> trend-following strategy | Signal: HOLD | Shares held: 0.0 | Last price: $94.23
2026-09-18 13:48:12,478 | [ZBH] ACTION: No trade.
2026-09-18 13:48:12,498 | [ZBRA] choppy/sideways (ADX 18.4) -> mean-reversion strategy | Signal: HOLD | Shares held: 0.0 | Last price: $347.94
2026-09-18 13:48:12,498 | [ZBRA] ACTION: No trade.
2026-09-18 13:48:12,518 | [ZTS] choppy/sideways (ADX 21.1) -> mean-reversion strategy | Signal: HOLD | Shares held: 0.0 | Last price: $72.53
2026-09-18 13:48:12,518 | [ZTS] ACTION: No trade.
2026-09-18 14:03:12,751 | SCANNER: refreshing watchlist...
2026-09-18 14:03:13,478 | SCANNER: excluded 12 leveraged/inverse ETF(s) from 13 candidate(s).
2026-09-18 14:03:13,931 | SCANNER: 1 candidate(s) passed price/extension filters but none met the $10,000,000 average dollar-volume bar.
2026-09-18 14:04:00,078 | S&P 500 liquidity backstop -> NVDA, MU, SNDK, TSLA, AAPL, META, AMD, INTC, MSFT, AVGO, GOOGL, AMZN, GOOG, DELL, ORCL, PLTR, LITE, MRVL, CRWD, TMO, STX, GS, JPM, CRM, PANW, WDC, BAC, GEV, V, HOOD, LRCX, AMAT, BRK.B, LLY, NFLX, COIN, COST, XOM, CAT, QCOM, WMT, TXN, JNJ, CVX, MS, ABBV, C, MA, GE, CSCO, COHR, FANG, VLO, PG, TJX, UNH, BA, MRK, NOW, MPC, AMGN, WFC, MRNA, DHR, AON, HONA, HD, ADI, APP, AZO, VRT, ETN, IBM, KLAC, GLW, GILD, SCHW, SMCI, MDT, DE, KO, HPE, SYK, LIN, COF, MCK, PEP, AXP, HON, NEE, ABT, MCD, BKNG, DIS, TMUS, NXPI, ANET, VZ, CMI, ADBE, COP, ADP, ISRG, PSX, HWM, PM, BNY, UBER, BLK, ACN, NKE, INTU, RTX, SWKS, HCA, MPWR, UNP, EQIX, CIEN, HBAN, ELV, ON, TER, BSX, HLT, USB, T, MMM, EXPE, WMB, TRV, SHW, PH, WELL, DDOG, AXON, PGR, BMY, SPGI, ORLY, MAR, TT, FTNT, ROST, EBAY, TDG, MSI, PNC, LOW, JCI, MRSH, DASH, SLB, APH, URI, XEL, TGT, KVUE, KR, SO, IQV, CDNS, CB, SBUX, ACGL, REGN, SYY, CAH, GM, SNPS, CEG, VMRK, MLM, AMT, CL, CTVA, TEL, AEP, ADSK, EOG, KEY, PLD, KEYS, CRH, VRTX, CSX, RVTY, WDAY, ICE, PFE, JBHT, NEM, ABNB, CVS, DUK, PWR, NOC, MCHP, IR, CME, FCX, BKR, CTAS, WM, CARR, CMCSA, RSG, GNRC, MTD, TFC, DLTR, ALL, OTIS, WBD, BDX, STT, FERG, DLR, LMT, GD, AMP, GWW, RDDT, APO, MSCI, AME, MDLZ, AJG, DHI, OKE, APD, CASY, EW, KMB, DVN, ROK, EMR, LHX, KMI, MO, HUM, KKR, NSC, MNST, A, COR, PCAR, ETR, MTB, RCL, CNP, DG, BX, LYV, ODFL, ECL, NTAP, DXCM, AIG, FIX, VEEV, VST, BBY, CTSH, YUM, ITW, CI, CRL, MCO, CFG, TTWO, FDX, HPQ, WAT, FITB, OXY, ROP, CBRE, LEN, WSM, MET, F, FOXA, PAYX, TRGP, DRI, DGX, TPR, UPS, WEC, FSLR, CCI, SRE, ADM, CMG, CHTR, AKAM, SPG, RMD, NUE, DOV, FAST, PSA, HAL, KDP, VMC, EME, ULTA, NRG, DAL, EQT, IDXX, DTE, PYPL, CNC, FFIV, XYL, ZBH, VTR, UAL, EXE, CBOE, IBKR, CVNA, AWK, WRB, O, PEG, AFL, WST, LULU, TECH, KHC, STLD, GRMN, FLEX, HSY, IT, STZ, NDAQ, HIG, BG, RF, LYB, D, ZTS, FDS, TSCO, JKHY, EXC, SW, HUBB, PCG, LH, JBL, IP, GEHC, EFX, EXR, VRSK, CHRW, FICO, NVR, SYF, PODD, APA, WAB, TYL, CCL, FDXF, EIX, ECHO, FISV, ARES, RL, ATO, DOW, GIS, CMS, CF, COO, ED, DECK, ROL, DPZ, RJF, XYZ, PTC, LUV, NTRS, TKO, VRSN, EXPD, ALB, EL, GPN, CHD, AEE, EVRG, IRM, ZBRA, HST, CDW, PPG, CPRT, INCY, PFG, MAS, TROW, OMC, PRU, ALLE, LII, NI, PPL, STE, FE, Q, DVA, LVS, TDY, PHM, SBAC, FIS, TSN, DD, CLX, BRO, GEN, BLDR, UDR, GDDY, SJM, INVH, UHS, ES, BIIB, BR, TXT, LDOS, CSGP, BAX, MOS, APTV, EG, FTV, SWK, IFF, CPAY, MKC, AMCR, PNR, WY, MAA, GPC, AVY, VICI, LNT, ALGN, KIM, TAP, TPL, PKG, PSKY, WTW, TRMB, TTD, VLTO, IVZ, CINF, HSIC, L, ESS, HII, BALL, SNA, NCLH, AIZ, NDSN, ARE, WYNN, HAS, IEX, VTRS, NWSA, AES, REG, DOC, CPT, J
2026-09-18 14:04:00,079 | SCANNER: new watchlist -> NVDA, MU, SNDK, TSLA, AAPL, META, AMD, INTC, MSFT, AVGO, GOOGL, AMZN, GOOG, DELL, ORCL, PLTR, LITE, MRVL, CRWD, TMO, STX, GS, JPM, CRM, PANW, WDC, BAC, GEV, V, HOOD, LRCX, AMAT, BRK.B, LLY, NFLX, COIN, COST, XOM, CAT, QCOM, WMT, TXN, JNJ, CVX, MS, ABBV, C, MA, GE, CSCO, COHR, FANG, VLO, PG, TJX, UNH, BA, MRK, NOW, MPC, AMGN, WFC, MRNA, DHR, AON, HONA, HD, ADI, APP, AZO, VRT, ETN, IBM, KLAC, GLW, GILD, SCHW, SMCI, MDT, DE, KO, HPE, SYK, LIN, COF, MCK, PEP, AXP, HON, NEE, ABT, MCD, BKNG, DIS, TMUS, NXPI, ANET, VZ, CMI, ADBE, COP, ADP, ISRG, PSX, HWM, PM, BNY, UBER, BLK, ACN, NKE, INTU, RTX, SWKS, HCA, MPWR, UNP, EQIX, CIEN, HBAN, ELV, ON, TER, BSX, HLT, USB, T, MMM, EXPE, WMB, TRV, SHW, PH, WELL, DDOG, AXON, PGR, BMY, SPGI, ORLY, MAR, TT, FTNT, ROST, EBAY, TDG, MSI, PNC, LOW, JCI, MRSH, DASH, SLB, APH, URI, XEL, TGT, KVUE, KR, SO, IQV, CDNS, CB, SBUX, ACGL, REGN, SYY, CAH, GM, SNPS, CEG, VMRK, MLM, AMT, CL, CTVA, TEL, AEP, ADSK, EOG, KEY, PLD, KEYS, CRH, VRTX, CSX, RVTY, WDAY, ICE, PFE, JBHT, NEM, ABNB, CVS, DUK, PWR, NOC, MCHP, IR, CME, FCX, BKR, CTAS, WM, CARR, CMCSA, RSG, GNRC, MTD, TFC, DLTR, ALL, OTIS, WBD, BDX, STT, FERG, DLR, LMT, GD, AMP, GWW, RDDT, APO, MSCI, AME, MDLZ, AJG, DHI, OKE, APD, CASY, EW, KMB, DVN, ROK, EMR, LHX, KMI, MO, HUM, KKR, NSC, MNST, A, COR, PCAR, ETR, MTB, RCL, CNP, DG, BX, LYV, ODFL, ECL, NTAP, DXCM, AIG, FIX, VEEV, VST, BBY, CTSH, YUM, ITW, CI, CRL, MCO, CFG, TTWO, FDX, HPQ, WAT, FITB, OXY, ROP, CBRE, LEN, WSM, MET, F, FOXA, PAYX, TRGP, DRI, DGX, TPR, UPS, WEC, FSLR, CCI, SRE, ADM, CMG, CHTR, AKAM, SPG, RMD, NUE, DOV, FAST, PSA, HAL, KDP, VMC, EME, ULTA, NRG, DAL, EQT, IDXX, DTE, PYPL, CNC, FFIV, XYL, ZBH, VTR, UAL, EXE, CBOE, IBKR, CVNA, AWK, WRB, O, PEG, AFL, WST, LULU, TECH, KHC, STLD, GRMN, FLEX, HSY, IT, STZ, NDAQ, HIG, BG, RF, LYB, D, ZTS, FDS, TSCO, JKHY, EXC, SW, HUBB, PCG, LH, JBL, IP, GEHC, EFX, EXR, VRSK, CHRW, FICO, NVR, SYF, PODD, APA, WAB, TYL, CCL, FDXF, EIX, ECHO, FISV, ARES, RL, ATO, DOW, GIS, CMS, CF, COO, ED, DECK, ROL, DPZ, RJF, XYZ, PTC, LUV, NTRS, TKO, VRSN, EXPD, ALB, EL, GPN, CHD, AEE, EVRG, IRM, ZBRA, HST, CDW, PPG, CPRT, INCY, PFG, MAS, TROW, OMC, PRU, ALLE, LII, NI, PPL, STE, FE, Q, DVA, LVS, TDY, PHM, SBAC, FIS, TSN, DD, CLX, BRO, GEN, BLDR, UDR, GDDY, SJM, INVH, UHS, ES, BIIB, BR, TXT, LDOS, CSGP, BAX, MOS, APTV, EG, FTV, SWK, IFF, CPAY, MKC, AMCR, PNR, WY, MAA, GPC, AVY, VICI, LNT, ALGN, KIM, TAP, TPL, PKG, PSKY, WTW, TRMB, TTD, VLTO, IVZ, CINF, HSIC, L, ESS, HII, BALL, SNA, NCLH, AIZ, NDSN, ARE, WYNN, HAS, IEX, VTRS, NWSA, AES, REG, DOC, CPT, J
2026-09-18 14:04:00,170 | Market is open (closes 2026-09-18 22:00:00 CEST your local time). Checking 490 symbols: A, AAPL, ABBV, ABNB, ABT, ACGL, ACN, ADBE, ADI, ADM, ADP, ADSK, AEE, AEP, AES, AFL, AIG, AIZ, AJG, AKAM, ALB, ALGN, ALL, ALLE, AMAT, AMCR, AMD, AME, AMGN, AMP, AMT, AMZN, ANET, AON, APA, APD, APH, APO, APP, APTV, ARE, ARES, ATO, AVGO, AVY, AWK, AXON, AXP, AZO, BA, BAC, BALL, BAX, BBY, BDX, BG, BIIB, BKNG, BKR, BLDR, BLK, BMY, BNY, BR, BRK.B, BRO, BSX, BX, C, CAH, CARR, CASY, CAT, CB, CBOE, CBRE, CCI, CCL, CDNS, CDW, CEG, CF, CFG, CHD, CHRW, CHTR, CI, CIEN, CINF, CL, CLX, CMCSA, CME, CMG, CMI, CMS, CNC, CNP, COF, COHR, COIN, COO, COP, COR, COST, CPAY, CPRT, CPT, CRH, CRL, CRM, CRWD, CSCO, CSGP, CSX, CTAS, CTSH, CTVA, CVNA, CVS, CVX, D, DAL, DASH, DD, DDOG, DE, DECK, DELL, DG, DGX, DHI, DHR, DIS, DLR, DLTR, DOC, DOV, DOW, DPZ, DRI, DTE, DUK, DVA, DVN, DXCM, EBAY, ECHO, ECL, ED, EFX, EG, EIX, EL, ELV, EME, EMR, EOG, EQIX, EQT, ES, ESS, ETN, ETR, EVRG, EW, EXC, EXE, EXPD, EXPE, EXR, F, FANG, FAST, FCX, FDS, FDX, FDXF, FE, FERG, FFIV, FICO, FIS, FISV, FITB, FIX, FLEX, FOXA, FSLR, FTNT, FTV, GD, GDDY, GE, GEHC, GEN, GEV, GILD, GIS, GLW, GM, GNRC, GOOG, GOOGL, GPC, GPN, GRMN, GS, GWW, HAL, HAS, HBAN, HCA, HD, HIG, HII, HLT, HON, HONA, HOOD, HPE, HPQ, HSIC, HST, HSY, HUBB, HUM, HWM, IBKR, IBM, ICE, IDXX, IEX, IFF, INCY, INTC, INTU, INVH, IP, IQV, IR, IRM, ISRG, IT, ITW, IVZ, J, JBHT, JBL, JCI, JKHY, JNJ, JPM, KDP, KEY, KEYS, KHC, KIM, KKR, KLAC, KMB, KMI, KO, KR, KVUE, L, LDOS, LEN, LH, LHX, LII, LIN, LITE, LLY, LMT, LNT, LOW, LRCX, LULU, LUV, LVS, LYB, LYV, MA, MAA, MAR, MAS, MCD, MCHP, MCK, MCO, MDLZ, MDT, MET, META, MKC, MLM, MMM, MNST, MO, MOS, MPC, MPWR, MRK, MRNA, MRSH, MRVL, MS, MSCI, MSFT, MSI, MTB, MTD, MU, NCLH, NDAQ, NDSN, NEE, NEM, NFLX, NI, NKE, NOC, NOW, NRG, NSC, NTAP, NTRS, NUE, NVDA, NVR, NWSA, NXPI, O, ODFL, OKE, OMC, ON, ORCL, ORLY, OTIS, OXY, PANW, PAYX, PCAR, PCG, PEG, PEP, PFE, PFG, PG, PGR, PH, PHM, PKG, PLD, PLTR, PM, PNC, PNR, PODD, PPG, PPL, PRU, PSA, PSKY, PSX, PTC, PWR, PYPL, Q, QCOM, RCL, RDDT, REG, REGN, RF, RJF, RL, RMD, ROK, ROL, ROP, ROST, RSG, RTX, RVTY, SBAC, SBUX, SCHW, SHW, SJM, SLB, SMCI, SNA, SNDK, SNPS, SO, SPG, SPGI, SRE, STE, STLD, STT, STX, STZ, SW, SWK, SWKS, SYF, SYK, SYY, T, TAP, TDG, TDY, TECH, TEL, TER, TFC, TGT, TJX, TKO, TMO, TMUS, TPL, TPR, TRGP, TRMB, TROW, TRV, TSCO, TSLA, TSN, TT, TTD, TTWO, TXN, TXT, TYL, UAL, UBER, UDR, UHS, ULTA, UNH, UNP, UPS, URI, USB, V, VEEV, VICI, VLO, VLTO, VMC, VMRK, VRSK, VRSN, VRT, VRTX, VST, VTR, VTRS, VZ, WAB, WAT, WBD, WDAY, WDC, WEC, WELL, WFC, WM, WMB, WMT, WRB, WSM, WST, WTW, WY, WYNN, XEL, XOM, XYL, XYZ, YUM, ZBH, ZBRA, ZTS
2026-09-18 14:04:56,505 | [A] trending (ADX 32.1) -> trend-following strategy | Signal: HOLD | Shares held: 0.0 | Last price: $155.90
2026-09-18 14:04:56,505 | [A] ACTION: No trade.
2026-09-18 14:04:56,526 | [AAPL] trending (ADX 33.7) -> trend-following strategy | Signal: HOLD | Shares held: 0.0 | Last price: $334.99
2026-09-18 14:04:56,526 | [AAPL] ACTION: No trade.
2026-09-18 14:04:56,546 | [ABBV] choppy/sideways (ADX 20.9) -> mean-reversion strategy | Signal: HOLD | Shares held: 0.0 | Last price: $263.67
2026-09-18 14:04:56,546 | [ABBV] ACTION: No trade.
2026-09-18 14:04:56,567 | [ABNB] trending (ADX 28.4) -> trend-following strategy | Signal: HOLD | Shares held: 0.0 | Last price: $165.78
2026-09-18 14:04:56,567 | [ABNB] ACTION: No trade.
2026-09-18 14:04:56,587 | [ABT] trending (ADX 26.8) -> trend-following strategy | Signal: HOLD | Shares held: 0.0 | Last price: $101.89
2026-09-18 14:04:56,588 | [ABT] ACTION: No trade.
2026-09-18 14:04:56,608 | [ACGL] choppy/sideways (ADX 12.2) -> mean-reversion strategy | Signal: HOLD | Shares held: 0.0 | Last price: $95.95
2026-09-18 14:04:56,608 | [ACGL] ACTION: No trade.
2026-09-18 14:04:56,628 | [ACN] choppy/sideways (ADX 22.6) -> mean-reversion strategy | Signal: HOLD | Shares held: 0.0 | Last price: $183.85
2026-09-18 14:04:56,628 | [ACN] ACTION: No trade.
2026-09-18 14:04:56,648 | [ADBE] choppy/sideways (ADX 20.6) -> mean-reversion strategy | Signal: HOLD | Shares held: 0.0 | Last price: $249.15
2026-09-18 14:04:56,648 | [ADBE] ACTION: No trade.
2026-09-18 14:04:56,668 | [ADI] choppy/sideways (ADX 16.3) -> mean-reversion strategy | Signal: HOLD | Shares held: 0.0 | Last price: $367.77
2026-09-18 14:04:56,668 | [ADI] ACTION: No trade.
2026-09-18 14:04:56,687 | [ADM] trending (ADX 30.7) -> trend-following strategy | Signal: SELL | Shares held: 0.0 | Last price: $86.08
2026-09-18 14:04:56,688 | [ADM] ACTION: No trade.
2026-09-18 14:04:56,707 | [ADP] trending (ADX 37.2) -> trend-following strategy | Signal: HOLD | Shares held: 0.0 | Last price: $270.01
2026-09-18 14:04:56,708 | [ADP] ACTION: No trade.
2026-09-18 14:04:56,727 | [ADSK] trending (ADX 26.9) -> trend-following strategy | Signal: HOLD | Shares held: 0.0 | Last price: $216.78
2026-09-18 14:04:56,727 | [ADSK] ACTION: No trade.
2026-09-18 14:04:56,747 | [AEE] choppy/sideways (ADX 14.5) -> mean-reversion strategy | Signal: HOLD | Shares held: 0.0 | Last price: $102.75
2026-09-18 14:04:56,747 | [AEE] ACTION: No trade.
2026-09-18 14:04:56,767 | [AEP] choppy/sideways (ADX 16.7) -> mean-reversion strategy | Signal: HOLD | Shares held: 0.0 | Last price: $120.03
2026-09-18 14:04:56,767 | [AEP] ACTION: No trade.
2026-09-18 14:04:56,788 | [AES] trending (ADX 60.4) -> trend-following strategy | Signal: HOLD | Shares held: 0.0 | Last price: $14.86
2026-09-18 14:04:56,788 | [AES] ACTION: No trade.
2026-09-18 14:04:56,808 | [AFL] trending (ADX 25.3) -> trend-following strategy | Signal: HOLD | Shares held: 0.0 | Last price: $115.62
2026-09-18 14:04:56,808 | [AFL] ACTION: No trade.
2026-09-18 14:04:56,828 | [AIG] choppy/sideways (ADX 12.7) -> mean-reversion strategy | Signal: HOLD | Shares held: 0.0 | Last price: $75.64
2026-09-18 14:04:56,828 | [AIG] ACTION: No trade.
2026-09-18 14:04:56,848 | [AIZ] trending (ADX 25.2) -> trend-following strategy | Signal: HOLD | Shares held: 0.0 | Last price: $281.01
2026-09-18 14:04:56,848 | [AIZ] ACTION: No trade.
2026-09-18 14:04:56,868 | [AJG] choppy/sideways (ADX 21.1) -> mean-reversion strategy | Signal: HOLD | Shares held: 0.0 | Last price: $240.00
2026-09-18 14:04:56,868 | [AJG] ACTION: No trade.
2026-09-18 14:04:56,888 | [AKAM] choppy/sideways (ADX 21.4) -> mean-reversion strategy | Signal: HOLD | Shares held: 0.0 | Last price: $104.18
2026-09-18 14:04:56,888 | [AKAM] ACTION: No trade.
2026-09-18 14:04:56,908 | [ALB] trending (ADX 38.4) -> trend-following strategy | Signal: SELL | Shares held: 0.0 | Last price: $112.19
2026-09-18 14:04:56,908 | [ALB] ACTION: No trade.
2026-09-18 14:04:56,928 | [ALGN] trending (ADX 25.7) -> trend-following strategy | Signal: HOLD | Shares held: 0.0 | Last price: $146.74
2026-09-18 14:04:56,928 | [ALGN] ACTION: No trade.
2026-09-18 14:04:56,948 | [ALL] trending (ADX 36.8) -> trend-following strategy | Signal: HOLD | Shares held: 0.0 | Last price: $249.75
2026-09-18 14:04:56,948 | [ALL] ACTION: No trade.
2026-09-18 14:04:56,968 | [ALLE] choppy/sideways (ADX 20.8) -> mean-reversion strategy | Signal: HOLD | Shares held: 0.0 | Last price: $152.03
2026-09-18 14:04:56,968 | [ALLE] ACTION: No trade.
2026-09-18 14:04:56,988 | [AMAT] choppy/sideways (ADX 24.0) -> mean-reversion strategy | Signal: HOLD | Shares held: 0.0 | Last price: $426.29
2026-09-18 14:04:56,988 | [AMAT] ACTION: No trade.
2026-09-18 14:04:57,008 | [AMCR] choppy/sideways (ADX 20.7) -> mean-reversion strategy | Signal: HOLD | Shares held: 0.0 | Last price: $41.91
2026-09-18 14:04:57,008 | [AMCR] ACTION: No trade.
2026-09-18 14:04:57,028 | [AMD] trending (ADX 42.5) -> trend-following strategy | Signal: HOLD | Shares held: 0.0 | Last price: $551.17
2026-09-18 14:04:57,028 | [AMD] ACTION: No trade.
2026-09-18 14:04:57,048 | [AME] choppy/sideways (ADX 12.2) -> mean-reversion strategy | Signal: HOLD | Shares held: 0.0 | Last price: $234.89
2026-09-18 14:04:57,048 | [AME] ACTION: No trade.
2026-09-18 14:04:57,068 | [AMGN] choppy/sideways (ADX 23.6) -> mean-reversion strategy | Signal: HOLD | Shares held: 0.0 | Last price: $381.85
2026-09-18 14:04:57,069 | [AMGN] ACTION: No trade.
2026-09-18 14:04:57,088 | [AMP] choppy/sideways (ADX 15.2) -> mean-reversion strategy | Signal: HOLD | Shares held: 0.0 | Last price: $539.67
2026-09-18 14:04:57,088 | [AMP] ACTION: No trade.
2026-09-18 14:04:57,109 | [AMT] trending (ADX 33.1) -> trend-following strategy | Signal: HOLD | Shares held: 0.0 | Last price: $173.47
2026-09-18 14:04:57,109 | [AMT] ACTION: No trade.
2026-09-18 14:04:57,129 | [AMZN] trending (ADX 28.2) -> trend-following strategy | Signal: HOLD | Shares held: 0.0 | Last price: $252.39
2026-09-18 14:04:57,129 | [AMZN] ACTION: No trade.
2026-09-18 14:04:57,149 | [ANET] choppy/sideways (ADX 18.0) -> mean-reversion strategy | Signal: HOLD | Shares held: 0.0 | Last price: $198.60
2026-09-18 14:04:57,149 | [ANET] ACTION: No trade.
2026-09-18 14:04:57,169 | [AON] choppy/sideways (ADX 20.9) -> mean-reversion strategy | Signal: HOLD | Shares held: 0.0 | Last price: $295.25
2026-09-18 14:04:57,169 | [AON] ACTION: No trade.
2026-09-18 14:04:57,189 | [APA] choppy/sideways (ADX 17.5) -> mean-reversion strategy | Signal: HOLD | Shares held: 0.0 | Last price: $44.97
2026-09-18 14:04:57,189 | [APA] ACTION: No trade.
2026-09-18 14:04:57,209 | [APD] choppy/sideways (ADX 15.7) -> mean-reversion strategy | Signal: HOLD | Shares held: 0.0 | Last price: $283.14
2026-09-18 14:04:57,209 | [APD] ACTION: No trade.
2026-09-18 14:04:57,229 | [APH] trending (ADX 30.8) -> trend-following strategy | Signal: HOLD | Shares held: 0.0 | Last price: $78.52
2026-09-18 14:04:57,229 | [APH] ACTION: No trade.
2026-09-18 14:04:57,249 | [APO] choppy/sideways (ADX 18.5) -> mean-reversion strategy | Signal: HOLD | Shares held: 0.0 | Last price: $124.33
2026-09-18 14:04:57,249 | [APO] ACTION: No trade.
2026-09-18 14:04:57,269 | [APP] choppy/sideways (ADX 17.3) -> mean-reversion strategy | Signal: HOLD | Shares held: 0.0 | Last price: $318.46
2026-09-18 14:04:57,269 | [APP] ACTION: No trade.
2026-09-18 14:04:57,289 | [APTV] choppy/sideways (ADX 20.6) -> mean-reversion strategy | Signal: HOLD | Shares held: 0.0 | Last price: $43.35
2026-09-18 14:04:57,289 | [APTV] ACTION: No trade.
2026-09-18 14:04:57,309 | [ARE] trending (ADX 37.1) -> trend-following strategy | Signal: HOLD | Shares held: 0.0 | Last price: $56.58
2026-09-18 14:04:57,310 | [ARE] ACTION: No trade.
2026-09-18 14:04:57,330 | [ARES] choppy/sideways (ADX 20.7) -> mean-reversion strategy | Signal: HOLD | Shares held: 0.0 | Last price: $123.03
2026-09-18 14:04:57,330 | [ARES] ACTION: No trade.
2026-09-18 14:04:57,350 | [ATO] choppy/sideways (ADX 22.3) -> mean-reversion strategy | Signal: HOLD | Shares held: 0.0 | Last price: $160.01
2026-09-18 14:04:57,350 | [ATO] ACTION: No trade.
2026-09-18 14:04:57,370 | [AVGO] trending (ADX 41.0) -> trend-following strategy | Signal: HOLD | Shares held: 0.0 | Last price: $359.37
2026-09-18 14:04:57,370 | [AVGO] ACTION: No trade.
2026-09-18 14:04:57,390 | [AVY] choppy/sideways (ADX 22.0) -> mean-reversion strategy | Signal: HOLD | Shares held: 0.0 | Last price: $169.03
2026-09-18 14:04:57,390 | [AVY] ACTION: No trade.
2026-09-18 14:04:57,410 | [AWK] trending (ADX 25.4) -> trend-following strategy | Signal: HOLD | Shares held: 0.0 | Last price: $135.60
2026-09-18 14:04:57,410 | [AWK] ACTION: No trade.
2026-09-18 14:04:57,430 | [AXON] choppy/sideways (ADX 18.2) -> mean-reversion strategy | Signal: HOLD | Shares held: 0.0 | Last price: $451.98
2026-09-18 14:04:57,430 | [AXON] ACTION: No trade.
2026-09-18 14:04:57,451 | [AXP] choppy/sideways (ADX 24.3) -> mean-reversion strategy | Signal: BUY | Shares held: 0.0 | Last price: $309.93
2026-09-18 14:04:57,451 | [AXP] ACTION: No trade (mean_reversion opening-range blackout -- within 45 min of the open, backtest-confirmed across two independent windows regardless of S&P 500 membership).
2026-09-18 14:04:57,471 | [AZO] choppy/sideways (ADX 24.7) -> mean-reversion strategy | Signal: HOLD | Shares held: 0.0 | Last price: $2828.67
2026-09-18 14:04:57,471 | [AZO] ACTION: No trade.
2026-09-18 14:04:57,491 | [BA] trending (ADX 32.9) -> trend-following strategy | Signal: HOLD | Shares held: 0.0 | Last price: $196.43
2026-09-18 14:04:57,491 | [BA] ACTION: No trade.
2026-09-18 14:04:57,511 | [BAC] choppy/sideways (ADX 14.5) -> mean-reversion strategy | Signal: HOLD | Shares held: 0.0 | Last price: $57.66
2026-09-18 14:04:57,511 | [BAC] ACTION: No trade.
2026-09-18 14:04:57,531 | [BALL] choppy/sideways (ADX 8.3) -> mean-reversion strategy | Signal: HOLD | Shares held: 0.0 | Last price: $60.56
2026-09-18 14:04:57,532 | [BALL] ACTION: No trade.
2026-09-18 14:04:57,552 | [BAX] choppy/sideways (ADX 17.4) -> mean-reversion strategy | Signal: HOLD | Shares held: 0.0 | Last price: $22.77
2026-09-18 14:04:57,552 | [BAX] ACTION: No trade.
2026-09-18 14:04:57,572 | [BBY] choppy/sideways (ADX 18.1) -> mean-reversion strategy | Signal: HOLD | Shares held: 0.0 | Last price: $93.58
2026-09-18 14:04:57,572 | [BBY] ACTION: No trade.
2026-09-18 14:04:57,592 | [BDX] trending (ADX 33.5) -> trend-following strategy | Signal: HOLD | Shares held: 0.0 | Last price: $180.23
2026-09-18 14:04:57,592 | [BDX] ACTION: No trade.
2026-09-18 14:04:57,612 | [BG] choppy/sideways (ADX 18.8) -> mean-reversion strategy | Signal: HOLD | Shares held: 0.0 | Last price: $118.34
2026-09-18 14:04:57,612 | [BG] ACTION: No trade.
2026-09-18 14:04:57,632 | [BIIB] choppy/sideways (ADX 22.5) -> mean-reversion strategy | Signal: HOLD | Shares held: 0.0 | Last price: $218.31
2026-09-18 14:04:57,632 | [BIIB] ACTION: No trade.
2026-09-18 14:04:57,652 | [BKNG] trending (ADX 27.4) -> trend-following strategy | Signal: HOLD | Shares held: 0.0 | Last price: $168.65
2026-09-18 14:04:57,652 | [BKNG] ACTION: No trade.
2026-09-18 14:04:57,672 | [BKR] choppy/sideways (ADX 12.8) -> mean-reversion strategy | Signal: HOLD | Shares held: 0.0 | Last price: $56.42
2026-09-18 14:04:57,672 | [BKR] ACTION: No trade.
2026-09-18 14:04:57,692 | [BLDR] choppy/sideways (ADX 17.2) -> mean-reversion strategy | Signal: HOLD | Shares held: 0.0 | Last price: $56.83
2026-09-18 14:04:57,692 | [BLDR] ACTION: No trade.
2026-09-18 14:04:57,712 | [BLK] choppy/sideways (ADX 19.8) -> mean-reversion strategy | Signal: HOLD | Shares held: 0.0 | Last price: $1046.34
2026-09-18 14:04:57,712 | [BLK] ACTION: No trade.
2026-09-18 14:04:57,732 | [BMY] trending (ADX 27.3) -> trend-following strategy | Signal: HOLD | Shares held: 0.0 | Last price: $62.43
2026-09-18 14:04:57,732 | [BMY] ACTION: No trade.
2026-09-18 14:04:57,752 | [BNY] choppy/sideways (ADX 14.7) -> mean-reversion strategy | Signal: HOLD | Shares held: 0.0 | Last price: $152.29
2026-09-18 14:04:57,753 | [BNY] ACTION: No trade.
2026-09-18 14:04:57,773 | [BR] trending (ADX 56.4) -> trend-following strategy | Signal: HOLD | Shares held: 0.0 | Last price: $162.78
2026-09-18 14:04:57,773 | [BR] ACTION: No trade.
2026-09-18 14:04:57,793 | [BRK.B] trending (ADX 38.6) -> trend-following strategy | Signal: HOLD | Shares held: 0.0 | Last price: $507.80
2026-09-18 14:04:57,793 | [BRK.B] ACTION: No trade.
2026-09-18 14:04:57,813 | [BRO] choppy/sideways (ADX 20.1) -> mean-reversion strategy | Signal: HOLD | Shares held: 0.0 | Last price: $64.61
2026-09-18 14:04:57,813 | [BRO] ACTION: No trade.
2026-09-18 14:04:57,834 | [BSX] choppy/sideways (ADX 23.2) -> mean-reversion strategy | Signal: HOLD | Shares held: 0.0 | Last price: $43.41
2026-09-18 14:04:57,834 | [BSX] ACTION: No trade.
2026-09-18 14:04:57,854 | [BX] choppy/sideways (ADX 14.5) -> mean-reversion strategy | Signal: HOLD | Shares held: 0.0 | Last price: $123.36
2026-09-18 14:04:57,854 | [BX] ACTION: No trade.
2026-09-18 14:04:57,874 | [C] choppy/sideways (ADX 9.0) -> mean-reversion strategy | Signal: HOLD | Shares held: 0.0 | Last price: $131.62
2026-09-18 14:04:57,874 | [C] ACTION: No trade.
2026-09-18 14:04:57,894 | [CAH] trending (ADX 46.1) -> trend-following strategy | Signal: HOLD | Shares held: 0.0 | Last price: $223.17
2026-09-18 14:04:57,894 | [CAH] ACTION: No trade.
2026-09-18 14:04:57,914 | [CARR] choppy/sideways (ADX 11.0) -> mean-reversion strategy | Signal: HOLD | Shares held: 0.0 | Last price: $54.09
2026-09-18 14:04:57,914 | [CARR] ACTION: No trade.
2026-09-18 14:04:57,935 | [CASY] trending (ADX 30.9) -> trend-following strategy | Signal: HOLD | Shares held: 0.0 | Last price: $606.03
2026-09-18 14:04:57,935 | [CASY] ACTION: No trade.
2026-09-18 14:04:57,955 | [CAT] choppy/sideways (ADX 23.3) -> mean-reversion strategy | Signal: HOLD | Shares held: 0.0 | Last price: $805.56
2026-09-18 14:04:57,955 | [CAT] ACTION: No trade.
2026-09-18 14:04:57,975 | [CB] choppy/sideways (ADX 16.9) -> mean-reversion strategy | Signal: HOLD | Shares held: 0.0 | Last price: $340.02
2026-09-18 14:04:57,975 | [CB] ACTION: No trade.
2026-09-18 14:04:57,995 | [CBOE] choppy/sideways (ADX 18.1) -> mean-reversion strategy | Signal: HOLD | Shares held: 0.0 | Last price: $266.21
2026-09-18 14:04:57,995 | [CBOE] ACTION: No trade.
2026-09-18 14:04:58,015 | [CBRE] choppy/sideways (ADX 19.9) -> mean-reversion strategy | Signal: HOLD | Shares held: 0.0 | Last price: $137.68
2026-09-18 14:04:58,015 | [CBRE] ACTION: No trade.
2026-09-18 14:04:58,036 | [CCI] choppy/sideways (ADX 15.0) -> mean-reversion strategy | Signal: HOLD | Shares held: 0.0 | Last price: $72.84
2026-09-18 14:04:58,036 | [CCI] ACTION: No trade.
2026-09-18 14:04:58,056 | [CCL] choppy/sideways (ADX 17.4) -> mean-reversion strategy | Signal: HOLD | Shares held: 0.0 | Last price: $21.97
2026-09-18 14:04:58,056 | [CCL] ACTION: No trade.
2026-09-18 14:04:58,076 | [CDNS] choppy/sideways (ADX 21.3) -> mean-reversion strategy | Signal: HOLD | Shares held: 0.0 | Last price: $281.06
2026-09-18 14:04:58,076 | [CDNS] ACTION: No trade.
2026-09-18 14:04:58,096 | [CDW] choppy/sideways (ADX 20.4) -> mean-reversion strategy | Signal: HOLD | Shares held: 0.0 | Last price: $145.67
2026-09-18 14:04:58,096 | [CDW] ACTION: No trade.
2026-09-18 14:04:58,116 | [CEG] choppy/sideways (ADX 18.0) -> mean-reversion strategy | Signal: HOLD | Shares held: 0.0 | Last price: $257.16
2026-09-18 14:04:58,116 | [CEG] ACTION: No trade.
2026-09-18 14:04:58,136 | [CF] choppy/sideways (ADX 21.1) -> mean-reversion strategy | Signal: HOLD | Shares held: 0.0 | Last price: $131.06
2026-09-18 14:04:58,136 | [CF] ACTION: No trade.
2026-09-18 14:04:58,156 | [CFG] choppy/sideways (ADX 15.0) -> mean-reversion strategy | Signal: HOLD | Shares held: 0.0 | Last price: $66.93
2026-09-18 14:04:58,156 | [CFG] ACTION: No trade.
2026-09-18 14:04:58,176 | [CHD] trending (ADX 27.1) -> trend-following strategy | Signal: HOLD | Shares held: 0.0 | Last price: $94.85
2026-09-18 14:04:58,176 | [CHD] ACTION: No trade.
2026-09-18 14:04:58,197 | [CHRW] choppy/sideways (ADX 22.9) -> mean-reversion strategy | Signal: HOLD | Shares held: 0.0 | Last price: $152.66
2026-09-18 14:04:58,197 | [CHRW] ACTION: No trade.
2026-09-18 14:04:58,217 | [CHTR] trending (ADX 35.8) -> trend-following strategy | Signal: HOLD | Shares held: 0.0 | Last price: $130.14
2026-09-18 14:04:58,217 | [CHTR] ACTION: No trade.
2026-09-18 14:04:58,237 | [CI] trending (ADX 42.5) -> trend-following strategy | Signal: HOLD | Shares held: 0.0 | Last price: $274.22
2026-09-18 14:04:58,237 | [CI] ACTION: No trade.
2026-09-18 14:04:58,257 | [CIEN] choppy/sideways (ADX 23.6) -> mean-reversion strategy | Signal: HOLD | Shares held: 0.0 | Last price: $344.74
2026-09-18 14:04:58,257 | [CIEN] ACTION: No trade.
2026-09-18 14:04:58,278 | [CINF] trending (ADX 28.1) -> trend-following strategy | Signal: HOLD | Shares held: 0.0 | Last price: $168.25
2026-09-18 14:04:58,278 | [CINF] ACTION: No trade.
2026-09-18 14:04:58,298 | [CL] choppy/sideways (ADX 15.7) -> mean-reversion strategy | Signal: HOLD | Shares held: 0.0 | Last price: $87.55
2026-09-18 14:04:58,298 | [CL] ACTION: No trade.
2026-09-18 14:04:58,318 | [CLX] choppy/sideways (ADX 22.4) -> mean-reversion strategy | Signal: HOLD | Shares held: 0.0 | Last price: $83.99
2026-09-18 14:04:58,318 | [CLX] ACTION: No trade.
2026-09-18 14:04:58,338 | [CMCSA] trending (ADX 55.6) -> trend-following strategy | Signal: HOLD | Shares held: 0.0 | Last price: $22.53
2026-09-18 14:04:58,338 | [CMCSA] ACTION: No trade.
2026-09-18 14:04:58,358 | [CME] choppy/sideways (ADX 16.7) -> mean-reversion strategy | Signal: HOLD | Shares held: 0.0 | Last price: $271.82
2026-09-18 14:04:58,358 | [CME] ACTION: No trade.
2026-09-18 14:04:58,379 | [CMG] trending (ADX 27.1) -> trend-following strategy | Signal: HOLD | Shares held: 0.0 | Last price: $33.10
2026-09-18 14:04:58,379 | [CMG] ACTION: No trade.
2026-09-18 14:04:58,399 | [CMI] choppy/sideways (ADX 11.1) -> mean-reversion strategy | Signal: HOLD | Shares held: 0.0 | Last price: $523.83
2026-09-18 14:04:58,399 | [CMI] ACTION: No trade.
2026-09-18 14:04:58,419 | [CMS] choppy/sideways (ADX 14.9) -> mean-reversion strategy | Signal: HOLD | Shares held: 0.0 | Last price: $65.44
2026-09-18 14:04:58,419 | [CMS] ACTION: No trade.
2026-09-18 14:04:58,440 | [CNC] choppy/sideways (ADX 14.8) -> mean-reversion strategy | Signal: HOLD | Shares held: 0.0 | Last price: $66.35
2026-09-18 14:04:58,440 | [CNC] ACTION: No trade.
2026-09-18 14:04:58,460 | [CNP] trending (ADX 25.0) -> trend-following strategy | Signal: SELL | Shares held: 0.0 | Last price: $38.20
2026-09-18 14:04:58,460 | [CNP] ACTION: No trade.
2026-09-18 14:04:58,480 | [COF] choppy/sideways (ADX 17.1) -> mean-reversion strategy | Signal: HOLD | Shares held: 0.0 | Last price: $201.81
2026-09-18 14:04:58,480 | [COF] ACTION: No trade.
2026-09-18 14:04:58,500 | [COHR] choppy/sideways (ADX 22.1) -> mean-reversion strategy | Signal: HOLD | Shares held: 0.0 | Last price: $308.79
2026-09-18 14:04:58,501 | [COHR] ACTION: No trade.
2026-09-18 14:04:58,521 | [COIN] Gap Pattern (Type A) continuation, gap held and extended | Signal: BUY | Shares held: 0.0 | Last price: $185.81
2026-09-18 14:04:58,521 | [COIN] ACTION: No trade (conviction score 1 below CONVICTION_ENTRY_GATE_MIN_SCORE=2 -- gate is ON).
2026-09-18 14:04:58,541 | [COO] choppy/sideways (ADX 25.0) -> mean-reversion strategy | Signal: HOLD | Shares held: 0.0 | Last price: $54.32
2026-09-18 14:04:58,541 | [COO] ACTION: No trade.
2026-09-18 14:04:58,561 | [COP] trending (ADX 25.1) -> trend-following strategy | Signal: HOLD | Shares held: 0.0 | Last price: $132.73
2026-09-18 14:04:58,561 | [COP] ACTION: No trade.
2026-09-18 14:04:58,581 | [COR] trending (ADX 59.1) -> trend-following strategy | Signal: HOLD | Shares held: 0.0 | Last price: $305.19
2026-09-18 14:04:58,581 | [COR] ACTION: No trade.
2026-09-18 14:04:58,601 | [COST] trending (ADX 30.6) -> trend-following strategy | Signal: HOLD | Shares held: 0.0 | Last price: $895.80
2026-09-18 14:04:58,601 | [COST] ACTION: No trade.
2026-09-18 14:04:58,622 | [CPAY] choppy/sideways (ADX 20.0) -> mean-reversion strategy | Signal: HOLD | Shares held: 0.0 | Last price: $400.25
2026-09-18 14:04:58,622 | [CPAY] ACTION: No trade.
2026-09-18 14:04:58,642 | [CPRT] trending (ADX 31.3) -> trend-following strategy | Signal: HOLD | Shares held: 0.0 | Last price: $29.48
2026-09-18 14:04:58,642 | [CPRT] ACTION: No trade.
2026-09-18 14:04:58,662 | [CPT] trending (ADX 36.7) -> trend-following strategy | Signal: HOLD | Shares held: 0.0 | Last price: $100.39
2026-09-18 14:04:58,662 | [CPT] ACTION: No trade.
2026-09-18 14:04:58,682 | [CRH] choppy/sideways (ADX 17.3) -> mean-reversion strategy | Signal: HOLD | Shares held: 0.0 | Last price: $85.87
2026-09-18 14:04:58,682 | [CRH] ACTION: No trade.
2026-09-18 14:04:58,702 | [CRL] trending (ADX 27.2) -> trend-following strategy | Signal: HOLD | Shares held: 0.0 | Last price: $277.18
2026-09-18 14:04:58,702 | [CRL] ACTION: No trade.
2026-09-18 14:04:58,722 | [CRM] trending (ADX 37.3) -> trend-following strategy | Signal: HOLD | Shares held: 0.0 | Last price: $239.54
2026-09-18 14:04:58,722 | [CRM] ACTION: No trade.
2026-09-18 14:04:58,743 | [CRWD] choppy/sideways (ADX 12.1) -> mean-reversion strategy | Signal: HOLD | Shares held: 0.0 | Last price: $237.87
2026-09-18 14:04:58,743 | [CRWD] ACTION: No trade.
2026-09-18 14:04:58,763 | [CSCO] choppy/sideways (ADX 12.2) -> mean-reversion strategy | Signal: HOLD | Shares held: 0.0 | Last price: $109.90
2026-09-18 14:04:58,763 | [CSCO] ACTION: No trade.
2026-09-18 14:04:58,783 | [CSGP] trending (ADX 50.4) -> trend-following strategy | Signal: HOLD | Shares held: 0.0 | Last price: $29.00
2026-09-18 14:04:58,783 | [CSGP] ACTION: No trade.
2026-09-18 14:04:58,803 | [CSX] choppy/sideways (ADX 24.3) -> mean-reversion strategy | Signal: HOLD | Shares held: 0.0 | Last price: $47.27
2026-09-18 14:04:58,803 | [CSX] ACTION: No trade.
2026-09-18 14:04:58,823 | [CTAS] trending (ADX 25.8) -> trend-following strategy | Signal: HOLD | Shares held: 0.0 | Last price: $197.52
2026-09-18 14:04:58,823 | [CTAS] ACTION: No trade.
2026-09-18 14:04:58,843 | [CTSH] trending (ADX 30.6) -> trend-following strategy | Signal: HOLD | Shares held: 0.0 | Last price: $60.48
2026-09-18 14:04:58,843 | [CTSH] ACTION: No trade.
2026-09-18 14:04:58,863 | [CTVA] choppy/sideways (ADX 21.6) -> mean-reversion strategy | Signal: HOLD | Shares held: 0.0 | Last price: $80.24
2026-09-18 14:04:58,863 | [CTVA] ACTION: No trade.
2026-09-18 14:04:58,883 | [CVNA] choppy/sideways (ADX 18.1) -> mean-reversion strategy | Signal: HOLD | Shares held: 0.0 | Last price: $65.25
2026-09-18 14:04:58,883 | [CVNA] ACTION: No trade.
2026-09-18 14:04:58,904 | [CVS] trending (ADX 35.3) -> trend-following strategy | Signal: HOLD | Shares held: 0.0 | Last price: $89.11
2026-09-18 14:04:58,904 | [CVS] ACTION: No trade.
2026-09-18 14:04:58,924 | [CVX] choppy/sideways (ADX 22.8) -> mean-reversion strategy | Signal: HOLD | Shares held: 0.0 | Last price: $211.12
2026-09-18 14:04:58,924 | [CVX] ACTION: No trade.
2026-09-18 14:04:58,944 | [D] choppy/sideways (ADX 14.1) -> mean-reversion strategy | Signal: HOLD | Shares held: 0.0 | Last price: $63.59
2026-09-18 14:04:58,944 | [D] ACTION: No trade.
2026-09-18 14:04:58,964 | [DAL] choppy/sideways (ADX 19.1) -> mean-reversion strategy | Signal: HOLD | Shares held: 0.0 | Last price: $79.23
2026-09-18 14:04:58,964 | [DAL] ACTION: No trade.
2026-09-18 14:04:58,984 | [DASH] choppy/sideways (ADX 16.8) -> mean-reversion strategy | Signal: HOLD | Shares held: 0.0 | Last price: $195.05
2026-09-18 14:04:58,984 | [DASH] ACTION: No trade.
2026-09-18 14:04:59,004 | [DD] choppy/sideways (ADX 25.0) -> mean-reversion strategy | Signal: HOLD | Shares held: 0.0 | Last price: $128.50
2026-09-18 14:04:59,004 | [DD] ACTION: No trade.
2026-09-18 14:04:59,024 | [DDOG] choppy/sideways (ADX 20.0) -> mean-reversion strategy | Signal: HOLD | Shares held: 0.0 | Last price: $230.84
2026-09-18 14:04:59,024 | [DDOG] ACTION: No trade.
2026-09-18 14:04:59,045 | [DE] trending (ADX 33.0) -> trend-following strategy | Signal: HOLD | Shares held: 0.0 | Last price: $683.09
2026-09-18 14:04:59,045 | [DE] ACTION: No trade.
2026-09-18 14:04:59,065 | [DECK] trending (ADX 31.6) -> trend-following strategy | Signal: HOLD | Shares held: 0.0 | Last price: $78.78
2026-09-18 14:04:59,065 | [DECK] ACTION: No trade.
2026-09-18 14:04:59,085 | [DELL] trending (ADX 31.8) -> trend-following strategy | Signal: HOLD | Shares held: 0.0 | Last price: $588.22
2026-09-18 14:04:59,085 | [DELL] ACTION: No trade.
2026-09-18 14:04:59,105 | [DG] choppy/sideways (ADX 17.5) -> mean-reversion strategy | Signal: HOLD | Shares held: 0.0 | Last price: $124.52
2026-09-18 14:04:59,106 | [DG] ACTION: No trade.
2026-09-18 14:04:59,126 | [DGX] choppy/sideways (ADX 15.4) -> mean-reversion strategy | Signal: HOLD | Shares held: 0.0 | Last price: $245.60
2026-09-18 14:04:59,126 | [DGX] ACTION: No trade.
2026-09-18 14:04:59,146 | [DHI] choppy/sideways (ADX 18.0) -> mean-reversion strategy | Signal: HOLD | Shares held: 0.0 | Last price: $138.75
2026-09-18 14:04:59,146 | [DHI] ACTION: No trade.
2026-09-18 14:04:59,166 | [DHR] trending (ADX 33.2) -> trend-following strategy | Signal: HOLD | Shares held: 0.0 | Last price: $214.67
2026-09-18 14:04:59,166 | [DHR] ACTION: No trade.
2026-09-18 14:04:59,186 | [DIS] trending (ADX 29.8) -> trend-following strategy | Signal: HOLD | Shares held: 0.0 | Last price: $103.46
2026-09-18 14:04:59,187 | [DIS] ACTION: No trade.
2026-09-18 14:04:59,207 | [DLR] choppy/sideways (ADX 22.9) -> mean-reversion strategy | Signal: HOLD | Shares held: 0.0 | Last price: $183.25
2026-09-18 14:04:59,207 | [DLR] ACTION: No trade.
2026-09-18 14:04:59,227 | [DLTR] choppy/sideways (ADX 13.8) -> mean-reversion strategy | Signal: HOLD | Shares held: 0.0 | Last price: $113.66
2026-09-18 14:04:59,227 | [DLTR] ACTION: No trade.
2026-09-18 14:04:59,247 | [DOC] choppy/sideways (ADX 22.3) -> mean-reversion strategy | Signal: HOLD | Shares held: 0.0 | Last price: $20.52
2026-09-18 14:04:59,247 | [DOC] ACTION: No trade.
2026-09-18 14:04:59,267 | [DOV] choppy/sideways (ADX 19.6) -> mean-reversion strategy | Signal: HOLD | Shares held: 0.0 | Last price: $188.08
2026-09-18 14:04:59,267 | [DOV] ACTION: No trade.
2026-09-18 14:04:59,287 | [DOW] choppy/sideways (ADX 19.5) -> mean-reversion strategy | Signal: HOLD | Shares held: 0.0 | Last price: $29.02
2026-09-18 14:04:59,287 | [DOW] ACTION: No trade.
2026-09-18 14:04:59,307 | [DPZ] trending (ADX 34.3) -> trend-following strategy | Signal: HOLD | Shares held: 0.0 | Last price: $294.00
2026-09-18 14:04:59,307 | [DPZ] ACTION: No trade.
2026-09-18 14:04:59,327 | [DRI] trending (ADX 31.4) -> trend-following strategy | Signal: HOLD | Shares held: 0.0 | Last price: $207.63
2026-09-18 14:04:59,327 | [DRI] ACTION: No trade.
2026-09-18 14:04:59,348 | [DTE] choppy/sideways (ADX 16.0) -> mean-reversion strategy | Signal: HOLD | Shares held: 0.0 | Last price: $128.75
2026-09-18 14:04:59,348 | [DTE] ACTION: No trade.
2026-09-18 14:04:59,368 | [DUK] choppy/sideways (ADX 16.1) -> mean-reversion strategy | Signal: HOLD | Shares held: 0.0 | Last price: $117.21
2026-09-18 14:04:59,368 | [DUK] ACTION: No trade.
2026-09-18 14:04:59,388 | [DVA] trending (ADX 47.4) -> trend-following strategy | Signal: HOLD | Shares held: 0.0 | Last price: $183.82
2026-09-18 14:04:59,388 | [DVA] ACTION: No trade.
2026-09-18 14:04:59,408 | [DVN] trending (ADX 32.3) -> trend-following strategy | Signal: HOLD | Shares held: 0.0 | Last price: $48.47
2026-09-18 14:04:59,408 | [DVN] ACTION: No trade.
2026-09-18 14:04:59,428 | [DXCM] choppy/sideways (ADX 15.6) -> mean-reversion strategy | Signal: HOLD | Shares held: 0.0 | Last price: $88.42
2026-09-18 14:04:59,428 | [DXCM] ACTION: No trade.
2026-09-18 14:04:59,448 | [EBAY] choppy/sideways (ADX 20.7) -> mean-reversion strategy | Signal: HOLD | Shares held: 0.0 | Last price: $113.10
2026-09-18 14:04:59,448 | [EBAY] ACTION: No trade.
2026-09-18 14:04:59,468 | [ECHO] choppy/sideways (ADX 17.0) -> mean-reversion strategy | Signal: HOLD | Shares held: 0.0 | Last price: $92.99
2026-09-18 14:04:59,468 | [ECHO] ACTION: No trade.
2026-09-18 14:04:59,488 | [ECL] choppy/sideways (ADX 19.8) -> mean-reversion strategy | Signal: BUY | Shares held: 0.0 | Last price: $269.20
2026-09-18 14:04:59,489 | [ECL] ACTION: No trade (mean_reversion opening-range blackout -- within 45 min of the open, backtest-confirmed across two independent windows regardless of S&P 500 membership).
2026-09-18 14:04:59,509 | [ED] choppy/sideways (ADX 23.3) -> mean-reversion strategy | Signal: HOLD | Shares held: 0.0 | Last price: $105.73
2026-09-18 14:04:59,509 | [ED] ACTION: No trade.
2026-09-18 14:04:59,529 | [EFX] trending (ADX 42.3) -> trend-following strategy | Signal: HOLD | Shares held: 0.0 | Last price: $158.81
2026-09-18 14:04:59,529 | [EFX] ACTION: No trade.
2026-09-18 14:04:59,549 | [EG] choppy/sideways (ADX 9.0) -> mean-reversion strategy | Signal: HOLD | Shares held: 0.0 | Last price: $375.40
2026-09-18 14:04:59,549 | [EG] ACTION: No trade.
2026-09-18 14:04:59,569 | [EIX] trending (ADX 31.0) -> trend-following strategy | Signal: HOLD | Shares held: 0.0 | Last price: $55.10
2026-09-18 14:04:59,569 | [EIX] ACTION: No trade.
2026-09-18 14:04:59,589 | [EL] choppy/sideways (ADX 13.9) -> mean-reversion strategy | Signal: HOLD | Shares held: 0.0 | Last price: $93.81
2026-09-18 14:04:59,589 | [EL] ACTION: No trade.
2026-09-18 14:04:59,609 | [ELV] choppy/sideways (ADX 16.7) -> mean-reversion strategy | Signal: HOLD | Shares held: 0.0 | Last price: $410.62
2026-09-18 14:04:59,609 | [ELV] ACTION: No trade.
2026-09-18 14:04:59,629 | [EME] choppy/sideways (ADX 21.6) -> mean-reversion strategy | Signal: HOLD | Shares held: 0.0 | Last price: $732.94
2026-09-18 14:04:59,629 | [EME] ACTION: No trade.
2026-09-18 14:04:59,649 | [EMR] choppy/sideways (ADX 13.7) -> mean-reversion strategy | Signal: HOLD | Shares held: 0.0 | Last price: $147.61
2026-09-18 14:04:59,649 | [EMR] ACTION: No trade.
2026-09-18 14:04:59,669 | [EOG] trending (ADX 26.8) -> trend-following strategy | Signal: HOLD | Shares held: 0.0 | Last price: $144.66
2026-09-18 14:04:59,670 | [EOG] ACTION: No trade.
2026-09-18 14:04:59,690 | [EQIX] choppy/sideways (ADX 22.3) -> mean-reversion strategy | Signal: HOLD | Shares held: 0.0 | Last price: $1018.12
2026-09-18 14:04:59,690 | [EQIX] ACTION: No trade.
2026-09-18 14:04:59,710 | [EQT] choppy/sideways (ADX 22.6) -> mean-reversion strategy | Signal: HOLD | Shares held: 0.0 | Last price: $50.20
2026-09-18 14:04:59,710 | [EQT] ACTION: No trade.
2026-09-18 14:04:59,730 | [ES] choppy/sideways (ADX 22.1) -> mean-reversion strategy | Signal: HOLD | Shares held: 0.0 | Last price: $67.96
2026-09-18 14:04:59,730 | [ES] ACTION: No trade.
2026-09-18 14:04:59,750 | [ESS] trending (ADX 25.2) -> trend-following strategy | Signal: HOLD | Shares held: 0.0 | Last price: $270.29
2026-09-18 14:04:59,750 | [ESS] ACTION: No trade.
2026-09-18 14:04:59,770 | [ETN] trending (ADX 25.9) -> trend-following strategy | Signal: HOLD | Shares held: 0.0 | Last price: $412.47
2026-09-18 14:04:59,770 | [ETN] ACTION: No trade.
2026-09-18 14:04:59,790 | [ETR] choppy/sideways (ADX 20.6) -> mean-reversion strategy | Signal: HOLD | Shares held: 0.0 | Last price: $101.95
2026-09-18 14:04:59,790 | [ETR] ACTION: No trade.
2026-09-18 14:04:59,811 | [EVRG] choppy/sideways (ADX 18.4) -> mean-reversion strategy | Signal: HOLD | Shares held: 0.0 | Last price: $79.74
2026-09-18 14:04:59,811 | [EVRG] ACTION: No trade.
2026-09-18 14:04:59,830 | [EW] choppy/sideways (ADX 18.5) -> mean-reversion strategy | Signal: HOLD | Shares held: 0.0 | Last price: $88.18
2026-09-18 14:04:59,831 | [EW] ACTION: No trade.
2026-09-18 14:04:59,851 | [EXC] choppy/sideways (ADX 11.8) -> mean-reversion strategy | Signal: HOLD | Shares held: 0.0 | Last price: $42.12
2026-09-18 14:04:59,851 | [EXC] ACTION: No trade.
2026-09-18 14:04:59,871 | [EXE] trending (ADX 26.2) -> trend-following strategy | Signal: HOLD | Shares held: 0.0 | Last price: $88.08
2026-09-18 14:04:59,871 | [EXE] ACTION: No trade.
2026-09-18 14:04:59,891 | [EXPD] choppy/sideways (ADX 17.5) -> mean-reversion strategy | Signal: HOLD | Shares held: 0.0 | Last price: $188.16
2026-09-18 14:04:59,891 | [EXPD] ACTION: No trade.
2026-09-18 14:04:59,911 | [EXPE] choppy/sideways (ADX 8.7) -> mean-reversion strategy | Signal: HOLD | Shares held: 0.0 | Last price: $282.38
2026-09-18 14:04:59,911 | [EXPE] ACTION: No trade.
2026-09-18 14:04:59,931 | [EXR] choppy/sideways (ADX 21.1) -> mean-reversion strategy | Signal: HOLD | Shares held: 0.0 | Last price: $138.17
2026-09-18 14:04:59,931 | [EXR] ACTION: No trade.
2026-09-18 14:04:59,951 | [F] trending (ADX 25.4) -> trend-following strategy | Signal: HOLD | Shares held: 0.0 | Last price: $13.39
2026-09-18 14:04:59,951 | [F] ACTION: No trade.
2026-09-18 14:04:59,995 | [FANG] choppy/sideways (ADX 19.1) -> mean-reversion strategy | Signal: HOLD | Shares held: 0.0 | Last price: $194.79
2026-09-18 14:04:59,995 | [FANG] ACTION: No trade.
2026-09-18 14:05:00,015 | [FAST] choppy/sideways (ADX 16.1) -> mean-reversion strategy | Signal: HOLD | Shares held: 0.0 | Last price: $48.93
2026-09-18 14:05:00,015 | [FAST] ACTION: No trade.
2026-09-18 14:05:00,035 | [FCX] choppy/sideways (ADX 19.9) -> mean-reversion strategy | Signal: HOLD | Shares held: 0.0 | Last price: $70.92
2026-09-18 14:05:00,035 | [FCX] ACTION: No trade.
2026-09-18 14:05:00,055 | [FDS] choppy/sideways (ADX 18.2) -> mean-reversion strategy | Signal: HOLD | Shares held: 0.0 | Last price: $278.00
2026-09-18 14:05:00,055 | [FDS] ACTION: No trade.
2026-09-18 14:05:00,075 | [FDX] choppy/sideways (ADX 25.0) -> mean-reversion strategy | Signal: HOLD | Shares held: 0.0 | Last price: $305.95
2026-09-18 14:05:00,075 | [FDX] ACTION: No trade.
2026-09-18 14:05:00,095 | [FDXF] choppy/sideways (ADX 18.0) -> mean-reversion strategy | Signal: HOLD | Shares held: 0.0 | Last price: $120.45
2026-09-18 14:05:00,096 | [FDXF] ACTION: No trade.
2026-09-18 14:05:00,116 | [FE] choppy/sideways (ADX 23.4) -> mean-reversion strategy | Signal: HOLD | Shares held: 0.0 | Last price: $45.19
2026-09-18 14:05:00,116 | [FE] ACTION: No trade.
2026-09-18 14:05:00,136 | [FERG] choppy/sideways (ADX 11.4) -> mean-reversion strategy | Signal: HOLD | Shares held: 0.0 | Last price: $213.81
2026-09-18 14:05:00,136 | [FERG] ACTION: No trade.
2026-09-18 14:05:00,156 | [FFIV] choppy/sideways (ADX 21.3) -> mean-reversion strategy | Signal: HOLD | Shares held: 0.0 | Last price: $428.10
2026-09-18 14:05:00,156 | [FFIV] ACTION: No trade.
2026-09-18 14:05:00,176 | [FICO] trending (ADX 35.3) -> trend-following strategy | Signal: HOLD | Shares held: 0.0 | Last price: $946.88
2026-09-18 14:05:00,176 | [FICO] ACTION: No trade.
2026-09-18 14:05:00,196 | [FIS] trending (ADX 33.1) -> trend-following strategy | Signal: HOLD | Shares held: 0.0 | Last price: $35.85
2026-09-18 14:05:00,196 | [FIS] ACTION: No trade.
2026-09-18 14:05:00,216 | [FISV] choppy/sideways (ADX 18.7) -> mean-reversion strategy | Signal: HOLD | Shares held: 0.0 | Last price: $48.47
2026-09-18 14:05:00,216 | [FISV] ACTION: No trade.
2026-09-18 14:05:00,236 | [FITB] choppy/sideways (ADX 12.6) -> mean-reversion strategy | Signal: HOLD | Shares held: 0.0 | Last price: $52.98
2026-09-18 14:05:00,236 | [FITB] ACTION: No trade.
2026-09-18 14:05:00,256 | [FIX] choppy/sideways (ADX 15.7) -> mean-reversion strategy | Signal: HOLD | Shares held: 0.0 | Last price: $1590.80
2026-09-18 14:05:00,256 | [FIX] ACTION: No trade.
2026-09-18 14:05:00,276 | [FLEX] choppy/sideways (ADX 21.8) -> mean-reversion strategy | Signal: HOLD | Shares held: 0.0 | Last price: $108.50
2026-09-18 14:05:00,276 | [FLEX] ACTION: No trade.
2026-09-18 14:05:00,296 | [FOXA] trending (ADX 33.1) -> trend-following strategy | Signal: HOLD | Shares held: 0.0 | Last price: $64.05
2026-09-18 14:05:00,296 | [FOXA] ACTION: No trade.
2026-09-18 14:05:00,316 | [FSLR] trending (ADX 30.4) -> trend-following strategy | Signal: HOLD | Shares held: 0.0 | Last price: $197.31
2026-09-18 14:05:00,316 | [FSLR] ACTION: No trade.
2026-09-18 14:05:00,336 | [FTNT] trending (ADX 32.7) -> trend-following strategy | Signal: HOLD | Shares held: 0.0 | Last price: $168.21
2026-09-18 14:05:00,336 | [FTNT] ACTION: No trade.
2026-09-18 14:05:00,357 | [FTV] choppy/sideways (ADX 20.5) -> mean-reversion strategy | Signal: HOLD | Shares held: 0.0 | Last price: $54.61
2026-09-18 14:05:00,357 | [FTV] ACTION: No trade.
2026-09-18 14:05:00,377 | [GD] choppy/sideways (ADX 18.9) -> mean-reversion strategy | Signal: HOLD | Shares held: 0.0 | Last price: $354.25
2026-09-18 14:05:00,377 | [GD] ACTION: No trade.
2026-09-18 14:05:00,397 | [GDDY] trending (ADX 25.6) -> trend-following strategy | Signal: HOLD | Shares held: 0.0 | Last price: $96.17
2026-09-18 14:05:00,397 | [GDDY] ACTION: No trade.
2026-09-18 14:05:00,417 | [GE] choppy/sideways (ADX 21.5) -> mean-reversion strategy | Signal: HOLD | Shares held: 0.0 | Last price: $311.07
2026-09-18 14:05:00,417 | [GE] ACTION: No trade.
2026-09-18 14:05:00,437 | [GEHC] trending (ADX 35.1) -> trend-following strategy | Signal: HOLD | Shares held: 0.0 | Last price: $64.06
2026-09-18 14:05:00,437 | [GEHC] ACTION: No trade.
2026-09-18 14:05:00,457 | [GEN] trending (ADX 29.9) -> trend-following strategy | Signal: HOLD | Shares held: 0.0 | Last price: $29.32
2026-09-18 14:05:00,457 | [GEN] ACTION: No trade.
2026-09-18 14:05:00,477 | [GEV] choppy/sideways (ADX 18.7) -> mean-reversion strategy | Signal: HOLD | Shares held: 0.0 | Last price: $928.25
2026-09-18 14:05:00,477 | [GEV] ACTION: No trade.
2026-09-18 14:05:00,497 | [GILD] trending (ADX 28.5) -> trend-following strategy | Signal: HOLD | Shares held: 0.0 | Last price: $150.91
2026-09-18 14:05:00,498 | [GILD] ACTION: No trade.
2026-09-18 14:05:00,517 | [GIS] choppy/sideways (ADX 16.5) -> mean-reversion strategy | Signal: HOLD | Shares held: 0.0 | Last price: $36.65
2026-09-18 14:05:00,518 | [GIS] ACTION: No trade.
2026-09-18 14:05:00,538 | [GLW] choppy/sideways (ADX 22.9) -> mean-reversion strategy | Signal: HOLD | Shares held: 0.0 | Last price: $150.82
2026-09-18 14:05:00,538 | [GLW] ACTION: No trade.
2026-09-18 14:05:00,558 | [GM] trending (ADX 31.6) -> trend-following strategy | Signal: HOLD | Shares held: 0.0 | Last price: $83.85
2026-09-18 14:05:00,558 | [GM] ACTION: No trade.
2026-09-18 14:05:00,578 | [GNRC] trending (ADX 41.8) -> trend-following strategy | Signal: HOLD | Shares held: 0.0 | Last price: $203.84
2026-09-18 14:05:00,578 | [GNRC] ACTION: No trade.
2026-09-18 14:05:00,598 | [GOOG] choppy/sideways (ADX 24.9) -> mean-reversion strategy | Signal: SELL | Shares held: 0.0 | Last price: $351.39
2026-09-18 14:05:00,598 | [GOOG] ACTION: No trade.
2026-09-18 14:05:00,618 | [GOOGL] choppy/sideways (ADX 25.0) -> mean-reversion strategy | Signal: SELL | Shares held: 0.0 | Last price: $355.35
2026-09-18 14:05:00,619 | [GOOGL] ACTION: No trade.
2026-09-18 14:05:00,639 | [GPC] choppy/sideways (ADX 16.6) -> mean-reversion strategy | Signal: HOLD | Shares held: 0.0 | Last price: $128.81
2026-09-18 14:05:00,639 | [GPC] ACTION: No trade.
2026-09-18 14:05:00,659 | [GPN] trending (ADX 25.0) -> trend-following strategy | Signal: HOLD | Shares held: 0.0 | Last price: $84.89
2026-09-18 14:05:00,659 | [GPN] ACTION: No trade.
2026-09-18 14:05:00,679 | [GRMN] trending (ADX 28.4) -> trend-following strategy | Signal: HOLD | Shares held: 0.0 | Last price: $272.40
2026-09-18 14:05:00,679 | [GRMN] ACTION: No trade.
2026-09-18 14:05:00,699 | [GS] choppy/sideways (ADX 19.5) -> mean-reversion strategy | Signal: HOLD | Shares held: 0.0 | Last price: $945.03
2026-09-18 14:05:00,699 | [GS] ACTION: No trade.
2026-09-18 14:05:00,719 | [GWW] choppy/sideways (ADX 14.5) -> mean-reversion strategy | Signal: HOLD | Shares held: 0.0 | Last price: $1255.19
2026-09-18 14:05:00,719 | [GWW] ACTION: No trade.
2026-09-18 14:05:00,739 | [HAL] trending (ADX 36.6) -> trend-following strategy | Signal: HOLD | Shares held: 0.0 | Last price: $33.80
2026-09-18 14:05:00,739 | [HAL] ACTION: No trade.
2026-09-18 14:05:00,759 | [HAS] choppy/sideways (ADX 21.0) -> mean-reversion strategy | Signal: HOLD | Shares held: 0.0 | Last price: $87.80
2026-09-18 14:05:00,759 | [HAS] ACTION: No trade.
2026-09-18 14:05:00,779 | [HBAN] trending (ADX 25.9) -> trend-following strategy | Signal: HOLD | Shares held: 0.0 | Last price: $15.82
2026-09-18 14:05:00,779 | [HBAN] ACTION: No trade.
2026-09-18 14:05:00,799 | [HCA] choppy/sideways (ADX 15.6) -> mean-reversion strategy | Signal: HOLD | Shares held: 0.0 | Last price: $432.26
2026-09-18 14:05:00,799 | [HCA] ACTION: No trade.
2026-09-18 14:05:00,820 | [HD] choppy/sideways (ADX 20.8) -> mean-reversion strategy | Signal: HOLD | Shares held: 0.0 | Last price: $299.58
2026-09-18 14:05:00,820 | [HD] ACTION: No trade.
2026-09-18 14:05:00,840 | [HIG] trending (ADX 35.1) -> trend-following strategy | Signal: HOLD | Shares held: 0.0 | Last price: $132.16
2026-09-18 14:05:00,840 | [HIG] ACTION: No trade.
2026-09-18 14:05:00,859 | [HII] choppy/sideways (ADX 12.1) -> mean-reversion strategy | Signal: HOLD | Shares held: 0.0 | Last price: $276.02
2026-09-18 14:05:00,860 | [HII] ACTION: No trade.
2026-09-18 14:05:00,879 | [HLT] choppy/sideways (ADX 18.3) -> mean-reversion strategy | Signal: HOLD | Shares held: 0.0 | Last price: $303.89
2026-09-18 14:05:00,879 | [HLT] ACTION: No trade.
2026-09-18 14:05:00,899 | [HON] choppy/sideways (ADX 10.9) -> mean-reversion strategy | Signal: HOLD | Shares held: 0.0 | Last price: $205.28
2026-09-18 14:05:00,899 | [HON] ACTION: No trade.
2026-09-18 14:05:00,919 | [HONA] choppy/sideways (ADX 17.2) -> mean-reversion strategy | Signal: HOLD | Shares held: 0.0 | Last price: $165.98
2026-09-18 14:05:00,919 | [HONA] ACTION: No trade.
2026-09-18 14:05:00,939 | [HOOD] Gap Pattern (Type A) continuation, gap held and extended | Signal: BUY | Shares held: 0.0 | Last price: $115.43
2026-09-18 14:05:00,940 | [HOOD] ACTION: No trade (conviction score 1 below CONVICTION_ENTRY_GATE_MIN_SCORE=2 -- gate is ON).
2026-09-18 14:05:00,960 | [HPE] trending (ADX 30.6) -> trend-following strategy | Signal: HOLD | Shares held: 0.0 | Last price: $61.25
2026-09-18 14:05:00,960 | [HPE] ACTION: No trade.
2026-09-18 14:05:00,980 | [HPQ] trending (ADX 36.6) -> trend-following strategy | Signal: HOLD | Shares held: 0.0 | Last price: $33.98
2026-09-18 14:05:00,980 | [HPQ] ACTION: No trade.
2026-09-18 14:05:01,000 | [HSIC] trending (ADX 26.2) -> trend-following strategy | Signal: HOLD | Shares held: 0.0 | Last price: $84.94
2026-09-18 14:05:01,000 | [HSIC] ACTION: No trade.
2026-09-18 14:05:01,020 | [HST] choppy/sideways (ADX 13.9) -> mean-reversion strategy | Signal: HOLD | Shares held: 0.0 | Last price: $21.75
2026-09-18 14:05:01,020 | [HST] ACTION: No trade.
2026-09-18 14:05:01,040 | [HSY] trending (ADX 31.3) -> trend-following strategy | Signal: HOLD | Shares held: 0.0 | Last price: $167.75
2026-09-18 14:05:01,040 | [HSY] ACTION: No trade.
2026-09-18 14:05:01,060 | [HUBB] trending (ADX 25.0) -> trend-following strategy | Signal: HOLD | Shares held: 0.0 | Last price: $444.58
2026-09-18 14:05:01,060 | [HUBB] ACTION: No trade.
2026-09-18 14:05:01,080 | [HUM] choppy/sideways (ADX 23.4) -> mean-reversion strategy | Signal: HOLD | Shares held: 0.0 | Last price: $380.93
2026-09-18 14:05:01,080 | [HUM] ACTION: No trade.
2026-09-18 14:05:01,100 | [HWM] choppy/sideways (ADX 14.1) -> mean-reversion strategy | Signal: HOLD | Shares held: 0.0 | Last price: $225.72
2026-09-18 14:05:01,100 | [HWM] ACTION: No trade.
2026-09-18 14:05:01,120 | [IBKR] choppy/sideways (ADX 21.1) -> mean-reversion strategy | Signal: HOLD | Shares held: 0.0 | Last price: $89.34
2026-09-18 14:05:01,120 | [IBKR] ACTION: No trade.
2026-09-18 14:05:01,140 | [IBM] choppy/sideways (ADX 17.2) -> mean-reversion strategy | Signal: HOLD | Shares held: 0.0 | Last price: $231.90
2026-09-18 14:05:01,141 | [IBM] ACTION: No trade.
2026-09-18 14:05:01,161 | [ICE] choppy/sideways (ADX 16.1) -> mean-reversion strategy | Signal: HOLD | Shares held: 0.0 | Last price: $153.12
2026-09-18 14:05:01,161 | [ICE] ACTION: No trade.
2026-09-18 14:05:01,180 | [IDXX] choppy/sideways (ADX 22.4) -> mean-reversion strategy | Signal: HOLD | Shares held: 0.0 | Last price: $509.50
2026-09-18 14:05:01,181 | [IDXX] ACTION: No trade.
2026-09-18 14:05:01,201 | [IEX] choppy/sideways (ADX 10.7) -> mean-reversion strategy | Signal: HOLD | Shares held: 0.0 | Last price: $221.79
2026-09-18 14:05:01,201 | [IEX] ACTION: No trade.
2026-09-18 14:05:01,221 | [IFF] trending (ADX 28.3) -> trend-following strategy | Signal: HOLD | Shares held: 0.0 | Last price: $83.25
2026-09-18 14:05:01,221 | [IFF] ACTION: No trade.
2026-09-18 14:05:01,241 | [INCY] trending (ADX 31.5) -> trend-following strategy | Signal: HOLD | Shares held: 0.0 | Last price: $127.49
2026-09-18 14:05:01,241 | [INCY] ACTION: No trade.
2026-09-18 14:05:01,261 | [INTC] trending (ADX 44.5) -> trend-following strategy | Signal: HOLD | Shares held: 0.0 | Last price: $109.03
2026-09-18 14:05:01,261 | [INTC] ACTION: No trade.
2026-09-18 14:05:01,281 | [INTU] trending (ADX 28.1) -> trend-following strategy | Signal: HOLD | Shares held: 0.0 | Last price: $304.87
2026-09-18 14:05:01,281 | [INTU] ACTION: No trade.
2026-09-18 14:05:01,301 | [INVH] trending (ADX 30.4) -> trend-following strategy | Signal: HOLD | Shares held: 0.0 | Last price: $27.09
2026-09-18 14:05:01,301 | [INVH] ACTION: No trade.
2026-09-18 14:05:01,321 | [IP] trending (ADX 38.0) -> trend-following strategy | Signal: HOLD | Shares held: 0.0 | Last price: $34.65
2026-09-18 14:05:01,321 | [IP] ACTION: No trade.
2026-09-18 14:05:01,341 | [IQV] choppy/sideways (ADX 20.4) -> mean-reversion strategy | Signal: HOLD | Shares held: 0.0 | Last price: $267.44
2026-09-18 14:05:01,341 | [IQV] ACTION: No trade.
2026-09-18 14:05:01,361 | [IR] trending (ADX 28.8) -> trend-following strategy | Signal: HOLD | Shares held: 0.0 | Last price: $72.09
2026-09-18 14:05:01,361 | [IR] ACTION: No trade.
2026-09-18 14:05:01,381 | [IRM] choppy/sideways (ADX 14.6) -> mean-reversion strategy | Signal: HOLD | Shares held: 0.0 | Last price: $113.15
2026-09-18 14:05:01,381 | [IRM] ACTION: No trade.
2026-09-18 14:05:01,401 | [ISRG] trending (ADX 31.5) -> trend-following strategy | Signal: HOLD | Shares held: 0.0 | Last price: $387.75
2026-09-18 14:05:01,401 | [ISRG] ACTION: No trade.
2026-09-18 14:05:01,421 | [IT] trending (ADX 44.5) -> trend-following strategy | Signal: HOLD | Shares held: 0.0 | Last price: $184.09
2026-09-18 14:05:01,422 | [IT] ACTION: No trade.
2026-09-18 14:05:01,442 | [ITW] choppy/sideways (ADX 13.8) -> mean-reversion strategy | Signal: HOLD | Shares held: 0.0 | Last price: $267.25
2026-09-18 14:05:01,442 | [ITW] ACTION: No trade.
2026-09-18 14:05:01,462 | [IVZ] choppy/sideways (ADX 15.6) -> mean-reversion strategy | Signal: HOLD | Shares held: 0.0 | Last price: $29.96
2026-09-18 14:05:01,462 | [IVZ] ACTION: No trade.
2026-09-18 14:05:01,482 | [J] choppy/sideways (ADX 12.5) -> mean-reversion strategy | Signal: HOLD | Shares held: 0.0 | Last price: $143.16
2026-09-18 14:05:01,482 | [J] ACTION: No trade.
2026-09-18 14:05:01,502 | [JBHT] choppy/sideways (ADX 20.9) -> mean-reversion strategy | Signal: HOLD | Shares held: 0.0 | Last price: $235.35
2026-09-18 14:05:01,502 | [JBHT] ACTION: No trade.
2026-09-18 14:05:01,522 | [JBL] choppy/sideways (ADX 12.6) -> mean-reversion strategy | Signal: HOLD | Shares held: 0.0 | Last price: $298.88
2026-09-18 14:05:01,522 | [JBL] ACTION: No trade.
2026-09-18 14:05:01,543 | [JCI] choppy/sideways (ADX 21.6) -> mean-reversion strategy | Signal: HOLD | Shares held: 0.0 | Last price: $141.13
2026-09-18 14:05:01,543 | [JCI] ACTION: No trade.
2026-09-18 14:05:01,563 | [JKHY] choppy/sideways (ADX 16.0) -> mean-reversion strategy | Signal: HOLD | Shares held: 0.0 | Last price: $154.95
2026-09-18 14:05:01,563 | [JKHY] ACTION: No trade.
2026-09-18 14:05:01,583 | [JNJ] choppy/sideways (ADX 19.0) -> mean-reversion strategy | Signal: HOLD | Shares held: 0.0 | Last price: $267.55
2026-09-18 14:05:01,583 | [JNJ] ACTION: No trade.
2026-09-18 14:05:01,603 | [JPM] choppy/sideways (ADX 16.6) -> mean-reversion strategy | Signal: HOLD | Shares held: 0.0 | Last price: $345.59
2026-09-18 14:05:01,603 | [JPM] ACTION: No trade.
2026-09-18 14:05:01,623 | [KDP] trending (ADX 25.4) -> trend-following strategy | Signal: HOLD | Shares held: 0.0 | Last price: $31.15
2026-09-18 14:05:01,623 | [KDP] ACTION: No trade.
2026-09-18 14:05:01,643 | [KEY] choppy/sideways (ADX 17.1) -> mean-reversion strategy | Signal: HOLD | Shares held: 0.0 | Last price: $20.84
2026-09-18 14:05:01,643 | [KEY] ACTION: No trade.
2026-09-18 14:05:01,663 | [KEYS] trending (ADX 34.1) -> trend-following strategy | Signal: HOLD | Shares held: 0.0 | Last price: $334.39
2026-09-18 14:05:01,663 | [KEYS] ACTION: No trade.
2026-09-18 14:05:01,683 | [KHC] choppy/sideways (ADX 19.2) -> mean-reversion strategy | Signal: HOLD | Shares held: 0.0 | Last price: $24.26
2026-09-18 14:05:01,683 | [KHC] ACTION: No trade.
2026-09-18 14:05:01,703 | [KIM] choppy/sideways (ADX 18.0) -> mean-reversion strategy | Signal: HOLD | Shares held: 0.0 | Last price: $22.48
2026-09-18 14:05:01,703 | [KIM] ACTION: No trade.
2026-09-18 14:05:01,723 | [KKR] choppy/sideways (ADX 17.2) -> mean-reversion strategy | Signal: HOLD | Shares held: 0.0 | Last price: $97.22
2026-09-18 14:05:01,723 | [KKR] ACTION: No trade.
2026-09-18 14:05:01,743 | [KLAC] trending (ADX 34.4) -> trend-following strategy | Signal: HOLD | Shares held: 0.0 | Last price: $171.14
2026-09-18 14:05:01,743 | [KLAC] ACTION: No trade.
2026-09-18 14:05:01,763 | [KMB] choppy/sideways (ADX 19.1) -> mean-reversion strategy | Signal: HOLD | Shares held: 0.0 | Last price: $97.56
2026-09-18 14:05:01,763 | [KMB] ACTION: No trade.
2026-09-18 14:05:01,783 | [KMI] trending (ADX 40.1) -> trend-following strategy | Signal: HOLD | Shares held: 0.0 | Last price: $31.52
2026-09-18 14:05:01,783 | [KMI] ACTION: No trade.
2026-09-18 14:05:01,803 | [KO] choppy/sideways (ADX 20.5) -> mean-reversion strategy | Signal: HOLD | Shares held: 0.0 | Last price: $87.98
2026-09-18 14:05:01,803 | [KO] ACTION: No trade.
2026-09-18 14:05:01,824 | [KR] choppy/sideways (ADX 24.6) -> mean-reversion strategy | Signal: HOLD | Shares held: 0.0 | Last price: $60.67
2026-09-18 14:05:01,824 | [KR] ACTION: No trade.
2026-09-18 14:05:01,845 | [KVUE] choppy/sideways (ADX 18.9) -> mean-reversion strategy | Signal: HOLD | Shares held: 0.0 | Last price: $17.80
2026-09-18 14:05:01,845 | [KVUE] ACTION: No trade.
2026-09-18 14:05:01,865 | [L] choppy/sideways (ADX 14.3) -> mean-reversion strategy | Signal: HOLD | Shares held: 0.0 | Last price: $107.38
2026-09-18 14:05:01,865 | [L] ACTION: No trade.
2026-09-18 14:05:01,885 | [LDOS] choppy/sideways (ADX 12.6) -> mean-reversion strategy | Signal: HOLD | Shares held: 0.0 | Last price: $130.14
2026-09-18 14:05:01,885 | [LDOS] ACTION: No trade.
2026-09-18 14:05:01,905 | [LEN] choppy/sideways (ADX 22.5) -> mean-reversion strategy | Signal: HOLD | Shares held: 0.0 | Last price: $76.64
2026-09-18 14:05:01,905 | [LEN] ACTION: No trade.
2026-09-18 14:05:01,925 | [LH] choppy/sideways (ADX 15.7) -> mean-reversion strategy | Signal: HOLD | Shares held: 0.0 | Last price: $320.66
2026-09-18 14:05:01,925 | [LH] ACTION: No trade.
2026-09-18 14:05:01,945 | [LHX] choppy/sideways (ADX 10.8) -> mean-reversion strategy | Signal: HOLD | Shares held: 0.0 | Last price: $249.29
2026-09-18 14:05:01,945 | [LHX] ACTION: No trade.
2026-09-18 14:05:01,965 | [LII] choppy/sideways (ADX 11.6) -> mean-reversion strategy | Signal: HOLD | Shares held: 0.0 | Last price: $358.74
2026-09-18 14:05:01,965 | [LII] ACTION: No trade.
2026-09-18 14:05:01,985 | [LIN] trending (ADX 28.0) -> trend-following strategy | Signal: HOLD | Shares held: 0.0 | Last price: $455.59
2026-09-18 14:05:01,986 | [LIN] ACTION: No trade.
2026-09-18 14:05:02,006 | [LITE] choppy/sideways (ADX 24.7) -> mean-reversion strategy | Signal: HOLD | Shares held: 0.0 | Last price: $919.74
2026-09-18 14:05:02,006 | [LITE] ACTION: No trade.
2026-09-18 14:05:02,026 | [LLY] choppy/sideways (ADX 12.4) -> mean-reversion strategy | Signal: HOLD | Shares held: 0.0 | Last price: $1147.70
2026-09-18 14:05:02,026 | [LLY] ACTION: No trade.
2026-09-18 14:05:02,046 | [LMT] choppy/sideways (ADX 15.8) -> mean-reversion strategy | Signal: HOLD | Shares held: 0.0 | Last price: $534.96
2026-09-18 14:05:02,046 | [LMT] ACTION: No trade.
2026-09-18 14:05:02,066 | [LNT] choppy/sideways (ADX 13.2) -> mean-reversion strategy | Signal: HOLD | Shares held: 0.0 | Last price: $65.92
2026-09-18 14:05:02,066 | [LNT] ACTION: No trade.
2026-09-18 14:05:02,086 | [LOW] choppy/sideways (ADX 14.6) -> mean-reversion strategy | Signal: HOLD | Shares held: 0.0 | Last price: $192.84
2026-09-18 14:05:02,086 | [LOW] ACTION: No trade.
2026-09-18 14:05:02,106 | [LRCX] trending (ADX 30.7) -> trend-following strategy | Signal: HOLD | Shares held: 0.0 | Last price: $277.60
2026-09-18 14:05:02,106 | [LRCX] ACTION: No trade.
2026-09-18 14:05:02,126 | [LULU] trending (ADX 41.1) -> trend-following strategy | Signal: HOLD | Shares held: 0.0 | Last price: $98.56
2026-09-18 14:05:02,127 | [LULU] ACTION: No trade.
2026-09-18 14:05:02,147 | [LUV] trending (ADX 30.2) -> trend-following strategy | Signal: HOLD | Shares held: 0.0 | Last price: $40.58
2026-09-18 14:05:02,147 | [LUV] ACTION: No trade.
2026-09-18 14:05:02,167 | [LVS] trending (ADX 33.6) -> trend-following strategy | Signal: HOLD | Shares held: 0.0 | Last price: $40.48
2026-09-18 14:05:02,167 | [LVS] ACTION: No trade.
2026-09-18 14:05:02,187 | [LYB] choppy/sideways (ADX 23.4) -> mean-reversion strategy | Signal: HOLD | Shares held: 0.0 | Last price: $62.89
2026-09-18 14:05:02,187 | [LYB] ACTION: No trade.
2026-09-18 14:05:02,207 | [LYV] trending (ADX 26.3) -> trend-following strategy | Signal: HOLD | Shares held: 0.0 | Last price: $167.51
2026-09-18 14:05:02,207 | [LYV] ACTION: No trade.
2026-09-18 14:05:02,227 | [MA] choppy/sideways (ADX 24.3) -> mean-reversion strategy | Signal: HOLD | Shares held: 0.0 | Last price: $563.71
2026-09-18 14:05:02,227 | [MA] ACTION: No trade.
2026-09-18 14:05:02,247 | [MAA] choppy/sideways (ADX 24.7) -> mean-reversion strategy | Signal: HOLD | Shares held: 0.0 | Last price: $120.90
2026-09-18 14:05:02,247 | [MAA] ACTION: No trade.
2026-09-18 14:05:02,267 | [MAR] choppy/sideways (ADX 15.2) -> mean-reversion strategy | Signal: HOLD | Shares held: 0.0 | Last price: $335.71
2026-09-18 14:05:02,267 | [MAR] ACTION: No trade.
2026-09-18 14:05:02,287 | [MAS] choppy/sideways (ADX 12.3) -> mean-reversion strategy | Signal: HOLD | Shares held: 0.0 | Last price: $67.65
2026-09-18 14:05:02,287 | [MAS] ACTION: No trade.
2026-09-18 14:05:02,307 | [MCD] choppy/sideways (ADX 20.1) -> mean-reversion strategy | Signal: HOLD | Shares held: 0.0 | Last price: $247.86
2026-09-18 14:05:02,307 | [MCD] ACTION: No trade.
2026-09-18 14:05:02,327 | [MCHP] choppy/sideways (ADX 15.0) -> mean-reversion strategy | Signal: HOLD | Shares held: 0.0 | Last price: $71.61
2026-09-18 14:05:02,327 | [MCHP] ACTION: No trade.
2026-09-18 14:05:02,347 | [MCK] trending (ADX 27.7) -> trend-following strategy | Signal: HOLD | Shares held: 0.0 | Last price: $869.16
2026-09-18 14:05:02,348 | [MCK] ACTION: No trade.
2026-09-18 14:05:02,368 | [MCO] choppy/sideways (ADX 21.7) -> mean-reversion strategy | Signal: HOLD | Shares held: 0.0 | Last price: $459.57
2026-09-18 14:05:02,368 | [MCO] ACTION: No trade.
2026-09-18 14:05:02,388 | [MDLZ] choppy/sideways (ADX 22.1) -> mean-reversion strategy | Signal: HOLD | Shares held: 0.0 | Last price: $60.94
2026-09-18 14:05:02,388 | [MDLZ] ACTION: No trade.
2026-09-18 14:05:02,408 | [MDT] choppy/sideways (ADX 21.3) -> mean-reversion strategy | Signal: HOLD | Shares held: 0.0 | Last price: $92.25
2026-09-18 14:05:02,408 | [MDT] ACTION: No trade.
2026-09-18 14:05:02,428 | [MET] choppy/sideways (ADX 13.4) -> mean-reversion strategy | Signal: HOLD | Shares held: 0.0 | Last price: $96.69
2026-09-18 14:05:02,428 | [MET] ACTION: No trade.
2026-09-18 14:05:02,449 | [META] trending (ADX 35.5) -> trend-following strategy | Signal: HOLD | Shares held: 0.0 | Last price: $674.67
2026-09-18 14:05:02,449 | [META] ACTION: No trade.
2026-09-18 14:05:02,469 | [MKC] choppy/sideways (ADX 20.2) -> mean-reversion strategy | Signal: HOLD | Shares held: 0.0 | Last price: $49.22
2026-09-18 14:05:02,469 | [MKC] ACTION: No trade.
2026-09-18 14:05:02,489 | [MLM] choppy/sideways (ADX 16.6) -> mean-reversion strategy | Signal: HOLD | Shares held: 0.0 | Last price: $491.19
2026-09-18 14:05:02,489 | [MLM] ACTION: No trade.
2026-09-18 14:05:02,509 | [MMM] choppy/sideways (ADX 23.7) -> mean-reversion strategy | Signal: HOLD | Shares held: 0.0 | Last price: $163.29
2026-09-18 14:05:02,509 | [MMM] ACTION: No trade.
2026-09-18 14:05:02,529 | [MNST] choppy/sideways (ADX 17.9) -> mean-reversion strategy | Signal: HOLD | Shares held: 0.0 | Last price: $44.95
2026-09-18 14:05:02,529 | [MNST] ACTION: No trade.
2026-09-18 14:05:02,550 | [MO] trending (ADX 25.8) -> trend-following strategy | Signal: HOLD | Shares held: 0.0 | Last price: $69.50
2026-09-18 14:05:02,550 | [MO] ACTION: No trade.
2026-09-18 14:05:02,570 | [MOS] choppy/sideways (ADX 24.0) -> mean-reversion strategy | Signal: HOLD | Shares held: 0.0 | Last price: $24.82
2026-09-18 14:05:02,570 | [MOS] ACTION: No trade.
2026-09-18 14:05:02,590 | [MPC] choppy/sideways (ADX 13.7) -> mean-reversion strategy | Signal: HOLD | Shares held: 0.0 | Last price: $422.76
2026-09-18 14:05:02,590 | [MPC] ACTION: No trade.
2026-09-18 14:05:02,610 | [MPWR] trending (ADX 29.5) -> trend-following strategy | Signal: HOLD | Shares held: 0.0 | Last price: $1189.47
2026-09-18 14:05:02,610 | [MPWR] ACTION: No trade.
2026-09-18 14:05:02,630 | [MRK] trending (ADX 29.9) -> trend-following strategy | Signal: HOLD | Shares held: 0.0 | Last price: $145.97
2026-09-18 14:05:02,630 | [MRK] ACTION: No trade.
2026-09-18 14:05:02,650 | [MRNA] trending (ADX 32.9) -> trend-following strategy | Signal: HOLD | Shares held: 0.0 | Last price: $156.09
2026-09-18 14:05:02,650 | [MRNA] ACTION: No trade.
2026-09-18 14:05:02,697 | [MRSH] trending (ADX 33.0) -> trend-following strategy | Signal: HOLD | Shares held: 0.0 | Last price: $173.75
2026-09-18 14:05:02,698 | [MRSH] ACTION: No trade.
2026-09-18 14:05:02,718 | [MRVL] trending (ADX 28.8) -> trend-following strategy | Signal: HOLD | Shares held: 0.0 | Last price: $241.03
2026-09-18 14:05:02,718 | [MRVL] ACTION: No trade.
2026-09-18 14:05:02,738 | [MS] choppy/sideways (ADX 16.9) -> mean-reversion strategy | Signal: HOLD | Shares held: 0.0 | Last price: $201.71
2026-09-18 14:05:02,738 | [MS] ACTION: No trade.
2026-09-18 14:05:02,758 | [MSCI] trending (ADX 25.5) -> trend-following strategy | Signal: HOLD | Shares held: 0.0 | Last price: $547.02
2026-09-18 14:05:02,758 | [MSCI] ACTION: No trade.
2026-09-18 14:05:02,778 | [MSFT] choppy/sideways (ADX 17.6) -> mean-reversion strategy | Signal: HOLD | Shares held: 0.0 | Last price: $493.71
2026-09-18 14:05:02,778 | [MSFT] ACTION: No trade.
2026-09-18 14:05:02,798 | [MSI] trending (ADX 32.5) -> trend-following strategy | Signal: HOLD | Shares held: 0.0 | Last price: $457.23
2026-09-18 14:05:02,798 | [MSI] ACTION: No trade.
2026-09-18 14:05:02,818 | [MTB] choppy/sideways (ADX 13.9) -> mean-reversion strategy | Signal: HOLD | Shares held: 0.0 | Last price: $226.10
2026-09-18 14:05:02,818 | [MTB] ACTION: No trade.
2026-09-18 14:05:02,838 | [MTD] trending (ADX 43.1) -> trend-following strategy | Signal: HOLD | Shares held: 0.0 | Last price: $1404.56
2026-09-18 14:05:02,838 | [MTD] ACTION: No trade.
2026-09-18 14:05:02,858 | [MU] trending (ADX 55.1) -> trend-following strategy | Signal: HOLD | Shares held: 0.0 | Last price: $994.07
2026-09-18 14:05:02,858 | [MU] ACTION: No trade.
2026-09-18 14:05:02,878 | [NCLH] choppy/sideways (ADX 15.3) -> mean-reversion strategy | Signal: HOLD | Shares held: 0.0 | Last price: $14.16
2026-09-18 14:05:02,878 | [NCLH] ACTION: No trade.
2026-09-18 14:05:02,898 | [NDAQ] trending (ADX 52.6) -> trend-following strategy | Signal: HOLD | Shares held: 0.0 | Last price: $92.03
2026-09-18 14:05:02,898 | [NDAQ] ACTION: No trade.
2026-09-18 14:05:02,918 | [NDSN] choppy/sideways (ADX 19.2) -> mean-reversion strategy | Signal: HOLD | Shares held: 0.0 | Last price: $309.84
2026-09-18 14:05:02,918 | [NDSN] ACTION: No trade.
2026-09-18 14:05:02,939 | [NEE] choppy/sideways (ADX 17.8) -> mean-reversion strategy | Signal: HOLD | Shares held: 0.0 | Last price: $80.46
2026-09-18 14:05:02,939 | [NEE] ACTION: No trade.
2026-09-18 14:05:02,959 | [NEM] choppy/sideways (ADX 19.3) -> mean-reversion strategy | Signal: HOLD | Shares held: 0.0 | Last price: $122.91
2026-09-18 14:05:02,959 | [NEM] ACTION: No trade.
2026-09-18 14:05:02,979 | [NFLX] trending (ADX 50.1) -> trend-following strategy | Signal: HOLD | Shares held: 0.0 | Last price: $71.83
2026-09-18 14:05:02,979 | [NFLX] ACTION: No trade.
2026-09-18 14:05:02,999 | [NI] choppy/sideways (ADX 17.8) -> mean-reversion strategy | Signal: HOLD | Shares held: 0.0 | Last price: $40.49
2026-09-18 14:05:03,000 | [NI] ACTION: No trade.
2026-09-18 14:05:03,019 | [NKE] trending (ADX 25.0) -> trend-following strategy | Signal: HOLD | Shares held: 0.0 | Last price: $36.31
2026-09-18 14:05:03,020 | [NKE] ACTION: No trade.
2026-09-18 14:05:03,040 | [NOC] choppy/sideways (ADX 11.7) -> mean-reversion strategy | Signal: HOLD | Shares held: 0.0 | Last price: $524.68
2026-09-18 14:05:03,040 | [NOC] ACTION: No trade.
2026-09-18 14:05:03,060 | [NOW] trending (ADX 37.3) -> trend-following strategy | Signal: HOLD | Shares held: 0.0 | Last price: $136.46
2026-09-18 14:05:03,060 | [NOW] ACTION: No trade.
2026-09-18 14:05:03,080 | [NRG] choppy/sideways (ADX 16.3) -> mean-reversion strategy | Signal: HOLD | Shares held: 0.0 | Last price: $104.22
2026-09-18 14:05:03,080 | [NRG] ACTION: No trade.
2026-09-18 14:05:03,100 | [NSC] trending (ADX 25.0) -> trend-following strategy | Signal: SELL | Shares held: 0.0 | Last price: $316.36
2026-09-18 14:05:03,100 | [NSC] ACTION: No trade.
2026-09-18 14:05:03,120 | [NTAP] choppy/sideways (ADX 22.8) -> mean-reversion strategy | Signal: HOLD | Shares held: 0.0 | Last price: $194.87
2026-09-18 14:05:03,120 | [NTAP] ACTION: No trade.
2026-09-18 14:05:03,140 | [NTRS] choppy/sideways (ADX 14.6) -> mean-reversion strategy | Signal: HOLD | Shares held: 0.0 | Last price: $176.38
2026-09-18 14:05:03,140 | [NTRS] ACTION: No trade.
2026-09-18 14:05:03,160 | [NUE] choppy/sideways (ADX 21.3) -> mean-reversion strategy | Signal: BUY | Shares held: 0.0 | Last price: $252.72
2026-09-18 14:05:03,161 | [NUE] ACTION: No trade (mean_reversion opening-range blackout -- within 45 min of the open, backtest-confirmed across two independent windows regardless of S&P 500 membership).
2026-09-18 14:05:03,181 | [NVDA] trending (ADX 32.0) -> trend-following strategy | Signal: HOLD | Shares held: 0.0 | Last price: $219.22
2026-09-18 14:05:03,181 | [NVDA] ACTION: No trade.
2026-09-18 14:05:03,201 | [NVR] choppy/sideways (ADX 12.3) -> mean-reversion strategy | Signal: HOLD | Shares held: 0.0 | Last price: $6216.93
2026-09-18 14:05:03,201 | [NVR] ACTION: No trade.
2026-09-18 14:05:03,221 | [NWSA] choppy/sideways (ADX 19.7) -> mean-reversion strategy | Signal: BUY | Shares held: 0.0 | Last price: $29.59
2026-09-18 14:05:03,221 | [NWSA] ACTION: No trade (mean_reversion opening-range blackout -- within 45 min of the open, backtest-confirmed across two independent windows regardless of S&P 500 membership).
2026-09-18 14:05:03,241 | [NXPI] trending (ADX 30.0) -> trend-following strategy | Signal: HOLD | Shares held: 0.0 | Last price: $227.04
2026-09-18 14:05:03,241 | [NXPI] ACTION: No trade.
2026-09-18 14:05:03,261 | [O] choppy/sideways (ADX 15.8) -> mean-reversion strategy | Signal: HOLD | Shares held: 0.0 | Last price: $56.88
2026-09-18 14:05:03,261 | [O] ACTION: No trade.
2026-09-18 14:05:03,281 | [ODFL] choppy/sideways (ADX 16.6) -> mean-reversion strategy | Signal: HOLD | Shares held: 0.0 | Last price: $174.38
2026-09-18 14:05:03,281 | [ODFL] ACTION: No trade.
2026-09-18 14:05:03,301 | [OKE] choppy/sideways (ADX 17.7) -> mean-reversion strategy | Signal: HOLD | Shares held: 0.0 | Last price: $92.63
2026-09-18 14:05:03,302 | [OKE] ACTION: No trade.
2026-09-18 14:05:03,322 | [OMC] trending (ADX 28.0) -> trend-following strategy | Signal: HOLD | Shares held: 0.0 | Last price: $76.93
2026-09-18 14:05:03,322 | [OMC] ACTION: No trade.
2026-09-18 14:05:03,342 | [ON] choppy/sideways (ADX 13.5) -> mean-reversion strategy | Signal: HOLD | Shares held: 0.0 | Last price: $69.30
2026-09-18 14:05:03,342 | [ON] ACTION: No trade.
2026-09-18 14:05:03,362 | [ORCL] choppy/sideways (ADX 22.9) -> mean-reversion strategy | Signal: HOLD | Shares held: 0.0 | Last price: $145.43
2026-09-18 14:05:03,362 | [ORCL] ACTION: No trade.
2026-09-18 14:05:03,382 | [ORLY] choppy/sideways (ADX 14.7) -> mean-reversion strategy | Signal: HOLD | Shares held: 0.0 | Last price: $83.95
2026-09-18 14:05:03,382 | [ORLY] ACTION: No trade.
2026-09-18 14:05:03,402 | [OTIS] choppy/sideways (ADX 14.4) -> mean-reversion strategy | Signal: HOLD | Shares held: 0.0 | Last price: $68.85
2026-09-18 14:05:03,402 | [OTIS] ACTION: No trade.
2026-09-18 14:05:03,422 | [OXY] trending (ADX 35.2) -> trend-following strategy | Signal: HOLD | Shares held: 0.0 | Last price: $58.94
2026-09-18 14:05:03,422 | [OXY] ACTION: No trade.
2026-09-18 14:05:03,442 | [PANW] trending (ADX 26.9) -> trend-following strategy | Signal: HOLD | Shares held: 0.0 | Last price: $361.08
2026-09-18 14:05:03,442 | [PANW] ACTION: No trade.
2026-09-18 14:05:03,463 | [PAYX] trending (ADX 33.5) -> trend-following strategy | Signal: HOLD | Shares held: 0.0 | Last price: $115.14
2026-09-18 14:05:03,463 | [PAYX] ACTION: No trade.
2026-09-18 14:05:03,483 | [PCAR] trending (ADX 25.3) -> trend-following strategy | Signal: HOLD | Shares held: 0.0 | Last price: $116.70
2026-09-18 14:05:03,483 | [PCAR] ACTION: No trade.
2026-09-18 14:05:03,503 | [PCG] trending (ADX 31.0) -> trend-following strategy | Signal: HOLD | Shares held: 0.0 | Last price: $13.28
2026-09-18 14:05:03,503 | [PCG] ACTION: No trade.
2026-09-18 14:05:03,523 | [PEG] choppy/sideways (ADX 21.7) -> mean-reversion strategy | Signal: HOLD | Shares held: 0.0 | Last price: $70.10
2026-09-18 14:05:03,523 | [PEG] ACTION: No trade.
2026-09-18 14:05:03,543 | [PEP] trending (ADX 27.0) -> trend-following strategy | Signal: HOLD | Shares held: 0.0 | Last price: $131.22
2026-09-18 14:05:03,543 | [PEP] ACTION: No trade.
2026-09-18 14:05:03,563 | [PFE] choppy/sideways (ADX 14.1) -> mean-reversion strategy | Signal: HOLD | Shares held: 0.0 | Last price: $27.42
2026-09-18 14:05:03,563 | [PFE] ACTION: No trade.
2026-09-18 14:05:03,583 | [PFG] trending (ADX 31.6) -> trend-following strategy | Signal: HOLD | Shares held: 0.0 | Last price: $115.06
2026-09-18 14:05:03,583 | [PFG] ACTION: No trade.
2026-09-18 14:05:03,603 | [PG] choppy/sideways (ADX 22.2) -> mean-reversion strategy | Signal: HOLD | Shares held: 0.0 | Last price: $146.37
2026-09-18 14:05:03,603 | [PG] ACTION: No trade.
2026-09-18 14:05:03,623 | [PGR] trending (ADX 32.8) -> trend-following strategy | Signal: HOLD | Shares held: 0.0 | Last price: $214.62
2026-09-18 14:05:03,624 | [PGR] ACTION: No trade.
2026-09-18 14:05:03,644 | [PH] choppy/sideways (ADX 19.5) -> mean-reversion strategy | Signal: HOLD | Shares held: 0.0 | Last price: $928.87
2026-09-18 14:05:03,644 | [PH] ACTION: No trade.
2026-09-18 14:05:03,664 | [PHM] choppy/sideways (ADX 18.4) -> mean-reversion strategy | Signal: HOLD | Shares held: 0.0 | Last price: $117.16
2026-09-18 14:05:03,664 | [PHM] ACTION: No trade.
2026-09-18 14:05:03,684 | [PKG] choppy/sideways (ADX 24.8) -> mean-reversion strategy | Signal: HOLD | Shares held: 0.0 | Last price: $233.29
2026-09-18 14:05:03,684 | [PKG] ACTION: No trade.
2026-09-18 14:05:03,704 | [PLD] choppy/sideways (ADX 17.6) -> mean-reversion strategy | Signal: HOLD | Shares held: 0.0 | Last price: $134.24
2026-09-18 14:05:03,704 | [PLD] ACTION: No trade.
2026-09-18 14:05:03,724 | [PLTR] choppy/sideways (ADX 22.5) -> mean-reversion strategy | Signal: HOLD | Shares held: 0.0 | Last price: $173.84
2026-09-18 14:05:03,724 | [PLTR] ACTION: No trade.
2026-09-18 14:05:03,744 | [PM] trending (ADX 45.8) -> trend-following strategy | Signal: HOLD | Shares held: 0.0 | Last price: $189.14
2026-09-18 14:05:03,744 | [PM] ACTION: No trade.
2026-09-18 14:05:03,764 | [PNC] choppy/sideways (ADX 22.4) -> mean-reversion strategy | Signal: HOLD | Shares held: 0.0 | Last price: $231.25
2026-09-18 14:05:03,764 | [PNC] ACTION: No trade.
2026-09-18 14:05:03,785 | [PNR] choppy/sideways (ADX 15.7) -> mean-reversion strategy | Signal: HOLD | Shares held: 0.0 | Last price: $55.50
2026-09-18 14:05:03,785 | [PNR] ACTION: No trade.
2026-09-18 14:05:03,805 | [PODD] choppy/sideways (ADX 16.8) -> mean-reversion strategy | Signal: HOLD | Shares held: 0.0 | Last price: $140.81
2026-09-18 14:05:03,805 | [PODD] ACTION: No trade.
2026-09-18 14:05:03,825 | [PPG] choppy/sideways (ADX 18.2) -> mean-reversion strategy | Signal: HOLD | Shares held: 0.0 | Last price: $104.01
2026-09-18 14:05:03,825 | [PPG] ACTION: No trade.
2026-09-18 14:05:03,845 | [PPL] choppy/sideways (ADX 24.4) -> mean-reversion strategy | Signal: HOLD | Shares held: 0.0 | Last price: $33.28
2026-09-18 14:05:03,845 | [PPL] ACTION: No trade.
2026-09-18 14:05:03,865 | [PRU] choppy/sideways (ADX 21.0) -> mean-reversion strategy | Signal: HOLD | Shares held: 0.0 | Last price: $116.69
2026-09-18 14:05:03,865 | [PRU] ACTION: No trade.
2026-09-18 14:05:03,885 | [PSA] trending (ADX 27.4) -> trend-following strategy | Signal: HOLD | Shares held: 0.0 | Last price: $298.46
2026-09-18 14:05:03,885 | [PSA] ACTION: No trade.
2026-09-18 14:05:03,905 | [PSKY] choppy/sideways (ADX 20.3) -> mean-reversion strategy | Signal: HOLD | Shares held: 0.0 | Last price: $10.38
2026-09-18 14:05:03,905 | [PSKY] ACTION: No trade.
2026-09-18 14:05:03,925 | [PSX] choppy/sideways (ADX 17.5) -> mean-reversion strategy | Signal: HOLD | Shares held: 0.0 | Last price: $274.33
2026-09-18 14:05:03,926 | [PSX] ACTION: No trade.
2026-09-18 14:05:03,945 | [PTC] trending (ADX 32.3) -> trend-following strategy | Signal: HOLD | Shares held: 0.0 | Last price: $132.94
2026-09-18 14:05:03,946 | [PTC] ACTION: No trade.
2026-09-18 14:05:03,966 | [PWR] choppy/sideways (ADX 11.7) -> mean-reversion strategy | Signal: HOLD | Shares held: 0.0 | Last price: $622.76
2026-09-18 14:05:03,966 | [PWR] ACTION: No trade.
2026-09-18 14:05:03,986 | [PYPL] choppy/sideways (ADX 24.9) -> mean-reversion strategy | Signal: HOLD | Shares held: 0.0 | Last price: $52.70
2026-09-18 14:05:03,986 | [PYPL] ACTION: No trade.
2026-09-18 14:05:04,006 | [Q] choppy/sideways (ADX 20.7) -> mean-reversion strategy | Signal: HOLD | Shares held: 0.0 | Last price: $118.68
2026-09-18 14:05:04,006 | [Q] ACTION: No trade.
2026-09-18 14:05:04,026 | [QCOM] choppy/sideways (ADX 15.8) -> mean-reversion strategy | Signal: HOLD | Shares held: 0.0 | Last price: $184.32
2026-09-18 14:05:04,026 | [QCOM] ACTION: No trade.
2026-09-18 14:05:04,046 | [RCL] choppy/sideways (ADX 19.5) -> mean-reversion strategy | Signal: HOLD | Shares held: 0.0 | Last price: $247.29
2026-09-18 14:05:04,046 | [RCL] ACTION: No trade.
2026-09-18 14:05:04,067 | [RDDT] choppy/sideways (ADX 24.4) -> mean-reversion strategy | Signal: HOLD | Shares held: 0.0 | Last price: $151.14
2026-09-18 14:05:04,067 | [RDDT] ACTION: No trade.
2026-09-18 14:05:04,087 | [REG] choppy/sideways (ADX 18.0) -> mean-reversion strategy | Signal: HOLD | Shares held: 0.0 | Last price: $72.71
2026-09-18 14:05:04,087 | [REG] ACTION: No trade.
2026-09-18 14:05:04,107 | [REGN] choppy/sideways (ADX 22.1) -> mean-reversion strategy | Signal: HOLD | Shares held: 0.0 | Last price: $781.16
2026-09-18 14:05:04,107 | [REGN] ACTION: No trade.
2026-09-18 14:05:04,127 | [RF] choppy/sideways (ADX 17.9) -> mean-reversion strategy | Signal: HOLD | Shares held: 0.0 | Last price: $28.45
2026-09-18 14:05:04,127 | [RF] ACTION: No trade.
2026-09-18 14:05:04,147 | [RJF] choppy/sideways (ADX 22.5) -> mean-reversion strategy | Signal: HOLD | Shares held: 0.0 | Last price: $163.71
2026-09-18 14:05:04,147 | [RJF] ACTION: No trade.
2026-09-18 14:05:04,168 | [RL] trending (ADX 25.2) -> trend-following strategy | Signal: HOLD | Shares held: 0.0 | Last price: $333.18
2026-09-18 14:05:04,168 | [RL] ACTION: No trade.
2026-09-18 14:05:04,188 | [RMD] trending (ADX 25.7) -> trend-following strategy | Signal: HOLD | Shares held: 0.0 | Last price: $226.93
2026-09-18 14:05:04,188 | [RMD] ACTION: No trade.
2026-09-18 14:05:04,208 | [ROK] choppy/sideways (ADX 23.3) -> mean-reversion strategy | Signal: HOLD | Shares held: 0.0 | Last price: $408.64
2026-09-18 14:05:04,208 | [ROK] ACTION: No trade.
2026-09-18 14:05:04,228 | [ROL] trending (ADX 43.1) -> trend-following strategy | Signal: HOLD | Shares held: 0.0 | Last price: $32.87
2026-09-18 14:05:04,229 | [ROL] ACTION: No trade.
2026-09-18 14:05:04,249 | [ROP] trending (ADX 36.3) -> trend-following strategy | Signal: HOLD | Shares held: 0.0 | Last price: $370.96
2026-09-18 14:05:04,249 | [ROP] ACTION: No trade.
2026-09-18 14:05:04,269 | [ROST] choppy/sideways (ADX 21.6) -> mean-reversion strategy | Signal: HOLD | Shares held: 0.0 | Last price: $229.72
2026-09-18 14:05:04,269 | [ROST] ACTION: No trade.
2026-09-18 14:05:04,289 | [RSG] choppy/sideways (ADX 24.9) -> mean-reversion strategy | Signal: HOLD | Shares held: 0.0 | Last price: $218.45
2026-09-18 14:05:04,289 | [RSG] ACTION: No trade.
2026-09-18 14:05:04,309 | [RTX] trending (ADX 28.3) -> trend-following strategy | Signal: HOLD | Shares held: 0.0 | Last price: $192.44
2026-09-18 14:05:04,309 | [RTX] ACTION: No trade.
2026-09-18 14:05:04,329 | [RVTY] trending (ADX 33.3) -> trend-following strategy | Signal: HOLD | Shares held: 0.0 | Last price: $146.03
2026-09-18 14:05:04,329 | [RVTY] ACTION: No trade.
2026-09-18 14:05:04,349 | [SBAC] trending (ADX 28.4) -> trend-following strategy | Signal: HOLD | Shares held: 0.0 | Last price: $179.52
2026-09-18 14:05:04,349 | [SBAC] ACTION: No trade.
2026-09-18 14:05:04,369 | [SBUX] choppy/sideways (ADX 21.5) -> mean-reversion strategy | Signal: HOLD | Shares held: 0.0 | Last price: $95.56
2026-09-18 14:05:04,369 | [SBUX] ACTION: No trade.
2026-09-18 14:05:04,389 | [SCHW] choppy/sideways (ADX 19.3) -> mean-reversion strategy | Signal: HOLD | Shares held: 0.0 | Last price: $104.75
2026-09-18 14:05:04,389 | [SCHW] ACTION: No trade.
2026-09-18 14:05:04,410 | [SHW] choppy/sideways (ADX 18.9) -> mean-reversion strategy | Signal: HOLD | Shares held: 0.0 | Last price: $316.83
2026-09-18 14:05:04,410 | [SHW] ACTION: No trade.
2026-09-18 14:05:04,430 | [SJM] trending (ADX 28.0) -> trend-following strategy | Signal: SELL | Shares held: 0.0 | Last price: $122.61
2026-09-18 14:05:04,430 | [SJM] ACTION: No trade.
2026-09-18 14:05:04,451 | [SLB] choppy/sideways (ADX 24.6) -> mean-reversion strategy | Signal: HOLD | Shares held: 0.0 | Last price: $51.28
2026-09-18 14:05:04,451 | [SLB] ACTION: No trade.
2026-09-18 14:05:04,471 | [SMCI] trending (ADX 38.3) -> trend-following strategy | Signal: HOLD | Shares held: 0.0 | Last price: $39.16
2026-09-18 14:05:04,471 | [SMCI] ACTION: No trade.
2026-09-18 14:05:04,491 | [SNA] choppy/sideways (ADX 13.5) -> mean-reversion strategy | Signal: HOLD | Shares held: 0.0 | Last price: $372.26
2026-09-18 14:05:04,491 | [SNA] ACTION: No trade.
2026-09-18 14:05:04,511 | [SNDK] trending (ADX 45.4) -> trend-following strategy | Signal: HOLD | Shares held: 0.0 | Last price: $1695.77
2026-09-18 14:05:04,511 | [SNDK] ACTION: No trade.
2026-09-18 14:05:04,531 | [SNPS] trending (ADX 30.6) -> trend-following strategy | Signal: HOLD | Shares held: 0.0 | Last price: $381.64
2026-09-18 14:05:04,531 | [SNPS] ACTION: No trade.
2026-09-18 14:05:04,551 | [SO] choppy/sideways (ADX 13.2) -> mean-reversion strategy | Signal: HOLD | Shares held: 0.0 | Last price: $85.93
2026-09-18 14:05:04,551 | [SO] ACTION: No trade.
2026-09-18 14:05:04,571 | [SPG] trending (ADX 26.9) -> trend-following strategy | Signal: HOLD | Shares held: 0.0 | Last price: $203.43
2026-09-18 14:05:04,572 | [SPG] ACTION: No trade.
2026-09-18 14:05:04,592 | [SPGI] trending (ADX 31.7) -> trend-following strategy | Signal: HOLD | Shares held: 0.0 | Last price: $402.37
2026-09-18 14:05:04,592 | [SPGI] ACTION: No trade.
2026-09-18 14:05:04,612 | [SRE] choppy/sideways (ADX 16.8) -> mean-reversion strategy | Signal: HOLD | Shares held: 0.0 | Last price: $81.05
2026-09-18 14:05:04,612 | [SRE] ACTION: No trade.
2026-09-18 14:05:04,632 | [STE] trending (ADX 35.9) -> trend-following strategy | Signal: HOLD | Shares held: 0.0 | Last price: $206.80
2026-09-18 14:05:04,632 | [STE] ACTION: No trade.
2026-09-18 14:05:04,652 | [STLD] trending (ADX 27.3) -> trend-following strategy | Signal: HOLD | Shares held: 0.0 | Last price: $236.76
2026-09-18 14:05:04,652 | [STLD] ACTION: No trade.
2026-09-18 14:05:04,672 | [STT] choppy/sideways (ADX 13.4) -> mean-reversion strategy | Signal: HOLD | Shares held: 0.0 | Last price: $182.26
2026-09-18 14:05:04,672 | [STT] ACTION: No trade.
2026-09-18 14:05:04,692 | [STX] choppy/sideways (ADX 15.4) -> mean-reversion strategy | Signal: HOLD | Shares held: 0.0 | Last price: $827.49
2026-09-18 14:05:04,692 | [STX] ACTION: No trade.
2026-09-18 14:05:04,713 | [STZ] choppy/sideways (ADX 17.6) -> mean-reversion strategy | Signal: HOLD | Shares held: 0.0 | Last price: $120.86
2026-09-18 14:05:04,713 | [STZ] ACTION: No trade.
2026-09-18 14:05:04,733 | [SW] trending (ADX 26.9) -> trend-following strategy | Signal: HOLD | Shares held: 0.0 | Last price: $44.68
2026-09-18 14:05:04,733 | [SW] ACTION: No trade.
2026-09-18 14:05:04,753 | [SWK] choppy/sideways (ADX 17.9) -> mean-reversion strategy | Signal: HOLD | Shares held: 0.0 | Last price: $88.55
2026-09-18 14:05:04,753 | [SWK] ACTION: No trade.
2026-09-18 14:05:04,773 | [SWKS] choppy/sideways (ADX 18.5) -> mean-reversion strategy | Signal: HOLD | Shares held: 0.0 | Last price: $89.23
2026-09-18 14:05:04,773 | [SWKS] ACTION: No trade.
2026-09-18 14:05:04,793 | [SYF] choppy/sideways (ADX 14.0) -> mean-reversion strategy | Signal: HOLD | Shares held: 0.0 | Last price: $74.39
2026-09-18 14:05:04,793 | [SYF] ACTION: No trade.
2026-09-18 14:05:04,813 | [SYK] choppy/sideways (ADX 18.5) -> mean-reversion strategy | Signal: HOLD | Shares held: 0.0 | Last price: $277.66
2026-09-18 14:05:04,813 | [SYK] ACTION: No trade.
2026-09-18 14:05:04,833 | [SYY] choppy/sideways (ADX 21.2) -> mean-reversion strategy | Signal: HOLD | Shares held: 0.0 | Last price: $78.69
2026-09-18 14:05:04,833 | [SYY] ACTION: No trade.
2026-09-18 14:05:04,853 | [T] trending (ADX 49.6) -> trend-following strategy | Signal: HOLD | Shares held: 0.0 | Last price: $25.32
2026-09-18 14:05:04,853 | [T] ACTION: No trade.
2026-09-18 14:05:04,874 | [TAP] choppy/sideways (ADX 23.0) -> mean-reversion strategy | Signal: HOLD | Shares held: 0.0 | Last price: $38.12
2026-09-18 14:05:04,874 | [TAP] ACTION: No trade.
2026-09-18 14:05:04,894 | [TDG] choppy/sideways (ADX 10.7) -> mean-reversion strategy | Signal: HOLD | Shares held: 0.0 | Last price: $1081.82
2026-09-18 14:05:04,894 | [TDG] ACTION: No trade.
2026-09-18 14:05:04,914 | [TDY] choppy/sideways (ADX 11.9) -> mean-reversion strategy | Signal: HOLD | Shares held: 0.0 | Last price: $601.07
2026-09-18 14:05:04,914 | [TDY] ACTION: No trade.
2026-09-18 14:05:04,934 | [TECH] trending (ADX 32.6) -> trend-following strategy | Signal: HOLD | Shares held: 0.0 | Last price: $72.37
2026-09-18 14:05:04,934 | [TECH] ACTION: No trade.
2026-09-18 14:05:04,954 | [TEL] trending (ADX 40.8) -> trend-following strategy | Signal: HOLD | Shares held: 0.0 | Last price: $205.34
2026-09-18 14:05:04,954 | [TEL] ACTION: No trade.
2026-09-18 14:05:04,974 | [TER] trending (ADX 31.9) -> trend-following strategy | Signal: HOLD | Shares held: 0.0 | Last price: $360.00
2026-09-18 14:05:04,974 | [TER] ACTION: No trade.
2026-09-18 14:05:04,995 | [TFC] choppy/sideways (ADX 12.3) -> mean-reversion strategy | Signal: HOLD | Shares held: 0.0 | Last price: $48.46
2026-09-18 14:05:04,995 | [TFC] ACTION: No trade.
2026-09-18 14:05:05,015 | [TGT] trending (ADX 27.1) -> trend-following strategy | Signal: HOLD | Shares held: 0.0 | Last price: $158.23
2026-09-18 14:05:05,015 | [TGT] ACTION: No trade.
2026-09-18 14:05:05,035 | [TJX] trending (ADX 31.7) -> trend-following strategy | Signal: HOLD | Shares held: 0.0 | Last price: $127.22
2026-09-18 14:05:05,035 | [TJX] ACTION: No trade.
2026-09-18 14:05:05,055 | [TKO] trending (ADX 29.5) -> trend-following strategy | Signal: HOLD | Shares held: 0.0 | Last price: $187.54
2026-09-18 14:05:05,056 | [TKO] ACTION: No trade.
2026-09-18 14:05:05,076 | [TMO] trending (ADX 34.3) -> trend-following strategy | Signal: HOLD | Shares held: 0.0 | Last price: $656.78
2026-09-18 14:05:05,076 | [TMO] ACTION: No trade.
2026-09-18 14:05:05,096 | [TMUS] trending (ADX 61.6) -> trend-following strategy | Signal: HOLD | Shares held: 0.0 | Last price: $165.40
2026-09-18 14:05:05,096 | [TMUS] ACTION: No trade.
2026-09-18 14:05:05,116 | [TPL] choppy/sideways (ADX 21.4) -> mean-reversion strategy | Signal: HOLD | Shares held: 0.0 | Last price: $351.81
2026-09-18 14:05:05,117 | [TPL] ACTION: No trade.
2026-09-18 14:05:05,137 | [TPR] trending (ADX 26.6) -> trend-following strategy | Signal: HOLD | Shares held: 0.0 | Last price: $115.39
2026-09-18 14:05:05,137 | [TPR] ACTION: No trade.
2026-09-18 14:05:05,157 | [TRGP] choppy/sideways (ADX 13.9) -> mean-reversion strategy | Signal: HOLD | Shares held: 0.0 | Last price: $287.77
2026-09-18 14:05:05,157 | [TRGP] ACTION: No trade.
2026-09-18 14:05:05,177 | [TRMB] choppy/sideways (ADX 16.3) -> mean-reversion strategy | Signal: HOLD | Shares held: 0.0 | Last price: $57.20
2026-09-18 14:05:05,177 | [TRMB] ACTION: No trade.
2026-09-18 14:05:05,197 | [TROW] choppy/sideways (ADX 23.5) -> mean-reversion strategy | Signal: HOLD | Shares held: 0.0 | Last price: $102.47
2026-09-18 14:05:05,197 | [TROW] ACTION: No trade.
2026-09-18 14:05:05,217 | [TRV] choppy/sideways (ADX 11.9) -> mean-reversion strategy | Signal: HOLD | Shares held: 0.0 | Last price: $374.47
2026-09-18 14:05:05,217 | [TRV] ACTION: No trade.
2026-09-18 14:05:05,237 | [TSCO] trending (ADX 27.9) -> trend-following strategy | Signal: HOLD | Shares held: 0.0 | Last price: $32.40
2026-09-18 14:05:05,237 | [TSCO] ACTION: No trade.
2026-09-18 14:05:05,258 | [TSLA] choppy/sideways (ADX 21.6) -> mean-reversion strategy | Signal: HOLD | Shares held: 0.0 | Last price: $365.64
2026-09-18 14:05:05,258 | [TSLA] ACTION: No trade.
2026-09-18 14:05:05,278 | [TSN] choppy/sideways (ADX 17.1) -> mean-reversion strategy | Signal: HOLD | Shares held: 0.0 | Last price: $52.76
2026-09-18 14:05:05,278 | [TSN] ACTION: No trade.
2026-09-18 14:05:05,298 | [TT] choppy/sideways (ADX 23.0) -> mean-reversion strategy | Signal: HOLD | Shares held: 0.0 | Last price: $423.22
2026-09-18 14:05:05,298 | [TT] ACTION: No trade.
2026-09-18 14:05:05,318 | [TTD] trending (ADX 25.5) -> trend-following strategy | Signal: HOLD | Shares held: 0.0 | Last price: $14.12
2026-09-18 14:05:05,318 | [TTD] ACTION: No trade.
2026-09-18 14:05:05,339 | [TTWO] choppy/sideways (ADX 15.6) -> mean-reversion strategy | Signal: HOLD | Shares held: 0.0 | Last price: $208.43
2026-09-18 14:05:05,339 | [TTWO] ACTION: No trade.
2026-09-18 14:05:05,359 | [TXN] choppy/sideways (ADX 17.2) -> mean-reversion strategy | Signal: HOLD | Shares held: 0.0 | Last price: $262.36
2026-09-18 14:05:05,359 | [TXN] ACTION: No trade.
2026-09-18 14:05:05,379 | [TXT] choppy/sideways (ADX 14.1) -> mean-reversion strategy | Signal: HOLD | Shares held: 0.0 | Last price: $80.72
2026-09-18 14:05:05,379 | [TXT] ACTION: No trade.
2026-09-18 14:05:05,399 | [TYL] trending (ADX 37.0) -> trend-following strategy | Signal: HOLD | Shares held: 0.0 | Last price: $333.99
2026-09-18 14:05:05,399 | [TYL] ACTION: No trade.
2026-09-18 14:05:05,420 | [UAL] choppy/sideways (ADX 23.7) -> mean-reversion strategy | Signal: HOLD | Shares held: 0.0 | Last price: $107.68
2026-09-18 14:05:05,420 | [UAL] ACTION: No trade.
2026-09-18 14:05:05,440 | [UBER] choppy/sideways (ADX 15.1) -> mean-reversion strategy | Signal: HOLD | Shares held: 0.0 | Last price: $70.33
2026-09-18 14:05:05,440 | [UBER] ACTION: No trade.
2026-09-18 14:05:05,460 | [UDR] trending (ADX 37.5) -> trend-following strategy | Signal: HOLD | Shares held: 0.0 | Last price: $34.08
2026-09-18 14:05:05,460 | [UDR] ACTION: No trade.
2026-09-18 14:05:05,480 | [UHS] choppy/sideways (ADX 17.4) -> mean-reversion strategy | Signal: HOLD | Shares held: 0.0 | Last price: $180.66
2026-09-18 14:05:05,480 | [UHS] ACTION: No trade.
2026-09-18 14:05:05,501 | [ULTA] choppy/sideways (ADX 16.8) -> mean-reversion strategy | Signal: HOLD | Shares held: 0.0 | Last price: $540.80
2026-09-18 14:05:05,501 | [ULTA] ACTION: No trade.
2026-09-18 14:05:05,521 | [UNH] choppy/sideways (ADX 22.1) -> mean-reversion strategy | Signal: HOLD | Shares held: 0.0 | Last price: $374.08
2026-09-18 14:05:05,521 | [UNH] ACTION: No trade.
2026-09-18 14:05:05,541 | [UNP] choppy/sideways (ADX 23.2) -> mean-reversion strategy | Signal: HOLD | Shares held: 0.0 | Last price: $279.13
2026-09-18 14:05:05,542 | [UNP] ACTION: No trade.
2026-09-18 14:05:05,562 | [UPS] trending (ADX 26.3) -> trend-following strategy | Signal: HOLD | Shares held: 0.0 | Last price: $99.58
2026-09-18 14:05:05,562 | [UPS] ACTION: No trade.
2026-09-18 14:05:05,586 | [URI] choppy/sideways (ADX 16.7) -> mean-reversion strategy | Signal: HOLD | Shares held: 0.0 | Last price: $992.09
2026-09-18 14:05:05,586 | [URI] ACTION: No trade.
2026-09-18 14:05:05,606 | [USB] choppy/sideways (ADX 14.3) -> mean-reversion strategy | Signal: HOLD | Shares held: 0.0 | Last price: $59.88
2026-09-18 14:05:05,606 | [USB] ACTION: No trade.
2026-09-18 14:05:05,626 | [V] choppy/sideways (ADX 22.2) -> mean-reversion strategy | Signal: HOLD | Shares held: 0.0 | Last price: $368.27
2026-09-18 14:05:05,626 | [V] ACTION: No trade.
2026-09-18 14:05:05,646 | [VEEV] trending (ADX 28.3) -> trend-following strategy | Signal: HOLD | Shares held: 0.0 | Last price: $261.01
2026-09-18 14:05:05,647 | [VEEV] ACTION: No trade.
2026-09-18 14:05:05,667 | [VICI] trending (ADX 50.3) -> trend-following strategy | Signal: HOLD | Shares held: 0.0 | Last price: $23.89
2026-09-18 14:05:05,667 | [VICI] ACTION: No trade.
2026-09-18 14:05:05,687 | [VLO] choppy/sideways (ADX 11.4) -> mean-reversion strategy | Signal: HOLD | Shares held: 0.0 | Last price: $414.70
2026-09-18 14:05:05,687 | [VLO] ACTION: No trade.
2026-09-18 14:05:05,707 | [VLTO] choppy/sideways (ADX 22.6) -> mean-reversion strategy | Signal: HOLD | Shares held: 0.0 | Last price: $94.72
2026-09-18 14:05:05,707 | [VLTO] ACTION: No trade.
2026-09-18 14:05:05,727 | [VMC] choppy/sideways (ADX 19.7) -> mean-reversion strategy | Signal: HOLD | Shares held: 0.0 | Last price: $242.31
2026-09-18 14:05:05,727 | [VMC] ACTION: No trade.
2026-09-18 14:05:05,747 | [VMRK] trending (ADX 33.5) -> trend-following strategy | Signal: HOLD | Shares held: 0.0 | Last price: $62.43
2026-09-18 14:05:05,747 | [VMRK] ACTION: No trade.
2026-09-18 14:05:05,767 | [VRSK] trending (ADX 38.2) -> trend-following strategy | Signal: HOLD | Shares held: 0.0 | Last price: $174.21
2026-09-18 14:05:05,767 | [VRSK] ACTION: No trade.
2026-09-18 14:05:05,788 | [VRSN] choppy/sideways (ADX 10.0) -> mean-reversion strategy | Signal: HOLD | Shares held: 0.0 | Last price: $301.24
2026-09-18 14:05:05,788 | [VRSN] ACTION: No trade.
2026-09-18 14:05:05,808 | [VRT] choppy/sideways (ADX 23.0) -> mean-reversion strategy | Signal: HOLD | Shares held: 0.0 | Last price: $243.32
2026-09-18 14:05:05,808 | [VRT] ACTION: No trade.
2026-09-18 14:05:05,828 | [VRTX] choppy/sideways (ADX 14.5) -> mean-reversion strategy | Signal: HOLD | Shares held: 0.0 | Last price: $511.12
2026-09-18 14:05:05,828 | [VRTX] ACTION: No trade.
2026-09-18 14:05:05,849 | [VST] choppy/sideways (ADX 16.3) -> mean-reversion strategy | Signal: HOLD | Shares held: 0.0 | Last price: $141.21
2026-09-18 14:05:05,849 | [VST] ACTION: No trade.
2026-09-18 14:05:05,899 | [VTR] choppy/sideways (ADX 16.1) -> mean-reversion strategy | Signal: HOLD | Shares held: 0.0 | Last price: $86.94
2026-09-18 14:05:05,899 | [VTR] ACTION: No trade.
2026-09-18 14:05:05,919 | [VTRS] trending (ADX 31.4) -> trend-following strategy | Signal: HOLD | Shares held: 0.0 | Last price: $16.96
2026-09-18 14:05:05,919 | [VTRS] ACTION: No trade.
2026-09-18 14:05:05,939 | [VZ] trending (ADX 63.0) -> trend-following strategy | Signal: HOLD | Shares held: 0.0 | Last price: $47.70
2026-09-18 14:05:05,939 | [VZ] ACTION: No trade.
2026-09-18 14:05:05,959 | [WAB] trending (ADX 25.6) -> trend-following strategy | Signal: HOLD | Shares held: 0.0 | Last price: $277.91
2026-09-18 14:05:05,959 | [WAB] ACTION: No trade.
2026-09-18 14:05:05,979 | [WAT] trending (ADX 25.6) -> trend-following strategy | Signal: HOLD | Shares held: 0.0 | Last price: $426.19
2026-09-18 14:05:05,979 | [WAT] ACTION: No trade.
2026-09-18 14:05:05,999 | [WBD] trending (ADX 29.2) -> trend-following strategy | Signal: HOLD | Shares held: 0.0 | Last price: $28.00
2026-09-18 14:05:05,999 | [WBD] ACTION: No trade.
2026-09-18 14:05:06,019 | [WDAY] trending (ADX 39.9) -> trend-following strategy | Signal: HOLD | Shares held: 0.0 | Last price: $194.86
2026-09-18 14:05:06,019 | [WDAY] ACTION: No trade.
2026-09-18 14:05:06,039 | [WDC] choppy/sideways (ADX 16.4) -> mean-reversion strategy | Signal: HOLD | Shares held: 0.0 | Last price: $433.26
2026-09-18 14:05:06,039 | [WDC] ACTION: No trade.
2026-09-18 14:05:06,059 | [WEC] choppy/sideways (ADX 19.2) -> mean-reversion strategy | Signal: HOLD | Shares held: 0.0 | Last price: $103.37
2026-09-18 14:05:06,059 | [WEC] ACTION: No trade.
2026-09-18 14:05:06,079 | [WELL] choppy/sideways (ADX 20.2) -> mean-reversion strategy | Signal: HOLD | Shares held: 0.0 | Last price: $229.61
2026-09-18 14:05:06,079 | [WELL] ACTION: No trade.
2026-09-18 14:05:06,100 | [WFC] choppy/sideways (ADX 14.6) -> mean-reversion strategy | Signal: HOLD | Shares held: 0.0 | Last price: $86.23
2026-09-18 14:05:06,100 | [WFC] ACTION: No trade.
2026-09-18 14:05:06,120 | [WM] trending (ADX 34.3) -> trend-following strategy | Signal: HOLD | Shares held: 0.0 | Last price: $212.36
2026-09-18 14:05:06,120 | [WM] ACTION: No trade.
2026-09-18 14:05:06,140 | [WMB] choppy/sideways (ADX 18.4) -> mean-reversion strategy | Signal: HOLD | Shares held: 0.0 | Last price: $71.78
2026-09-18 14:05:06,140 | [WMB] ACTION: No trade.
2026-09-18 14:05:06,160 | [WMT] trending (ADX 30.4) -> trend-following strategy | Signal: BUY | Shares held: 0.0 | Last price: $107.59
2026-09-18 14:05:06,160 | [WMT] ACTION: No trade (conviction score 0 below CONVICTION_ENTRY_GATE_MIN_SCORE=2 -- gate is ON).
2026-09-18 14:05:06,180 | [WRB] choppy/sideways (ADX 17.6) -> mean-reversion strategy | Signal: HOLD | Shares held: 0.0 | Last price: $69.63
2026-09-18 14:05:06,180 | [WRB] ACTION: No trade.
2026-09-18 14:05:06,200 | [WSM] choppy/sideways (ADX 13.6) -> mean-reversion strategy | Signal: HOLD | Shares held: 0.0 | Last price: $219.57
2026-09-18 14:05:06,200 | [WSM] ACTION: No trade.
2026-09-18 14:05:06,223 | [WST] trending (ADX 26.5) -> trend-following strategy | Signal: HOLD | Shares held: 0.0 | Last price: $361.43
2026-09-18 14:05:06,223 | [WST] ACTION: No trade.
2026-09-18 14:05:06,243 | [WTW] choppy/sideways (ADX 23.5) -> mean-reversion strategy | Signal: HOLD | Shares held: 0.0 | Last price: $307.88
2026-09-18 14:05:06,243 | [WTW] ACTION: No trade.
2026-09-18 14:05:06,269 | [WY] choppy/sideways (ADX 21.0) -> mean-reversion strategy | Signal: HOLD | Shares held: 0.0 | Last price: $21.36
2026-09-18 14:05:06,270 | [WY] ACTION: No trade.
2026-09-18 14:05:06,294 | [WYNN] trending (ADX 36.4) -> trend-following strategy | Signal: HOLD | Shares held: 0.0 | Last price: $82.36
2026-09-18 14:05:06,294 | [WYNN] ACTION: No trade.
2026-09-18 14:05:06,324 | [XEL] trending (ADX 27.4) -> trend-following strategy | Signal: SELL | Shares held: 0.0 | Last price: $72.57
2026-09-18 14:05:06,324 | [XEL] ACTION: No trade.
2026-09-18 14:05:06,352 | [XOM] trending (ADX 26.4) -> trend-following strategy | Signal: HOLD | Shares held: 0.0 | Last price: $162.56
2026-09-18 14:05:06,352 | [XOM] ACTION: No trade.
2026-09-18 14:05:06,372 | [XYL] choppy/sideways (ADX 14.1) -> mean-reversion strategy | Signal: HOLD | Shares held: 0.0 | Last price: $107.03
2026-09-18 14:05:06,372 | [XYL] ACTION: No trade.
2026-09-18 14:05:06,393 | [XYZ] choppy/sideways (ADX 13.1) -> mean-reversion strategy | Signal: HOLD | Shares held: 0.0 | Last price: $76.24
2026-09-18 14:05:06,393 | [XYZ] ACTION: No trade.
2026-09-18 14:05:06,413 | [YUM] choppy/sideways (ADX 20.5) -> mean-reversion strategy | Signal: HOLD | Shares held: 0.0 | Last price: $134.70
2026-09-18 14:05:06,413 | [YUM] ACTION: No trade.
2026-09-18 14:05:06,433 | [ZBH] trending (ADX 41.3) -> trend-following strategy | Signal: HOLD | Shares held: 0.0 | Last price: $94.06
2026-09-18 14:05:06,433 | [ZBH] ACTION: No trade.
2026-09-18 14:05:06,454 | [ZBRA] choppy/sideways (ADX 17.5) -> mean-reversion strategy | Signal: HOLD | Shares held: 0.0 | Last price: $343.76
2026-09-18 14:05:06,454 | [ZBRA] ACTION: No trade.
2026-09-18 14:05:06,474 | [ZTS] choppy/sideways (ADX 20.0) -> mean-reversion strategy | Signal: HOLD | Shares held: 0.0 | Last price: $72.38
2026-09-18 14:05:06,474 | [ZTS] ACTION: No trade.
2026-09-18 14:20:06,785 | Market is open (closes 2026-09-18 22:00:00 CEST your local time). Checking 490 symbols: A, AAPL, ABBV, ABNB, ABT, ACGL, ACN, ADBE, ADI, ADM, ADP, ADSK, AEE, AEP, AES, AFL, AIG, AIZ, AJG, AKAM, ALB, ALGN, ALL, ALLE, AMAT, AMCR, AMD, AME, AMGN, AMP, AMT, AMZN, ANET, AON, APA, APD, APH, APO, APP, APTV, ARE, ARES, ATO, AVGO, AVY, AWK, AXON, AXP, AZO, BA, BAC, BALL, BAX, BBY, BDX, BG, BIIB, BKNG, BKR, BLDR, BLK, BMY, BNY, BR, BRK.B, BRO, BSX, BX, C, CAH, CARR, CASY, CAT, CB, CBOE, CBRE, CCI, CCL, CDNS, CDW, CEG, CF, CFG, CHD, CHRW, CHTR, CI, CIEN, CINF, CL, CLX, CMCSA, CME, CMG, CMI, CMS, CNC, CNP, COF, COHR, COIN, COO, COP, COR, COST, CPAY, CPRT, CPT, CRH, CRL, CRM, CRWD, CSCO, CSGP, CSX, CTAS, CTSH, CTVA, CVNA, CVS, CVX, D, DAL, DASH, DD, DDOG, DE, DECK, DELL, DG, DGX, DHI, DHR, DIS, DLR, DLTR, DOC, DOV, DOW, DPZ, DRI, DTE, DUK, DVA, DVN, DXCM, EBAY, ECHO, ECL, ED, EFX, EG, EIX, EL, ELV, EME, EMR, EOG, EQIX, EQT, ES, ESS, ETN, ETR, EVRG, EW, EXC, EXE, EXPD, EXPE, EXR, F, FANG, FAST, FCX, FDS, FDX, FDXF, FE, FERG, FFIV, FICO, FIS, FISV, FITB, FIX, FLEX, FOXA, FSLR, FTNT, FTV, GD, GDDY, GE, GEHC, GEN, GEV, GILD, GIS, GLW, GM, GNRC, GOOG, GOOGL, GPC, GPN, GRMN, GS, GWW, HAL, HAS, HBAN, HCA, HD, HIG, HII, HLT, HON, HONA, HOOD, HPE, HPQ, HSIC, HST, HSY, HUBB, HUM, HWM, IBKR, IBM, ICE, IDXX, IEX, IFF, INCY, INTC, INTU, INVH, IP, IQV, IR, IRM, ISRG, IT, ITW, IVZ, J, JBHT, JBL, JCI, JKHY, JNJ, JPM, KDP, KEY, KEYS, KHC, KIM, KKR, KLAC, KMB, KMI, KO, KR, KVUE, L, LDOS, LEN, LH, LHX, LII, LIN, LITE, LLY, LMT, LNT, LOW, LRCX, LULU, LUV, LVS, LYB, LYV, MA, MAA, MAR, MAS, MCD, MCHP, MCK, MCO, MDLZ, MDT, MET, META, MKC, MLM, MMM, MNST, MO, MOS, MPC, MPWR, MRK, MRNA, MRSH, MRVL, MS, MSCI, MSFT, MSI, MTB, MTD, MU, NCLH, NDAQ, NDSN, NEE, NEM, NFLX, NI, NKE, NOC, NOW, NRG, NSC, NTAP, NTRS, NUE, NVDA, NVR, NWSA, NXPI, O, ODFL, OKE, OMC, ON, ORCL, ORLY, OTIS, OXY, PANW, PAYX, PCAR, PCG, PEG, PEP, PFE, PFG, PG, PGR, PH, PHM, PKG, PLD, PLTR, PM, PNC, PNR, PODD, PPG, PPL, PRU, PSA, PSKY, PSX, PTC, PWR, PYPL, Q, QCOM, RCL, RDDT, REG, REGN, RF, RJF, RL, RMD, ROK, ROL, ROP, ROST, RSG, RTX, RVTY, SBAC, SBUX, SCHW, SHW, SJM, SLB, SMCI, SNA, SNDK, SNPS, SO, SPG, SPGI, SRE, STE, STLD, STT, STX, STZ, SW, SWK, SWKS, SYF, SYK, SYY, T, TAP, TDG, TDY, TECH, TEL, TER, TFC, TGT, TJX, TKO, TMO, TMUS, TPL, TPR, TRGP, TRMB, TROW, TRV, TSCO, TSLA, TSN, TT, TTD, TTWO, TXN, TXT, TYL, UAL, UBER, UDR, UHS, ULTA, UNH, UNP, UPS, URI, USB, V, VEEV, VICI, VLO, VLTO, VMC, VMRK, VRSK, VRSN, VRT, VRTX, VST, VTR, VTRS, VZ, WAB, WAT, WBD, WDAY, WDC, WEC, WELL, WFC, WM, WMB, WMT, WRB, WSM, WST, WTW, WY, WYNN, XEL, XOM, XYL, XYZ, YUM, ZBH, ZBRA, ZTS
2026-09-18 14:20:47,856 | [A] trending (ADX 30.2) -> trend-following strategy | Signal: HOLD | Shares held: 0.0 | Last price: $156.43
2026-09-18 14:20:47,856 | [A] ACTION: No trade.
2026-09-18 14:20:47,876 | [AAPL] trending (ADX 31.7) -> trend-following strategy | Signal: HOLD | Shares held: 0.0 | Last price: $333.54
2026-09-18 14:20:47,876 | [AAPL] ACTION: No trade.
2026-09-18 14:20:47,896 | [ABBV] choppy/sideways (ADX 23.5) -> mean-reversion strategy | Signal: HOLD | Shares held: 0.0 | Last price: $264.20
2026-09-18 14:20:47,896 | [ABBV] ACTION: No trade.
2026-09-18 14:20:47,916 | [ABNB] trending (ADX 30.0) -> trend-following strategy | Signal: HOLD | Shares held: 0.0 | Last price: $165.19
2026-09-18 14:20:47,916 | [ABNB] ACTION: No trade.
2026-09-18 14:20:47,936 | [ABT] trending (ADX 25.9) -> trend-following strategy | Signal: HOLD | Shares held: 0.0 | Last price: $102.02
2026-09-18 14:20:47,936 | [ABT] ACTION: No trade.
2026-09-18 14:20:47,957 | [ACGL] choppy/sideways (ADX 11.8) -> mean-reversion strategy | Signal: HOLD | Shares held: 0.0 | Last price: $95.97
2026-09-18 14:20:47,957 | [ACGL] ACTION: No trade.
2026-09-18 14:20:47,977 | [ACN] trending (ADX 26.3) -> trend-following strategy | Signal: HOLD | Shares held: 0.0 | Last price: $183.30
2026-09-18 14:20:47,977 | [ACN] ACTION: No trade.
2026-09-18 14:20:47,997 | [ADBE] choppy/sideways (ADX 21.4) -> mean-reversion strategy | Signal: HOLD | Shares held: 0.0 | Last price: $248.62
2026-09-18 14:20:47,997 | [ADBE] ACTION: No trade.
2026-09-18 14:20:48,017 | [ADI] choppy/sideways (ADX 18.5) -> mean-reversion strategy | Signal: HOLD | Shares held: 0.0 | Last price: $369.06
2026-09-18 14:20:48,017 | [ADI] ACTION: No trade.
2026-09-18 14:20:48,037 | [ADM] trending (ADX 30.5) -> trend-following strategy | Signal: HOLD | Shares held: 0.0 | Last price: $85.90
2026-09-18 14:20:48,037 | [ADM] ACTION: No trade.
2026-09-18 14:20:48,057 | [ADP] trending (ADX 38.5) -> trend-following strategy | Signal: HOLD | Shares held: 0.0 | Last price: $270.12
2026-09-18 14:20:48,057 | [ADP] ACTION: No trade.
2026-09-18 14:20:48,077 | [ADSK] trending (ADX 25.4) -> trend-following strategy | Signal: HOLD | Shares held: 0.0 | Last price: $216.97
2026-09-18 14:20:48,078 | [ADSK] ACTION: No trade.
2026-09-18 14:20:48,097 | [AEE] choppy/sideways (ADX 15.9) -> mean-reversion strategy | Signal: HOLD | Shares held: 0.0 | Last price: $102.82
2026-09-18 14:20:48,098 | [AEE] ACTION: No trade.
2026-09-18 14:20:48,118 | [AEP] choppy/sideways (ADX 18.8) -> mean-reversion strategy | Signal: HOLD | Shares held: 0.0 | Last price: $120.33
2026-09-18 14:20:48,118 | [AEP] ACTION: No trade.
2026-09-18 14:20:48,138 | [AES] trending (ADX 56.9) -> trend-following strategy | Signal: HOLD | Shares held: 0.0 | Last price: $14.85
2026-09-18 14:20:48,138 | [AES] ACTION: No trade.
2026-09-18 14:20:48,158 | [AFL] trending (ADX 27.3) -> trend-following strategy | Signal: HOLD | Shares held: 0.0 | Last price: $115.73
2026-09-18 14:20:48,158 | [AFL] ACTION: No trade.
2026-09-18 14:20:48,178 | [AIG] choppy/sideways (ADX 11.9) -> mean-reversion strategy | Signal: HOLD | Shares held: 0.0 | Last price: $75.37
2026-09-18 14:20:48,178 | [AIG] ACTION: No trade.
2026-09-18 14:20:48,198 | [AIZ] trending (ADX 26.2) -> trend-following strategy | Signal: HOLD | Shares held: 0.0 | Last price: $280.70
2026-09-18 14:20:48,198 | [AIZ] ACTION: No trade.
2026-09-18 14:20:48,218 | [AJG] choppy/sideways (ADX 21.4) -> mean-reversion strategy | Signal: HOLD | Shares held: 0.0 | Last price: $240.62
2026-09-18 14:20:48,218 | [AJG] ACTION: No trade.
2026-09-18 14:20:48,238 | [AKAM] choppy/sideways (ADX 22.5) -> mean-reversion strategy | Signal: HOLD | Shares held: 0.0 | Last price: $103.87
2026-09-18 14:20:48,238 | [AKAM] ACTION: No trade.
2026-09-18 14:20:48,259 | [ALB] trending (ADX 38.6) -> trend-following strategy | Signal: HOLD | Shares held: 0.0 | Last price: $111.93
2026-09-18 14:20:48,259 | [ALB] ACTION: No trade.
2026-09-18 14:20:48,279 | [ALGN] trending (ADX 27.9) -> trend-following strategy | Signal: HOLD | Shares held: 0.0 | Last price: $146.86
2026-09-18 14:20:48,279 | [ALGN] ACTION: No trade.
2026-09-18 14:20:48,299 | [ALL] trending (ADX 37.7) -> trend-following strategy | Signal: HOLD | Shares held: 0.0 | Last price: $249.72
2026-09-18 14:20:48,299 | [ALL] ACTION: No trade.
2026-09-18 14:20:48,319 | [ALLE] choppy/sideways (ADX 22.4) -> mean-reversion strategy | Signal: HOLD | Shares held: 0.0 | Last price: $151.54
2026-09-18 14:20:48,319 | [ALLE] ACTION: No trade.
2026-09-18 14:20:48,339 | [AMAT] trending (ADX 27.0) -> trend-following strategy | Signal: HOLD | Shares held: 0.0 | Last price: $429.86
2026-09-18 14:20:48,339 | [AMAT] ACTION: No trade.
2026-09-18 14:20:48,359 | [AMCR] choppy/sideways (ADX 22.6) -> mean-reversion strategy | Signal: HOLD | Shares held: 0.0 | Last price: $42.08
2026-09-18 14:20:48,359 | [AMCR] ACTION: No trade.
2026-09-18 14:20:48,379 | [AMD] trending (ADX 42.6) -> trend-following strategy | Signal: HOLD | Shares held: 0.0 | Last price: $549.12
2026-09-18 14:20:48,379 | [AMD] ACTION: No trade.
2026-09-18 14:20:48,398 | [AME] choppy/sideways (ADX 14.1) -> mean-reversion strategy | Signal: HOLD | Shares held: 0.0 | Last price: $235.30
2026-09-18 14:20:48,399 | [AME] ACTION: No trade.
2026-09-18 14:20:48,418 | [AMGN] choppy/sideways (ADX 24.7) -> mean-reversion strategy | Signal: HOLD | Shares held: 0.0 | Last price: $381.55
2026-09-18 14:20:48,418 | [AMGN] ACTION: No trade.
2026-09-18 14:20:48,438 | [AMP] choppy/sideways (ADX 17.2) -> mean-reversion strategy | Signal: HOLD | Shares held: 0.0 | Last price: $540.64
2026-09-18 14:20:48,438 | [AMP] ACTION: No trade.
2026-09-18 14:20:48,458 | [AMT] trending (ADX 35.1) -> trend-following strategy | Signal: HOLD | Shares held: 0.0 | Last price: $173.19
2026-09-18 14:20:48,458 | [AMT] ACTION: No trade.
2026-09-18 14:20:48,478 | [AMZN] trending (ADX 29.0) -> trend-following strategy | Signal: HOLD | Shares held: 0.0 | Last price: $251.95
2026-09-18 14:20:48,478 | [AMZN] ACTION: No trade.
2026-09-18 14:20:48,498 | [ANET] choppy/sideways (ADX 17.0) -> mean-reversion strategy | Signal: HOLD | Shares held: 0.0 | Last price: $198.81
2026-09-18 14:20:48,498 | [ANET] ACTION: No trade.
2026-09-18 14:20:48,519 | [AON] choppy/sideways (ADX 21.9) -> mean-reversion strategy | Signal: HOLD | Shares held: 0.0 | Last price: $295.79
2026-09-18 14:20:48,519 | [AON] ACTION: No trade.
2026-09-18 14:20:48,539 | [APA] choppy/sideways (ADX 18.5) -> mean-reversion strategy | Signal: HOLD | Shares held: 0.0 | Last price: $44.94
2026-09-18 14:20:48,539 | [APA] ACTION: No trade.
2026-09-18 14:20:48,559 | [APD] choppy/sideways (ADX 18.2) -> mean-reversion strategy | Signal: HOLD | Shares held: 0.0 | Last price: $281.84
2026-09-18 14:20:48,559 | [APD] ACTION: No trade.
2026-09-18 14:20:48,579 | [APH] trending (ADX 31.8) -> trend-following strategy | Signal: HOLD | Shares held: 0.0 | Last price: $78.64
2026-09-18 14:20:48,579 | [APH] ACTION: No trade.
2026-09-18 14:20:48,599 | [APO] choppy/sideways (ADX 20.9) -> mean-reversion strategy | Signal: HOLD | Shares held: 0.0 | Last price: $125.05
2026-09-18 14:20:48,599 | [APO] ACTION: No trade.
2026-09-18 14:20:48,619 | [APP] choppy/sideways (ADX 18.3) -> mean-reversion strategy | Signal: HOLD | Shares held: 0.0 | Last price: $317.91
2026-09-18 14:20:48,619 | [APP] ACTION: No trade.
2026-09-18 14:20:48,639 | [APTV] choppy/sideways (ADX 22.1) -> mean-reversion strategy | Signal: HOLD | Shares held: 0.0 | Last price: $43.05
2026-09-18 14:20:48,639 | [APTV] ACTION: No trade.
2026-09-18 14:20:48,660 | [ARE] trending (ADX 35.9) -> trend-following strategy | Signal: HOLD | Shares held: 0.0 | Last price: $56.01
2026-09-18 14:20:48,660 | [ARE] ACTION: No trade.
2026-09-18 14:20:48,680 | [ARES] choppy/sideways (ADX 23.2) -> mean-reversion strategy | Signal: HOLD | Shares held: 0.0 | Last price: $123.40
2026-09-18 14:20:48,680 | [ARES] ACTION: No trade.
2026-09-18 14:20:48,700 | [ATO] choppy/sideways (ADX 24.7) -> mean-reversion strategy | Signal: HOLD | Shares held: 0.0 | Last price: $160.46
2026-09-18 14:20:48,700 | [ATO] ACTION: No trade.
2026-09-18 14:20:48,720 | [AVGO] trending (ADX 43.1) -> trend-following strategy | Signal: HOLD | Shares held: 0.0 | Last price: $360.74
2026-09-18 14:20:48,720 | [AVGO] ACTION: No trade.
2026-09-18 14:20:48,740 | [AVY] choppy/sideways (ADX 24.7) -> mean-reversion strategy | Signal: HOLD | Shares held: 0.0 | Last price: $169.10
2026-09-18 14:20:48,740 | [AVY] ACTION: No trade.
2026-09-18 14:20:48,760 | [AWK] trending (ADX 26.6) -> trend-following strategy | Signal: HOLD | Shares held: 0.0 | Last price: $136.07
2026-09-18 14:20:48,761 | [AWK] ACTION: No trade.
2026-09-18 14:20:48,781 | [AXON] choppy/sideways (ADX 18.8) -> mean-reversion strategy | Signal: HOLD | Shares held: 0.0 | Last price: $451.97
2026-09-18 14:20:48,781 | [AXON] ACTION: No trade.
2026-09-18 14:20:48,802 | [AXP] trending (ADX 26.9) -> trend-following strategy | Signal: HOLD | Shares held: 0.0 | Last price: $309.55
2026-09-18 14:20:48,802 | [AXP] ACTION: No trade.
2026-09-18 14:20:48,823 | [AZO] trending (ADX 25.4) -> trend-following strategy | Signal: HOLD | Shares held: 0.0 | Last price: $2838.89
2026-09-18 14:20:48,823 | [AZO] ACTION: No trade.
2026-09-18 14:20:48,843 | [BA] trending (ADX 33.7) -> trend-following strategy | Signal: HOLD | Shares held: 0.0 | Last price: $196.25
2026-09-18 14:20:48,843 | [BA] ACTION: No trade.
2026-09-18 14:20:48,863 | [BAC] choppy/sideways (ADX 14.4) -> mean-reversion strategy | Signal: HOLD | Shares held: 0.0 | Last price: $58.12
2026-09-18 14:20:48,863 | [BAC] ACTION: No trade.
2026-09-18 14:20:48,883 | [BALL] choppy/sideways (ADX 9.0) -> mean-reversion strategy | Signal: HOLD | Shares held: 0.0 | Last price: $60.35
2026-09-18 14:20:48,883 | [BALL] ACTION: No trade.
2026-09-18 14:20:48,904 | [BAX] choppy/sideways (ADX 20.1) -> mean-reversion strategy | Signal: HOLD | Shares held: 0.0 | Last price: $22.74
2026-09-18 14:20:48,904 | [BAX] ACTION: No trade.
2026-09-18 14:20:48,924 | [BBY] choppy/sideways (ADX 18.3) -> mean-reversion strategy | Signal: HOLD | Shares held: 0.0 | Last price: $93.77
2026-09-18 14:20:48,924 | [BBY] ACTION: No trade.
2026-09-18 14:20:48,944 | [BDX] trending (ADX 36.0) -> trend-following strategy | Signal: HOLD | Shares held: 0.0 | Last price: $179.97
2026-09-18 14:20:48,945 | [BDX] ACTION: No trade.
2026-09-18 14:20:48,965 | [BG] choppy/sideways (ADX 20.6) -> mean-reversion strategy | Signal: HOLD | Shares held: 0.0 | Last price: $117.35
2026-09-18 14:20:48,965 | [BG] ACTION: No trade.
2026-09-18 14:20:48,985 | [BIIB] choppy/sideways (ADX 23.9) -> mean-reversion strategy | Signal: HOLD | Shares held: 0.0 | Last price: $218.58
2026-09-18 14:20:48,985 | [BIIB] ACTION: No trade.
2026-09-18 14:20:49,005 | [BKNG] trending (ADX 28.5) -> trend-following strategy | Signal: HOLD | Shares held: 0.0 | Last price: $168.11
2026-09-18 14:20:49,005 | [BKNG] ACTION: No trade.
2026-09-18 14:20:49,026 | [BKR] choppy/sideways (ADX 12.7) -> mean-reversion strategy | Signal: HOLD | Shares held: 0.0 | Last price: $56.57
2026-09-18 14:20:49,026 | [BKR] ACTION: No trade.
2026-09-18 14:20:49,046 | [BLDR] choppy/sideways (ADX 18.0) -> mean-reversion strategy | Signal: HOLD | Shares held: 0.0 | Last price: $56.88
2026-09-18 14:20:49,046 | [BLDR] ACTION: No trade.
2026-09-18 14:20:49,066 | [BLK] choppy/sideways (ADX 21.5) -> mean-reversion strategy | Signal: HOLD | Shares held: 0.0 | Last price: $1047.30
2026-09-18 14:20:49,066 | [BLK] ACTION: No trade.
2026-09-18 14:20:49,086 | [BMY] trending (ADX 28.5) -> trend-following strategy | Signal: HOLD | Shares held: 0.0 | Last price: $62.55
2026-09-18 14:20:49,086 | [BMY] ACTION: No trade.
2026-09-18 14:20:49,107 | [BNY] choppy/sideways (ADX 16.3) -> mean-reversion strategy | Signal: HOLD | Shares held: 0.0 | Last price: $152.71
2026-09-18 14:20:49,107 | [BNY] ACTION: No trade.
2026-09-18 14:20:49,127 | [BR] trending (ADX 57.9) -> trend-following strategy | Signal: HOLD | Shares held: 0.0 | Last price: $162.94
2026-09-18 14:20:49,127 | [BR] ACTION: No trade.
2026-09-18 14:20:49,147 | [BRK.B] trending (ADX 39.9) -> trend-following strategy | Signal: HOLD | Shares held: 0.0 | Last price: $507.06
2026-09-18 14:20:49,147 | [BRK.B] ACTION: No trade.
2026-09-18 14:20:49,168 | [BRO] choppy/sideways (ADX 19.5) -> mean-reversion strategy | Signal: HOLD | Shares held: 0.0 | Last price: $65.00
2026-09-18 14:20:49,168 | [BRO] ACTION: No trade.
2026-09-18 14:20:49,188 | [BSX] choppy/sideways (ADX 22.2) -> mean-reversion strategy | Signal: HOLD | Shares held: 0.0 | Last price: $43.42
2026-09-18 14:20:49,188 | [BSX] ACTION: No trade.
2026-09-18 14:20:49,209 | [BX] choppy/sideways (ADX 16.6) -> mean-reversion strategy | Signal: HOLD | Shares held: 0.0 | Last price: $123.46
2026-09-18 14:20:49,209 | [BX] ACTION: No trade.
2026-09-18 14:20:49,229 | [C] choppy/sideways (ADX 8.4) -> mean-reversion strategy | Signal: HOLD | Shares held: 0.0 | Last price: $132.37
2026-09-18 14:20:49,229 | [C] ACTION: No trade.
2026-09-18 14:20:49,250 | [CAH] trending (ADX 48.0) -> trend-following strategy | Signal: HOLD | Shares held: 0.0 | Last price: $222.70
2026-09-18 14:20:49,250 | [CAH] ACTION: No trade.
2026-09-18 14:20:49,270 | [CARR] choppy/sideways (ADX 11.6) -> mean-reversion strategy | Signal: HOLD | Shares held: 0.0 | Last price: $54.12
2026-09-18 14:20:49,270 | [CARR] ACTION: No trade.
2026-09-18 14:20:49,291 | [CASY] trending (ADX 28.7) -> trend-following strategy | Signal: HOLD | Shares held: 0.0 | Last price: $605.81
2026-09-18 14:20:49,291 | [CASY] ACTION: No trade.
2026-09-18 14:20:49,311 | [CAT] choppy/sideways (ADX 25.0) -> mean-reversion strategy | Signal: HOLD | Shares held: 0.0 | Last price: $805.97
2026-09-18 14:20:49,311 | [CAT] ACTION: No trade.
2026-09-18 14:20:49,331 | [CB] choppy/sideways (ADX 16.6) -> mean-reversion strategy | Signal: HOLD | Shares held: 0.0 | Last price: $339.61
2026-09-18 14:20:49,332 | [CB] ACTION: No trade.
2026-09-18 14:20:49,352 | [CBOE] choppy/sideways (ADX 19.7) -> mean-reversion strategy | Signal: HOLD | Shares held: 0.0 | Last price: $267.40
2026-09-18 14:20:49,352 | [CBOE] ACTION: No trade.
2026-09-18 14:20:49,372 | [CBRE] choppy/sideways (ADX 21.4) -> mean-reversion strategy | Signal: HOLD | Shares held: 0.0 | Last price: $138.42
2026-09-18 14:20:49,372 | [CBRE] ACTION: No trade.
2026-09-18 14:20:49,392 | [CCI] choppy/sideways (ADX 16.8) -> mean-reversion strategy | Signal: HOLD | Shares held: 0.0 | Last price: $72.62
2026-09-18 14:20:49,393 | [CCI] ACTION: No trade.
2026-09-18 14:20:49,413 | [CCL] choppy/sideways (ADX 19.9) -> mean-reversion strategy | Signal: HOLD | Shares held: 0.0 | Last price: $21.88
2026-09-18 14:20:49,413 | [CCL] ACTION: No trade.
2026-09-18 14:20:49,433 | [CDNS] choppy/sideways (ADX 22.8) -> mean-reversion strategy | Signal: HOLD | Shares held: 0.0 | Last price: $281.97
2026-09-18 14:20:49,433 | [CDNS] ACTION: No trade.
2026-09-18 14:20:49,453 | [CDW] choppy/sideways (ADX 22.9) -> mean-reversion strategy | Signal: HOLD | Shares held: 0.0 | Last price: $146.07
2026-09-18 14:20:49,453 | [CDW] ACTION: No trade.
2026-09-18 14:20:49,473 | [CEG] choppy/sideways (ADX 19.0) -> mean-reversion strategy | Signal: HOLD | Shares held: 0.0 | Last price: $258.45
2026-09-18 14:20:49,473 | [CEG] ACTION: No trade.
2026-09-18 14:20:49,494 | [CF] choppy/sideways (ADX 23.7) -> mean-reversion strategy | Signal: HOLD | Shares held: 0.0 | Last price: $130.45
2026-09-18 14:20:49,494 | [CF] ACTION: No trade.
2026-09-18 14:20:49,514 | [CFG] choppy/sideways (ADX 16.7) -> mean-reversion strategy | Signal: HOLD | Shares held: 0.0 | Last price: $67.05
2026-09-18 14:20:49,514 | [CFG] ACTION: No trade.
2026-09-18 14:20:49,535 | [CHD] trending (ADX 29.3) -> trend-following strategy | Signal: HOLD | Shares held: 0.0 | Last price: $94.64
2026-09-18 14:20:49,535 | [CHD] ACTION: No trade.
2026-09-18 14:20:49,555 | [CHRW] choppy/sideways (ADX 23.8) -> mean-reversion strategy | Signal: HOLD | Shares held: 0.0 | Last price: $152.32
2026-09-18 14:20:49,555 | [CHRW] ACTION: No trade.
2026-09-18 14:20:49,575 | [CHTR] trending (ADX 38.6) -> trend-following strategy | Signal: HOLD | Shares held: 0.0 | Last price: $129.04
2026-09-18 14:20:49,575 | [CHTR] ACTION: No trade.
2026-09-18 14:20:49,595 | [CI] trending (ADX 43.2) -> trend-following strategy | Signal: HOLD | Shares held: 0.0 | Last price: $274.64
2026-09-18 14:20:49,596 | [CI] ACTION: No trade.
2026-09-18 14:20:49,616 | [CIEN] choppy/sideways (ADX 22.2) -> mean-reversion strategy | Signal: HOLD | Shares held: 0.0 | Last price: $339.60
2026-09-18 14:20:49,616 | [CIEN] ACTION: No trade.
2026-09-18 14:20:49,636 | [CINF] trending (ADX 30.3) -> trend-following strategy | Signal: HOLD | Shares held: 0.0 | Last price: $168.34
2026-09-18 14:20:49,636 | [CINF] ACTION: No trade.
2026-09-18 14:20:49,656 | [CL] choppy/sideways (ADX 14.6) -> mean-reversion strategy | Signal: HOLD | Shares held: 0.0 | Last price: $87.14
2026-09-18 14:20:49,656 | [CL] ACTION: No trade.
2026-09-18 14:20:49,676 | [CLX] choppy/sideways (ADX 23.1) -> mean-reversion strategy | Signal: HOLD | Shares held: 0.0 | Last price: $83.71
2026-09-18 14:20:49,677 | [CLX] ACTION: No trade.
2026-09-18 14:20:49,697 | [CMCSA] trending (ADX 57.7) -> trend-following strategy | Signal: HOLD | Shares held: 0.0 | Last price: $22.43
2026-09-18 14:20:49,697 | [CMCSA] ACTION: No trade.
2026-09-18 14:20:49,717 | [CME] choppy/sideways (ADX 15.5) -> mean-reversion strategy | Signal: HOLD | Shares held: 0.0 | Last price: $271.86
2026-09-18 14:20:49,717 | [CME] ACTION: No trade.
2026-09-18 14:20:49,738 | [CMG] trending (ADX 29.9) -> trend-following strategy | Signal: HOLD | Shares held: 0.0 | Last price: $33.02
2026-09-18 14:20:49,738 | [CMG] ACTION: No trade.
2026-09-18 14:20:49,758 | [CMI] choppy/sideways (ADX 11.1) -> mean-reversion strategy | Signal: HOLD | Shares held: 0.0 | Last price: $526.71
2026-09-18 14:20:49,758 | [CMI] ACTION: No trade.
2026-09-18 14:20:49,778 | [CMS] choppy/sideways (ADX 16.9) -> mean-reversion strategy | Signal: HOLD | Shares held: 0.0 | Last price: $65.45
2026-09-18 14:20:49,778 | [CMS] ACTION: No trade.
2026-09-18 14:20:49,798 | [CNC] choppy/sideways (ADX 16.3) -> mean-reversion strategy | Signal: HOLD | Shares held: 0.0 | Last price: $66.14
2026-09-18 14:20:49,798 | [CNC] ACTION: No trade.
2026-09-18 14:20:49,819 | [CNP] choppy/sideways (ADX 24.6) -> mean-reversion strategy | Signal: HOLD | Shares held: 0.0 | Last price: $38.27
2026-09-18 14:20:49,819 | [CNP] ACTION: No trade.
2026-09-18 14:20:49,839 | [COF] choppy/sideways (ADX 19.6) -> mean-reversion strategy | Signal: HOLD | Shares held: 0.0 | Last price: $201.50
2026-09-18 14:20:49,839 | [COF] ACTION: No trade.
2026-09-18 14:20:49,859 | [COHR] choppy/sideways (ADX 23.1) -> mean-reversion strategy | Signal: HOLD | Shares held: 0.0 | Last price: $303.95
2026-09-18 14:20:49,859 | [COHR] ACTION: No trade.
2026-09-18 14:20:49,879 | [COIN] trending (ADX 37.9) -> trend-following strategy | Signal: HOLD | Shares held: 0.0 | Last price: $187.08
2026-09-18 14:20:49,879 | [COIN] ACTION: No trade.
2026-09-18 14:20:49,900 | [COO] trending (ADX 25.8) -> trend-following strategy | Signal: HOLD | Shares held: 0.0 | Last price: $54.56
2026-09-18 14:20:49,900 | [COO] ACTION: No trade.
2026-09-18 14:20:49,920 | [COP] choppy/sideways (ADX 24.7) -> mean-reversion strategy | Signal: HOLD | Shares held: 0.0 | Last price: $132.68
2026-09-18 14:20:49,920 | [COP] ACTION: No trade.
2026-09-18 14:20:49,940 | [COR] trending (ADX 60.8) -> trend-following strategy | Signal: HOLD | Shares held: 0.0 | Last price: $305.41
2026-09-18 14:20:49,940 | [COR] ACTION: No trade.
2026-09-18 14:20:49,960 | [COST] trending (ADX 30.9) -> trend-following strategy | Signal: HOLD | Shares held: 0.0 | Last price: $894.46
2026-09-18 14:20:49,960 | [COST] ACTION: No trade.
2026-09-18 14:20:49,980 | [CPAY] choppy/sideways (ADX 22.4) -> mean-reversion strategy | Signal: HOLD | Shares held: 0.0 | Last price: $401.35
2026-09-18 14:20:49,981 | [CPAY] ACTION: No trade.
2026-09-18 14:20:50,001 | [CPRT] trending (ADX 32.0) -> trend-following strategy | Signal: HOLD | Shares held: 0.0 | Last price: $29.41
2026-09-18 14:20:50,001 | [CPRT] ACTION: No trade.
2026-09-18 14:20:50,021 | [CPT] trending (ADX 37.8) -> trend-following strategy | Signal: HOLD | Shares held: 0.0 | Last price: $100.68
2026-09-18 14:20:50,021 | [CPT] ACTION: No trade.
2026-09-18 14:20:50,041 | [CRH] choppy/sideways (ADX 18.1) -> mean-reversion strategy | Signal: HOLD | Shares held: 0.0 | Last price: $85.97
2026-09-18 14:20:50,041 | [CRH] ACTION: No trade.
2026-09-18 14:20:50,062 | [CRL] trending (ADX 28.4) -> trend-following strategy | Signal: HOLD | Shares held: 0.0 | Last price: $277.89
2026-09-18 14:20:50,063 | [CRL] ACTION: No trade.
2026-09-18 14:20:50,083 | [CRM] trending (ADX 39.1) -> trend-following strategy | Signal: HOLD | Shares held: 0.0 | Last price: $238.49
2026-09-18 14:20:50,083 | [CRM] ACTION: No trade.
2026-09-18 14:20:50,103 | [CRWD] choppy/sideways (ADX 15.3) -> mean-reversion strategy | Signal: HOLD | Shares held: 0.0 | Last price: $235.35
2026-09-18 14:20:50,103 | [CRWD] ACTION: No trade.
2026-09-18 14:20:50,123 | [CSCO] choppy/sideways (ADX 13.2) -> mean-reversion strategy | Signal: HOLD | Shares held: 0.0 | Last price: $109.09
2026-09-18 14:20:50,123 | [CSCO] ACTION: No trade.
2026-09-18 14:20:50,144 | [CSGP] trending (ADX 49.3) -> trend-following strategy | Signal: HOLD | Shares held: 0.0 | Last price: $29.38
2026-09-18 14:20:50,144 | [CSGP] ACTION: No trade.
2026-09-18 14:20:50,164 | [CSX] trending (ADX 26.1) -> trend-following strategy | Signal: HOLD | Shares held: 0.0 | Last price: $47.34
2026-09-18 14:20:50,164 | [CSX] ACTION: No trade.
2026-09-18 14:20:50,184 | [CTAS] trending (ADX 26.7) -> trend-following strategy | Signal: HOLD | Shares held: 0.0 | Last price: $197.73
2026-09-18 14:20:50,184 | [CTAS] ACTION: No trade.
2026-09-18 14:20:50,204 | [CTSH] trending (ADX 32.3) -> trend-following strategy | Signal: HOLD | Shares held: 0.0 | Last price: $60.60
2026-09-18 14:20:50,204 | [CTSH] ACTION: No trade.
2026-09-18 14:20:50,225 | [CTVA] choppy/sideways (ADX 23.4) -> mean-reversion strategy | Signal: HOLD | Shares held: 0.0 | Last price: $80.33
2026-09-18 14:20:50,225 | [CTVA] ACTION: No trade.
2026-09-18 14:20:50,245 | [CVNA] choppy/sideways (ADX 19.5) -> mean-reversion strategy | Signal: HOLD | Shares held: 0.0 | Last price: $65.14
2026-09-18 14:20:50,245 | [CVNA] ACTION: No trade.
2026-09-18 14:20:50,265 | [CVS] trending (ADX 38.1) -> trend-following strategy | Signal: HOLD | Shares held: 0.0 | Last price: $88.70
2026-09-18 14:20:50,265 | [CVS] ACTION: No trade.
2026-09-18 14:20:50,285 | [CVX] choppy/sideways (ADX 23.2) -> mean-reversion strategy | Signal: HOLD | Shares held: 0.0 | Last price: $210.88
2026-09-18 14:20:50,285 | [CVX] ACTION: No trade.
2026-09-18 14:20:50,305 | [D] choppy/sideways (ADX 15.3) -> mean-reversion strategy | Signal: HOLD | Shares held: 0.0 | Last price: $63.70
2026-09-18 14:20:50,305 | [D] ACTION: No trade.
2026-09-18 14:20:50,325 | [DAL] choppy/sideways (ADX 18.8) -> mean-reversion strategy | Signal: HOLD | Shares held: 0.0 | Last price: $79.78
2026-09-18 14:20:50,325 | [DAL] ACTION: No trade.
2026-09-18 14:20:50,346 | [DASH] choppy/sideways (ADX 15.9) -> mean-reversion strategy | Signal: HOLD | Shares held: 0.0 | Last price: $193.33
2026-09-18 14:20:50,346 | [DASH] ACTION: No trade.
2026-09-18 14:20:50,366 | [DD] trending (ADX 26.3) -> trend-following strategy | Signal: HOLD | Shares held: 0.0 | Last price: $128.18
2026-09-18 14:20:50,366 | [DD] ACTION: No trade.
2026-09-18 14:20:50,386 | [DDOG] choppy/sideways (ADX 22.3) -> mean-reversion strategy | Signal: HOLD | Shares held: 0.0 | Last price: $231.66
2026-09-18 14:20:50,386 | [DDOG] ACTION: No trade.
2026-09-18 14:20:50,430 | [DE] trending (ADX 31.8) -> trend-following strategy | Signal: HOLD | Shares held: 0.0 | Last price: $683.90
2026-09-18 14:20:50,430 | [DE] ACTION: No trade.
2026-09-18 14:20:50,450 | [DECK] trending (ADX 31.5) -> trend-following strategy | Signal: SELL | Shares held: 0.0 | Last price: $78.67
2026-09-18 14:20:50,450 | [DECK] ACTION: No trade.
2026-09-18 14:20:50,470 | [DELL] trending (ADX 29.7) -> trend-following strategy | Signal: HOLD | Shares held: 0.0 | Last price: $585.03
2026-09-18 14:20:50,470 | [DELL] ACTION: No trade.
2026-09-18 14:20:50,490 | [DG] choppy/sideways (ADX 18.1) -> mean-reversion strategy | Signal: HOLD | Shares held: 0.0 | Last price: $123.96
2026-09-18 14:20:50,490 | [DG] ACTION: No trade.
2026-09-18 14:20:50,510 | [DGX] choppy/sideways (ADX 15.6) -> mean-reversion strategy | Signal: HOLD | Shares held: 0.0 | Last price: $245.79
2026-09-18 14:20:50,510 | [DGX] ACTION: No trade.
2026-09-18 14:20:50,530 | [DHI] choppy/sideways (ADX 20.6) -> mean-reversion strategy | Signal: HOLD | Shares held: 0.0 | Last price: $138.01
2026-09-18 14:20:50,530 | [DHI] ACTION: No trade.
2026-09-18 14:20:50,550 | [DHR] trending (ADX 32.8) -> trend-following strategy | Signal: HOLD | Shares held: 0.0 | Last price: $213.99
2026-09-18 14:20:50,551 | [DHR] ACTION: No trade.
2026-09-18 14:20:50,571 | [DIS] trending (ADX 32.9) -> trend-following strategy | Signal: HOLD | Shares held: 0.0 | Last price: $102.83
2026-09-18 14:20:50,571 | [DIS] ACTION: No trade.
2026-09-18 14:20:50,591 | [DLR] choppy/sideways (ADX 23.3) -> mean-reversion strategy | Signal: HOLD | Shares held: 0.0 | Last price: $182.62
2026-09-18 14:20:50,591 | [DLR] ACTION: No trade.
2026-09-18 14:20:50,611 | [DLTR] choppy/sideways (ADX 13.0) -> mean-reversion strategy | Signal: HOLD | Shares held: 0.0 | Last price: $113.67
2026-09-18 14:20:50,611 | [DLTR] ACTION: No trade.
2026-09-18 14:20:50,631 | [DOC] choppy/sideways (ADX 22.5) -> mean-reversion strategy | Signal: HOLD | Shares held: 0.0 | Last price: $20.54
2026-09-18 14:20:50,632 | [DOC] ACTION: No trade.
2026-09-18 14:20:50,652 | [DOV] choppy/sideways (ADX 20.6) -> mean-reversion strategy | Signal: HOLD | Shares held: 0.0 | Last price: $187.78
2026-09-18 14:20:50,652 | [DOV] ACTION: No trade.
2026-09-18 14:20:50,672 | [DOW] choppy/sideways (ADX 22.0) -> mean-reversion strategy | Signal: HOLD | Shares held: 0.0 | Last price: $28.91
2026-09-18 14:20:50,672 | [DOW] ACTION: No trade.
2026-09-18 14:20:50,692 | [DPZ] trending (ADX 36.5) -> trend-following strategy | Signal: HOLD | Shares held: 0.0 | Last price: $295.23
2026-09-18 14:20:50,692 | [DPZ] ACTION: No trade.
2026-09-18 14:20:50,712 | [DRI] trending (ADX 30.4) -> trend-following strategy | Signal: HOLD | Shares held: 0.0 | Last price: $208.06
2026-09-18 14:20:50,712 | [DRI] ACTION: No trade.
2026-09-18 14:20:50,732 | [DTE] choppy/sideways (ADX 18.0) -> mean-reversion strategy | Signal: HOLD | Shares held: 0.0 | Last price: $128.98
2026-09-18 14:20:50,732 | [DTE] ACTION: No trade.
2026-09-18 14:20:50,752 | [DUK] choppy/sideways (ADX 17.0) -> mean-reversion strategy | Signal: HOLD | Shares held: 0.0 | Last price: $117.40
2026-09-18 14:20:50,752 | [DUK] ACTION: No trade.
2026-09-18 14:20:50,772 | [DVA] trending (ADX 47.3) -> trend-following strategy | Signal: HOLD | Shares held: 0.0 | Last price: $183.95
2026-09-18 14:20:50,772 | [DVA] ACTION: No trade.
2026-09-18 14:20:50,793 | [DVN] trending (ADX 32.2) -> trend-following strategy | Signal: SELL | Shares held: 0.0 | Last price: $48.48
2026-09-18 14:20:50,793 | [DVN] ACTION: No trade.
2026-09-18 14:20:50,813 | [DXCM] choppy/sideways (ADX 17.2) -> mean-reversion strategy | Signal: HOLD | Shares held: 0.0 | Last price: $88.33
2026-09-18 14:20:50,813 | [DXCM] ACTION: No trade.
2026-09-18 14:20:50,833 | [EBAY] choppy/sideways (ADX 20.1) -> mean-reversion strategy | Signal: HOLD | Shares held: 0.0 | Last price: $112.78
2026-09-18 14:20:50,833 | [EBAY] ACTION: No trade.
2026-09-18 14:20:50,853 | [ECHO] choppy/sideways (ADX 19.8) -> mean-reversion strategy | Signal: HOLD | Shares held: 0.0 | Last price: $91.73
2026-09-18 14:20:50,853 | [ECHO] ACTION: No trade.
2026-09-18 14:20:50,873 | [ECL] choppy/sideways (ADX 23.0) -> mean-reversion strategy | Signal: HOLD | Shares held: 0.0 | Last price: $268.18
2026-09-18 14:20:50,873 | [ECL] ACTION: No trade.
2026-09-18 14:20:50,893 | [ED] choppy/sideways (ADX 22.9) -> mean-reversion strategy | Signal: HOLD | Shares held: 0.0 | Last price: $105.85
2026-09-18 14:20:50,893 | [ED] ACTION: No trade.
2026-09-18 14:20:50,914 | [EFX] trending (ADX 43.9) -> trend-following strategy | Signal: HOLD | Shares held: 0.0 | Last price: $159.37
2026-09-18 14:20:50,914 | [EFX] ACTION: No trade.
2026-09-18 14:20:50,934 | [EG] choppy/sideways (ADX 9.3) -> mean-reversion strategy | Signal: HOLD | Shares held: 0.0 | Last price: $374.46
2026-09-18 14:20:50,934 | [EG] ACTION: No trade.
2026-09-18 14:20:50,954 | [EIX] trending (ADX 30.3) -> trend-following strategy | Signal: HOLD | Shares held: 0.0 | Last price: $55.07
2026-09-18 14:20:50,954 | [EIX] ACTION: No trade.
2026-09-18 14:20:50,974 | [EL] choppy/sideways (ADX 13.2) -> mean-reversion strategy | Signal: HOLD | Shares held: 0.0 | Last price: $93.66
2026-09-18 14:20:50,974 | [EL] ACTION: No trade.
2026-09-18 14:20:50,994 | [ELV] choppy/sideways (ADX 19.6) -> mean-reversion strategy | Signal: HOLD | Shares held: 0.0 | Last price: $408.00
2026-09-18 14:20:50,994 | [ELV] ACTION: No trade.
2026-09-18 14:20:51,014 | [EME] choppy/sideways (ADX 22.0) -> mean-reversion strategy | Signal: HOLD | Shares held: 0.0 | Last price: $737.42
2026-09-18 14:20:51,014 | [EME] ACTION: No trade.
2026-09-18 14:20:51,034 | [EMR] choppy/sideways (ADX 12.9) -> mean-reversion strategy | Signal: HOLD | Shares held: 0.0 | Last price: $147.61
2026-09-18 14:20:51,034 | [EMR] ACTION: No trade.
2026-09-18 14:20:51,055 | [EOG] trending (ADX 27.5) -> trend-following strategy | Signal: SELL | Shares held: 0.0 | Last price: $144.74
2026-09-18 14:20:51,055 | [EOG] ACTION: No trade.
2026-09-18 14:20:51,075 | [EQIX] choppy/sideways (ADX 23.4) -> mean-reversion strategy | Signal: HOLD | Shares held: 0.0 | Last price: $1016.00
2026-09-18 14:20:51,075 | [EQIX] ACTION: No trade.
2026-09-18 14:20:51,095 | [EQT] choppy/sideways (ADX 22.8) -> mean-reversion strategy | Signal: HOLD | Shares held: 0.0 | Last price: $50.19
2026-09-18 14:20:51,095 | [EQT] ACTION: No trade.
2026-09-18 14:20:51,115 | [ES] choppy/sideways (ADX 21.1) -> mean-reversion strategy | Signal: HOLD | Shares held: 0.0 | Last price: $68.02
2026-09-18 14:20:51,115 | [ES] ACTION: No trade.
2026-09-18 14:20:51,135 | [ESS] trending (ADX 27.4) -> trend-following strategy | Signal: HOLD | Shares held: 0.0 | Last price: $270.96
2026-09-18 14:20:51,135 | [ESS] ACTION: No trade.
2026-09-18 14:20:51,155 | [ETN] trending (ADX 27.6) -> trend-following strategy | Signal: HOLD | Shares held: 0.0 | Last price: $415.52
2026-09-18 14:20:51,155 | [ETN] ACTION: No trade.
2026-09-18 14:20:51,176 | [ETR] choppy/sideways (ADX 22.2) -> mean-reversion strategy | Signal: HOLD | Shares held: 0.0 | Last price: $101.91
2026-09-18 14:20:51,176 | [ETR] ACTION: No trade.
2026-09-18 14:20:51,196 | [EVRG] choppy/sideways (ADX 21.2) -> mean-reversion strategy | Signal: HOLD | Shares held: 0.0 | Last price: $79.78
2026-09-18 14:20:51,196 | [EVRG] ACTION: No trade.
2026-09-18 14:20:51,216 | [EW] choppy/sideways (ADX 19.6) -> mean-reversion strategy | Signal: HOLD | Shares held: 0.0 | Last price: $87.88
2026-09-18 14:20:51,216 | [EW] ACTION: No trade.
2026-09-18 14:20:51,237 | [EXC] choppy/sideways (ADX 13.4) -> mean-reversion strategy | Signal: HOLD | Shares held: 0.0 | Last price: $42.13
2026-09-18 14:20:51,237 | [EXC] ACTION: No trade.
2026-09-18 14:20:51,257 | [EXE] trending (ADX 25.7) -> trend-following strategy | Signal: HOLD | Shares held: 0.0 | Last price: $88.08
2026-09-18 14:20:51,257 | [EXE] ACTION: No trade.
2026-09-18 14:20:51,277 | [EXPD] choppy/sideways (ADX 20.1) -> mean-reversion strategy | Signal: HOLD | Shares held: 0.0 | Last price: $187.45
2026-09-18 14:20:51,277 | [EXPD] ACTION: No trade.
2026-09-18 14:20:51,297 | [EXPE] choppy/sideways (ADX 8.2) -> mean-reversion strategy | Signal: HOLD | Shares held: 0.0 | Last price: $280.56
2026-09-18 14:20:51,297 | [EXPE] ACTION: No trade.
2026-09-18 14:20:51,317 | [EXR] choppy/sideways (ADX 20.3) -> mean-reversion strategy | Signal: HOLD | Shares held: 0.0 | Last price: $138.14
2026-09-18 14:20:51,317 | [EXR] ACTION: No trade.
2026-09-18 14:20:51,337 | [F] trending (ADX 28.0) -> trend-following strategy | Signal: HOLD | Shares held: 0.0 | Last price: $13.27
2026-09-18 14:20:51,337 | [F] ACTION: No trade.
2026-09-18 14:20:51,357 | [FANG] choppy/sideways (ADX 18.4) -> mean-reversion strategy | Signal: HOLD | Shares held: 0.0 | Last price: $194.72
2026-09-18 14:20:51,357 | [FANG] ACTION: No trade.
2026-09-18 14:20:51,377 | [FAST] choppy/sideways (ADX 15.3) -> mean-reversion strategy | Signal: HOLD | Shares held: 0.0 | Last price: $48.88
2026-09-18 14:20:51,377 | [FAST] ACTION: No trade.
2026-09-18 14:20:51,398 | [FCX] choppy/sideways (ADX 19.6) -> mean-reversion strategy | Signal: HOLD | Shares held: 0.0 | Last price: $70.81
2026-09-18 14:20:51,398 | [FCX] ACTION: No trade.
2026-09-18 14:20:51,418 | [FDS] choppy/sideways (ADX 17.6) -> mean-reversion strategy | Signal: HOLD | Shares held: 0.0 | Last price: $279.94
2026-09-18 14:20:51,418 | [FDS] ACTION: No trade.
2026-09-18 14:20:51,438 | [FDX] choppy/sideways (ADX 24.5) -> mean-reversion strategy | Signal: HOLD | Shares held: 0.0 | Last price: $304.10
2026-09-18 14:20:51,438 | [FDX] ACTION: No trade.
2026-09-18 14:20:51,458 | [FDXF] choppy/sideways (ADX 16.9) -> mean-reversion strategy | Signal: HOLD | Shares held: 0.0 | Last price: $121.46
2026-09-18 14:20:51,458 | [FDXF] ACTION: No trade.
2026-09-18 14:20:51,478 | [FE] choppy/sideways (ADX 23.9) -> mean-reversion strategy | Signal: HOLD | Shares held: 0.0 | Last price: $45.24
2026-09-18 14:20:51,478 | [FE] ACTION: No trade.
2026-09-18 14:20:51,498 | [FERG] choppy/sideways (ADX 12.2) -> mean-reversion strategy | Signal: HOLD | Shares held: 0.0 | Last price: $213.73
2026-09-18 14:20:51,498 | [FERG] ACTION: No trade.
2026-09-18 14:20:51,519 | [FFIV] choppy/sideways (ADX 20.7) -> mean-reversion strategy | Signal: HOLD | Shares held: 0.0 | Last price: $426.76
2026-09-18 14:20:51,519 | [FFIV] ACTION: No trade.
2026-09-18 14:20:51,539 | [FICO] trending (ADX 37.3) -> trend-following strategy | Signal: HOLD | Shares held: 0.0 | Last price: $952.06
2026-09-18 14:20:51,539 | [FICO] ACTION: No trade.
2026-09-18 14:20:51,559 | [FIS] trending (ADX 33.2) -> trend-following strategy | Signal: HOLD | Shares held: 0.0 | Last price: $36.10
2026-09-18 14:20:51,559 | [FIS] ACTION: No trade.
2026-09-18 14:20:51,579 | [FISV] choppy/sideways (ADX 20.4) -> mean-reversion strategy | Signal: HOLD | Shares held: 0.0 | Last price: $48.55
2026-09-18 14:20:51,579 | [FISV] ACTION: No trade.
2026-09-18 14:20:51,600 | [FITB] choppy/sideways (ADX 11.9) -> mean-reversion strategy | Signal: HOLD | Shares held: 0.0 | Last price: $53.05
2026-09-18 14:20:51,600 | [FITB] ACTION: No trade.
2026-09-18 14:20:51,620 | [FIX] choppy/sideways (ADX 16.4) -> mean-reversion strategy | Signal: HOLD | Shares held: 0.0 | Last price: $1601.26
2026-09-18 14:20:51,620 | [FIX] ACTION: No trade.
2026-09-18 14:20:51,640 | [FLEX] choppy/sideways (ADX 22.6) -> mean-reversion strategy | Signal: HOLD | Shares held: 0.0 | Last price: $107.77
2026-09-18 14:20:51,640 | [FLEX] ACTION: No trade.
2026-09-18 14:20:51,660 | [FOXA] trending (ADX 35.2) -> trend-following strategy | Signal: HOLD | Shares held: 0.0 | Last price: $63.61
2026-09-18 14:20:51,660 | [FOXA] ACTION: No trade.
2026-09-18 14:20:51,681 | [FSLR] trending (ADX 31.3) -> trend-following strategy | Signal: SELL | Shares held: 0.0 | Last price: $194.81
2026-09-18 14:20:51,681 | [FSLR] ACTION: No trade.
2026-09-18 14:20:51,701 | [FTNT] trending (ADX 35.3) -> trend-following strategy | Signal: HOLD | Shares held: 0.0 | Last price: $166.92
2026-09-18 14:20:51,701 | [FTNT] ACTION: No trade.
2026-09-18 14:20:51,721 | [FTV] choppy/sideways (ADX 22.6) -> mean-reversion strategy | Signal: HOLD | Shares held: 0.0 | Last price: $54.51
2026-09-18 14:20:51,721 | [FTV] ACTION: No trade.
2026-09-18 14:20:51,741 | [GD] choppy/sideways (ADX 19.9) -> mean-reversion strategy | Signal: HOLD | Shares held: 0.0 | Last price: $353.28
2026-09-18 14:20:51,741 | [GD] ACTION: No trade.
2026-09-18 14:20:51,762 | [GDDY] trending (ADX 26.6) -> trend-following strategy | Signal: HOLD | Shares held: 0.0 | Last price: $96.47
2026-09-18 14:20:51,762 | [GDDY] ACTION: No trade.
2026-09-18 14:20:51,782 | [GE] choppy/sideways (ADX 23.4) -> mean-reversion strategy | Signal: HOLD | Shares held: 0.0 | Last price: $312.94
2026-09-18 14:20:51,782 | [GE] ACTION: No trade.
2026-09-18 14:20:51,802 | [GEHC] trending (ADX 33.9) -> trend-following strategy | Signal: HOLD | Shares held: 0.0 | Last price: $64.14
2026-09-18 14:20:51,802 | [GEHC] ACTION: No trade.
2026-09-18 14:20:51,822 | [GEN] trending (ADX 33.2) -> trend-following strategy | Signal: HOLD | Shares held: 0.0 | Last price: $28.96
2026-09-18 14:20:51,822 | [GEN] ACTION: No trade.
2026-09-18 14:20:51,842 | [GEV] choppy/sideways (ADX 19.0) -> mean-reversion strategy | Signal: HOLD | Shares held: 0.0 | Last price: $933.19
2026-09-18 14:20:51,842 | [GEV] ACTION: No trade.
2026-09-18 14:20:51,862 | [GILD] trending (ADX 30.8) -> trend-following strategy | Signal: HOLD | Shares held: 0.0 | Last price: $150.52
2026-09-18 14:20:51,862 | [GILD] ACTION: No trade.
2026-09-18 14:20:51,883 | [GIS] choppy/sideways (ADX 19.0) -> mean-reversion strategy | Signal: HOLD | Shares held: 0.0 | Last price: $36.61
2026-09-18 14:20:51,883 | [GIS] ACTION: No trade.
2026-09-18 14:20:51,903 | [GLW] choppy/sideways (ADX 23.4) -> mean-reversion strategy | Signal: HOLD | Shares held: 0.0 | Last price: $149.97
2026-09-18 14:20:51,903 | [GLW] ACTION: No trade.
2026-09-18 14:20:51,923 | [GM] trending (ADX 33.9) -> trend-following strategy | Signal: HOLD | Shares held: 0.0 | Last price: $83.14
2026-09-18 14:20:51,923 | [GM] ACTION: No trade.
2026-09-18 14:20:51,943 | [GNRC] trending (ADX 40.5) -> trend-following strategy | Signal: HOLD | Shares held: 0.0 | Last price: $202.69
2026-09-18 14:20:51,944 | [GNRC] ACTION: No trade.
2026-09-18 14:20:51,964 | [GOOG] trending (ADX 26.5) -> trend-following strategy | Signal: HOLD | Shares held: 0.0 | Last price: $347.98
2026-09-18 14:20:51,964 | [GOOG] ACTION: No trade.
2026-09-18 14:20:51,984 | [GOOGL] trending (ADX 26.3) -> trend-following strategy | Signal: HOLD | Shares held: 0.0 | Last price: $352.00
2026-09-18 14:20:51,984 | [GOOGL] ACTION: No trade.
2026-09-18 14:20:52,004 | [GPC] choppy/sideways (ADX 19.0) -> mean-reversion strategy | Signal: HOLD | Shares held: 0.0 | Last price: $128.41
2026-09-18 14:20:52,004 | [GPC] ACTION: No trade.
2026-09-18 14:20:52,025 | [GPN] trending (ADX 26.0) -> trend-following strategy | Signal: HOLD | Shares held: 0.0 | Last price: $85.31
2026-09-18 14:20:52,025 | [GPN] ACTION: No trade.
2026-09-18 14:20:52,045 | [GRMN] trending (ADX 30.6) -> trend-following strategy | Signal: HOLD | Shares held: 0.0 | Last price: $271.82
2026-09-18 14:20:52,045 | [GRMN] ACTION: No trade.
2026-09-18 14:20:52,065 | [GS] choppy/sideways (ADX 20.2) -> mean-reversion strategy | Signal: HOLD | Shares held: 0.0 | Last price: $950.85
2026-09-18 14:20:52,065 | [GS] ACTION: No trade.
2026-09-18 14:20:52,085 | [GWW] choppy/sideways (ADX 15.2) -> mean-reversion strategy | Signal: HOLD | Shares held: 0.0 | Last price: $1255.41
2026-09-18 14:20:52,086 | [GWW] ACTION: No trade.
2026-09-18 14:20:52,106 | [HAL] trending (ADX 37.8) -> trend-following strategy | Signal: HOLD | Shares held: 0.0 | Last price: $33.84
2026-09-18 14:20:52,106 | [HAL] ACTION: No trade.
2026-09-18 14:20:52,126 | [HAS] choppy/sideways (ADX 24.1) -> mean-reversion strategy | Signal: HOLD | Shares held: 0.0 | Last price: $87.75
2026-09-18 14:20:52,126 | [HAS] ACTION: No trade.
2026-09-18 14:20:52,146 | [HBAN] trending (ADX 26.7) -> trend-following strategy | Signal: HOLD | Shares held: 0.0 | Last price: $15.82
2026-09-18 14:20:52,146 | [HBAN] ACTION: No trade.
2026-09-18 14:20:52,166 | [HCA] choppy/sideways (ADX 15.0) -> mean-reversion strategy | Signal: HOLD | Shares held: 0.0 | Last price: $429.95
2026-09-18 14:20:52,166 | [HCA] ACTION: No trade.
2026-09-18 14:20:52,187 | [HD] choppy/sideways (ADX 23.3) -> mean-reversion strategy | Signal: HOLD | Shares held: 0.0 | Last price: $299.34
2026-09-18 14:20:52,187 | [HD] ACTION: No trade.
2026-09-18 14:20:52,207 | [HIG] trending (ADX 36.7) -> trend-following strategy | Signal: HOLD | Shares held: 0.0 | Last price: $132.12
2026-09-18 14:20:52,207 | [HIG] ACTION: No trade.
2026-09-18 14:20:52,227 | [HII] choppy/sideways (ADX 13.5) -> mean-reversion strategy | Signal: HOLD | Shares held: 0.0 | Last price: $275.78
2026-09-18 14:20:52,227 | [HII] ACTION: No trade.
2026-09-18 14:20:52,247 | [HLT] choppy/sideways (ADX 17.7) -> mean-reversion strategy | Signal: HOLD | Shares held: 0.0 | Last price: $304.14
2026-09-18 14:20:52,248 | [HLT] ACTION: No trade.
2026-09-18 14:20:52,267 | [HON] choppy/sideways (ADX 11.1) -> mean-reversion strategy | Signal: HOLD | Shares held: 0.0 | Last price: $204.91
2026-09-18 14:20:52,268 | [HON] ACTION: No trade.
2026-09-18 14:20:52,288 | [HONA] choppy/sideways (ADX 18.1) -> mean-reversion strategy | Signal: HOLD | Shares held: 0.0 | Last price: $165.33
2026-09-18 14:20:52,288 | [HONA] ACTION: No trade.
2026-09-18 14:20:52,308 | [HOOD] trending (ADX 35.5) -> trend-following strategy | Signal: HOLD | Shares held: 0.0 | Last price: $116.29
2026-09-18 14:20:52,308 | [HOOD] ACTION: No trade.
2026-09-18 14:20:52,328 | [HPE] trending (ADX 29.5) -> trend-following strategy | Signal: HOLD | Shares held: 0.0 | Last price: $60.91
2026-09-18 14:20:52,328 | [HPE] ACTION: No trade.
2026-09-18 14:20:52,348 | [HPQ] trending (ADX 34.0) -> trend-following strategy | Signal: HOLD | Shares held: 0.0 | Last price: $33.87
2026-09-18 14:20:52,348 | [HPQ] ACTION: No trade.
2026-09-18 14:20:52,369 | [HSIC] trending (ADX 26.6) -> trend-following strategy | Signal: HOLD | Shares held: 0.0 | Last price: $84.77
2026-09-18 14:20:52,369 | [HSIC] ACTION: No trade.
2026-09-18 14:20:52,389 | [HST] choppy/sideways (ADX 16.3) -> mean-reversion strategy | Signal: HOLD | Shares held: 0.0 | Last price: $21.77
2026-09-18 14:20:52,389 | [HST] ACTION: No trade.
2026-09-18 14:20:52,409 | [HSY] trending (ADX 33.4) -> trend-following strategy | Signal: HOLD | Shares held: 0.0 | Last price: $167.66
2026-09-18 14:20:52,409 | [HSY] ACTION: No trade.
2026-09-18 14:20:52,429 | [HUBB] trending (ADX 25.7) -> trend-following strategy | Signal: HOLD | Shares held: 0.0 | Last price: $445.90
2026-09-18 14:20:52,429 | [HUBB] ACTION: No trade.
2026-09-18 14:20:52,449 | [HUM] choppy/sideways (ADX 23.8) -> mean-reversion strategy | Signal: HOLD | Shares held: 0.0 | Last price: $382.39
2026-09-18 14:20:52,449 | [HUM] ACTION: No trade.
2026-09-18 14:20:52,469 | [HWM] choppy/sideways (ADX 13.9) -> mean-reversion strategy | Signal: HOLD | Shares held: 0.0 | Last price: $227.19
2026-09-18 14:20:52,469 | [HWM] ACTION: No trade.
2026-09-18 14:20:52,489 | [IBKR] choppy/sideways (ADX 22.0) -> mean-reversion strategy | Signal: HOLD | Shares held: 0.0 | Last price: $89.69
2026-09-18 14:20:52,490 | [IBKR] ACTION: No trade.
2026-09-18 14:20:52,510 | [IBM] choppy/sideways (ADX 20.3) -> mean-reversion strategy | Signal: HOLD | Shares held: 0.0 | Last price: $230.31
2026-09-18 14:20:52,510 | [IBM] ACTION: No trade.
2026-09-18 14:20:52,530 | [ICE] choppy/sideways (ADX 18.1) -> mean-reversion strategy | Signal: HOLD | Shares held: 0.0 | Last price: $153.31
2026-09-18 14:20:52,530 | [ICE] ACTION: No trade.
2026-09-18 14:20:52,550 | [IDXX] choppy/sideways (ADX 23.2) -> mean-reversion strategy | Signal: HOLD | Shares held: 0.0 | Last price: $509.61
2026-09-18 14:20:52,551 | [IDXX] ACTION: No trade.
2026-09-18 14:20:52,571 | [IEX] choppy/sideways (ADX 10.0) -> mean-reversion strategy | Signal: HOLD | Shares held: 0.0 | Last price: $221.41
2026-09-18 14:20:52,571 | [IEX] ACTION: No trade.
2026-09-18 14:20:52,591 | [IFF] trending (ADX 31.1) -> trend-following strategy | Signal: HOLD | Shares held: 0.0 | Last price: $83.25
2026-09-18 14:20:52,591 | [IFF] ACTION: No trade.
2026-09-18 14:20:52,611 | [INCY] trending (ADX 32.8) -> trend-following strategy | Signal: HOLD | Shares held: 0.0 | Last price: $128.15
2026-09-18 14:20:52,611 | [INCY] ACTION: No trade.
2026-09-18 14:20:52,631 | [INTC] trending (ADX 41.8) -> trend-following strategy | Signal: HOLD | Shares held: 0.0 | Last price: $108.20
2026-09-18 14:20:52,631 | [INTC] ACTION: No trade.
2026-09-18 14:20:52,651 | [INTU] trending (ADX 30.3) -> trend-following strategy | Signal: HOLD | Shares held: 0.0 | Last price: $305.50
2026-09-18 14:20:52,651 | [INTU] ACTION: No trade.
2026-09-18 14:20:52,671 | [INVH] trending (ADX 30.7) -> trend-following strategy | Signal: HOLD | Shares held: 0.0 | Last price: $27.16
2026-09-18 14:20:52,671 | [INVH] ACTION: No trade.
2026-09-18 14:20:52,691 | [IP] trending (ADX 38.0) -> trend-following strategy | Signal: HOLD | Shares held: 0.0 | Last price: $34.67
2026-09-18 14:20:52,692 | [IP] ACTION: No trade.
2026-09-18 14:20:52,712 | [IQV] choppy/sideways (ADX 22.1) -> mean-reversion strategy | Signal: HOLD | Shares held: 0.0 | Last price: $268.01
2026-09-18 14:20:52,712 | [IQV] ACTION: No trade.
2026-09-18 14:20:52,732 | [IR] trending (ADX 27.1) -> trend-following strategy | Signal: SELL | Shares held: 0.0 | Last price: $72.25
2026-09-18 14:20:52,732 | [IR] ACTION: No trade.
2026-09-18 14:20:52,752 | [IRM] choppy/sideways (ADX 17.3) -> mean-reversion strategy | Signal: HOLD | Shares held: 0.0 | Last price: $112.63
2026-09-18 14:20:52,752 | [IRM] ACTION: No trade.
2026-09-18 14:20:52,772 | [ISRG] trending (ADX 32.6) -> trend-following strategy | Signal: HOLD | Shares held: 0.0 | Last price: $388.70
2026-09-18 14:20:52,772 | [ISRG] ACTION: No trade.
2026-09-18 14:20:52,792 | [IT] trending (ADX 44.9) -> trend-following strategy | Signal: HOLD | Shares held: 0.0 | Last price: $185.78
2026-09-18 14:20:52,793 | [IT] ACTION: No trade.
2026-09-18 14:20:52,813 | [ITW] choppy/sideways (ADX 14.0) -> mean-reversion strategy | Signal: HOLD | Shares held: 0.0 | Last price: $267.64
2026-09-18 14:20:52,813 | [ITW] ACTION: No trade.
2026-09-18 14:20:52,833 | [IVZ] choppy/sideways (ADX 18.1) -> mean-reversion strategy | Signal: HOLD | Shares held: 0.0 | Last price: $30.05
2026-09-18 14:20:52,833 | [IVZ] ACTION: No trade.
2026-09-18 14:20:52,854 | [J] choppy/sideways (ADX 14.6) -> mean-reversion strategy | Signal: HOLD | Shares held: 0.0 | Last price: $143.05
2026-09-18 14:20:52,854 | [J] ACTION: No trade.
2026-09-18 14:20:52,874 | [JBHT] choppy/sideways (ADX 21.8) -> mean-reversion strategy | Signal: HOLD | Shares held: 0.0 | Last price: $235.68
2026-09-18 14:20:52,874 | [JBHT] ACTION: No trade.
2026-09-18 14:20:52,894 | [JBL] choppy/sideways (ADX 11.7) -> mean-reversion strategy | Signal: HOLD | Shares held: 0.0 | Last price: $297.93
2026-09-18 14:20:52,894 | [JBL] ACTION: No trade.
2026-09-18 14:20:52,914 | [JCI] choppy/sideways (ADX 21.1) -> mean-reversion strategy | Signal: HOLD | Shares held: 0.0 | Last price: $141.36
2026-09-18 14:20:52,914 | [JCI] ACTION: No trade.
2026-09-18 14:20:52,935 | [JKHY] choppy/sideways (ADX 17.5) -> mean-reversion strategy | Signal: HOLD | Shares held: 0.0 | Last price: $155.47
2026-09-18 14:20:52,935 | [JKHY] ACTION: No trade.
2026-09-18 14:20:52,955 | [JNJ] choppy/sideways (ADX 18.2) -> mean-reversion strategy | Signal: HOLD | Shares held: 0.0 | Last price: $267.57
2026-09-18 14:20:52,955 | [JNJ] ACTION: No trade.
2026-09-18 14:20:52,975 | [JPM] choppy/sideways (ADX 16.5) -> mean-reversion strategy | Signal: HOLD | Shares held: 0.0 | Last price: $348.25
2026-09-18 14:20:52,975 | [JPM] ACTION: No trade.
2026-09-18 14:20:52,996 | [KDP] trending (ADX 28.3) -> trend-following strategy | Signal: HOLD | Shares held: 0.0 | Last price: $31.04
2026-09-18 14:20:52,996 | [KDP] ACTION: No trade.
2026-09-18 14:20:53,016 | [KEY] choppy/sideways (ADX 18.3) -> mean-reversion strategy | Signal: HOLD | Shares held: 0.0 | Last price: $20.86
2026-09-18 14:20:53,016 | [KEY] ACTION: No trade.
2026-09-18 14:20:53,036 | [KEYS] trending (ADX 33.0) -> trend-following strategy | Signal: HOLD | Shares held: 0.0 | Last price: $332.54
2026-09-18 14:20:53,036 | [KEYS] ACTION: No trade.
2026-09-18 14:20:53,057 | [KHC] choppy/sideways (ADX 21.8) -> mean-reversion strategy | Signal: HOLD | Shares held: 0.0 | Last price: $24.20
2026-09-18 14:20:53,057 | [KHC] ACTION: No trade.
2026-09-18 14:20:53,077 | [KIM] choppy/sideways (ADX 18.6) -> mean-reversion strategy | Signal: HOLD | Shares held: 0.0 | Last price: $22.52
2026-09-18 14:20:53,077 | [KIM] ACTION: No trade.
2026-09-18 14:20:53,097 | [KKR] choppy/sideways (ADX 19.4) -> mean-reversion strategy | Signal: HOLD | Shares held: 0.0 | Last price: $97.65
2026-09-18 14:20:53,097 | [KKR] ACTION: No trade.
2026-09-18 14:20:53,145 | [KLAC] trending (ADX 36.5) -> trend-following strategy | Signal: HOLD | Shares held: 0.0 | Last price: $171.88
2026-09-18 14:20:53,145 | [KLAC] ACTION: No trade.
2026-09-18 14:20:53,166 | [KMB] choppy/sideways (ADX 19.8) -> mean-reversion strategy | Signal: HOLD | Shares held: 0.0 | Last price: $97.71
2026-09-18 14:20:53,166 | [KMB] ACTION: No trade.
2026-09-18 14:20:53,186 | [KMI] trending (ADX 41.0) -> trend-following strategy | Signal: HOLD | Shares held: 0.0 | Last price: $31.73
2026-09-18 14:20:53,186 | [KMI] ACTION: No trade.
2026-09-18 14:20:53,206 | [KO] choppy/sideways (ADX 21.8) -> mean-reversion strategy | Signal: HOLD | Shares held: 0.0 | Last price: $87.87
2026-09-18 14:20:53,206 | [KO] ACTION: No trade.
2026-09-18 14:20:53,226 | [KR] trending (ADX 25.1) -> trend-following strategy | Signal: HOLD | Shares held: 0.0 | Last price: $60.60
2026-09-18 14:20:53,226 | [KR] ACTION: No trade.
2026-09-18 14:20:53,247 | [KVUE] choppy/sideways (ADX 19.1) -> mean-reversion strategy | Signal: HOLD | Shares held: 0.0 | Last price: $17.82
2026-09-18 14:20:53,247 | [KVUE] ACTION: No trade.
2026-09-18 14:20:53,267 | [L] choppy/sideways (ADX 15.8) -> mean-reversion strategy | Signal: HOLD | Shares held: 0.0 | Last price: $107.33
2026-09-18 14:20:53,267 | [L] ACTION: No trade.
2026-09-18 14:20:53,287 | [LDOS] choppy/sideways (ADX 14.0) -> mean-reversion strategy | Signal: HOLD | Shares held: 0.0 | Last price: $130.20
2026-09-18 14:20:53,287 | [LDOS] ACTION: No trade.
2026-09-18 14:20:53,307 | [LEN] choppy/sideways (ADX 23.3) -> mean-reversion strategy | Signal: HOLD | Shares held: 0.0 | Last price: $76.43
2026-09-18 14:20:53,307 | [LEN] ACTION: No trade.
2026-09-18 14:20:53,327 | [LH] choppy/sideways (ADX 17.9) -> mean-reversion strategy | Signal: HOLD | Shares held: 0.0 | Last price: $319.83
2026-09-18 14:20:53,327 | [LH] ACTION: No trade.
2026-09-18 14:20:53,347 | [LHX] choppy/sideways (ADX 11.6) -> mean-reversion strategy | Signal: HOLD | Shares held: 0.0 | Last price: $248.71
2026-09-18 14:20:53,347 | [LHX] ACTION: No trade.
2026-09-18 14:20:53,367 | [LII] choppy/sideways (ADX 11.8) -> mean-reversion strategy | Signal: HOLD | Shares held: 0.0 | Last price: $358.99
2026-09-18 14:20:53,367 | [LII] ACTION: No trade.
2026-09-18 14:20:53,388 | [LIN] trending (ADX 28.0) -> trend-following strategy | Signal: HOLD | Shares held: 0.0 | Last price: $455.79
2026-09-18 14:20:53,388 | [LIN] ACTION: No trade.
2026-09-18 14:20:53,408 | [LITE] choppy/sideways (ADX 24.2) -> mean-reversion strategy | Signal: HOLD | Shares held: 0.0 | Last price: $899.83
2026-09-18 14:20:53,408 | [LITE] ACTION: No trade.
2026-09-18 14:20:53,428 | [LLY] choppy/sideways (ADX 12.2) -> mean-reversion strategy | Signal: HOLD | Shares held: 0.0 | Last price: $1150.18
2026-09-18 14:20:53,428 | [LLY] ACTION: No trade.
2026-09-18 14:20:53,448 | [LMT] choppy/sideways (ADX 14.8) -> mean-reversion strategy | Signal: HOLD | Shares held: 0.0 | Last price: $534.00
2026-09-18 14:20:53,448 | [LMT] ACTION: No trade.
2026-09-18 14:20:53,468 | [LNT] choppy/sideways (ADX 15.5) -> mean-reversion strategy | Signal: HOLD | Shares held: 0.0 | Last price: $65.93
2026-09-18 14:20:53,468 | [LNT] ACTION: No trade.
2026-09-18 14:20:53,488 | [LOW] choppy/sideways (ADX 16.1) -> mean-reversion strategy | Signal: HOLD | Shares held: 0.0 | Last price: $192.79
2026-09-18 14:20:53,488 | [LOW] ACTION: No trade.
2026-09-18 14:20:53,508 | [LRCX] trending (ADX 33.0) -> trend-following strategy | Signal: HOLD | Shares held: 0.0 | Last price: $279.40
2026-09-18 14:20:53,509 | [LRCX] ACTION: No trade.
2026-09-18 14:20:53,529 | [LULU] trending (ADX 41.1) -> trend-following strategy | Signal: HOLD | Shares held: 0.0 | Last price: $98.51
2026-09-18 14:20:53,529 | [LULU] ACTION: No trade.
2026-09-18 14:20:53,549 | [LUV] trending (ADX 30.8) -> trend-following strategy | Signal: HOLD | Shares held: 0.0 | Last price: $40.74
2026-09-18 14:20:53,549 | [LUV] ACTION: No trade.
2026-09-18 14:20:53,569 | [LVS] trending (ADX 36.2) -> trend-following strategy | Signal: HOLD | Shares held: 0.0 | Last price: $40.42
2026-09-18 14:20:53,569 | [LVS] ACTION: No trade.
2026-09-18 14:20:53,589 | [LYB] trending (ADX 26.2) -> trend-following strategy | Signal: HOLD | Shares held: 0.0 | Last price: $62.66
2026-09-18 14:20:53,589 | [LYB] ACTION: No trade.
2026-09-18 14:20:53,609 | [LYV] trending (ADX 28.4) -> trend-following strategy | Signal: HOLD | Shares held: 0.0 | Last price: $167.91
2026-09-18 14:20:53,609 | [LYV] ACTION: No trade.
2026-09-18 14:20:53,630 | [MA] trending (ADX 25.3) -> trend-following strategy | Signal: HOLD | Shares held: 0.0 | Last price: $565.12
2026-09-18 14:20:53,630 | [MA] ACTION: No trade.
2026-09-18 14:20:53,650 | [MAA] choppy/sideways (ADX 24.6) -> mean-reversion strategy | Signal: HOLD | Shares held: 0.0 | Last price: $121.08
2026-09-18 14:20:53,650 | [MAA] ACTION: No trade.
2026-09-18 14:20:53,670 | [MAR] choppy/sideways (ADX 15.5) -> mean-reversion strategy | Signal: HOLD | Shares held: 0.0 | Last price: $334.71
2026-09-18 14:20:53,670 | [MAR] ACTION: No trade.
2026-09-18 14:20:53,690 | [MAS] choppy/sideways (ADX 13.1) -> mean-reversion strategy | Signal: HOLD | Shares held: 0.0 | Last price: $67.80
2026-09-18 14:20:53,690 | [MAS] ACTION: No trade.
2026-09-18 14:20:53,710 | [MCD] choppy/sideways (ADX 20.5) -> mean-reversion strategy | Signal: HOLD | Shares held: 0.0 | Last price: $248.31
2026-09-18 14:20:53,710 | [MCD] ACTION: No trade.
2026-09-18 14:20:53,730 | [MCHP] choppy/sideways (ADX 17.1) -> mean-reversion strategy | Signal: HOLD | Shares held: 0.0 | Last price: $71.62
2026-09-18 14:20:53,730 | [MCHP] ACTION: No trade.
2026-09-18 14:20:53,750 | [MCK] trending (ADX 29.9) -> trend-following strategy | Signal: HOLD | Shares held: 0.0 | Last price: $869.27
2026-09-18 14:20:53,750 | [MCK] ACTION: No trade.
2026-09-18 14:20:53,770 | [MCO] choppy/sideways (ADX 24.9) -> mean-reversion strategy | Signal: HOLD | Shares held: 0.0 | Last price: $460.27
2026-09-18 14:20:53,770 | [MCO] ACTION: No trade.
2026-09-18 14:20:53,790 | [MDLZ] trending (ADX 25.3) -> trend-following strategy | Signal: HOLD | Shares held: 0.0 | Last price: $60.73
2026-09-18 14:20:53,790 | [MDLZ] ACTION: No trade.
2026-09-18 14:20:53,810 | [MDT] choppy/sideways (ADX 22.2) -> mean-reversion strategy | Signal: HOLD | Shares held: 0.0 | Last price: $92.36
2026-09-18 14:20:53,810 | [MDT] ACTION: No trade.
2026-09-18 14:20:53,830 | [MET] choppy/sideways (ADX 14.7) -> mean-reversion strategy | Signal: HOLD | Shares held: 0.0 | Last price: $96.74
2026-09-18 14:20:53,830 | [MET] ACTION: No trade.
2026-09-18 14:20:53,850 | [META] trending (ADX 34.1) -> trend-following strategy | Signal: SELL | Shares held: 0.0 | Last price: $670.80
2026-09-18 14:20:53,850 | [META] ACTION: No trade.
2026-09-18 14:20:53,870 | [MKC] choppy/sideways (ADX 23.7) -> mean-reversion strategy | Signal: HOLD | Shares held: 0.0 | Last price: $49.13
2026-09-18 14:20:53,870 | [MKC] ACTION: No trade.
2026-09-18 14:20:53,890 | [MLM] choppy/sideways (ADX 17.2) -> mean-reversion strategy | Signal: HOLD | Shares held: 0.0 | Last price: $491.54
2026-09-18 14:20:53,890 | [MLM] ACTION: No trade.
2026-09-18 14:20:53,911 | [MMM] choppy/sideways (ADX 24.1) -> mean-reversion strategy | Signal: HOLD | Shares held: 0.0 | Last price: $163.82
2026-09-18 14:20:53,911 | [MMM] ACTION: No trade.
2026-09-18 14:20:53,931 | [MNST] choppy/sideways (ADX 19.9) -> mean-reversion strategy | Signal: HOLD | Shares held: 0.0 | Last price: $44.82
2026-09-18 14:20:53,931 | [MNST] ACTION: No trade.
2026-09-18 14:20:53,951 | [MO] trending (ADX 26.8) -> trend-following strategy | Signal: HOLD | Shares held: 0.0 | Last price: $69.33
2026-09-18 14:20:53,951 | [MO] ACTION: No trade.
2026-09-18 14:20:53,971 | [MOS] trending (ADX 25.2) -> trend-following strategy | Signal: HOLD | Shares held: 0.0 | Last price: $24.71
2026-09-18 14:20:53,971 | [MOS] ACTION: No trade.
2026-09-18 14:20:53,992 | [MPC] choppy/sideways (ADX 13.0) -> mean-reversion strategy | Signal: HOLD | Shares held: 0.0 | Last price: $425.17
2026-09-18 14:20:53,992 | [MPC] ACTION: No trade.
2026-09-18 14:20:54,012 | [MPWR] trending (ADX 32.0) -> trend-following strategy | Signal: HOLD | Shares held: 0.0 | Last price: $1190.34
2026-09-18 14:20:54,012 | [MPWR] ACTION: No trade.
2026-09-18 14:20:54,033 | [MRK] trending (ADX 28.6) -> trend-following strategy | Signal: HOLD | Shares held: 0.0 | Last price: $146.18
2026-09-18 14:20:54,033 | [MRK] ACTION: No trade.
2026-09-18 14:20:54,053 | [MRNA] trending (ADX 32.1) -> trend-following strategy | Signal: HOLD | Shares held: 0.0 | Last price: $154.78
2026-09-18 14:20:54,053 | [MRNA] ACTION: No trade.
2026-09-18 14:20:54,073 | [MRSH] trending (ADX 33.5) -> trend-following strategy | Signal: HOLD | Shares held: 0.0 | Last price: $173.72
2026-09-18 14:20:54,074 | [MRSH] ACTION: No trade.
2026-09-18 14:20:54,094 | [MRVL] trending (ADX 27.5) -> trend-following strategy | Signal: HOLD | Shares held: 0.0 | Last price: $239.66
2026-09-18 14:20:54,094 | [MRVL] ACTION: No trade.
2026-09-18 14:20:54,114 | [MS] choppy/sideways (ADX 18.2) -> mean-reversion strategy | Signal: HOLD | Shares held: 0.0 | Last price: $202.76
2026-09-18 14:20:54,114 | [MS] ACTION: No trade.
2026-09-18 14:20:54,134 | [MSCI] trending (ADX 25.7) -> trend-following strategy | Signal: SELL | Shares held: 0.0 | Last price: $547.87
2026-09-18 14:20:54,134 | [MSCI] ACTION: No trade.
2026-09-18 14:20:54,154 | [MSFT] choppy/sideways (ADX 17.1) -> mean-reversion strategy | Signal: HOLD | Shares held: 0.0 | Last price: $492.31
2026-09-18 14:20:54,155 | [MSFT] ACTION: No trade.
2026-09-18 14:20:54,175 | [MSI] trending (ADX 32.1) -> trend-following strategy | Signal: HOLD | Shares held: 0.0 | Last price: $458.08
2026-09-18 14:20:54,175 | [MSI] ACTION: No trade.
2026-09-18 14:20:54,195 | [MTB] choppy/sideways (ADX 13.7) -> mean-reversion strategy | Signal: HOLD | Shares held: 0.0 | Last price: $226.82
2026-09-18 14:20:54,195 | [MTB] ACTION: No trade.
2026-09-18 14:20:54,215 | [MTD] trending (ADX 40.8) -> trend-following strategy | Signal: HOLD | Shares held: 0.0 | Last price: $1400.76
2026-09-18 14:20:54,215 | [MTD] ACTION: No trade.
2026-09-18 14:20:54,235 | [MU] trending (ADX 56.5) -> trend-following strategy | Signal: HOLD | Shares held: 0.0 | Last price: $997.68
2026-09-18 14:20:54,235 | [MU] ACTION: No trade.
2026-09-18 14:20:54,256 | [NCLH] choppy/sideways (ADX 17.3) -> mean-reversion strategy | Signal: HOLD | Shares held: 0.0 | Last price: $14.15
2026-09-18 14:20:54,256 | [NCLH] ACTION: No trade.
2026-09-18 14:20:54,276 | [NDAQ] trending (ADX 52.4) -> trend-following strategy | Signal: HOLD | Shares held: 0.0 | Last price: $91.89
2026-09-18 14:20:54,276 | [NDAQ] ACTION: No trade.
2026-09-18 14:20:54,296 | [NDSN] choppy/sideways (ADX 20.0) -> mean-reversion strategy | Signal: HOLD | Shares held: 0.0 | Last price: $310.46
2026-09-18 14:20:54,296 | [NDSN] ACTION: No trade.
2026-09-18 14:20:54,316 | [NEE] choppy/sideways (ADX 18.8) -> mean-reversion strategy | Signal: HOLD | Shares held: 0.0 | Last price: $80.51
2026-09-18 14:20:54,316 | [NEE] ACTION: No trade.
2026-09-18 14:20:54,336 | [NEM] choppy/sideways (ADX 19.8) -> mean-reversion strategy | Signal: HOLD | Shares held: 0.0 | Last price: $122.87
2026-09-18 14:20:54,336 | [NEM] ACTION: No trade.
2026-09-18 14:20:54,357 | [NFLX] trending (ADX 51.8) -> trend-following strategy | Signal: HOLD | Shares held: 0.0 | Last price: $71.92
2026-09-18 14:20:54,357 | [NFLX] ACTION: No trade.
2026-09-18 14:20:54,377 | [NI] choppy/sideways (ADX 19.1) -> mean-reversion strategy | Signal: HOLD | Shares held: 0.0 | Last price: $40.55
2026-09-18 14:20:54,377 | [NI] ACTION: No trade.
2026-09-18 14:20:54,397 | [NKE] choppy/sideways (ADX 23.3) -> mean-reversion strategy | Signal: HOLD | Shares held: 0.0 | Last price: $36.34
2026-09-18 14:20:54,397 | [NKE] ACTION: No trade.
2026-09-18 14:20:54,417 | [NOC] choppy/sideways (ADX 11.4) -> mean-reversion strategy | Signal: HOLD | Shares held: 0.0 | Last price: $526.61
2026-09-18 14:20:54,417 | [NOC] ACTION: No trade.
2026-09-18 14:20:54,437 | [NOW] trending (ADX 39.4) -> trend-following strategy | Signal: HOLD | Shares held: 0.0 | Last price: $135.82
2026-09-18 14:20:54,437 | [NOW] ACTION: No trade.
2026-09-18 14:20:54,457 | [NRG] choppy/sideways (ADX 18.3) -> mean-reversion strategy | Signal: HOLD | Shares held: 0.0 | Last price: $104.74
2026-09-18 14:20:54,457 | [NRG] ACTION: No trade.
2026-09-18 14:20:54,477 | [NSC] choppy/sideways (ADX 24.9) -> mean-reversion strategy | Signal: HOLD | Shares held: 0.0 | Last price: $317.44
2026-09-18 14:20:54,477 | [NSC] ACTION: No trade.
2026-09-18 14:20:54,498 | [NTAP] choppy/sideways (ADX 23.2) -> mean-reversion strategy | Signal: HOLD | Shares held: 0.0 | Last price: $194.55
2026-09-18 14:20:54,498 | [NTAP] ACTION: No trade.
2026-09-18 14:20:54,518 | [NTRS] choppy/sideways (ADX 15.9) -> mean-reversion strategy | Signal: HOLD | Shares held: 0.0 | Last price: $176.60
2026-09-18 14:20:54,518 | [NTRS] ACTION: No trade.
2026-09-18 14:20:54,538 | [NUE] choppy/sideways (ADX 24.5) -> mean-reversion strategy | Signal: HOLD | Shares held: 0.0 | Last price: $252.28
2026-09-18 14:20:54,538 | [NUE] ACTION: No trade.
2026-09-18 14:20:54,558 | [NVDA] trending (ADX 30.7) -> trend-following strategy | Signal: HOLD | Shares held: 0.0 | Last price: $220.62
2026-09-18 14:20:54,558 | [NVDA] ACTION: No trade.
2026-09-18 14:20:54,578 | [NVR] choppy/sideways (ADX 12.7) -> mean-reversion strategy | Signal: HOLD | Shares held: 0.0 | Last price: $6203.22
2026-09-18 14:20:54,579 | [NVR] ACTION: No trade.
2026-09-18 14:20:54,599 | [NWSA] choppy/sideways (ADX 23.0) -> mean-reversion strategy | Signal: HOLD | Shares held: 0.0 | Last price: $29.57
2026-09-18 14:20:54,599 | [NWSA] ACTION: No trade.
2026-09-18 14:20:54,619 | [NXPI] trending (ADX 30.6) -> trend-following strategy | Signal: HOLD | Shares held: 0.0 | Last price: $227.06
2026-09-18 14:20:54,619 | [NXPI] ACTION: No trade.
2026-09-18 14:20:54,639 | [O] choppy/sideways (ADX 16.2) -> mean-reversion strategy | Signal: HOLD | Shares held: 0.0 | Last price: $56.93
2026-09-18 14:20:54,639 | [O] ACTION: No trade.
2026-09-18 14:20:54,659 | [ODFL] choppy/sideways (ADX 17.9) -> mean-reversion strategy | Signal: HOLD | Shares held: 0.0 | Last price: $173.31
2026-09-18 14:20:54,659 | [ODFL] ACTION: No trade.
2026-09-18 14:20:54,679 | [OKE] choppy/sideways (ADX 19.1) -> mean-reversion strategy | Signal: HOLD | Shares held: 0.0 | Last price: $93.02
2026-09-18 14:20:54,679 | [OKE] ACTION: No trade.
2026-09-18 14:20:54,700 | [OMC] trending (ADX 31.6) -> trend-following strategy | Signal: HOLD | Shares held: 0.0 | Last price: $76.74
2026-09-18 14:20:54,700 | [OMC] ACTION: No trade.
2026-09-18 14:20:54,720 | [ON] choppy/sideways (ADX 14.5) -> mean-reversion strategy | Signal: HOLD | Shares held: 0.0 | Last price: $69.00
2026-09-18 14:20:54,720 | [ON] ACTION: No trade.
2026-09-18 14:20:54,740 | [ORCL] choppy/sideways (ADX 24.0) -> mean-reversion strategy | Signal: HOLD | Shares held: 0.0 | Last price: $144.94
2026-09-18 14:20:54,740 | [ORCL] ACTION: No trade.
2026-09-18 14:20:54,760 | [ORLY] choppy/sideways (ADX 16.2) -> mean-reversion strategy | Signal: HOLD | Shares held: 0.0 | Last price: $84.10
2026-09-18 14:20:54,760 | [ORLY] ACTION: No trade.
2026-09-18 14:20:54,780 | [OTIS] choppy/sideways (ADX 14.2) -> mean-reversion strategy | Signal: HOLD | Shares held: 0.0 | Last price: $68.87
2026-09-18 14:20:54,780 | [OTIS] ACTION: No trade.
2026-09-18 14:20:54,800 | [OXY] trending (ADX 35.5) -> trend-following strategy | Signal: HOLD | Shares held: 0.0 | Last price: $58.92
2026-09-18 14:20:54,800 | [OXY] ACTION: No trade.
2026-09-18 14:20:54,820 | [PANW] trending (ADX 29.2) -> trend-following strategy | Signal: HOLD | Shares held: 0.0 | Last price: $356.33
2026-09-18 14:20:54,820 | [PANW] ACTION: No trade.
2026-09-18 14:20:54,841 | [PAYX] trending (ADX 33.8) -> trend-following strategy | Signal: HOLD | Shares held: 0.0 | Last price: $115.37
2026-09-18 14:20:54,841 | [PAYX] ACTION: No trade.
2026-09-18 14:20:54,861 | [PCAR] trending (ADX 27.8) -> trend-following strategy | Signal: HOLD | Shares held: 0.0 | Last price: $116.30
2026-09-18 14:20:54,861 | [PCAR] ACTION: No trade.
2026-09-18 14:20:54,881 | [PCG] trending (ADX 31.5) -> trend-following strategy | Signal: HOLD | Shares held: 0.0 | Last price: $13.30
2026-09-18 14:20:54,881 | [PCG] ACTION: No trade.
2026-09-18 14:20:54,903 | [PEG] choppy/sideways (ADX 23.6) -> mean-reversion strategy | Signal: HOLD | Shares held: 0.0 | Last price: $70.19
2026-09-18 14:20:54,903 | [PEG] ACTION: No trade.
2026-09-18 14:20:54,928 | [PEP] trending (ADX 29.7) -> trend-following strategy | Signal: HOLD | Shares held: 0.0 | Last price: $130.78
2026-09-18 14:20:54,928 | [PEP] ACTION: No trade.
2026-09-18 14:20:54,953 | [PFE] choppy/sideways (ADX 16.5) -> mean-reversion strategy | Signal: HOLD | Shares held: 0.0 | Last price: $27.37
2026-09-18 14:20:54,953 | [PFE] ACTION: No trade.
2026-09-18 14:20:54,981 | [PFG] trending (ADX 34.3) -> trend-following strategy | Signal: HOLD | Shares held: 0.0 | Last price: $114.89
2026-09-18 14:20:54,981 | [PFG] ACTION: No trade.
2026-09-18 14:20:55,009 | [PG] choppy/sideways (ADX 24.2) -> mean-reversion strategy | Signal: HOLD | Shares held: 0.0 | Last price: $145.96
2026-09-18 14:20:55,010 | [PG] ACTION: No trade.
2026-09-18 14:20:55,030 | [PGR] trending (ADX 33.7) -> trend-following strategy | Signal: HOLD | Shares held: 0.0 | Last price: $213.64
2026-09-18 14:20:55,030 | [PGR] ACTION: No trade.
2026-09-18 14:20:55,050 | [PH] choppy/sideways (ADX 21.1) -> mean-reversion strategy | Signal: HOLD | Shares held: 0.0 | Last price: $929.93
2026-09-18 14:20:55,050 | [PH] ACTION: No trade.
2026-09-18 14:20:55,070 | [PHM] choppy/sideways (ADX 19.6) -> mean-reversion strategy | Signal: HOLD | Shares held: 0.0 | Last price: $116.88
2026-09-18 14:20:55,071 | [PHM] ACTION: No trade.
2026-09-18 14:20:55,091 | [PKG] choppy/sideways (ADX 23.7) -> mean-reversion strategy | Signal: HOLD | Shares held: 0.0 | Last price: $233.84
2026-09-18 14:20:55,091 | [PKG] ACTION: No trade.
2026-09-18 14:20:55,111 | [PLD] choppy/sideways (ADX 19.6) -> mean-reversion strategy | Signal: HOLD | Shares held: 0.0 | Last price: $134.28
2026-09-18 14:20:55,111 | [PLD] ACTION: No trade.
2026-09-18 14:20:55,131 | [PLTR] choppy/sideways (ADX 22.6) -> mean-reversion strategy | Signal: HOLD | Shares held: 0.0 | Last price: $173.53
2026-09-18 14:20:55,131 | [PLTR] ACTION: No trade.
2026-09-18 14:20:55,151 | [PM] trending (ADX 46.2) -> trend-following strategy | Signal: HOLD | Shares held: 0.0 | Last price: $188.84
2026-09-18 14:20:55,151 | [PM] ACTION: No trade.
2026-09-18 14:20:55,171 | [PNC] choppy/sideways (ADX 24.1) -> mean-reversion strategy | Signal: HOLD | Shares held: 0.0 | Last price: $231.74
2026-09-18 14:20:55,171 | [PNC] ACTION: No trade.
2026-09-18 14:20:55,192 | [PNR] choppy/sideways (ADX 17.2) -> mean-reversion strategy | Signal: HOLD | Shares held: 0.0 | Last price: $55.57
2026-09-18 14:20:55,192 | [PNR] ACTION: No trade.
2026-09-18 14:20:55,212 | [PODD] choppy/sideways (ADX 16.2) -> mean-reversion strategy | Signal: HOLD | Shares held: 0.0 | Last price: $141.41
2026-09-18 14:20:55,212 | [PODD] ACTION: No trade.
2026-09-18 14:20:55,232 | [PPG] choppy/sideways (ADX 20.5) -> mean-reversion strategy | Signal: HOLD | Shares held: 0.0 | Last price: $103.91
2026-09-18 14:20:55,232 | [PPG] ACTION: No trade.
2026-09-18 14:20:55,252 | [PPL] choppy/sideways (ADX 24.5) -> mean-reversion strategy | Signal: HOLD | Shares held: 0.0 | Last price: $33.31
2026-09-18 14:20:55,252 | [PPL] ACTION: No trade.
2026-09-18 14:20:55,272 | [PRU] choppy/sideways (ADX 23.6) -> mean-reversion strategy | Signal: HOLD | Shares held: 0.0 | Last price: $116.78
2026-09-18 14:20:55,273 | [PRU] ACTION: No trade.
2026-09-18 14:20:55,293 | [PSA] trending (ADX 26.2) -> trend-following strategy | Signal: HOLD | Shares held: 0.0 | Last price: $298.64
2026-09-18 14:20:55,293 | [PSA] ACTION: No trade.
2026-09-18 14:20:55,313 | [PSKY] choppy/sideways (ADX 22.1) -> mean-reversion strategy | Signal: HOLD | Shares held: 0.0 | Last price: $10.27
2026-09-18 14:20:55,313 | [PSKY] ACTION: No trade.
2026-09-18 14:20:55,333 | [PSX] choppy/sideways (ADX 17.8) -> mean-reversion strategy | Signal: HOLD | Shares held: 0.0 | Last price: $274.93
2026-09-18 14:20:55,333 | [PSX] ACTION: No trade.
2026-09-18 14:20:55,353 | [PTC] trending (ADX 30.5) -> trend-following strategy | Signal: HOLD | Shares held: 0.0 | Last price: $133.69
2026-09-18 14:20:55,353 | [PTC] ACTION: No trade.
2026-09-18 14:20:55,373 | [PWR] choppy/sideways (ADX 13.2) -> mean-reversion strategy | Signal: HOLD | Shares held: 0.0 | Last price: $626.82
2026-09-18 14:20:55,373 | [PWR] ACTION: No trade.
2026-09-18 14:20:55,394 | [PYPL] trending (ADX 27.7) -> trend-following strategy | Signal: HOLD | Shares held: 0.0 | Last price: $52.70
2026-09-18 14:20:55,394 | [PYPL] ACTION: No trade.
2026-09-18 14:20:55,414 | [Q] choppy/sideways (ADX 22.1) -> mean-reversion strategy | Signal: HOLD | Shares held: 0.0 | Last price: $118.65
2026-09-18 14:20:55,414 | [Q] ACTION: No trade.
2026-09-18 14:20:55,434 | [QCOM] choppy/sideways (ADX 16.4) -> mean-reversion strategy | Signal: HOLD | Shares held: 0.0 | Last price: $182.19
2026-09-18 14:20:55,434 | [QCOM] ACTION: No trade.
2026-09-18 14:20:55,454 | [RCL] choppy/sideways (ADX 22.3) -> mean-reversion strategy | Signal: HOLD | Shares held: 0.0 | Last price: $246.72
2026-09-18 14:20:55,454 | [RCL] ACTION: No trade.
2026-09-18 14:20:55,474 | [RDDT] choppy/sideways (ADX 24.0) -> mean-reversion strategy | Signal: HOLD | Shares held: 0.0 | Last price: $152.29
2026-09-18 14:20:55,474 | [RDDT] ACTION: No trade.
2026-09-18 14:20:55,494 | [REG] choppy/sideways (ADX 18.8) -> mean-reversion strategy | Signal: HOLD | Shares held: 0.0 | Last price: $73.00
2026-09-18 14:20:55,495 | [REG] ACTION: No trade.
2026-09-18 14:20:55,515 | [REGN] choppy/sideways (ADX 23.5) -> mean-reversion strategy | Signal: HOLD | Shares held: 0.0 | Last price: $781.42
2026-09-18 14:20:55,515 | [REGN] ACTION: No trade.
2026-09-18 14:20:55,535 | [RF] choppy/sideways (ADX 16.7) -> mean-reversion strategy | Signal: HOLD | Shares held: 0.0 | Last price: $28.45
2026-09-18 14:20:55,535 | [RF] ACTION: No trade.
2026-09-18 14:20:55,555 | [RJF] choppy/sideways (ADX 21.6) -> mean-reversion strategy | Signal: HOLD | Shares held: 0.0 | Last price: $164.33
2026-09-18 14:20:55,555 | [RJF] ACTION: No trade.
2026-09-18 14:20:55,575 | [RL] trending (ADX 26.2) -> trend-following strategy | Signal: HOLD | Shares held: 0.0 | Last price: $332.45
2026-09-18 14:20:55,575 | [RL] ACTION: No trade.
2026-09-18 14:20:55,596 | [RMD] trending (ADX 26.2) -> trend-following strategy | Signal: SELL | Shares held: 0.0 | Last price: $226.20
2026-09-18 14:20:55,596 | [RMD] ACTION: No trade.
2026-09-18 14:20:55,616 | [ROK] choppy/sideways (ADX 23.0) -> mean-reversion strategy | Signal: HOLD | Shares held: 0.0 | Last price: $409.13
2026-09-18 14:20:55,616 | [ROK] ACTION: No trade.
2026-09-18 14:20:55,637 | [ROL] trending (ADX 44.0) -> trend-following strategy | Signal: HOLD | Shares held: 0.0 | Last price: $32.87
2026-09-18 14:20:55,637 | [ROL] ACTION: No trade.
2026-09-18 14:20:55,657 | [ROP] trending (ADX 37.0) -> trend-following strategy | Signal: HOLD | Shares held: 0.0 | Last price: $371.25
2026-09-18 14:20:55,657 | [ROP] ACTION: No trade.
2026-09-18 14:20:55,677 | [ROST] choppy/sideways (ADX 20.6) -> mean-reversion strategy | Signal: HOLD | Shares held: 0.0 | Last price: $229.26
2026-09-18 14:20:55,677 | [ROST] ACTION: No trade.
2026-09-18 14:20:55,697 | [RSG] trending (ADX 25.3) -> trend-following strategy | Signal: HOLD | Shares held: 0.0 | Last price: $218.15
2026-09-18 14:20:55,697 | [RSG] ACTION: No trade.
2026-09-18 14:20:55,717 | [RTX] trending (ADX 28.9) -> trend-following strategy | Signal: HOLD | Shares held: 0.0 | Last price: $192.95
2026-09-18 14:20:55,717 | [RTX] ACTION: No trade.
2026-09-18 14:20:55,738 | [RVTY] trending (ADX 35.2) -> trend-following strategy | Signal: HOLD | Shares held: 0.0 | Last price: $145.67
2026-09-18 14:20:55,738 | [RVTY] ACTION: No trade.
2026-09-18 14:20:55,758 | [SBAC] trending (ADX 29.7) -> trend-following strategy | Signal: HOLD | Shares held: 0.0 | Last price: $178.78
2026-09-18 14:20:55,758 | [SBAC] ACTION: No trade.
2026-09-18 14:20:55,778 | [SBUX] choppy/sideways (ADX 22.5) -> mean-reversion strategy | Signal: HOLD | Shares held: 0.0 | Last price: $95.43
2026-09-18 14:20:55,778 | [SBUX] ACTION: No trade.
2026-09-18 14:20:55,798 | [SCHW] choppy/sideways (ADX 20.8) -> mean-reversion strategy | Signal: HOLD | Shares held: 0.0 | Last price: $104.87
2026-09-18 14:20:55,798 | [SCHW] ACTION: No trade.
2026-09-18 14:20:55,818 | [SHW] choppy/sideways (ADX 22.1) -> mean-reversion strategy | Signal: HOLD | Shares held: 0.0 | Last price: $316.67
2026-09-18 14:20:55,818 | [SHW] ACTION: No trade.
2026-09-18 14:20:55,839 | [SJM] trending (ADX 29.6) -> trend-following strategy | Signal: HOLD | Shares held: 0.0 | Last price: $122.77
2026-09-18 14:20:55,839 | [SJM] ACTION: No trade.
2026-09-18 14:20:55,859 | [SLB] trending (ADX 27.2) -> trend-following strategy | Signal: HOLD | Shares held: 0.0 | Last price: $51.23
2026-09-18 14:20:55,859 | [SLB] ACTION: No trade.
2026-09-18 14:20:55,879 | [SMCI] trending (ADX 37.7) -> trend-following strategy | Signal: SELL | Shares held: 0.0 | Last price: $38.72
2026-09-18 14:20:55,879 | [SMCI] ACTION: No trade.
2026-09-18 14:20:55,900 | [SNA] choppy/sideways (ADX 13.5) -> mean-reversion strategy | Signal: HOLD | Shares held: 0.0 | Last price: $372.58
2026-09-18 14:20:55,900 | [SNA] ACTION: No trade.
2026-09-18 14:20:55,920 | [SNDK] trending (ADX 48.0) -> trend-following strategy | Signal: HOLD | Shares held: 0.0 | Last price: $1705.99
2026-09-18 14:20:55,920 | [SNDK] ACTION: No trade.
2026-09-18 14:20:55,940 | [SNPS] trending (ADX 31.1) -> trend-following strategy | Signal: HOLD | Shares held: 0.0 | Last price: $381.73
2026-09-18 14:20:55,940 | [SNPS] ACTION: No trade.
2026-09-18 14:20:55,960 | [SO] choppy/sideways (ADX 13.2) -> mean-reversion strategy | Signal: HOLD | Shares held: 0.0 | Last price: $86.06
2026-09-18 14:20:55,960 | [SO] ACTION: No trade.
2026-09-18 14:20:55,981 | [SPG] trending (ADX 27.0) -> trend-following strategy | Signal: HOLD | Shares held: 0.0 | Last price: $203.90
2026-09-18 14:20:55,981 | [SPG] ACTION: No trade.
2026-09-18 14:20:56,001 | [SPGI] trending (ADX 33.3) -> trend-following strategy | Signal: HOLD | Shares held: 0.0 | Last price: $403.08
2026-09-18 14:20:56,001 | [SPGI] ACTION: No trade.
2026-09-18 14:20:56,021 | [SRE] choppy/sideways (ADX 18.7) -> mean-reversion strategy | Signal: HOLD | Shares held: 0.0 | Last price: $81.22
2026-09-18 14:20:56,021 | [SRE] ACTION: No trade.
2026-09-18 14:20:56,042 | [STE] trending (ADX 37.6) -> trend-following strategy | Signal: HOLD | Shares held: 0.0 | Last price: $206.65
2026-09-18 14:20:56,042 | [STE] ACTION: No trade.
2026-09-18 14:20:56,062 | [STLD] trending (ADX 29.3) -> trend-following strategy | Signal: HOLD | Shares held: 0.0 | Last price: $236.91
2026-09-18 14:20:56,062 | [STLD] ACTION: No trade.
2026-09-18 14:20:56,085 | [STT] choppy/sideways (ADX 15.6) -> mean-reversion strategy | Signal: HOLD | Shares held: 0.0 | Last price: $182.85
2026-09-18 14:20:56,085 | [STT] ACTION: No trade.
2026-09-18 14:20:56,105 | [STX] choppy/sideways (ADX 17.8) -> mean-reversion strategy | Signal: HOLD | Shares held: 0.0 | Last price: $825.35
2026-09-18 14:20:56,105 | [STX] ACTION: No trade.
2026-09-18 14:20:56,126 | [STZ] choppy/sideways (ADX 20.7) -> mean-reversion strategy | Signal: HOLD | Shares held: 0.0 | Last price: $120.73
2026-09-18 14:20:56,126 | [STZ] ACTION: No trade.
2026-09-18 14:20:56,146 | [SW] trending (ADX 28.4) -> trend-following strategy | Signal: HOLD | Shares held: 0.0 | Last price: $44.55
2026-09-18 14:20:56,146 | [SW] ACTION: No trade.
2026-09-18 14:20:56,166 | [SWK] choppy/sideways (ADX 17.2) -> mean-reversion strategy | Signal: HOLD | Shares held: 0.0 | Last price: $88.39
2026-09-18 14:20:56,166 | [SWK] ACTION: No trade.
2026-09-18 14:20:56,186 | [SWKS] choppy/sideways (ADX 19.6) -> mean-reversion strategy | Signal: HOLD | Shares held: 0.0 | Last price: $88.84
2026-09-18 14:20:56,186 | [SWKS] ACTION: No trade.
2026-09-18 14:20:56,207 | [SYF] choppy/sideways (ADX 16.5) -> mean-reversion strategy | Signal: HOLD | Shares held: 0.0 | Last price: $74.36
2026-09-18 14:20:56,207 | [SYF] ACTION: No trade.
2026-09-18 14:20:56,227 | [SYK] choppy/sideways (ADX 20.2) -> mean-reversion strategy | Signal: HOLD | Shares held: 0.0 | Last price: $278.32
2026-09-18 14:20:56,227 | [SYK] ACTION: No trade.
2026-09-18 14:20:56,247 | [SYY] choppy/sideways (ADX 21.8) -> mean-reversion strategy | Signal: HOLD | Shares held: 0.0 | Last price: $78.67
2026-09-18 14:20:56,247 | [SYY] ACTION: No trade.
2026-09-18 14:20:56,267 | [T] trending (ADX 48.9) -> trend-following strategy | Signal: HOLD | Shares held: 0.0 | Last price: $25.39
2026-09-18 14:20:56,267 | [T] ACTION: No trade.
2026-09-18 14:20:56,287 | [TAP] trending (ADX 26.3) -> trend-following strategy | Signal: HOLD | Shares held: 0.0 | Last price: $38.01
2026-09-18 14:20:56,287 | [TAP] ACTION: No trade.
2026-09-18 14:20:56,307 | [TDG] choppy/sideways (ADX 11.7) -> mean-reversion strategy | Signal: HOLD | Shares held: 0.0 | Last price: $1089.72
2026-09-18 14:20:56,308 | [TDG] ACTION: No trade.
2026-09-18 14:20:56,328 | [TDY] choppy/sideways (ADX 11.7) -> mean-reversion strategy | Signal: HOLD | Shares held: 0.0 | Last price: $600.42
2026-09-18 14:20:56,328 | [TDY] ACTION: No trade.
2026-09-18 14:20:56,383 | [TECH] trending (ADX 30.8) -> trend-following strategy | Signal: HOLD | Shares held: 0.0 | Last price: $72.39
2026-09-18 14:20:56,383 | [TECH] ACTION: No trade.
2026-09-18 14:20:56,403 | [TEL] trending (ADX 39.2) -> trend-following strategy | Signal: HOLD | Shares held: 0.0 | Last price: $205.40
2026-09-18 14:20:56,403 | [TEL] ACTION: No trade.
2026-09-18 14:20:56,423 | [TER] trending (ADX 32.6) -> trend-following strategy | Signal: HOLD | Shares held: 0.0 | Last price: $359.76
2026-09-18 14:20:56,423 | [TER] ACTION: No trade.
2026-09-18 14:20:56,444 | [TFC] choppy/sideways (ADX 12.7) -> mean-reversion strategy | Signal: HOLD | Shares held: 0.0 | Last price: $48.51
2026-09-18 14:20:56,444 | [TFC] ACTION: No trade.
2026-09-18 14:20:56,464 | [TGT] trending (ADX 25.2) -> trend-following strategy | Signal: HOLD | Shares held: 0.0 | Last price: $157.57
2026-09-18 14:20:56,464 | [TGT] ACTION: No trade.
2026-09-18 14:20:56,484 | [TJX] trending (ADX 34.0) -> trend-following strategy | Signal: HOLD | Shares held: 0.0 | Last price: $127.30
2026-09-18 14:20:56,484 | [TJX] ACTION: No trade.
2026-09-18 14:20:56,504 | [TKO] trending (ADX 30.4) -> trend-following strategy | Signal: HOLD | Shares held: 0.0 | Last price: $187.84
2026-09-18 14:20:56,504 | [TKO] ACTION: No trade.
2026-09-18 14:20:56,524 | [TMO] trending (ADX 32.2) -> trend-following strategy | Signal: HOLD | Shares held: 0.0 | Last price: $656.64
2026-09-18 14:20:56,524 | [TMO] ACTION: No trade.
2026-09-18 14:20:56,544 | [TMUS] trending (ADX 60.3) -> trend-following strategy | Signal: HOLD | Shares held: 0.0 | Last price: $166.00
2026-09-18 14:20:56,545 | [TMUS] ACTION: No trade.
2026-09-18 14:20:56,565 | [TPL] choppy/sideways (ADX 21.1) -> mean-reversion strategy | Signal: HOLD | Shares held: 0.0 | Last price: $352.07
2026-09-18 14:20:56,565 | [TPL] ACTION: No trade.
2026-09-18 14:20:56,585 | [TPR] trending (ADX 29.6) -> trend-following strategy | Signal: HOLD | Shares held: 0.0 | Last price: $114.93
2026-09-18 14:20:56,585 | [TPR] ACTION: No trade.
2026-09-18 14:20:56,605 | [TRGP] choppy/sideways (ADX 15.0) -> mean-reversion strategy | Signal: HOLD | Shares held: 0.0 | Last price: $289.04
2026-09-18 14:20:56,605 | [TRGP] ACTION: No trade.
2026-09-18 14:20:56,625 | [TRMB] choppy/sideways (ADX 15.1) -> mean-reversion strategy | Signal: HOLD | Shares held: 0.0 | Last price: $57.30
2026-09-18 14:20:56,625 | [TRMB] ACTION: No trade.
2026-09-18 14:20:56,645 | [TROW] choppy/sideways (ADX 23.6) -> mean-reversion strategy | Signal: HOLD | Shares held: 0.0 | Last price: $102.65
2026-09-18 14:20:56,645 | [TROW] ACTION: No trade.
2026-09-18 14:20:56,666 | [TRV] choppy/sideways (ADX 13.3) -> mean-reversion strategy | Signal: HOLD | Shares held: 0.0 | Last price: $373.70
2026-09-18 14:20:56,666 | [TRV] ACTION: No trade.
2026-09-18 14:20:56,686 | [TSCO] trending (ADX 29.2) -> trend-following strategy | Signal: HOLD | Shares held: 0.0 | Last price: $32.42
2026-09-18 14:20:56,686 | [TSCO] ACTION: No trade.
2026-09-18 14:20:56,706 | [TSLA] choppy/sideways (ADX 20.4) -> mean-reversion strategy | Signal: HOLD | Shares held: 0.0 | Last price: $361.18
2026-09-18 14:20:56,706 | [TSLA] ACTION: No trade.
2026-09-18 14:20:56,726 | [TSN] choppy/sideways (ADX 17.1) -> mean-reversion strategy | Signal: HOLD | Shares held: 0.0 | Last price: $52.71
2026-09-18 14:20:56,726 | [TSN] ACTION: No trade.
2026-09-18 14:20:56,746 | [TT] choppy/sideways (ADX 23.7) -> mean-reversion strategy | Signal: HOLD | Shares held: 0.0 | Last price: $423.70
2026-09-18 14:20:56,746 | [TT] ACTION: No trade.
2026-09-18 14:20:56,766 | [TTD] choppy/sideways (ADX 24.0) -> mean-reversion strategy | Signal: HOLD | Shares held: 0.0 | Last price: $14.14
2026-09-18 14:20:56,766 | [TTD] ACTION: No trade.
2026-09-18 14:20:56,786 | [TTWO] choppy/sideways (ADX 17.0) -> mean-reversion strategy | Signal: HOLD | Shares held: 0.0 | Last price: $207.73
2026-09-18 14:20:56,786 | [TTWO] ACTION: No trade.
2026-09-18 14:20:56,806 | [TXN] choppy/sideways (ADX 18.2) -> mean-reversion strategy | Signal: HOLD | Shares held: 0.0 | Last price: $262.89
2026-09-18 14:20:56,806 | [TXN] ACTION: No trade.
2026-09-18 14:20:56,827 | [TXT] choppy/sideways (ADX 16.4) -> mean-reversion strategy | Signal: HOLD | Shares held: 0.0 | Last price: $80.62
2026-09-18 14:20:56,827 | [TXT] ACTION: No trade.
2026-09-18 14:20:56,847 | [TYL] trending (ADX 37.5) -> trend-following strategy | Signal: HOLD | Shares held: 0.0 | Last price: $336.42
2026-09-18 14:20:56,847 | [TYL] ACTION: No trade.
2026-09-18 14:20:56,867 | [UAL] choppy/sideways (ADX 24.1) -> mean-reversion strategy | Signal: HOLD | Shares held: 0.0 | Last price: $108.22
2026-09-18 14:20:56,867 | [UAL] ACTION: No trade.
2026-09-18 14:20:56,887 | [UBER] choppy/sideways (ADX 16.6) -> mean-reversion strategy | Signal: HOLD | Shares held: 0.0 | Last price: $70.08
2026-09-18 14:20:56,887 | [UBER] ACTION: No trade.
2026-09-18 14:20:56,908 | [UDR] trending (ADX 39.6) -> trend-following strategy | Signal: HOLD | Shares held: 0.0 | Last price: $34.10
2026-09-18 14:20:56,908 | [UDR] ACTION: No trade.
2026-09-18 14:20:56,928 | [UHS] choppy/sideways (ADX 18.0) -> mean-reversion strategy | Signal: HOLD | Shares held: 0.0 | Last price: $178.88
2026-09-18 14:20:56,928 | [UHS] ACTION: No trade.
2026-09-18 14:20:56,948 | [ULTA] choppy/sideways (ADX 18.0) -> mean-reversion strategy | Signal: HOLD | Shares held: 0.0 | Last price: $540.22
2026-09-18 14:20:56,948 | [ULTA] ACTION: No trade.
2026-09-18 14:20:56,968 | [UNH] choppy/sideways (ADX 23.4) -> mean-reversion strategy | Signal: HOLD | Shares held: 0.0 | Last price: $374.26
2026-09-18 14:20:56,968 | [UNH] ACTION: No trade.
2026-09-18 14:20:56,988 | [UNP] choppy/sideways (ADX 23.6) -> mean-reversion strategy | Signal: HOLD | Shares held: 0.0 | Last price: $280.12
2026-09-18 14:20:56,988 | [UNP] ACTION: No trade.
2026-09-18 14:20:57,008 | [UPS] trending (ADX 26.8) -> trend-following strategy | Signal: HOLD | Shares held: 0.0 | Last price: $99.44
2026-09-18 14:20:57,008 | [UPS] ACTION: No trade.
2026-09-18 14:20:57,028 | [URI] choppy/sideways (ADX 17.5) -> mean-reversion strategy | Signal: HOLD | Shares held: 0.0 | Last price: $995.99
2026-09-18 14:20:57,028 | [URI] ACTION: No trade.
2026-09-18 14:20:57,048 | [USB] choppy/sideways (ADX 15.9) -> mean-reversion strategy | Signal: HOLD | Shares held: 0.0 | Last price: $59.93
2026-09-18 14:20:57,048 | [USB] ACTION: No trade.
2026-09-18 14:20:57,068 | [V] choppy/sideways (ADX 23.6) -> mean-reversion strategy | Signal: HOLD | Shares held: 0.0 | Last price: $368.83
2026-09-18 14:20:57,068 | [V] ACTION: No trade.
2026-09-18 14:20:57,089 | [VEEV] trending (ADX 30.7) -> trend-following strategy | Signal: HOLD | Shares held: 0.0 | Last price: $261.28
2026-09-18 14:20:57,089 | [VEEV] ACTION: No trade.
2026-09-18 14:20:57,109 | [VICI] trending (ADX 51.3) -> trend-following strategy | Signal: HOLD | Shares held: 0.0 | Last price: $23.83
2026-09-18 14:20:57,109 | [VICI] ACTION: No trade.
2026-09-18 14:20:57,129 | [VLO] choppy/sideways (ADX 11.9) -> mean-reversion strategy | Signal: HOLD | Shares held: 0.0 | Last price: $414.44
2026-09-18 14:20:57,129 | [VLO] ACTION: No trade.
2026-09-18 14:20:57,149 | [VLTO] choppy/sideways (ADX 24.2) -> mean-reversion strategy | Signal: HOLD | Shares held: 0.0 | Last price: $94.73
2026-09-18 14:20:57,150 | [VLTO] ACTION: No trade.
2026-09-18 14:20:57,170 | [VMC] choppy/sideways (ADX 20.1) -> mean-reversion strategy | Signal: HOLD | Shares held: 0.0 | Last price: $242.88
2026-09-18 14:20:57,170 | [VMC] ACTION: No trade.
2026-09-18 14:20:57,190 | [VMRK] trending (ADX 35.2) -> trend-following strategy | Signal: HOLD | Shares held: 0.0 | Last price: $62.36
2026-09-18 14:20:57,190 | [VMRK] ACTION: No trade.
2026-09-18 14:20:57,210 | [VRSK] trending (ADX 37.4) -> trend-following strategy | Signal: HOLD | Shares held: 0.0 | Last price: $175.66
2026-09-18 14:20:57,210 | [VRSK] ACTION: No trade.
2026-09-18 14:20:57,230 | [VRSN] choppy/sideways (ADX 9.8) -> mean-reversion strategy | Signal: HOLD | Shares held: 0.0 | Last price: $301.28
2026-09-18 14:20:57,230 | [VRSN] ACTION: No trade.
2026-09-18 14:20:57,250 | [VRT] choppy/sideways (ADX 24.4) -> mean-reversion strategy | Signal: HOLD | Shares held: 0.0 | Last price: $245.19
2026-09-18 14:20:57,250 | [VRT] ACTION: No trade.
2026-09-18 14:20:57,270 | [VRTX] choppy/sideways (ADX 14.0) -> mean-reversion strategy | Signal: HOLD | Shares held: 0.0 | Last price: $509.30
2026-09-18 14:20:57,270 | [VRTX] ACTION: No trade.
2026-09-18 14:20:57,290 | [VST] choppy/sideways (ADX 17.4) -> mean-reversion strategy | Signal: HOLD | Shares held: 0.0 | Last price: $141.70
2026-09-18 14:20:57,291 | [VST] ACTION: No trade.
2026-09-18 14:20:57,310 | [VTR] choppy/sideways (ADX 18.6) -> mean-reversion strategy | Signal: HOLD | Shares held: 0.0 | Last price: $87.03
2026-09-18 14:20:57,311 | [VTR] ACTION: No trade.
2026-09-18 14:20:57,331 | [VTRS] trending (ADX 31.4) -> trend-following strategy | Signal: HOLD | Shares held: 0.0 | Last price: $16.95
2026-09-18 14:20:57,331 | [VTRS] ACTION: No trade.
2026-09-18 14:20:57,351 | [VZ] trending (ADX 62.8) -> trend-following strategy | Signal: HOLD | Shares held: 0.0 | Last price: $47.87
2026-09-18 14:20:57,351 | [VZ] ACTION: No trade.
2026-09-18 14:20:57,371 | [WAB] trending (ADX 25.1) -> trend-following strategy | Signal: SELL | Shares held: 0.0 | Last price: $278.31
2026-09-18 14:20:57,371 | [WAB] ACTION: No trade.
2026-09-18 14:20:57,391 | [WAT] choppy/sideways (ADX 24.6) -> mean-reversion strategy | Signal: HOLD | Shares held: 0.0 | Last price: $425.87
2026-09-18 14:20:57,391 | [WAT] ACTION: No trade.
2026-09-18 14:20:57,411 | [WBD] trending (ADX 28.5) -> trend-following strategy | Signal: HOLD | Shares held: 0.0 | Last price: $27.98
2026-09-18 14:20:57,411 | [WBD] ACTION: No trade.
2026-09-18 14:20:57,431 | [WDAY] trending (ADX 38.0) -> trend-following strategy | Signal: SELL | Shares held: 0.0 | Last price: $194.73
2026-09-18 14:20:57,432 | [WDAY] ACTION: No trade.
2026-09-18 14:20:57,452 | [WDC] choppy/sideways (ADX 19.2) -> mean-reversion strategy | Signal: HOLD | Shares held: 0.0 | Last price: $431.05
2026-09-18 14:20:57,452 | [WDC] ACTION: No trade.
2026-09-18 14:20:57,472 | [WEC] choppy/sideways (ADX 19.5) -> mean-reversion strategy | Signal: HOLD | Shares held: 0.0 | Last price: $103.52
2026-09-18 14:20:57,472 | [WEC] ACTION: No trade.
2026-09-18 14:20:57,492 | [WELL] choppy/sideways (ADX 22.9) -> mean-reversion strategy | Signal: HOLD | Shares held: 0.0 | Last price: $230.26
2026-09-18 14:20:57,492 | [WELL] ACTION: No trade.
2026-09-18 14:20:57,512 | [WFC] choppy/sideways (ADX 14.9) -> mean-reversion strategy | Signal: HOLD | Shares held: 0.0 | Last price: $86.60
2026-09-18 14:20:57,512 | [WFC] ACTION: No trade.
2026-09-18 14:20:57,532 | [WM] trending (ADX 33.6) -> trend-following strategy | Signal: HOLD | Shares held: 0.0 | Last price: $212.29
2026-09-18 14:20:57,533 | [WM] ACTION: No trade.
2026-09-18 14:20:57,553 | [WMB] choppy/sideways (ADX 18.7) -> mean-reversion strategy | Signal: HOLD | Shares held: 0.0 | Last price: $72.18
2026-09-18 14:20:57,553 | [WMB] ACTION: No trade.
2026-09-18 14:20:57,573 | [WMT] trending (ADX 30.3) -> trend-following strategy | Signal: HOLD | Shares held: 0.0 | Last price: $107.38
2026-09-18 14:20:57,573 | [WMT] ACTION: No trade.
2026-09-18 14:20:57,593 | [WRB] choppy/sideways (ADX 20.3) -> mean-reversion strategy | Signal: HOLD | Shares held: 0.0 | Last price: $69.56
2026-09-18 14:20:57,593 | [WRB] ACTION: No trade.
2026-09-18 14:20:57,613 | [WSM] choppy/sideways (ADX 14.6) -> mean-reversion strategy | Signal: HOLD | Shares held: 0.0 | Last price: $220.95
2026-09-18 14:20:57,614 | [WSM] ACTION: No trade.
2026-09-18 14:20:57,634 | [WST] trending (ADX 27.5) -> trend-following strategy | Signal: HOLD | Shares held: 0.0 | Last price: $361.82
2026-09-18 14:20:57,634 | [WST] ACTION: No trade.
2026-09-18 14:20:57,654 | [WTW] choppy/sideways (ADX 24.2) -> mean-reversion strategy | Signal: HOLD | Shares held: 0.0 | Last price: $308.93
2026-09-18 14:20:57,654 | [WTW] ACTION: No trade.
2026-09-18 14:20:57,674 | [WY] choppy/sideways (ADX 23.4) -> mean-reversion strategy | Signal: BUY | Shares held: 0.0 | Last price: $21.38
2026-09-18 14:20:57,674 | [WY] ACTION: No trade (mean_reversion opening-range blackout -- within 45 min of the open, backtest-confirmed across two independent windows regardless of S&P 500 membership).
2026-09-18 14:20:57,694 | [WYNN] trending (ADX 39.3) -> trend-following strategy | Signal: HOLD | Shares held: 0.0 | Last price: $82.52
2026-09-18 14:20:57,694 | [WYNN] ACTION: No trade.
2026-09-18 14:20:57,714 | [XEL] trending (ADX 28.1) -> trend-following strategy | Signal: HOLD | Shares held: 0.0 | Last price: $72.67
2026-09-18 14:20:57,714 | [XEL] ACTION: No trade.
2026-09-18 14:20:57,735 | [XOM] trending (ADX 25.9) -> trend-following strategy | Signal: SELL | Shares held: 0.0 | Last price: $162.63
2026-09-18 14:20:57,735 | [XOM] ACTION: No trade.
2026-09-18 14:20:57,755 | [XYL] choppy/sideways (ADX 15.0) -> mean-reversion strategy | Signal: HOLD | Shares held: 0.0 | Last price: $107.41
2026-09-18 14:20:57,755 | [XYL] ACTION: No trade.
2026-09-18 14:20:57,775 | [XYZ] choppy/sideways (ADX 14.7) -> mean-reversion strategy | Signal: HOLD | Shares held: 0.0 | Last price: $75.92
2026-09-18 14:20:57,775 | [XYZ] ACTION: No trade.
2026-09-18 14:20:57,795 | [YUM] choppy/sideways (ADX 23.3) -> mean-reversion strategy | Signal: HOLD | Shares held: 0.0 | Last price: $134.42
2026-09-18 14:20:57,795 | [YUM] ACTION: No trade.
2026-09-18 14:20:57,815 | [ZBH] trending (ADX 41.2) -> trend-following strategy | Signal: HOLD | Shares held: 0.0 | Last price: $94.61
2026-09-18 14:20:57,815 | [ZBH] ACTION: No trade.
2026-09-18 14:20:57,835 | [ZBRA] choppy/sideways (ADX 17.1) -> mean-reversion strategy | Signal: HOLD | Shares held: 0.0 | Last price: $343.71
2026-09-18 14:20:57,835 | [ZBRA] ACTION: No trade.
2026-09-18 14:20:57,855 | [ZTS] choppy/sideways (ADX 19.6) -> mean-reversion strategy | Signal: HOLD | Shares held: 0.0 | Last price: $72.52
2026-09-18 14:20:57,855 | [ZTS] ACTION: No trade.
2026-09-18 14:35:58,318 | SCANNER: refreshing watchlist...
2026-09-18 14:35:58,606 | SCANNER: excluded 8 leveraged/inverse ETF(s) from 9 candidate(s).
2026-09-18 14:35:58,843 | SCANNER: 1 candidate(s) passed price/extension filters but none met the $10,000,000 average dollar-volume bar.
2026-09-18 14:36:18,503 | S&P 500 liquidity backstop -> NVDA, MU, SNDK, TSLA, AAPL, META, AMD, INTC, MSFT, AVGO, GOOGL, AMZN, GOOG, DELL, ORCL, PLTR, LITE, MRVL, CRWD, TMO, STX, JPM, GS, CRM, PANW, WDC, BAC, GEV, HOOD, V, AMAT, LRCX, BRK.B, LLY, COIN, NFLX, COST, XOM, QCOM, CAT, WMT, TXN, JNJ, CVX, MS, C, ABBV, MA, GE, COHR, CSCO, VLO, FANG, PG, TJX, BA, UNH, NOW, MPC, MRK, MRNA, AMGN, WFC, DHR, AON, HD, HONA, APP, ADI, AZO, VRT, IBM, KLAC, ETN, SMCI, GLW, GILD, SCHW, MDT, DE, KO, HPE, LIN, SYK, PEP, COF, MCK, AXP, MCD, NEE, ABT, HON, BKNG, DIS, TMUS, ANET, NXPI, VZ, CMI, ADBE, ISRG, COP, PSX, ADP, HWM, UBER, PM, BNY, ACN, INTU, BLK, NKE, SWKS, RTX, HCA, MPWR, UNP, CIEN, EQIX, HBAN, ON, ELV, TER, T, BSX, USB, HLT, EXPE, TRV, MMM, SHW, DDOG, WMB, PGR, PH, WELL, BMY, AXON, SPGI, ORLY, MAR, TT, FTNT, TDG, EBAY, ROST, DASH, LOW, MSI, APH, SLB, JCI, PNC, MRSH, URI, TGT, XEL, KR, KVUE, SO, CDNS, CB, SBUX, IQV, GM, ACGL, REGN, CEG, CAH, SNPS, SYY, AMT, MLM, VMRK, CL, CTVA, AEP, ADSK, TEL, EOG, PLD, CSX, VRTX, KEYS, CRH, KEY, RVTY, PFE, CVS, WDAY, NEM, ICE, JBHT, ABNB, PWR, DUK, MCHP, FCX, NOC, CME, IR, WM, BKR, CARR, CTAS, CMCSA, GNRC, RSG, ALL, WBD, TFC, MTD, BDX, OTIS, DLTR, GD, LMT, STT, DLR, FERG, AMP, GWW, RDDT, MDLZ, APO, MSCI, AME, DHI, OKE, AJG, APD, KMB, CASY, DVN, EW, ROK, LHX, KMI, EMR, MO, KKR, HUM, MNST, NSC, A, COR, PCAR, RCL, ETR, CNP, MTB, BX, DG, LYV, ODFL, NTAP, ECL, FIX, DXCM, VST, VEEV, AIG, BBY, YUM, CTSH, CI, ITW, CRL, TTWO, LEN, MCO, HPQ, FDX, CFG, F, OXY, FITB, WAT, WSM, CBRE, ROP, FOXA, PAYX, MET, DGX, TRGP, UPS, TPR, FSLR, DRI, AKAM, CCI, SRE, WEC, CMG, CHTR, ADM, NUE, SPG, RMD, HAL, DOV, PSA, KDP, FAST, ULTA, VMC, EME, NRG, DAL, PYPL, EQT, IDXX, DTE, CNC, FFIV, XYL, VTR, UAL, ZBH, IBKR, EXE, CVNA, CBOE, AWK, O, LULU, WRB, TECH, PEG, AFL, WST, KHC, STLD, FLEX, NDAQ, HSY, GRMN, STZ, IT, D, ZTS, HIG, RF, BG, FDS, LYB, TSCO, EXC, JKHY, HUBB, PCG, LH, SW, JBL, IP, GEHC, EXR, EFX, VRSK, FICO, NVR, CHRW, SYF, PODD, CCL, APA, WAB, ECHO, EIX, TYL, FISV, FDXF, COO, ARES, GIS, DOW, RJF, RL, CF, DECK, ED, ATO, CMS, DPZ, ROL, XYZ, PTC, ALB, LUV, NTRS, TKO, VRSN, EXPD, EL, GPN, EVRG, CHD, AEE, IRM, HST, PPG, ZBRA, CPRT, CDW, INCY, MAS, PFG, OMC, TROW, PRU, ALLE, LII, PPL, NI, STE, FE, Q, DVA, FIS, LVS, GEN, TDY, TSN, PHM, DD, CLX, BRO, SBAC, BLDR, UDR, GDDY, INVH, BIIB, SJM, ES, UHS, BR, TXT, CSGP, LDOS, BAX, MOS, FTV, EG, APTV, SWK, IFF, MKC, CPAY, AMCR, PNR, WY, GPC, MAA, VICI, LNT, AVY, ALGN, TAP, KIM, TPL, PSKY, PKG, WTW, TRMB, TTD, HSIC, IVZ, VLTO, CINF, L, NCLH, HII, BALL, ESS, SNA, AIZ, NDSN, ARE, WYNN, HAS, IEX, VTRS, AES, NWSA, REG, CPT, DOC, J
2026-09-18 14:36:18,505 | SCANNER: new watchlist -> NVDA, MU, SNDK, TSLA, AAPL, META, AMD, INTC, MSFT, AVGO, GOOGL, AMZN, GOOG, DELL, ORCL, PLTR, LITE, MRVL, CRWD, TMO, STX, JPM, GS, CRM, PANW, WDC, BAC, GEV, HOOD, V, AMAT, LRCX, BRK.B, LLY, COIN, NFLX, COST, XOM, QCOM, CAT, WMT, TXN, JNJ, CVX, MS, C, ABBV, MA, GE, COHR, CSCO, VLO, FANG, PG, TJX, BA, UNH, NOW, MPC, MRK, MRNA, AMGN, WFC, DHR, AON, HD, HONA, APP, ADI, AZO, VRT, IBM, KLAC, ETN, SMCI, GLW, GILD, SCHW, MDT, DE, KO, HPE, LIN, SYK, PEP, COF, MCK, AXP, MCD, NEE, ABT, HON, BKNG, DIS, TMUS, ANET, NXPI, VZ, CMI, ADBE, ISRG, COP, PSX, ADP, HWM, UBER, PM, BNY, ACN, INTU, BLK, NKE, SWKS, RTX, HCA, MPWR, UNP, CIEN, EQIX, HBAN, ON, ELV, TER, T, BSX, USB, HLT, EXPE, TRV, MMM, SHW, DDOG, WMB, PGR, PH, WELL, BMY, AXON, SPGI, ORLY, MAR, TT, FTNT, TDG, EBAY, ROST, DASH, LOW, MSI, APH, SLB, JCI, PNC, MRSH, URI, TGT, XEL, KR, KVUE, SO, CDNS, CB, SBUX, IQV, GM, ACGL, REGN, CEG, CAH, SNPS, SYY, AMT, MLM, VMRK, CL, CTVA, AEP, ADSK, TEL, EOG, PLD, CSX, VRTX, KEYS, CRH, KEY, RVTY, PFE, CVS, WDAY, NEM, ICE, JBHT, ABNB, PWR, DUK, MCHP, FCX, NOC, CME, IR, WM, BKR, CARR, CTAS, CMCSA, GNRC, RSG, ALL, WBD, TFC, MTD, BDX, OTIS, DLTR, GD, LMT, STT, DLR, FERG, AMP, GWW, RDDT, MDLZ, APO, MSCI, AME, DHI, OKE, AJG, APD, KMB, CASY, DVN, EW, ROK, LHX, KMI, EMR, MO, KKR, HUM, MNST, NSC, A, COR, PCAR, RCL, ETR, CNP, MTB, BX, DG, LYV, ODFL, NTAP, ECL, FIX, DXCM, VST, VEEV, AIG, BBY, YUM, CTSH, CI, ITW, CRL, TTWO, LEN, MCO, HPQ, FDX, CFG, F, OXY, FITB, WAT, WSM, CBRE, ROP, FOXA, PAYX, MET, DGX, TRGP, UPS, TPR, FSLR, DRI, AKAM, CCI, SRE, WEC, CMG, CHTR, ADM, NUE, SPG, RMD, HAL, DOV, PSA, KDP, FAST, ULTA, VMC, EME, NRG, DAL, PYPL, EQT, IDXX, DTE, CNC, FFIV, XYL, VTR, UAL, ZBH, IBKR, EXE, CVNA, CBOE, AWK, O, LULU, WRB, TECH, PEG, AFL, WST, KHC, STLD, FLEX, NDAQ, HSY, GRMN, STZ, IT, D, ZTS, HIG, RF, BG, FDS, LYB, TSCO, EXC, JKHY, HUBB, PCG, LH, SW, JBL, IP, GEHC, EXR, EFX, VRSK, FICO, NVR, CHRW, SYF, PODD, CCL, APA, WAB, ECHO, EIX, TYL, FISV, FDXF, COO, ARES, GIS, DOW, RJF, RL, CF, DECK, ED, ATO, CMS, DPZ, ROL, XYZ, PTC, ALB, LUV, NTRS, TKO, VRSN, EXPD, EL, GPN, EVRG, CHD, AEE, IRM, HST, PPG, ZBRA, CPRT, CDW, INCY, MAS, PFG, OMC, TROW, PRU, ALLE, LII, PPL, NI, STE, FE, Q, DVA, FIS, LVS, GEN, TDY, TSN, PHM, DD, CLX, BRO, SBAC, BLDR, UDR, GDDY, INVH, BIIB, SJM, ES, UHS, BR, TXT, CSGP, LDOS, BAX, MOS, FTV, EG, APTV, SWK, IFF, MKC, CPAY, AMCR, PNR, WY, GPC, MAA, VICI, LNT, AVY, ALGN, TAP, KIM, TPL, PSKY, PKG, WTW, TRMB, TTD, HSIC, IVZ, VLTO, CINF, L, NCLH, HII, BALL, ESS, SNA, AIZ, NDSN, ARE, WYNN, HAS, IEX, VTRS, AES, NWSA, REG, CPT, DOC, J
2026-09-18 14:36:18,602 | Market is open (closes 2026-09-18 22:00:00 CEST your local time). Checking 490 symbols: A, AAPL, ABBV, ABNB, ABT, ACGL, ACN, ADBE, ADI, ADM, ADP, ADSK, AEE, AEP, AES, AFL, AIG, AIZ, AJG, AKAM, ALB, ALGN, ALL, ALLE, AMAT, AMCR, AMD, AME, AMGN, AMP, AMT, AMZN, ANET, AON, APA, APD, APH, APO, APP, APTV, ARE, ARES, ATO, AVGO, AVY, AWK, AXON, AXP, AZO, BA, BAC, BALL, BAX, BBY, BDX, BG, BIIB, BKNG, BKR, BLDR, BLK, BMY, BNY, BR, BRK.B, BRO, BSX, BX, C, CAH, CARR, CASY, CAT, CB, CBOE, CBRE, CCI, CCL, CDNS, CDW, CEG, CF, CFG, CHD, CHRW, CHTR, CI, CIEN, CINF, CL, CLX, CMCSA, CME, CMG, CMI, CMS, CNC, CNP, COF, COHR, COIN, COO, COP, COR, COST, CPAY, CPRT, CPT, CRH, CRL, CRM, CRWD, CSCO, CSGP, CSX, CTAS, CTSH, CTVA, CVNA, CVS, CVX, D, DAL, DASH, DD, DDOG, DE, DECK, DELL, DG, DGX, DHI, DHR, DIS, DLR, DLTR, DOC, DOV, DOW, DPZ, DRI, DTE, DUK, DVA, DVN, DXCM, EBAY, ECHO, ECL, ED, EFX, EG, EIX, EL, ELV, EME, EMR, EOG, EQIX, EQT, ES, ESS, ETN, ETR, EVRG, EW, EXC, EXE, EXPD, EXPE, EXR, F, FANG, FAST, FCX, FDS, FDX, FDXF, FE, FERG, FFIV, FICO, FIS, FISV, FITB, FIX, FLEX, FOXA, FSLR, FTNT, FTV, GD, GDDY, GE, GEHC, GEN, GEV, GILD, GIS, GLW, GM, GNRC, GOOG, GOOGL, GPC, GPN, GRMN, GS, GWW, HAL, HAS, HBAN, HCA, HD, HIG, HII, HLT, HON, HONA, HOOD, HPE, HPQ, HSIC, HST, HSY, HUBB, HUM, HWM, IBKR, IBM, ICE, IDXX, IEX, IFF, INCY, INTC, INTU, INVH, IP, IQV, IR, IRM, ISRG, IT, ITW, IVZ, J, JBHT, JBL, JCI, JKHY, JNJ, JPM, KDP, KEY, KEYS, KHC, KIM, KKR, KLAC, KMB, KMI, KO, KR, KVUE, L, LDOS, LEN, LH, LHX, LII, LIN, LITE, LLY, LMT, LNT, LOW, LRCX, LULU, LUV, LVS, LYB, LYV, MA, MAA, MAR, MAS, MCD, MCHP, MCK, MCO, MDLZ, MDT, MET, META, MKC, MLM, MMM, MNST, MO, MOS, MPC, MPWR, MRK, MRNA, MRSH, MRVL, MS, MSCI, MSFT, MSI, MTB, MTD, MU, NCLH, NDAQ, NDSN, NEE, NEM, NFLX, NI, NKE, NOC, NOW, NRG, NSC, NTAP, NTRS, NUE, NVDA, NVR, NWSA, NXPI, O, ODFL, OKE, OMC, ON, ORCL, ORLY, OTIS, OXY, PANW, PAYX, PCAR, PCG, PEG, PEP, PFE, PFG, PG, PGR, PH, PHM, PKG, PLD, PLTR, PM, PNC, PNR, PODD, PPG, PPL, PRU, PSA, PSKY, PSX, PTC, PWR, PYPL, Q, QCOM, RCL, RDDT, REG, REGN, RF, RJF, RL, RMD, ROK, ROL, ROP, ROST, RSG, RTX, RVTY, SBAC, SBUX, SCHW, SHW, SJM, SLB, SMCI, SNA, SNDK, SNPS, SO, SPG, SPGI, SRE, STE, STLD, STT, STX, STZ, SW, SWK, SWKS, SYF, SYK, SYY, T, TAP, TDG, TDY, TECH, TEL, TER, TFC, TGT, TJX, TKO, TMO, TMUS, TPL, TPR, TRGP, TRMB, TROW, TRV, TSCO, TSLA, TSN, TT, TTD, TTWO, TXN, TXT, TYL, UAL, UBER, UDR, UHS, ULTA, UNH, UNP, UPS, URI, USB, V, VEEV, VICI, VLO, VLTO, VMC, VMRK, VRSK, VRSN, VRT, VRTX, VST, VTR, VTRS, VZ, WAB, WAT, WBD, WDAY, WDC, WEC, WELL, WFC, WM, WMB, WMT, WRB, WSM, WST, WTW, WY, WYNN, XEL, XOM, XYL, XYZ, YUM, ZBH, ZBRA, ZTS
2026-09-18 14:36:47,443 | [A] trending (ADX 28.7) -> trend-following strategy | Signal: HOLD | Shares held: 0.0 | Last price: $156.38
2026-09-18 14:36:47,443 | [A] ACTION: No trade.
2026-09-18 14:36:47,464 | [AAPL] trending (ADX 30.3) -> trend-following strategy | Signal: SELL | Shares held: 0.0 | Last price: $333.50
2026-09-18 14:36:47,464 | [AAPL] ACTION: No trade.
2026-09-18 14:36:47,484 | [ABBV] trending (ADX 26.0) -> trend-following strategy | Signal: HOLD | Shares held: 0.0 | Last price: $264.46
2026-09-18 14:36:47,484 | [ABBV] ACTION: No trade.
2026-09-18 14:36:47,504 | [ABNB] trending (ADX 31.6) -> trend-following strategy | Signal: HOLD | Shares held: 0.0 | Last price: $165.29
2026-09-18 14:36:47,504 | [ABNB] ACTION: No trade.
2026-09-18 14:36:47,524 | [ABT] choppy/sideways (ADX 24.6) -> mean-reversion strategy | Signal: HOLD | Shares held: 0.0 | Last price: $102.54
2026-09-18 14:36:47,524 | [ABT] ACTION: No trade.
2026-09-18 14:36:47,545 | [ACGL] choppy/sideways (ADX 11.3) -> mean-reversion strategy | Signal: HOLD | Shares held: 0.0 | Last price: $96.24
2026-09-18 14:36:47,545 | [ACGL] ACTION: No trade.
2026-09-18 14:36:47,565 | [ACN] trending (ADX 29.2) -> trend-following strategy | Signal: HOLD | Shares held: 0.0 | Last price: $184.12
2026-09-18 14:36:47,565 | [ACN] ACTION: No trade.
2026-09-18 14:36:47,585 | [ADBE] choppy/sideways (ADX 21.9) -> mean-reversion strategy | Signal: HOLD | Shares held: 0.0 | Last price: $249.32
2026-09-18 14:36:47,585 | [ADBE] ACTION: No trade.
2026-09-18 14:36:47,604 | [ADI] choppy/sideways (ADX 20.8) -> mean-reversion strategy | Signal: HOLD | Shares held: 0.0 | Last price: $369.82
2026-09-18 14:36:47,604 | [ADI] ACTION: No trade.
2026-09-18 14:36:47,624 | [ADM] trending (ADX 30.5) -> trend-following strategy | Signal: HOLD | Shares held: 0.0 | Last price: $86.07
2026-09-18 14:36:47,625 | [ADM] ACTION: No trade.
2026-09-18 14:36:47,644 | [ADP] trending (ADX 38.8) -> trend-following strategy | Signal: HOLD | Shares held: 0.0 | Last price: $270.62
2026-09-18 14:36:47,645 | [ADP] ACTION: No trade.
2026-09-18 14:36:47,665 | [ADSK] choppy/sideways (ADX 23.9) -> mean-reversion strategy | Signal: HOLD | Shares held: 0.0 | Last price: $216.66
2026-09-18 14:36:47,665 | [ADSK] ACTION: No trade.
2026-09-18 14:36:47,685 | [AEE] choppy/sideways (ADX 16.7) -> mean-reversion strategy | Signal: HOLD | Shares held: 0.0 | Last price: $102.83
2026-09-18 14:36:47,685 | [AEE] ACTION: No trade.
2026-09-18 14:36:47,705 | [AEP] choppy/sideways (ADX 20.5) -> mean-reversion strategy | Signal: HOLD | Shares held: 0.0 | Last price: $120.31
2026-09-18 14:36:47,705 | [AEP] ACTION: No trade.
2026-09-18 14:36:47,725 | [AES] trending (ADX 53.7) -> trend-following strategy | Signal: HOLD | Shares held: 0.0 | Last price: $14.85
2026-09-18 14:36:47,725 | [AES] ACTION: No trade.
2026-09-18 14:36:47,745 | [AFL] trending (ADX 27.8) -> trend-following strategy | Signal: HOLD | Shares held: 0.0 | Last price: $116.06
2026-09-18 14:36:47,745 | [AFL] ACTION: No trade.
2026-09-18 14:36:47,765 | [AIG] choppy/sideways (ADX 11.2) -> mean-reversion strategy | Signal: HOLD | Shares held: 0.0 | Last price: $75.55
2026-09-18 14:36:47,766 | [AIG] ACTION: No trade.
2026-09-18 14:36:47,786 | [AIZ] trending (ADX 27.0) -> trend-following strategy | Signal: HOLD | Shares held: 0.0 | Last price: $281.76
2026-09-18 14:36:47,786 | [AIZ] ACTION: No trade.
2026-09-18 14:36:47,806 | [AJG] choppy/sideways (ADX 21.3) -> mean-reversion strategy | Signal: HOLD | Shares held: 0.0 | Last price: $240.87
2026-09-18 14:36:47,806 | [AJG] ACTION: No trade.
2026-09-18 14:36:47,826 | [AKAM] choppy/sideways (ADX 23.9) -> mean-reversion strategy | Signal: HOLD | Shares held: 0.0 | Last price: $103.56
2026-09-18 14:36:47,826 | [AKAM] ACTION: No trade.
2026-09-18 14:36:47,846 | [ALB] trending (ADX 39.1) -> trend-following strategy | Signal: HOLD | Shares held: 0.0 | Last price: $111.10
2026-09-18 14:36:47,846 | [ALB] ACTION: No trade.
2026-09-18 14:36:47,866 | [ALGN] trending (ADX 27.7) -> trend-following strategy | Signal: HOLD | Shares held: 0.0 | Last price: $148.51
2026-09-18 14:36:47,866 | [ALGN] ACTION: No trade.
2026-09-18 14:36:47,886 | [ALL] trending (ADX 38.6) -> trend-following strategy | Signal: HOLD | Shares held: 0.0 | Last price: $249.63
2026-09-18 14:36:47,886 | [ALL] ACTION: No trade.
2026-09-18 14:36:47,908 | [ALLE] choppy/sideways (ADX 24.3) -> mean-reversion strategy | Signal: HOLD | Shares held: 0.0 | Last price: $151.83
2026-09-18 14:36:47,908 | [ALLE] ACTION: No trade.
2026-09-18 14:36:47,929 | [AMAT] trending (ADX 30.2) -> trend-following strategy | Signal: HOLD | Shares held: 0.0 | Last price: $431.65
2026-09-18 14:36:47,929 | [AMAT] ACTION: No trade.
2026-09-18 14:36:47,950 | [AMCR] choppy/sideways (ADX 23.2) -> mean-reversion strategy | Signal: HOLD | Shares held: 0.0 | Last price: $42.21
2026-09-18 14:36:47,950 | [AMCR] ACTION: No trade.
2026-09-18 14:36:47,972 | [AMD] trending (ADX 42.6) -> trend-following strategy | Signal: HOLD | Shares held: 0.0 | Last price: $548.33
2026-09-18 14:36:47,972 | [AMD] ACTION: No trade.
2026-09-18 14:36:47,993 | [AME] choppy/sideways (ADX 16.0) -> mean-reversion strategy | Signal: HOLD | Shares held: 0.0 | Last price: $236.05
2026-09-18 14:36:47,993 | [AME] ACTION: No trade.
2026-09-18 14:36:48,013 | [AMGN] trending (ADX 25.9) -> trend-following strategy | Signal: HOLD | Shares held: 0.0 | Last price: $381.52
2026-09-18 14:36:48,013 | [AMGN] ACTION: No trade.
2026-09-18 14:36:48,034 | [AMP] choppy/sideways (ADX 18.4) -> mean-reversion strategy | Signal: HOLD | Shares held: 0.0 | Last price: $541.54
2026-09-18 14:36:48,034 | [AMP] ACTION: No trade.
2026-09-18 14:36:48,055 | [AMT] trending (ADX 37.2) -> trend-following strategy | Signal: HOLD | Shares held: 0.0 | Last price: $173.39
2026-09-18 14:36:48,055 | [AMT] ACTION: No trade.
2026-09-18 14:36:48,075 | [AMZN] trending (ADX 30.0) -> trend-following strategy | Signal: HOLD | Shares held: 0.0 | Last price: $252.65
2026-09-18 14:36:48,075 | [AMZN] ACTION: No trade.
2026-09-18 14:36:48,095 | [ANET] choppy/sideways (ADX 16.1) -> mean-reversion strategy | Signal: HOLD | Shares held: 0.0 | Last price: $198.44
2026-09-18 14:36:48,095 | [ANET] ACTION: No trade.
2026-09-18 14:36:48,115 | [AON] choppy/sideways (ADX 22.7) -> mean-reversion strategy | Signal: HOLD | Shares held: 0.0 | Last price: $295.62
2026-09-18 14:36:48,115 | [AON] ACTION: No trade.
2026-09-18 14:36:48,136 | [APA] choppy/sideways (ADX 19.6) -> mean-reversion strategy | Signal: HOLD | Shares held: 0.0 | Last price: $44.96
2026-09-18 14:36:48,136 | [APA] ACTION: No trade.
2026-09-18 14:36:48,156 | [APD] choppy/sideways (ADX 20.7) -> mean-reversion strategy | Signal: HOLD | Shares held: 0.0 | Last price: $281.42
2026-09-18 14:36:48,156 | [APD] ACTION: No trade.
2026-09-18 14:36:48,176 | [APH] trending (ADX 33.0) -> trend-following strategy | Signal: HOLD | Shares held: 0.0 | Last price: $78.83
2026-09-18 14:36:48,176 | [APH] ACTION: No trade.
2026-09-18 14:36:48,197 | [APO] choppy/sideways (ADX 22.6) -> mean-reversion strategy | Signal: HOLD | Shares held: 0.0 | Last price: $125.40
2026-09-18 14:36:48,197 | [APO] ACTION: No trade.
2026-09-18 14:36:48,217 | [APP] choppy/sideways (ADX 19.2) -> mean-reversion strategy | Signal: HOLD | Shares held: 0.0 | Last price: $315.69
2026-09-18 14:36:48,217 | [APP] ACTION: No trade.
2026-09-18 14:36:48,237 | [APTV] choppy/sideways (ADX 22.8) -> mean-reversion strategy | Signal: HOLD | Shares held: 0.0 | Last price: $43.33
2026-09-18 14:36:48,237 | [APTV] ACTION: No trade.
2026-09-18 14:36:48,257 | [ARE] trending (ADX 34.8) -> trend-following strategy | Signal: HOLD | Shares held: 0.0 | Last price: $56.08
2026-09-18 14:36:48,258 | [ARE] ACTION: No trade.
2026-09-18 14:36:48,278 | [ARES] choppy/sideways (ADX 24.4) -> mean-reversion strategy | Signal: HOLD | Shares held: 0.0 | Last price: $124.12
2026-09-18 14:36:48,279 | [ARES] ACTION: No trade.
2026-09-18 14:36:48,300 | [ATO] trending (ADX 26.4) -> trend-following strategy | Signal: HOLD | Shares held: 0.0 | Last price: $160.50
2026-09-18 14:36:48,300 | [ATO] ACTION: No trade.
2026-09-18 14:36:48,320 | [AVGO] trending (ADX 45.0) -> trend-following strategy | Signal: HOLD | Shares held: 0.0 | Last price: $358.75
2026-09-18 14:36:48,321 | [AVGO] ACTION: No trade.
2026-09-18 14:36:48,343 | [AVY] trending (ADX 26.4) -> trend-following strategy | Signal: HOLD | Shares held: 0.0 | Last price: $169.54
2026-09-18 14:36:48,343 | [AVY] ACTION: No trade.
2026-09-18 14:36:48,363 | [AWK] trending (ADX 27.6) -> trend-following strategy | Signal: HOLD | Shares held: 0.0 | Last price: $135.71
2026-09-18 14:36:48,364 | [AWK] ACTION: No trade.
2026-09-18 14:36:48,384 | [AXON] choppy/sideways (ADX 18.6) -> mean-reversion strategy | Signal: HOLD | Shares held: 0.0 | Last price: $451.66
2026-09-18 14:36:48,384 | [AXON] ACTION: No trade.
2026-09-18 14:36:48,404 | [AXP] trending (ADX 28.9) -> trend-following strategy | Signal: HOLD | Shares held: 0.0 | Last price: $310.21
2026-09-18 14:36:48,404 | [AXP] ACTION: No trade.
2026-09-18 14:36:48,424 | [AZO] trending (ADX 26.1) -> trend-following strategy | Signal: HOLD | Shares held: 0.0 | Last price: $2831.89
2026-09-18 14:36:48,424 | [AZO] ACTION: No trade.
2026-09-18 14:36:48,444 | [BA] trending (ADX 34.2) -> trend-following strategy | Signal: HOLD | Shares held: 0.0 | Last price: $196.28
2026-09-18 14:36:48,444 | [BA] ACTION: No trade.
2026-09-18 14:36:48,465 | [BAC] choppy/sideways (ADX 14.2) -> mean-reversion strategy | Signal: HOLD | Shares held: 0.0 | Last price: $58.13
2026-09-18 14:36:48,465 | [BAC] ACTION: No trade.
2026-09-18 14:36:48,485 | [BALL] choppy/sideways (ADX 8.7) -> mean-reversion strategy | Signal: HOLD | Shares held: 0.0 | Last price: $60.66
2026-09-18 14:36:48,485 | [BALL] ACTION: No trade.
2026-09-18 14:36:48,505 | [BAX] choppy/sideways (ADX 21.4) -> mean-reversion strategy | Signal: HOLD | Shares held: 0.0 | Last price: $22.86
2026-09-18 14:36:48,506 | [BAX] ACTION: No trade.
2026-09-18 14:36:48,526 | [BBY] choppy/sideways (ADX 17.7) -> mean-reversion strategy | Signal: HOLD | Shares held: 0.0 | Last price: $94.21
2026-09-18 14:36:48,526 | [BBY] ACTION: No trade.
2026-09-18 14:36:48,546 | [BDX] trending (ADX 36.6) -> trend-following strategy | Signal: HOLD | Shares held: 0.0 | Last price: $180.73
2026-09-18 14:36:48,546 | [BDX] ACTION: No trade.
2026-09-18 14:36:48,567 | [BG] choppy/sideways (ADX 22.4) -> mean-reversion strategy | Signal: HOLD | Shares held: 0.0 | Last price: $117.44
2026-09-18 14:36:48,567 | [BG] ACTION: No trade.
2026-09-18 14:36:48,587 | [BIIB] trending (ADX 25.3) -> trend-following strategy | Signal: HOLD | Shares held: 0.0 | Last price: $218.49
2026-09-18 14:36:48,587 | [BIIB] ACTION: No trade.
2026-09-18 14:36:48,607 | [BKNG] trending (ADX 29.6) -> trend-following strategy | Signal: HOLD | Shares held: 0.0 | Last price: $168.48
2026-09-18 14:36:48,607 | [BKNG] ACTION: No trade.
2026-09-18 14:36:48,627 | [BKR] choppy/sideways (ADX 12.5) -> mean-reversion strategy | Signal: HOLD | Shares held: 0.0 | Last price: $56.56
2026-09-18 14:36:48,628 | [BKR] ACTION: No trade.
2026-09-18 14:36:48,648 | [BLDR] choppy/sideways (ADX 18.1) -> mean-reversion strategy | Signal: HOLD | Shares held: 0.0 | Last price: $57.02
2026-09-18 14:36:48,648 | [BLDR] ACTION: No trade.
2026-09-18 14:36:48,668 | [BLK] choppy/sideways (ADX 22.8) -> mean-reversion strategy | Signal: HOLD | Shares held: 0.0 | Last price: $1048.50
2026-09-18 14:36:48,668 | [BLK] ACTION: No trade.
2026-09-18 14:36:48,688 | [BMY] trending (ADX 29.3) -> trend-following strategy | Signal: HOLD | Shares held: 0.0 | Last price: $62.59
2026-09-18 14:36:48,688 | [BMY] ACTION: No trade.
2026-09-18 14:36:48,709 | [BNY] choppy/sideways (ADX 17.8) -> mean-reversion strategy | Signal: HOLD | Shares held: 0.0 | Last price: $152.72
2026-09-18 14:36:48,709 | [BNY] ACTION: No trade.
2026-09-18 14:36:48,729 | [BR] trending (ADX 56.2) -> trend-following strategy | Signal: HOLD | Shares held: 0.0 | Last price: $163.99
2026-09-18 14:36:48,729 | [BR] ACTION: No trade.
2026-09-18 14:36:48,749 | [BRK.B] trending (ADX 41.1) -> trend-following strategy | Signal: HOLD | Shares held: 0.0 | Last price: $506.94
2026-09-18 14:36:48,750 | [BRK.B] ACTION: No trade.
2026-09-18 14:36:48,770 | [BRO] choppy/sideways (ADX 18.2) -> mean-reversion strategy | Signal: HOLD | Shares held: 0.0 | Last price: $65.19
2026-09-18 14:36:48,770 | [BRO] ACTION: No trade.
2026-09-18 14:36:48,790 | [BSX] choppy/sideways (ADX 21.7) -> mean-reversion strategy | Signal: HOLD | Shares held: 0.0 | Last price: $43.59
2026-09-18 14:36:48,790 | [BSX] ACTION: No trade.
2026-09-18 14:36:48,810 | [BX] choppy/sideways (ADX 17.9) -> mean-reversion strategy | Signal: HOLD | Shares held: 0.0 | Last price: $123.94
2026-09-18 14:36:48,810 | [BX] ACTION: No trade.
2026-09-18 14:36:48,830 | [C] choppy/sideways (ADX 8.3) -> mean-reversion strategy | Signal: HOLD | Shares held: 0.0 | Last price: $132.35
2026-09-18 14:36:48,831 | [C] ACTION: No trade.
2026-09-18 14:36:48,851 | [CAH] trending (ADX 49.4) -> trend-following strategy | Signal: HOLD | Shares held: 0.0 | Last price: $222.78
2026-09-18 14:36:48,851 | [CAH] ACTION: No trade.
2026-09-18 14:36:48,871 | [CARR] choppy/sideways (ADX 12.2) -> mean-reversion strategy | Signal: HOLD | Shares held: 0.0 | Last price: $54.18
2026-09-18 14:36:48,871 | [CARR] ACTION: No trade.
2026-09-18 14:36:48,891 | [CASY] trending (ADX 27.5) -> trend-following strategy | Signal: HOLD | Shares held: 0.0 | Last price: $604.59
2026-09-18 14:36:48,891 | [CASY] ACTION: No trade.
2026-09-18 14:36:48,911 | [CAT] trending (ADX 26.5) -> trend-following strategy | Signal: HOLD | Shares held: 0.0 | Last price: $805.86
2026-09-18 14:36:48,911 | [CAT] ACTION: No trade.
2026-09-18 14:36:48,931 | [CB] choppy/sideways (ADX 16.2) -> mean-reversion strategy | Signal: HOLD | Shares held: 0.0 | Last price: $340.27
2026-09-18 14:36:48,932 | [CB] ACTION: No trade.
2026-09-18 14:36:48,952 | [CBOE] choppy/sideways (ADX 22.1) -> mean-reversion strategy | Signal: HOLD | Shares held: 0.0 | Last price: $269.24
2026-09-18 14:36:48,952 | [CBOE] ACTION: No trade.
2026-09-18 14:36:48,972 | [CBRE] choppy/sideways (ADX 22.8) -> mean-reversion strategy | Signal: HOLD | Shares held: 0.0 | Last price: $138.43
2026-09-18 14:36:48,972 | [CBRE] ACTION: No trade.
2026-09-18 14:36:48,992 | [CCI] choppy/sideways (ADX 18.8) -> mean-reversion strategy | Signal: HOLD | Shares held: 0.0 | Last price: $72.77
2026-09-18 14:36:48,993 | [CCI] ACTION: No trade.
2026-09-18 14:36:49,013 | [CCL] choppy/sideways (ADX 21.5) -> mean-reversion strategy | Signal: HOLD | Shares held: 0.0 | Last price: $21.98
2026-09-18 14:36:49,013 | [CCL] ACTION: No trade.
2026-09-18 14:36:49,033 | [CDNS] choppy/sideways (ADX 24.3) -> mean-reversion strategy | Signal: HOLD | Shares held: 0.0 | Last price: $281.73
2026-09-18 14:36:49,033 | [CDNS] ACTION: No trade.
2026-09-18 14:36:49,059 | [CDW] trending (ADX 25.1) -> trend-following strategy | Signal: HOLD | Shares held: 0.0 | Last price: $145.94
2026-09-18 14:36:49,059 | [CDW] ACTION: No trade.
2026-09-18 14:36:49,080 | [CEG] choppy/sideways (ADX 19.5) -> mean-reversion strategy | Signal: HOLD | Shares held: 0.0 | Last price: $257.81
2026-09-18 14:36:49,080 | [CEG] ACTION: No trade.
2026-09-18 14:36:49,100 | [CF] trending (ADX 26.0) -> trend-following strategy | Signal: HOLD | Shares held: 0.0 | Last price: $130.56
2026-09-18 14:36:49,100 | [CF] ACTION: No trade.
2026-09-18 14:36:49,121 | [CFG] choppy/sideways (ADX 17.7) -> mean-reversion strategy | Signal: HOLD | Shares held: 0.0 | Last price: $67.15
2026-09-18 14:36:49,121 | [CFG] ACTION: No trade.
2026-09-18 14:36:49,142 | [CHD] trending (ADX 31.3) -> trend-following strategy | Signal: HOLD | Shares held: 0.0 | Last price: $94.78
2026-09-18 14:36:49,142 | [CHD] ACTION: No trade.
2026-09-18 14:36:49,162 | [CHRW] choppy/sideways (ADX 23.7) -> mean-reversion strategy | Signal: HOLD | Shares held: 0.0 | Last price: $153.27
2026-09-18 14:36:49,162 | [CHRW] ACTION: No trade.
2026-09-18 14:36:49,184 | [CHTR] trending (ADX 41.2) -> trend-following strategy | Signal: HOLD | Shares held: 0.0 | Last price: $129.79
2026-09-18 14:36:49,184 | [CHTR] ACTION: No trade.
2026-09-18 14:36:49,205 | [CI] trending (ADX 43.7) -> trend-following strategy | Signal: HOLD | Shares held: 0.0 | Last price: $275.30
2026-09-18 14:36:49,205 | [CI] ACTION: No trade.
2026-09-18 14:36:49,225 | [CIEN] choppy/sideways (ADX 20.9) -> mean-reversion strategy | Signal: HOLD | Shares held: 0.0 | Last price: $342.93
2026-09-18 14:36:49,225 | [CIEN] ACTION: No trade.
2026-09-18 14:36:49,245 | [CINF] trending (ADX 32.2) -> trend-following strategy | Signal: HOLD | Shares held: 0.0 | Last price: $168.56
2026-09-18 14:36:49,245 | [CINF] ACTION: No trade.
2026-09-18 14:36:49,270 | [CL] choppy/sideways (ADX 13.6) -> mean-reversion strategy | Signal: HOLD | Shares held: 0.0 | Last price: $87.28
2026-09-18 14:36:49,270 | [CL] ACTION: No trade.
2026-09-18 14:36:49,292 | [CLX] choppy/sideways (ADX 22.8) -> mean-reversion strategy | Signal: HOLD | Shares held: 0.0 | Last price: $84.24
2026-09-18 14:36:49,292 | [CLX] ACTION: No trade.
2026-09-18 14:36:49,312 | [CMCSA] trending (ADX 59.5) -> trend-following strategy | Signal: HOLD | Shares held: 0.0 | Last price: $22.49
2026-09-18 14:36:49,313 | [CMCSA] ACTION: No trade.
2026-09-18 14:36:49,333 | [CME] choppy/sideways (ADX 15.4) -> mean-reversion strategy | Signal: HOLD | Shares held: 0.0 | Last price: $272.51
2026-09-18 14:36:49,333 | [CME] ACTION: No trade.
2026-09-18 14:36:49,353 | [CMG] trending (ADX 31.8) -> trend-following strategy | Signal: HOLD | Shares held: 0.0 | Last price: $33.01
2026-09-18 14:36:49,353 | [CMG] ACTION: No trade.
2026-09-18 14:36:49,373 | [CMI] choppy/sideways (ADX 12.0) -> mean-reversion strategy | Signal: HOLD | Shares held: 0.0 | Last price: $525.99
2026-09-18 14:36:49,373 | [CMI] ACTION: No trade.
2026-09-18 14:36:49,394 | [CMS] choppy/sideways (ADX 18.4) -> mean-reversion strategy | Signal: HOLD | Shares held: 0.0 | Last price: $65.46
2026-09-18 14:36:49,394 | [CMS] ACTION: No trade.
2026-09-18 14:36:49,414 | [CNC] choppy/sideways (ADX 17.7) -> mean-reversion strategy | Signal: HOLD | Shares held: 0.0 | Last price: $66.26
2026-09-18 14:36:49,414 | [CNC] ACTION: No trade.
2026-09-18 14:36:49,434 | [CNP] choppy/sideways (ADX 23.6) -> mean-reversion strategy | Signal: HOLD | Shares held: 0.0 | Last price: $38.33
2026-09-18 14:36:49,434 | [CNP] ACTION: No trade.
2026-09-18 14:36:49,454 | [COF] choppy/sideways (ADX 21.2) -> mean-reversion strategy | Signal: HOLD | Shares held: 0.0 | Last price: $202.19
2026-09-18 14:36:49,455 | [COF] ACTION: No trade.
2026-09-18 14:36:49,475 | [COHR] choppy/sideways (ADX 23.8) -> mean-reversion strategy | Signal: HOLD | Shares held: 0.0 | Last price: $306.31
2026-09-18 14:36:49,475 | [COHR] ACTION: No trade.
2026-09-18 14:36:49,495 | [COIN] trending (ADX 41.0) -> trend-following strategy | Signal: HOLD | Shares held: 0.0 | Last price: $189.61
2026-09-18 14:36:49,495 | [COIN] ACTION: No trade.
2026-09-18 14:36:49,516 | [COO] trending (ADX 27.5) -> trend-following strategy | Signal: HOLD | Shares held: 0.0 | Last price: $55.28
2026-09-18 14:36:49,516 | [COO] ACTION: No trade.
2026-09-18 14:36:49,536 | [COP] choppy/sideways (ADX 24.2) -> mean-reversion strategy | Signal: HOLD | Shares held: 0.0 | Last price: $132.74
2026-09-18 14:36:49,536 | [COP] ACTION: No trade.
2026-09-18 14:36:49,556 | [COR] trending (ADX 61.3) -> trend-following strategy | Signal: HOLD | Shares held: 0.0 | Last price: $305.48
2026-09-18 14:36:49,556 | [COR] ACTION: No trade.
2026-09-18 14:36:49,577 | [COST] trending (ADX 30.5) -> trend-following strategy | Signal: HOLD | Shares held: 0.0 | Last price: $893.89
2026-09-18 14:36:49,577 | [COST] ACTION: No trade.
2026-09-18 14:36:49,597 | [CPAY] choppy/sideways (ADX 24.0) -> mean-reversion strategy | Signal: HOLD | Shares held: 0.0 | Last price: $401.95
2026-09-18 14:36:49,597 | [CPAY] ACTION: No trade.
2026-09-18 14:36:49,617 | [CPRT] trending (ADX 32.7) -> trend-following strategy | Signal: HOLD | Shares held: 0.0 | Last price: $29.45
2026-09-18 14:36:49,617 | [CPRT] ACTION: No trade.
2026-09-18 14:36:49,637 | [CPT] trending (ADX 38.5) -> trend-following strategy | Signal: HOLD | Shares held: 0.0 | Last price: $100.78
2026-09-18 14:36:49,637 | [CPT] ACTION: No trade.
2026-09-18 14:36:49,657 | [CRH] choppy/sideways (ADX 18.3) -> mean-reversion strategy | Signal: HOLD | Shares held: 0.0 | Last price: $86.20
2026-09-18 14:36:49,657 | [CRH] ACTION: No trade.
2026-09-18 14:36:49,677 | [CRL] trending (ADX 28.7) -> trend-following strategy | Signal: HOLD | Shares held: 0.0 | Last price: $279.31
2026-09-18 14:36:49,677 | [CRL] ACTION: No trade.
2026-09-18 14:36:49,697 | [CRM] trending (ADX 40.8) -> trend-following strategy | Signal: HOLD | Shares held: 0.0 | Last price: $238.40
2026-09-18 14:36:49,697 | [CRM] ACTION: No trade.
2026-09-18 14:36:49,718 | [CRWD] choppy/sideways (ADX 18.4) -> mean-reversion strategy | Signal: HOLD | Shares held: 0.0 | Last price: $236.68
2026-09-18 14:36:49,718 | [CRWD] ACTION: No trade.
2026-09-18 14:36:49,738 | [CSCO] choppy/sideways (ADX 14.1) -> mean-reversion strategy | Signal: HOLD | Shares held: 0.0 | Last price: $109.17
2026-09-18 14:36:49,738 | [CSCO] ACTION: No trade.
2026-09-18 14:36:49,759 | [CSGP] trending (ADX 46.2) -> trend-following strategy | Signal: HOLD | Shares held: 0.0 | Last price: $29.69
2026-09-18 14:36:49,759 | [CSGP] ACTION: No trade.
2026-09-18 14:36:49,779 | [CSX] trending (ADX 26.9) -> trend-following strategy | Signal: HOLD | Shares held: 0.0 | Last price: $47.35
2026-09-18 14:36:49,779 | [CSX] ACTION: No trade.
2026-09-18 14:36:49,799 | [CTAS] trending (ADX 27.5) -> trend-following strategy | Signal: HOLD | Shares held: 0.0 | Last price: $198.03
2026-09-18 14:36:49,799 | [CTAS] ACTION: No trade.
2026-09-18 14:36:49,819 | [CTSH] trending (ADX 32.6) -> trend-following strategy | Signal: HOLD | Shares held: 0.0 | Last price: $60.66
2026-09-18 14:36:49,819 | [CTSH] ACTION: No trade.
2026-09-18 14:36:49,839 | [CTVA] trending (ADX 25.1) -> trend-following strategy | Signal: HOLD | Shares held: 0.0 | Last price: $80.34
2026-09-18 14:36:49,839 | [CTVA] ACTION: No trade.
2026-09-18 14:36:49,860 | [CVNA] choppy/sideways (ADX 19.9) -> mean-reversion strategy | Signal: HOLD | Shares held: 0.0 | Last price: $65.49
2026-09-18 14:36:49,860 | [CVNA] ACTION: No trade.
2026-09-18 14:36:49,880 | [CVS] trending (ADX 40.8) -> trend-following strategy | Signal: HOLD | Shares held: 0.0 | Last price: $88.76
2026-09-18 14:36:49,880 | [CVS] ACTION: No trade.
2026-09-18 14:36:49,900 | [CVX] choppy/sideways (ADX 23.3) -> mean-reversion strategy | Signal: HOLD | Shares held: 0.0 | Last price: $211.55
2026-09-18 14:36:49,900 | [CVX] ACTION: No trade.
2026-09-18 14:36:49,920 | [D] choppy/sideways (ADX 16.0) -> mean-reversion strategy | Signal: HOLD | Shares held: 0.0 | Last price: $63.70
2026-09-18 14:36:49,920 | [D] ACTION: No trade.
2026-09-18 14:36:49,940 | [DAL] choppy/sideways (ADX 18.6) -> mean-reversion strategy | Signal: HOLD | Shares held: 0.0 | Last price: $79.89
2026-09-18 14:36:49,940 | [DAL] ACTION: No trade.
2026-09-18 14:36:49,961 | [DASH] choppy/sideways (ADX 15.0) -> mean-reversion strategy | Signal: HOLD | Shares held: 0.0 | Last price: $193.15
2026-09-18 14:36:49,961 | [DASH] ACTION: No trade.
2026-09-18 14:36:49,981 | [DD] trending (ADX 27.6) -> trend-following strategy | Signal: HOLD | Shares held: 0.0 | Last price: $128.86
2026-09-18 14:36:49,981 | [DD] ACTION: No trade.
2026-09-18 14:36:50,001 | [DDOG] choppy/sideways (ADX 24.3) -> mean-reversion strategy | Signal: HOLD | Shares held: 0.0 | Last price: $231.19
2026-09-18 14:36:50,001 | [DDOG] ACTION: No trade.
2026-09-18 14:36:50,022 | [DE] trending (ADX 31.0) -> trend-following strategy | Signal: HOLD | Shares held: 0.0 | Last price: $684.83
2026-09-18 14:36:50,022 | [DE] ACTION: No trade.
2026-09-18 14:36:50,042 | [DECK] trending (ADX 31.1) -> trend-following strategy | Signal: HOLD | Shares held: 0.0 | Last price: $78.82
2026-09-18 14:36:50,042 | [DECK] ACTION: No trade.
2026-09-18 14:36:50,063 | [DELL] trending (ADX 28.0) -> trend-following strategy | Signal: HOLD | Shares held: 0.0 | Last price: $584.95
2026-09-18 14:36:50,063 | [DELL] ACTION: No trade.
2026-09-18 14:36:50,083 | [DG] choppy/sideways (ADX 18.8) -> mean-reversion strategy | Signal: HOLD | Shares held: 0.0 | Last price: $123.96
2026-09-18 14:36:50,083 | [DG] ACTION: No trade.
2026-09-18 14:36:50,103 | [DGX] choppy/sideways (ADX 14.7) -> mean-reversion strategy | Signal: HOLD | Shares held: 0.0 | Last price: $246.61
2026-09-18 14:36:50,103 | [DGX] ACTION: No trade.
2026-09-18 14:36:50,124 | [DHI] choppy/sideways (ADX 23.1) -> mean-reversion strategy | Signal: HOLD | Shares held: 0.0 | Last price: $137.85
2026-09-18 14:36:50,124 | [DHI] ACTION: No trade.
2026-09-18 14:36:50,144 | [DHR] trending (ADX 32.3) -> trend-following strategy | Signal: HOLD | Shares held: 0.0 | Last price: $214.35
2026-09-18 14:36:50,144 | [DHR] ACTION: No trade.
2026-09-18 14:36:50,164 | [DIS] trending (ADX 35.8) -> trend-following strategy | Signal: HOLD | Shares held: 0.0 | Last price: $103.12
2026-09-18 14:36:50,165 | [DIS] ACTION: No trade.
2026-09-18 14:36:50,185 | [DLR] choppy/sideways (ADX 23.1) -> mean-reversion strategy | Signal: HOLD | Shares held: 0.0 | Last price: $183.47
2026-09-18 14:36:50,185 | [DLR] ACTION: No trade.
2026-09-18 14:36:50,205 | [DLTR] choppy/sideways (ADX 12.8) -> mean-reversion strategy | Signal: HOLD | Shares held: 0.0 | Last price: $113.75
2026-09-18 14:36:50,205 | [DLTR] ACTION: No trade.
2026-09-18 14:36:50,225 | [DOC] choppy/sideways (ADX 22.7) -> mean-reversion strategy | Signal: HOLD | Shares held: 0.0 | Last price: $20.52
2026-09-18 14:36:50,226 | [DOC] ACTION: No trade.
2026-09-18 14:36:50,246 | [DOV] choppy/sideways (ADX 21.4) -> mean-reversion strategy | Signal: HOLD | Shares held: 0.0 | Last price: $188.18
2026-09-18 14:36:50,246 | [DOV] ACTION: No trade.
2026-09-18 14:36:50,266 | [DOW] choppy/sideways (ADX 24.4) -> mean-reversion strategy | Signal: HOLD | Shares held: 0.0 | Last price: $29.02
2026-09-18 14:36:50,266 | [DOW] ACTION: No trade.
2026-09-18 14:36:50,286 | [DPZ] trending (ADX 36.9) -> trend-following strategy | Signal: HOLD | Shares held: 0.0 | Last price: $295.60
2026-09-18 14:36:50,286 | [DPZ] ACTION: No trade.
2026-09-18 14:36:50,307 | [DRI] trending (ADX 29.5) -> trend-following strategy | Signal: BUY | Shares held: 0.0 | Last price: $208.02
2026-09-18 14:36:50,307 | [DRI] ACTION: No trade (conviction score 0 below CONVICTION_ENTRY_GATE_MIN_SCORE=2 -- gate is ON).
2026-09-18 14:36:50,327 | [DTE] choppy/sideways (ADX 19.1) -> mean-reversion strategy | Signal: HOLD | Shares held: 0.0 | Last price: $129.11
2026-09-18 14:36:50,327 | [DTE] ACTION: No trade.
2026-09-18 14:36:50,347 | [DUK] choppy/sideways (ADX 17.7) -> mean-reversion strategy | Signal: HOLD | Shares held: 0.0 | Last price: $117.33
2026-09-18 14:36:50,347 | [DUK] ACTION: No trade.
2026-09-18 14:36:50,367 | [DVA] trending (ADX 47.4) -> trend-following strategy | Signal: HOLD | Shares held: 0.0 | Last price: $183.06
2026-09-18 14:36:50,367 | [DVA] ACTION: No trade.
2026-09-18 14:36:50,387 | [DVN] trending (ADX 31.6) -> trend-following strategy | Signal: HOLD | Shares held: 0.0 | Last price: $48.57
2026-09-18 14:36:50,387 | [DVN] ACTION: No trade.
2026-09-18 14:36:50,408 | [DXCM] choppy/sideways (ADX 18.0) -> mean-reversion strategy | Signal: HOLD | Shares held: 0.0 | Last price: $88.50
2026-09-18 14:36:50,408 | [DXCM] ACTION: No trade.
2026-09-18 14:36:50,428 | [EBAY] choppy/sideways (ADX 19.6) -> mean-reversion strategy | Signal: HOLD | Shares held: 0.0 | Last price: $112.53
2026-09-18 14:36:50,428 | [EBAY] ACTION: No trade.
2026-09-18 14:36:50,448 | [ECHO] choppy/sideways (ADX 22.6) -> mean-reversion strategy | Signal: BUY | Shares held: 0.0 | Last price: $91.76
2026-09-18 14:36:50,448 | [ECHO] ACTION: No trade (conviction score 0 below CONVICTION_ENTRY_GATE_MIN_SCORE=2 -- gate is ON).
2026-09-18 14:36:50,468 | [ECL] trending (ADX 26.0) -> trend-following strategy | Signal: HOLD | Shares held: 0.0 | Last price: $268.39
2026-09-18 14:36:50,468 | [ECL] ACTION: No trade.
2026-09-18 14:36:50,488 | [ED] choppy/sideways (ADX 22.5) -> mean-reversion strategy | Signal: HOLD | Shares held: 0.0 | Last price: $105.91
2026-09-18 14:36:50,489 | [ED] ACTION: No trade.
2026-09-18 14:36:50,509 | [EFX] trending (ADX 45.3) -> trend-following strategy | Signal: HOLD | Shares held: 0.0 | Last price: $159.34
2026-09-18 14:36:50,509 | [EFX] ACTION: No trade.
2026-09-18 14:36:50,529 | [EG] choppy/sideways (ADX 9.6) -> mean-reversion strategy | Signal: HOLD | Shares held: 0.0 | Last price: $375.46
2026-09-18 14:36:50,529 | [EG] ACTION: No trade.
2026-09-18 14:36:50,549 | [EIX] trending (ADX 30.1) -> trend-following strategy | Signal: HOLD | Shares held: 0.0 | Last price: $54.96
2026-09-18 14:36:50,549 | [EIX] ACTION: No trade.
2026-09-18 14:36:50,570 | [EL] choppy/sideways (ADX 12.5) -> mean-reversion strategy | Signal: HOLD | Shares held: 0.0 | Last price: $93.78
2026-09-18 14:36:50,570 | [EL] ACTION: No trade.
2026-09-18 14:36:50,590 | [ELV] choppy/sideways (ADX 22.2) -> mean-reversion strategy | Signal: HOLD | Shares held: 0.0 | Last price: $409.66
2026-09-18 14:36:50,590 | [ELV] ACTION: No trade.
2026-09-18 14:36:50,610 | [EME] choppy/sideways (ADX 22.7) -> mean-reversion strategy | Signal: HOLD | Shares held: 0.0 | Last price: $739.01
2026-09-18 14:36:50,610 | [EME] ACTION: No trade.
2026-09-18 14:36:50,630 | [EMR] choppy/sideways (ADX 12.3) -> mean-reversion strategy | Signal: HOLD | Shares held: 0.0 | Last price: $147.87
2026-09-18 14:36:50,630 | [EMR] ACTION: No trade.
2026-09-18 14:36:50,650 | [EOG] trending (ADX 27.5) -> trend-following strategy | Signal: HOLD | Shares held: 0.0 | Last price: $145.06
2026-09-18 14:36:50,650 | [EOG] ACTION: No trade.
2026-09-18 14:36:50,671 | [EQIX] choppy/sideways (ADX 24.7) -> mean-reversion strategy | Signal: HOLD | Shares held: 0.0 | Last price: $1018.86
2026-09-18 14:36:50,671 | [EQIX] ACTION: No trade.
2026-09-18 14:36:50,691 | [EQT] choppy/sideways (ADX 22.7) -> mean-reversion strategy | Signal: HOLD | Shares held: 0.0 | Last price: $50.23
2026-09-18 14:36:50,691 | [EQT] ACTION: No trade.
2026-09-18 14:36:50,711 | [ES] choppy/sideways (ADX 20.5) -> mean-reversion strategy | Signal: HOLD | Shares held: 0.0 | Last price: $67.95
2026-09-18 14:36:50,711 | [ES] ACTION: No trade.
2026-09-18 14:36:50,732 | [ESS] trending (ADX 28.1) -> trend-following strategy | Signal: HOLD | Shares held: 0.0 | Last price: $271.67
2026-09-18 14:36:50,732 | [ESS] ACTION: No trade.
2026-09-18 14:36:50,752 | [ETN] trending (ADX 29.7) -> trend-following strategy | Signal: HOLD | Shares held: 0.0 | Last price: $416.26
2026-09-18 14:36:50,752 | [ETN] ACTION: No trade.
2026-09-18 14:36:50,772 | [ETR] choppy/sideways (ADX 24.0) -> mean-reversion strategy | Signal: HOLD | Shares held: 0.0 | Last price: $101.88
2026-09-18 14:36:50,772 | [ETR] ACTION: No trade.
2026-09-18 14:36:50,792 | [EVRG] choppy/sideways (ADX 23.3) -> mean-reversion strategy | Signal: HOLD | Shares held: 0.0 | Last price: $79.81
2026-09-18 14:36:50,792 | [EVRG] ACTION: No trade.
2026-09-18 14:36:50,813 | [EW] choppy/sideways (ADX 21.1) -> mean-reversion strategy | Signal: HOLD | Shares held: 0.0 | Last price: $87.97
2026-09-18 14:36:50,813 | [EW] ACTION: No trade.
2026-09-18 14:36:50,833 | [EXC] choppy/sideways (ADX 14.8) -> mean-reversion strategy | Signal: HOLD | Shares held: 0.0 | Last price: $42.12
2026-09-18 14:36:50,833 | [EXC] ACTION: No trade.
2026-09-18 14:36:50,853 | [EXE] choppy/sideways (ADX 24.6) -> mean-reversion strategy | Signal: HOLD | Shares held: 0.0 | Last price: $88.12
2026-09-18 14:36:50,853 | [EXE] ACTION: No trade.
2026-09-18 14:36:50,873 | [EXPD] choppy/sideways (ADX 22.5) -> mean-reversion strategy | Signal: HOLD | Shares held: 0.0 | Last price: $187.98
2026-09-18 14:36:50,873 | [EXPD] ACTION: No trade.
2026-09-18 14:36:50,893 | [EXPE] choppy/sideways (ADX 7.7) -> mean-reversion strategy | Signal: HOLD | Shares held: 0.0 | Last price: $281.22
2026-09-18 14:36:50,894 | [EXPE] ACTION: No trade.
2026-09-18 14:36:50,916 | [EXR] choppy/sideways (ADX 19.8) -> mean-reversion strategy | Signal: HOLD | Shares held: 0.0 | Last price: $138.88
2026-09-18 14:36:50,916 | [EXR] ACTION: No trade.
2026-09-18 14:36:50,936 | [F] trending (ADX 30.5) -> trend-following strategy | Signal: HOLD | Shares held: 0.0 | Last price: $13.24
2026-09-18 14:36:50,937 | [F] ACTION: No trade.
2026-09-18 14:36:50,957 | [FANG] choppy/sideways (ADX 17.8) -> mean-reversion strategy | Signal: HOLD | Shares held: 0.0 | Last price: $194.82
2026-09-18 14:36:50,957 | [FANG] ACTION: No trade.
2026-09-18 14:36:50,977 | [FAST] choppy/sideways (ADX 14.6) -> mean-reversion strategy | Signal: HOLD | Shares held: 0.0 | Last price: $48.88
2026-09-18 14:36:50,977 | [FAST] ACTION: No trade.
2026-09-18 14:36:50,997 | [FCX] choppy/sideways (ADX 19.0) -> mean-reversion strategy | Signal: HOLD | Shares held: 0.0 | Last price: $70.68
2026-09-18 14:36:50,997 | [FCX] ACTION: No trade.
2026-09-18 14:36:51,018 | [FDS] choppy/sideways (ADX 16.7) -> mean-reversion strategy | Signal: HOLD | Shares held: 0.0 | Last price: $282.44
2026-09-18 14:36:51,018 | [FDS] ACTION: No trade.
2026-09-18 14:36:51,038 | [FDX] choppy/sideways (ADX 24.0) -> mean-reversion strategy | Signal: HOLD | Shares held: 0.0 | Last price: $304.25
2026-09-18 14:36:51,038 | [FDX] ACTION: No trade.
2026-09-18 14:36:51,059 | [FDXF] choppy/sideways (ADX 16.0) -> mean-reversion strategy | Signal: HOLD | Shares held: 0.0 | Last price: $121.18
2026-09-18 14:36:51,059 | [FDXF] ACTION: No trade.
2026-09-18 14:36:51,079 | [FE] choppy/sideways (ADX 22.4) -> mean-reversion strategy | Signal: HOLD | Shares held: 0.0 | Last price: $45.39
2026-09-18 14:36:51,079 | [FE] ACTION: No trade.
2026-09-18 14:36:51,099 | [FERG] choppy/sideways (ADX 12.9) -> mean-reversion strategy | Signal: HOLD | Shares held: 0.0 | Last price: $214.21
2026-09-18 14:36:51,099 | [FERG] ACTION: No trade.
2026-09-18 14:36:51,120 | [FFIV] choppy/sideways (ADX 20.2) -> mean-reversion strategy | Signal: HOLD | Shares held: 0.0 | Last price: $427.19
2026-09-18 14:36:51,120 | [FFIV] ACTION: No trade.
2026-09-18 14:36:51,140 | [FICO] trending (ADX 38.5) -> trend-following strategy | Signal: HOLD | Shares held: 0.0 | Last price: $952.47
2026-09-18 14:36:51,140 | [FICO] ACTION: No trade.
2026-09-18 14:36:51,160 | [FIS] trending (ADX 33.1) -> trend-following strategy | Signal: HOLD | Shares held: 0.0 | Last price: $36.25
2026-09-18 14:36:51,160 | [FIS] ACTION: No trade.
2026-09-18 14:36:51,180 | [FISV] choppy/sideways (ADX 21.7) -> mean-reversion strategy | Signal: HOLD | Shares held: 0.0 | Last price: $48.57
2026-09-18 14:36:51,180 | [FISV] ACTION: No trade.
2026-09-18 14:36:51,200 | [FITB] choppy/sideways (ADX 11.1) -> mean-reversion strategy | Signal: HOLD | Shares held: 0.0 | Last price: $53.15
2026-09-18 14:36:51,200 | [FITB] ACTION: No trade.
2026-09-18 14:36:51,220 | [FIX] choppy/sideways (ADX 17.3) -> mean-reversion strategy | Signal: HOLD | Shares held: 0.0 | Last price: $1601.21
2026-09-18 14:36:51,220 | [FIX] ACTION: No trade.
2026-09-18 14:36:51,240 | [FLEX] choppy/sideways (ADX 23.4) -> mean-reversion strategy | Signal: HOLD | Shares held: 0.0 | Last price: $108.12
2026-09-18 14:36:51,240 | [FLEX] ACTION: No trade.
2026-09-18 14:36:51,260 | [FOXA] trending (ADX 37.2) -> trend-following strategy | Signal: HOLD | Shares held: 0.0 | Last price: $63.74
2026-09-18 14:36:51,261 | [FOXA] ACTION: No trade.
2026-09-18 14:36:51,281 | [FSLR] trending (ADX 32.3) -> trend-following strategy | Signal: HOLD | Shares held: 0.0 | Last price: $194.26
2026-09-18 14:36:51,281 | [FSLR] ACTION: No trade.
2026-09-18 14:36:51,301 | [FTNT] trending (ADX 37.8) -> trend-following strategy | Signal: HOLD | Shares held: 0.0 | Last price: $167.10
2026-09-18 14:36:51,301 | [FTNT] ACTION: No trade.
2026-09-18 14:36:51,321 | [FTV] choppy/sideways (ADX 24.2) -> mean-reversion strategy | Signal: HOLD | Shares held: 0.0 | Last price: $54.67
2026-09-18 14:36:51,321 | [FTV] ACTION: No trade.
2026-09-18 14:36:51,341 | [GD] choppy/sideways (ADX 21.4) -> mean-reversion strategy | Signal: HOLD | Shares held: 0.0 | Last price: $351.67
2026-09-18 14:36:51,341 | [GD] ACTION: No trade.
2026-09-18 14:36:51,363 | [GDDY] trending (ADX 25.9) -> trend-following strategy | Signal: HOLD | Shares held: 0.0 | Last price: $97.58
2026-09-18 14:36:51,363 | [GDDY] ACTION: No trade.
2026-09-18 14:36:51,386 | [GE] choppy/sideways (ADX 24.8) -> mean-reversion strategy | Signal: HOLD | Shares held: 0.0 | Last price: $311.96
2026-09-18 14:36:51,386 | [GE] ACTION: No trade.
2026-09-18 14:36:51,412 | [GEHC] trending (ADX 31.6) -> trend-following strategy | Signal: HOLD | Shares held: 0.0 | Last price: $64.40
2026-09-18 14:36:51,412 | [GEHC] ACTION: No trade.
2026-09-18 14:36:51,435 | [GEN] trending (ADX 36.4) -> trend-following strategy | Signal: HOLD | Shares held: 0.0 | Last price: $29.07
2026-09-18 14:36:51,435 | [GEN] ACTION: No trade.
2026-09-18 14:36:51,463 | [GEV] choppy/sideways (ADX 19.6) -> mean-reversion strategy | Signal: HOLD | Shares held: 0.0 | Last price: $933.80
2026-09-18 14:36:51,463 | [GEV] ACTION: No trade.
2026-09-18 14:36:51,490 | [GILD] trending (ADX 32.9) -> trend-following strategy | Signal: HOLD | Shares held: 0.0 | Last price: $150.24
2026-09-18 14:36:51,490 | [GILD] ACTION: No trade.
2026-09-18 14:36:51,522 | [GIS] choppy/sideways (ADX 19.6) -> mean-reversion strategy | Signal: HOLD | Shares held: 0.0 | Last price: $36.77
2026-09-18 14:36:51,522 | [GIS] ACTION: No trade.
2026-09-18 14:36:51,543 | [GLW] choppy/sideways (ADX 23.9) -> mean-reversion strategy | Signal: HOLD | Shares held: 0.0 | Last price: $150.61
2026-09-18 14:36:51,543 | [GLW] ACTION: No trade.
2026-09-18 14:36:51,563 | [GM] trending (ADX 36.2) -> trend-following strategy | Signal: HOLD | Shares held: 0.0 | Last price: $82.92
2026-09-18 14:36:51,563 | [GM] ACTION: No trade.
2026-09-18 14:36:51,584 | [GNRC] trending (ADX 39.3) -> trend-following strategy | Signal: HOLD | Shares held: 0.0 | Last price: $204.44
2026-09-18 14:36:51,584 | [GNRC] ACTION: No trade.
2026-09-18 14:36:51,604 | [GOOG] trending (ADX 27.0) -> trend-following strategy | Signal: HOLD | Shares held: 0.0 | Last price: $346.56
2026-09-18 14:36:51,604 | [GOOG] ACTION: No trade.
2026-09-18 14:36:51,624 | [GOOGL] trending (ADX 26.5) -> trend-following strategy | Signal: HOLD | Shares held: 0.0 | Last price: $350.53
2026-09-18 14:36:51,624 | [GOOGL] ACTION: No trade.
2026-09-18 14:36:51,644 | [GPC] choppy/sideways (ADX 21.2) -> mean-reversion strategy | Signal: HOLD | Shares held: 0.0 | Last price: $128.65
2026-09-18 14:36:51,644 | [GPC] ACTION: No trade.
2026-09-18 14:36:51,664 | [GPN] trending (ADX 26.5) -> trend-following strategy | Signal: HOLD | Shares held: 0.0 | Last price: $85.44
2026-09-18 14:36:51,664 | [GPN] ACTION: No trade.
2026-09-18 14:36:51,684 | [GRMN] trending (ADX 32.7) -> trend-following strategy | Signal: HOLD | Shares held: 0.0 | Last price: $271.62
2026-09-18 14:36:51,684 | [GRMN] ACTION: No trade.
2026-09-18 14:36:51,704 | [GS] choppy/sideways (ADX 20.5) -> mean-reversion strategy | Signal: HOLD | Shares held: 0.0 | Last price: $951.22
2026-09-18 14:36:51,704 | [GS] ACTION: No trade.
2026-09-18 14:36:51,725 | [GWW] choppy/sideways (ADX 15.7) -> mean-reversion strategy | Signal: HOLD | Shares held: 0.0 | Last price: $1255.41
2026-09-18 14:36:51,725 | [GWW] ACTION: No trade.
2026-09-18 14:36:51,745 | [HAL] trending (ADX 38.6) -> trend-following strategy | Signal: HOLD | Shares held: 0.0 | Last price: $33.89
2026-09-18 14:36:51,745 | [HAL] ACTION: No trade.
2026-09-18 14:36:51,765 | [HAS] trending (ADX 27.0) -> trend-following strategy | Signal: HOLD | Shares held: 0.0 | Last price: $87.92
2026-09-18 14:36:51,765 | [HAS] ACTION: No trade.
2026-09-18 14:36:51,785 | [HBAN] trending (ADX 26.1) -> trend-following strategy | Signal: HOLD | Shares held: 0.0 | Last price: $15.89
2026-09-18 14:36:51,785 | [HBAN] ACTION: No trade.
2026-09-18 14:36:51,805 | [HCA] choppy/sideways (ADX 14.4) -> mean-reversion strategy | Signal: HOLD | Shares held: 0.0 | Last price: $430.91
2026-09-18 14:36:51,805 | [HCA] ACTION: No trade.
2026-09-18 14:36:51,825 | [HD] choppy/sideways (ADX 24.1) -> mean-reversion strategy | Signal: HOLD | Shares held: 0.0 | Last price: $300.48
2026-09-18 14:36:51,825 | [HD] ACTION: No trade.
2026-09-18 14:36:51,845 | [HIG] trending (ADX 37.7) -> trend-following strategy | Signal: HOLD | Shares held: 0.0 | Last price: $132.46
2026-09-18 14:36:51,845 | [HIG] ACTION: No trade.
2026-09-18 14:36:51,865 | [HII] choppy/sideways (ADX 15.5) -> mean-reversion strategy | Signal: HOLD | Shares held: 0.0 | Last price: $274.20
2026-09-18 14:36:51,865 | [HII] ACTION: No trade.
2026-09-18 14:36:51,885 | [HLT] choppy/sideways (ADX 16.8) -> mean-reversion strategy | Signal: HOLD | Shares held: 0.0 | Last price: $304.41
2026-09-18 14:36:51,885 | [HLT] ACTION: No trade.
2026-09-18 14:36:51,905 | [HON] choppy/sideways (ADX 11.3) -> mean-reversion strategy | Signal: HOLD | Shares held: 0.0 | Last price: $205.13
2026-09-18 14:36:51,905 | [HON] ACTION: No trade.
2026-09-18 14:36:51,926 | [HONA] choppy/sideways (ADX 18.9) -> mean-reversion strategy | Signal: HOLD | Shares held: 0.0 | Last price: $165.37
2026-09-18 14:36:51,926 | [HONA] ACTION: No trade.
2026-09-18 14:36:51,947 | [HOOD] trending (ADX 38.7) -> trend-following strategy | Signal: HOLD | Shares held: 0.0 | Last price: $117.16
2026-09-18 14:36:51,947 | [HOOD] ACTION: No trade.
2026-09-18 14:36:51,968 | [HPE] trending (ADX 28.2) -> trend-following strategy | Signal: HOLD | Shares held: 0.0 | Last price: $60.95
2026-09-18 14:36:51,968 | [HPE] ACTION: No trade.
2026-09-18 14:36:51,988 | [HPQ] trending (ADX 31.9) -> trend-following strategy | Signal: HOLD | Shares held: 0.0 | Last price: $33.92
2026-09-18 14:36:51,989 | [HPQ] ACTION: No trade.
2026-09-18 14:36:52,009 | [HSIC] choppy/sideways (ADX 24.8) -> mean-reversion strategy | Signal: HOLD | Shares held: 0.0 | Last price: $85.87
2026-09-18 14:36:52,009 | [HSIC] ACTION: No trade.
2026-09-18 14:36:52,029 | [HST] choppy/sideways (ADX 17.5) -> mean-reversion strategy | Signal: HOLD | Shares held: 0.0 | Last price: $21.84
2026-09-18 14:36:52,029 | [HST] ACTION: No trade.
2026-09-18 14:36:52,049 | [HSY] trending (ADX 34.6) -> trend-following strategy | Signal: HOLD | Shares held: 0.0 | Last price: $168.13
2026-09-18 14:36:52,050 | [HSY] ACTION: No trade.
2026-09-18 14:36:52,070 | [HUBB] trending (ADX 26.7) -> trend-following strategy | Signal: HOLD | Shares held: 0.0 | Last price: $446.57
2026-09-18 14:36:52,070 | [HUBB] ACTION: No trade.
2026-09-18 14:36:52,090 | [HUM] choppy/sideways (ADX 23.5) -> mean-reversion strategy | Signal: HOLD | Shares held: 0.0 | Last price: $384.82
2026-09-18 14:36:52,090 | [HUM] ACTION: No trade.
2026-09-18 14:36:52,110 | [HWM] choppy/sideways (ADX 13.3) -> mean-reversion strategy | Signal: HOLD | Shares held: 0.0 | Last price: $225.94
2026-09-18 14:36:52,110 | [HWM] ACTION: No trade.
2026-09-18 14:36:52,130 | [IBKR] choppy/sideways (ADX 23.2) -> mean-reversion strategy | Signal: HOLD | Shares held: 0.0 | Last price: $89.98
2026-09-18 14:36:52,131 | [IBKR] ACTION: No trade.
2026-09-18 14:36:52,151 | [IBM] choppy/sideways (ADX 23.1) -> mean-reversion strategy | Signal: HOLD | Shares held: 0.0 | Last price: $230.25
2026-09-18 14:36:52,151 | [IBM] ACTION: No trade.
2026-09-18 14:36:52,171 | [ICE] choppy/sideways (ADX 18.2) -> mean-reversion strategy | Signal: HOLD | Shares held: 0.0 | Last price: $153.93
2026-09-18 14:36:52,171 | [ICE] ACTION: No trade.
2026-09-18 14:36:52,191 | [IDXX] choppy/sideways (ADX 22.0) -> mean-reversion strategy | Signal: HOLD | Shares held: 0.0 | Last price: $512.56
2026-09-18 14:36:52,191 | [IDXX] ACTION: No trade.
2026-09-18 14:36:52,211 | [IEX] choppy/sideways (ADX 9.4) -> mean-reversion strategy | Signal: HOLD | Shares held: 0.0 | Last price: $221.99
2026-09-18 14:36:52,211 | [IEX] ACTION: No trade.
2026-09-18 14:36:52,232 | [IFF] trending (ADX 32.9) -> trend-following strategy | Signal: HOLD | Shares held: 0.0 | Last price: $83.51
2026-09-18 14:36:52,232 | [IFF] ACTION: No trade.
2026-09-18 14:36:52,252 | [INCY] trending (ADX 34.1) -> trend-following strategy | Signal: HOLD | Shares held: 0.0 | Last price: $128.32
2026-09-18 14:36:52,252 | [INCY] ACTION: No trade.
2026-09-18 14:36:52,272 | [INTC] trending (ADX 39.0) -> trend-following strategy | Signal: SELL | Shares held: 0.0 | Last price: $107.92
2026-09-18 14:36:52,272 | [INTC] ACTION: No trade.
2026-09-18 14:36:52,292 | [INTU] trending (ADX 31.6) -> trend-following strategy | Signal: HOLD | Shares held: 0.0 | Last price: $306.81
2026-09-18 14:36:52,292 | [INTU] ACTION: No trade.
2026-09-18 14:36:52,312 | [INVH] trending (ADX 30.3) -> trend-following strategy | Signal: HOLD | Shares held: 0.0 | Last price: $27.18
2026-09-18 14:36:52,313 | [INVH] ACTION: No trade.
2026-09-18 14:36:52,333 | [IP] trending (ADX 37.1) -> trend-following strategy | Signal: SELL | Shares held: 0.0 | Last price: $34.89
2026-09-18 14:36:52,333 | [IP] ACTION: No trade.
2026-09-18 14:36:52,353 | [IQV] choppy/sideways (ADX 23.0) -> mean-reversion strategy | Signal: HOLD | Shares held: 0.0 | Last price: $268.48
2026-09-18 14:36:52,353 | [IQV] ACTION: No trade.
2026-09-18 14:36:52,373 | [IR] trending (ADX 25.3) -> trend-following strategy | Signal: HOLD | Shares held: 0.0 | Last price: $72.43
2026-09-18 14:36:52,373 | [IR] ACTION: No trade.
2026-09-18 14:36:52,394 | [IRM] choppy/sideways (ADX 19.8) -> mean-reversion strategy | Signal: HOLD | Shares held: 0.0 | Last price: $113.10
2026-09-18 14:36:52,394 | [IRM] ACTION: No trade.
2026-09-18 14:36:52,414 | [ISRG] trending (ADX 34.3) -> trend-following strategy | Signal: HOLD | Shares held: 0.0 | Last price: $392.45
2026-09-18 14:36:52,414 | [ISRG] ACTION: No trade.
2026-09-18 14:36:52,434 | [IT] trending (ADX 45.3) -> trend-following strategy | Signal: HOLD | Shares held: 0.0 | Last price: $185.22
2026-09-18 14:36:52,434 | [IT] ACTION: No trade.
2026-09-18 14:36:52,454 | [ITW] choppy/sideways (ADX 14.2) -> mean-reversion strategy | Signal: HOLD | Shares held: 0.0 | Last price: $267.81
2026-09-18 14:36:52,454 | [ITW] ACTION: No trade.
2026-09-18 14:36:52,475 | [IVZ] choppy/sideways (ADX 19.7) -> mean-reversion strategy | Signal: HOLD | Shares held: 0.0 | Last price: $30.14
2026-09-18 14:36:52,475 | [IVZ] ACTION: No trade.
2026-09-18 14:36:52,497 | [J] choppy/sideways (ADX 16.5) -> mean-reversion strategy | Signal: HOLD | Shares held: 0.0 | Last price: $142.96
2026-09-18 14:36:52,497 | [J] ACTION: No trade.
2026-09-18 14:36:52,517 | [JBHT] choppy/sideways (ADX 21.3) -> mean-reversion strategy | Signal: HOLD | Shares held: 0.0 | Last price: $237.00
2026-09-18 14:36:52,517 | [JBHT] ACTION: No trade.
2026-09-18 14:36:52,538 | [JBL] choppy/sideways (ADX 10.9) -> mean-reversion strategy | Signal: HOLD | Shares held: 0.0 | Last price: $298.47
2026-09-18 14:36:52,538 | [JBL] ACTION: No trade.
2026-09-18 14:36:52,558 | [JCI] choppy/sideways (ADX 20.9) -> mean-reversion strategy | Signal: HOLD | Shares held: 0.0 | Last price: $141.46
2026-09-18 14:36:52,558 | [JCI] ACTION: No trade.
2026-09-18 14:36:52,578 | [JKHY] choppy/sideways (ADX 17.8) -> mean-reversion strategy | Signal: HOLD | Shares held: 0.0 | Last price: $156.10
2026-09-18 14:36:52,578 | [JKHY] ACTION: No trade.
2026-09-18 14:36:52,598 | [JNJ] choppy/sideways (ADX 17.3) -> mean-reversion strategy | Signal: HOLD | Shares held: 0.0 | Last price: $268.33
2026-09-18 14:36:52,598 | [JNJ] ACTION: No trade.
2026-09-18 14:36:52,618 | [JPM] choppy/sideways (ADX 16.4) -> mean-reversion strategy | Signal: HOLD | Shares held: 0.0 | Last price: $347.38
2026-09-18 14:36:52,618 | [JPM] ACTION: No trade.
2026-09-18 14:36:52,639 | [KDP] trending (ADX 31.0) -> trend-following strategy | Signal: HOLD | Shares held: 0.0 | Last price: $31.04
2026-09-18 14:36:52,639 | [KDP] ACTION: No trade.
2026-09-18 14:36:52,659 | [KEY] choppy/sideways (ADX 18.7) -> mean-reversion strategy | Signal: HOLD | Shares held: 0.0 | Last price: $20.89
2026-09-18 14:36:52,659 | [KEY] ACTION: No trade.
2026-09-18 14:36:52,679 | [KEYS] trending (ADX 31.7) -> trend-following strategy | Signal: HOLD | Shares held: 0.0 | Last price: $332.51
2026-09-18 14:36:52,679 | [KEYS] ACTION: No trade.
2026-09-18 14:36:52,699 | [KHC] choppy/sideways (ADX 24.0) -> mean-reversion strategy | Signal: HOLD | Shares held: 0.0 | Last price: $24.27
2026-09-18 14:36:52,699 | [KHC] ACTION: No trade.
2026-09-18 14:36:52,720 | [KIM] choppy/sideways (ADX 18.7) -> mean-reversion strategy | Signal: HOLD | Shares held: 0.0 | Last price: $22.55
2026-09-18 14:36:52,720 | [KIM] ACTION: No trade.
2026-09-18 14:36:52,740 | [KKR] choppy/sideways (ADX 20.4) -> mean-reversion strategy | Signal: HOLD | Shares held: 0.0 | Last price: $98.05
2026-09-18 14:36:52,740 | [KKR] ACTION: No trade.
2026-09-18 14:36:52,760 | [KLAC] trending (ADX 38.6) -> trend-following strategy | Signal: HOLD | Shares held: 0.0 | Last price: $172.44
2026-09-18 14:36:52,760 | [KLAC] ACTION: No trade.
2026-09-18 14:36:52,780 | [KMB] choppy/sideways (ADX 18.9) -> mean-reversion strategy | Signal: HOLD | Shares held: 0.0 | Last price: $98.02
2026-09-18 14:36:52,780 | [KMB] ACTION: No trade.
2026-09-18 14:36:52,801 | [KMI] trending (ADX 42.0) -> trend-following strategy | Signal: HOLD | Shares held: 0.0 | Last price: $31.75
2026-09-18 14:36:52,801 | [KMI] ACTION: No trade.
2026-09-18 14:36:52,821 | [KO] choppy/sideways (ADX 23.7) -> mean-reversion strategy | Signal: HOLD | Shares held: 0.0 | Last price: $87.82
2026-09-18 14:36:52,821 | [KO] ACTION: No trade.
2026-09-18 14:36:52,841 | [KR] trending (ADX 25.2) -> trend-following strategy | Signal: HOLD | Shares held: 0.0 | Last price: $60.68
2026-09-18 14:36:52,841 | [KR] ACTION: No trade.
2026-09-18 14:36:52,861 | [KVUE] choppy/sideways (ADX 17.8) -> mean-reversion strategy | Signal: HOLD | Shares held: 0.0 | Last price: $17.88
2026-09-18 14:36:52,861 | [KVUE] ACTION: No trade.
2026-09-18 14:36:52,881 | [L] choppy/sideways (ADX 15.7) -> mean-reversion strategy | Signal: HOLD | Shares held: 0.0 | Last price: $107.66
2026-09-18 14:36:52,881 | [L] ACTION: No trade.
2026-09-18 14:36:52,901 | [LDOS] choppy/sideways (ADX 15.4) -> mean-reversion strategy | Signal: HOLD | Shares held: 0.0 | Last price: $130.04
2026-09-18 14:36:52,901 | [LDOS] ACTION: No trade.
2026-09-18 14:36:52,922 | [LEN] choppy/sideways (ADX 24.1) -> mean-reversion strategy | Signal: HOLD | Shares held: 0.0 | Last price: $76.05
2026-09-18 14:36:52,922 | [LEN] ACTION: No trade.
2026-09-18 14:36:52,942 | [LH] choppy/sideways (ADX 20.0) -> mean-reversion strategy | Signal: HOLD | Shares held: 0.0 | Last price: $320.54
2026-09-18 14:36:52,942 | [LH] ACTION: No trade.
2026-09-18 14:36:52,962 | [LHX] choppy/sideways (ADX 12.7) -> mean-reversion strategy | Signal: HOLD | Shares held: 0.0 | Last price: $247.97
2026-09-18 14:36:52,962 | [LHX] ACTION: No trade.
2026-09-18 14:36:52,982 | [LII] choppy/sideways (ADX 12.5) -> mean-reversion strategy | Signal: HOLD | Shares held: 0.0 | Last price: $360.23
2026-09-18 14:36:52,982 | [LII] ACTION: No trade.
2026-09-18 14:36:53,002 | [LIN] trending (ADX 27.5) -> trend-following strategy | Signal: HOLD | Shares held: 0.0 | Last price: $456.30
2026-09-18 14:36:53,002 | [LIN] ACTION: No trade.
2026-09-18 14:36:53,022 | [LITE] choppy/sideways (ADX 23.6) -> mean-reversion strategy | Signal: HOLD | Shares held: 0.0 | Last price: $904.49
2026-09-18 14:36:53,023 | [LITE] ACTION: No trade.
2026-09-18 14:36:53,043 | [LLY] choppy/sideways (ADX 12.1) -> mean-reversion strategy | Signal: HOLD | Shares held: 0.0 | Last price: $1148.00
2026-09-18 14:36:53,043 | [LLY] ACTION: No trade.
2026-09-18 14:36:53,063 | [LMT] choppy/sideways (ADX 14.6) -> mean-reversion strategy | Signal: HOLD | Shares held: 0.0 | Last price: $531.54
2026-09-18 14:36:53,063 | [LMT] ACTION: No trade.
2026-09-18 14:36:53,083 | [LNT] choppy/sideways (ADX 17.5) -> mean-reversion strategy | Signal: HOLD | Shares held: 0.0 | Last price: $65.94
2026-09-18 14:36:53,083 | [LNT] ACTION: No trade.
2026-09-18 14:36:53,103 | [LOW] choppy/sideways (ADX 17.3) -> mean-reversion strategy | Signal: HOLD | Shares held: 0.0 | Last price: $192.96
2026-09-18 14:36:53,103 | [LOW] ACTION: No trade.
2026-09-18 14:36:53,124 | [LRCX] trending (ADX 35.3) -> trend-following strategy | Signal: HOLD | Shares held: 0.0 | Last price: $280.27
2026-09-18 14:36:53,124 | [LRCX] ACTION: No trade.
2026-09-18 14:36:53,144 | [LULU] trending (ADX 41.5) -> trend-following strategy | Signal: HOLD | Shares held: 0.0 | Last price: $99.23
2026-09-18 14:36:53,144 | [LULU] ACTION: No trade.
2026-09-18 14:36:53,164 | [LUV] trending (ADX 32.0) -> trend-following strategy | Signal: HOLD | Shares held: 0.0 | Last price: $40.98
2026-09-18 14:36:53,164 | [LUV] ACTION: No trade.
2026-09-18 14:36:53,184 | [LVS] trending (ADX 38.3) -> trend-following strategy | Signal: HOLD | Shares held: 0.0 | Last price: $40.45
2026-09-18 14:36:53,184 | [LVS] ACTION: No trade.
2026-09-18 14:36:53,204 | [LYB] trending (ADX 28.8) -> trend-following strategy | Signal: HOLD | Shares held: 0.0 | Last price: $62.83
2026-09-18 14:36:53,204 | [LYB] ACTION: No trade.
2026-09-18 14:36:53,225 | [LYV] trending (ADX 30.1) -> trend-following strategy | Signal: HOLD | Shares held: 0.0 | Last price: $167.53
2026-09-18 14:36:53,225 | [LYV] ACTION: No trade.
2026-09-18 14:36:53,245 | [MA] choppy/sideways (ADX 24.9) -> mean-reversion strategy | Signal: HOLD | Shares held: 0.0 | Last price: $566.47
2026-09-18 14:36:53,245 | [MA] ACTION: No trade.
2026-09-18 14:36:53,265 | [MAA] choppy/sideways (ADX 24.5) -> mean-reversion strategy | Signal: HOLD | Shares held: 0.0 | Last price: $121.03
2026-09-18 14:36:53,265 | [MAA] ACTION: No trade.
2026-09-18 14:36:53,285 | [MAR] choppy/sideways (ADX 15.6) -> mean-reversion strategy | Signal: HOLD | Shares held: 0.0 | Last price: $335.61
2026-09-18 14:36:53,285 | [MAR] ACTION: No trade.
2026-09-18 14:36:53,305 | [MAS] choppy/sideways (ADX 13.5) -> mean-reversion strategy | Signal: HOLD | Shares held: 0.0 | Last price: $67.73
2026-09-18 14:36:53,305 | [MAS] ACTION: No trade.
2026-09-18 14:36:53,325 | [MCD] choppy/sideways (ADX 20.7) -> mean-reversion strategy | Signal: HOLD | Shares held: 0.0 | Last price: $249.88
2026-09-18 14:36:53,326 | [MCD] ACTION: No trade.
2026-09-18 14:36:53,346 | [MCHP] choppy/sideways (ADX 19.3) -> mean-reversion strategy | Signal: HOLD | Shares held: 0.0 | Last price: $71.83
2026-09-18 14:36:53,346 | [MCHP] ACTION: No trade.
2026-09-18 14:36:53,366 | [MCK] trending (ADX 31.4) -> trend-following strategy | Signal: HOLD | Shares held: 0.0 | Last price: $868.09
2026-09-18 14:36:53,366 | [MCK] ACTION: No trade.
2026-09-18 14:36:53,386 | [MCO] trending (ADX 26.7) -> trend-following strategy | Signal: HOLD | Shares held: 0.0 | Last price: $461.48
2026-09-18 14:36:53,386 | [MCO] ACTION: No trade.
2026-09-18 14:36:53,406 | [MDLZ] trending (ADX 28.3) -> trend-following strategy | Signal: HOLD | Shares held: 0.0 | Last price: $60.86
2026-09-18 14:36:53,406 | [MDLZ] ACTION: No trade.
2026-09-18 14:36:53,427 | [MDT] choppy/sideways (ADX 21.2) -> mean-reversion strategy | Signal: HOLD | Shares held: 0.0 | Last price: $92.87
2026-09-18 14:36:53,427 | [MDT] ACTION: No trade.
2026-09-18 14:36:53,447 | [MET] choppy/sideways (ADX 14.8) -> mean-reversion strategy | Signal: HOLD | Shares held: 0.0 | Last price: $97.20
2026-09-18 14:36:53,447 | [MET] ACTION: No trade.
2026-09-18 14:36:53,467 | [META] trending (ADX 33.0) -> trend-following strategy | Signal: HOLD | Shares held: 0.0 | Last price: $673.62
2026-09-18 14:36:53,467 | [META] ACTION: No trade.
2026-09-18 14:36:53,487 | [MKC] trending (ADX 26.0) -> trend-following strategy | Signal: HOLD | Shares held: 0.0 | Last price: $49.31
2026-09-18 14:36:53,487 | [MKC] ACTION: No trade.
2026-09-18 14:36:53,507 | [MLM] choppy/sideways (ADX 17.6) -> mean-reversion strategy | Signal: HOLD | Shares held: 0.0 | Last price: $491.90
2026-09-18 14:36:53,507 | [MLM] ACTION: No trade.
2026-09-18 14:36:53,527 | [MMM] choppy/sideways (ADX 24.5) -> mean-reversion strategy | Signal: HOLD | Shares held: 0.0 | Last price: $163.50
2026-09-18 14:36:53,527 | [MMM] ACTION: No trade.
2026-09-18 14:36:53,547 | [MNST] choppy/sideways (ADX 21.7) -> mean-reversion strategy | Signal: HOLD | Shares held: 0.0 | Last price: $44.91
2026-09-18 14:36:53,547 | [MNST] ACTION: No trade.
2026-09-18 14:36:53,568 | [MO] trending (ADX 27.2) -> trend-following strategy | Signal: HOLD | Shares held: 0.0 | Last price: $69.57
2026-09-18 14:36:53,568 | [MO] ACTION: No trade.
2026-09-18 14:36:53,588 | [MOS] trending (ADX 26.4) -> trend-following strategy | Signal: HOLD | Shares held: 0.0 | Last price: $24.82
2026-09-18 14:36:53,588 | [MOS] ACTION: No trade.
2026-09-18 14:36:53,608 | [MPC] choppy/sideways (ADX 12.3) -> mean-reversion strategy | Signal: HOLD | Shares held: 0.0 | Last price: $423.58
2026-09-18 14:36:53,608 | [MPC] ACTION: No trade.
2026-09-18 14:36:53,628 | [MPWR] trending (ADX 34.4) -> trend-following strategy | Signal: HOLD | Shares held: 0.0 | Last price: $1193.18
2026-09-18 14:36:53,628 | [MPWR] ACTION: No trade.
2026-09-18 14:36:53,648 | [MRK] trending (ADX 27.6) -> trend-following strategy | Signal: SELL | Shares held: 0.0 | Last price: $146.27
2026-09-18 14:36:53,648 | [MRK] ACTION: No trade.
2026-09-18 14:36:53,669 | [MRNA] trending (ADX 30.8) -> trend-following strategy | Signal: HOLD | Shares held: 0.0 | Last price: $154.54
2026-09-18 14:36:53,669 | [MRNA] ACTION: No trade.
2026-09-18 14:36:53,689 | [MRSH] trending (ADX 33.9) -> trend-following strategy | Signal: HOLD | Shares held: 0.0 | Last price: $173.94
2026-09-18 14:36:53,689 | [MRSH] ACTION: No trade.
2026-09-18 14:36:53,709 | [MRVL] trending (ADX 26.6) -> trend-following strategy | Signal: HOLD | Shares held: 0.0 | Last price: $238.78
2026-09-18 14:36:53,709 | [MRVL] ACTION: No trade.
2026-09-18 14:36:53,729 | [MS] choppy/sideways (ADX 19.4) -> mean-reversion strategy | Signal: HOLD | Shares held: 0.0 | Last price: $202.72
2026-09-18 14:36:53,729 | [MS] ACTION: No trade.
2026-09-18 14:36:53,749 | [MSCI] choppy/sideways (ADX 24.7) -> mean-reversion strategy | Signal: HOLD | Shares held: 0.0 | Last price: $550.74
2026-09-18 14:36:53,750 | [MSCI] ACTION: No trade.
2026-09-18 14:36:53,769 | [MSFT] choppy/sideways (ADX 16.8) -> mean-reversion strategy | Signal: HOLD | Shares held: 0.0 | Last price: $492.42
2026-09-18 14:36:53,770 | [MSFT] ACTION: No trade.
2026-09-18 14:36:53,790 | [MSI] trending (ADX 31.8) -> trend-following strategy | Signal: HOLD | Shares held: 0.0 | Last price: $458.29
2026-09-18 14:36:53,790 | [MSI] ACTION: No trade.
2026-09-18 14:36:53,810 | [MTB] choppy/sideways (ADX 12.9) -> mean-reversion strategy | Signal: HOLD | Shares held: 0.0 | Last price: $227.23
2026-09-18 14:36:53,810 | [MTB] ACTION: No trade.
2026-09-18 14:36:53,839 | [MTD] trending (ADX 38.7) -> trend-following strategy | Signal: SELL | Shares held: 0.0 | Last price: $1404.12
2026-09-18 14:36:53,839 | [MTD] ACTION: No trade.
2026-09-18 14:36:53,859 | [MU] trending (ADX 57.8) -> trend-following strategy | Signal: HOLD | Shares held: 0.0 | Last price: $994.77
2026-09-18 14:36:53,859 | [MU] ACTION: No trade.
2026-09-18 14:36:53,879 | [NCLH] choppy/sideways (ADX 18.2) -> mean-reversion strategy | Signal: HOLD | Shares held: 0.0 | Last price: $14.21
2026-09-18 14:36:53,879 | [NCLH] ACTION: No trade.
2026-09-18 14:36:53,899 | [NDAQ] trending (ADX 52.7) -> trend-following strategy | Signal: HOLD | Shares held: 0.0 | Last price: $92.31
2026-09-18 14:36:53,899 | [NDAQ] ACTION: No trade.
2026-09-18 14:36:53,920 | [NDSN] choppy/sideways (ADX 20.4) -> mean-reversion strategy | Signal: HOLD | Shares held: 0.0 | Last price: $310.56
2026-09-18 14:36:53,920 | [NDSN] ACTION: No trade.
2026-09-18 14:36:53,967 | [NEE] choppy/sideways (ADX 19.6) -> mean-reversion strategy | Signal: HOLD | Shares held: 0.0 | Last price: $80.56
2026-09-18 14:36:53,967 | [NEE] ACTION: No trade.
2026-09-18 14:36:53,988 | [NEM] choppy/sideways (ADX 20.5) -> mean-reversion strategy | Signal: HOLD | Shares held: 0.0 | Last price: $122.47
2026-09-18 14:36:53,988 | [NEM] ACTION: No trade.
2026-09-18 14:36:54,009 | [NFLX] trending (ADX 53.3) -> trend-following strategy | Signal: HOLD | Shares held: 0.0 | Last price: $72.05
2026-09-18 14:36:54,009 | [NFLX] ACTION: No trade.
2026-09-18 14:36:54,029 | [NI] choppy/sideways (ADX 19.9) -> mean-reversion strategy | Signal: HOLD | Shares held: 0.0 | Last price: $40.58
2026-09-18 14:36:54,029 | [NI] ACTION: No trade.
2026-09-18 14:36:54,049 | [NKE] choppy/sideways (ADX 21.6) -> mean-reversion strategy | Signal: HOLD | Shares held: 0.0 | Last price: $36.32
2026-09-18 14:36:54,049 | [NKE] ACTION: No trade.
2026-09-18 14:36:54,072 | [NOC] choppy/sideways (ADX 10.6) -> mean-reversion strategy | Signal: HOLD | Shares held: 0.0 | Last price: $523.66
2026-09-18 14:36:54,072 | [NOC] ACTION: No trade.
2026-09-18 14:36:54,096 | [NOW] trending (ADX 41.4) -> trend-following strategy | Signal: HOLD | Shares held: 0.0 | Last price: $136.12
2026-09-18 14:36:54,096 | [NOW] ACTION: No trade.
2026-09-18 14:36:54,116 | [NRG] choppy/sideways (ADX 19.9) -> mean-reversion strategy | Signal: HOLD | Shares held: 0.0 | Last price: $104.47
2026-09-18 14:36:54,116 | [NRG] ACTION: No trade.
2026-09-18 14:36:54,137 | [NSC] choppy/sideways (ADX 24.4) -> mean-reversion strategy | Signal: HOLD | Shares held: 0.0 | Last price: $316.97
2026-09-18 14:36:54,137 | [NSC] ACTION: No trade.
2026-09-18 14:36:54,157 | [NTAP] choppy/sideways (ADX 23.5) -> mean-reversion strategy | Signal: HOLD | Shares held: 0.0 | Last price: $194.71
2026-09-18 14:36:54,157 | [NTAP] ACTION: No trade.
2026-09-18 14:36:54,177 | [NTRS] choppy/sideways (ADX 17.0) -> mean-reversion strategy | Signal: HOLD | Shares held: 0.0 | Last price: $176.63
2026-09-18 14:36:54,177 | [NTRS] ACTION: No trade.
2026-09-18 14:36:54,197 | [NUE] trending (ADX 27.6) -> trend-following strategy | Signal: HOLD | Shares held: 0.0 | Last price: $251.30
2026-09-18 14:36:54,197 | [NUE] ACTION: No trade.
2026-09-18 14:36:54,218 | [NVDA] trending (ADX 29.4) -> trend-following strategy | Signal: HOLD | Shares held: 0.0 | Last price: $219.52
2026-09-18 14:36:54,218 | [NVDA] ACTION: No trade.
2026-09-18 14:36:54,238 | [NVR] choppy/sideways (ADX 12.8) -> mean-reversion strategy | Signal: HOLD | Shares held: 0.0 | Last price: $6201.18
2026-09-18 14:36:54,238 | [NVR] ACTION: No trade.
2026-09-18 14:36:54,258 | [NWSA] trending (ADX 25.3) -> trend-following strategy | Signal: HOLD | Shares held: 0.0 | Last price: $29.68
2026-09-18 14:36:54,258 | [NWSA] ACTION: No trade.
2026-09-18 14:36:54,278 | [NXPI] trending (ADX 31.1) -> trend-following strategy | Signal: HOLD | Shares held: 0.0 | Last price: $226.89
2026-09-18 14:36:54,279 | [NXPI] ACTION: No trade.
2026-09-18 14:36:54,299 | [O] choppy/sideways (ADX 16.0) -> mean-reversion strategy | Signal: HOLD | Shares held: 0.0 | Last price: $56.98
2026-09-18 14:36:54,299 | [O] ACTION: No trade.
2026-09-18 14:36:54,319 | [ODFL] choppy/sideways (ADX 19.2) -> mean-reversion strategy | Signal: HOLD | Shares held: 0.0 | Last price: $173.59
2026-09-18 14:36:54,319 | [ODFL] ACTION: No trade.
2026-09-18 14:36:54,339 | [OKE] choppy/sideways (ADX 18.7) -> mean-reversion strategy | Signal: HOLD | Shares held: 0.0 | Last price: $93.61
2026-09-18 14:36:54,339 | [OKE] ACTION: No trade.
2026-09-18 14:36:54,359 | [OMC] trending (ADX 34.9) -> trend-following strategy | Signal: HOLD | Shares held: 0.0 | Last price: $76.85
2026-09-18 14:36:54,359 | [OMC] ACTION: No trade.
2026-09-18 14:36:54,379 | [ON] choppy/sideways (ADX 15.4) -> mean-reversion strategy | Signal: HOLD | Shares held: 0.0 | Last price: $69.22
2026-09-18 14:36:54,379 | [ON] ACTION: No trade.
2026-09-18 14:36:54,399 | [ORCL] choppy/sideways (ADX 24.7) -> mean-reversion strategy | Signal: HOLD | Shares held: 0.0 | Last price: $145.73
2026-09-18 14:36:54,400 | [ORCL] ACTION: No trade.
2026-09-18 14:36:54,419 | [ORLY] choppy/sideways (ADX 17.9) -> mean-reversion strategy | Signal: HOLD | Shares held: 0.0 | Last price: $83.96
2026-09-18 14:36:54,420 | [ORLY] ACTION: No trade.
2026-09-18 14:36:54,439 | [OTIS] choppy/sideways (ADX 13.9) -> mean-reversion strategy | Signal: HOLD | Shares held: 0.0 | Last price: $68.86
2026-09-18 14:36:54,439 | [OTIS] ACTION: No trade.
2026-09-18 14:36:54,460 | [OXY] trending (ADX 35.2) -> trend-following strategy | Signal: HOLD | Shares held: 0.0 | Last price: $59.09
2026-09-18 14:36:54,460 | [OXY] ACTION: No trade.
2026-09-18 14:36:54,480 | [PANW] trending (ADX 31.3) -> trend-following strategy | Signal: HOLD | Shares held: 0.0 | Last price: $359.23
2026-09-18 14:36:54,480 | [PANW] ACTION: No trade.
2026-09-18 14:36:54,500 | [PAYX] trending (ADX 33.3) -> trend-following strategy | Signal: HOLD | Shares held: 0.0 | Last price: $115.58
2026-09-18 14:36:54,500 | [PAYX] ACTION: No trade.
2026-09-18 14:36:54,520 | [PCAR] trending (ADX 30.4) -> trend-following strategy | Signal: HOLD | Shares held: 0.0 | Last price: $115.97
2026-09-18 14:36:54,520 | [PCAR] ACTION: No trade.
2026-09-18 14:36:54,540 | [PCG] trending (ADX 32.2) -> trend-following strategy | Signal: HOLD | Shares held: 0.0 | Last price: $13.26
2026-09-18 14:36:54,540 | [PCG] ACTION: No trade.
2026-09-18 14:36:54,561 | [PEG] trending (ADX 25.0) -> trend-following strategy | Signal: HOLD | Shares held: 0.0 | Last price: $70.14
2026-09-18 14:36:54,561 | [PEG] ACTION: No trade.
2026-09-18 14:36:54,581 | [PEP] trending (ADX 32.3) -> trend-following strategy | Signal: HOLD | Shares held: 0.0 | Last price: $131.03
2026-09-18 14:36:54,581 | [PEP] ACTION: No trade.
2026-09-18 14:36:54,601 | [PFE] choppy/sideways (ADX 18.8) -> mean-reversion strategy | Signal: HOLD | Shares held: 0.0 | Last price: $27.38
2026-09-18 14:36:54,601 | [PFE] ACTION: No trade.
2026-09-18 14:36:54,621 | [PFG] trending (ADX 35.6) -> trend-following strategy | Signal: HOLD | Shares held: 0.0 | Last price: $115.50
2026-09-18 14:36:54,621 | [PFG] ACTION: No trade.
2026-09-18 14:36:54,641 | [PG] trending (ADX 25.5) -> trend-following strategy | Signal: HOLD | Shares held: 0.0 | Last price: $146.41
2026-09-18 14:36:54,641 | [PG] ACTION: No trade.
2026-09-18 14:36:54,661 | [PGR] trending (ADX 34.4) -> trend-following strategy | Signal: HOLD | Shares held: 0.0 | Last price: $213.78
2026-09-18 14:36:54,661 | [PGR] ACTION: No trade.
2026-09-18 14:36:54,681 | [PH] choppy/sideways (ADX 22.8) -> mean-reversion strategy | Signal: HOLD | Shares held: 0.0 | Last price: $931.39
2026-09-18 14:36:54,681 | [PH] ACTION: No trade.
2026-09-18 14:36:54,702 | [PHM] choppy/sideways (ADX 20.4) -> mean-reversion strategy | Signal: HOLD | Shares held: 0.0 | Last price: $116.72
2026-09-18 14:36:54,702 | [PHM] ACTION: No trade.
2026-09-18 14:36:54,722 | [PKG] choppy/sideways (ADX 22.3) -> mean-reversion strategy | Signal: HOLD | Shares held: 0.0 | Last price: $234.80
2026-09-18 14:36:54,722 | [PKG] ACTION: No trade.
2026-09-18 14:36:54,742 | [PLD] choppy/sideways (ADX 21.6) -> mean-reversion strategy | Signal: HOLD | Shares held: 0.0 | Last price: $134.31
2026-09-18 14:36:54,742 | [PLD] ACTION: No trade.
2026-09-18 14:36:54,762 | [PLTR] choppy/sideways (ADX 22.7) -> mean-reversion strategy | Signal: HOLD | Shares held: 0.0 | Last price: $174.31
2026-09-18 14:36:54,762 | [PLTR] ACTION: No trade.
2026-09-18 14:36:54,782 | [PM] trending (ADX 46.3) -> trend-following strategy | Signal: HOLD | Shares held: 0.0 | Last price: $189.14
2026-09-18 14:36:54,782 | [PM] ACTION: No trade.
2026-09-18 14:36:54,802 | [PNC] trending (ADX 25.1) -> trend-following strategy | Signal: HOLD | Shares held: 0.0 | Last price: $232.01
2026-09-18 14:36:54,802 | [PNC] ACTION: No trade.
2026-09-18 14:36:54,822 | [PNR] choppy/sideways (ADX 16.7) -> mean-reversion strategy | Signal: HOLD | Shares held: 0.0 | Last price: $55.95
2026-09-18 14:36:54,823 | [PNR] ACTION: No trade.
2026-09-18 14:36:54,843 | [PODD] choppy/sideways (ADX 15.9) -> mean-reversion strategy | Signal: HOLD | Shares held: 0.0 | Last price: $141.76
2026-09-18 14:36:54,843 | [PODD] ACTION: No trade.
2026-09-18 14:36:54,863 | [PPG] choppy/sideways (ADX 22.5) -> mean-reversion strategy | Signal: HOLD | Shares held: 0.0 | Last price: $104.03
2026-09-18 14:36:54,863 | [PPG] ACTION: No trade.
2026-09-18 14:36:54,883 | [PPL] choppy/sideways (ADX 24.2) -> mean-reversion strategy | Signal: HOLD | Shares held: 0.0 | Last price: $33.35
2026-09-18 14:36:54,883 | [PPL] ACTION: No trade.
2026-09-18 14:36:54,903 | [PRU] choppy/sideways (ADX 24.5) -> mean-reversion strategy | Signal: HOLD | Shares held: 0.0 | Last price: $117.24
2026-09-18 14:36:54,903 | [PRU] ACTION: No trade.
2026-09-18 14:36:54,923 | [PSA] trending (ADX 26.0) -> trend-following strategy | Signal: HOLD | Shares held: 0.0 | Last price: $299.44
2026-09-18 14:36:54,923 | [PSA] ACTION: No trade.
2026-09-18 14:36:54,944 | [PSKY] choppy/sideways (ADX 23.2) -> mean-reversion strategy | Signal: HOLD | Shares held: 0.0 | Last price: $10.41
2026-09-18 14:36:54,944 | [PSKY] ACTION: No trade.
2026-09-18 14:36:54,964 | [PSX] choppy/sideways (ADX 17.2) -> mean-reversion strategy | Signal: HOLD | Shares held: 0.0 | Last price: $274.37
2026-09-18 14:36:54,964 | [PSX] ACTION: No trade.
2026-09-18 14:36:54,984 | [PTC] trending (ADX 28.7) -> trend-following strategy | Signal: HOLD | Shares held: 0.0 | Last price: $134.10
2026-09-18 14:36:54,984 | [PTC] ACTION: No trade.
2026-09-18 14:36:55,004 | [PWR] choppy/sideways (ADX 14.9) -> mean-reversion strategy | Signal: HOLD | Shares held: 0.0 | Last price: $629.56
2026-09-18 14:36:55,004 | [PWR] ACTION: No trade.
2026-09-18 14:36:55,024 | [PYPL] trending (ADX 29.9) -> trend-following strategy | Signal: HOLD | Shares held: 0.0 | Last price: $52.70
2026-09-18 14:36:55,024 | [PYPL] ACTION: No trade.
2026-09-18 14:36:55,044 | [Q] choppy/sideways (ADX 24.0) -> mean-reversion strategy | Signal: HOLD | Shares held: 0.0 | Last price: $119.36
2026-09-18 14:36:55,045 | [Q] ACTION: No trade.
2026-09-18 14:36:55,065 | [QCOM] choppy/sideways (ADX 16.9) -> mean-reversion strategy | Signal: HOLD | Shares held: 0.0 | Last price: $183.08
2026-09-18 14:36:55,065 | [QCOM] ACTION: No trade.
2026-09-18 14:36:55,085 | [RCL] choppy/sideways (ADX 24.1) -> mean-reversion strategy | Signal: HOLD | Shares held: 0.0 | Last price: $247.69
2026-09-18 14:36:55,085 | [RCL] ACTION: No trade.
2026-09-18 14:36:55,105 | [RDDT] choppy/sideways (ADX 22.4) -> mean-reversion strategy | Signal: HOLD | Shares held: 0.0 | Last price: $153.03
2026-09-18 14:36:55,105 | [RDDT] ACTION: No trade.
2026-09-18 14:36:55,125 | [REG] choppy/sideways (ADX 18.5) -> mean-reversion strategy | Signal: HOLD | Shares held: 0.0 | Last price: $73.16
2026-09-18 14:36:55,126 | [REG] ACTION: No trade.
2026-09-18 14:36:55,146 | [REGN] trending (ADX 25.3) -> trend-following strategy | Signal: HOLD | Shares held: 0.0 | Last price: $785.60
2026-09-18 14:36:55,146 | [REGN] ACTION: No trade.
2026-09-18 14:36:55,166 | [RF] choppy/sideways (ADX 15.6) -> mean-reversion strategy | Signal: HOLD | Shares held: 0.0 | Last price: $28.50
2026-09-18 14:36:55,166 | [RF] ACTION: No trade.
2026-09-18 14:36:55,186 | [RJF] choppy/sideways (ADX 21.2) -> mean-reversion strategy | Signal: HOLD | Shares held: 0.0 | Last price: $164.48
2026-09-18 14:36:55,186 | [RJF] ACTION: No trade.
2026-09-18 14:36:55,206 | [RL] trending (ADX 26.7) -> trend-following strategy | Signal: HOLD | Shares held: 0.0 | Last price: $331.92
2026-09-18 14:36:55,207 | [RL] ACTION: No trade.
2026-09-18 14:36:55,227 | [RMD] trending (ADX 27.0) -> trend-following strategy | Signal: HOLD | Shares held: 0.0 | Last price: $227.16
2026-09-18 14:36:55,227 | [RMD] ACTION: No trade.
2026-09-18 14:36:55,247 | [ROK] choppy/sideways (ADX 22.0) -> mean-reversion strategy | Signal: HOLD | Shares held: 0.0 | Last price: $410.94
2026-09-18 14:36:55,247 | [ROK] ACTION: No trade.
2026-09-18 14:36:55,268 | [ROL] trending (ADX 44.7) -> trend-following strategy | Signal: HOLD | Shares held: 0.0 | Last price: $32.94
2026-09-18 14:36:55,268 | [ROL] ACTION: No trade.
2026-09-18 14:36:55,288 | [ROP] trending (ADX 37.4) -> trend-following strategy | Signal: HOLD | Shares held: 0.0 | Last price: $371.15
2026-09-18 14:36:55,288 | [ROP] ACTION: No trade.
2026-09-18 14:36:55,308 | [ROST] choppy/sideways (ADX 19.3) -> mean-reversion strategy | Signal: HOLD | Shares held: 0.0 | Last price: $230.05
2026-09-18 14:36:55,308 | [ROST] ACTION: No trade.
2026-09-18 14:36:55,328 | [RSG] trending (ADX 25.7) -> trend-following strategy | Signal: HOLD | Shares held: 0.0 | Last price: $218.22
2026-09-18 14:36:55,328 | [RSG] ACTION: No trade.
2026-09-18 14:36:55,348 | [RTX] trending (ADX 29.4) -> trend-following strategy | Signal: HOLD | Shares held: 0.0 | Last price: $192.22
2026-09-18 14:36:55,348 | [RTX] ACTION: No trade.
2026-09-18 14:36:55,369 | [RVTY] trending (ADX 37.3) -> trend-following strategy | Signal: HOLD | Shares held: 0.0 | Last price: $145.57
2026-09-18 14:36:55,369 | [RVTY] ACTION: No trade.
2026-09-18 14:36:55,389 | [SBAC] trending (ADX 30.4) -> trend-following strategy | Signal: HOLD | Shares held: 0.0 | Last price: $179.27
2026-09-18 14:36:55,389 | [SBAC] ACTION: No trade.
2026-09-18 14:36:55,409 | [SBUX] choppy/sideways (ADX 23.6) -> mean-reversion strategy | Signal: HOLD | Shares held: 0.0 | Last price: $95.74
2026-09-18 14:36:55,409 | [SBUX] ACTION: No trade.
2026-09-18 14:36:55,429 | [SCHW] choppy/sideways (ADX 21.3) -> mean-reversion strategy | Signal: HOLD | Shares held: 0.0 | Last price: $105.00
2026-09-18 14:36:55,429 | [SCHW] ACTION: No trade.
2026-09-18 14:36:55,449 | [SHW] choppy/sideways (ADX 24.9) -> mean-reversion strategy | Signal: BUY | Shares held: 0.0 | Last price: $316.92
2026-09-18 14:36:55,449 | [SHW] ACTION: No trade (conviction score 0 below CONVICTION_ENTRY_GATE_MIN_SCORE=2 -- gate is ON).
2026-09-18 14:36:55,469 | [SJM] trending (ADX 31.0) -> trend-following strategy | Signal: HOLD | Shares held: 0.0 | Last price: $122.81
2026-09-18 14:36:55,470 | [SJM] ACTION: No trade.
2026-09-18 14:36:55,489 | [SLB] trending (ADX 29.4) -> trend-following strategy | Signal: HOLD | Shares held: 0.0 | Last price: $51.39
2026-09-18 14:36:55,490 | [SLB] ACTION: No trade.
2026-09-18 14:36:55,510 | [SMCI] trending (ADX 37.4) -> trend-following strategy | Signal: HOLD | Shares held: 0.0 | Last price: $38.56
2026-09-18 14:36:55,510 | [SMCI] ACTION: No trade.
2026-09-18 14:36:55,530 | [SNA] choppy/sideways (ADX 13.4) -> mean-reversion strategy | Signal: HOLD | Shares held: 0.0 | Last price: $372.72
2026-09-18 14:36:55,530 | [SNA] ACTION: No trade.
2026-09-18 14:36:55,550 | [SNDK] trending (ADX 50.4) -> trend-following strategy | Signal: HOLD | Shares held: 0.0 | Last price: $1701.00
2026-09-18 14:36:55,550 | [SNDK] ACTION: No trade.
2026-09-18 14:36:55,570 | [SNPS] trending (ADX 31.5) -> trend-following strategy | Signal: HOLD | Shares held: 0.0 | Last price: $381.69
2026-09-18 14:36:55,570 | [SNPS] ACTION: No trade.
2026-09-18 14:36:55,590 | [SO] choppy/sideways (ADX 13.1) -> mean-reversion strategy | Signal: HOLD | Shares held: 0.0 | Last price: $85.92
2026-09-18 14:36:55,590 | [SO] ACTION: No trade.
2026-09-18 14:36:55,611 | [SPG] trending (ADX 27.1) -> trend-following strategy | Signal: HOLD | Shares held: 0.0 | Last price: $203.92
2026-09-18 14:36:55,611 | [SPG] ACTION: No trade.
2026-09-18 14:36:55,631 | [SPGI] trending (ADX 34.4) -> trend-following strategy | Signal: HOLD | Shares held: 0.0 | Last price: $403.79
2026-09-18 14:36:55,631 | [SPGI] ACTION: No trade.
2026-09-18 14:36:55,651 | [SRE] choppy/sideways (ADX 19.9) -> mean-reversion strategy | Signal: HOLD | Shares held: 0.0 | Last price: $81.28
2026-09-18 14:36:55,651 | [SRE] ACTION: No trade.
2026-09-18 14:36:55,672 | [STE] trending (ADX 39.1) -> trend-following strategy | Signal: HOLD | Shares held: 0.0 | Last price: $207.01
2026-09-18 14:36:55,672 | [STE] ACTION: No trade.
2026-09-18 14:36:55,692 | [STLD] trending (ADX 31.1) -> trend-following strategy | Signal: HOLD | Shares held: 0.0 | Last price: $236.29
2026-09-18 14:36:55,692 | [STLD] ACTION: No trade.
2026-09-18 14:36:55,714 | [STT] choppy/sideways (ADX 17.3) -> mean-reversion strategy | Signal: HOLD | Shares held: 0.0 | Last price: $182.94
2026-09-18 14:36:55,714 | [STT] ACTION: No trade.
2026-09-18 14:36:55,735 | [STX] choppy/sideways (ADX 20.5) -> mean-reversion strategy | Signal: HOLD | Shares held: 0.0 | Last price: $831.25
2026-09-18 14:36:55,735 | [STX] ACTION: No trade.
2026-09-18 14:36:55,755 | [STZ] choppy/sideways (ADX 23.0) -> mean-reversion strategy | Signal: HOLD | Shares held: 0.0 | Last price: $120.96
2026-09-18 14:36:55,755 | [STZ] ACTION: No trade.
2026-09-18 14:36:55,775 | [SW] trending (ADX 29.2) -> trend-following strategy | Signal: HOLD | Shares held: 0.0 | Last price: $44.79
2026-09-18 14:36:55,775 | [SW] ACTION: No trade.
2026-09-18 14:36:55,795 | [SWK] choppy/sideways (ADX 16.3) -> mean-reversion strategy | Signal: HOLD | Shares held: 0.0 | Last price: $88.78
2026-09-18 14:36:55,795 | [SWK] ACTION: No trade.
2026-09-18 14:36:55,815 | [SWKS] choppy/sideways (ADX 20.7) -> mean-reversion strategy | Signal: HOLD | Shares held: 0.0 | Last price: $88.97
2026-09-18 14:36:55,815 | [SWKS] ACTION: No trade.
2026-09-18 14:36:55,836 | [SYF] choppy/sideways (ADX 18.0) -> mean-reversion strategy | Signal: HOLD | Shares held: 0.0 | Last price: $74.56
2026-09-18 14:36:55,836 | [SYF] ACTION: No trade.
2026-09-18 14:36:55,856 | [SYK] choppy/sideways (ADX 21.2) -> mean-reversion strategy | Signal: HOLD | Shares held: 0.0 | Last price: $278.44
2026-09-18 14:36:55,856 | [SYK] ACTION: No trade.
2026-09-18 14:36:55,876 | [SYY] choppy/sideways (ADX 21.0) -> mean-reversion strategy | Signal: HOLD | Shares held: 0.0 | Last price: $78.97
2026-09-18 14:36:55,876 | [SYY] ACTION: No trade.
2026-09-18 14:36:55,896 | [T] trending (ADX 47.9) -> trend-following strategy | Signal: HOLD | Shares held: 0.0 | Last price: $25.49
2026-09-18 14:36:55,896 | [T] ACTION: No trade.
2026-09-18 14:36:55,916 | [TAP] trending (ADX 29.3) -> trend-following strategy | Signal: HOLD | Shares held: 0.0 | Last price: $38.13
2026-09-18 14:36:55,916 | [TAP] ACTION: No trade.
2026-09-18 14:36:55,937 | [TDG] choppy/sideways (ADX 12.9) -> mean-reversion strategy | Signal: HOLD | Shares held: 0.0 | Last price: $1082.77
2026-09-18 14:36:55,937 | [TDG] ACTION: No trade.
2026-09-18 14:36:55,957 | [TDY] choppy/sideways (ADX 11.1) -> mean-reversion strategy | Signal: HOLD | Shares held: 0.0 | Last price: $600.30
2026-09-18 14:36:55,957 | [TDY] ACTION: No trade.
2026-09-18 14:36:55,977 | [TECH] trending (ADX 29.3) -> trend-following strategy | Signal: HOLD | Shares held: 0.0 | Last price: $72.39
2026-09-18 14:36:55,977 | [TECH] ACTION: No trade.
2026-09-18 14:36:55,997 | [TEL] trending (ADX 37.7) -> trend-following strategy | Signal: HOLD | Shares held: 0.0 | Last price: $204.96
2026-09-18 14:36:55,997 | [TEL] ACTION: No trade.
2026-09-18 14:36:56,017 | [TER] trending (ADX 33.8) -> trend-following strategy | Signal: HOLD | Shares held: 0.0 | Last price: $362.76
2026-09-18 14:36:56,017 | [TER] ACTION: No trade.
2026-09-18 14:36:56,037 | [TFC] choppy/sideways (ADX 13.6) -> mean-reversion strategy | Signal: HOLD | Shares held: 0.0 | Last price: $48.63
2026-09-18 14:36:56,037 | [TFC] ACTION: No trade.
2026-09-18 14:36:56,058 | [TGT] choppy/sideways (ADX 23.4) -> mean-reversion strategy | Signal: HOLD | Shares held: 0.0 | Last price: $157.80
2026-09-18 14:36:56,058 | [TGT] ACTION: No trade.
2026-09-18 14:36:56,078 | [TJX] trending (ADX 36.1) -> trend-following strategy | Signal: HOLD | Shares held: 0.0 | Last price: $127.72
2026-09-18 14:36:56,078 | [TJX] ACTION: No trade.
2026-09-18 14:36:56,098 | [TKO] trending (ADX 30.8) -> trend-following strategy | Signal: HOLD | Shares held: 0.0 | Last price: $187.81
2026-09-18 14:36:56,098 | [TKO] ACTION: No trade.
2026-09-18 14:36:56,118 | [TMO] trending (ADX 30.4) -> trend-following strategy | Signal: HOLD | Shares held: 0.0 | Last price: $658.19
2026-09-18 14:36:56,118 | [TMO] ACTION: No trade.
2026-09-18 14:36:56,138 | [TMUS] trending (ADX 59.0) -> trend-following strategy | Signal: HOLD | Shares held: 0.0 | Last price: $166.28
2026-09-18 14:36:56,138 | [TMUS] ACTION: No trade.
2026-09-18 14:36:56,159 | [TPL] choppy/sideways (ADX 20.8) -> mean-reversion strategy | Signal: HOLD | Shares held: 0.0 | Last price: $352.19
2026-09-18 14:36:56,159 | [TPL] ACTION: No trade.
2026-09-18 14:36:56,179 | [TPR] trending (ADX 32.4) -> trend-following strategy | Signal: HOLD | Shares held: 0.0 | Last price: $114.76
2026-09-18 14:36:56,179 | [TPR] ACTION: No trade.
2026-09-18 14:36:56,199 | [TRGP] choppy/sideways (ADX 16.5) -> mean-reversion strategy | Signal: HOLD | Shares held: 0.0 | Last price: $290.04
2026-09-18 14:36:56,199 | [TRGP] ACTION: No trade.
2026-09-18 14:36:56,219 | [TRMB] choppy/sideways (ADX 14.6) -> mean-reversion strategy | Signal: HOLD | Shares held: 0.0 | Last price: $57.30
2026-09-18 14:36:56,219 | [TRMB] ACTION: No trade.
2026-09-18 14:36:56,239 | [TROW] choppy/sideways (ADX 23.7) -> mean-reversion strategy | Signal: HOLD | Shares held: 0.0 | Last price: $102.91
2026-09-18 14:36:56,239 | [TROW] ACTION: No trade.
2026-09-18 14:36:56,259 | [TRV] choppy/sideways (ADX 14.5) -> mean-reversion strategy | Signal: HOLD | Shares held: 0.0 | Last price: $374.55
2026-09-18 14:36:56,260 | [TRV] ACTION: No trade.
2026-09-18 14:36:56,280 | [TSCO] trending (ADX 29.5) -> trend-following strategy | Signal: HOLD | Shares held: 0.0 | Last price: $32.57
2026-09-18 14:36:56,280 | [TSCO] ACTION: No trade.
2026-09-18 14:36:56,300 | [TSLA] choppy/sideways (ADX 19.4) -> mean-reversion strategy | Signal: HOLD | Shares held: 0.0 | Last price: $365.11
2026-09-18 14:36:56,300 | [TSLA] ACTION: No trade.
2026-09-18 14:36:56,320 | [TSN] choppy/sideways (ADX 17.8) -> mean-reversion strategy | Signal: HOLD | Shares held: 0.0 | Last price: $52.99
2026-09-18 14:36:56,320 | [TSN] ACTION: No trade.
2026-09-18 14:36:56,340 | [TT] choppy/sideways (ADX 24.6) -> mean-reversion strategy | Signal: HOLD | Shares held: 0.0 | Last price: $424.10
2026-09-18 14:36:56,340 | [TT] ACTION: No trade.
2026-09-18 14:36:56,360 | [TTD] choppy/sideways (ADX 22.5) -> mean-reversion strategy | Signal: HOLD | Shares held: 0.0 | Last price: $14.12
2026-09-18 14:36:56,360 | [TTD] ACTION: No trade.
2026-09-18 14:36:56,381 | [TTWO] choppy/sideways (ADX 17.9) -> mean-reversion strategy | Signal: HOLD | Shares held: 0.0 | Last price: $208.08
2026-09-18 14:36:56,381 | [TTWO] ACTION: No trade.
2026-09-18 14:36:56,401 | [TXN] choppy/sideways (ADX 20.0) -> mean-reversion strategy | Signal: HOLD | Shares held: 0.0 | Last price: $264.89
2026-09-18 14:36:56,401 | [TXN] ACTION: No trade.
2026-09-18 14:36:56,421 | [TXT] choppy/sideways (ADX 18.6) -> mean-reversion strategy | Signal: HOLD | Shares held: 0.0 | Last price: $80.51
2026-09-18 14:36:56,421 | [TXT] ACTION: No trade.
2026-09-18 14:36:56,441 | [TYL] trending (ADX 36.6) -> trend-following strategy | Signal: HOLD | Shares held: 0.0 | Last price: $337.39
2026-09-18 14:36:56,441 | [TYL] ACTION: No trade.
2026-09-18 14:36:56,462 | [UAL] trending (ADX 25.1) -> trend-following strategy | Signal: HOLD | Shares held: 0.0 | Last price: $108.72
2026-09-18 14:36:56,462 | [UAL] ACTION: No trade.
2026-09-18 14:36:56,482 | [UBER] choppy/sideways (ADX 17.9) -> mean-reversion strategy | Signal: HOLD | Shares held: 0.0 | Last price: $70.20
2026-09-18 14:36:56,482 | [UBER] ACTION: No trade.
2026-09-18 14:36:56,502 | [UDR] trending (ADX 40.9) -> trend-following strategy | Signal: HOLD | Shares held: 0.0 | Last price: $34.14
2026-09-18 14:36:56,502 | [UDR] ACTION: No trade.
2026-09-18 14:36:56,522 | [UHS] choppy/sideways (ADX 18.7) -> mean-reversion strategy | Signal: HOLD | Shares held: 0.0 | Last price: $179.13
2026-09-18 14:36:56,522 | [UHS] ACTION: No trade.
2026-09-18 14:36:56,542 | [ULTA] choppy/sideways (ADX 18.3) -> mean-reversion strategy | Signal: HOLD | Shares held: 0.0 | Last price: $542.21
2026-09-18 14:36:56,542 | [ULTA] ACTION: No trade.
2026-09-18 14:36:56,562 | [UNH] choppy/sideways (ADX 24.5) -> mean-reversion strategy | Signal: HOLD | Shares held: 0.0 | Last price: $375.19
2026-09-18 14:36:56,562 | [UNH] ACTION: No trade.
2026-09-18 14:36:56,583 | [UNP] choppy/sideways (ADX 23.6) -> mean-reversion strategy | Signal: HOLD | Shares held: 0.0 | Last price: $279.88
2026-09-18 14:36:56,583 | [UNP] ACTION: No trade.
2026-09-18 14:36:56,603 | [UPS] trending (ADX 27.3) -> trend-following strategy | Signal: HOLD | Shares held: 0.0 | Last price: $99.47
2026-09-18 14:36:56,603 | [UPS] ACTION: No trade.
2026-09-18 14:36:56,623 | [URI] choppy/sideways (ADX 16.5) -> mean-reversion strategy | Signal: HOLD | Shares held: 0.0 | Last price: $1002.90
2026-09-18 14:36:56,623 | [URI] ACTION: No trade.
2026-09-18 14:36:56,643 | [USB] choppy/sideways (ADX 16.8) -> mean-reversion strategy | Signal: HOLD | Shares held: 0.0 | Last price: $60.15
2026-09-18 14:36:56,643 | [USB] ACTION: No trade.
2026-09-18 14:36:56,663 | [V] choppy/sideways (ADX 23.6) -> mean-reversion strategy | Signal: HOLD | Shares held: 0.0 | Last price: $369.62
2026-09-18 14:36:56,664 | [V] ACTION: No trade.
2026-09-18 14:36:56,684 | [VEEV] trending (ADX 32.9) -> trend-following strategy | Signal: HOLD | Shares held: 0.0 | Last price: $261.68
2026-09-18 14:36:56,684 | [VEEV] ACTION: No trade.
2026-09-18 14:36:56,704 | [VICI] trending (ADX 52.2) -> trend-following strategy | Signal: HOLD | Shares held: 0.0 | Last price: $23.89
2026-09-18 14:36:56,704 | [VICI] ACTION: No trade.
2026-09-18 14:36:56,726 | [VLO] choppy/sideways (ADX 11.2) -> mean-reversion strategy | Signal: HOLD | Shares held: 0.0 | Last price: $412.08
2026-09-18 14:36:56,726 | [VLO] ACTION: No trade.
2026-09-18 14:36:56,747 | [VLTO] trending (ADX 25.5) -> trend-following strategy | Signal: HOLD | Shares held: 0.0 | Last price: $94.87
2026-09-18 14:36:56,747 | [VLTO] ACTION: No trade.
2026-09-18 14:36:56,767 | [VMC] choppy/sideways (ADX 20.4) -> mean-reversion strategy | Signal: HOLD | Shares held: 0.0 | Last price: $243.09
2026-09-18 14:36:56,767 | [VMC] ACTION: No trade.
2026-09-18 14:36:56,787 | [VMRK] trending (ADX 36.5) -> trend-following strategy | Signal: HOLD | Shares held: 0.0 | Last price: $62.41
2026-09-18 14:36:56,787 | [VMRK] ACTION: No trade.
2026-09-18 14:36:56,807 | [VRSK] trending (ADX 35.7) -> trend-following strategy | Signal: HOLD | Shares held: 0.0 | Last price: $176.43
2026-09-18 14:36:56,807 | [VRSK] ACTION: No trade.
2026-09-18 14:36:56,827 | [VRSN] choppy/sideways (ADX 9.2) -> mean-reversion strategy | Signal: HOLD | Shares held: 0.0 | Last price: $302.11
2026-09-18 14:36:56,827 | [VRSN] ACTION: No trade.
2026-09-18 14:36:56,847 | [VRT] trending (ADX 26.5) -> trend-following strategy | Signal: HOLD | Shares held: 0.0 | Last price: $246.38
2026-09-18 14:36:56,847 | [VRT] ACTION: No trade.
2026-09-18 14:36:56,868 | [VRTX] choppy/sideways (ADX 13.8) -> mean-reversion strategy | Signal: HOLD | Shares held: 0.0 | Last price: $508.01
2026-09-18 14:36:56,868 | [VRTX] ACTION: No trade.
2026-09-18 14:36:56,888 | [VST] choppy/sideways (ADX 18.1) -> mean-reversion strategy | Signal: HOLD | Shares held: 0.0 | Last price: $141.62
2026-09-18 14:36:56,888 | [VST] ACTION: No trade.
2026-09-18 14:36:56,908 | [VTR] choppy/sideways (ADX 19.3) -> mean-reversion strategy | Signal: HOLD | Shares held: 0.0 | Last price: $87.32
2026-09-18 14:36:56,908 | [VTR] ACTION: No trade.
2026-09-18 14:36:56,928 | [VTRS] trending (ADX 30.5) -> trend-following strategy | Signal: HOLD | Shares held: 0.0 | Last price: $17.01
2026-09-18 14:36:56,928 | [VTRS] ACTION: No trade.
2026-09-18 14:36:56,948 | [VZ] trending (ADX 62.5) -> trend-following strategy | Signal: HOLD | Shares held: 0.0 | Last price: $47.91
2026-09-18 14:36:56,948 | [VZ] ACTION: No trade.
2026-09-18 14:36:56,969 | [WAB] choppy/sideways (ADX 23.9) -> mean-reversion strategy | Signal: HOLD | Shares held: 0.0 | Last price: $278.15
2026-09-18 14:36:56,969 | [WAB] ACTION: No trade.
2026-09-18 14:36:56,989 | [WAT] choppy/sideways (ADX 23.2) -> mean-reversion strategy | Signal: HOLD | Shares held: 0.0 | Last price: $426.93
2026-09-18 14:36:56,989 | [WAT] ACTION: No trade.
2026-09-18 14:36:57,009 | [WBD] trending (ADX 27.2) -> trend-following strategy | Signal: HOLD | Shares held: 0.0 | Last price: $28.02
2026-09-18 14:36:57,009 | [WBD] ACTION: No trade.
2026-09-18 14:36:57,029 | [WDAY] trending (ADX 36.1) -> trend-following strategy | Signal: HOLD | Shares held: 0.0 | Last price: $194.55
2026-09-18 14:36:57,029 | [WDAY] ACTION: No trade.
2026-09-18 14:36:57,049 | [WDC] choppy/sideways (ADX 21.9) -> mean-reversion strategy | Signal: HOLD | Shares held: 0.0 | Last price: $433.28
2026-09-18 14:36:57,050 | [WDC] ACTION: No trade.
2026-09-18 14:36:57,070 | [WEC] choppy/sideways (ADX 19.2) -> mean-reversion strategy | Signal: HOLD | Shares held: 0.0 | Last price: $103.58
2026-09-18 14:36:57,070 | [WEC] ACTION: No trade.
2026-09-18 14:36:57,090 | [WELL] choppy/sideways (ADX 24.0) -> mean-reversion strategy | Signal: HOLD | Shares held: 0.0 | Last price: $230.95
2026-09-18 14:36:57,090 | [WELL] ACTION: No trade.
2026-09-18 14:36:57,110 | [WFC] choppy/sideways (ADX 15.1) -> mean-reversion strategy | Signal: HOLD | Shares held: 0.0 | Last price: $86.53
2026-09-18 14:36:57,110 | [WFC] ACTION: No trade.
2026-09-18 14:36:57,130 | [WM] trending (ADX 33.0) -> trend-following strategy | Signal: HOLD | Shares held: 0.0 | Last price: $212.52
2026-09-18 14:36:57,130 | [WM] ACTION: No trade.
2026-09-18 14:36:57,181 | [WMB] choppy/sideways (ADX 18.2) -> mean-reversion strategy | Signal: HOLD | Shares held: 0.0 | Last price: $72.33
2026-09-18 14:36:57,181 | [WMB] ACTION: No trade.
2026-09-18 14:36:57,201 | [WMT] trending (ADX 30.1) -> trend-following strategy | Signal: HOLD | Shares held: 0.0 | Last price: $107.41
2026-09-18 14:36:57,201 | [WMT] ACTION: No trade.
2026-09-18 14:36:57,221 | [WRB] choppy/sideways (ADX 21.5) -> mean-reversion strategy | Signal: HOLD | Shares held: 0.0 | Last price: $69.80
2026-09-18 14:36:57,221 | [WRB] ACTION: No trade.
2026-09-18 14:36:57,241 | [WSM] choppy/sideways (ADX 15.6) -> mean-reversion strategy | Signal: HOLD | Shares held: 0.0 | Last price: $221.46
2026-09-18 14:36:57,241 | [WSM] ACTION: No trade.
2026-09-18 14:36:57,261 | [WST] trending (ADX 28.4) -> trend-following strategy | Signal: HOLD | Shares held: 0.0 | Last price: $362.42
2026-09-18 14:36:57,261 | [WST] ACTION: No trade.
2026-09-18 14:36:57,281 | [WTW] choppy/sideways (ADX 24.3) -> mean-reversion strategy | Signal: HOLD | Shares held: 0.0 | Last price: $309.43
2026-09-18 14:36:57,281 | [WTW] ACTION: No trade.
2026-09-18 14:36:57,301 | [WY] choppy/sideways (ADX 24.6) -> mean-reversion strategy | Signal: HOLD | Shares held: 0.0 | Last price: $21.45
2026-09-18 14:36:57,301 | [WY] ACTION: No trade.
2026-09-18 14:36:57,321 | [WYNN] trending (ADX 40.4) -> trend-following strategy | Signal: HOLD | Shares held: 0.0 | Last price: $82.79
2026-09-18 14:36:57,321 | [WYNN] ACTION: No trade.
2026-09-18 14:36:57,341 | [XEL] trending (ADX 28.4) -> trend-following strategy | Signal: HOLD | Shares held: 0.0 | Last price: $72.63
2026-09-18 14:36:57,341 | [XEL] ACTION: No trade.
2026-09-18 14:36:57,361 | [XOM] choppy/sideways (ADX 24.7) -> mean-reversion strategy | Signal: HOLD | Shares held: 0.0 | Last price: $162.89
2026-09-18 14:36:57,361 | [XOM] ACTION: No trade.
2026-09-18 14:36:57,383 | [XYL] choppy/sideways (ADX 15.2) -> mean-reversion strategy | Signal: HOLD | Shares held: 0.0 | Last price: $107.59
2026-09-18 14:36:57,383 | [XYL] ACTION: No trade.
2026-09-18 14:36:57,403 | [XYZ] choppy/sideways (ADX 16.2) -> mean-reversion strategy | Signal: HOLD | Shares held: 0.0 | Last price: $76.25
2026-09-18 14:36:57,403 | [XYZ] ACTION: No trade.
2026-09-18 14:36:57,423 | [YUM] choppy/sideways (ADX 24.9) -> mean-reversion strategy | Signal: BUY | Shares held: 0.0 | Last price: $134.83
2026-09-18 14:36:57,423 | [YUM] ACTION: No trade (conviction score 0 below CONVICTION_ENTRY_GATE_MIN_SCORE=2 -- gate is ON).
2026-09-18 14:36:57,443 | [ZBH] trending (ADX 39.1) -> trend-following strategy | Signal: HOLD | Shares held: 0.0 | Last price: $95.03
2026-09-18 14:36:57,444 | [ZBH] ACTION: No trade.
2026-09-18 14:36:57,463 | [ZBRA] choppy/sideways (ADX 16.0) -> mean-reversion strategy | Signal: HOLD | Shares held: 0.0 | Last price: $344.51
2026-09-18 14:36:57,464 | [ZBRA] ACTION: No trade.
2026-09-18 14:36:57,483 | [ZTS] choppy/sideways (ADX 18.2) -> mean-reversion strategy | Signal: HOLD | Shares held: 0.0 | Last price: $72.84
2026-09-18 14:36:57,483 | [ZTS] ACTION: No trade.
2026-09-18 14:51:57,802 | Market is open (closes 2026-09-18 22:00:00 CEST your local time). Checking 490 symbols: A, AAPL, ABBV, ABNB, ABT, ACGL, ACN, ADBE, ADI, ADM, ADP, ADSK, AEE, AEP, AES, AFL, AIG, AIZ, AJG, AKAM, ALB, ALGN, ALL, ALLE, AMAT, AMCR, AMD, AME, AMGN, AMP, AMT, AMZN, ANET, AON, APA, APD, APH, APO, APP, APTV, ARE, ARES, ATO, AVGO, AVY, AWK, AXON, AXP, AZO, BA, BAC, BALL, BAX, BBY, BDX, BG, BIIB, BKNG, BKR, BLDR, BLK, BMY, BNY, BR, BRK.B, BRO, BSX, BX, C, CAH, CARR, CASY, CAT, CB, CBOE, CBRE, CCI, CCL, CDNS, CDW, CEG, CF, CFG, CHD, CHRW, CHTR, CI, CIEN, CINF, CL, CLX, CMCSA, CME, CMG, CMI, CMS, CNC, CNP, COF, COHR, COIN, COO, COP, COR, COST, CPAY, CPRT, CPT, CRH, CRL, CRM, CRWD, CSCO, CSGP, CSX, CTAS, CTSH, CTVA, CVNA, CVS, CVX, D, DAL, DASH, DD, DDOG, DE, DECK, DELL, DG, DGX, DHI, DHR, DIS, DLR, DLTR, DOC, DOV, DOW, DPZ, DRI, DTE, DUK, DVA, DVN, DXCM, EBAY, ECHO, ECL, ED, EFX, EG, EIX, EL, ELV, EME, EMR, EOG, EQIX, EQT, ES, ESS, ETN, ETR, EVRG, EW, EXC, EXE, EXPD, EXPE, EXR, F, FANG, FAST, FCX, FDS, FDX, FDXF, FE, FERG, FFIV, FICO, FIS, FISV, FITB, FIX, FLEX, FOXA, FSLR, FTNT, FTV, GD, GDDY, GE, GEHC, GEN, GEV, GILD, GIS, GLW, GM, GNRC, GOOG, GOOGL, GPC, GPN, GRMN, GS, GWW, HAL, HAS, HBAN, HCA, HD, HIG, HII, HLT, HON, HONA, HOOD, HPE, HPQ, HSIC, HST, HSY, HUBB, HUM, HWM, IBKR, IBM, ICE, IDXX, IEX, IFF, INCY, INTC, INTU, INVH, IP, IQV, IR, IRM, ISRG, IT, ITW, IVZ, J, JBHT, JBL, JCI, JKHY, JNJ, JPM, KDP, KEY, KEYS, KHC, KIM, KKR, KLAC, KMB, KMI, KO, KR, KVUE, L, LDOS, LEN, LH, LHX, LII, LIN, LITE, LLY, LMT, LNT, LOW, LRCX, LULU, LUV, LVS, LYB, LYV, MA, MAA, MAR, MAS, MCD, MCHP, MCK, MCO, MDLZ, MDT, MET, META, MKC, MLM, MMM, MNST, MO, MOS, MPC, MPWR, MRK, MRNA, MRSH, MRVL, MS, MSCI, MSFT, MSI, MTB, MTD, MU, NCLH, NDAQ, NDSN, NEE, NEM, NFLX, NI, NKE, NOC, NOW, NRG, NSC, NTAP, NTRS, NUE, NVDA, NVR, NWSA, NXPI, O, ODFL, OKE, OMC, ON, ORCL, ORLY, OTIS, OXY, PANW, PAYX, PCAR, PCG, PEG, PEP, PFE, PFG, PG, PGR, PH, PHM, PKG, PLD, PLTR, PM, PNC, PNR, PODD, PPG, PPL, PRU, PSA, PSKY, PSX, PTC, PWR, PYPL, Q, QCOM, RCL, RDDT, REG, REGN, RF, RJF, RL, RMD, ROK, ROL, ROP, ROST, RSG, RTX, RVTY, SBAC, SBUX, SCHW, SHW, SJM, SLB, SMCI, SNA, SNDK, SNPS, SO, SPG, SPGI, SRE, STE, STLD, STT, STX, STZ, SW, SWK, SWKS, SYF, SYK, SYY, T, TAP, TDG, TDY, TECH, TEL, TER, TFC, TGT, TJX, TKO, TMO, TMUS, TPL, TPR, TRGP, TRMB, TROW, TRV, TSCO, TSLA, TSN, TT, TTD, TTWO, TXN, TXT, TYL, UAL, UBER, UDR, UHS, ULTA, UNH, UNP, UPS, URI, USB, V, VEEV, VICI, VLO, VLTO, VMC, VMRK, VRSK, VRSN, VRT, VRTX, VST, VTR, VTRS, VZ, WAB, WAT, WBD, WDAY, WDC, WEC, WELL, WFC, WM, WMB, WMT, WRB, WSM, WST, WTW, WY, WYNN, XEL, XOM, XYL, XYZ, YUM, ZBH, ZBRA, ZTS
2026-09-18 14:52:21,392 | [A] trending (ADX 26.7) -> trend-following strategy | Signal: HOLD | Shares held: 0.0 | Last price: $155.89
2026-09-18 14:52:21,392 | [A] ACTION: No trade.
2026-09-18 14:52:21,412 | [AAPL] trending (ADX 29.3) -> trend-following strategy | Signal: HOLD | Shares held: 0.0 | Last price: $332.68
2026-09-18 14:52:21,412 | [AAPL] ACTION: No trade.
2026-09-18 14:52:21,432 | [ABBV] trending (ADX 27.5) -> trend-following strategy | Signal: HOLD | Shares held: 0.0 | Last price: $263.92
2026-09-18 14:52:21,432 | [ABBV] ACTION: No trade.
2026-09-18 14:52:21,453 | [ABNB] trending (ADX 32.3) -> trend-following strategy | Signal: HOLD | Shares held: 0.0 | Last price: $165.53
2026-09-18 14:52:21,453 | [ABNB] ACTION: No trade.
2026-09-18 14:52:21,473 | [ABT] choppy/sideways (ADX 23.4) -> mean-reversion strategy | Signal: HOLD | Shares held: 0.0 | Last price: $102.58
2026-09-18 14:52:21,473 | [ABT] ACTION: No trade.
2026-09-18 14:52:21,499 | [ACGL] choppy/sideways (ADX 11.2) -> mean-reversion strategy | Signal: HOLD | Shares held: 0.0 | Last price: $96.23
2026-09-18 14:52:21,499 | [ACGL] ACTION: No trade.
2026-09-18 14:52:21,519 | [ACN] trending (ADX 31.9) -> trend-following strategy | Signal: HOLD | Shares held: 0.0 | Last price: $183.90
2026-09-18 14:52:21,519 | [ACN] ACTION: No trade.
2026-09-18 14:52:21,539 | [ADBE] choppy/sideways (ADX 22.3) -> mean-reversion strategy | Signal: HOLD | Shares held: 0.0 | Last price: $249.01
2026-09-18 14:52:21,540 | [ADBE] ACTION: No trade.
2026-09-18 14:52:21,559 | [ADI] choppy/sideways (ADX 22.7) -> mean-reversion strategy | Signal: HOLD | Shares held: 0.0 | Last price: $368.44
2026-09-18 14:52:21,559 | [ADI] ACTION: No trade.
2026-09-18 14:52:21,579 | [ADM] trending (ADX 30.4) -> trend-following strategy | Signal: HOLD | Shares held: 0.0 | Last price: $86.15
2026-09-18 14:52:21,579 | [ADM] ACTION: No trade.
2026-09-18 14:52:21,599 | [ADP] trending (ADX 39.2) -> trend-following strategy | Signal: HOLD | Shares held: 0.0 | Last price: $270.79
2026-09-18 14:52:21,599 | [ADP] ACTION: No trade.
2026-09-18 14:52:21,620 | [ADSK] choppy/sideways (ADX 22.6) -> mean-reversion strategy | Signal: HOLD | Shares held: 0.0 | Last price: $216.47
2026-09-18 14:52:21,620 | [ADSK] ACTION: No trade.
2026-09-18 14:52:21,640 | [AEE] choppy/sideways (ADX 17.0) -> mean-reversion strategy | Signal: HOLD | Shares held: 0.0 | Last price: $102.89
2026-09-18 14:52:21,640 | [AEE] ACTION: No trade.
2026-09-18 14:52:21,660 | [AEP] choppy/sideways (ADX 21.4) -> mean-reversion strategy | Signal: HOLD | Shares held: 0.0 | Last price: $120.55
2026-09-18 14:52:21,660 | [AEP] ACTION: No trade.
2026-09-18 14:52:21,682 | [AES] trending (ADX 50.7) -> trend-following strategy | Signal: SELL | Shares held: 0.0 | Last price: $14.85
2026-09-18 14:52:21,682 | [AES] ACTION: No trade.
2026-09-18 14:52:21,706 | [AFL] trending (ADX 28.1) -> trend-following strategy | Signal: HOLD | Shares held: 0.0 | Last price: $115.90
2026-09-18 14:52:21,706 | [AFL] ACTION: No trade.
2026-09-18 14:52:21,727 | [AIG] choppy/sideways (ADX 11.2) -> mean-reversion strategy | Signal: HOLD | Shares held: 0.0 | Last price: $75.69
2026-09-18 14:52:21,727 | [AIG] ACTION: No trade.
2026-09-18 14:52:21,747 | [AIZ] trending (ADX 27.7) -> trend-following strategy | Signal: HOLD | Shares held: 0.0 | Last price: $281.38
2026-09-18 14:52:21,747 | [AIZ] ACTION: No trade.
2026-09-18 14:52:21,767 | [AJG] choppy/sideways (ADX 20.8) -> mean-reversion strategy | Signal: HOLD | Shares held: 0.0 | Last price: $241.32
2026-09-18 14:52:21,767 | [AJG] ACTION: No trade.
2026-09-18 14:52:21,787 | [AKAM] trending (ADX 25.4) -> trend-following strategy | Signal: HOLD | Shares held: 0.0 | Last price: $103.14
2026-09-18 14:52:21,788 | [AKAM] ACTION: No trade.
2026-09-18 14:52:21,807 | [ALB] trending (ADX 39.5) -> trend-following strategy | Signal: HOLD | Shares held: 0.0 | Last price: $111.19
2026-09-18 14:52:21,807 | [ALB] ACTION: No trade.
2026-09-18 14:52:21,827 | [ALGN] trending (ADX 27.3) -> trend-following strategy | Signal: HOLD | Shares held: 0.0 | Last price: $148.03
2026-09-18 14:52:21,828 | [ALGN] ACTION: No trade.
2026-09-18 14:52:21,848 | [ALL] trending (ADX 39.6) -> trend-following strategy | Signal: HOLD | Shares held: 0.0 | Last price: $249.06
2026-09-18 14:52:21,848 | [ALL] ACTION: No trade.
2026-09-18 14:52:21,868 | [ALLE] trending (ADX 26.0) -> trend-following strategy | Signal: HOLD | Shares held: 0.0 | Last price: $151.71
2026-09-18 14:52:21,868 | [ALLE] ACTION: No trade.
2026-09-18 14:52:21,888 | [AMAT] trending (ADX 33.0) -> trend-following strategy | Signal: HOLD | Shares held: 0.0 | Last price: $430.16
2026-09-18 14:52:21,888 | [AMAT] ACTION: No trade.
2026-09-18 14:52:21,908 | [AMCR] choppy/sideways (ADX 23.4) -> mean-reversion strategy | Signal: HOLD | Shares held: 0.0 | Last price: $42.17
2026-09-18 14:52:21,908 | [AMCR] ACTION: No trade.
2026-09-18 14:52:21,928 | [AMD] trending (ADX 41.0) -> trend-following strategy | Signal: HOLD | Shares held: 0.0 | Last price: $543.93
2026-09-18 14:52:21,929 | [AMD] ACTION: No trade.
2026-09-18 14:52:21,948 | [AME] choppy/sideways (ADX 18.1) -> mean-reversion strategy | Signal: HOLD | Shares held: 0.0 | Last price: $235.92
2026-09-18 14:52:21,948 | [AME] ACTION: No trade.
2026-09-18 14:52:21,968 | [AMGN] trending (ADX 26.8) -> trend-following strategy | Signal: HOLD | Shares held: 0.0 | Last price: $381.58
2026-09-18 14:52:21,969 | [AMGN] ACTION: No trade.
2026-09-18 14:52:22,009 | [AMP] choppy/sideways (ADX 19.3) -> mean-reversion strategy | Signal: HOLD | Shares held: 0.0 | Last price: $541.22
2026-09-18 14:52:22,009 | [AMP] ACTION: No trade.
2026-09-18 14:52:22,029 | [AMT] trending (ADX 38.1) -> trend-following strategy | Signal: HOLD | Shares held: 0.0 | Last price: $173.97
2026-09-18 14:52:22,029 | [AMT] ACTION: No trade.
2026-09-18 14:52:22,049 | [AMZN] trending (ADX 31.0) -> trend-following strategy | Signal: HOLD | Shares held: 0.0 | Last price: $252.96
2026-09-18 14:52:22,049 | [AMZN] ACTION: No trade.
2026-09-18 14:52:22,069 | [ANET] choppy/sideways (ADX 16.1) -> mean-reversion strategy | Signal: HOLD | Shares held: 0.0 | Last price: $197.59
2026-09-18 14:52:22,069 | [ANET] ACTION: No trade.
2026-09-18 14:52:22,089 | [AON] choppy/sideways (ADX 22.3) -> mean-reversion strategy | Signal: HOLD | Shares held: 0.0 | Last price: $296.60
2026-09-18 14:52:22,089 | [AON] ACTION: No trade.
2026-09-18 14:52:22,109 | [APA] choppy/sideways (ADX 19.6) -> mean-reversion strategy | Signal: HOLD | Shares held: 0.0 | Last price: $45.20
2026-09-18 14:52:22,109 | [APA] ACTION: No trade.
2026-09-18 14:52:22,129 | [APD] choppy/sideways (ADX 22.1) -> mean-reversion strategy | Signal: HOLD | Shares held: 0.0 | Last price: $282.81
2026-09-18 14:52:22,129 | [APD] ACTION: No trade.
2026-09-18 14:52:22,150 | [APH] trending (ADX 34.4) -> trend-following strategy | Signal: HOLD | Shares held: 0.0 | Last price: $78.98
2026-09-18 14:52:22,150 | [APH] ACTION: No trade.
2026-09-18 14:52:22,170 | [APO] choppy/sideways (ADX 23.9) -> mean-reversion strategy | Signal: HOLD | Shares held: 0.0 | Last price: $125.42
2026-09-18 14:52:22,170 | [APO] ACTION: No trade.
2026-09-18 14:52:22,190 | [APP] choppy/sideways (ADX 19.7) -> mean-reversion strategy | Signal: HOLD | Shares held: 0.0 | Last price: $316.41
2026-09-18 14:52:22,190 | [APP] ACTION: No trade.
2026-09-18 14:52:22,210 | [APTV] choppy/sideways (ADX 23.6) -> mean-reversion strategy | Signal: HOLD | Shares held: 0.0 | Last price: $43.27
2026-09-18 14:52:22,210 | [APTV] ACTION: No trade.
2026-09-18 14:52:22,230 | [ARE] trending (ADX 33.8) -> trend-following strategy | Signal: HOLD | Shares held: 0.0 | Last price: $55.97
2026-09-18 14:52:22,230 | [ARE] ACTION: No trade.
2026-09-18 14:52:22,250 | [ARES] trending (ADX 25.4) -> trend-following strategy | Signal: HOLD | Shares held: 0.0 | Last price: $124.11
2026-09-18 14:52:22,250 | [ARES] ACTION: No trade.
2026-09-18 14:52:22,269 | [ATO] trending (ADX 27.9) -> trend-following strategy | Signal: HOLD | Shares held: 0.0 | Last price: $160.44
2026-09-18 14:52:22,270 | [ATO] ACTION: No trade.
2026-09-18 14:52:22,289 | [AVGO] trending (ADX 46.2) -> trend-following strategy | Signal: HOLD | Shares held: 0.0 | Last price: $358.17
2026-09-18 14:52:22,289 | [AVGO] ACTION: No trade.
2026-09-18 14:52:22,309 | [AVY] trending (ADX 27.6) -> trend-following strategy | Signal: HOLD | Shares held: 0.0 | Last price: $169.52
2026-09-18 14:52:22,310 | [AVY] ACTION: No trade.
2026-09-18 14:52:22,330 | [AWK] trending (ADX 28.4) -> trend-following strategy | Signal: HOLD | Shares held: 0.0 | Last price: $136.14
2026-09-18 14:52:22,330 | [AWK] ACTION: No trade.
2026-09-18 14:52:22,350 | [AXON] choppy/sideways (ADX 18.6) -> mean-reversion strategy | Signal: HOLD | Shares held: 0.0 | Last price: $450.81
2026-09-18 14:52:22,350 | [AXON] ACTION: No trade.
2026-09-18 14:52:22,370 | [AXP] trending (ADX 30.7) -> trend-following strategy | Signal: HOLD | Shares held: 0.0 | Last price: $309.73
2026-09-18 14:52:22,370 | [AXP] ACTION: No trade.
2026-09-18 14:52:22,390 | [AZO] trending (ADX 26.5) -> trend-following strategy | Signal: HOLD | Shares held: 0.0 | Last price: $2840.03
2026-09-18 14:52:22,390 | [AZO] ACTION: No trade.
2026-09-18 14:52:22,410 | [BA] trending (ADX 34.5) -> trend-following strategy | Signal: HOLD | Shares held: 0.0 | Last price: $196.37
2026-09-18 14:52:22,410 | [BA] ACTION: No trade.
2026-09-18 14:52:22,430 | [BAC] choppy/sideways (ADX 14.4) -> mean-reversion strategy | Signal: HOLD | Shares held: 0.0 | Last price: $57.98
2026-09-18 14:52:22,430 | [BAC] ACTION: No trade.
2026-09-18 14:52:22,450 | [BALL] choppy/sideways (ADX 8.3) -> mean-reversion strategy | Signal: HOLD | Shares held: 0.0 | Last price: $60.62
2026-09-18 14:52:22,450 | [BALL] ACTION: No trade.
2026-09-18 14:52:22,470 | [BAX] choppy/sideways (ADX 22.6) -> mean-reversion strategy | Signal: HOLD | Shares held: 0.0 | Last price: $22.80
2026-09-18 14:52:22,470 | [BAX] ACTION: No trade.
2026-09-18 14:52:22,490 | [BBY] choppy/sideways (ADX 16.8) -> mean-reversion strategy | Signal: HOLD | Shares held: 0.0 | Last price: $94.35
2026-09-18 14:52:22,490 | [BBY] ACTION: No trade.
2026-09-18 14:52:22,510 | [BDX] trending (ADX 37.3) -> trend-following strategy | Signal: HOLD | Shares held: 0.0 | Last price: $180.17
2026-09-18 14:52:22,510 | [BDX] ACTION: No trade.
2026-09-18 14:52:22,530 | [BG] choppy/sideways (ADX 23.8) -> mean-reversion strategy | Signal: HOLD | Shares held: 0.0 | Last price: $117.34
2026-09-18 14:52:22,530 | [BG] ACTION: No trade.
2026-09-18 14:52:22,550 | [BIIB] trending (ADX 26.6) -> trend-following strategy | Signal: HOLD | Shares held: 0.0 | Last price: $218.56
2026-09-18 14:52:22,550 | [BIIB] ACTION: No trade.
2026-09-18 14:52:22,570 | [BKNG] trending (ADX 29.8) -> trend-following strategy | Signal: HOLD | Shares held: 0.0 | Last price: $168.56
2026-09-18 14:52:22,570 | [BKNG] ACTION: No trade.
2026-09-18 14:52:22,590 | [BKR] choppy/sideways (ADX 12.0) -> mean-reversion strategy | Signal: HOLD | Shares held: 0.0 | Last price: $56.72
2026-09-18 14:52:22,590 | [BKR] ACTION: No trade.
2026-09-18 14:52:22,610 | [BLDR] choppy/sideways (ADX 17.7) -> mean-reversion strategy | Signal: HOLD | Shares held: 0.0 | Last price: $57.02
2026-09-18 14:52:22,611 | [BLDR] ACTION: No trade.
2026-09-18 14:52:22,630 | [BLK] choppy/sideways (ADX 22.9) -> mean-reversion strategy | Signal: HOLD | Shares held: 0.0 | Last price: $1049.07
2026-09-18 14:52:22,631 | [BLK] ACTION: No trade.
2026-09-18 14:52:22,651 | [BMY] trending (ADX 29.9) -> trend-following strategy | Signal: HOLD | Shares held: 0.0 | Last price: $62.48
2026-09-18 14:52:22,651 | [BMY] ACTION: No trade.
2026-09-18 14:52:22,671 | [BNY] choppy/sideways (ADX 19.3) -> mean-reversion strategy | Signal: HOLD | Shares held: 0.0 | Last price: $152.53
2026-09-18 14:52:22,671 | [BNY] ACTION: No trade.
2026-09-18 14:52:22,691 | [BR] trending (ADX 54.7) -> trend-following strategy | Signal: HOLD | Shares held: 0.0 | Last price: $163.99
2026-09-18 14:52:22,691 | [BR] ACTION: No trade.
2026-09-18 14:52:22,711 | [BRK.B] trending (ADX 42.0) -> trend-following strategy | Signal: HOLD | Shares held: 0.0 | Last price: $506.71
2026-09-18 14:52:22,711 | [BRK.B] ACTION: No trade.
2026-09-18 14:52:22,731 | [BRO] choppy/sideways (ADX 17.4) -> mean-reversion strategy | Signal: HOLD | Shares held: 0.0 | Last price: $65.36
2026-09-18 14:52:22,731 | [BRO] ACTION: No trade.
2026-09-18 14:52:22,751 | [BSX] choppy/sideways (ADX 21.7) -> mean-reversion strategy | Signal: HOLD | Shares held: 0.0 | Last price: $43.60
2026-09-18 14:52:22,751 | [BSX] ACTION: No trade.
2026-09-18 14:52:22,771 | [BX] choppy/sideways (ADX 18.5) -> mean-reversion strategy | Signal: HOLD | Shares held: 0.0 | Last price: $124.18
2026-09-18 14:52:22,771 | [BX] ACTION: No trade.
2026-09-18 14:52:22,791 | [C] choppy/sideways (ADX 7.7) -> mean-reversion strategy | Signal: HOLD | Shares held: 0.0 | Last price: $132.17
2026-09-18 14:52:22,791 | [C] ACTION: No trade.
2026-09-18 14:52:22,811 | [CAH] trending (ADX 50.4) -> trend-following strategy | Signal: HOLD | Shares held: 0.0 | Last price: $223.24
2026-09-18 14:52:22,811 | [CAH] ACTION: No trade.
2026-09-18 14:52:22,831 | [CARR] choppy/sideways (ADX 11.4) -> mean-reversion strategy | Signal: HOLD | Shares held: 0.0 | Last price: $53.80
2026-09-18 14:52:22,831 | [CARR] ACTION: No trade.
2026-09-18 14:52:22,851 | [CASY] trending (ADX 26.2) -> trend-following strategy | Signal: HOLD | Shares held: 0.0 | Last price: $606.00
2026-09-18 14:52:22,851 | [CASY] ACTION: No trade.
2026-09-18 14:52:22,871 | [CAT] trending (ADX 27.1) -> trend-following strategy | Signal: HOLD | Shares held: 0.0 | Last price: $803.32
2026-09-18 14:52:22,871 | [CAT] ACTION: No trade.
2026-09-18 14:52:22,891 | [CB] choppy/sideways (ADX 15.4) -> mean-reversion strategy | Signal: HOLD | Shares held: 0.0 | Last price: $340.27
2026-09-18 14:52:22,891 | [CB] ACTION: No trade.
2026-09-18 14:52:22,911 | [CBOE] choppy/sideways (ADX 24.2) -> mean-reversion strategy | Signal: HOLD | Shares held: 0.0 | Last price: $268.95
2026-09-18 14:52:22,911 | [CBOE] ACTION: No trade.
2026-09-18 14:52:22,931 | [CBRE] choppy/sideways (ADX 23.7) -> mean-reversion strategy | Signal: HOLD | Shares held: 0.0 | Last price: $138.52
2026-09-18 14:52:22,931 | [CBRE] ACTION: No trade.
2026-09-18 14:52:22,951 | [CCI] choppy/sideways (ADX 19.0) -> mean-reversion strategy | Signal: HOLD | Shares held: 0.0 | Last price: $73.26
2026-09-18 14:52:22,951 | [CCI] ACTION: No trade.
2026-09-18 14:52:22,971 | [CCL] choppy/sideways (ADX 22.7) -> mean-reversion strategy | Signal: HOLD | Shares held: 0.0 | Last price: $21.95
2026-09-18 14:52:22,971 | [CCL] ACTION: No trade.
2026-09-18 14:52:22,992 | [CDNS] trending (ADX 25.9) -> trend-following strategy | Signal: HOLD | Shares held: 0.0 | Last price: $282.19
2026-09-18 14:52:22,992 | [CDNS] ACTION: No trade.
2026-09-18 14:52:23,012 | [CDW] trending (ADX 27.2) -> trend-following strategy | Signal: HOLD | Shares held: 0.0 | Last price: $145.60
2026-09-18 14:52:23,012 | [CDW] ACTION: No trade.
2026-09-18 14:52:23,032 | [CEG] choppy/sideways (ADX 20.0) -> mean-reversion strategy | Signal: HOLD | Shares held: 0.0 | Last price: $258.13
2026-09-18 14:52:23,032 | [CEG] ACTION: No trade.
2026-09-18 14:52:23,052 | [CF] trending (ADX 26.6) -> trend-following strategy | Signal: HOLD | Shares held: 0.0 | Last price: $131.39
2026-09-18 14:52:23,052 | [CF] ACTION: No trade.
2026-09-18 14:52:23,072 | [CFG] choppy/sideways (ADX 18.2) -> mean-reversion strategy | Signal: HOLD | Shares held: 0.0 | Last price: $67.05
2026-09-18 14:52:23,072 | [CFG] ACTION: No trade.
2026-09-18 14:52:23,093 | [CHD] trending (ADX 32.1) -> trend-following strategy | Signal: HOLD | Shares held: 0.0 | Last price: $94.97
2026-09-18 14:52:23,093 | [CHD] ACTION: No trade.
2026-09-18 14:52:23,113 | [CHRW] choppy/sideways (ADX 23.2) -> mean-reversion strategy | Signal: HOLD | Shares held: 0.0 | Last price: $153.17
2026-09-18 14:52:23,113 | [CHRW] ACTION: No trade.
2026-09-18 14:52:23,133 | [CHTR] trending (ADX 41.9) -> trend-following strategy | Signal: HOLD | Shares held: 0.0 | Last price: $130.77
2026-09-18 14:52:23,133 | [CHTR] ACTION: No trade.
2026-09-18 14:52:23,153 | [CI] trending (ADX 44.0) -> trend-following strategy | Signal: HOLD | Shares held: 0.0 | Last price: $275.16
2026-09-18 14:52:23,153 | [CI] ACTION: No trade.
2026-09-18 14:52:23,173 | [CIEN] choppy/sideways (ADX 19.4) -> mean-reversion strategy | Signal: HOLD | Shares held: 0.0 | Last price: $342.98
2026-09-18 14:52:23,173 | [CIEN] ACTION: No trade.
2026-09-18 14:52:23,193 | [CINF] trending (ADX 34.0) -> trend-following strategy | Signal: HOLD | Shares held: 0.0 | Last price: $168.20
2026-09-18 14:52:23,193 | [CINF] ACTION: No trade.
2026-09-18 14:52:23,214 | [CL] choppy/sideways (ADX 13.5) -> mean-reversion strategy | Signal: HOLD | Shares held: 0.0 | Last price: $87.47
2026-09-18 14:52:23,214 | [CL] ACTION: No trade.
2026-09-18 14:52:23,234 | [CLX] choppy/sideways (ADX 22.3) -> mean-reversion strategy | Signal: HOLD | Shares held: 0.0 | Last price: $84.14
2026-09-18 14:52:23,234 | [CLX] ACTION: No trade.
2026-09-18 14:52:23,254 | [CMCSA] trending (ADX 57.8) -> trend-following strategy | Signal: HOLD | Shares held: 0.0 | Last price: $22.84
2026-09-18 14:52:23,254 | [CMCSA] ACTION: No trade.
2026-09-18 14:52:23,274 | [CME] choppy/sideways (ADX 15.8) -> mean-reversion strategy | Signal: HOLD | Shares held: 0.0 | Last price: $272.86
2026-09-18 14:52:23,274 | [CME] ACTION: No trade.
2026-09-18 14:52:23,294 | [CMG] trending (ADX 33.7) -> trend-following strategy | Signal: HOLD | Shares held: 0.0 | Last price: $33.09
2026-09-18 14:52:23,294 | [CMG] ACTION: No trade.
2026-09-18 14:52:23,314 | [CMI] choppy/sideways (ADX 11.7) -> mean-reversion strategy | Signal: HOLD | Shares held: 0.0 | Last price: $524.67
2026-09-18 14:52:23,314 | [CMI] ACTION: No trade.
2026-09-18 14:52:23,336 | [CMS] choppy/sideways (ADX 19.5) -> mean-reversion strategy | Signal: HOLD | Shares held: 0.0 | Last price: $65.50
2026-09-18 14:52:23,336 | [CMS] ACTION: No trade.
2026-09-18 14:52:23,357 | [CNC] choppy/sideways (ADX 19.1) -> mean-reversion strategy | Signal: HOLD | Shares held: 0.0 | Last price: $66.15
2026-09-18 14:52:23,357 | [CNC] ACTION: No trade.
2026-09-18 14:52:23,377 | [CNP] choppy/sideways (ADX 22.0) -> mean-reversion strategy | Signal: HOLD | Shares held: 0.0 | Last price: $38.39
2026-09-18 14:52:23,377 | [CNP] ACTION: No trade.
2026-09-18 14:52:23,397 | [COF] choppy/sideways (ADX 22.5) -> mean-reversion strategy | Signal: HOLD | Shares held: 0.0 | Last price: $202.18
2026-09-18 14:52:23,397 | [COF] ACTION: No trade.
2026-09-18 14:52:23,417 | [COHR] choppy/sideways (ADX 24.8) -> mean-reversion strategy | Signal: HOLD | Shares held: 0.0 | Last price: $307.64
2026-09-18 14:52:23,417 | [COHR] ACTION: No trade.
2026-09-18 14:52:23,437 | [COIN] trending (ADX 43.9) -> trend-following strategy | Signal: HOLD | Shares held: 0.0 | Last price: $191.37
2026-09-18 14:52:23,437 | [COIN] ACTION: No trade.
2026-09-18 14:52:23,457 | [COO] trending (ADX 29.4) -> trend-following strategy | Signal: HOLD | Shares held: 0.0 | Last price: $55.15
2026-09-18 14:52:23,457 | [COO] ACTION: No trade.
2026-09-18 14:52:23,477 | [COP] choppy/sideways (ADX 22.9) -> mean-reversion strategy | Signal: HOLD | Shares held: 0.0 | Last price: $133.24
2026-09-18 14:52:23,477 | [COP] ACTION: No trade.
2026-09-18 14:52:23,497 | [COR] trending (ADX 61.7) -> trend-following strategy | Signal: HOLD | Shares held: 0.0 | Last price: $306.29
2026-09-18 14:52:23,497 | [COR] ACTION: No trade.
2026-09-18 14:52:23,518 | [COST] trending (ADX 30.5) -> trend-following strategy | Signal: HOLD | Shares held: 0.0 | Last price: $895.91
2026-09-18 14:52:23,518 | [COST] ACTION: No trade.
2026-09-18 14:52:23,538 | [CPAY] trending (ADX 25.2) -> trend-following strategy | Signal: HOLD | Shares held: 0.0 | Last price: $400.72
2026-09-18 14:52:23,538 | [CPAY] ACTION: No trade.
2026-09-18 14:52:23,558 | [CPRT] trending (ADX 32.8) -> trend-following strategy | Signal: HOLD | Shares held: 0.0 | Last price: $29.46
2026-09-18 14:52:23,558 | [CPRT] ACTION: No trade.
2026-09-18 14:52:23,578 | [CPT] trending (ADX 38.0) -> trend-following strategy | Signal: HOLD | Shares held: 0.0 | Last price: $100.83
2026-09-18 14:52:23,578 | [CPT] ACTION: No trade.
2026-09-18 14:52:23,598 | [CRH] choppy/sideways (ADX 18.2) -> mean-reversion strategy | Signal: HOLD | Shares held: 0.0 | Last price: $85.95
2026-09-18 14:52:23,598 | [CRH] ACTION: No trade.
2026-09-18 14:52:23,618 | [CRL] trending (ADX 28.7) -> trend-following strategy | Signal: HOLD | Shares held: 0.0 | Last price: $277.74
2026-09-18 14:52:23,618 | [CRL] ACTION: No trade.
2026-09-18 14:52:23,638 | [CRM] trending (ADX 42.0) -> trend-following strategy | Signal: HOLD | Shares held: 0.0 | Last price: $238.99
2026-09-18 14:52:23,638 | [CRM] ACTION: No trade.
2026-09-18 14:52:23,659 | [CRWD] choppy/sideways (ADX 21.2) -> mean-reversion strategy | Signal: HOLD | Shares held: 0.0 | Last price: $236.87
2026-09-18 14:52:23,659 | [CRWD] ACTION: No trade.
2026-09-18 14:52:23,679 | [CSCO] choppy/sideways (ADX 15.5) -> mean-reversion strategy | Signal: HOLD | Shares held: 0.0 | Last price: $108.81
2026-09-18 14:52:23,679 | [CSCO] ACTION: No trade.
2026-09-18 14:52:23,699 | [CSGP] trending (ADX 43.5) -> trend-following strategy | Signal: HOLD | Shares held: 0.0 | Last price: $29.84
2026-09-18 14:52:23,699 | [CSGP] ACTION: No trade.
2026-09-18 14:52:23,719 | [CSX] trending (ADX 27.7) -> trend-following strategy | Signal: HOLD | Shares held: 0.0 | Last price: $47.24
2026-09-18 14:52:23,719 | [CSX] ACTION: No trade.
2026-09-18 14:52:23,739 | [CTAS] trending (ADX 27.4) -> trend-following strategy | Signal: HOLD | Shares held: 0.0 | Last price: $198.60
2026-09-18 14:52:23,739 | [CTAS] ACTION: No trade.
2026-09-18 14:52:23,760 | [CTSH] trending (ADX 33.2) -> trend-following strategy | Signal: HOLD | Shares held: 0.0 | Last price: $60.37
2026-09-18 14:52:23,760 | [CTSH] ACTION: No trade.
2026-09-18 14:52:23,780 | [CTVA] trending (ADX 25.0) -> trend-following strategy | Signal: HOLD | Shares held: 0.0 | Last price: $80.92
2026-09-18 14:52:23,780 | [CTVA] ACTION: No trade.
2026-09-18 14:52:23,800 | [CVNA] choppy/sideways (ADX 18.5) -> mean-reversion strategy | Signal: HOLD | Shares held: 0.0 | Last price: $66.10
2026-09-18 14:52:23,800 | [CVNA] ACTION: No trade.
2026-09-18 14:52:23,820 | [CVS] trending (ADX 43.2) -> trend-following strategy | Signal: HOLD | Shares held: 0.0 | Last price: $88.69
2026-09-18 14:52:23,820 | [CVS] ACTION: No trade.
2026-09-18 14:52:23,841 | [CVX] choppy/sideways (ADX 23.1) -> mean-reversion strategy | Signal: HOLD | Shares held: 0.0 | Last price: $211.56
2026-09-18 14:52:23,841 | [CVX] ACTION: No trade.
2026-09-18 14:52:23,861 | [D] choppy/sideways (ADX 16.0) -> mean-reversion strategy | Signal: HOLD | Shares held: 0.0 | Last price: $63.77
2026-09-18 14:52:23,861 | [D] ACTION: No trade.
2026-09-18 14:52:23,881 | [DAL] choppy/sideways (ADX 17.5) -> mean-reversion strategy | Signal: HOLD | Shares held: 0.0 | Last price: $79.56
2026-09-18 14:52:23,881 | [DAL] ACTION: No trade.
2026-09-18 14:52:23,901 | [DASH] choppy/sideways (ADX 13.9) -> mean-reversion strategy | Signal: HOLD | Shares held: 0.0 | Last price: $193.89
2026-09-18 14:52:23,901 | [DASH] ACTION: No trade.
2026-09-18 14:52:23,921 | [DD] trending (ADX 27.9) -> trend-following strategy | Signal: HOLD | Shares held: 0.0 | Last price: $128.65
2026-09-18 14:52:23,921 | [DD] ACTION: No trade.
2026-09-18 14:52:23,941 | [DDOG] trending (ADX 26.8) -> trend-following strategy | Signal: HOLD | Shares held: 0.0 | Last price: $229.41
2026-09-18 14:52:23,942 | [DDOG] ACTION: No trade.
2026-09-18 14:52:23,962 | [DE] trending (ADX 30.3) -> trend-following strategy | Signal: HOLD | Shares held: 0.0 | Last price: $683.75
2026-09-18 14:52:23,962 | [DE] ACTION: No trade.
2026-09-18 14:52:23,982 | [DECK] trending (ADX 30.5) -> trend-following strategy | Signal: HOLD | Shares held: 0.0 | Last price: $78.65
2026-09-18 14:52:23,982 | [DECK] ACTION: No trade.
2026-09-18 14:52:24,002 | [DELL] trending (ADX 26.6) -> trend-following strategy | Signal: HOLD | Shares held: 0.0 | Last price: $582.45
2026-09-18 14:52:24,002 | [DELL] ACTION: No trade.
2026-09-18 14:52:24,022 | [DG] choppy/sideways (ADX 19.7) -> mean-reversion strategy | Signal: HOLD | Shares held: 0.0 | Last price: $123.71
2026-09-18 14:52:24,022 | [DG] ACTION: No trade.
2026-09-18 14:52:24,042 | [DGX] choppy/sideways (ADX 13.9) -> mean-reversion strategy | Signal: HOLD | Shares held: 0.0 | Last price: $246.66
2026-09-18 14:52:24,042 | [DGX] ACTION: No trade.
2026-09-18 14:52:24,062 | [DHI] trending (ADX 25.0) -> trend-following strategy | Signal: HOLD | Shares held: 0.0 | Last price: $137.91
2026-09-18 14:52:24,062 | [DHI] ACTION: No trade.
2026-09-18 14:52:24,085 | [DHR] trending (ADX 32.2) -> trend-following strategy | Signal: HOLD | Shares held: 0.0 | Last price: $213.80
2026-09-18 14:52:24,085 | [DHR] ACTION: No trade.
2026-09-18 14:52:24,110 | [DIS] trending (ADX 38.3) -> trend-following strategy | Signal: HOLD | Shares held: 0.0 | Last price: $103.15
2026-09-18 14:52:24,111 | [DIS] ACTION: No trade.
2026-09-18 14:52:24,136 | [DLR] choppy/sideways (ADX 22.5) -> mean-reversion strategy | Signal: HOLD | Shares held: 0.0 | Last price: $183.16
2026-09-18 14:52:24,136 | [DLR] ACTION: No trade.
2026-09-18 14:52:24,167 | [DLTR] choppy/sideways (ADX 12.6) -> mean-reversion strategy | Signal: HOLD | Shares held: 0.0 | Last price: $113.82
2026-09-18 14:52:24,167 | [DLTR] ACTION: No trade.
2026-09-18 14:52:24,191 | [DOC] choppy/sideways (ADX 22.5) -> mean-reversion strategy | Signal: HOLD | Shares held: 0.0 | Last price: $20.52
2026-09-18 14:52:24,191 | [DOC] ACTION: No trade.
2026-09-18 14:52:24,211 | [DOV] choppy/sideways (ADX 22.1) -> mean-reversion strategy | Signal: HOLD | Shares held: 0.0 | Last price: $187.81
2026-09-18 14:52:24,211 | [DOV] ACTION: No trade.
2026-09-18 14:52:24,231 | [DOW] trending (ADX 25.7) -> trend-following strategy | Signal: HOLD | Shares held: 0.0 | Last price: $28.95
2026-09-18 14:52:24,231 | [DOW] ACTION: No trade.
2026-09-18 14:52:24,251 | [DPZ] trending (ADX 36.8) -> trend-following strategy | Signal: HOLD | Shares held: 0.0 | Last price: $296.38
2026-09-18 14:52:24,251 | [DPZ] ACTION: No trade.
2026-09-18 14:52:24,271 | [DRI] trending (ADX 29.0) -> trend-following strategy | Signal: HOLD | Shares held: 0.0 | Last price: $207.91
2026-09-18 14:52:24,271 | [DRI] ACTION: No trade.
2026-09-18 14:52:24,291 | [DTE] choppy/sideways (ADX 19.9) -> mean-reversion strategy | Signal: HOLD | Shares held: 0.0 | Last price: $129.16
2026-09-18 14:52:24,291 | [DTE] ACTION: No trade.
2026-09-18 14:52:24,311 | [DUK] choppy/sideways (ADX 17.8) -> mean-reversion strategy | Signal: HOLD | Shares held: 0.0 | Last price: $117.51
2026-09-18 14:52:24,312 | [DUK] ACTION: No trade.
2026-09-18 14:52:24,332 | [DVA] trending (ADX 47.9) -> trend-following strategy | Signal: HOLD | Shares held: 0.0 | Last price: $181.93
2026-09-18 14:52:24,332 | [DVA] ACTION: No trade.
2026-09-18 14:52:24,352 | [DVN] trending (ADX 29.4) -> trend-following strategy | Signal: BUY | Shares held: 0.0 | Last price: $48.84
2026-09-18 14:52:24,352 | [DVN] ACTION: No trade (conviction score 0 below CONVICTION_ENTRY_GATE_MIN_SCORE=2 -- gate is ON).
2026-09-18 14:52:24,374 | [DXCM] choppy/sideways (ADX 18.9) -> mean-reversion strategy | Signal: HOLD | Shares held: 0.0 | Last price: $88.45
2026-09-18 14:52:24,374 | [DXCM] ACTION: No trade.
2026-09-18 14:52:24,394 | [EBAY] choppy/sideways (ADX 19.3) -> mean-reversion strategy | Signal: HOLD | Shares held: 0.0 | Last price: $112.29
2026-09-18 14:52:24,394 | [EBAY] ACTION: No trade.
2026-09-18 14:52:24,415 | [ECHO] choppy/sideways (ADX 23.9) -> mean-reversion strategy | Signal: HOLD | Shares held: 0.0 | Last price: $92.17
2026-09-18 14:52:24,415 | [ECHO] ACTION: No trade.
2026-09-18 14:52:24,435 | [ECL] trending (ADX 28.0) -> trend-following strategy | Signal: HOLD | Shares held: 0.0 | Last price: $269.17
2026-09-18 14:52:24,435 | [ECL] ACTION: No trade.
2026-09-18 14:52:24,455 | [ED] choppy/sideways (ADX 21.8) -> mean-reversion strategy | Signal: HOLD | Shares held: 0.0 | Last price: $105.99
2026-09-18 14:52:24,455 | [ED] ACTION: No trade.
2026-09-18 14:52:24,475 | [EFX] trending (ADX 45.3) -> trend-following strategy | Signal: HOLD | Shares held: 0.0 | Last price: $160.05
2026-09-18 14:52:24,475 | [EFX] ACTION: No trade.
2026-09-18 14:52:24,495 | [EG] choppy/sideways (ADX 10.2) -> mean-reversion strategy | Signal: HOLD | Shares held: 0.0 | Last price: $374.58
2026-09-18 14:52:24,495 | [EG] ACTION: No trade.
2026-09-18 14:52:24,515 | [EIX] trending (ADX 29.9) -> trend-following strategy | Signal: HOLD | Shares held: 0.0 | Last price: $55.08
2026-09-18 14:52:24,515 | [EIX] ACTION: No trade.
2026-09-18 14:52:24,535 | [EL] choppy/sideways (ADX 11.8) -> mean-reversion strategy | Signal: HOLD | Shares held: 0.0 | Last price: $93.74
2026-09-18 14:52:24,535 | [EL] ACTION: No trade.
2026-09-18 14:52:24,555 | [ELV] choppy/sideways (ADX 24.7) -> mean-reversion strategy | Signal: HOLD | Shares held: 0.0 | Last price: $408.41
2026-09-18 14:52:24,556 | [ELV] ACTION: No trade.
2026-09-18 14:52:24,576 | [EME] choppy/sideways (ADX 23.8) -> mean-reversion strategy | Signal: HOLD | Shares held: 0.0 | Last price: $740.46
2026-09-18 14:52:24,576 | [EME] ACTION: No trade.
2026-09-18 14:52:24,596 | [EMR] choppy/sideways (ADX 12.2) -> mean-reversion strategy | Signal: HOLD | Shares held: 0.0 | Last price: $147.69
2026-09-18 14:52:24,596 | [EMR] ACTION: No trade.
2026-09-18 14:52:24,618 | [EOG] trending (ADX 26.4) -> trend-following strategy | Signal: BUY | Shares held: 0.0 | Last price: $145.50
2026-09-18 14:52:24,618 | [EOG] ACTION: No trade (conviction score 0 below CONVICTION_ENTRY_GATE_MIN_SCORE=2 -- gate is ON).
2026-09-18 14:52:24,638 | [EQIX] trending (ADX 25.6) -> trend-following strategy | Signal: HOLD | Shares held: 0.0 | Last price: $1017.60
2026-09-18 14:52:24,638 | [EQIX] ACTION: No trade.
2026-09-18 14:52:24,663 | [EQT] choppy/sideways (ADX 21.7) -> mean-reversion strategy | Signal: HOLD | Shares held: 0.0 | Last price: $50.40
2026-09-18 14:52:24,663 | [EQT] ACTION: No trade.
2026-09-18 14:52:24,687 | [ES] choppy/sideways (ADX 19.7) -> mean-reversion strategy | Signal: HOLD | Shares held: 0.0 | Last price: $68.03
2026-09-18 14:52:24,687 | [ES] ACTION: No trade.
2026-09-18 14:52:24,713 | [ESS] trending (ADX 28.1) -> trend-following strategy | Signal: HOLD | Shares held: 0.0 | Last price: $271.86
2026-09-18 14:52:24,713 | [ESS] ACTION: No trade.
2026-09-18 14:52:24,768 | [ETN] trending (ADX 31.7) -> trend-following strategy | Signal: HOLD | Shares held: 0.0 | Last price: $416.36
2026-09-18 14:52:24,768 | [ETN] ACTION: No trade.
2026-09-18 14:52:24,788 | [ETR] choppy/sideways (ADX 24.9) -> mean-reversion strategy | Signal: HOLD | Shares held: 0.0 | Last price: $101.88
2026-09-18 14:52:24,788 | [ETR] ACTION: No trade.
2026-09-18 14:52:24,808 | [EVRG] choppy/sideways (ADX 24.4) -> mean-reversion strategy | Signal: HOLD | Shares held: 0.0 | Last price: $79.94
2026-09-18 14:52:24,808 | [EVRG] ACTION: No trade.
2026-09-18 14:52:24,828 | [EW] choppy/sideways (ADX 20.9) -> mean-reversion strategy | Signal: HOLD | Shares held: 0.0 | Last price: $88.16
2026-09-18 14:52:24,828 | [EW] ACTION: No trade.
2026-09-18 14:52:24,848 | [EXC] choppy/sideways (ADX 15.8) -> mean-reversion strategy | Signal: HOLD | Shares held: 0.0 | Last price: $42.18
2026-09-18 14:52:24,848 | [EXC] ACTION: No trade.
2026-09-18 14:52:24,868 | [EXE] choppy/sideways (ADX 23.0) -> mean-reversion strategy | Signal: HOLD | Shares held: 0.0 | Last price: $88.51
2026-09-18 14:52:24,868 | [EXE] ACTION: No trade.
2026-09-18 14:52:24,888 | [EXPD] choppy/sideways (ADX 22.9) -> mean-reversion strategy | Signal: HOLD | Shares held: 0.0 | Last price: $188.13
2026-09-18 14:52:24,888 | [EXPD] ACTION: No trade.
2026-09-18 14:52:24,908 | [EXPE] choppy/sideways (ADX 7.7) -> mean-reversion strategy | Signal: HOLD | Shares held: 0.0 | Last price: $281.35
2026-09-18 14:52:24,908 | [EXPE] ACTION: No trade.
2026-09-18 14:52:24,928 | [EXR] choppy/sideways (ADX 19.7) -> mean-reversion strategy | Signal: HOLD | Shares held: 0.0 | Last price: $139.03
2026-09-18 14:52:24,928 | [EXR] ACTION: No trade.
2026-09-18 14:52:24,951 | [F] trending (ADX 33.1) -> trend-following strategy | Signal: HOLD | Shares held: 0.0 | Last price: $13.17
2026-09-18 14:52:24,951 | [F] ACTION: No trade.
2026-09-18 14:52:24,971 | [FANG] choppy/sideways (ADX 17.2) -> mean-reversion strategy | Signal: HOLD | Shares held: 0.0 | Last price: $194.96
2026-09-18 14:52:24,971 | [FANG] ACTION: No trade.
2026-09-18 14:52:24,991 | [FAST] choppy/sideways (ADX 14.1) -> mean-reversion strategy | Signal: HOLD | Shares held: 0.0 | Last price: $48.88
2026-09-18 14:52:24,991 | [FAST] ACTION: No trade.
2026-09-18 14:52:25,011 | [FCX] choppy/sideways (ADX 18.1) -> mean-reversion strategy | Signal: HOLD | Shares held: 0.0 | Last price: $70.89
2026-09-18 14:52:25,011 | [FCX] ACTION: No trade.
2026-09-18 14:52:25,031 | [FDS] choppy/sideways (ADX 16.4) -> mean-reversion strategy | Signal: HOLD | Shares held: 0.0 | Last price: $283.11
2026-09-18 14:52:25,031 | [FDS] ACTION: No trade.
2026-09-18 14:52:25,051 | [FDX] choppy/sideways (ADX 23.8) -> mean-reversion strategy | Signal: HOLD | Shares held: 0.0 | Last price: $303.72
2026-09-18 14:52:25,051 | [FDX] ACTION: No trade.
2026-09-18 14:52:25,071 | [FDXF] choppy/sideways (ADX 15.1) -> mean-reversion strategy | Signal: HOLD | Shares held: 0.0 | Last price: $121.33
2026-09-18 14:52:25,071 | [FDXF] ACTION: No trade.
2026-09-18 14:52:25,091 | [FE] choppy/sideways (ADX 20.9) -> mean-reversion strategy | Signal: HOLD | Shares held: 0.0 | Last price: $45.40
2026-09-18 14:52:25,091 | [FE] ACTION: No trade.
2026-09-18 14:52:25,111 | [FERG] choppy/sideways (ADX 13.1) -> mean-reversion strategy | Signal: HOLD | Shares held: 0.0 | Last price: $213.90
2026-09-18 14:52:25,111 | [FERG] ACTION: No trade.
2026-09-18 14:52:25,131 | [FFIV] choppy/sideways (ADX 20.1) -> mean-reversion strategy | Signal: HOLD | Shares held: 0.0 | Last price: $425.62
2026-09-18 14:52:25,131 | [FFIV] ACTION: No trade.
2026-09-18 14:52:25,151 | [FICO] trending (ADX 38.6) -> trend-following strategy | Signal: HOLD | Shares held: 0.0 | Last price: $957.95
2026-09-18 14:52:25,151 | [FICO] ACTION: No trade.
2026-09-18 14:52:25,171 | [FIS] trending (ADX 32.9) -> trend-following strategy | Signal: HOLD | Shares held: 0.0 | Last price: $36.23
2026-09-18 14:52:25,172 | [FIS] ACTION: No trade.
2026-09-18 14:52:25,192 | [FISV] choppy/sideways (ADX 23.5) -> mean-reversion strategy | Signal: HOLD | Shares held: 0.0 | Last price: $48.28
2026-09-18 14:52:25,192 | [FISV] ACTION: No trade.
2026-09-18 14:52:25,211 | [FITB] choppy/sideways (ADX 10.8) -> mean-reversion strategy | Signal: HOLD | Shares held: 0.0 | Last price: $53.08
2026-09-18 14:52:25,212 | [FITB] ACTION: No trade.
2026-09-18 14:52:25,231 | [FIX] choppy/sideways (ADX 18.6) -> mean-reversion strategy | Signal: HOLD | Shares held: 0.0 | Last price: $1609.52
2026-09-18 14:52:25,232 | [FIX] ACTION: No trade.
2026-09-18 14:52:25,252 | [FLEX] choppy/sideways (ADX 23.1) -> mean-reversion strategy | Signal: HOLD | Shares held: 0.0 | Last price: $108.67
2026-09-18 14:52:25,252 | [FLEX] ACTION: No trade.
2026-09-18 14:52:25,272 | [FOXA] trending (ADX 39.0) -> trend-following strategy | Signal: HOLD | Shares held: 0.0 | Last price: $63.88
2026-09-18 14:52:25,272 | [FOXA] ACTION: No trade.
2026-09-18 14:52:25,292 | [FSLR] trending (ADX 33.2) -> trend-following strategy | Signal: HOLD | Shares held: 0.0 | Last price: $194.73
2026-09-18 14:52:25,292 | [FSLR] ACTION: No trade.
2026-09-18 14:52:25,312 | [FTNT] trending (ADX 40.2) -> trend-following strategy | Signal: HOLD | Shares held: 0.0 | Last price: $166.68
2026-09-18 14:52:25,312 | [FTNT] ACTION: No trade.
2026-09-18 14:52:25,332 | [FTV] choppy/sideways (ADX 25.0) -> mean-reversion strategy | Signal: HOLD | Shares held: 0.0 | Last price: $54.55
2026-09-18 14:52:25,332 | [FTV] ACTION: No trade.
2026-09-18 14:52:25,352 | [GD] choppy/sideways (ADX 23.0) -> mean-reversion strategy | Signal: HOLD | Shares held: 0.0 | Last price: $351.13
2026-09-18 14:52:25,352 | [GD] ACTION: No trade.
2026-09-18 14:52:25,372 | [GDDY] choppy/sideways (ADX 24.8) -> mean-reversion strategy | Signal: HOLD | Shares held: 0.0 | Last price: $97.71
2026-09-18 14:52:25,372 | [GDDY] ACTION: No trade.
2026-09-18 14:52:25,392 | [GE] trending (ADX 26.2) -> trend-following strategy | Signal: HOLD | Shares held: 0.0 | Last price: $312.29
2026-09-18 14:52:25,392 | [GE] ACTION: No trade.
2026-09-18 14:52:25,412 | [GEHC] trending (ADX 29.6) -> trend-following strategy | Signal: SELL | Shares held: 0.0 | Last price: $64.18
2026-09-18 14:52:25,412 | [GEHC] ACTION: No trade.
2026-09-18 14:52:25,432 | [GEN] trending (ADX 39.3) -> trend-following strategy | Signal: HOLD | Shares held: 0.0 | Last price: $28.93
2026-09-18 14:52:25,432 | [GEN] ACTION: No trade.
2026-09-18 14:52:25,452 | [GEV] choppy/sideways (ADX 19.9) -> mean-reversion strategy | Signal: HOLD | Shares held: 0.0 | Last price: $935.85
2026-09-18 14:52:25,452 | [GEV] ACTION: No trade.
2026-09-18 14:52:25,472 | [GILD] trending (ADX 33.9) -> trend-following strategy | Signal: HOLD | Shares held: 0.0 | Last price: $150.27
2026-09-18 14:52:25,472 | [GILD] ACTION: No trade.
2026-09-18 14:52:25,492 | [GIS] choppy/sideways (ADX 20.1) -> mean-reversion strategy | Signal: HOLD | Shares held: 0.0 | Last price: $36.75
2026-09-18 14:52:25,492 | [GIS] ACTION: No trade.
2026-09-18 14:52:25,512 | [GLW] choppy/sideways (ADX 24.6) -> mean-reversion strategy | Signal: HOLD | Shares held: 0.0 | Last price: $150.57
2026-09-18 14:52:25,512 | [GLW] ACTION: No trade.
2026-09-18 14:52:25,532 | [GM] trending (ADX 38.6) -> trend-following strategy | Signal: HOLD | Shares held: 0.0 | Last price: $82.33
2026-09-18 14:52:25,532 | [GM] ACTION: No trade.
2026-09-18 14:52:25,552 | [GNRC] trending (ADX 38.3) -> trend-following strategy | Signal: HOLD | Shares held: 0.0 | Last price: $203.31
2026-09-18 14:52:25,552 | [GNRC] ACTION: No trade.
2026-09-18 14:52:25,572 | [GOOG] trending (ADX 27.1) -> trend-following strategy | Signal: HOLD | Shares held: 0.0 | Last price: $347.26
2026-09-18 14:52:25,572 | [GOOG] ACTION: No trade.
2026-09-18 14:52:25,593 | [GOOGL] trending (ADX 26.4) -> trend-following strategy | Signal: HOLD | Shares held: 0.0 | Last price: $351.00
2026-09-18 14:52:25,593 | [GOOGL] ACTION: No trade.
2026-09-18 14:52:25,613 | [GPC] choppy/sideways (ADX 22.7) -> mean-reversion strategy | Signal: HOLD | Shares held: 0.0 | Last price: $128.87
2026-09-18 14:52:25,613 | [GPC] ACTION: No trade.
2026-09-18 14:52:25,633 | [GPN] trending (ADX 27.0) -> trend-following strategy | Signal: HOLD | Shares held: 0.0 | Last price: $85.26
2026-09-18 14:52:25,633 | [GPN] ACTION: No trade.
2026-09-18 14:52:25,653 | [GRMN] trending (ADX 34.6) -> trend-following strategy | Signal: HOLD | Shares held: 0.0 | Last price: $272.04
2026-09-18 14:52:25,653 | [GRMN] ACTION: No trade.
2026-09-18 14:52:25,673 | [GS] choppy/sideways (ADX 21.7) -> mean-reversion strategy | Signal: HOLD | Shares held: 0.0 | Last price: $944.29
2026-09-18 14:52:25,673 | [GS] ACTION: No trade.
2026-09-18 14:52:25,693 | [GWW] choppy/sideways (ADX 16.5) -> mean-reversion strategy | Signal: HOLD | Shares held: 0.0 | Last price: $1253.51
2026-09-18 14:52:25,693 | [GWW] ACTION: No trade.
2026-09-18 14:52:25,713 | [HAL] trending (ADX 39.8) -> trend-following strategy | Signal: HOLD | Shares held: 0.0 | Last price: $33.80
2026-09-18 14:52:25,713 | [HAL] ACTION: No trade.
2026-09-18 14:52:25,734 | [HAS] trending (ADX 28.2) -> trend-following strategy | Signal: HOLD | Shares held: 0.0 | Last price: $88.26
2026-09-18 14:52:25,734 | [HAS] ACTION: No trade.
2026-09-18 14:52:25,754 | [HBAN] trending (ADX 25.1) -> trend-following strategy | Signal: HOLD | Shares held: 0.0 | Last price: $15.88
2026-09-18 14:52:25,754 | [HBAN] ACTION: No trade.
2026-09-18 14:52:25,774 | [HCA] choppy/sideways (ADX 13.8) -> mean-reversion strategy | Signal: HOLD | Shares held: 0.0 | Last price: $430.36
2026-09-18 14:52:25,774 | [HCA] ACTION: No trade.
2026-09-18 14:52:25,794 | [HD] choppy/sideways (ADX 24.1) -> mean-reversion strategy | Signal: HOLD | Shares held: 0.0 | Last price: $300.91
2026-09-18 14:52:25,794 | [HD] ACTION: No trade.
2026-09-18 14:52:25,814 | [HIG] trending (ADX 38.1) -> trend-following strategy | Signal: HOLD | Shares held: 0.0 | Last price: $132.32
2026-09-18 14:52:25,815 | [HIG] ACTION: No trade.
2026-09-18 14:52:25,835 | [HII] choppy/sideways (ADX 17.4) -> mean-reversion strategy | Signal: HOLD | Shares held: 0.0 | Last price: $273.81
2026-09-18 14:52:25,835 | [HII] ACTION: No trade.
2026-09-18 14:52:25,855 | [HLT] choppy/sideways (ADX 15.6) -> mean-reversion strategy | Signal: HOLD | Shares held: 0.0 | Last price: $304.43
2026-09-18 14:52:25,855 | [HLT] ACTION: No trade.
2026-09-18 14:52:25,875 | [HON] choppy/sideways (ADX 11.4) -> mean-reversion strategy | Signal: HOLD | Shares held: 0.0 | Last price: $205.07
2026-09-18 14:52:25,875 | [HON] ACTION: No trade.
2026-09-18 14:52:25,895 | [HONA] choppy/sideways (ADX 19.8) -> mean-reversion strategy | Signal: HOLD | Shares held: 0.0 | Last price: $164.75
2026-09-18 14:52:25,895 | [HONA] ACTION: No trade.
2026-09-18 14:52:25,915 | [HOOD] trending (ADX 41.7) -> trend-following strategy | Signal: HOLD | Shares held: 0.0 | Last price: $117.76
2026-09-18 14:52:25,915 | [HOOD] ACTION: No trade.
2026-09-18 14:52:25,935 | [HPE] trending (ADX 26.4) -> trend-following strategy | Signal: HOLD | Shares held: 0.0 | Last price: $60.45
2026-09-18 14:52:25,935 | [HPE] ACTION: No trade.
2026-09-18 14:52:25,956 | [HPQ] trending (ADX 29.8) -> trend-following strategy | Signal: HOLD | Shares held: 0.0 | Last price: $33.81
2026-09-18 14:52:25,956 | [HPQ] ACTION: No trade.
2026-09-18 14:52:25,976 | [HSIC] choppy/sideways (ADX 23.4) -> mean-reversion strategy | Signal: HOLD | Shares held: 0.0 | Last price: $85.48
2026-09-18 14:52:25,976 | [HSIC] ACTION: No trade.
2026-09-18 14:52:25,996 | [HST] choppy/sideways (ADX 18.0) -> mean-reversion strategy | Signal: HOLD | Shares held: 0.0 | Last price: $21.80
2026-09-18 14:52:25,996 | [HST] ACTION: No trade.
2026-09-18 14:52:26,016 | [HSY] trending (ADX 35.4) -> trend-following strategy | Signal: HOLD | Shares held: 0.0 | Last price: $168.14
2026-09-18 14:52:26,016 | [HSY] ACTION: No trade.
2026-09-18 14:52:26,037 | [HUBB] trending (ADX 26.8) -> trend-following strategy | Signal: HOLD | Shares held: 0.0 | Last price: $444.54
2026-09-18 14:52:26,037 | [HUBB] ACTION: No trade.
2026-09-18 14:52:26,057 | [HUM] choppy/sideways (ADX 23.2) -> mean-reversion strategy | Signal: HOLD | Shares held: 0.0 | Last price: $383.76
2026-09-18 14:52:26,057 | [HUM] ACTION: No trade.
2026-09-18 14:52:26,077 | [HWM] choppy/sideways (ADX 13.0) -> mean-reversion strategy | Signal: HOLD | Shares held: 0.0 | Last price: $225.91
2026-09-18 14:52:26,077 | [HWM] ACTION: No trade.
2026-09-18 14:52:26,097 | [IBKR] choppy/sideways (ADX 23.9) -> mean-reversion strategy | Signal: HOLD | Shares held: 0.0 | Last price: $89.49
2026-09-18 14:52:26,097 | [IBKR] ACTION: No trade.
2026-09-18 14:52:26,118 | [IBM] trending (ADX 25.8) -> trend-following strategy | Signal: HOLD | Shares held: 0.0 | Last price: $229.69
2026-09-18 14:52:26,118 | [IBM] ACTION: No trade.
2026-09-18 14:52:26,138 | [ICE] choppy/sideways (ADX 17.5) -> mean-reversion strategy | Signal: HOLD | Shares held: 0.0 | Last price: $153.92
2026-09-18 14:52:26,138 | [ICE] ACTION: No trade.
2026-09-18 14:52:26,158 | [IDXX] choppy/sideways (ADX 21.1) -> mean-reversion strategy | Signal: HOLD | Shares held: 0.0 | Last price: $515.49
2026-09-18 14:52:26,158 | [IDXX] ACTION: No trade.
2026-09-18 14:52:26,178 | [IEX] choppy/sideways (ADX 8.8) -> mean-reversion strategy | Signal: HOLD | Shares held: 0.0 | Last price: $221.59
2026-09-18 14:52:26,178 | [IEX] ACTION: No trade.
2026-09-18 14:52:26,198 | [IFF] trending (ADX 33.5) -> trend-following strategy | Signal: HOLD | Shares held: 0.0 | Last price: $83.78
2026-09-18 14:52:26,198 | [IFF] ACTION: No trade.
2026-09-18 14:52:26,218 | [INCY] trending (ADX 35.3) -> trend-following strategy | Signal: HOLD | Shares held: 0.0 | Last price: $128.01
2026-09-18 14:52:26,218 | [INCY] ACTION: No trade.
2026-09-18 14:52:26,238 | [INTC] trending (ADX 36.4) -> trend-following strategy | Signal: HOLD | Shares held: 0.0 | Last price: $107.58
2026-09-18 14:52:26,238 | [INTC] ACTION: No trade.
2026-09-18 14:52:26,258 | [INTU] trending (ADX 32.7) -> trend-following strategy | Signal: HOLD | Shares held: 0.0 | Last price: $307.12
2026-09-18 14:52:26,259 | [INTU] ACTION: No trade.
2026-09-18 14:52:26,279 | [INVH] trending (ADX 29.5) -> trend-following strategy | Signal: HOLD | Shares held: 0.0 | Last price: $27.21
2026-09-18 14:52:26,279 | [INVH] ACTION: No trade.
2026-09-18 14:52:26,299 | [IP] trending (ADX 35.8) -> trend-following strategy | Signal: HOLD | Shares held: 0.0 | Last price: $34.85
2026-09-18 14:52:26,299 | [IP] ACTION: No trade.
2026-09-18 14:52:26,319 | [IQV] choppy/sideways (ADX 24.1) -> mean-reversion strategy | Signal: HOLD | Shares held: 0.0 | Last price: $266.99
2026-09-18 14:52:26,319 | [IQV] ACTION: No trade.
2026-09-18 14:52:26,339 | [IR] choppy/sideways (ADX 23.8) -> mean-reversion strategy | Signal: HOLD | Shares held: 0.0 | Last price: $72.48
2026-09-18 14:52:26,339 | [IR] ACTION: No trade.
2026-09-18 14:52:26,359 | [IRM] choppy/sideways (ADX 21.3) -> mean-reversion strategy | Signal: HOLD | Shares held: 0.0 | Last price: $113.02
2026-09-18 14:52:26,359 | [IRM] ACTION: No trade.
2026-09-18 14:52:26,379 | [ISRG] trending (ADX 36.1) -> trend-following strategy | Signal: HOLD | Shares held: 0.0 | Last price: $393.18
2026-09-18 14:52:26,379 | [ISRG] ACTION: No trade.
2026-09-18 14:52:26,399 | [IT] trending (ADX 44.9) -> trend-following strategy | Signal: HOLD | Shares held: 0.0 | Last price: $186.00
2026-09-18 14:52:26,399 | [IT] ACTION: No trade.
2026-09-18 14:52:26,420 | [ITW] choppy/sideways (ADX 13.2) -> mean-reversion strategy | Signal: HOLD | Shares held: 0.0 | Last price: $268.16
2026-09-18 14:52:26,420 | [ITW] ACTION: No trade.
2026-09-18 14:52:26,440 | [IVZ] choppy/sideways (ADX 20.8) -> mean-reversion strategy | Signal: HOLD | Shares held: 0.0 | Last price: $30.09
2026-09-18 14:52:26,440 | [IVZ] ACTION: No trade.
2026-09-18 14:52:26,460 | [J] choppy/sideways (ADX 17.9) -> mean-reversion strategy | Signal: HOLD | Shares held: 0.0 | Last price: $142.84
2026-09-18 14:52:26,460 | [J] ACTION: No trade.
2026-09-18 14:52:26,480 | [JBHT] choppy/sideways (ADX 20.7) -> mean-reversion strategy | Signal: HOLD | Shares held: 0.0 | Last price: $235.83
2026-09-18 14:52:26,480 | [JBHT] ACTION: No trade.
2026-09-18 14:52:26,500 | [JBL] choppy/sideways (ADX 10.5) -> mean-reversion strategy | Signal: HOLD | Shares held: 0.0 | Last price: $298.48
2026-09-18 14:52:26,500 | [JBL] ACTION: No trade.
2026-09-18 14:52:26,520 | [JCI] choppy/sideways (ADX 21.4) -> mean-reversion strategy | Signal: HOLD | Shares held: 0.0 | Last price: $141.64
2026-09-18 14:52:26,520 | [JCI] ACTION: No trade.
2026-09-18 14:52:26,540 | [JKHY] choppy/sideways (ADX 18.1) -> mean-reversion strategy | Signal: HOLD | Shares held: 0.0 | Last price: $155.91
2026-09-18 14:52:26,540 | [JKHY] ACTION: No trade.
2026-09-18 14:52:26,560 | [JNJ] choppy/sideways (ADX 16.2) -> mean-reversion strategy | Signal: HOLD | Shares held: 0.0 | Last price: $268.57
2026-09-18 14:52:26,561 | [JNJ] ACTION: No trade.
2026-09-18 14:52:26,583 | [JPM] choppy/sideways (ADX 16.5) -> mean-reversion strategy | Signal: HOLD | Shares held: 0.0 | Last price: $346.50
2026-09-18 14:52:26,583 | [JPM] ACTION: No trade.
2026-09-18 14:52:26,604 | [KDP] trending (ADX 32.1) -> trend-following strategy | Signal: HOLD | Shares held: 0.0 | Last price: $30.93
2026-09-18 14:52:26,604 | [KDP] ACTION: No trade.
2026-09-18 14:52:26,624 | [KEY] choppy/sideways (ADX 18.9) -> mean-reversion strategy | Signal: HOLD | Shares held: 0.0 | Last price: $20.86
2026-09-18 14:52:26,624 | [KEY] ACTION: No trade.
2026-09-18 14:52:26,644 | [KEYS] trending (ADX 30.6) -> trend-following strategy | Signal: HOLD | Shares held: 0.0 | Last price: $332.68
2026-09-18 14:52:26,644 | [KEYS] ACTION: No trade.
2026-09-18 14:52:26,664 | [KHC] choppy/sideways (ADX 25.0) -> mean-reversion strategy | Signal: HOLD | Shares held: 0.0 | Last price: $24.34
2026-09-18 14:52:26,664 | [KHC] ACTION: No trade.
2026-09-18 14:52:26,684 | [KIM] choppy/sideways (ADX 17.6) -> mean-reversion strategy | Signal: HOLD | Shares held: 0.0 | Last price: $22.59
2026-09-18 14:52:26,684 | [KIM] ACTION: No trade.
2026-09-18 14:52:26,704 | [KKR] choppy/sideways (ADX 21.2) -> mean-reversion strategy | Signal: HOLD | Shares held: 0.0 | Last price: $97.96
2026-09-18 14:52:26,704 | [KKR] ACTION: No trade.
2026-09-18 14:52:26,725 | [KLAC] trending (ADX 40.6) -> trend-following strategy | Signal: HOLD | Shares held: 0.0 | Last price: $171.95
2026-09-18 14:52:26,725 | [KLAC] ACTION: No trade.
2026-09-18 14:52:26,745 | [KMB] choppy/sideways (ADX 17.6) -> mean-reversion strategy | Signal: HOLD | Shares held: 0.0 | Last price: $98.00
2026-09-18 14:52:26,745 | [KMB] ACTION: No trade.
2026-09-18 14:52:26,765 | [KMI] trending (ADX 43.2) -> trend-following strategy | Signal: HOLD | Shares held: 0.0 | Last price: $31.86
2026-09-18 14:52:26,765 | [KMI] ACTION: No trade.
2026-09-18 14:52:26,785 | [KO] trending (ADX 25.5) -> trend-following strategy | Signal: HOLD | Shares held: 0.0 | Last price: $87.69
2026-09-18 14:52:26,785 | [KO] ACTION: No trade.
2026-09-18 14:52:26,805 | [KR] trending (ADX 25.5) -> trend-following strategy | Signal: HOLD | Shares held: 0.0 | Last price: $60.62
2026-09-18 14:52:26,806 | [KR] ACTION: No trade.
2026-09-18 14:52:26,826 | [KVUE] choppy/sideways (ADX 16.9) -> mean-reversion strategy | Signal: HOLD | Shares held: 0.0 | Last price: $17.88
2026-09-18 14:52:26,826 | [KVUE] ACTION: No trade.
2026-09-18 14:52:26,846 | [L] choppy/sideways (ADX 15.6) -> mean-reversion strategy | Signal: HOLD | Shares held: 0.0 | Last price: $107.49
2026-09-18 14:52:26,846 | [L] ACTION: No trade.
2026-09-18 14:52:26,866 | [LDOS] choppy/sideways (ADX 16.9) -> mean-reversion strategy | Signal: HOLD | Shares held: 0.0 | Last price: $129.85
2026-09-18 14:52:26,866 | [LDOS] ACTION: No trade.
2026-09-18 14:52:26,886 | [LEN] choppy/sideways (ADX 25.0) -> mean-reversion strategy | Signal: HOLD | Shares held: 0.0 | Last price: $75.92
2026-09-18 14:52:26,886 | [LEN] ACTION: No trade.
2026-09-18 14:52:26,906 | [LH] choppy/sideways (ADX 21.4) -> mean-reversion strategy | Signal: HOLD | Shares held: 0.0 | Last price: $320.46
2026-09-18 14:52:26,906 | [LH] ACTION: No trade.
2026-09-18 14:52:26,926 | [LHX] choppy/sideways (ADX 13.9) -> mean-reversion strategy | Signal: HOLD | Shares held: 0.0 | Last price: $247.76
2026-09-18 14:52:26,927 | [LHX] ACTION: No trade.
2026-09-18 14:52:26,947 | [LII] choppy/sideways (ADX 14.0) -> mean-reversion strategy | Signal: HOLD | Shares held: 0.0 | Last price: $360.52
2026-09-18 14:52:26,947 | [LII] ACTION: No trade.
2026-09-18 14:52:26,967 | [LIN] trending (ADX 26.0) -> trend-following strategy | Signal: HOLD | Shares held: 0.0 | Last price: $457.64
2026-09-18 14:52:26,967 | [LIN] ACTION: No trade.
2026-09-18 14:52:26,987 | [LITE] choppy/sideways (ADX 23.0) -> mean-reversion strategy | Signal: HOLD | Shares held: 0.0 | Last price: $907.00
2026-09-18 14:52:26,988 | [LITE] ACTION: No trade.
2026-09-18 14:52:27,008 | [LLY] choppy/sideways (ADX 11.4) -> mean-reversion strategy | Signal: HOLD | Shares held: 0.0 | Last price: $1147.00
2026-09-18 14:52:27,008 | [LLY] ACTION: No trade.
2026-09-18 14:52:27,028 | [LMT] choppy/sideways (ADX 14.6) -> mean-reversion strategy | Signal: HOLD | Shares held: 0.0 | Last price: $530.87
2026-09-18 14:52:27,028 | [LMT] ACTION: No trade.
2026-09-18 14:52:27,048 | [LNT] choppy/sideways (ADX 18.7) -> mean-reversion strategy | Signal: HOLD | Shares held: 0.0 | Last price: $65.97
2026-09-18 14:52:27,048 | [LNT] ACTION: No trade.
2026-09-18 14:52:27,069 | [LOW] choppy/sideways (ADX 17.4) -> mean-reversion strategy | Signal: HOLD | Shares held: 0.0 | Last price: $193.06
2026-09-18 14:52:27,069 | [LOW] ACTION: No trade.
2026-09-18 14:52:27,089 | [LRCX] trending (ADX 37.5) -> trend-following strategy | Signal: HOLD | Shares held: 0.0 | Last price: $280.87
2026-09-18 14:52:27,089 | [LRCX] ACTION: No trade.
2026-09-18 14:52:27,109 | [LULU] trending (ADX 42.4) -> trend-following strategy | Signal: HOLD | Shares held: 0.0 | Last price: $100.08
2026-09-18 14:52:27,109 | [LULU] ACTION: No trade.
2026-09-18 14:52:27,129 | [LUV] trending (ADX 33.2) -> trend-following strategy | Signal: HOLD | Shares held: 0.0 | Last price: $40.97
2026-09-18 14:52:27,129 | [LUV] ACTION: No trade.
2026-09-18 14:52:27,150 | [LVS] trending (ADX 39.5) -> trend-following strategy | Signal: HOLD | Shares held: 0.0 | Last price: $40.54
2026-09-18 14:52:27,150 | [LVS] ACTION: No trade.
2026-09-18 14:52:27,170 | [LYB] trending (ADX 30.4) -> trend-following strategy | Signal: HOLD | Shares held: 0.0 | Last price: $62.79
2026-09-18 14:52:27,170 | [LYB] ACTION: No trade.
2026-09-18 14:52:27,196 | [LYV] trending (ADX 31.7) -> trend-following strategy | Signal: HOLD | Shares held: 0.0 | Last price: $167.94
2026-09-18 14:52:27,197 | [LYV] ACTION: No trade.
2026-09-18 14:52:27,217 | [MA] choppy/sideways (ADX 24.5) -> mean-reversion strategy | Signal: HOLD | Shares held: 0.0 | Last price: $564.74
2026-09-18 14:52:27,217 | [MA] ACTION: No trade.
2026-09-18 14:52:27,237 | [MAA] choppy/sideways (ADX 23.3) -> mean-reversion strategy | Signal: HOLD | Shares held: 0.0 | Last price: $121.29
2026-09-18 14:52:27,237 | [MAA] ACTION: No trade.
2026-09-18 14:52:27,257 | [MAR] choppy/sideways (ADX 16.7) -> mean-reversion strategy | Signal: HOLD | Shares held: 0.0 | Last price: $336.02
2026-09-18 14:52:27,257 | [MAR] ACTION: No trade.
2026-09-18 14:52:27,277 | [MAS] choppy/sideways (ADX 13.3) -> mean-reversion strategy | Signal: HOLD | Shares held: 0.0 | Last price: $67.72
2026-09-18 14:52:27,277 | [MAS] ACTION: No trade.
2026-09-18 14:52:27,297 | [MCD] choppy/sideways (ADX 21.3) -> mean-reversion strategy | Signal: HOLD | Shares held: 0.0 | Last price: $250.06
2026-09-18 14:52:27,297 | [MCD] ACTION: No trade.
2026-09-18 14:52:27,318 | [MCHP] choppy/sideways (ADX 21.6) -> mean-reversion strategy | Signal: HOLD | Shares held: 0.0 | Last price: $71.65
2026-09-18 14:52:27,318 | [MCHP] ACTION: No trade.
2026-09-18 14:52:27,338 | [MCK] trending (ADX 33.0) -> trend-following strategy | Signal: HOLD | Shares held: 0.0 | Last price: $869.22
2026-09-18 14:52:27,338 | [MCK] ACTION: No trade.
2026-09-18 14:52:27,358 | [MCO] trending (ADX 27.7) -> trend-following strategy | Signal: HOLD | Shares held: 0.0 | Last price: $462.34
2026-09-18 14:52:27,358 | [MCO] ACTION: No trade.
2026-09-18 14:52:27,379 | [MDLZ] trending (ADX 30.7) -> trend-following strategy | Signal: HOLD | Shares held: 0.0 | Last price: $60.90
2026-09-18 14:52:27,379 | [MDLZ] ACTION: No trade.
2026-09-18 14:52:27,402 | [MDT] choppy/sideways (ADX 20.1) -> mean-reversion strategy | Signal: HOLD | Shares held: 0.0 | Last price: $92.79
2026-09-18 14:52:27,402 | [MDT] ACTION: No trade.
2026-09-18 14:52:27,424 | [MET] choppy/sideways (ADX 14.7) -> mean-reversion strategy | Signal: HOLD | Shares held: 0.0 | Last price: $97.01
2026-09-18 14:52:27,424 | [MET] ACTION: No trade.
2026-09-18 14:52:27,451 | [META] trending (ADX 31.2) -> trend-following strategy | Signal: HOLD | Shares held: 0.0 | Last price: $675.68
2026-09-18 14:52:27,451 | [META] ACTION: No trade.
2026-09-18 14:52:27,499 | [MKC] trending (ADX 28.2) -> trend-following strategy | Signal: HOLD | Shares held: 0.0 | Last price: $49.30
2026-09-18 14:52:27,499 | [MKC] ACTION: No trade.
2026-09-18 14:52:27,518 | [MLM] choppy/sideways (ADX 17.6) -> mean-reversion strategy | Signal: HOLD | Shares held: 0.0 | Last price: $491.03
2026-09-18 14:52:27,519 | [MLM] ACTION: No trade.
2026-09-18 14:52:27,538 | [MMM] choppy/sideways (ADX 24.8) -> mean-reversion strategy | Signal: HOLD | Shares held: 0.0 | Last price: $163.59
2026-09-18 14:52:27,538 | [MMM] ACTION: No trade.
2026-09-18 14:52:27,558 | [MNST] choppy/sideways (ADX 23.3) -> mean-reversion strategy | Signal: HOLD | Shares held: 0.0 | Last price: $44.84
2026-09-18 14:52:27,558 | [MNST] ACTION: No trade.
2026-09-18 14:52:27,579 | [MO] trending (ADX 26.9) -> trend-following strategy | Signal: HOLD | Shares held: 0.0 | Last price: $69.67
2026-09-18 14:52:27,579 | [MO] ACTION: No trade.
2026-09-18 14:52:27,602 | [MOS] trending (ADX 26.6) -> trend-following strategy | Signal: HOLD | Shares held: 0.0 | Last price: $24.95
2026-09-18 14:52:27,602 | [MOS] ACTION: No trade.
2026-09-18 14:52:27,622 | [MPC] choppy/sideways (ADX 12.0) -> mean-reversion strategy | Signal: HOLD | Shares held: 0.0 | Last price: $425.89
2026-09-18 14:52:27,622 | [MPC] ACTION: No trade.
2026-09-18 14:52:27,642 | [MPWR] trending (ADX 36.6) -> trend-following strategy | Signal: HOLD | Shares held: 0.0 | Last price: $1193.11
2026-09-18 14:52:27,642 | [MPWR] ACTION: No trade.
2026-09-18 14:52:27,663 | [MRK] trending (ADX 26.4) -> trend-following strategy | Signal: HOLD | Shares held: 0.0 | Last price: $146.18
2026-09-18 14:52:27,663 | [MRK] ACTION: No trade.
2026-09-18 14:52:27,687 | [MRNA] trending (ADX 29.6) -> trend-following strategy | Signal: SELL | Shares held: 0.0 | Last price: $154.92
2026-09-18 14:52:27,687 | [MRNA] ACTION: No trade.
2026-09-18 14:52:27,708 | [MRSH] trending (ADX 33.0) -> trend-following strategy | Signal: HOLD | Shares held: 0.0 | Last price: $174.18
2026-09-18 14:52:27,708 | [MRSH] ACTION: No trade.
2026-09-18 14:52:27,728 | [MRVL] trending (ADX 25.9) -> trend-following strategy | Signal: SELL | Shares held: 0.0 | Last price: $238.70
2026-09-18 14:52:27,728 | [MRVL] ACTION: No trade.
2026-09-18 14:52:27,748 | [MS] choppy/sideways (ADX 20.7) -> mean-reversion strategy | Signal: HOLD | Shares held: 0.0 | Last price: $202.21
2026-09-18 14:52:27,749 | [MS] ACTION: No trade.
2026-09-18 14:52:27,768 | [MSCI] choppy/sideways (ADX 23.5) -> mean-reversion strategy | Signal: HOLD | Shares held: 0.0 | Last price: $550.42
2026-09-18 14:52:27,768 | [MSCI] ACTION: No trade.
2026-09-18 14:52:27,788 | [MSFT] choppy/sideways (ADX 17.0) -> mean-reversion strategy | Signal: HOLD | Shares held: 0.0 | Last price: $491.80
2026-09-18 14:52:27,788 | [MSFT] ACTION: No trade.
2026-09-18 14:52:27,808 | [MSI] trending (ADX 30.8) -> trend-following strategy | Signal: HOLD | Shares held: 0.0 | Last price: $459.34
2026-09-18 14:52:27,808 | [MSI] ACTION: No trade.
2026-09-18 14:52:27,828 | [MTB] choppy/sideways (ADX 12.2) -> mean-reversion strategy | Signal: HOLD | Shares held: 0.0 | Last price: $226.91
2026-09-18 14:52:27,828 | [MTB] ACTION: No trade.
2026-09-18 14:52:27,849 | [MTD] trending (ADX 36.1) -> trend-following strategy | Signal: HOLD | Shares held: 0.0 | Last price: $1401.57
2026-09-18 14:52:27,849 | [MTD] ACTION: No trade.
2026-09-18 14:52:27,869 | [MU] trending (ADX 59.0) -> trend-following strategy | Signal: HOLD | Shares held: 0.0 | Last price: $993.85
2026-09-18 14:52:27,869 | [MU] ACTION: No trade.
2026-09-18 14:52:27,889 | [NCLH] choppy/sideways (ADX 19.1) -> mean-reversion strategy | Signal: HOLD | Shares held: 0.0 | Last price: $14.16
2026-09-18 14:52:27,889 | [NCLH] ACTION: No trade.
2026-09-18 14:52:27,909 | [NDAQ] trending (ADX 53.1) -> trend-following strategy | Signal: HOLD | Shares held: 0.0 | Last price: $92.25
2026-09-18 14:52:27,909 | [NDAQ] ACTION: No trade.
2026-09-18 14:52:27,929 | [NDSN] choppy/sideways (ADX 21.2) -> mean-reversion strategy | Signal: HOLD | Shares held: 0.0 | Last price: $309.86
2026-09-18 14:52:27,929 | [NDSN] ACTION: No trade.
2026-09-18 14:52:27,949 | [NEE] choppy/sideways (ADX 19.4) -> mean-reversion strategy | Signal: HOLD | Shares held: 0.0 | Last price: $80.72
2026-09-18 14:52:27,949 | [NEE] ACTION: No trade.
2026-09-18 14:52:27,969 | [NEM] choppy/sideways (ADX 21.4) -> mean-reversion strategy | Signal: HOLD | Shares held: 0.0 | Last price: $122.76
2026-09-18 14:52:27,969 | [NEM] ACTION: No trade.
2026-09-18 14:52:27,990 | [NFLX] trending (ADX 54.7) -> trend-following strategy | Signal: HOLD | Shares held: 0.0 | Last price: $71.97
2026-09-18 14:52:27,990 | [NFLX] ACTION: No trade.
2026-09-18 14:52:28,010 | [NI] choppy/sideways (ADX 19.9) -> mean-reversion strategy | Signal: HOLD | Shares held: 0.0 | Last price: $40.63
2026-09-18 14:52:28,010 | [NI] ACTION: No trade.
2026-09-18 14:52:28,030 | [NKE] choppy/sideways (ADX 20.1) -> mean-reversion strategy | Signal: HOLD | Shares held: 0.0 | Last price: $36.38
2026-09-18 14:52:28,030 | [NKE] ACTION: No trade.
2026-09-18 14:52:28,050 | [NOC] choppy/sideways (ADX 10.0) -> mean-reversion strategy | Signal: HOLD | Shares held: 0.0 | Last price: $523.59
2026-09-18 14:52:28,050 | [NOC] ACTION: No trade.
2026-09-18 14:52:28,070 | [NOW] trending (ADX 43.1) -> trend-following strategy | Signal: HOLD | Shares held: 0.0 | Last price: $136.10
2026-09-18 14:52:28,070 | [NOW] ACTION: No trade.
2026-09-18 14:52:28,090 | [NRG] choppy/sideways (ADX 21.6) -> mean-reversion strategy | Signal: HOLD | Shares held: 0.0 | Last price: $104.47
2026-09-18 14:52:28,090 | [NRG] ACTION: No trade.
2026-09-18 14:52:28,110 | [NSC] choppy/sideways (ADX 24.1) -> mean-reversion strategy | Signal: HOLD | Shares held: 0.0 | Last price: $316.55
2026-09-18 14:52:28,110 | [NSC] ACTION: No trade.
2026-09-18 14:52:28,130 | [NTAP] choppy/sideways (ADX 24.3) -> mean-reversion strategy | Signal: HOLD | Shares held: 0.0 | Last price: $193.75
2026-09-18 14:52:28,131 | [NTAP] ACTION: No trade.
2026-09-18 14:52:28,151 | [NTRS] choppy/sideways (ADX 18.3) -> mean-reversion strategy | Signal: HOLD | Shares held: 0.0 | Last price: $176.41
2026-09-18 14:52:28,151 | [NTRS] ACTION: No trade.
2026-09-18 14:52:28,171 | [NUE] trending (ADX 30.7) -> trend-following strategy | Signal: HOLD | Shares held: 0.0 | Last price: $250.12
2026-09-18 14:52:28,171 | [NUE] ACTION: No trade.
2026-09-18 14:52:28,191 | [NVDA] trending (ADX 27.6) -> trend-following strategy | Signal: HOLD | Shares held: 0.0 | Last price: $219.05
2026-09-18 14:52:28,191 | [NVDA] ACTION: No trade.
2026-09-18 14:52:28,211 | [NVR] choppy/sideways (ADX 12.9) -> mean-reversion strategy | Signal: HOLD | Shares held: 0.0 | Last price: $6198.77
2026-09-18 14:52:28,211 | [NVR] ACTION: No trade.
2026-09-18 14:52:28,232 | [NWSA] trending (ADX 27.6) -> trend-following strategy | Signal: HOLD | Shares held: 0.0 | Last price: $29.59
2026-09-18 14:52:28,232 | [NWSA] ACTION: No trade.
2026-09-18 14:52:28,251 | [NXPI] trending (ADX 30.9) -> trend-following strategy | Signal: HOLD | Shares held: 0.0 | Last price: $225.92
2026-09-18 14:52:28,252 | [NXPI] ACTION: No trade.
2026-09-18 14:52:28,272 | [O] choppy/sideways (ADX 15.4) -> mean-reversion strategy | Signal: HOLD | Shares held: 0.0 | Last price: $57.00
2026-09-18 14:52:28,272 | [O] ACTION: No trade.
2026-09-18 14:52:28,292 | [ODFL] choppy/sideways (ADX 20.6) -> mean-reversion strategy | Signal: HOLD | Shares held: 0.0 | Last price: $172.96
2026-09-18 14:52:28,292 | [ODFL] ACTION: No trade.
2026-09-18 14:52:28,312 | [OKE] choppy/sideways (ADX 17.5) -> mean-reversion strategy | Signal: HOLD | Shares held: 0.0 | Last price: $93.99
2026-09-18 14:52:28,312 | [OKE] ACTION: No trade.
2026-09-18 14:52:28,332 | [OMC] trending (ADX 38.0) -> trend-following strategy | Signal: HOLD | Shares held: 0.0 | Last price: $76.81
2026-09-18 14:52:28,332 | [OMC] ACTION: No trade.
2026-09-18 14:52:28,352 | [ON] choppy/sideways (ADX 16.4) -> mean-reversion strategy | Signal: HOLD | Shares held: 0.0 | Last price: $68.85
2026-09-18 14:52:28,352 | [ON] ACTION: No trade.
2026-09-18 14:52:28,372 | [ORCL] choppy/sideways (ADX 24.9) -> mean-reversion strategy | Signal: HOLD | Shares held: 0.0 | Last price: $145.68
2026-09-18 14:52:28,372 | [ORCL] ACTION: No trade.
2026-09-18 14:52:28,392 | [ORLY] choppy/sideways (ADX 18.4) -> mean-reversion strategy | Signal: HOLD | Shares held: 0.0 | Last price: $84.43
2026-09-18 14:52:28,392 | [ORLY] ACTION: No trade.
2026-09-18 14:52:28,412 | [OTIS] choppy/sideways (ADX 13.6) -> mean-reversion strategy | Signal: HOLD | Shares held: 0.0 | Last price: $68.73
2026-09-18 14:52:28,412 | [OTIS] ACTION: No trade.
2026-09-18 14:52:28,432 | [OXY] trending (ADX 33.3) -> trend-following strategy | Signal: HOLD | Shares held: 0.0 | Last price: $59.38
2026-09-18 14:52:28,432 | [OXY] ACTION: No trade.
2026-09-18 14:52:28,452 | [PANW] trending (ADX 33.3) -> trend-following strategy | Signal: HOLD | Shares held: 0.0 | Last price: $359.15
2026-09-18 14:52:28,452 | [PANW] ACTION: No trade.
2026-09-18 14:52:28,472 | [PAYX] trending (ADX 32.7) -> trend-following strategy | Signal: HOLD | Shares held: 0.0 | Last price: $115.71
2026-09-18 14:52:28,472 | [PAYX] ACTION: No trade.
2026-09-18 14:52:28,492 | [PCAR] trending (ADX 33.1) -> trend-following strategy | Signal: HOLD | Shares held: 0.0 | Last price: $115.67
2026-09-18 14:52:28,492 | [PCAR] ACTION: No trade.
2026-09-18 14:52:28,512 | [PCG] trending (ADX 33.4) -> trend-following strategy | Signal: HOLD | Shares held: 0.0 | Last price: $13.24
2026-09-18 14:52:28,512 | [PCG] ACTION: No trade.
2026-09-18 14:52:28,532 | [PEG] trending (ADX 26.2) -> trend-following strategy | Signal: HOLD | Shares held: 0.0 | Last price: $70.22
2026-09-18 14:52:28,533 | [PEG] ACTION: No trade.
2026-09-18 14:52:28,553 | [PEP] trending (ADX 34.2) -> trend-following strategy | Signal: HOLD | Shares held: 0.0 | Last price: $130.88
2026-09-18 14:52:28,553 | [PEP] ACTION: No trade.
2026-09-18 14:52:28,573 | [PFE] choppy/sideways (ADX 21.0) -> mean-reversion strategy | Signal: HOLD | Shares held: 0.0 | Last price: $27.38
2026-09-18 14:52:28,573 | [PFE] ACTION: No trade.
2026-09-18 14:52:28,593 | [PFG] trending (ADX 36.5) -> trend-following strategy | Signal: HOLD | Shares held: 0.0 | Last price: $115.59
2026-09-18 14:52:28,593 | [PFG] ACTION: No trade.
2026-09-18 14:52:28,613 | [PG] trending (ADX 26.2) -> trend-following strategy | Signal: HOLD | Shares held: 0.0 | Last price: $146.35
2026-09-18 14:52:28,613 | [PG] ACTION: No trade.
2026-09-18 14:52:28,633 | [PGR] trending (ADX 35.3) -> trend-following strategy | Signal: HOLD | Shares held: 0.0 | Last price: $213.44
2026-09-18 14:52:28,633 | [PGR] ACTION: No trade.
2026-09-18 14:52:28,653 | [PH] choppy/sideways (ADX 24.5) -> mean-reversion strategy | Signal: HOLD | Shares held: 0.0 | Last price: $932.00
2026-09-18 14:52:28,653 | [PH] ACTION: No trade.
2026-09-18 14:52:28,674 | [PHM] choppy/sideways (ADX 20.9) -> mean-reversion strategy | Signal: HOLD | Shares held: 0.0 | Last price: $116.93
2026-09-18 14:52:28,674 | [PHM] ACTION: No trade.
2026-09-18 14:52:28,694 | [PKG] choppy/sideways (ADX 21.4) -> mean-reversion strategy | Signal: HOLD | Shares held: 0.0 | Last price: $234.69
2026-09-18 14:52:28,694 | [PKG] ACTION: No trade.
2026-09-18 14:52:28,714 | [PLD] choppy/sideways (ADX 23.1) -> mean-reversion strategy | Signal: HOLD | Shares held: 0.0 | Last price: $134.22
2026-09-18 14:52:28,714 | [PLD] ACTION: No trade.
2026-09-18 14:52:28,734 | [PLTR] choppy/sideways (ADX 22.1) -> mean-reversion strategy | Signal: HOLD | Shares held: 0.0 | Last price: $174.47
2026-09-18 14:52:28,734 | [PLTR] ACTION: No trade.
2026-09-18 14:52:28,754 | [PM] trending (ADX 45.1) -> trend-following strategy | Signal: HOLD | Shares held: 0.0 | Last price: $189.85
2026-09-18 14:52:28,754 | [PM] ACTION: No trade.
2026-09-18 14:52:28,774 | [PNC] trending (ADX 25.5) -> trend-following strategy | Signal: HOLD | Shares held: 0.0 | Last price: $231.93
2026-09-18 14:52:28,774 | [PNC] ACTION: No trade.
2026-09-18 14:52:28,794 | [PNR] choppy/sideways (ADX 16.3) -> mean-reversion strategy | Signal: HOLD | Shares held: 0.0 | Last price: $55.74
2026-09-18 14:52:28,794 | [PNR] ACTION: No trade.
2026-09-18 14:52:28,815 | [PODD] choppy/sideways (ADX 15.5) -> mean-reversion strategy | Signal: HOLD | Shares held: 0.0 | Last price: $141.23
2026-09-18 14:52:28,815 | [PODD] ACTION: No trade.
2026-09-18 14:52:28,835 | [PPG] choppy/sideways (ADX 24.2) -> mean-reversion strategy | Signal: HOLD | Shares held: 0.0 | Last price: $103.98
2026-09-18 14:52:28,835 | [PPG] ACTION: No trade.
2026-09-18 14:52:28,855 | [PPL] choppy/sideways (ADX 23.2) -> mean-reversion strategy | Signal: HOLD | Shares held: 0.0 | Last price: $33.41
2026-09-18 14:52:28,855 | [PPL] ACTION: No trade.
2026-09-18 14:52:28,876 | [PRU] trending (ADX 25.2) -> trend-following strategy | Signal: HOLD | Shares held: 0.0 | Last price: $117.22
2026-09-18 14:52:28,876 | [PRU] ACTION: No trade.
2026-09-18 14:52:28,896 | [PSA] trending (ADX 26.3) -> trend-following strategy | Signal: HOLD | Shares held: 0.0 | Last price: $299.93
2026-09-18 14:52:28,896 | [PSA] ACTION: No trade.
2026-09-18 14:52:28,916 | [PSKY] choppy/sideways (ADX 23.7) -> mean-reversion strategy | Signal: HOLD | Shares held: 0.0 | Last price: $10.32
2026-09-18 14:52:28,916 | [PSKY] ACTION: No trade.
2026-09-18 14:52:28,936 | [PSX] choppy/sideways (ADX 17.4) -> mean-reversion strategy | Signal: HOLD | Shares held: 0.0 | Last price: $275.77
2026-09-18 14:52:28,936 | [PSX] ACTION: No trade.
2026-09-18 14:52:28,956 | [PTC] trending (ADX 27.2) -> trend-following strategy | Signal: HOLD | Shares held: 0.0 | Last price: $134.09
2026-09-18 14:52:28,957 | [PTC] ACTION: No trade.
2026-09-18 14:52:28,977 | [PWR] choppy/sideways (ADX 16.9) -> mean-reversion strategy | Signal: HOLD | Shares held: 0.0 | Last price: $631.00
2026-09-18 14:52:28,977 | [PWR] ACTION: No trade.
2026-09-18 14:52:28,997 | [PYPL] trending (ADX 31.9) -> trend-following strategy | Signal: HOLD | Shares held: 0.0 | Last price: $52.76
2026-09-18 14:52:28,997 | [PYPL] ACTION: No trade.
2026-09-18 14:52:29,017 | [Q] trending (ADX 25.9) -> trend-following strategy | Signal: HOLD | Shares held: 0.0 | Last price: $119.28
2026-09-18 14:52:29,017 | [Q] ACTION: No trade.
2026-09-18 14:52:29,038 | [QCOM] choppy/sideways (ADX 16.9) -> mean-reversion strategy | Signal: HOLD | Shares held: 0.0 | Last price: $182.29
2026-09-18 14:52:29,038 | [QCOM] ACTION: No trade.
2026-09-18 14:52:29,060 | [RCL] trending (ADX 25.6) -> trend-following strategy | Signal: HOLD | Shares held: 0.0 | Last price: $247.39
2026-09-18 14:52:29,060 | [RCL] ACTION: No trade.
2026-09-18 14:52:29,080 | [RDDT] choppy/sideways (ADX 20.9) -> mean-reversion strategy | Signal: HOLD | Shares held: 0.0 | Last price: $153.50
2026-09-18 14:52:29,080 | [RDDT] ACTION: No trade.
2026-09-18 14:52:29,101 | [REG] choppy/sideways (ADX 18.1) -> mean-reversion strategy | Signal: HOLD | Shares held: 0.0 | Last price: $73.15
2026-09-18 14:52:29,101 | [REG] ACTION: No trade.
2026-09-18 14:52:29,121 | [REGN] trending (ADX 27.1) -> trend-following strategy | Signal: HOLD | Shares held: 0.0 | Last price: $784.69
2026-09-18 14:52:29,121 | [REGN] ACTION: No trade.
2026-09-18 14:52:29,141 | [RF] choppy/sideways (ADX 14.8) -> mean-reversion strategy | Signal: HOLD | Shares held: 0.0 | Last price: $28.46
2026-09-18 14:52:29,141 | [RF] ACTION: No trade.
2026-09-18 14:52:29,161 | [RJF] choppy/sideways (ADX 21.0) -> mean-reversion strategy | Signal: HOLD | Shares held: 0.0 | Last price: $164.03
2026-09-18 14:52:29,161 | [RJF] ACTION: No trade.
2026-09-18 14:52:29,181 | [RL] trending (ADX 27.1) -> trend-following strategy | Signal: HOLD | Shares held: 0.0 | Last price: $332.65
2026-09-18 14:52:29,182 | [RL] ACTION: No trade.
2026-09-18 14:52:29,202 | [RMD] trending (ADX 27.5) -> trend-following strategy | Signal: HOLD | Shares held: 0.0 | Last price: $226.88
2026-09-18 14:52:29,202 | [RMD] ACTION: No trade.
2026-09-18 14:52:29,222 | [ROK] choppy/sideways (ADX 20.9) -> mean-reversion strategy | Signal: HOLD | Shares held: 0.0 | Last price: $409.64
2026-09-18 14:52:29,222 | [ROK] ACTION: No trade.
2026-09-18 14:52:29,242 | [ROL] trending (ADX 44.1) -> trend-following strategy | Signal: HOLD | Shares held: 0.0 | Last price: $33.06
2026-09-18 14:52:29,242 | [ROL] ACTION: No trade.
2026-09-18 14:52:29,262 | [ROP] trending (ADX 37.8) -> trend-following strategy | Signal: HOLD | Shares held: 0.0 | Last price: $371.33
2026-09-18 14:52:29,262 | [ROP] ACTION: No trade.
2026-09-18 14:52:29,282 | [ROST] choppy/sideways (ADX 17.9) -> mean-reversion strategy | Signal: HOLD | Shares held: 0.0 | Last price: $229.31
2026-09-18 14:52:29,282 | [ROST] ACTION: No trade.
2026-09-18 14:52:29,302 | [RSG] trending (ADX 25.4) -> trend-following strategy | Signal: HOLD | Shares held: 0.0 | Last price: $218.45
2026-09-18 14:52:29,302 | [RSG] ACTION: No trade.
2026-09-18 14:52:29,323 | [RTX] trending (ADX 30.3) -> trend-following strategy | Signal: HOLD | Shares held: 0.0 | Last price: $192.18
2026-09-18 14:52:29,323 | [RTX] ACTION: No trade.
2026-09-18 14:52:29,345 | [RVTY] trending (ADX 39.4) -> trend-following strategy | Signal: HOLD | Shares held: 0.0 | Last price: $144.40
2026-09-18 14:52:29,345 | [RVTY] ACTION: No trade.
2026-09-18 14:52:29,365 | [SBAC] trending (ADX 30.8) -> trend-following strategy | Signal: HOLD | Shares held: 0.0 | Last price: $179.58
2026-09-18 14:52:29,365 | [SBAC] ACTION: No trade.
2026-09-18 14:52:29,385 | [SBUX] choppy/sideways (ADX 24.2) -> mean-reversion strategy | Signal: HOLD | Shares held: 0.0 | Last price: $95.99
2026-09-18 14:52:29,385 | [SBUX] ACTION: No trade.
2026-09-18 14:52:29,405 | [SCHW] choppy/sideways (ADX 21.9) -> mean-reversion strategy | Signal: HOLD | Shares held: 0.0 | Last price: $104.75
2026-09-18 14:52:29,405 | [SCHW] ACTION: No trade.
2026-09-18 14:52:29,425 | [SHW] trending (ADX 27.3) -> trend-following strategy | Signal: HOLD | Shares held: 0.0 | Last price: $317.21
2026-09-18 14:52:29,425 | [SHW] ACTION: No trade.
2026-09-18 14:52:29,445 | [SJM] trending (ADX 32.1) -> trend-following strategy | Signal: HOLD | Shares held: 0.0 | Last price: $122.97
2026-09-18 14:52:29,445 | [SJM] ACTION: No trade.
2026-09-18 14:52:29,465 | [SLB] trending (ADX 31.0) -> trend-following strategy | Signal: HOLD | Shares held: 0.0 | Last price: $51.51
2026-09-18 14:52:29,466 | [SLB] ACTION: No trade.
2026-09-18 14:52:29,486 | [SMCI] trending (ADX 37.3) -> trend-following strategy | Signal: HOLD | Shares held: 0.0 | Last price: $38.59
2026-09-18 14:52:29,486 | [SMCI] ACTION: No trade.
2026-09-18 14:52:29,506 | [SNA] choppy/sideways (ADX 13.2) -> mean-reversion strategy | Signal: HOLD | Shares held: 0.0 | Last price: $372.21
2026-09-18 14:52:29,506 | [SNA] ACTION: No trade.
2026-09-18 14:52:29,526 | [SNDK] trending (ADX 52.6) -> trend-following strategy | Signal: HOLD | Shares held: 0.0 | Last price: $1708.47
2026-09-18 14:52:29,526 | [SNDK] ACTION: No trade.
2026-09-18 14:52:29,546 | [SNPS] trending (ADX 32.0) -> trend-following strategy | Signal: HOLD | Shares held: 0.0 | Last price: $381.71
2026-09-18 14:52:29,547 | [SNPS] ACTION: No trade.
2026-09-18 14:52:29,567 | [SO] choppy/sideways (ADX 12.9) -> mean-reversion strategy | Signal: HOLD | Shares held: 0.0 | Last price: $85.99
2026-09-18 14:52:29,567 | [SO] ACTION: No trade.
2026-09-18 14:52:29,587 | [SPG] trending (ADX 25.6) -> trend-following strategy | Signal: HOLD | Shares held: 0.0 | Last price: $204.50
2026-09-18 14:52:29,587 | [SPG] ACTION: No trade.
2026-09-18 14:52:29,609 | [SPGI] trending (ADX 33.1) -> trend-following strategy | Signal: HOLD | Shares held: 0.0 | Last price: $405.23
2026-09-18 14:52:29,609 | [SPGI] ACTION: No trade.
2026-09-18 14:52:29,629 | [SRE] choppy/sideways (ADX 20.7) -> mean-reversion strategy | Signal: HOLD | Shares held: 0.0 | Last price: $81.36
2026-09-18 14:52:29,629 | [SRE] ACTION: No trade.
2026-09-18 14:52:29,655 | [STE] trending (ADX 40.1) -> trend-following strategy | Signal: HOLD | Shares held: 0.0 | Last price: $206.28
2026-09-18 14:52:29,655 | [STE] ACTION: No trade.
2026-09-18 14:52:29,678 | [STLD] trending (ADX 33.3) -> trend-following strategy | Signal: HOLD | Shares held: 0.0 | Last price: $234.22
2026-09-18 14:52:29,678 | [STLD] ACTION: No trade.
2026-09-18 14:52:29,704 | [STT] choppy/sideways (ADX 19.2) -> mean-reversion strategy | Signal: HOLD | Shares held: 0.0 | Last price: $182.37
2026-09-18 14:52:29,704 | [STT] ACTION: No trade.
2026-09-18 14:52:29,737 | [STX] choppy/sideways (ADX 23.3) -> mean-reversion strategy | Signal: SELL | Shares held: 0.0 | Last price: $836.04
2026-09-18 14:52:29,737 | [STX] ACTION: No trade.
2026-09-18 14:52:29,758 | [STZ] trending (ADX 25.6) -> trend-following strategy | Signal: HOLD | Shares held: 0.0 | Last price: $120.41
2026-09-18 14:52:29,758 | [STZ] ACTION: No trade.
2026-09-18 14:52:29,778 | [SW] trending (ADX 29.4) -> trend-following strategy | Signal: HOLD | Shares held: 0.0 | Last price: $44.60
2026-09-18 14:52:29,778 | [SW] ACTION: No trade.
2026-09-18 14:52:29,799 | [SWK] choppy/sideways (ADX 15.4) -> mean-reversion strategy | Signal: HOLD | Shares held: 0.0 | Last price: $88.67
2026-09-18 14:52:29,799 | [SWK] ACTION: No trade.
2026-09-18 14:52:29,819 | [SWKS] choppy/sideways (ADX 21.1) -> mean-reversion strategy | Signal: HOLD | Shares held: 0.0 | Last price: $89.28
2026-09-18 14:52:29,819 | [SWKS] ACTION: No trade.
2026-09-18 14:52:29,839 | [SYF] choppy/sideways (ADX 19.1) -> mean-reversion strategy | Signal: HOLD | Shares held: 0.0 | Last price: $74.50
2026-09-18 14:52:29,839 | [SYF] ACTION: No trade.
2026-09-18 14:52:29,859 | [SYK] choppy/sideways (ADX 22.2) -> mean-reversion strategy | Signal: HOLD | Shares held: 0.0 | Last price: $277.62
2026-09-18 14:52:29,859 | [SYK] ACTION: No trade.
2026-09-18 14:52:29,879 | [SYY] choppy/sideways (ADX 20.3) -> mean-reversion strategy | Signal: HOLD | Shares held: 0.0 | Last price: $78.95
2026-09-18 14:52:29,879 | [SYY] ACTION: No trade.
2026-09-18 14:52:29,899 | [T] trending (ADX 45.7) -> trend-following strategy | Signal: HOLD | Shares held: 0.0 | Last price: $25.61
2026-09-18 14:52:29,899 | [T] ACTION: No trade.
2026-09-18 14:52:29,919 | [TAP] trending (ADX 32.1) -> trend-following strategy | Signal: HOLD | Shares held: 0.0 | Last price: $38.02
2026-09-18 14:52:29,919 | [TAP] ACTION: No trade.
2026-09-18 14:52:29,940 | [TDG] choppy/sideways (ADX 13.9) -> mean-reversion strategy | Signal: HOLD | Shares held: 0.0 | Last price: $1083.06
2026-09-18 14:52:29,940 | [TDG] ACTION: No trade.
2026-09-18 14:52:29,960 | [TDY] choppy/sideways (ADX 10.6) -> mean-reversion strategy | Signal: HOLD | Shares held: 0.0 | Last price: $599.56
2026-09-18 14:52:29,960 | [TDY] ACTION: No trade.
2026-09-18 14:52:29,980 | [TECH] trending (ADX 28.0) -> trend-following strategy | Signal: SELL | Shares held: 0.0 | Last price: $72.34
2026-09-18 14:52:29,980 | [TECH] ACTION: No trade.
2026-09-18 14:52:30,000 | [TEL] trending (ADX 36.6) -> trend-following strategy | Signal: HOLD | Shares held: 0.0 | Last price: $205.85
2026-09-18 14:52:30,000 | [TEL] ACTION: No trade.
2026-09-18 14:52:30,020 | [TER] trending (ADX 34.9) -> trend-following strategy | Signal: HOLD | Shares held: 0.0 | Last price: $362.19
2026-09-18 14:52:30,020 | [TER] ACTION: No trade.
2026-09-18 14:52:30,040 | [TFC] choppy/sideways (ADX 14.9) -> mean-reversion strategy | Signal: HOLD | Shares held: 0.0 | Last price: $48.65
2026-09-18 14:52:30,041 | [TFC] ACTION: No trade.
2026-09-18 14:52:30,061 | [TGT] choppy/sideways (ADX 21.9) -> mean-reversion strategy | Signal: HOLD | Shares held: 0.0 | Last price: $157.73
2026-09-18 14:52:30,061 | [TGT] ACTION: No trade.
2026-09-18 14:52:30,081 | [TJX] trending (ADX 38.5) -> trend-following strategy | Signal: HOLD | Shares held: 0.0 | Last price: $128.24
2026-09-18 14:52:30,081 | [TJX] ACTION: No trade.
2026-09-18 14:52:30,104 | [TKO] trending (ADX 31.5) -> trend-following strategy | Signal: HOLD | Shares held: 0.0 | Last price: $188.07
2026-09-18 14:52:30,104 | [TKO] ACTION: No trade.
2026-09-18 14:52:30,124 | [TMO] trending (ADX 29.1) -> trend-following strategy | Signal: HOLD | Shares held: 0.0 | Last price: $655.70
2026-09-18 14:52:30,124 | [TMO] ACTION: No trade.
2026-09-18 14:52:30,144 | [TMUS] trending (ADX 57.1) -> trend-following strategy | Signal: HOLD | Shares held: 0.0 | Last price: $167.11
2026-09-18 14:52:30,144 | [TMUS] ACTION: No trade.
2026-09-18 14:52:30,164 | [TPL] choppy/sideways (ADX 21.0) -> mean-reversion strategy | Signal: HOLD | Shares held: 0.0 | Last price: $353.98
2026-09-18 14:52:30,164 | [TPL] ACTION: No trade.
2026-09-18 14:52:30,184 | [TPR] trending (ADX 35.2) -> trend-following strategy | Signal: HOLD | Shares held: 0.0 | Last price: $114.41
2026-09-18 14:52:30,184 | [TPR] ACTION: No trade.
2026-09-18 14:52:30,204 | [TRGP] choppy/sideways (ADX 18.8) -> mean-reversion strategy | Signal: SELL | Shares held: 0.0 | Last price: $291.93
2026-09-18 14:52:30,205 | [TRGP] ACTION: No trade.
2026-09-18 14:52:30,225 | [TRMB] choppy/sideways (ADX 14.2) -> mean-reversion strategy | Signal: HOLD | Shares held: 0.0 | Last price: $57.42
2026-09-18 14:52:30,225 | [TRMB] ACTION: No trade.
2026-09-18 14:52:30,245 | [TROW] choppy/sideways (ADX 22.6) -> mean-reversion strategy | Signal: HOLD | Shares held: 0.0 | Last price: $103.05
2026-09-18 14:52:30,245 | [TROW] ACTION: No trade.
2026-09-18 14:52:30,265 | [TRV] choppy/sideways (ADX 15.1) -> mean-reversion strategy | Signal: HOLD | Shares held: 0.0 | Last price: $373.79
2026-09-18 14:52:30,265 | [TRV] ACTION: No trade.
2026-09-18 14:52:30,285 | [TSCO] trending (ADX 28.8) -> trend-following strategy | Signal: HOLD | Shares held: 0.0 | Last price: $32.70
2026-09-18 14:52:30,285 | [TSCO] ACTION: No trade.
2026-09-18 14:52:30,305 | [TSLA] choppy/sideways (ADX 18.3) -> mean-reversion strategy | Signal: HOLD | Shares held: 0.0 | Last price: $366.50
2026-09-18 14:52:30,305 | [TSLA] ACTION: No trade.
2026-09-18 14:52:30,325 | [TSN] choppy/sideways (ADX 19.0) -> mean-reversion strategy | Signal: HOLD | Shares held: 0.0 | Last price: $53.21
2026-09-18 14:52:30,325 | [TSN] ACTION: No trade.
2026-09-18 14:52:30,345 | [TT] trending (ADX 25.5) -> trend-following strategy | Signal: HOLD | Shares held: 0.0 | Last price: $424.00
2026-09-18 14:52:30,345 | [TT] ACTION: No trade.
2026-09-18 14:52:30,367 | [TTD] choppy/sideways (ADX 21.2) -> mean-reversion strategy | Signal: HOLD | Shares held: 0.0 | Last price: $14.12
2026-09-18 14:52:30,367 | [TTD] ACTION: No trade.
2026-09-18 14:52:30,388 | [TTWO] choppy/sideways (ADX 18.6) -> mean-reversion strategy | Signal: HOLD | Shares held: 0.0 | Last price: $208.21
2026-09-18 14:52:30,388 | [TTWO] ACTION: No trade.
2026-09-18 14:52:30,408 | [TXN] choppy/sideways (ADX 21.6) -> mean-reversion strategy | Signal: HOLD | Shares held: 0.0 | Last price: $263.25
2026-09-18 14:52:30,408 | [TXN] ACTION: No trade.
2026-09-18 14:52:30,428 | [TXT] choppy/sideways (ADX 20.6) -> mean-reversion strategy | Signal: HOLD | Shares held: 0.0 | Last price: $80.45
2026-09-18 14:52:30,428 | [TXT] ACTION: No trade.
2026-09-18 14:52:30,448 | [TYL] trending (ADX 35.7) -> trend-following strategy | Signal: HOLD | Shares held: 0.0 | Last price: $337.31
2026-09-18 14:52:30,448 | [TYL] ACTION: No trade.
2026-09-18 14:52:30,468 | [UAL] trending (ADX 25.6) -> trend-following strategy | Signal: HOLD | Shares held: 0.0 | Last price: $108.12
2026-09-18 14:52:30,468 | [UAL] ACTION: No trade.
2026-09-18 14:52:30,489 | [UBER] choppy/sideways (ADX 17.8) -> mean-reversion strategy | Signal: HOLD | Shares held: 0.0 | Last price: $70.50
2026-09-18 14:52:30,489 | [UBER] ACTION: No trade.
2026-09-18 14:52:30,509 | [UDR] trending (ADX 40.9) -> trend-following strategy | Signal: HOLD | Shares held: 0.0 | Last price: $34.20
2026-09-18 14:52:30,509 | [UDR] ACTION: No trade.
2026-09-18 14:52:30,529 | [UHS] choppy/sideways (ADX 19.2) -> mean-reversion strategy | Signal: HOLD | Shares held: 0.0 | Last price: $179.54
2026-09-18 14:52:30,529 | [UHS] ACTION: No trade.
2026-09-18 14:52:30,549 | [ULTA] choppy/sideways (ADX 18.3) -> mean-reversion strategy | Signal: HOLD | Shares held: 0.0 | Last price: $540.57
2026-09-18 14:52:30,549 | [ULTA] ACTION: No trade.
2026-09-18 14:52:30,569 | [UNH] trending (ADX 25.6) -> trend-following strategy | Signal: HOLD | Shares held: 0.0 | Last price: $374.45
2026-09-18 14:52:30,569 | [UNH] ACTION: No trade.
2026-09-18 14:52:30,589 | [UNP] choppy/sideways (ADX 23.7) -> mean-reversion strategy | Signal: HOLD | Shares held: 0.0 | Last price: $279.73
2026-09-18 14:52:30,589 | [UNP] ACTION: No trade.
2026-09-18 14:52:30,609 | [UPS] trending (ADX 27.5) -> trend-following strategy | Signal: HOLD | Shares held: 0.0 | Last price: $99.34
2026-09-18 14:52:30,609 | [UPS] ACTION: No trade.
2026-09-18 14:52:30,630 | [URI] choppy/sideways (ADX 15.5) -> mean-reversion strategy | Signal: HOLD | Shares held: 0.0 | Last price: $997.38
2026-09-18 14:52:30,630 | [URI] ACTION: No trade.
2026-09-18 14:52:30,650 | [USB] choppy/sideways (ADX 17.1) -> mean-reversion strategy | Signal: HOLD | Shares held: 0.0 | Last price: $60.09
2026-09-18 14:52:30,650 | [USB] ACTION: No trade.
2026-09-18 14:52:30,672 | [V] choppy/sideways (ADX 23.5) -> mean-reversion strategy | Signal: HOLD | Shares held: 0.0 | Last price: $368.80
2026-09-18 14:52:30,672 | [V] ACTION: No trade.
2026-09-18 14:52:30,692 | [VEEV] trending (ADX 34.5) -> trend-following strategy | Signal: HOLD | Shares held: 0.0 | Last price: $261.89
2026-09-18 14:52:30,693 | [VEEV] ACTION: No trade.
2026-09-18 14:52:30,742 | [VICI] trending (ADX 51.7) -> trend-following strategy | Signal: HOLD | Shares held: 0.0 | Last price: $23.89
2026-09-18 14:52:30,742 | [VICI] ACTION: No trade.
2026-09-18 14:52:30,762 | [VLO] choppy/sideways (ADX 10.4) -> mean-reversion strategy | Signal: HOLD | Shares held: 0.0 | Last price: $415.00
2026-09-18 14:52:30,762 | [VLO] ACTION: No trade.
2026-09-18 14:52:30,782 | [VLTO] trending (ADX 25.9) -> trend-following strategy | Signal: HOLD | Shares held: 0.0 | Last price: $95.08
2026-09-18 14:52:30,782 | [VLTO] ACTION: No trade.
2026-09-18 14:52:30,802 | [VMC] choppy/sideways (ADX 20.9) -> mean-reversion strategy | Signal: HOLD | Shares held: 0.0 | Last price: $242.47
2026-09-18 14:52:30,802 | [VMC] ACTION: No trade.
2026-09-18 14:52:30,822 | [VMRK] trending (ADX 37.6) -> trend-following strategy | Signal: HOLD | Shares held: 0.0 | Last price: $62.43
2026-09-18 14:52:30,823 | [VMRK] ACTION: No trade.
2026-09-18 14:52:30,843 | [VRSK] trending (ADX 33.7) -> trend-following strategy | Signal: HOLD | Shares held: 0.0 | Last price: $176.31
2026-09-18 14:52:30,843 | [VRSK] ACTION: No trade.
2026-09-18 14:52:30,863 | [VRSN] choppy/sideways (ADX 9.0) -> mean-reversion strategy | Signal: HOLD | Shares held: 0.0 | Last price: $302.21
2026-09-18 14:52:30,863 | [VRSN] ACTION: No trade.
2026-09-18 14:52:30,883 | [VRT] trending (ADX 28.5) -> trend-following strategy | Signal: HOLD | Shares held: 0.0 | Last price: $246.85
2026-09-18 14:52:30,883 | [VRT] ACTION: No trade.
2026-09-18 14:52:30,903 | [VRTX] choppy/sideways (ADX 13.6) -> mean-reversion strategy | Signal: HOLD | Shares held: 0.0 | Last price: $508.35
2026-09-18 14:52:30,903 | [VRTX] ACTION: No trade.
2026-09-18 14:52:30,923 | [VST] choppy/sideways (ADX 18.5) -> mean-reversion strategy | Signal: HOLD | Shares held: 0.0 | Last price: $142.03
2026-09-18 14:52:30,923 | [VST] ACTION: No trade.
2026-09-18 14:52:30,945 | [VTR] choppy/sideways (ADX 18.7) -> mean-reversion strategy | Signal: HOLD | Shares held: 0.0 | Last price: $87.35
2026-09-18 14:52:30,945 | [VTR] ACTION: No trade.
2026-09-18 14:52:30,965 | [VTRS] trending (ADX 29.7) -> trend-following strategy | Signal: HOLD | Shares held: 0.0 | Last price: $17.00
2026-09-18 14:52:30,965 | [VTRS] ACTION: No trade.
2026-09-18 14:52:30,985 | [VZ] trending (ADX 61.5) -> trend-following strategy | Signal: HOLD | Shares held: 0.0 | Last price: $48.15
2026-09-18 14:52:30,985 | [VZ] ACTION: No trade.
2026-09-18 14:52:31,005 | [WAB] choppy/sideways (ADX 23.2) -> mean-reversion strategy | Signal: HOLD | Shares held: 0.0 | Last price: $277.80
2026-09-18 14:52:31,005 | [WAB] ACTION: No trade.
2026-09-18 14:52:31,025 | [WAT] choppy/sideways (ADX 22.5) -> mean-reversion strategy | Signal: HOLD | Shares held: 0.0 | Last price: $424.98
2026-09-18 14:52:31,025 | [WAT] ACTION: No trade.
2026-09-18 14:52:31,045 | [WBD] trending (ADX 26.0) -> trend-following strategy | Signal: HOLD | Shares held: 0.0 | Last price: $27.99
2026-09-18 14:52:31,045 | [WBD] ACTION: No trade.
2026-09-18 14:52:31,065 | [WDAY] trending (ADX 34.6) -> trend-following strategy | Signal: HOLD | Shares held: 0.0 | Last price: $194.12
2026-09-18 14:52:31,066 | [WDAY] ACTION: No trade.
2026-09-18 14:52:31,086 | [WDC] choppy/sideways (ADX 24.8) -> mean-reversion strategy | Signal: HOLD | Shares held: 0.0 | Last price: $436.29
2026-09-18 14:52:31,086 | [WDC] ACTION: No trade.
2026-09-18 14:52:31,106 | [WEC] choppy/sideways (ADX 18.5) -> mean-reversion strategy | Signal: HOLD | Shares held: 0.0 | Last price: $103.58
2026-09-18 14:52:31,106 | [WEC] ACTION: No trade.
2026-09-18 14:52:31,126 | [WELL] choppy/sideways (ADX 24.1) -> mean-reversion strategy | Signal: HOLD | Shares held: 0.0 | Last price: $231.26
2026-09-18 14:52:31,126 | [WELL] ACTION: No trade.
2026-09-18 14:52:31,146 | [WFC] choppy/sideways (ADX 15.7) -> mean-reversion strategy | Signal: HOLD | Shares held: 0.0 | Last price: $86.30
2026-09-18 14:52:31,146 | [WFC] ACTION: No trade.
2026-09-18 14:52:31,166 | [WM] trending (ADX 32.4) -> trend-following strategy | Signal: HOLD | Shares held: 0.0 | Last price: $212.51
2026-09-18 14:52:31,166 | [WM] ACTION: No trade.
2026-09-18 14:52:31,186 | [WMB] choppy/sideways (ADX 17.3) -> mean-reversion strategy | Signal: HOLD | Shares held: 0.0 | Last price: $72.40
2026-09-18 14:52:31,186 | [WMB] ACTION: No trade.
2026-09-18 14:52:31,206 | [WMT] trending (ADX 30.2) -> trend-following strategy | Signal: HOLD | Shares held: 0.0 | Last price: $107.59
2026-09-18 14:52:31,206 | [WMT] ACTION: No trade.
2026-09-18 14:52:31,226 | [WRB] choppy/sideways (ADX 22.8) -> mean-reversion strategy | Signal: HOLD | Shares held: 0.0 | Last price: $69.63
2026-09-18 14:52:31,226 | [WRB] ACTION: No trade.
2026-09-18 14:52:31,246 | [WSM] choppy/sideways (ADX 17.2) -> mean-reversion strategy | Signal: HOLD | Shares held: 0.0 | Last price: $222.10
2026-09-18 14:52:31,246 | [WSM] ACTION: No trade.
2026-09-18 14:52:31,266 | [WST] trending (ADX 28.1) -> trend-following strategy | Signal: HOLD | Shares held: 0.0 | Last price: $362.71
2026-09-18 14:52:31,266 | [WST] ACTION: No trade.
2026-09-18 14:52:31,286 | [WTW] choppy/sideways (ADX 24.1) -> mean-reversion strategy | Signal: HOLD | Shares held: 0.0 | Last price: $309.88
2026-09-18 14:52:31,286 | [WTW] ACTION: No trade.
2026-09-18 14:52:31,306 | [WY] trending (ADX 25.4) -> trend-following strategy | Signal: HOLD | Shares held: 0.0 | Last price: $21.46
2026-09-18 14:52:31,306 | [WY] ACTION: No trade.
2026-09-18 14:52:31,326 | [WYNN] trending (ADX 40.5) -> trend-following strategy | Signal: HOLD | Shares held: 0.0 | Last price: $82.97
2026-09-18 14:52:31,326 | [WYNN] ACTION: No trade.
2026-09-18 14:52:31,346 | [XEL] trending (ADX 28.6) -> trend-following strategy | Signal: HOLD | Shares held: 0.0 | Last price: $72.73
2026-09-18 14:52:31,346 | [XEL] ACTION: No trade.
2026-09-18 14:52:31,366 | [XOM] choppy/sideways (ADX 23.2) -> mean-reversion strategy | Signal: HOLD | Shares held: 0.0 | Last price: $163.26
2026-09-18 14:52:31,366 | [XOM] ACTION: No trade.
2026-09-18 14:52:31,386 | [XYL] choppy/sideways (ADX 14.2) -> mean-reversion strategy | Signal: HOLD | Shares held: 0.0 | Last price: $107.93
2026-09-18 14:52:31,386 | [XYL] ACTION: No trade.
2026-09-18 14:52:31,406 | [XYZ] choppy/sideways (ADX 16.0) -> mean-reversion strategy | Signal: HOLD | Shares held: 0.0 | Last price: $76.56
2026-09-18 14:52:31,406 | [XYZ] ACTION: No trade.
2026-09-18 14:52:31,426 | [YUM] trending (ADX 26.1) -> trend-following strategy | Signal: HOLD | Shares held: 0.0 | Last price: $135.09
2026-09-18 14:52:31,426 | [YUM] ACTION: No trade.
2026-09-18 14:52:31,446 | [ZBH] trending (ADX 37.1) -> trend-following strategy | Signal: HOLD | Shares held: 0.0 | Last price: $94.88
2026-09-18 14:52:31,446 | [ZBH] ACTION: No trade.
2026-09-18 14:52:31,466 | [ZBRA] choppy/sideways (ADX 15.2) -> mean-reversion strategy | Signal: HOLD | Shares held: 0.0 | Last price: $344.70
2026-09-18 14:52:31,467 | [ZBRA] ACTION: No trade.
2026-09-18 14:52:31,486 | [ZTS] choppy/sideways (ADX 17.5) -> mean-reversion strategy | Signal: HOLD | Shares held: 0.0 | Last price: $72.88
2026-09-18 14:52:31,487 | [ZTS] ACTION: No trade.
2026-09-18 15:07:31,700 | SCANNER: refreshing watchlist...
2026-09-18 15:07:31,943 | SCANNER: excluded 3 leveraged/inverse ETF(s) from 5 candidate(s).
2026-09-18 15:07:32,371 | SCANNER: news filter (min 1 article(s) in 24h) would eliminate every candidate this cycle -- skipping it for now.
2026-09-18 15:07:32,371 | SCANNER: candidate AEHL -- -18.1% today, $10.06, liquid, 0 recent news item(s)
2026-09-18 15:07:44,597 | S&P 500 liquidity backstop -> NVDA, MU, SNDK, TSLA, AAPL, META, AMD, INTC, MSFT, AVGO, GOOGL, AMZN, GOOG, DELL, ORCL, PLTR, LITE, MRVL, CRWD, STX, TMO, JPM, GS, CRM, PANW, WDC, HOOD, BAC, GEV, V, AMAT, LRCX, BRK.B, COIN, LLY, NFLX, COST, QCOM, XOM, CAT, WMT, TXN, CVX, JNJ, MS, C, ABBV, MA, COHR, GE, CSCO, VLO, FANG, PG, TJX, BA, UNH, NOW, MPC, MRNA, MRK, AMGN, DHR, WFC, HD, HONA, AON, APP, ADI, AZO, VRT, IBM, SMCI, KLAC, ETN, GLW, GILD, SCHW, MDT, DE, KO, HPE, LIN, PEP, SYK, MCK, COF, MCD, AXP, BKNG, NEE, TMUS, ABT, DIS, HON, ANET, NXPI, VZ, ISRG, ADBE, COP, CMI, PSX, UBER, ADP, HWM, PM, BNY, INTU, ACN, NKE, BLK, SWKS, RTX, MPWR, UNP, HCA, CIEN, HBAN, EQIX, ON, TER, T, ELV, BSX, USB, HLT, DDOG, SHW, TRV, EXPE, PGR, WMB, PH, MMM, BMY, SPGI, WELL, AXON, ORLY, TT, MAR, FTNT, TDG, EBAY, DASH, APH, MRSH, ROST, LOW, MSI, SLB, JCI, TGT, PNC, GM, URI, XEL, KVUE, KR, SO, SBUX, CDNS, CB, IQV, ACGL, CEG, SNPS, REGN, CAH, MLM, SYY, AMT, VMRK, CL, EOG, AEP, CSX, CTVA, PLD, TEL, ADSK, VRTX, CRH, KEYS, RVTY, PFE, CVS, KEY, NEM, WDAY, ABNB, ICE, PWR, FCX, JBHT, DUK, MCHP, CARR, NOC, CME, CMCSA, WM, IR, BKR, CTAS, GNRC, BDX, WBD, RSG, ALL, TFC, MTD, LMT, OTIS, GD, STT, DLTR, FERG, RDDT, DLR, GWW, AMP, MDLZ, MSCI, APO, DHI, OKE, AME, KMB, EW, AJG, DVN, APD, CASY, KMI, ROK, LHX, MO, EMR, KKR, MNST, HUM, NSC, PCAR, A, COR, ETR, RCL, BX, CNP, MTB, DG, LYV, ODFL, NTAP, FIX, ECL, VST, DXCM, AIG, VEEV, YUM, BBY, CI, CTSH, TTWO, ITW, LEN, F, MCO, CRL, HPQ, OXY, FDX, CFG, FITB, WAT, ROP, FOXA, PAYX, DGX, CBRE, WSM, MET, TRGP, UPS, FSLR, AKAM, TPR, DRI, NUE, CMG, CCI, SRE, WEC, CHTR, ADM, KDP, SPG, RMD, HAL, PSA, DOV, VMC, ULTA, FAST, DAL, NRG, EME, PYPL, IDXX, EQT, CNC, DTE, UAL, VTR, FFIV, XYL, IBKR, CVNA, ZBH, EXE, LULU, AWK, O, CBOE, WRB, TECH, PEG, STLD, KHC, WST, AFL, FLEX, NDAQ, HSY, STZ, GRMN, IT, FDS, D, ZTS, LYB, HIG, RF, TSCO, BG, EXC, LH, HUBB, PCG, JKHY, SW, JBL, EFX, GEHC, IP, EXR, VRSK, FICO, NVR, CHRW, PODD, CCL, APA, SYF, FISV, ECHO, COO, WAB, EIX, TYL, FDXF, GIS, DOW, ARES, CF, RL, DECK, RJF, CMS, DPZ, ED, ATO, XYZ, ROL, LUV, ALB, PTC, TKO, NTRS, VRSN, EXPD, EL, GPN, EVRG, CHD, AEE, CPRT, IRM, HST, PPG, ZBRA, CDW, INCY, MAS, PFG, OMC, TROW, PRU, ALLE, PPL, LII, NI, STE, FE, SBAC, FIS, Q, DVA, LVS, TSN, PHM, GEN, CLX, DD, TDY, BLDR, BRO, UDR, GDDY, BIIB, INVH, SJM, ES, UHS, BR, TXT, CSGP, LDOS, BAX, EG, MOS, FTV, APTV, SWK, IFF, CPAY, MKC, PNR, AMCR, WY, GPC, MAA, VICI, ALGN, LNT, AVY, KIM, TAP, PSKY, TPL, PKG, HSIC, WTW, TTD, TRMB, IVZ, VLTO, CINF, L, NCLH, HII, ESS, BALL, SNA, ARE, NDSN, AIZ, WYNN, HAS, IEX, VTRS, AES, NWSA, REG, CPT, DOC, BEN
2026-09-18 15:07:44,599 | SCANNER: new watchlist -> AEHL, NVDA, MU, SNDK, TSLA, AAPL, META, AMD, INTC, MSFT, AVGO, GOOGL, AMZN, GOOG, DELL, ORCL, PLTR, LITE, MRVL, CRWD, STX, TMO, JPM, GS, CRM, PANW, WDC, HOOD, BAC, GEV, V, AMAT, LRCX, BRK.B, COIN, LLY, NFLX, COST, QCOM, XOM, CAT, WMT, TXN, CVX, JNJ, MS, C, ABBV, MA, COHR, GE, CSCO, VLO, FANG, PG, TJX, BA, UNH, NOW, MPC, MRNA, MRK, AMGN, DHR, WFC, HD, HONA, AON, APP, ADI, AZO, VRT, IBM, SMCI, KLAC, ETN, GLW, GILD, SCHW, MDT, DE, KO, HPE, LIN, PEP, SYK, MCK, COF, MCD, AXP, BKNG, NEE, TMUS, ABT, DIS, HON, ANET, NXPI, VZ, ISRG, ADBE, COP, CMI, PSX, UBER, ADP, HWM, PM, BNY, INTU, ACN, NKE, BLK, SWKS, RTX, MPWR, UNP, HCA, CIEN, HBAN, EQIX, ON, TER, T, ELV, BSX, USB, HLT, DDOG, SHW, TRV, EXPE, PGR, WMB, PH, MMM, BMY, SPGI, WELL, AXON, ORLY, TT, MAR, FTNT, TDG, EBAY, DASH, APH, MRSH, ROST, LOW, MSI, SLB, JCI, TGT, PNC, GM, URI, XEL, KVUE, KR, SO, SBUX, CDNS, CB, IQV, ACGL, CEG, SNPS, REGN, CAH, MLM, SYY, AMT, VMRK, CL, EOG, AEP, CSX, CTVA, PLD, TEL, ADSK, VRTX, CRH, KEYS, RVTY, PFE, CVS, KEY, NEM, WDAY, ABNB, ICE, PWR, FCX, JBHT, DUK, MCHP, CARR, NOC, CME, CMCSA, WM, IR, BKR, CTAS, GNRC, BDX, WBD, RSG, ALL, TFC, MTD, LMT, OTIS, GD, STT, DLTR, FERG, RDDT, DLR, GWW, AMP, MDLZ, MSCI, APO, DHI, OKE, AME, KMB, EW, AJG, DVN, APD, CASY, KMI, ROK, LHX, MO, EMR, KKR, MNST, HUM, NSC, PCAR, A, COR, ETR, RCL, BX, CNP, MTB, DG, LYV, ODFL, NTAP, FIX, ECL, VST, DXCM, AIG, VEEV, YUM, BBY, CI, CTSH, TTWO, ITW, LEN, F, MCO, CRL, HPQ, OXY, FDX, CFG, FITB, WAT, ROP, FOXA, PAYX, DGX, CBRE, WSM, MET, TRGP, UPS, FSLR, AKAM, TPR, DRI, NUE, CMG, CCI, SRE, WEC, CHTR, ADM, KDP, SPG, RMD, HAL, PSA, DOV, VMC, ULTA, FAST, DAL, NRG, EME, PYPL, IDXX, EQT, CNC, DTE, UAL, VTR, FFIV, XYL, IBKR, CVNA, ZBH, EXE, LULU, AWK, O, CBOE, WRB, TECH, PEG, STLD, KHC, WST, AFL, FLEX, NDAQ, HSY, STZ, GRMN, IT, FDS, D, ZTS, LYB, HIG, RF, TSCO, BG, EXC, LH, HUBB, PCG, JKHY, SW, JBL, EFX, GEHC, IP, EXR, VRSK, FICO, NVR, CHRW, PODD, CCL, APA, SYF, FISV, ECHO, COO, WAB, EIX, TYL, FDXF, GIS, DOW, ARES, CF, RL, DECK, RJF, CMS, DPZ, ED, ATO, XYZ, ROL, LUV, ALB, PTC, TKO, NTRS, VRSN, EXPD, EL, GPN, EVRG, CHD, AEE, CPRT, IRM, HST, PPG, ZBRA, CDW, INCY, MAS, PFG, OMC, TROW, PRU, ALLE, PPL, LII, NI, STE, FE, SBAC, FIS, Q, DVA, LVS, TSN, PHM, GEN, CLX, DD, TDY, BLDR, BRO, UDR, GDDY, BIIB, INVH, SJM, ES, UHS, BR, TXT, CSGP, LDOS, BAX, EG, MOS, FTV, APTV, SWK, IFF, CPAY, MKC, PNR, AMCR, WY, GPC, MAA, VICI, ALGN, LNT, AVY, KIM, TAP, PSKY, TPL, PKG, HSIC, WTW, TTD, TRMB, IVZ, VLTO, CINF, L, NCLH, HII, ESS, BALL, SNA, ARE, NDSN, AIZ, WYNN, HAS, IEX, VTRS, AES, NWSA, REG, CPT, DOC, BEN
2026-09-18 15:07:44,694 | Market is open (closes 2026-09-18 22:00:00 CEST your local time). Checking 491 symbols: A, AAPL, ABBV, ABNB, ABT, ACGL, ACN, ADBE, ADI, ADM, ADP, ADSK, AEE, AEHL, AEP, AES, AFL, AIG, AIZ, AJG, AKAM, ALB, ALGN, ALL, ALLE, AMAT, AMCR, AMD, AME, AMGN, AMP, AMT, AMZN, ANET, AON, APA, APD, APH, APO, APP, APTV, ARE, ARES, ATO, AVGO, AVY, AWK, AXON, AXP, AZO, BA, BAC, BALL, BAX, BBY, BDX, BEN, BG, BIIB, BKNG, BKR, BLDR, BLK, BMY, BNY, BR, BRK.B, BRO, BSX, BX, C, CAH, CARR, CASY, CAT, CB, CBOE, CBRE, CCI, CCL, CDNS, CDW, CEG, CF, CFG, CHD, CHRW, CHTR, CI, CIEN, CINF, CL, CLX, CMCSA, CME, CMG, CMI, CMS, CNC, CNP, COF, COHR, COIN, COO, COP, COR, COST, CPAY, CPRT, CPT, CRH, CRL, CRM, CRWD, CSCO, CSGP, CSX, CTAS, CTSH, CTVA, CVNA, CVS, CVX, D, DAL, DASH, DD, DDOG, DE, DECK, DELL, DG, DGX, DHI, DHR, DIS, DLR, DLTR, DOC, DOV, DOW, DPZ, DRI, DTE, DUK, DVA, DVN, DXCM, EBAY, ECHO, ECL, ED, EFX, EG, EIX, EL, ELV, EME, EMR, EOG, EQIX, EQT, ES, ESS, ETN, ETR, EVRG, EW, EXC, EXE, EXPD, EXPE, EXR, F, FANG, FAST, FCX, FDS, FDX, FDXF, FE, FERG, FFIV, FICO, FIS, FISV, FITB, FIX, FLEX, FOXA, FSLR, FTNT, FTV, GD, GDDY, GE, GEHC, GEN, GEV, GILD, GIS, GLW, GM, GNRC, GOOG, GOOGL, GPC, GPN, GRMN, GS, GWW, HAL, HAS, HBAN, HCA, HD, HIG, HII, HLT, HON, HONA, HOOD, HPE, HPQ, HSIC, HST, HSY, HUBB, HUM, HWM, IBKR, IBM, ICE, IDXX, IEX, IFF, INCY, INTC, INTU, INVH, IP, IQV, IR, IRM, ISRG, IT, ITW, IVZ, JBHT, JBL, JCI, JKHY, JNJ, JPM, KDP, KEY, KEYS, KHC, KIM, KKR, KLAC, KMB, KMI, KO, KR, KVUE, L, LDOS, LEN, LH, LHX, LII, LIN, LITE, LLY, LMT, LNT, LOW, LRCX, LULU, LUV, LVS, LYB, LYV, MA, MAA, MAR, MAS, MCD, MCHP, MCK, MCO, MDLZ, MDT, MET, META, MKC, MLM, MMM, MNST, MO, MOS, MPC, MPWR, MRK, MRNA, MRSH, MRVL, MS, MSCI, MSFT, MSI, MTB, MTD, MU, NCLH, NDAQ, NDSN, NEE, NEM, NFLX, NI, NKE, NOC, NOW, NRG, NSC, NTAP, NTRS, NUE, NVDA, NVR, NWSA, NXPI, O, ODFL, OKE, OMC, ON, ORCL, ORLY, OTIS, OXY, PANW, PAYX, PCAR, PCG, PEG, PEP, PFE, PFG, PG, PGR, PH, PHM, PKG, PLD, PLTR, PM, PNC, PNR, PODD, PPG, PPL, PRU, PSA, PSKY, PSX, PTC, PWR, PYPL, Q, QCOM, RCL, RDDT, REG, REGN, RF, RJF, RL, RMD, ROK, ROL, ROP, ROST, RSG, RTX, RVTY, SBAC, SBUX, SCHW, SHW, SJM, SLB, SMCI, SNA, SNDK, SNPS, SO, SPG, SPGI, SRE, STE, STLD, STT, STX, STZ, SW, SWK, SWKS, SYF, SYK, SYY, T, TAP, TDG, TDY, TECH, TEL, TER, TFC, TGT, TJX, TKO, TMO, TMUS, TPL, TPR, TRGP, TRMB, TROW, TRV, TSCO, TSLA, TSN, TT, TTD, TTWO, TXN, TXT, TYL, UAL, UBER, UDR, UHS, ULTA, UNH, UNP, UPS, URI, USB, V, VEEV, VICI, VLO, VLTO, VMC, VMRK, VRSK, VRSN, VRT, VRTX, VST, VTR, VTRS, VZ, WAB, WAT, WBD, WDAY, WDC, WEC, WELL, WFC, WM, WMB, WMT, WRB, WSM, WST, WTW, WY, WYNN, XEL, XOM, XYL, XYZ, YUM, ZBH, ZBRA, ZTS
2026-09-18 15:08:05,245 | [A] trending (ADX 25.3) -> trend-following strategy | Signal: HOLD | Shares held: 0.0 | Last price: $155.91
2026-09-18 15:08:05,245 | [A] ACTION: No trade.
2026-09-18 15:08:05,266 | [AAPL] trending (ADX 27.8) -> trend-following strategy | Signal: HOLD | Shares held: 0.0 | Last price: $333.94
2026-09-18 15:08:05,266 | [AAPL] ACTION: No trade.
2026-09-18 15:08:05,286 | [ABBV] trending (ADX 28.9) -> trend-following strategy | Signal: HOLD | Shares held: 0.0 | Last price: $264.27
2026-09-18 15:08:05,286 | [ABBV] ACTION: No trade.
2026-09-18 15:08:05,306 | [ABNB] trending (ADX 30.9) -> trend-following strategy | Signal: HOLD | Shares held: 0.0 | Last price: $166.44
2026-09-18 15:08:05,306 | [ABNB] ACTION: No trade.
2026-09-18 15:08:05,326 | [ABT] choppy/sideways (ADX 22.5) -> mean-reversion strategy | Signal: HOLD | Shares held: 0.0 | Last price: $102.68
2026-09-18 15:08:05,326 | [ABT] ACTION: No trade.
2026-09-18 15:08:05,346 | [ACGL] choppy/sideways (ADX 12.0) -> mean-reversion strategy | Signal: HOLD | Shares held: 0.0 | Last price: $96.67
2026-09-18 15:08:05,346 | [ACGL] ACTION: No trade.
2026-09-18 15:08:05,366 | [ACN] trending (ADX 34.5) -> trend-following strategy | Signal: HOLD | Shares held: 0.0 | Last price: $183.59
2026-09-18 15:08:05,366 | [ACN] ACTION: No trade.
2026-09-18 15:08:05,386 | [ADBE] choppy/sideways (ADX 21.5) -> mean-reversion strategy | Signal: HOLD | Shares held: 0.0 | Last price: $250.53
2026-09-18 15:08:05,386 | [ADBE] ACTION: No trade.
2026-09-18 15:08:05,406 | [ADI] choppy/sideways (ADX 23.8) -> mean-reversion strategy | Signal: HOLD | Shares held: 0.0 | Last price: $369.69
2026-09-18 15:08:05,406 | [ADI] ACTION: No trade.
2026-09-18 15:08:05,426 | [ADM] trending (ADX 30.3) -> trend-following strategy | Signal: HOLD | Shares held: 0.0 | Last price: $86.16
2026-09-18 15:08:05,426 | [ADM] ACTION: No trade.
2026-09-18 15:08:05,447 | [ADP] trending (ADX 38.8) -> trend-following strategy | Signal: HOLD | Shares held: 0.0 | Last price: $271.28
2026-09-18 15:08:05,447 | [ADP] ACTION: No trade.
2026-09-18 15:08:05,467 | [ADSK] choppy/sideways (ADX 21.9) -> mean-reversion strategy | Signal: HOLD | Shares held: 0.0 | Last price: $217.31
2026-09-18 15:08:05,467 | [ADSK] ACTION: No trade.
2026-09-18 15:08:05,487 | [AEE] choppy/sideways (ADX 17.8) -> mean-reversion strategy | Signal: HOLD | Shares held: 0.0 | Last price: $102.75
2026-09-18 15:08:05,487 | [AEE] ACTION: No trade.
2026-09-18 15:08:05,557 | [AEHL] trending (ADX 34.1) -> trend-following strategy | Signal: HOLD | Shares held: 0.0 | Last price: $9.70
2026-09-18 15:08:05,557 | [AEHL] ACTION: No trade.
2026-09-18 15:08:05,577 | [AEP] choppy/sideways (ADX 22.3) -> mean-reversion strategy | Signal: HOLD | Shares held: 0.0 | Last price: $120.37
2026-09-18 15:08:05,577 | [AEP] ACTION: No trade.
2026-09-18 15:08:05,598 | [AES] trending (ADX 47.9) -> trend-following strategy | Signal: HOLD | Shares held: 0.0 | Last price: $14.85
2026-09-18 15:08:05,598 | [AES] ACTION: No trade.
2026-09-18 15:08:05,618 | [AFL] trending (ADX 28.4) -> trend-following strategy | Signal: HOLD | Shares held: 0.0 | Last price: $116.15
2026-09-18 15:08:05,618 | [AFL] ACTION: No trade.
2026-09-18 15:08:05,639 | [AIG] choppy/sideways (ADX 11.6) -> mean-reversion strategy | Signal: HOLD | Shares held: 0.0 | Last price: $75.88
2026-09-18 15:08:05,639 | [AIG] ACTION: No trade.
2026-09-18 15:08:05,659 | [AIZ] trending (ADX 28.3) -> trend-following strategy | Signal: HOLD | Shares held: 0.0 | Last price: $281.71
2026-09-18 15:08:05,659 | [AIZ] ACTION: No trade.
2026-09-18 15:08:05,679 | [AJG] choppy/sideways (ADX 20.1) -> mean-reversion strategy | Signal: HOLD | Shares held: 0.0 | Last price: $241.79
2026-09-18 15:08:05,679 | [AJG] ACTION: No trade.
2026-09-18 15:08:05,699 | [AKAM] trending (ADX 27.1) -> trend-following strategy | Signal: HOLD | Shares held: 0.0 | Last price: $102.95
2026-09-18 15:08:05,699 | [AKAM] ACTION: No trade.
2026-09-18 15:08:05,719 | [ALB] trending (ADX 40.1) -> trend-following strategy | Signal: HOLD | Shares held: 0.0 | Last price: $110.65
2026-09-18 15:08:05,719 | [ALB] ACTION: No trade.
2026-09-18 15:08:05,739 | [ALGN] trending (ADX 27.5) -> trend-following strategy | Signal: HOLD | Shares held: 0.0 | Last price: $147.78
2026-09-18 15:08:05,740 | [ALGN] ACTION: No trade.
2026-09-18 15:08:05,781 | [ALL] trending (ADX 40.5) -> trend-following strategy | Signal: HOLD | Shares held: 0.0 | Last price: $249.76
2026-09-18 15:08:05,781 | [ALL] ACTION: No trade.
2026-09-18 15:08:05,801 | [ALLE] trending (ADX 27.8) -> trend-following strategy | Signal: HOLD | Shares held: 0.0 | Last price: $151.80
2026-09-18 15:08:05,801 | [ALLE] ACTION: No trade.
2026-09-18 15:08:05,821 | [AMAT] trending (ADX 35.9) -> trend-following strategy | Signal: HOLD | Shares held: 0.0 | Last price: $434.85
2026-09-18 15:08:05,821 | [AMAT] ACTION: No trade.
2026-09-18 15:08:05,841 | [AMCR] choppy/sideways (ADX 23.7) -> mean-reversion strategy | Signal: HOLD | Shares held: 0.0 | Last price: $42.15
2026-09-18 15:08:05,841 | [AMCR] ACTION: No trade.
2026-09-18 15:08:05,861 | [AMD] trending (ADX 39.0) -> trend-following strategy | Signal: HOLD | Shares held: 0.0 | Last price: $542.58
2026-09-18 15:08:05,861 | [AMD] ACTION: No trade.
2026-09-18 15:08:05,881 | [AME] choppy/sideways (ADX 19.5) -> mean-reversion strategy | Signal: HOLD | Shares held: 0.0 | Last price: $235.79
2026-09-18 15:08:05,881 | [AME] ACTION: No trade.
2026-09-18 15:08:05,901 | [AMGN] trending (ADX 27.9) -> trend-following strategy | Signal: HOLD | Shares held: 0.0 | Last price: $382.20
2026-09-18 15:08:05,901 | [AMGN] ACTION: No trade.
2026-09-18 15:08:05,921 | [AMP] choppy/sideways (ADX 19.1) -> mean-reversion strategy | Signal: HOLD | Shares held: 0.0 | Last price: $543.70
2026-09-18 15:08:05,921 | [AMP] ACTION: No trade.
2026-09-18 15:08:05,941 | [AMT] trending (ADX 38.1) -> trend-following strategy | Signal: HOLD | Shares held: 0.0 | Last price: $174.37
2026-09-18 15:08:05,941 | [AMT] ACTION: No trade.
2026-09-18 15:08:05,961 | [AMZN] trending (ADX 32.5) -> trend-following strategy | Signal: HOLD | Shares held: 0.0 | Last price: $254.01
2026-09-18 15:08:05,961 | [AMZN] ACTION: No trade.
2026-09-18 15:08:05,981 | [ANET] choppy/sideways (ADX 15.6) -> mean-reversion strategy | Signal: HOLD | Shares held: 0.0 | Last price: $197.54
2026-09-18 15:08:05,981 | [ANET] ACTION: No trade.
2026-09-18 15:08:06,001 | [AON] choppy/sideways (ADX 21.9) -> mean-reversion strategy | Signal: HOLD | Shares held: 0.0 | Last price: $296.74
2026-09-18 15:08:06,001 | [AON] ACTION: No trade.
2026-09-18 15:08:06,021 | [APA] choppy/sideways (ADX 19.8) -> mean-reversion strategy | Signal: HOLD | Shares held: 0.0 | Last price: $45.17
2026-09-18 15:08:06,021 | [APA] ACTION: No trade.
2026-09-18 15:08:06,041 | [APD] choppy/sideways (ADX 23.4) -> mean-reversion strategy | Signal: HOLD | Shares held: 0.0 | Last price: $282.10
2026-09-18 15:08:06,041 | [APD] ACTION: No trade.
2026-09-18 15:08:06,062 | [APH] trending (ADX 36.0) -> trend-following strategy | Signal: HOLD | Shares held: 0.0 | Last price: $79.10
2026-09-18 15:08:06,062 | [APH] ACTION: No trade.
2026-09-18 15:08:06,082 | [APO] choppy/sideways (ADX 23.6) -> mean-reversion strategy | Signal: HOLD | Shares held: 0.0 | Last price: $126.07
2026-09-18 15:08:06,082 | [APO] ACTION: No trade.
2026-09-18 15:08:06,102 | [APP] choppy/sideways (ADX 20.0) -> mean-reversion strategy | Signal: HOLD | Shares held: 0.0 | Last price: $315.16
2026-09-18 15:08:06,102 | [APP] ACTION: No trade.
2026-09-18 15:08:06,122 | [APTV] choppy/sideways (ADX 24.4) -> mean-reversion strategy | Signal: HOLD | Shares held: 0.0 | Last price: $43.38
2026-09-18 15:08:06,122 | [APTV] ACTION: No trade.
2026-09-18 15:08:06,142 | [ARE] trending (ADX 32.1) -> trend-following strategy | Signal: HOLD | Shares held: 0.0 | Last price: $55.70
2026-09-18 15:08:06,142 | [ARE] ACTION: No trade.
2026-09-18 15:08:06,162 | [ARES] trending (ADX 25.5) -> trend-following strategy | Signal: HOLD | Shares held: 0.0 | Last price: $124.39
2026-09-18 15:08:06,162 | [ARES] ACTION: No trade.
2026-09-18 15:08:06,182 | [ATO] trending (ADX 29.6) -> trend-following strategy | Signal: HOLD | Shares held: 0.0 | Last price: $160.42
2026-09-18 15:08:06,182 | [ATO] ACTION: No trade.
2026-09-18 15:08:06,202 | [AVGO] trending (ADX 46.8) -> trend-following strategy | Signal: HOLD | Shares held: 0.0 | Last price: $357.66
2026-09-18 15:08:06,202 | [AVGO] ACTION: No trade.
2026-09-18 15:08:06,223 | [AVY] trending (ADX 28.9) -> trend-following strategy | Signal: HOLD | Shares held: 0.0 | Last price: $169.63
2026-09-18 15:08:06,223 | [AVY] ACTION: No trade.
2026-09-18 15:08:06,243 | [AWK] trending (ADX 28.3) -> trend-following strategy | Signal: HOLD | Shares held: 0.0 | Last price: $136.01
2026-09-18 15:08:06,243 | [AWK] ACTION: No trade.
2026-09-18 15:08:06,263 | [AXON] choppy/sideways (ADX 19.1) -> mean-reversion strategy | Signal: HOLD | Shares held: 0.0 | Last price: $451.00
2026-09-18 15:08:06,263 | [AXON] ACTION: No trade.
2026-09-18 15:08:06,283 | [AXP] trending (ADX 32.5) -> trend-following strategy | Signal: HOLD | Shares held: 0.0 | Last price: $309.91
2026-09-18 15:08:06,283 | [AXP] ACTION: No trade.
2026-09-18 15:08:06,303 | [AZO] trending (ADX 25.9) -> trend-following strategy | Signal: HOLD | Shares held: 0.0 | Last price: $2849.43
2026-09-18 15:08:06,303 | [AZO] ACTION: No trade.
2026-09-18 15:08:06,324 | [BA] trending (ADX 34.9) -> trend-following strategy | Signal: HOLD | Shares held: 0.0 | Last price: $196.72
2026-09-18 15:08:06,324 | [BA] ACTION: No trade.
2026-09-18 15:08:06,344 | [BAC] choppy/sideways (ADX 14.7) -> mean-reversion strategy | Signal: HOLD | Shares held: 0.0 | Last price: $58.09
2026-09-18 15:08:06,344 | [BAC] ACTION: No trade.
2026-09-18 15:08:06,364 | [BALL] choppy/sideways (ADX 7.8) -> mean-reversion strategy | Signal: HOLD | Shares held: 0.0 | Last price: $60.78
2026-09-18 15:08:06,364 | [BALL] ACTION: No trade.
2026-09-18 15:08:06,384 | [BAX] choppy/sideways (ADX 23.8) -> mean-reversion strategy | Signal: HOLD | Shares held: 0.0 | Last price: $22.84
2026-09-18 15:08:06,384 | [BAX] ACTION: No trade.
2026-09-18 15:08:06,404 | [BBY] choppy/sideways (ADX 15.7) -> mean-reversion strategy | Signal: HOLD | Shares held: 0.0 | Last price: $94.39
2026-09-18 15:08:06,404 | [BBY] ACTION: No trade.
2026-09-18 15:08:06,425 | [BDX] trending (ADX 38.4) -> trend-following strategy | Signal: HOLD | Shares held: 0.0 | Last price: $179.91
2026-09-18 15:08:06,425 | [BDX] ACTION: No trade.
2026-09-18 15:08:06,493 | [BEN] choppy/sideways (ADX 22.2) -> mean-reversion strategy | Signal: HOLD | Shares held: 0.0 | Last price: $32.88
2026-09-18 15:08:06,493 | [BEN] ACTION: No trade.
2026-09-18 15:08:06,514 | [BG] trending (ADX 25.1) -> trend-following strategy | Signal: HOLD | Shares held: 0.0 | Last price: $117.60
2026-09-18 15:08:06,514 | [BG] ACTION: No trade.
2026-09-18 15:08:06,533 | [BIIB] trending (ADX 26.7) -> trend-following strategy | Signal: HOLD | Shares held: 0.0 | Last price: $217.92
2026-09-18 15:08:06,533 | [BIIB] ACTION: No trade.
2026-09-18 15:08:06,554 | [BKNG] trending (ADX 28.7) -> trend-following strategy | Signal: HOLD | Shares held: 0.0 | Last price: $169.31
2026-09-18 15:08:06,554 | [BKNG] ACTION: No trade.
2026-09-18 15:08:06,574 | [BKR] choppy/sideways (ADX 11.5) -> mean-reversion strategy | Signal: HOLD | Shares held: 0.0 | Last price: $56.75
2026-09-18 15:08:06,574 | [BKR] ACTION: No trade.
2026-09-18 15:08:06,594 | [BLDR] choppy/sideways (ADX 16.6) -> mean-reversion strategy | Signal: HOLD | Shares held: 0.0 | Last price: $57.20
2026-09-18 15:08:06,594 | [BLDR] ACTION: No trade.
2026-09-18 15:08:06,614 | [BLK] choppy/sideways (ADX 23.2) -> mean-reversion strategy | Signal: HOLD | Shares held: 0.0 | Last price: $1049.84
2026-09-18 15:08:06,614 | [BLK] ACTION: No trade.
2026-09-18 15:08:06,634 | [BMY] trending (ADX 29.7) -> trend-following strategy | Signal: HOLD | Shares held: 0.0 | Last price: $62.72
2026-09-18 15:08:06,634 | [BMY] ACTION: No trade.
2026-09-18 15:08:06,654 | [BNY] choppy/sideways (ADX 20.5) -> mean-reversion strategy | Signal: HOLD | Shares held: 0.0 | Last price: $152.78
2026-09-18 15:08:06,655 | [BNY] ACTION: No trade.
2026-09-18 15:08:06,675 | [BR] trending (ADX 52.5) -> trend-following strategy | Signal: HOLD | Shares held: 0.0 | Last price: $164.01
2026-09-18 15:08:06,675 | [BR] ACTION: No trade.
2026-09-18 15:08:06,695 | [BRK.B] trending (ADX 42.4) -> trend-following strategy | Signal: HOLD | Shares held: 0.0 | Last price: $507.64
2026-09-18 15:08:06,695 | [BRK.B] ACTION: No trade.
2026-09-18 15:08:06,715 | [BRO] choppy/sideways (ADX 17.4) -> mean-reversion strategy | Signal: HOLD | Shares held: 0.0 | Last price: $65.62
2026-09-18 15:08:06,715 | [BRO] ACTION: No trade.
2026-09-18 15:08:06,735 | [BSX] choppy/sideways (ADX 21.4) -> mean-reversion strategy | Signal: HOLD | Shares held: 0.0 | Last price: $43.55
2026-09-18 15:08:06,735 | [BSX] ACTION: No trade.
2026-09-18 15:08:06,755 | [BX] choppy/sideways (ADX 18.1) -> mean-reversion strategy | Signal: HOLD | Shares held: 0.0 | Last price: $124.52
2026-09-18 15:08:06,755 | [BX] ACTION: No trade.
2026-09-18 15:08:06,775 | [C] choppy/sideways (ADX 7.2) -> mean-reversion strategy | Signal: HOLD | Shares held: 0.0 | Last price: $132.46
2026-09-18 15:08:06,775 | [C] ACTION: No trade.
2026-09-18 15:08:06,795 | [CAH] trending (ADX 50.9) -> trend-following strategy | Signal: HOLD | Shares held: 0.0 | Last price: $223.38
2026-09-18 15:08:06,795 | [CAH] ACTION: No trade.
2026-09-18 15:08:06,816 | [CARR] choppy/sideways (ADX 11.7) -> mean-reversion strategy | Signal: HOLD | Shares held: 0.0 | Last price: $53.58
2026-09-18 15:08:06,816 | [CARR] ACTION: No trade.
2026-09-18 15:08:06,836 | [CASY] choppy/sideways (ADX 24.3) -> mean-reversion strategy | Signal: HOLD | Shares held: 0.0 | Last price: $606.76
2026-09-18 15:08:06,836 | [CASY] ACTION: No trade.
2026-09-18 15:08:06,856 | [CAT] trending (ADX 27.5) -> trend-following strategy | Signal: HOLD | Shares held: 0.0 | Last price: $803.00
2026-09-18 15:08:06,856 | [CAT] ACTION: No trade.
2026-09-18 15:08:06,876 | [CB] choppy/sideways (ADX 14.8) -> mean-reversion strategy | Signal: HOLD | Shares held: 0.0 | Last price: $341.56
2026-09-18 15:08:06,876 | [CB] ACTION: No trade.
2026-09-18 15:08:06,896 | [CBOE] trending (ADX 25.7) -> trend-following strategy | Signal: HOLD | Shares held: 0.0 | Last price: $268.85
2026-09-18 15:08:06,897 | [CBOE] ACTION: No trade.
2026-09-18 15:08:06,917 | [CBRE] choppy/sideways (ADX 24.0) -> mean-reversion strategy | Signal: HOLD | Shares held: 0.0 | Last price: $138.81
2026-09-18 15:08:06,917 | [CBRE] ACTION: No trade.
2026-09-18 15:08:06,937 | [CCI] choppy/sideways (ADX 18.5) -> mean-reversion strategy | Signal: HOLD | Shares held: 0.0 | Last price: $73.41
2026-09-18 15:08:06,937 | [CCI] ACTION: No trade.
2026-09-18 15:08:06,957 | [CCL] choppy/sideways (ADX 24.2) -> mean-reversion strategy | Signal: HOLD | Shares held: 0.0 | Last price: $21.96
2026-09-18 15:08:06,957 | [CCL] ACTION: No trade.
2026-09-18 15:08:06,977 | [CDNS] trending (ADX 27.4) -> trend-following strategy | Signal: HOLD | Shares held: 0.0 | Last price: $282.62
2026-09-18 15:08:06,977 | [CDNS] ACTION: No trade.
2026-09-18 15:08:06,998 | [CDW] trending (ADX 29.4) -> trend-following strategy | Signal: HOLD | Shares held: 0.0 | Last price: $145.41
2026-09-18 15:08:06,998 | [CDW] ACTION: No trade.
2026-09-18 15:08:07,018 | [CEG] choppy/sideways (ADX 20.2) -> mean-reversion strategy | Signal: HOLD | Shares held: 0.0 | Last price: $258.11
2026-09-18 15:08:07,018 | [CEG] ACTION: No trade.
2026-09-18 15:08:07,038 | [CF] trending (ADX 27.1) -> trend-following strategy | Signal: HOLD | Shares held: 0.0 | Last price: $130.71
2026-09-18 15:08:07,038 | [CF] ACTION: No trade.
2026-09-18 15:08:07,058 | [CFG] choppy/sideways (ADX 19.0) -> mean-reversion strategy | Signal: HOLD | Shares held: 0.0 | Last price: $67.14
2026-09-18 15:08:07,058 | [CFG] ACTION: No trade.
2026-09-18 15:08:07,078 | [CHD] trending (ADX 32.5) -> trend-following strategy | Signal: HOLD | Shares held: 0.0 | Last price: $95.00
2026-09-18 15:08:07,078 | [CHD] ACTION: No trade.
2026-09-18 15:08:07,099 | [CHRW] choppy/sideways (ADX 23.1) -> mean-reversion strategy | Signal: HOLD | Shares held: 0.0 | Last price: $152.90
2026-09-18 15:08:07,099 | [CHRW] ACTION: No trade.
2026-09-18 15:08:07,119 | [CHTR] trending (ADX 42.5) -> trend-following strategy | Signal: HOLD | Shares held: 0.0 | Last price: $130.40
2026-09-18 15:08:07,119 | [CHTR] ACTION: No trade.
2026-09-18 15:08:07,139 | [CI] trending (ADX 44.7) -> trend-following strategy | Signal: HOLD | Shares held: 0.0 | Last price: $274.52
2026-09-18 15:08:07,139 | [CI] ACTION: No trade.
2026-09-18 15:08:07,160 | [CIEN] choppy/sideways (ADX 18.1) -> mean-reversion strategy | Signal: HOLD | Shares held: 0.0 | Last price: $344.10
2026-09-18 15:08:07,160 | [CIEN] ACTION: No trade.
2026-09-18 15:08:07,180 | [CINF] trending (ADX 35.8) -> trend-following strategy | Signal: HOLD | Shares held: 0.0 | Last price: $168.49
2026-09-18 15:08:07,180 | [CINF] ACTION: No trade.
2026-09-18 15:08:07,200 | [CL] choppy/sideways (ADX 13.4) -> mean-reversion strategy | Signal: HOLD | Shares held: 0.0 | Last price: $87.45
2026-09-18 15:08:07,200 | [CL] ACTION: No trade.
2026-09-18 15:08:07,220 | [CLX] choppy/sideways (ADX 21.9) -> mean-reversion strategy | Signal: HOLD | Shares held: 0.0 | Last price: $84.00
2026-09-18 15:08:07,220 | [CLX] ACTION: No trade.
2026-09-18 15:08:07,240 | [CMCSA] trending (ADX 55.7) -> trend-following strategy | Signal: HOLD | Shares held: 0.0 | Last price: $22.85
2026-09-18 15:08:07,240 | [CMCSA] ACTION: No trade.
2026-09-18 15:08:07,260 | [CME] choppy/sideways (ADX 16.4) -> mean-reversion strategy | Signal: HOLD | Shares held: 0.0 | Last price: $273.25
2026-09-18 15:08:07,260 | [CME] ACTION: No trade.
2026-09-18 15:08:07,281 | [CMG] trending (ADX 33.6) -> trend-following strategy | Signal: HOLD | Shares held: 0.0 | Last price: $33.14
2026-09-18 15:08:07,281 | [CMG] ACTION: No trade.
2026-09-18 15:08:07,301 | [CMI] choppy/sideways (ADX 11.5) -> mean-reversion strategy | Signal: HOLD | Shares held: 0.0 | Last price: $526.33
2026-09-18 15:08:07,301 | [CMI] ACTION: No trade.
2026-09-18 15:08:07,321 | [CMS] choppy/sideways (ADX 20.8) -> mean-reversion strategy | Signal: HOLD | Shares held: 0.0 | Last price: $65.40
2026-09-18 15:08:07,321 | [CMS] ACTION: No trade.
2026-09-18 15:08:07,341 | [CNC] choppy/sideways (ADX 21.0) -> mean-reversion strategy | Signal: HOLD | Shares held: 0.0 | Last price: $65.77
2026-09-18 15:08:07,342 | [CNC] ACTION: No trade.
2026-09-18 15:08:07,362 | [CNP] choppy/sideways (ADX 20.4) -> mean-reversion strategy | Signal: HOLD | Shares held: 0.0 | Last price: $38.37
2026-09-18 15:08:07,362 | [CNP] ACTION: No trade.
2026-09-18 15:08:07,382 | [COF] choppy/sideways (ADX 23.6) -> mean-reversion strategy | Signal: HOLD | Shares held: 0.0 | Last price: $202.43
2026-09-18 15:08:07,382 | [COF] ACTION: No trade.
2026-09-18 15:08:07,402 | [COHR] trending (ADX 25.9) -> trend-following strategy | Signal: HOLD | Shares held: 0.0 | Last price: $309.05
2026-09-18 15:08:07,402 | [COHR] ACTION: No trade.
2026-09-18 15:08:07,422 | [COIN] trending (ADX 46.7) -> trend-following strategy | Signal: HOLD | Shares held: 0.0 | Last price: $192.70
2026-09-18 15:08:07,422 | [COIN] ACTION: No trade.
2026-09-18 15:08:07,443 | [COO] trending (ADX 30.7) -> trend-following strategy | Signal: HOLD | Shares held: 0.0 | Last price: $55.12
2026-09-18 15:08:07,443 | [COO] ACTION: No trade.
2026-09-18 15:08:07,463 | [COP] choppy/sideways (ADX 22.8) -> mean-reversion strategy | Signal: HOLD | Shares held: 0.0 | Last price: $132.51
2026-09-18 15:08:07,463 | [COP] ACTION: No trade.
2026-09-18 15:08:07,483 | [COR] trending (ADX 61.0) -> trend-following strategy | Signal: HOLD | Shares held: 0.0 | Last price: $306.70
2026-09-18 15:08:07,483 | [COR] ACTION: No trade.
2026-09-18 15:08:07,503 | [COST] trending (ADX 31.1) -> trend-following strategy | Signal: HOLD | Shares held: 0.0 | Last price: $895.80
2026-09-18 15:08:07,503 | [COST] ACTION: No trade.
2026-09-18 15:08:07,525 | [CPAY] trending (ADX 26.6) -> trend-following strategy | Signal: HOLD | Shares held: 0.0 | Last price: $401.23
2026-09-18 15:08:07,525 | [CPAY] ACTION: No trade.
2026-09-18 15:08:07,546 | [CPRT] trending (ADX 32.7) -> trend-following strategy | Signal: HOLD | Shares held: 0.0 | Last price: $29.50
2026-09-18 15:08:07,546 | [CPRT] ACTION: No trade.
2026-09-18 15:08:07,567 | [CPT] trending (ADX 37.8) -> trend-following strategy | Signal: HOLD | Shares held: 0.0 | Last price: $100.70
2026-09-18 15:08:07,567 | [CPT] ACTION: No trade.
2026-09-18 15:08:07,587 | [CRH] choppy/sideways (ADX 18.2) -> mean-reversion strategy | Signal: HOLD | Shares held: 0.0 | Last price: $86.17
2026-09-18 15:08:07,587 | [CRH] ACTION: No trade.
2026-09-18 15:08:07,607 | [CRL] trending (ADX 28.8) -> trend-following strategy | Signal: HOLD | Shares held: 0.0 | Last price: $278.33
2026-09-18 15:08:07,607 | [CRL] ACTION: No trade.
2026-09-18 15:08:07,628 | [CRM] trending (ADX 41.4) -> trend-following strategy | Signal: HOLD | Shares held: 0.0 | Last price: $241.06
2026-09-18 15:08:07,628 | [CRM] ACTION: No trade.
2026-09-18 15:08:07,648 | [CRWD] choppy/sideways (ADX 23.8) -> mean-reversion strategy | Signal: HOLD | Shares held: 0.0 | Last price: $236.71
2026-09-18 15:08:07,648 | [CRWD] ACTION: No trade.
2026-09-18 15:08:07,668 | [CSCO] choppy/sideways (ADX 17.2) -> mean-reversion strategy | Signal: HOLD | Shares held: 0.0 | Last price: $108.56
2026-09-18 15:08:07,668 | [CSCO] ACTION: No trade.
2026-09-18 15:08:07,688 | [CSGP] trending (ADX 41.1) -> trend-following strategy | Signal: HOLD | Shares held: 0.0 | Last price: $29.90
2026-09-18 15:08:07,688 | [CSGP] ACTION: No trade.
2026-09-18 15:08:07,708 | [CSX] trending (ADX 28.9) -> trend-following strategy | Signal: HOLD | Shares held: 0.0 | Last price: $47.22
2026-09-18 15:08:07,708 | [CSX] ACTION: No trade.
2026-09-18 15:08:07,729 | [CTAS] trending (ADX 27.4) -> trend-following strategy | Signal: HOLD | Shares held: 0.0 | Last price: $198.22
2026-09-18 15:08:07,729 | [CTAS] ACTION: No trade.
2026-09-18 15:08:07,749 | [CTSH] trending (ADX 34.1) -> trend-following strategy | Signal: HOLD | Shares held: 0.0 | Last price: $60.43
2026-09-18 15:08:07,749 | [CTSH] ACTION: No trade.
2026-09-18 15:08:07,769 | [CTVA] choppy/sideways (ADX 25.0) -> mean-reversion strategy | Signal: HOLD | Shares held: 0.0 | Last price: $80.72
2026-09-18 15:08:07,769 | [CTVA] ACTION: No trade.
2026-09-18 15:08:07,790 | [CVNA] choppy/sideways (ADX 17.5) -> mean-reversion strategy | Signal: HOLD | Shares held: 0.0 | Last price: $66.47
2026-09-18 15:08:07,790 | [CVNA] ACTION: No trade.
2026-09-18 15:08:07,810 | [CVS] trending (ADX 45.6) -> trend-following strategy | Signal: HOLD | Shares held: 0.0 | Last price: $88.62
2026-09-18 15:08:07,810 | [CVS] ACTION: No trade.
2026-09-18 15:08:07,830 | [CVX] choppy/sideways (ADX 23.9) -> mean-reversion strategy | Signal: HOLD | Shares held: 0.0 | Last price: $210.77
2026-09-18 15:08:07,830 | [CVX] ACTION: No trade.
2026-09-18 15:08:07,850 | [D] choppy/sideways (ADX 16.3) -> mean-reversion strategy | Signal: HOLD | Shares held: 0.0 | Last price: $63.66
2026-09-18 15:08:07,850 | [D] ACTION: No trade.
2026-09-18 15:08:07,870 | [DAL] choppy/sideways (ADX 16.6) -> mean-reversion strategy | Signal: HOLD | Shares held: 0.0 | Last price: $79.56
2026-09-18 15:08:07,870 | [DAL] ACTION: No trade.
2026-09-18 15:08:07,891 | [DASH] choppy/sideways (ADX 13.2) -> mean-reversion strategy | Signal: HOLD | Shares held: 0.0 | Last price: $194.21
2026-09-18 15:08:07,891 | [DASH] ACTION: No trade.
2026-09-18 15:08:07,911 | [DD] trending (ADX 28.7) -> trend-following strategy | Signal: HOLD | Shares held: 0.0 | Last price: $128.30
2026-09-18 15:08:07,911 | [DD] ACTION: No trade.
2026-09-18 15:08:07,931 | [DDOG] trending (ADX 29.2) -> trend-following strategy | Signal: HOLD | Shares held: 0.0 | Last price: $229.06
2026-09-18 15:08:07,931 | [DDOG] ACTION: No trade.
2026-09-18 15:08:07,952 | [DE] trending (ADX 28.5) -> trend-following strategy | Signal: HOLD | Shares held: 0.0 | Last price: $682.78
2026-09-18 15:08:07,952 | [DE] ACTION: No trade.
2026-09-18 15:08:07,972 | [DECK] trending (ADX 29.4) -> trend-following strategy | Signal: HOLD | Shares held: 0.0 | Last price: $79.09
2026-09-18 15:08:07,972 | [DECK] ACTION: No trade.
2026-09-18 15:08:07,992 | [DELL] trending (ADX 25.8) -> trend-following strategy | Signal: SELL | Shares held: 0.0 | Last price: $579.76
2026-09-18 15:08:07,992 | [DELL] ACTION: No trade.
2026-09-18 15:08:08,012 | [DG] choppy/sideways (ADX 21.0) -> mean-reversion strategy | Signal: HOLD | Shares held: 0.0 | Last price: $123.56
2026-09-18 15:08:08,013 | [DG] ACTION: No trade.
2026-09-18 15:08:08,033 | [DGX] choppy/sideways (ADX 13.1) -> mean-reversion strategy | Signal: HOLD | Shares held: 0.0 | Last price: $246.23
2026-09-18 15:08:08,033 | [DGX] ACTION: No trade.
2026-09-18 15:08:08,053 | [DHI] trending (ADX 26.6) -> trend-following strategy | Signal: HOLD | Shares held: 0.0 | Last price: $138.21
2026-09-18 15:08:08,053 | [DHI] ACTION: No trade.
2026-09-18 15:08:08,073 | [DHR] trending (ADX 30.5) -> trend-following strategy | Signal: HOLD | Shares held: 0.0 | Last price: $212.53
2026-09-18 15:08:08,073 | [DHR] ACTION: No trade.
2026-09-18 15:08:08,093 | [DIS] trending (ADX 39.2) -> trend-following strategy | Signal: HOLD | Shares held: 0.0 | Last price: $103.66
2026-09-18 15:08:08,093 | [DIS] ACTION: No trade.
2026-09-18 15:08:08,114 | [DLR] choppy/sideways (ADX 22.1) -> mean-reversion strategy | Signal: HOLD | Shares held: 0.0 | Last price: $183.11
2026-09-18 15:08:08,114 | [DLR] ACTION: No trade.
2026-09-18 15:08:08,134 | [DLTR] choppy/sideways (ADX 12.3) -> mean-reversion strategy | Signal: HOLD | Shares held: 0.0 | Last price: $113.77
2026-09-18 15:08:08,134 | [DLTR] ACTION: No trade.
2026-09-18 15:08:08,154 | [DOC] choppy/sideways (ADX 22.6) -> mean-reversion strategy | Signal: HOLD | Shares held: 0.0 | Last price: $20.50
2026-09-18 15:08:08,154 | [DOC] ACTION: No trade.
2026-09-18 15:08:08,174 | [DOV] choppy/sideways (ADX 23.1) -> mean-reversion strategy | Signal: HOLD | Shares held: 0.0 | Last price: $187.76
2026-09-18 15:08:08,175 | [DOV] ACTION: No trade.
2026-09-18 15:08:08,195 | [DOW] trending (ADX 27.4) -> trend-following strategy | Signal: HOLD | Shares held: 0.0 | Last price: $28.86
2026-09-18 15:08:08,195 | [DOW] ACTION: No trade.
2026-09-18 15:08:08,215 | [DPZ] trending (ADX 36.6) -> trend-following strategy | Signal: HOLD | Shares held: 0.0 | Last price: $296.20
2026-09-18 15:08:08,215 | [DPZ] ACTION: No trade.
2026-09-18 15:08:08,235 | [DRI] trending (ADX 28.1) -> trend-following strategy | Signal: HOLD | Shares held: 0.0 | Last price: $208.53
2026-09-18 15:08:08,235 | [DRI] ACTION: No trade.
2026-09-18 15:08:08,255 | [DTE] choppy/sideways (ADX 21.1) -> mean-reversion strategy | Signal: HOLD | Shares held: 0.0 | Last price: $128.91
2026-09-18 15:08:08,256 | [DTE] ACTION: No trade.
2026-09-18 15:08:08,276 | [DUK] choppy/sideways (ADX 17.9) -> mean-reversion strategy | Signal: HOLD | Shares held: 0.0 | Last price: $117.37
2026-09-18 15:08:08,276 | [DUK] ACTION: No trade.
2026-09-18 15:08:08,296 | [DVA] trending (ADX 48.4) -> trend-following strategy | Signal: HOLD | Shares held: 0.0 | Last price: $181.77
2026-09-18 15:08:08,296 | [DVA] ACTION: No trade.
2026-09-18 15:08:08,316 | [DVN] trending (ADX 27.3) -> trend-following strategy | Signal: HOLD | Shares held: 0.0 | Last price: $48.79
2026-09-18 15:08:08,316 | [DVN] ACTION: No trade.
2026-09-18 15:08:08,337 | [DXCM] choppy/sideways (ADX 20.1) -> mean-reversion strategy | Signal: HOLD | Shares held: 0.0 | Last price: $88.67
2026-09-18 15:08:08,337 | [DXCM] ACTION: No trade.
2026-09-18 15:08:08,357 | [EBAY] choppy/sideways (ADX 18.5) -> mean-reversion strategy | Signal: HOLD | Shares held: 0.0 | Last price: $112.84
2026-09-18 15:08:08,357 | [EBAY] ACTION: No trade.
2026-09-18 15:08:08,377 | [ECHO] choppy/sideways (ADX 24.4) -> mean-reversion strategy | Signal: HOLD | Shares held: 0.0 | Last price: $92.61
2026-09-18 15:08:08,377 | [ECHO] ACTION: No trade.
2026-09-18 15:08:08,397 | [ECL] trending (ADX 29.6) -> trend-following strategy | Signal: HOLD | Shares held: 0.0 | Last price: $268.55
2026-09-18 15:08:08,397 | [ECL] ACTION: No trade.
2026-09-18 15:08:08,418 | [ED] choppy/sideways (ADX 21.4) -> mean-reversion strategy | Signal: HOLD | Shares held: 0.0 | Last price: $105.83
2026-09-18 15:08:08,418 | [ED] ACTION: No trade.
2026-09-18 15:08:08,438 | [EFX] trending (ADX 44.2) -> trend-following strategy | Signal: HOLD | Shares held: 0.0 | Last price: $160.64
2026-09-18 15:08:08,438 | [EFX] ACTION: No trade.
2026-09-18 15:08:08,458 | [EG] choppy/sideways (ADX 10.8) -> mean-reversion strategy | Signal: HOLD | Shares held: 0.0 | Last price: $375.12
2026-09-18 15:08:08,458 | [EG] ACTION: No trade.
2026-09-18 15:08:08,478 | [EIX] trending (ADX 29.9) -> trend-following strategy | Signal: HOLD | Shares held: 0.0 | Last price: $54.89
2026-09-18 15:08:08,478 | [EIX] ACTION: No trade.
2026-09-18 15:08:08,498 | [EL] choppy/sideways (ADX 11.6) -> mean-reversion strategy | Signal: HOLD | Shares held: 0.0 | Last price: $93.87
2026-09-18 15:08:08,499 | [EL] ACTION: No trade.
2026-09-18 15:08:08,542 | [ELV] trending (ADX 27.2) -> trend-following strategy | Signal: HOLD | Shares held: 0.0 | Last price: $407.58
2026-09-18 15:08:08,542 | [ELV] ACTION: No trade.
2026-09-18 15:08:08,562 | [EME] choppy/sideways (ADX 24.9) -> mean-reversion strategy | Signal: HOLD | Shares held: 0.0 | Last price: $738.62
2026-09-18 15:08:08,562 | [EME] ACTION: No trade.
2026-09-18 15:08:08,582 | [EMR] choppy/sideways (ADX 11.4) -> mean-reversion strategy | Signal: HOLD | Shares held: 0.0 | Last price: $147.88
2026-09-18 15:08:08,582 | [EMR] ACTION: No trade.
2026-09-18 15:08:08,602 | [EOG] trending (ADX 26.1) -> trend-following strategy | Signal: SELL | Shares held: 0.0 | Last price: $144.96
2026-09-18 15:08:08,602 | [EOG] ACTION: No trade.
2026-09-18 15:08:08,622 | [EQIX] trending (ADX 25.5) -> trend-following strategy | Signal: HOLD | Shares held: 0.0 | Last price: $1019.11
2026-09-18 15:08:08,622 | [EQIX] ACTION: No trade.
2026-09-18 15:08:08,642 | [EQT] choppy/sideways (ADX 20.3) -> mean-reversion strategy | Signal: HOLD | Shares held: 0.0 | Last price: $50.26
2026-09-18 15:08:08,642 | [EQT] ACTION: No trade.
2026-09-18 15:08:08,662 | [ES] choppy/sideways (ADX 19.3) -> mean-reversion strategy | Signal: HOLD | Shares held: 0.0 | Last price: $67.88
2026-09-18 15:08:08,662 | [ES] ACTION: No trade.
2026-09-18 15:08:08,682 | [ESS] trending (ADX 28.1) -> trend-following strategy | Signal: HOLD | Shares held: 0.0 | Last price: $271.58
2026-09-18 15:08:08,682 | [ESS] ACTION: No trade.
2026-09-18 15:08:08,703 | [ETN] trending (ADX 33.5) -> trend-following strategy | Signal: HOLD | Shares held: 0.0 | Last price: $417.25
2026-09-18 15:08:08,703 | [ETN] ACTION: No trade.
2026-09-18 15:08:08,723 | [ETR] trending (ADX 25.8) -> trend-following strategy | Signal: HOLD | Shares held: 0.0 | Last price: $101.83
2026-09-18 15:08:08,723 | [ETR] ACTION: No trade.
2026-09-18 15:08:08,743 | [EVRG] trending (ADX 25.4) -> trend-following strategy | Signal: HOLD | Shares held: 0.0 | Last price: $79.87
2026-09-18 15:08:08,743 | [EVRG] ACTION: No trade.
2026-09-18 15:08:08,763 | [EW] choppy/sideways (ADX 20.7) -> mean-reversion strategy | Signal: HOLD | Shares held: 0.0 | Last price: $87.97
2026-09-18 15:08:08,763 | [EW] ACTION: No trade.
2026-09-18 15:08:08,783 | [EXC] choppy/sideways (ADX 16.9) -> mean-reversion strategy | Signal: HOLD | Shares held: 0.0 | Last price: $42.11
2026-09-18 15:08:08,783 | [EXC] ACTION: No trade.
2026-09-18 15:08:08,803 | [EXE] choppy/sideways (ADX 21.5) -> mean-reversion strategy | Signal: HOLD | Shares held: 0.0 | Last price: $88.20
2026-09-18 15:08:08,803 | [EXE] ACTION: No trade.
2026-09-18 15:08:08,823 | [EXPD] choppy/sideways (ADX 23.7) -> mean-reversion strategy | Signal: HOLD | Shares held: 0.0 | Last price: $187.97
2026-09-18 15:08:08,823 | [EXPD] ACTION: No trade.
2026-09-18 15:08:08,843 | [EXPE] choppy/sideways (ADX 7.5) -> mean-reversion strategy | Signal: HOLD | Shares held: 0.0 | Last price: $282.00
2026-09-18 15:08:08,843 | [EXPE] ACTION: No trade.
2026-09-18 15:08:08,863 | [EXR] choppy/sideways (ADX 19.9) -> mean-reversion strategy | Signal: HOLD | Shares held: 0.0 | Last price: $139.04
2026-09-18 15:08:08,864 | [EXR] ACTION: No trade.
2026-09-18 15:08:08,884 | [F] trending (ADX 35.7) -> trend-following strategy | Signal: HOLD | Shares held: 0.0 | Last price: $13.18
2026-09-18 15:08:08,884 | [F] ACTION: No trade.
2026-09-18 15:08:08,904 | [FANG] choppy/sideways (ADX 17.2) -> mean-reversion strategy | Signal: HOLD | Shares held: 0.0 | Last price: $194.89
2026-09-18 15:08:08,904 | [FANG] ACTION: No trade.
2026-09-18 15:08:08,924 | [FAST] choppy/sideways (ADX 13.7) -> mean-reversion strategy | Signal: HOLD | Shares held: 0.0 | Last price: $48.84
2026-09-18 15:08:08,924 | [FAST] ACTION: No trade.
2026-09-18 15:08:08,945 | [FCX] choppy/sideways (ADX 17.0) -> mean-reversion strategy | Signal: HOLD | Shares held: 0.0 | Last price: $70.52
2026-09-18 15:08:08,945 | [FCX] ACTION: No trade.
2026-09-18 15:08:08,965 | [FDS] choppy/sideways (ADX 16.5) -> mean-reversion strategy | Signal: HOLD | Shares held: 0.0 | Last price: $284.58
2026-09-18 15:08:08,965 | [FDS] ACTION: No trade.
2026-09-18 15:08:08,985 | [FDX] choppy/sideways (ADX 24.0) -> mean-reversion strategy | Signal: HOLD | Shares held: 0.0 | Last price: $303.81
2026-09-18 15:08:08,985 | [FDX] ACTION: No trade.
2026-09-18 15:08:09,005 | [FDXF] choppy/sideways (ADX 14.1) -> mean-reversion strategy | Signal: HOLD | Shares held: 0.0 | Last price: $121.52
2026-09-18 15:08:09,005 | [FDXF] ACTION: No trade.
2026-09-18 15:08:09,025 | [FE] choppy/sideways (ADX 20.0) -> mean-reversion strategy | Signal: HOLD | Shares held: 0.0 | Last price: $45.34
2026-09-18 15:08:09,026 | [FE] ACTION: No trade.
2026-09-18 15:08:09,046 | [FERG] choppy/sideways (ADX 13.4) -> mean-reversion strategy | Signal: HOLD | Shares held: 0.0 | Last price: $214.21
2026-09-18 15:08:09,046 | [FERG] ACTION: No trade.
2026-09-18 15:08:09,066 | [FFIV] choppy/sideways (ADX 20.4) -> mean-reversion strategy | Signal: HOLD | Shares held: 0.0 | Last price: $424.52
2026-09-18 15:08:09,066 | [FFIV] ACTION: No trade.
2026-09-18 15:08:09,086 | [FICO] trending (ADX 37.6) -> trend-following strategy | Signal: HOLD | Shares held: 0.0 | Last price: $963.44
2026-09-18 15:08:09,086 | [FICO] ACTION: No trade.
2026-09-18 15:08:09,106 | [FIS] trending (ADX 32.8) -> trend-following strategy | Signal: HOLD | Shares held: 0.0 | Last price: $36.23
2026-09-18 15:08:09,106 | [FIS] ACTION: No trade.
2026-09-18 15:08:09,127 | [FISV] trending (ADX 25.5) -> trend-following strategy | Signal: HOLD | Shares held: 0.0 | Last price: $48.28
2026-09-18 15:08:09,127 | [FISV] ACTION: No trade.
2026-09-18 15:08:09,147 | [FITB] choppy/sideways (ADX 10.1) -> mean-reversion strategy | Signal: HOLD | Shares held: 0.0 | Last price: $53.10
2026-09-18 15:08:09,147 | [FITB] ACTION: No trade.
2026-09-18 15:08:09,167 | [FIX] choppy/sideways (ADX 19.8) -> mean-reversion strategy | Signal: HOLD | Shares held: 0.0 | Last price: $1603.41
2026-09-18 15:08:09,167 | [FIX] ACTION: No trade.
2026-09-18 15:08:09,187 | [FLEX] choppy/sideways (ADX 22.8) -> mean-reversion strategy | Signal: HOLD | Shares held: 0.0 | Last price: $108.36
2026-09-18 15:08:09,187 | [FLEX] ACTION: No trade.
2026-09-18 15:08:09,207 | [FOXA] trending (ADX 39.2) -> trend-following strategy | Signal: HOLD | Shares held: 0.0 | Last price: $64.22
2026-09-18 15:08:09,207 | [FOXA] ACTION: No trade.
2026-09-18 15:08:09,227 | [FSLR] trending (ADX 34.1) -> trend-following strategy | Signal: HOLD | Shares held: 0.0 | Last price: $194.41
2026-09-18 15:08:09,227 | [FSLR] ACTION: No trade.
2026-09-18 15:08:09,247 | [FTNT] trending (ADX 42.5) -> trend-following strategy | Signal: HOLD | Shares held: 0.0 | Last price: $166.97
2026-09-18 15:08:09,247 | [FTNT] ACTION: No trade.
2026-09-18 15:08:09,268 | [FTV] trending (ADX 25.9) -> trend-following strategy | Signal: HOLD | Shares held: 0.0 | Last price: $54.54
2026-09-18 15:08:09,268 | [FTV] ACTION: No trade.
2026-09-18 15:08:09,288 | [GD] trending (ADX 25.2) -> trend-following strategy | Signal: HOLD | Shares held: 0.0 | Last price: $350.55
2026-09-18 15:08:09,288 | [GD] ACTION: No trade.
2026-09-18 15:08:09,308 | [GDDY] choppy/sideways (ADX 23.1) -> mean-reversion strategy | Signal: HOLD | Shares held: 0.0 | Last price: $98.21
2026-09-18 15:08:09,308 | [GDDY] ACTION: No trade.
2026-09-18 15:08:09,328 | [GE] trending (ADX 26.5) -> trend-following strategy | Signal: HOLD | Shares held: 0.0 | Last price: $313.19
2026-09-18 15:08:09,328 | [GE] ACTION: No trade.
2026-09-18 15:08:09,348 | [GEHC] trending (ADX 27.8) -> trend-following strategy | Signal: HOLD | Shares held: 0.0 | Last price: $64.22
2026-09-18 15:08:09,348 | [GEHC] ACTION: No trade.
2026-09-18 15:08:09,368 | [GEN] trending (ADX 40.9) -> trend-following strategy | Signal: HOLD | Shares held: 0.0 | Last price: $29.21
2026-09-18 15:08:09,368 | [GEN] ACTION: No trade.
2026-09-18 15:08:09,389 | [GEV] choppy/sideways (ADX 20.2) -> mean-reversion strategy | Signal: HOLD | Shares held: 0.0 | Last price: $932.12
2026-09-18 15:08:09,389 | [GEV] ACTION: No trade.
2026-09-18 15:08:09,409 | [GILD] trending (ADX 35.2) -> trend-following strategy | Signal: HOLD | Shares held: 0.0 | Last price: $150.53
2026-09-18 15:08:09,409 | [GILD] ACTION: No trade.
2026-09-18 15:08:09,429 | [GIS] choppy/sideways (ADX 20.0) -> mean-reversion strategy | Signal: HOLD | Shares held: 0.0 | Last price: $36.77
2026-09-18 15:08:09,429 | [GIS] ACTION: No trade.
2026-09-18 15:08:09,449 | [GLW] trending (ADX 25.2) -> trend-following strategy | Signal: HOLD | Shares held: 0.0 | Last price: $150.54
2026-09-18 15:08:09,449 | [GLW] ACTION: No trade.
2026-09-18 15:08:09,469 | [GM] trending (ADX 40.9) -> trend-following strategy | Signal: HOLD | Shares held: 0.0 | Last price: $82.66
2026-09-18 15:08:09,470 | [GM] ACTION: No trade.
2026-09-18 15:08:09,490 | [GNRC] trending (ADX 37.1) -> trend-following strategy | Signal: HOLD | Shares held: 0.0 | Last price: $203.51
2026-09-18 15:08:09,490 | [GNRC] ACTION: No trade.
2026-09-18 15:08:09,510 | [GOOG] trending (ADX 27.3) -> trend-following strategy | Signal: HOLD | Shares held: 0.0 | Last price: $347.57
2026-09-18 15:08:09,510 | [GOOG] ACTION: No trade.
2026-09-18 15:08:09,530 | [GOOGL] trending (ADX 26.4) -> trend-following strategy | Signal: HOLD | Shares held: 0.0 | Last price: $351.41
2026-09-18 15:08:09,530 | [GOOGL] ACTION: No trade.
2026-09-18 15:08:09,550 | [GPC] choppy/sideways (ADX 23.8) -> mean-reversion strategy | Signal: HOLD | Shares held: 0.0 | Last price: $129.10
2026-09-18 15:08:09,550 | [GPC] ACTION: No trade.
2026-09-18 15:08:09,570 | [GPN] trending (ADX 27.7) -> trend-following strategy | Signal: HOLD | Shares held: 0.0 | Last price: $85.38
2026-09-18 15:08:09,571 | [GPN] ACTION: No trade.
2026-09-18 15:08:09,591 | [GRMN] trending (ADX 36.2) -> trend-following strategy | Signal: HOLD | Shares held: 0.0 | Last price: $272.00
2026-09-18 15:08:09,591 | [GRMN] ACTION: No trade.
2026-09-18 15:08:09,611 | [GS] choppy/sideways (ADX 22.9) -> mean-reversion strategy | Signal: HOLD | Shares held: 0.0 | Last price: $945.96
2026-09-18 15:08:09,611 | [GS] ACTION: No trade.
2026-09-18 15:08:09,631 | [GWW] choppy/sideways (ADX 16.8) -> mean-reversion strategy | Signal: HOLD | Shares held: 0.0 | Last price: $1255.66
2026-09-18 15:08:09,631 | [GWW] ACTION: No trade.
2026-09-18 15:08:09,651 | [HAL] trending (ADX 41.4) -> trend-following strategy | Signal: HOLD | Shares held: 0.0 | Last price: $33.70
2026-09-18 15:08:09,651 | [HAL] ACTION: No trade.
2026-09-18 15:08:09,672 | [HAS] trending (ADX 28.8) -> trend-following strategy | Signal: HOLD | Shares held: 0.0 | Last price: $88.37
2026-09-18 15:08:09,672 | [HAS] ACTION: No trade.
2026-09-18 15:08:09,692 | [HBAN] choppy/sideways (ADX 24.6) -> mean-reversion strategy | Signal: HOLD | Shares held: 0.0 | Last price: $15.91
2026-09-18 15:08:09,692 | [HBAN] ACTION: No trade.
2026-09-18 15:08:09,712 | [HCA] choppy/sideways (ADX 13.8) -> mean-reversion strategy | Signal: HOLD | Shares held: 0.0 | Last price: $432.25
2026-09-18 15:08:09,712 | [HCA] ACTION: No trade.
2026-09-18 15:08:09,732 | [HD] choppy/sideways (ADX 23.7) -> mean-reversion strategy | Signal: HOLD | Shares held: 0.0 | Last price: $301.46
2026-09-18 15:08:09,732 | [HD] ACTION: No trade.
2026-09-18 15:08:09,752 | [HIG] trending (ADX 38.6) -> trend-following strategy | Signal: HOLD | Shares held: 0.0 | Last price: $132.58
2026-09-18 15:08:09,752 | [HIG] ACTION: No trade.
2026-09-18 15:08:09,772 | [HII] choppy/sideways (ADX 19.8) -> mean-reversion strategy | Signal: HOLD | Shares held: 0.0 | Last price: $272.62
2026-09-18 15:08:09,773 | [HII] ACTION: No trade.
2026-09-18 15:08:09,793 | [HLT] choppy/sideways (ADX 14.6) -> mean-reversion strategy | Signal: HOLD | Shares held: 0.0 | Last price: $304.61
2026-09-18 15:08:09,793 | [HLT] ACTION: No trade.
2026-09-18 15:08:09,813 | [HON] choppy/sideways (ADX 12.6) -> mean-reversion strategy | Signal: HOLD | Shares held: 0.0 | Last price: $204.74
2026-09-18 15:08:09,813 | [HON] ACTION: No trade.
2026-09-18 15:08:09,833 | [HONA] choppy/sideways (ADX 21.8) -> mean-reversion strategy | Signal: HOLD | Shares held: 0.0 | Last price: $163.12
2026-09-18 15:08:09,833 | [HONA] ACTION: No trade.
2026-09-18 15:08:09,854 | [HOOD] trending (ADX 44.6) -> trend-following strategy | Signal: HOLD | Shares held: 0.0 | Last price: $118.32
2026-09-18 15:08:09,854 | [HOOD] ACTION: No trade.
2026-09-18 15:08:09,874 | [HPE] choppy/sideways (ADX 24.7) -> mean-reversion strategy | Signal: HOLD | Shares held: 0.0 | Last price: $60.34
2026-09-18 15:08:09,875 | [HPE] ACTION: No trade.
2026-09-18 15:08:09,895 | [HPQ] trending (ADX 27.7) -> trend-following strategy | Signal: HOLD | Shares held: 0.0 | Last price: $34.00
2026-09-18 15:08:09,895 | [HPQ] ACTION: No trade.
2026-09-18 15:08:09,915 | [HSIC] choppy/sideways (ADX 21.7) -> mean-reversion strategy | Signal: HOLD | Shares held: 0.0 | Last price: $85.32
2026-09-18 15:08:09,915 | [HSIC] ACTION: No trade.
2026-09-18 15:08:09,935 | [HST] choppy/sideways (ADX 18.5) -> mean-reversion strategy | Signal: HOLD | Shares held: 0.0 | Last price: $21.82
2026-09-18 15:08:09,935 | [HST] ACTION: No trade.
2026-09-18 15:08:09,955 | [HSY] trending (ADX 35.5) -> trend-following strategy | Signal: HOLD | Shares held: 0.0 | Last price: $168.11
2026-09-18 15:08:09,955 | [HSY] ACTION: No trade.
2026-09-18 15:08:09,976 | [HUBB] trending (ADX 26.4) -> trend-following strategy | Signal: HOLD | Shares held: 0.0 | Last price: $444.68
2026-09-18 15:08:09,976 | [HUBB] ACTION: No trade.
2026-09-18 15:08:09,996 | [HUM] choppy/sideways (ADX 21.7) -> mean-reversion strategy | Signal: HOLD | Shares held: 0.0 | Last price: $383.75
2026-09-18 15:08:09,996 | [HUM] ACTION: No trade.
2026-09-18 15:08:10,016 | [HWM] choppy/sideways (ADX 12.8) -> mean-reversion strategy | Signal: HOLD | Shares held: 0.0 | Last price: $225.99
2026-09-18 15:08:10,016 | [HWM] ACTION: No trade.
2026-09-18 15:08:10,036 | [IBKR] choppy/sideways (ADX 24.0) -> mean-reversion strategy | Signal: HOLD | Shares held: 0.0 | Last price: $89.88
2026-09-18 15:08:10,036 | [IBKR] ACTION: No trade.
2026-09-18 15:08:10,056 | [IBM] trending (ADX 28.3) -> trend-following strategy | Signal: HOLD | Shares held: 0.0 | Last price: $229.83
2026-09-18 15:08:10,056 | [IBM] ACTION: No trade.
2026-09-18 15:08:10,076 | [ICE] choppy/sideways (ADX 16.3) -> mean-reversion strategy | Signal: HOLD | Shares held: 0.0 | Last price: $154.46
2026-09-18 15:08:10,076 | [ICE] ACTION: No trade.
2026-09-18 15:08:10,097 | [IDXX] choppy/sideways (ADX 20.7) -> mean-reversion strategy | Signal: HOLD | Shares held: 0.0 | Last price: $515.22
2026-09-18 15:08:10,097 | [IDXX] ACTION: No trade.
2026-09-18 15:08:10,117 | [IEX] choppy/sideways (ADX 8.2) -> mean-reversion strategy | Signal: HOLD | Shares held: 0.0 | Last price: $221.66
2026-09-18 15:08:10,117 | [IEX] ACTION: No trade.
2026-09-18 15:08:10,137 | [IFF] trending (ADX 33.8) -> trend-following strategy | Signal: HOLD | Shares held: 0.0 | Last price: $83.72
2026-09-18 15:08:10,137 | [IFF] ACTION: No trade.
2026-09-18 15:08:10,157 | [INCY] trending (ADX 36.4) -> trend-following strategy | Signal: HOLD | Shares held: 0.0 | Last price: $127.95
2026-09-18 15:08:10,158 | [INCY] ACTION: No trade.
2026-09-18 15:08:10,178 | [INTC] trending (ADX 34.4) -> trend-following strategy | Signal: HOLD | Shares held: 0.0 | Last price: $107.19
2026-09-18 15:08:10,178 | [INTC] ACTION: No trade.
2026-09-18 15:08:10,198 | [INTU] trending (ADX 33.4) -> trend-following strategy | Signal: HOLD | Shares held: 0.0 | Last price: $308.46
2026-09-18 15:08:10,198 | [INTU] ACTION: No trade.
2026-09-18 15:08:10,218 | [INVH] trending (ADX 28.6) -> trend-following strategy | Signal: HOLD | Shares held: 0.0 | Last price: $27.20
2026-09-18 15:08:10,218 | [INVH] ACTION: No trade.
2026-09-18 15:08:10,238 | [IP] trending (ADX 34.7) -> trend-following strategy | Signal: HOLD | Shares held: 0.0 | Last price: $34.74
2026-09-18 15:08:10,238 | [IP] ACTION: No trade.
2026-09-18 15:08:10,258 | [IQV] trending (ADX 25.4) -> trend-following strategy | Signal: HOLD | Shares held: 0.0 | Last price: $267.94
2026-09-18 15:08:10,258 | [IQV] ACTION: No trade.
2026-09-18 15:08:10,279 | [IR] choppy/sideways (ADX 22.2) -> mean-reversion strategy | Signal: HOLD | Shares held: 0.0 | Last price: $72.47
2026-09-18 15:08:10,279 | [IR] ACTION: No trade.
2026-09-18 15:08:10,299 | [IRM] choppy/sideways (ADX 22.1) -> mean-reversion strategy | Signal: HOLD | Shares held: 0.0 | Last price: $113.22
2026-09-18 15:08:10,299 | [IRM] ACTION: No trade.
2026-09-18 15:08:10,319 | [ISRG] trending (ADX 37.9) -> trend-following strategy | Signal: HOLD | Shares held: 0.0 | Last price: $392.46
2026-09-18 15:08:10,319 | [ISRG] ACTION: No trade.
2026-09-18 15:08:10,339 | [IT] trending (ADX 44.4) -> trend-following strategy | Signal: HOLD | Shares held: 0.0 | Last price: $186.38
2026-09-18 15:08:10,339 | [IT] ACTION: No trade.
2026-09-18 15:08:10,359 | [ITW] choppy/sideways (ADX 12.3) -> mean-reversion strategy | Signal: HOLD | Shares held: 0.0 | Last price: $268.37
2026-09-18 15:08:10,360 | [ITW] ACTION: No trade.
2026-09-18 15:08:10,380 | [IVZ] choppy/sideways (ADX 21.8) -> mean-reversion strategy | Signal: HOLD | Shares held: 0.0 | Last price: $30.20
2026-09-18 15:08:10,380 | [IVZ] ACTION: No trade.
2026-09-18 15:08:10,400 | [JBHT] choppy/sideways (ADX 20.5) -> mean-reversion strategy | Signal: HOLD | Shares held: 0.0 | Last price: $235.90
2026-09-18 15:08:10,400 | [JBHT] ACTION: No trade.
2026-09-18 15:08:10,420 | [JBL] choppy/sideways (ADX 9.8) -> mean-reversion strategy | Signal: HOLD | Shares held: 0.0 | Last price: $297.60
2026-09-18 15:08:10,420 | [JBL] ACTION: No trade.
2026-09-18 15:08:10,440 | [JCI] choppy/sideways (ADX 21.8) -> mean-reversion strategy | Signal: HOLD | Shares held: 0.0 | Last price: $141.60
2026-09-18 15:08:10,440 | [JCI] ACTION: No trade.
2026-09-18 15:08:10,460 | [JKHY] choppy/sideways (ADX 18.6) -> mean-reversion strategy | Signal: HOLD | Shares held: 0.0 | Last price: $155.93
2026-09-18 15:08:10,460 | [JKHY] ACTION: No trade.
2026-09-18 15:08:10,481 | [JNJ] choppy/sideways (ADX 15.3) -> mean-reversion strategy | Signal: HOLD | Shares held: 0.0 | Last price: $268.56
2026-09-18 15:08:10,481 | [JNJ] ACTION: No trade.
2026-09-18 15:08:10,501 | [JPM] choppy/sideways (ADX 16.7) -> mean-reversion strategy | Signal: HOLD | Shares held: 0.0 | Last price: $347.40
2026-09-18 15:08:10,501 | [JPM] ACTION: No trade.
2026-09-18 15:08:10,521 | [KDP] trending (ADX 33.2) -> trend-following strategy | Signal: HOLD | Shares held: 0.0 | Last price: $30.88
2026-09-18 15:08:10,521 | [KDP] ACTION: No trade.
2026-09-18 15:08:10,541 | [KEY] choppy/sideways (ADX 19.4) -> mean-reversion strategy | Signal: HOLD | Shares held: 0.0 | Last price: $20.86
2026-09-18 15:08:10,541 | [KEY] ACTION: No trade.
2026-09-18 15:08:10,562 | [KEYS] trending (ADX 29.7) -> trend-following strategy | Signal: HOLD | Shares held: 0.0 | Last price: $333.12
2026-09-18 15:08:10,562 | [KEYS] ACTION: No trade.
2026-09-18 15:08:10,582 | [KHC] choppy/sideways (ADX 24.3) -> mean-reversion strategy | Signal: HOLD | Shares held: 0.0 | Last price: $24.46
2026-09-18 15:08:10,582 | [KHC] ACTION: No trade.
2026-09-18 15:08:10,602 | [KIM] choppy/sideways (ADX 16.4) -> mean-reversion strategy | Signal: HOLD | Shares held: 0.0 | Last price: $22.54
2026-09-18 15:08:10,602 | [KIM] ACTION: No trade.
2026-09-18 15:08:10,622 | [KKR] choppy/sideways (ADX 20.9) -> mean-reversion strategy | Signal: HOLD | Shares held: 0.0 | Last price: $98.20
2026-09-18 15:08:10,622 | [KKR] ACTION: No trade.
2026-09-18 15:08:10,643 | [KLAC] trending (ADX 42.6) -> trend-following strategy | Signal: HOLD | Shares held: 0.0 | Last price: $172.72
2026-09-18 15:08:10,643 | [KLAC] ACTION: No trade.
2026-09-18 15:08:10,663 | [KMB] choppy/sideways (ADX 16.4) -> mean-reversion strategy | Signal: HOLD | Shares held: 0.0 | Last price: $98.00
2026-09-18 15:08:10,663 | [KMB] ACTION: No trade.
2026-09-18 15:08:10,683 | [KMI] trending (ADX 44.8) -> trend-following strategy | Signal: HOLD | Shares held: 0.0 | Last price: $31.91
2026-09-18 15:08:10,683 | [KMI] ACTION: No trade.
2026-09-18 15:08:10,703 | [KO] trending (ADX 27.3) -> trend-following strategy | Signal: HOLD | Shares held: 0.0 | Last price: $87.71
2026-09-18 15:08:10,703 | [KO] ACTION: No trade.
2026-09-18 15:08:10,723 | [KR] trending (ADX 25.8) -> trend-following strategy | Signal: HOLD | Shares held: 0.0 | Last price: $60.60
2026-09-18 15:08:10,723 | [KR] ACTION: No trade.
2026-09-18 15:08:10,744 | [KVUE] choppy/sideways (ADX 15.8) -> mean-reversion strategy | Signal: HOLD | Shares held: 0.0 | Last price: $17.86
2026-09-18 15:08:10,744 | [KVUE] ACTION: No trade.
2026-09-18 15:08:10,764 | [L] choppy/sideways (ADX 15.7) -> mean-reversion strategy | Signal: HOLD | Shares held: 0.0 | Last price: $107.72
2026-09-18 15:08:10,764 | [L] ACTION: No trade.
2026-09-18 15:08:10,784 | [LDOS] choppy/sideways (ADX 19.2) -> mean-reversion strategy | Signal: HOLD | Shares held: 0.0 | Last price: $129.07
2026-09-18 15:08:10,784 | [LDOS] ACTION: No trade.
2026-09-18 15:08:10,804 | [LEN] trending (ADX 25.9) -> trend-following strategy | Signal: HOLD | Shares held: 0.0 | Last price: $76.03
2026-09-18 15:08:10,804 | [LEN] ACTION: No trade.
2026-09-18 15:08:10,824 | [LH] choppy/sideways (ADX 21.8) -> mean-reversion strategy | Signal: HOLD | Shares held: 0.0 | Last price: $321.29
2026-09-18 15:08:10,824 | [LH] ACTION: No trade.
2026-09-18 15:08:10,844 | [LHX] choppy/sideways (ADX 16.0) -> mean-reversion strategy | Signal: HOLD | Shares held: 0.0 | Last price: $246.92
2026-09-18 15:08:10,844 | [LHX] ACTION: No trade.
2026-09-18 15:08:10,864 | [LII] choppy/sideways (ADX 14.6) -> mean-reversion strategy | Signal: HOLD | Shares held: 0.0 | Last price: $359.58
2026-09-18 15:08:10,864 | [LII] ACTION: No trade.
2026-09-18 15:08:10,885 | [LIN] choppy/sideways (ADX 24.5) -> mean-reversion strategy | Signal: HOLD | Shares held: 0.0 | Last price: $458.46
2026-09-18 15:08:10,885 | [LIN] ACTION: No trade.
2026-09-18 15:08:10,905 | [LITE] choppy/sideways (ADX 22.2) -> mean-reversion strategy | Signal: HOLD | Shares held: 0.0 | Last price: $901.85
2026-09-18 15:08:10,905 | [LITE] ACTION: No trade.
2026-09-18 15:08:10,925 | [LLY] choppy/sideways (ADX 10.9) -> mean-reversion strategy | Signal: HOLD | Shares held: 0.0 | Last price: $1148.12
2026-09-18 15:08:10,925 | [LLY] ACTION: No trade.
2026-09-18 15:08:10,945 | [LMT] choppy/sideways (ADX 15.8) -> mean-reversion strategy | Signal: HOLD | Shares held: 0.0 | Last price: $528.17
2026-09-18 15:08:10,945 | [LMT] ACTION: No trade.
2026-09-18 15:08:10,966 | [LNT] choppy/sideways (ADX 20.3) -> mean-reversion strategy | Signal: HOLD | Shares held: 0.0 | Last price: $65.85
2026-09-18 15:08:10,966 | [LNT] ACTION: No trade.
2026-09-18 15:08:10,986 | [LOW] choppy/sideways (ADX 17.5) -> mean-reversion strategy | Signal: HOLD | Shares held: 0.0 | Last price: $193.22
2026-09-18 15:08:10,986 | [LOW] ACTION: No trade.
2026-09-18 15:08:11,006 | [LRCX] trending (ADX 39.7) -> trend-following strategy | Signal: HOLD | Shares held: 0.0 | Last price: $282.14
2026-09-18 15:08:11,006 | [LRCX] ACTION: No trade.
2026-09-18 15:08:11,026 | [LULU] trending (ADX 43.8) -> trend-following strategy | Signal: HOLD | Shares held: 0.0 | Last price: $100.50
2026-09-18 15:08:11,026 | [LULU] ACTION: No trade.
2026-09-18 15:08:11,046 | [LUV] trending (ADX 34.2) -> trend-following strategy | Signal: HOLD | Shares held: 0.0 | Last price: $40.92
2026-09-18 15:08:11,047 | [LUV] ACTION: No trade.
2026-09-18 15:08:11,067 | [LVS] trending (ADX 40.2) -> trend-following strategy | Signal: HOLD | Shares held: 0.0 | Last price: $40.56
2026-09-18 15:08:11,067 | [LVS] ACTION: No trade.
2026-09-18 15:08:11,087 | [LYB] trending (ADX 32.5) -> trend-following strategy | Signal: HOLD | Shares held: 0.0 | Last price: $62.53
2026-09-18 15:08:11,087 | [LYB] ACTION: No trade.
2026-09-18 15:08:11,107 | [LYV] trending (ADX 33.4) -> trend-following strategy | Signal: HOLD | Shares held: 0.0 | Last price: $167.48
2026-09-18 15:08:11,107 | [LYV] ACTION: No trade.
2026-09-18 15:08:11,127 | [MA] choppy/sideways (ADX 24.2) -> mean-reversion strategy | Signal: HOLD | Shares held: 0.0 | Last price: $566.03
2026-09-18 15:08:11,128 | [MA] ACTION: No trade.
2026-09-18 15:08:11,148 | [MAA] choppy/sideways (ADX 22.2) -> mean-reversion strategy | Signal: HOLD | Shares held: 0.0 | Last price: $121.09
2026-09-18 15:08:11,148 | [MAA] ACTION: No trade.
2026-09-18 15:08:11,168 | [MAR] choppy/sideways (ADX 17.9) -> mean-reversion strategy | Signal: HOLD | Shares held: 0.0 | Last price: $336.56
2026-09-18 15:08:11,168 | [MAR] ACTION: No trade.
2026-09-18 15:08:11,188 | [MAS] choppy/sideways (ADX 13.5) -> mean-reversion strategy | Signal: HOLD | Shares held: 0.0 | Last price: $67.93
2026-09-18 15:08:11,188 | [MAS] ACTION: No trade.
2026-09-18 15:08:11,208 | [MCD] choppy/sideways (ADX 21.7) -> mean-reversion strategy | Signal: HOLD | Shares held: 0.0 | Last price: $250.15
2026-09-18 15:08:11,208 | [MCD] ACTION: No trade.
2026-09-18 15:08:11,255 | [MCHP] choppy/sideways (ADX 23.1) -> mean-reversion strategy | Signal: HOLD | Shares held: 0.0 | Last price: $71.79
2026-09-18 15:08:11,255 | [MCHP] ACTION: No trade.
2026-09-18 15:08:11,275 | [MCK] trending (ADX 33.8) -> trend-following strategy | Signal: HOLD | Shares held: 0.0 | Last price: $870.65
2026-09-18 15:08:11,275 | [MCK] ACTION: No trade.
2026-09-18 15:08:11,295 | [MCO] trending (ADX 26.5) -> trend-following strategy | Signal: HOLD | Shares held: 0.0 | Last price: $464.81
2026-09-18 15:08:11,295 | [MCO] ACTION: No trade.
2026-09-18 15:08:11,315 | [MDLZ] trending (ADX 32.6) -> trend-following strategy | Signal: HOLD | Shares held: 0.0 | Last price: $60.92
2026-09-18 15:08:11,315 | [MDLZ] ACTION: No trade.
2026-09-18 15:08:11,335 | [MDT] choppy/sideways (ADX 19.3) -> mean-reversion strategy | Signal: HOLD | Shares held: 0.0 | Last price: $92.73
2026-09-18 15:08:11,335 | [MDT] ACTION: No trade.
2026-09-18 15:08:11,355 | [MET] choppy/sideways (ADX 14.8) -> mean-reversion strategy | Signal: HOLD | Shares held: 0.0 | Last price: $97.19
2026-09-18 15:08:11,355 | [MET] ACTION: No trade.
2026-09-18 15:08:11,375 | [META] trending (ADX 29.6) -> trend-following strategy | Signal: HOLD | Shares held: 0.0 | Last price: $679.84
2026-09-18 15:08:11,375 | [META] ACTION: No trade.
2026-09-18 15:08:11,396 | [MKC] trending (ADX 28.8) -> trend-following strategy | Signal: HOLD | Shares held: 0.0 | Last price: $49.38
2026-09-18 15:08:11,396 | [MKC] ACTION: No trade.
2026-09-18 15:08:11,416 | [MLM] choppy/sideways (ADX 18.2) -> mean-reversion strategy | Signal: HOLD | Shares held: 0.0 | Last price: $491.05
2026-09-18 15:08:11,416 | [MLM] ACTION: No trade.
2026-09-18 15:08:11,436 | [MMM] trending (ADX 25.0) -> trend-following strategy | Signal: HOLD | Shares held: 0.0 | Last price: $163.84
2026-09-18 15:08:11,436 | [MMM] ACTION: No trade.
2026-09-18 15:08:11,456 | [MNST] choppy/sideways (ADX 24.7) -> mean-reversion strategy | Signal: HOLD | Shares held: 0.0 | Last price: $44.91
2026-09-18 15:08:11,456 | [MNST] ACTION: No trade.
2026-09-18 15:08:11,476 | [MO] trending (ADX 26.2) -> trend-following strategy | Signal: BUY | Shares held: 0.0 | Last price: $69.73
2026-09-18 15:08:11,476 | [MO] ACTION: No trade (conviction score 0 below CONVICTION_ENTRY_GATE_MIN_SCORE=2 -- gate is ON).
2026-09-18 15:08:11,496 | [MOS] trending (ADX 26.8) -> trend-following strategy | Signal: HOLD | Shares held: 0.0 | Last price: $24.86
2026-09-18 15:08:11,496 | [MOS] ACTION: No trade.
2026-09-18 15:08:11,516 | [MPC] choppy/sideways (ADX 12.1) -> mean-reversion strategy | Signal: HOLD | Shares held: 0.0 | Last price: $426.74
2026-09-18 15:08:11,516 | [MPC] ACTION: No trade.
2026-09-18 15:08:11,536 | [MPWR] trending (ADX 39.3) -> trend-following strategy | Signal: HOLD | Shares held: 0.0 | Last price: $1206.24
2026-09-18 15:08:11,536 | [MPWR] ACTION: No trade.
2026-09-18 15:08:11,556 | [MRK] choppy/sideways (ADX 24.6) -> mean-reversion strategy | Signal: HOLD | Shares held: 0.0 | Last price: $146.45
2026-09-18 15:08:11,556 | [MRK] ACTION: No trade.
2026-09-18 15:08:11,576 | [MRNA] trending (ADX 29.4) -> trend-following strategy | Signal: HOLD | Shares held: 0.0 | Last price: $155.84
2026-09-18 15:08:11,576 | [MRNA] ACTION: No trade.
2026-09-18 15:08:11,596 | [MRSH] trending (ADX 31.6) -> trend-following strategy | Signal: HOLD | Shares held: 0.0 | Last price: $174.40
2026-09-18 15:08:11,597 | [MRSH] ACTION: No trade.
2026-09-18 15:08:11,616 | [MRVL] trending (ADX 25.3) -> trend-following strategy | Signal: HOLD | Shares held: 0.0 | Last price: $238.90
2026-09-18 15:08:11,617 | [MRVL] ACTION: No trade.
2026-09-18 15:08:11,637 | [MS] choppy/sideways (ADX 21.9) -> mean-reversion strategy | Signal: HOLD | Shares held: 0.0 | Last price: $202.62
2026-09-18 15:08:11,637 | [MS] ACTION: No trade.
2026-09-18 15:08:11,657 | [MSCI] choppy/sideways (ADX 22.5) -> mean-reversion strategy | Signal: HOLD | Shares held: 0.0 | Last price: $550.90
2026-09-18 15:08:11,657 | [MSCI] ACTION: No trade.
2026-09-18 15:08:11,677 | [MSFT] choppy/sideways (ADX 16.4) -> mean-reversion strategy | Signal: HOLD | Shares held: 0.0 | Last price: $493.31
2026-09-18 15:08:11,677 | [MSFT] ACTION: No trade.
2026-09-18 15:08:11,698 | [MSI] trending (ADX 28.7) -> trend-following strategy | Signal: HOLD | Shares held: 0.0 | Last price: $458.08
2026-09-18 15:08:11,698 | [MSI] ACTION: No trade.
2026-09-18 15:08:11,718 | [MTB] choppy/sideways (ADX 11.9) -> mean-reversion strategy | Signal: HOLD | Shares held: 0.0 | Last price: $227.24
2026-09-18 15:08:11,718 | [MTB] ACTION: No trade.
2026-09-18 15:08:11,738 | [MTD] trending (ADX 34.1) -> trend-following strategy | Signal: HOLD | Shares held: 0.0 | Last price: $1405.27
2026-09-18 15:08:11,738 | [MTD] ACTION: No trade.
2026-09-18 15:08:11,758 | [MU] trending (ADX 60.1) -> trend-following strategy | Signal: HOLD | Shares held: 0.0 | Last price: $994.23
2026-09-18 15:08:11,758 | [MU] ACTION: No trade.
2026-09-18 15:08:11,778 | [NCLH] choppy/sideways (ADX 20.3) -> mean-reversion strategy | Signal: HOLD | Shares held: 0.0 | Last price: $14.16
2026-09-18 15:08:11,778 | [NCLH] ACTION: No trade.
2026-09-18 15:08:11,799 | [NDAQ] trending (ADX 53.7) -> trend-following strategy | Signal: HOLD | Shares held: 0.0 | Last price: $92.62
2026-09-18 15:08:11,799 | [NDAQ] ACTION: No trade.
2026-09-18 15:08:11,819 | [NDSN] choppy/sideways (ADX 22.2) -> mean-reversion strategy | Signal: HOLD | Shares held: 0.0 | Last price: $309.85
2026-09-18 15:08:11,819 | [NDSN] ACTION: No trade.
2026-09-18 15:08:11,839 | [NEE] choppy/sideways (ADX 18.9) -> mean-reversion strategy | Signal: HOLD | Shares held: 0.0 | Last price: $80.58
2026-09-18 15:08:11,839 | [NEE] ACTION: No trade.
2026-09-18 15:08:11,859 | [NEM] choppy/sideways (ADX 22.4) -> mean-reversion strategy | Signal: HOLD | Shares held: 0.0 | Last price: $122.17
2026-09-18 15:08:11,859 | [NEM] ACTION: No trade.
2026-09-18 15:08:11,879 | [NFLX] trending (ADX 55.4) -> trend-following strategy | Signal: HOLD | Shares held: 0.0 | Last price: $72.36
2026-09-18 15:08:11,879 | [NFLX] ACTION: No trade.
2026-09-18 15:08:11,899 | [NI] choppy/sideways (ADX 20.2) -> mean-reversion strategy | Signal: HOLD | Shares held: 0.0 | Last price: $40.55
2026-09-18 15:08:11,899 | [NI] ACTION: No trade.
2026-09-18 15:08:11,919 | [NKE] choppy/sideways (ADX 19.1) -> mean-reversion strategy | Signal: HOLD | Shares held: 0.0 | Last price: $36.42
2026-09-18 15:08:11,919 | [NKE] ACTION: No trade.
2026-09-18 15:08:11,939 | [NOC] choppy/sideways (ADX 10.5) -> mean-reversion strategy | Signal: HOLD | Shares held: 0.0 | Last price: $521.74
2026-09-18 15:08:11,939 | [NOC] ACTION: No trade.
2026-09-18 15:08:11,959 | [NOW] trending (ADX 43.1) -> trend-following strategy | Signal: HOLD | Shares held: 0.0 | Last price: $137.11
2026-09-18 15:08:11,959 | [NOW] ACTION: No trade.
2026-09-18 15:08:11,979 | [NRG] choppy/sideways (ADX 22.5) -> mean-reversion strategy | Signal: HOLD | Shares held: 0.0 | Last price: $104.30
2026-09-18 15:08:11,979 | [NRG] ACTION: No trade.
2026-09-18 15:08:11,999 | [NSC] choppy/sideways (ADX 24.4) -> mean-reversion strategy | Signal: HOLD | Shares held: 0.0 | Last price: $316.35
2026-09-18 15:08:12,000 | [NSC] ACTION: No trade.
2026-09-18 15:08:12,019 | [NTAP] trending (ADX 25.3) -> trend-following strategy | Signal: HOLD | Shares held: 0.0 | Last price: $193.53
2026-09-18 15:08:12,020 | [NTAP] ACTION: No trade.
2026-09-18 15:08:12,040 | [NTRS] choppy/sideways (ADX 19.6) -> mean-reversion strategy | Signal: HOLD | Shares held: 0.0 | Last price: $176.69
2026-09-18 15:08:12,040 | [NTRS] ACTION: No trade.
2026-09-18 15:08:12,060 | [NUE] trending (ADX 33.7) -> trend-following strategy | Signal: HOLD | Shares held: 0.0 | Last price: $248.75
2026-09-18 15:08:12,060 | [NUE] ACTION: No trade.
2026-09-18 15:08:12,080 | [NVDA] trending (ADX 25.9) -> trend-following strategy | Signal: HOLD | Shares held: 0.0 | Last price: $219.01
2026-09-18 15:08:12,080 | [NVDA] ACTION: No trade.
2026-09-18 15:08:12,100 | [NVR] choppy/sideways (ADX 12.2) -> mean-reversion strategy | Signal: HOLD | Shares held: 0.0 | Last price: $6216.18
2026-09-18 15:08:12,100 | [NVR] ACTION: No trade.
2026-09-18 15:08:12,120 | [NWSA] trending (ADX 28.8) -> trend-following strategy | Signal: HOLD | Shares held: 0.0 | Last price: $29.77
2026-09-18 15:08:12,120 | [NWSA] ACTION: No trade.
2026-09-18 15:08:12,140 | [NXPI] trending (ADX 30.6) -> trend-following strategy | Signal: HOLD | Shares held: 0.0 | Last price: $226.82
2026-09-18 15:08:12,140 | [NXPI] ACTION: No trade.
2026-09-18 15:08:12,160 | [O] choppy/sideways (ADX 15.5) -> mean-reversion strategy | Signal: HOLD | Shares held: 0.0 | Last price: $56.88
2026-09-18 15:08:12,160 | [O] ACTION: No trade.
2026-09-18 15:08:12,180 | [ODFL] choppy/sideways (ADX 22.3) -> mean-reversion strategy | Signal: HOLD | Shares held: 0.0 | Last price: $172.90
2026-09-18 15:08:12,180 | [ODFL] ACTION: No trade.
2026-09-18 15:08:12,200 | [OKE] choppy/sideways (ADX 16.8) -> mean-reversion strategy | Signal: HOLD | Shares held: 0.0 | Last price: $94.03
2026-09-18 15:08:12,201 | [OKE] ACTION: No trade.
2026-09-18 15:08:12,221 | [OMC] trending (ADX 39.9) -> trend-following strategy | Signal: HOLD | Shares held: 0.0 | Last price: $76.99
2026-09-18 15:08:12,221 | [OMC] ACTION: No trade.
2026-09-18 15:08:12,241 | [ON] choppy/sideways (ADX 16.8) -> mean-reversion strategy | Signal: HOLD | Shares held: 0.0 | Last price: $69.16
2026-09-18 15:08:12,241 | [ON] ACTION: No trade.
2026-09-18 15:08:12,261 | [ORCL] trending (ADX 25.5) -> trend-following strategy | Signal: HOLD | Shares held: 0.0 | Last price: $145.10
2026-09-18 15:08:12,261 | [ORCL] ACTION: No trade.
2026-09-18 15:08:12,281 | [ORLY] choppy/sideways (ADX 18.0) -> mean-reversion strategy | Signal: HOLD | Shares held: 0.0 | Last price: $84.57
2026-09-18 15:08:12,281 | [ORLY] ACTION: No trade.
2026-09-18 15:08:12,301 | [OTIS] choppy/sideways (ADX 13.1) -> mean-reversion strategy | Signal: HOLD | Shares held: 0.0 | Last price: $68.67
2026-09-18 15:08:12,301 | [OTIS] ACTION: No trade.
2026-09-18 15:08:12,321 | [OXY] trending (ADX 32.0) -> trend-following strategy | Signal: HOLD | Shares held: 0.0 | Last price: $59.16
2026-09-18 15:08:12,321 | [OXY] ACTION: No trade.
2026-09-18 15:08:12,342 | [PANW] trending (ADX 35.0) -> trend-following strategy | Signal: HOLD | Shares held: 0.0 | Last price: $358.74
2026-09-18 15:08:12,342 | [PANW] ACTION: No trade.
2026-09-18 15:08:12,362 | [PAYX] trending (ADX 31.5) -> trend-following strategy | Signal: HOLD | Shares held: 0.0 | Last price: $115.95
2026-09-18 15:08:12,362 | [PAYX] ACTION: No trade.
2026-09-18 15:08:12,383 | [PCAR] trending (ADX 35.7) -> trend-following strategy | Signal: HOLD | Shares held: 0.0 | Last price: $115.38
2026-09-18 15:08:12,383 | [PCAR] ACTION: No trade.
2026-09-18 15:08:12,404 | [PCG] trending (ADX 34.7) -> trend-following strategy | Signal: HOLD | Shares held: 0.0 | Last price: $13.19
2026-09-18 15:08:12,404 | [PCG] ACTION: No trade.
2026-09-18 15:08:12,424 | [PEG] trending (ADX 27.4) -> trend-following strategy | Signal: HOLD | Shares held: 0.0 | Last price: $70.12
2026-09-18 15:08:12,424 | [PEG] ACTION: No trade.
2026-09-18 15:08:12,445 | [PEP] trending (ADX 36.1) -> trend-following strategy | Signal: HOLD | Shares held: 0.0 | Last price: $130.58
2026-09-18 15:08:12,445 | [PEP] ACTION: No trade.
2026-09-18 15:08:12,465 | [PFE] choppy/sideways (ADX 22.1) -> mean-reversion strategy | Signal: HOLD | Shares held: 0.0 | Last price: $27.42
2026-09-18 15:08:12,465 | [PFE] ACTION: No trade.
2026-09-18 15:08:12,485 | [PFG] trending (ADX 35.9) -> trend-following strategy | Signal: HOLD | Shares held: 0.0 | Last price: $116.06
2026-09-18 15:08:12,485 | [PFG] ACTION: No trade.
2026-09-18 15:08:12,505 | [PG] trending (ADX 27.0) -> trend-following strategy | Signal: HOLD | Shares held: 0.0 | Last price: $146.41
2026-09-18 15:08:12,505 | [PG] ACTION: No trade.
2026-09-18 15:08:12,526 | [PGR] trending (ADX 36.1) -> trend-following strategy | Signal: HOLD | Shares held: 0.0 | Last price: $213.57
2026-09-18 15:08:12,526 | [PGR] ACTION: No trade.
2026-09-18 15:08:12,546 | [PH] trending (ADX 26.4) -> trend-following strategy | Signal: HOLD | Shares held: 0.0 | Last price: $933.94
2026-09-18 15:08:12,546 | [PH] ACTION: No trade.
2026-09-18 15:08:12,566 | [PHM] choppy/sideways (ADX 21.4) -> mean-reversion strategy | Signal: HOLD | Shares held: 0.0 | Last price: $117.14
2026-09-18 15:08:12,567 | [PHM] ACTION: No trade.
2026-09-18 15:08:12,587 | [PKG] choppy/sideways (ADX 20.3) -> mean-reversion strategy | Signal: HOLD | Shares held: 0.0 | Last price: $233.36
2026-09-18 15:08:12,587 | [PKG] ACTION: No trade.
2026-09-18 15:08:12,607 | [PLD] choppy/sideways (ADX 24.7) -> mean-reversion strategy | Signal: HOLD | Shares held: 0.0 | Last price: $134.31
2026-09-18 15:08:12,607 | [PLD] ACTION: No trade.
2026-09-18 15:08:12,627 | [PLTR] choppy/sideways (ADX 21.0) -> mean-reversion strategy | Signal: HOLD | Shares held: 0.0 | Last price: $175.34
2026-09-18 15:08:12,627 | [PLTR] ACTION: No trade.
2026-09-18 15:08:12,647 | [PM] trending (ADX 43.4) -> trend-following strategy | Signal: HOLD | Shares held: 0.0 | Last price: $190.16
2026-09-18 15:08:12,647 | [PM] ACTION: No trade.
2026-09-18 15:08:12,667 | [PNC] trending (ADX 26.1) -> trend-following strategy | Signal: HOLD | Shares held: 0.0 | Last price: $231.95
2026-09-18 15:08:12,667 | [PNC] ACTION: No trade.
2026-09-18 15:08:12,687 | [PNR] choppy/sideways (ADX 16.0) -> mean-reversion strategy | Signal: HOLD | Shares held: 0.0 | Last price: $55.89
2026-09-18 15:08:12,687 | [PNR] ACTION: No trade.
2026-09-18 15:08:12,708 | [PODD] choppy/sideways (ADX 15.9) -> mean-reversion strategy | Signal: HOLD | Shares held: 0.0 | Last price: $140.27
2026-09-18 15:08:12,708 | [PODD] ACTION: No trade.
2026-09-18 15:08:12,728 | [PPG] trending (ADX 25.9) -> trend-following strategy | Signal: HOLD | Shares held: 0.0 | Last price: $104.11
2026-09-18 15:08:12,728 | [PPG] ACTION: No trade.
2026-09-18 15:08:12,748 | [PPL] choppy/sideways (ADX 22.6) -> mean-reversion strategy | Signal: HOLD | Shares held: 0.0 | Last price: $33.35
2026-09-18 15:08:12,748 | [PPL] ACTION: No trade.
2026-09-18 15:08:12,768 | [PRU] trending (ADX 25.6) -> trend-following strategy | Signal: HOLD | Shares held: 0.0 | Last price: $117.39
2026-09-18 15:08:12,768 | [PRU] ACTION: No trade.
2026-09-18 15:08:12,789 | [PSA] trending (ADX 26.8) -> trend-following strategy | Signal: HOLD | Shares held: 0.0 | Last price: $300.23
2026-09-18 15:08:12,789 | [PSA] ACTION: No trade.
2026-09-18 15:08:12,809 | [PSKY] choppy/sideways (ADX 24.4) -> mean-reversion strategy | Signal: HOLD | Shares held: 0.0 | Last price: $10.28
2026-09-18 15:08:12,809 | [PSKY] ACTION: No trade.
2026-09-18 15:08:12,829 | [PSX] choppy/sideways (ADX 17.7) -> mean-reversion strategy | Signal: HOLD | Shares held: 0.0 | Last price: $275.82
2026-09-18 15:08:12,829 | [PSX] ACTION: No trade.
2026-09-18 15:08:12,849 | [PTC] trending (ADX 26.3) -> trend-following strategy | Signal: HOLD | Shares held: 0.0 | Last price: $134.26
2026-09-18 15:08:12,849 | [PTC] ACTION: No trade.
2026-09-18 15:08:12,869 | [PWR] choppy/sideways (ADX 18.2) -> mean-reversion strategy | Signal: HOLD | Shares held: 0.0 | Last price: $628.67
2026-09-18 15:08:12,869 | [PWR] ACTION: No trade.
2026-09-18 15:08:12,890 | [PYPL] trending (ADX 33.2) -> trend-following strategy | Signal: HOLD | Shares held: 0.0 | Last price: $52.85
2026-09-18 15:08:12,890 | [PYPL] ACTION: No trade.
2026-09-18 15:08:12,910 | [Q] trending (ADX 27.6) -> trend-following strategy | Signal: HOLD | Shares held: 0.0 | Last price: $119.26
2026-09-18 15:08:12,910 | [Q] ACTION: No trade.
2026-09-18 15:08:12,930 | [QCOM] choppy/sideways (ADX 17.6) -> mean-reversion strategy | Signal: HOLD | Shares held: 0.0 | Last price: $181.23
2026-09-18 15:08:12,930 | [QCOM] ACTION: No trade.
2026-09-18 15:08:12,950 | [RCL] trending (ADX 27.0) -> trend-following strategy | Signal: HOLD | Shares held: 0.0 | Last price: $247.72
2026-09-18 15:08:12,951 | [RCL] ACTION: No trade.
2026-09-18 15:08:12,971 | [RDDT] choppy/sideways (ADX 19.8) -> mean-reversion strategy | Signal: HOLD | Shares held: 0.0 | Last price: $152.85
2026-09-18 15:08:12,971 | [RDDT] ACTION: No trade.
2026-09-18 15:08:12,991 | [REG] choppy/sideways (ADX 18.0) -> mean-reversion strategy | Signal: HOLD | Shares held: 0.0 | Last price: $73.11
2026-09-18 15:08:12,991 | [REG] ACTION: No trade.
2026-09-18 15:08:13,011 | [REGN] trending (ADX 29.0) -> trend-following strategy | Signal: HOLD | Shares held: 0.0 | Last price: $787.43
2026-09-18 15:08:13,011 | [REGN] ACTION: No trade.
2026-09-18 15:08:13,031 | [RF] choppy/sideways (ADX 13.8) -> mean-reversion strategy | Signal: HOLD | Shares held: 0.0 | Last price: $28.46
2026-09-18 15:08:13,031 | [RF] ACTION: No trade.
2026-09-18 15:08:13,051 | [RJF] choppy/sideways (ADX 20.5) -> mean-reversion strategy | Signal: HOLD | Shares held: 0.0 | Last price: $164.56
2026-09-18 15:08:13,051 | [RJF] ACTION: No trade.
2026-09-18 15:08:13,071 | [RL] trending (ADX 27.2) -> trend-following strategy | Signal: HOLD | Shares held: 0.0 | Last price: $332.51
2026-09-18 15:08:13,072 | [RL] ACTION: No trade.
2026-09-18 15:08:13,093 | [RMD] trending (ADX 28.3) -> trend-following strategy | Signal: HOLD | Shares held: 0.0 | Last price: $227.20
2026-09-18 15:08:13,094 | [RMD] ACTION: No trade.
2026-09-18 15:08:13,114 | [ROK] choppy/sideways (ADX 19.8) -> mean-reversion strategy | Signal: HOLD | Shares held: 0.0 | Last price: $411.21
2026-09-18 15:08:13,114 | [ROK] ACTION: No trade.
2026-09-18 15:08:13,134 | [ROL] trending (ADX 43.6) -> trend-following strategy | Signal: HOLD | Shares held: 0.0 | Last price: $33.00
2026-09-18 15:08:13,134 | [ROL] ACTION: No trade.
2026-09-18 15:08:13,154 | [ROP] trending (ADX 38.4) -> trend-following strategy | Signal: HOLD | Shares held: 0.0 | Last price: $371.88
2026-09-18 15:08:13,154 | [ROP] ACTION: No trade.
2026-09-18 15:08:13,174 | [ROST] choppy/sideways (ADX 17.0) -> mean-reversion strategy | Signal: HOLD | Shares held: 0.0 | Last price: $229.25
2026-09-18 15:08:13,175 | [ROST] ACTION: No trade.
2026-09-18 15:08:13,195 | [RSG] trending (ADX 25.7) -> trend-following strategy | Signal: HOLD | Shares held: 0.0 | Last price: $217.77
2026-09-18 15:08:13,195 | [RSG] ACTION: No trade.
2026-09-18 15:08:13,215 | [RTX] trending (ADX 31.6) -> trend-following strategy | Signal: HOLD | Shares held: 0.0 | Last price: $191.68
2026-09-18 15:08:13,215 | [RTX] ACTION: No trade.
2026-09-18 15:08:13,236 | [RVTY] trending (ADX 41.7) -> trend-following strategy | Signal: HOLD | Shares held: 0.0 | Last price: $144.25
2026-09-18 15:08:13,236 | [RVTY] ACTION: No trade.
2026-09-18 15:08:13,256 | [SBAC] trending (ADX 30.1) -> trend-following strategy | Signal: HOLD | Shares held: 0.0 | Last price: $180.27
2026-09-18 15:08:13,256 | [SBAC] ACTION: No trade.
2026-09-18 15:08:13,276 | [SBUX] choppy/sideways (ADX 23.6) -> mean-reversion strategy | Signal: HOLD | Shares held: 0.0 | Last price: $96.45
2026-09-18 15:08:13,276 | [SBUX] ACTION: No trade.
2026-09-18 15:08:13,296 | [SCHW] choppy/sideways (ADX 22.6) -> mean-reversion strategy | Signal: HOLD | Shares held: 0.0 | Last price: $104.94
2026-09-18 15:08:13,296 | [SCHW] ACTION: No trade.
2026-09-18 15:08:13,316 | [SHW] trending (ADX 28.5) -> trend-following strategy | Signal: HOLD | Shares held: 0.0 | Last price: $317.81
2026-09-18 15:08:13,316 | [SHW] ACTION: No trade.
2026-09-18 15:08:13,336 | [SJM] trending (ADX 32.4) -> trend-following strategy | Signal: HOLD | Shares held: 0.0 | Last price: $122.91
2026-09-18 15:08:13,336 | [SJM] ACTION: No trade.
2026-09-18 15:08:13,356 | [SLB] trending (ADX 32.7) -> trend-following strategy | Signal: HOLD | Shares held: 0.0 | Last price: $51.39
2026-09-18 15:08:13,357 | [SLB] ACTION: No trade.
2026-09-18 15:08:13,377 | [SMCI] trending (ADX 36.6) -> trend-following strategy | Signal: HOLD | Shares held: 0.0 | Last price: $38.66
2026-09-18 15:08:13,377 | [SMCI] ACTION: No trade.
2026-09-18 15:08:13,397 | [SNA] choppy/sideways (ADX 13.3) -> mean-reversion strategy | Signal: HOLD | Shares held: 0.0 | Last price: $372.07
2026-09-18 15:08:13,397 | [SNA] ACTION: No trade.
2026-09-18 15:08:13,417 | [SNDK] trending (ADX 54.8) -> trend-following strategy | Signal: HOLD | Shares held: 0.0 | Last price: $1717.25
2026-09-18 15:08:13,417 | [SNDK] ACTION: No trade.
2026-09-18 15:08:13,437 | [SNPS] trending (ADX 32.5) -> trend-following strategy | Signal: HOLD | Shares held: 0.0 | Last price: $381.72
2026-09-18 15:08:13,437 | [SNPS] ACTION: No trade.
2026-09-18 15:08:13,458 | [SO] choppy/sideways (ADX 13.3) -> mean-reversion strategy | Signal: HOLD | Shares held: 0.0 | Last price: $85.80
2026-09-18 15:08:13,458 | [SO] ACTION: No trade.
2026-09-18 15:08:13,478 | [SPG] choppy/sideways (ADX 24.2) -> mean-reversion strategy | Signal: HOLD | Shares held: 0.0 | Last price: $204.06
2026-09-18 15:08:13,478 | [SPG] ACTION: No trade.
2026-09-18 15:08:13,498 | [SPGI] trending (ADX 31.2) -> trend-following strategy | Signal: HOLD | Shares held: 0.0 | Last price: $406.66
2026-09-18 15:08:13,498 | [SPGI] ACTION: No trade.
2026-09-18 15:08:13,518 | [SRE] choppy/sideways (ADX 21.9) -> mean-reversion strategy | Signal: HOLD | Shares held: 0.0 | Last price: $81.08
2026-09-18 15:08:13,519 | [SRE] ACTION: No trade.
2026-09-18 15:08:13,539 | [STE] trending (ADX 41.1) -> trend-following strategy | Signal: HOLD | Shares held: 0.0 | Last price: $206.44
2026-09-18 15:08:13,539 | [STE] ACTION: No trade.
2026-09-18 15:08:13,559 | [STLD] trending (ADX 35.5) -> trend-following strategy | Signal: HOLD | Shares held: 0.0 | Last price: $232.50
2026-09-18 15:08:13,559 | [STLD] ACTION: No trade.
2026-09-18 15:08:13,579 | [STT] choppy/sideways (ADX 21.2) -> mean-reversion strategy | Signal: HOLD | Shares held: 0.0 | Last price: $182.57
2026-09-18 15:08:13,579 | [STT] ACTION: No trade.
2026-09-18 15:08:13,600 | [STX] trending (ADX 25.9) -> trend-following strategy | Signal: HOLD | Shares held: 0.0 | Last price: $831.91
2026-09-18 15:08:13,600 | [STX] ACTION: No trade.
2026-09-18 15:08:13,620 | [STZ] trending (ADX 28.0) -> trend-following strategy | Signal: HOLD | Shares held: 0.0 | Last price: $120.52
2026-09-18 15:08:13,620 | [STZ] ACTION: No trade.
2026-09-18 15:08:13,640 | [SW] trending (ADX 29.9) -> trend-following strategy | Signal: HOLD | Shares held: 0.0 | Last price: $44.44
2026-09-18 15:08:13,640 | [SW] ACTION: No trade.
2026-09-18 15:08:13,660 | [SWK] choppy/sideways (ADX 14.6) -> mean-reversion strategy | Signal: HOLD | Shares held: 0.0 | Last price: $88.67
2026-09-18 15:08:13,661 | [SWK] ACTION: No trade.
2026-09-18 15:08:13,681 | [SWKS] choppy/sideways (ADX 20.7) -> mean-reversion strategy | Signal: HOLD | Shares held: 0.0 | Last price: $89.73
2026-09-18 15:08:13,681 | [SWKS] ACTION: No trade.
2026-09-18 15:08:13,701 | [SYF] choppy/sideways (ADX 19.6) -> mean-reversion strategy | Signal: HOLD | Shares held: 0.0 | Last price: $74.78
2026-09-18 15:08:13,701 | [SYF] ACTION: No trade.
2026-09-18 15:08:13,721 | [SYK] choppy/sideways (ADX 23.1) -> mean-reversion strategy | Signal: HOLD | Shares held: 0.0 | Last price: $277.98
2026-09-18 15:08:13,721 | [SYK] ACTION: No trade.
2026-09-18 15:08:13,741 | [SYY] choppy/sideways (ADX 19.2) -> mean-reversion strategy | Signal: HOLD | Shares held: 0.0 | Last price: $79.03
2026-09-18 15:08:13,741 | [SYY] ACTION: No trade.
2026-09-18 15:08:13,761 | [T] trending (ADX 43.5) -> trend-following strategy | Signal: HOLD | Shares held: 0.0 | Last price: $25.61
2026-09-18 15:08:13,762 | [T] ACTION: No trade.
2026-09-18 15:08:13,783 | [TAP] trending (ADX 33.7) -> trend-following strategy | Signal: HOLD | Shares held: 0.0 | Last price: $38.22
2026-09-18 15:08:13,783 | [TAP] ACTION: No trade.
2026-09-18 15:08:13,803 | [TDG] choppy/sideways (ADX 15.1) -> mean-reversion strategy | Signal: HOLD | Shares held: 0.0 | Last price: $1084.49
2026-09-18 15:08:13,803 | [TDG] ACTION: No trade.
2026-09-18 15:08:13,823 | [TDY] choppy/sideways (ADX 11.0) -> mean-reversion strategy | Signal: HOLD | Shares held: 0.0 | Last price: $598.68
2026-09-18 15:08:13,823 | [TDY] ACTION: No trade.
2026-09-18 15:08:13,844 | [TECH] trending (ADX 27.0) -> trend-following strategy | Signal: HOLD | Shares held: 0.0 | Last price: $72.35
2026-09-18 15:08:13,844 | [TECH] ACTION: No trade.
2026-09-18 15:08:13,864 | [TEL] trending (ADX 36.2) -> trend-following strategy | Signal: HOLD | Shares held: 0.0 | Last price: $206.47
2026-09-18 15:08:13,864 | [TEL] ACTION: No trade.
2026-09-18 15:08:13,884 | [TER] trending (ADX 36.0) -> trend-following strategy | Signal: HOLD | Shares held: 0.0 | Last price: $363.15
2026-09-18 15:08:13,884 | [TER] ACTION: No trade.
2026-09-18 15:08:13,905 | [TFC] choppy/sideways (ADX 15.7) -> mean-reversion strategy | Signal: HOLD | Shares held: 0.0 | Last price: $48.71
2026-09-18 15:08:13,905 | [TFC] ACTION: No trade.
2026-09-18 15:08:13,925 | [TGT] choppy/sideways (ADX 20.9) -> mean-reversion strategy | Signal: HOLD | Shares held: 0.0 | Last price: $157.35
2026-09-18 15:08:13,925 | [TGT] ACTION: No trade.
2026-09-18 15:08:13,946 | [TJX] trending (ADX 40.8) -> trend-following strategy | Signal: HOLD | Shares held: 0.0 | Last price: $128.30
2026-09-18 15:08:13,946 | [TJX] ACTION: No trade.
2026-09-18 15:08:13,966 | [TKO] trending (ADX 30.9) -> trend-following strategy | Signal: HOLD | Shares held: 0.0 | Last price: $188.35
2026-09-18 15:08:13,966 | [TKO] ACTION: No trade.
2026-09-18 15:08:13,988 | [TMO] trending (ADX 27.4) -> trend-following strategy | Signal: HOLD | Shares held: 0.0 | Last price: $655.41
2026-09-18 15:08:13,988 | [TMO] ACTION: No trade.
2026-09-18 15:08:14,008 | [TMUS] trending (ADX 55.0) -> trend-following strategy | Signal: HOLD | Shares held: 0.0 | Last price: $167.06
2026-09-18 15:08:14,008 | [TMUS] ACTION: No trade.
2026-09-18 15:08:14,028 | [TPL] choppy/sideways (ADX 21.6) -> mean-reversion strategy | Signal: HOLD | Shares held: 0.0 | Last price: $351.81
2026-09-18 15:08:14,029 | [TPL] ACTION: No trade.
2026-09-18 15:08:14,049 | [TPR] trending (ADX 37.8) -> trend-following strategy | Signal: HOLD | Shares held: 0.0 | Last price: $114.53
2026-09-18 15:08:14,049 | [TPR] ACTION: No trade.
2026-09-18 15:08:14,069 | [TRGP] choppy/sideways (ADX 21.7) -> mean-reversion strategy | Signal: SELL | Shares held: 0.0 | Last price: $294.05
2026-09-18 15:08:14,069 | [TRGP] ACTION: No trade.
2026-09-18 15:08:14,089 | [TRMB] choppy/sideways (ADX 14.7) -> mean-reversion strategy | Signal: HOLD | Shares held: 0.0 | Last price: $57.73
2026-09-18 15:08:14,089 | [TRMB] ACTION: No trade.
2026-09-18 15:08:14,110 | [TROW] choppy/sideways (ADX 21.2) -> mean-reversion strategy | Signal: HOLD | Shares held: 0.0 | Last price: $103.27
2026-09-18 15:08:14,110 | [TROW] ACTION: No trade.
2026-09-18 15:08:14,130 | [TRV] choppy/sideways (ADX 15.7) -> mean-reversion strategy | Signal: HOLD | Shares held: 0.0 | Last price: $374.94
2026-09-18 15:08:14,130 | [TRV] ACTION: No trade.
2026-09-18 15:08:14,150 | [TSCO] trending (ADX 27.9) -> trend-following strategy | Signal: HOLD | Shares held: 0.0 | Last price: $32.67
2026-09-18 15:08:14,150 | [TSCO] ACTION: No trade.
2026-09-18 15:08:14,170 | [TSLA] choppy/sideways (ADX 18.1) -> mean-reversion strategy | Signal: HOLD | Shares held: 0.0 | Last price: $367.70
2026-09-18 15:08:14,170 | [TSLA] ACTION: No trade.
2026-09-18 15:08:14,190 | [TSN] choppy/sideways (ADX 20.2) -> mean-reversion strategy | Signal: HOLD | Shares held: 0.0 | Last price: $53.15
2026-09-18 15:08:14,191 | [TSN] ACTION: No trade.
2026-09-18 15:08:14,211 | [TT] trending (ADX 26.8) -> trend-following strategy | Signal: HOLD | Shares held: 0.0 | Last price: $425.56
2026-09-18 15:08:14,211 | [TT] ACTION: No trade.
2026-09-18 15:08:14,233 | [TTD] choppy/sideways (ADX 20.1) -> mean-reversion strategy | Signal: HOLD | Shares held: 0.0 | Last price: $14.20
2026-09-18 15:08:14,233 | [TTD] ACTION: No trade.
2026-09-18 15:08:14,253 | [TTWO] choppy/sideways (ADX 19.5) -> mean-reversion strategy | Signal: HOLD | Shares held: 0.0 | Last price: $208.22
2026-09-18 15:08:14,253 | [TTWO] ACTION: No trade.
2026-09-18 15:08:14,273 | [TXN] choppy/sideways (ADX 22.7) -> mean-reversion strategy | Signal: HOLD | Shares held: 0.0 | Last price: $263.92
2026-09-18 15:08:14,273 | [TXN] ACTION: No trade.
2026-09-18 15:08:14,294 | [TXT] choppy/sideways (ADX 22.7) -> mean-reversion strategy | Signal: HOLD | Shares held: 0.0 | Last price: $80.42
2026-09-18 15:08:14,294 | [TXT] ACTION: No trade.
2026-09-18 15:08:14,314 | [TYL] trending (ADX 34.0) -> trend-following strategy | Signal: HOLD | Shares held: 0.0 | Last price: $339.02
2026-09-18 15:08:14,314 | [TYL] ACTION: No trade.
2026-09-18 15:08:14,334 | [UAL] trending (ADX 25.4) -> trend-following strategy | Signal: HOLD | Shares held: 0.0 | Last price: $108.02
2026-09-18 15:08:14,334 | [UAL] ACTION: No trade.
2026-09-18 15:08:14,354 | [UBER] choppy/sideways (ADX 17.1) -> mean-reversion strategy | Signal: HOLD | Shares held: 0.0 | Last price: $70.61
2026-09-18 15:08:14,354 | [UBER] ACTION: No trade.
2026-09-18 15:08:14,374 | [UDR] trending (ADX 40.9) -> trend-following strategy | Signal: HOLD | Shares held: 0.0 | Last price: $34.16
2026-09-18 15:08:14,374 | [UDR] ACTION: No trade.
2026-09-18 15:08:14,395 | [UHS] choppy/sideways (ADX 19.5) -> mean-reversion strategy | Signal: HOLD | Shares held: 0.0 | Last price: $179.81
2026-09-18 15:08:14,395 | [UHS] ACTION: No trade.
2026-09-18 15:08:14,415 | [ULTA] choppy/sideways (ADX 17.3) -> mean-reversion strategy | Signal: HOLD | Shares held: 0.0 | Last price: $544.98
2026-09-18 15:08:14,415 | [ULTA] ACTION: No trade.
2026-09-18 15:08:14,465 | [UNH] trending (ADX 27.0) -> trend-following strategy | Signal: HOLD | Shares held: 0.0 | Last price: $373.88
2026-09-18 15:08:14,465 | [UNH] ACTION: No trade.
2026-09-18 15:08:14,485 | [UNP] choppy/sideways (ADX 24.1) -> mean-reversion strategy | Signal: HOLD | Shares held: 0.0 | Last price: $279.77
2026-09-18 15:08:14,485 | [UNP] ACTION: No trade.
2026-09-18 15:08:14,505 | [UPS] trending (ADX 27.9) -> trend-following strategy | Signal: HOLD | Shares held: 0.0 | Last price: $99.33
2026-09-18 15:08:14,505 | [UPS] ACTION: No trade.
2026-09-18 15:08:14,525 | [URI] choppy/sideways (ADX 15.0) -> mean-reversion strategy | Signal: HOLD | Shares held: 0.0 | Last price: $1001.54
2026-09-18 15:08:14,525 | [URI] ACTION: No trade.
2026-09-18 15:08:14,545 | [USB] choppy/sideways (ADX 17.7) -> mean-reversion strategy | Signal: HOLD | Shares held: 0.0 | Last price: $60.18
2026-09-18 15:08:14,545 | [USB] ACTION: No trade.
2026-09-18 15:08:14,565 | [V] choppy/sideways (ADX 23.6) -> mean-reversion strategy | Signal: HOLD | Shares held: 0.0 | Last price: $369.25
2026-09-18 15:08:14,565 | [V] ACTION: No trade.
2026-09-18 15:08:14,585 | [VEEV] trending (ADX 34.0) -> trend-following strategy | Signal: HOLD | Shares held: 0.0 | Last price: $263.50
2026-09-18 15:08:14,585 | [VEEV] ACTION: No trade.
2026-09-18 15:08:14,605 | [VICI] trending (ADX 51.4) -> trend-following strategy | Signal: HOLD | Shares held: 0.0 | Last price: $23.89
2026-09-18 15:08:14,605 | [VICI] ACTION: No trade.
2026-09-18 15:08:14,625 | [VLO] choppy/sideways (ADX 10.1) -> mean-reversion strategy | Signal: HOLD | Shares held: 0.0 | Last price: $415.27
2026-09-18 15:08:14,626 | [VLO] ACTION: No trade.
2026-09-18 15:08:14,646 | [VLTO] trending (ADX 26.5) -> trend-following strategy | Signal: HOLD | Shares held: 0.0 | Last price: $94.91
2026-09-18 15:08:14,646 | [VLTO] ACTION: No trade.
2026-09-18 15:08:14,666 | [VMC] choppy/sideways (ADX 21.6) -> mean-reversion strategy | Signal: HOLD | Shares held: 0.0 | Last price: $242.78
2026-09-18 15:08:14,666 | [VMC] ACTION: No trade.
2026-09-18 15:08:14,686 | [VMRK] trending (ADX 38.7) -> trend-following strategy | Signal: HOLD | Shares held: 0.0 | Last price: $62.39
2026-09-18 15:08:14,686 | [VMRK] ACTION: No trade.
2026-09-18 15:08:14,706 | [VRSK] trending (ADX 31.4) -> trend-following strategy | Signal: HOLD | Shares held: 0.0 | Last price: $177.10
2026-09-18 15:08:14,706 | [VRSK] ACTION: No trade.
2026-09-18 15:08:14,726 | [VRSN] choppy/sideways (ADX 10.2) -> mean-reversion strategy | Signal: HOLD | Shares held: 0.0 | Last price: $303.96
2026-09-18 15:08:14,726 | [VRSN] ACTION: No trade.
2026-09-18 15:08:14,746 | [VRT] trending (ADX 29.6) -> trend-following strategy | Signal: HOLD | Shares held: 0.0 | Last price: $245.57
2026-09-18 15:08:14,746 | [VRT] ACTION: No trade.
2026-09-18 15:08:14,766 | [VRTX] choppy/sideways (ADX 13.4) -> mean-reversion strategy | Signal: HOLD | Shares held: 0.0 | Last price: $509.10
2026-09-18 15:08:14,766 | [VRTX] ACTION: No trade.
2026-09-18 15:08:14,786 | [VST] choppy/sideways (ADX 18.5) -> mean-reversion strategy | Signal: HOLD | Shares held: 0.0 | Last price: $141.97
2026-09-18 15:08:14,786 | [VST] ACTION: No trade.
2026-09-18 15:08:14,806 | [VTR] choppy/sideways (ADX 18.7) -> mean-reversion strategy | Signal: HOLD | Shares held: 0.0 | Last price: $87.16
2026-09-18 15:08:14,806 | [VTR] ACTION: No trade.
2026-09-18 15:08:14,826 | [VTRS] trending (ADX 29.0) -> trend-following strategy | Signal: HOLD | Shares held: 0.0 | Last price: $16.99
2026-09-18 15:08:14,826 | [VTRS] ACTION: No trade.
2026-09-18 15:08:14,846 | [VZ] trending (ADX 60.2) -> trend-following strategy | Signal: HOLD | Shares held: 0.0 | Last price: $48.09
2026-09-18 15:08:14,846 | [VZ] ACTION: No trade.
2026-09-18 15:08:14,866 | [WAB] choppy/sideways (ADX 22.7) -> mean-reversion strategy | Signal: HOLD | Shares held: 0.0 | Last price: $278.18
2026-09-18 15:08:14,867 | [WAB] ACTION: No trade.
2026-09-18 15:08:14,887 | [WAT] choppy/sideways (ADX 22.5) -> mean-reversion strategy | Signal: HOLD | Shares held: 0.0 | Last price: $423.60
2026-09-18 15:08:14,887 | [WAT] ACTION: No trade.
2026-09-18 15:08:14,907 | [WBD] trending (ADX 25.2) -> trend-following strategy | Signal: HOLD | Shares held: 0.0 | Last price: $27.98
2026-09-18 15:08:14,907 | [WBD] ACTION: No trade.
2026-09-18 15:08:14,927 | [WDAY] trending (ADX 32.3) -> trend-following strategy | Signal: HOLD | Shares held: 0.0 | Last price: $195.50
2026-09-18 15:08:14,927 | [WDAY] ACTION: No trade.
2026-09-18 15:08:14,947 | [WDC] trending (ADX 27.5) -> trend-following strategy | Signal: HOLD | Shares held: 0.0 | Last price: $436.08
2026-09-18 15:08:14,947 | [WDC] ACTION: No trade.
2026-09-18 15:08:14,967 | [WEC] choppy/sideways (ADX 18.2) -> mean-reversion strategy | Signal: HOLD | Shares held: 0.0 | Last price: $103.46
2026-09-18 15:08:14,967 | [WEC] ACTION: No trade.
2026-09-18 15:08:14,987 | [WELL] choppy/sideways (ADX 24.6) -> mean-reversion strategy | Signal: HOLD | Shares held: 0.0 | Last price: $230.50
2026-09-18 15:08:14,987 | [WELL] ACTION: No trade.
2026-09-18 15:08:15,007 | [WFC] choppy/sideways (ADX 16.2) -> mean-reversion strategy | Signal: HOLD | Shares held: 0.0 | Last price: $86.54
2026-09-18 15:08:15,007 | [WFC] ACTION: No trade.
2026-09-18 15:08:15,027 | [WM] trending (ADX 32.6) -> trend-following strategy | Signal: HOLD | Shares held: 0.0 | Last price: $212.05
2026-09-18 15:08:15,027 | [WM] ACTION: No trade.
2026-09-18 15:08:15,047 | [WMB] choppy/sideways (ADX 16.6) -> mean-reversion strategy | Signal: HOLD | Shares held: 0.0 | Last price: $72.46
2026-09-18 15:08:15,047 | [WMB] ACTION: No trade.
2026-09-18 15:08:15,068 | [WMT] trending (ADX 30.0) -> trend-following strategy | Signal: HOLD | Shares held: 0.0 | Last price: $107.28
2026-09-18 15:08:15,068 | [WMT] ACTION: No trade.
2026-09-18 15:08:15,089 | [WRB] choppy/sideways (ADX 23.7) -> mean-reversion strategy | Signal: HOLD | Shares held: 0.0 | Last price: $69.89
2026-09-18 15:08:15,090 | [WRB] ACTION: No trade.
2026-09-18 15:08:15,110 | [WSM] choppy/sideways (ADX 19.0) -> mean-reversion strategy | Signal: HOLD | Shares held: 0.0 | Last price: $222.69
2026-09-18 15:08:15,110 | [WSM] ACTION: No trade.
2026-09-18 15:08:15,130 | [WST] trending (ADX 28.8) -> trend-following strategy | Signal: HOLD | Shares held: 0.0 | Last price: $361.60
2026-09-18 15:08:15,130 | [WST] ACTION: No trade.
2026-09-18 15:08:15,150 | [WTW] choppy/sideways (ADX 22.9) -> mean-reversion strategy | Signal: HOLD | Shares held: 0.0 | Last price: $310.87
2026-09-18 15:08:15,150 | [WTW] ACTION: No trade.
2026-09-18 15:08:15,170 | [WY] trending (ADX 25.8) -> trend-following strategy | Signal: HOLD | Shares held: 0.0 | Last price: $21.48
2026-09-18 15:08:15,170 | [WY] ACTION: No trade.
2026-09-18 15:08:15,191 | [WYNN] trending (ADX 40.6) -> trend-following strategy | Signal: HOLD | Shares held: 0.0 | Last price: $83.00
2026-09-18 15:08:15,191 | [WYNN] ACTION: No trade.
2026-09-18 15:08:15,211 | [XEL] trending (ADX 29.1) -> trend-following strategy | Signal: HOLD | Shares held: 0.0 | Last price: $72.55
2026-09-18 15:08:15,211 | [XEL] ACTION: No trade.
2026-09-18 15:08:15,231 | [XOM] choppy/sideways (ADX 22.4) -> mean-reversion strategy | Signal: HOLD | Shares held: 0.0 | Last price: $162.81
2026-09-18 15:08:15,231 | [XOM] ACTION: No trade.
2026-09-18 15:08:15,251 | [XYL] choppy/sideways (ADX 13.3) -> mean-reversion strategy | Signal: HOLD | Shares held: 0.0 | Last price: $108.02
2026-09-18 15:08:15,251 | [XYL] ACTION: No trade.
2026-09-18 15:08:15,271 | [XYZ] choppy/sideways (ADX 15.7) -> mean-reversion strategy | Signal: HOLD | Shares held: 0.0 | Last price: $76.38
2026-09-18 15:08:15,271 | [XYZ] ACTION: No trade.
2026-09-18 15:08:15,291 | [YUM] trending (ADX 26.6) -> trend-following strategy | Signal: HOLD | Shares held: 0.0 | Last price: $135.27
2026-09-18 15:08:15,291 | [YUM] ACTION: No trade.
2026-09-18 15:08:15,311 | [ZBH] trending (ADX 35.5) -> trend-following strategy | Signal: HOLD | Shares held: 0.0 | Last price: $94.94
2026-09-18 15:08:15,311 | [ZBH] ACTION: No trade.
2026-09-18 15:08:15,331 | [ZBRA] choppy/sideways (ADX 14.5) -> mean-reversion strategy | Signal: HOLD | Shares held: 0.0 | Last price: $344.42
2026-09-18 15:08:15,332 | [ZBRA] ACTION: No trade.
2026-09-18 15:08:15,351 | [ZTS] choppy/sideways (ADX 17.0) -> mean-reversion strategy | Signal: HOLD | Shares held: 0.0 | Last price: $72.92
2026-09-18 15:08:15,352 | [ZTS] ACTION: No trade.
2026-09-18 15:23:16,005 | Market is open (closes 2026-09-18 22:00:00 CEST your local time). Checking 491 symbols: A, AAPL, ABBV, ABNB, ABT, ACGL, ACN, ADBE, ADI, ADM, ADP, ADSK, AEE, AEHL, AEP, AES, AFL, AIG, AIZ, AJG, AKAM, ALB, ALGN, ALL, ALLE, AMAT, AMCR, AMD, AME, AMGN, AMP, AMT, AMZN, ANET, AON, APA, APD, APH, APO, APP, APTV, ARE, ARES, ATO, AVGO, AVY, AWK, AXON, AXP, AZO, BA, BAC, BALL, BAX, BBY, BDX, BEN, BG, BIIB, BKNG, BKR, BLDR, BLK, BMY, BNY, BR, BRK.B, BRO, BSX, BX, C, CAH, CARR, CASY, CAT, CB, CBOE, CBRE, CCI, CCL, CDNS, CDW, CEG, CF, CFG, CHD, CHRW, CHTR, CI, CIEN, CINF, CL, CLX, CMCSA, CME, CMG, CMI, CMS, CNC, CNP, COF, COHR, COIN, COO, COP, COR, COST, CPAY, CPRT, CPT, CRH, CRL, CRM, CRWD, CSCO, CSGP, CSX, CTAS, CTSH, CTVA, CVNA, CVS, CVX, D, DAL, DASH, DD, DDOG, DE, DECK, DELL, DG, DGX, DHI, DHR, DIS, DLR, DLTR, DOC, DOV, DOW, DPZ, DRI, DTE, DUK, DVA, DVN, DXCM, EBAY, ECHO, ECL, ED, EFX, EG, EIX, EL, ELV, EME, EMR, EOG, EQIX, EQT, ES, ESS, ETN, ETR, EVRG, EW, EXC, EXE, EXPD, EXPE, EXR, F, FANG, FAST, FCX, FDS, FDX, FDXF, FE, FERG, FFIV, FICO, FIS, FISV, FITB, FIX, FLEX, FOXA, FSLR, FTNT, FTV, GD, GDDY, GE, GEHC, GEN, GEV, GILD, GIS, GLW, GM, GNRC, GOOG, GOOGL, GPC, GPN, GRMN, GS, GWW, HAL, HAS, HBAN, HCA, HD, HIG, HII, HLT, HON, HONA, HOOD, HPE, HPQ, HSIC, HST, HSY, HUBB, HUM, HWM, IBKR, IBM, ICE, IDXX, IEX, IFF, INCY, INTC, INTU, INVH, IP, IQV, IR, IRM, ISRG, IT, ITW, IVZ, JBHT, JBL, JCI, JKHY, JNJ, JPM, KDP, KEY, KEYS, KHC, KIM, KKR, KLAC, KMB, KMI, KO, KR, KVUE, L, LDOS, LEN, LH, LHX, LII, LIN, LITE, LLY, LMT, LNT, LOW, LRCX, LULU, LUV, LVS, LYB, LYV, MA, MAA, MAR, MAS, MCD, MCHP, MCK, MCO, MDLZ, MDT, MET, META, MKC, MLM, MMM, MNST, MO, MOS, MPC, MPWR, MRK, MRNA, MRSH, MRVL, MS, MSCI, MSFT, MSI, MTB, MTD, MU, NCLH, NDAQ, NDSN, NEE, NEM, NFLX, NI, NKE, NOC, NOW, NRG, NSC, NTAP, NTRS, NUE, NVDA, NVR, NWSA, NXPI, O, ODFL, OKE, OMC, ON, ORCL, ORLY, OTIS, OXY, PANW, PAYX, PCAR, PCG, PEG, PEP, PFE, PFG, PG, PGR, PH, PHM, PKG, PLD, PLTR, PM, PNC, PNR, PODD, PPG, PPL, PRU, PSA, PSKY, PSX, PTC, PWR, PYPL, Q, QCOM, RCL, RDDT, REG, REGN, RF, RJF, RL, RMD, ROK, ROL, ROP, ROST, RSG, RTX, RVTY, SBAC, SBUX, SCHW, SHW, SJM, SLB, SMCI, SNA, SNDK, SNPS, SO, SPG, SPGI, SRE, STE, STLD, STT, STX, STZ, SW, SWK, SWKS, SYF, SYK, SYY, T, TAP, TDG, TDY, TECH, TEL, TER, TFC, TGT, TJX, TKO, TMO, TMUS, TPL, TPR, TRGP, TRMB, TROW, TRV, TSCO, TSLA, TSN, TT, TTD, TTWO, TXN, TXT, TYL, UAL, UBER, UDR, UHS, ULTA, UNH, UNP, UPS, URI, USB, V, VEEV, VICI, VLO, VLTO, VMC, VMRK, VRSK, VRSN, VRT, VRTX, VST, VTR, VTRS, VZ, WAB, WAT, WBD, WDAY, WDC, WEC, WELL, WFC, WM, WMB, WMT, WRB, WSM, WST, WTW, WY, WYNN, XEL, XOM, XYL, XYZ, YUM, ZBH, ZBRA, ZTS
2026-09-18 15:23:37,749 | [A] choppy/sideways (ADX 24.3) -> mean-reversion strategy | Signal: HOLD | Shares held: 0.0 | Last price: $155.30
2026-09-18 15:23:37,750 | [A] ACTION: No trade.
2026-09-18 15:23:37,770 | [AAPL] trending (ADX 26.3) -> trend-following strategy | Signal: HOLD | Shares held: 0.0 | Last price: $334.86
2026-09-18 15:23:37,770 | [AAPL] ACTION: No trade.
2026-09-18 15:23:37,790 | [ABBV] trending (ADX 30.1) -> trend-following strategy | Signal: HOLD | Shares held: 0.0 | Last price: $264.21
2026-09-18 15:23:37,790 | [ABBV] ACTION: No trade.
2026-09-18 15:23:37,811 | [ABNB] trending (ADX 29.2) -> trend-following strategy | Signal: HOLD | Shares held: 0.0 | Last price: $166.05
2026-09-18 15:23:37,811 | [ABNB] ACTION: No trade.
2026-09-18 15:23:37,830 | [ABT] choppy/sideways (ADX 21.7) -> mean-reversion strategy | Signal: HOLD | Shares held: 0.0 | Last price: $102.69
2026-09-18 15:23:37,831 | [ABT] ACTION: No trade.
2026-09-18 15:23:37,850 | [ACGL] choppy/sideways (ADX 12.8) -> mean-reversion strategy | Signal: HOLD | Shares held: 0.0 | Last price: $96.57
2026-09-18 15:23:37,851 | [ACGL] ACTION: No trade.
2026-09-18 15:23:37,871 | [ACN] trending (ADX 36.9) -> trend-following strategy | Signal: HOLD | Shares held: 0.0 | Last price: $183.84
2026-09-18 15:23:37,871 | [ACN] ACTION: No trade.
2026-09-18 15:23:37,891 | [ADBE] choppy/sideways (ADX 20.7) -> mean-reversion strategy | Signal: HOLD | Shares held: 0.0 | Last price: $250.09
2026-09-18 15:23:37,891 | [ADBE] ACTION: No trade.
2026-09-18 15:23:37,911 | [ADI] trending (ADX 25.2) -> trend-following strategy | Signal: HOLD | Shares held: 0.0 | Last price: $370.35
2026-09-18 15:23:37,911 | [ADI] ACTION: No trade.
2026-09-18 15:23:37,931 | [ADM] trending (ADX 30.4) -> trend-following strategy | Signal: HOLD | Shares held: 0.0 | Last price: $86.05
2026-09-18 15:23:37,931 | [ADM] ACTION: No trade.
2026-09-18 15:23:37,952 | [ADP] trending (ADX 38.4) -> trend-following strategy | Signal: HOLD | Shares held: 0.0 | Last price: $271.11
2026-09-18 15:23:37,952 | [ADP] ACTION: No trade.
2026-09-18 15:23:37,972 | [ADSK] choppy/sideways (ADX 21.2) -> mean-reversion strategy | Signal: HOLD | Shares held: 0.0 | Last price: $216.72
2026-09-18 15:23:37,972 | [ADSK] ACTION: No trade.
2026-09-18 15:23:37,992 | [AEE] choppy/sideways (ADX 18.4) -> mean-reversion strategy | Signal: HOLD | Shares held: 0.0 | Last price: $102.96
2026-09-18 15:23:37,992 | [AEE] ACTION: No trade.
2026-09-18 15:23:38,014 | [AEHL] trending (ADX 32.9) -> trend-following strategy | Signal: HOLD | Shares held: 0.0 | Last price: $9.98
2026-09-18 15:23:38,014 | [AEHL] ACTION: No trade.
2026-09-18 15:23:38,034 | [AEP] choppy/sideways (ADX 23.2) -> mean-reversion strategy | Signal: HOLD | Shares held: 0.0 | Last price: $120.55
2026-09-18 15:23:38,034 | [AEP] ACTION: No trade.
2026-09-18 15:23:38,054 | [AES] trending (ADX 45.4) -> trend-following strategy | Signal: HOLD | Shares held: 0.0 | Last price: $14.86
2026-09-18 15:23:38,054 | [AES] ACTION: No trade.
2026-09-18 15:23:38,074 | [AFL] trending (ADX 28.5) -> trend-following strategy | Signal: HOLD | Shares held: 0.0 | Last price: $116.19
2026-09-18 15:23:38,074 | [AFL] ACTION: No trade.
2026-09-18 15:23:38,094 | [AIG] choppy/sideways (ADX 11.7) -> mean-reversion strategy | Signal: HOLD | Shares held: 0.0 | Last price: $75.83
2026-09-18 15:23:38,094 | [AIG] ACTION: No trade.
2026-09-18 15:23:38,114 | [AIZ] trending (ADX 29.5) -> trend-following strategy | Signal: HOLD | Shares held: 0.0 | Last price: $280.99
2026-09-18 15:23:38,114 | [AIZ] ACTION: No trade.
2026-09-18 15:23:38,134 | [AJG] choppy/sideways (ADX 20.3) -> mean-reversion strategy | Signal: HOLD | Shares held: 0.0 | Last price: $241.37
2026-09-18 15:23:38,134 | [AJG] ACTION: No trade.
2026-09-18 15:23:38,154 | [AKAM] trending (ADX 27.8) -> trend-following strategy | Signal: HOLD | Shares held: 0.0 | Last price: $103.35
2026-09-18 15:23:38,155 | [AKAM] ACTION: No trade.
2026-09-18 15:23:38,174 | [ALB] trending (ADX 40.6) -> trend-following strategy | Signal: HOLD | Shares held: 0.0 | Last price: $111.37
2026-09-18 15:23:38,174 | [ALB] ACTION: No trade.
2026-09-18 15:23:38,194 | [ALGN] trending (ADX 27.6) -> trend-following strategy | Signal: HOLD | Shares held: 0.0 | Last price: $147.55
2026-09-18 15:23:38,195 | [ALGN] ACTION: No trade.
2026-09-18 15:23:38,215 | [ALL] trending (ADX 41.4) -> trend-following strategy | Signal: HOLD | Shares held: 0.0 | Last price: $249.52
2026-09-18 15:23:38,215 | [ALL] ACTION: No trade.
2026-09-18 15:23:38,235 | [ALLE] trending (ADX 28.6) -> trend-following strategy | Signal: HOLD | Shares held: 0.0 | Last price: $152.20
2026-09-18 15:23:38,235 | [ALLE] ACTION: No trade.
2026-09-18 15:23:38,255 | [AMAT] trending (ADX 38.7) -> trend-following strategy | Signal: HOLD | Shares held: 0.0 | Last price: $432.49
2026-09-18 15:23:38,255 | [AMAT] ACTION: No trade.
2026-09-18 15:23:38,274 | [AMCR] choppy/sideways (ADX 24.3) -> mean-reversion strategy | Signal: HOLD | Shares held: 0.0 | Last price: $42.16
2026-09-18 15:23:38,274 | [AMCR] ACTION: No trade.
2026-09-18 15:23:38,294 | [AMD] trending (ADX 36.7) -> trend-following strategy | Signal: HOLD | Shares held: 0.0 | Last price: $542.54
2026-09-18 15:23:38,294 | [AMD] ACTION: No trade.
2026-09-18 15:23:38,314 | [AME] choppy/sideways (ADX 20.3) -> mean-reversion strategy | Signal: HOLD | Shares held: 0.0 | Last price: $235.72
2026-09-18 15:23:38,314 | [AME] ACTION: No trade.
2026-09-18 15:23:38,334 | [AMGN] trending (ADX 29.0) -> trend-following strategy | Signal: HOLD | Shares held: 0.0 | Last price: $382.87
2026-09-18 15:23:38,334 | [AMGN] ACTION: No trade.
2026-09-18 15:23:38,354 | [AMP] choppy/sideways (ADX 18.9) -> mean-reversion strategy | Signal: HOLD | Shares held: 0.0 | Last price: $542.74
2026-09-18 15:23:38,354 | [AMP] ACTION: No trade.
2026-09-18 15:23:38,375 | [AMT] trending (ADX 38.1) -> trend-following strategy | Signal: HOLD | Shares held: 0.0 | Last price: $174.16
2026-09-18 15:23:38,375 | [AMT] ACTION: No trade.
2026-09-18 15:23:38,395 | [AMZN] trending (ADX 34.5) -> trend-following strategy | Signal: HOLD | Shares held: 0.0 | Last price: $253.42
2026-09-18 15:23:38,395 | [AMZN] ACTION: No trade.
2026-09-18 15:23:38,415 | [ANET] choppy/sideways (ADX 15.2) -> mean-reversion strategy | Signal: HOLD | Shares held: 0.0 | Last price: $197.87
2026-09-18 15:23:38,415 | [ANET] ACTION: No trade.
2026-09-18 15:23:38,435 | [AON] choppy/sideways (ADX 22.2) -> mean-reversion strategy | Signal: HOLD | Shares held: 0.0 | Last price: $296.24
2026-09-18 15:23:38,435 | [AON] ACTION: No trade.
2026-09-18 15:23:38,455 | [APA] choppy/sideways (ADX 19.3) -> mean-reversion strategy | Signal: HOLD | Shares held: 0.0 | Last price: $45.27
2026-09-18 15:23:38,455 | [APA] ACTION: No trade.
2026-09-18 15:23:38,476 | [APD] choppy/sideways (ADX 24.6) -> mean-reversion strategy | Signal: HOLD | Shares held: 0.0 | Last price: $282.10
2026-09-18 15:23:38,476 | [APD] ACTION: No trade.
2026-09-18 15:23:38,496 | [APH] trending (ADX 37.5) -> trend-following strategy | Signal: HOLD | Shares held: 0.0 | Last price: $79.05
2026-09-18 15:23:38,496 | [APH] ACTION: No trade.
2026-09-18 15:23:38,516 | [APO] choppy/sideways (ADX 23.3) -> mean-reversion strategy | Signal: HOLD | Shares held: 0.0 | Last price: $125.82
2026-09-18 15:23:38,516 | [APO] ACTION: No trade.
2026-09-18 15:23:38,536 | [APP] choppy/sideways (ADX 19.4) -> mean-reversion strategy | Signal: HOLD | Shares held: 0.0 | Last price: $313.52
2026-09-18 15:23:38,536 | [APP] ACTION: No trade.
2026-09-18 15:23:38,559 | [APTV] choppy/sideways (ADX 25.0) -> mean-reversion strategy | Signal: HOLD | Shares held: 0.0 | Last price: $43.34
2026-09-18 15:23:38,559 | [APTV] ACTION: No trade.
2026-09-18 15:23:38,579 | [ARE] trending (ADX 30.0) -> trend-following strategy | Signal: HOLD | Shares held: 0.0 | Last price: $55.27
2026-09-18 15:23:38,579 | [ARE] ACTION: No trade.
2026-09-18 15:23:38,599 | [ARES] trending (ADX 25.9) -> trend-following strategy | Signal: HOLD | Shares held: 0.0 | Last price: $124.07
2026-09-18 15:23:38,600 | [ARES] ACTION: No trade.
2026-09-18 15:23:38,619 | [ATO] trending (ADX 30.3) -> trend-following strategy | Signal: HOLD | Shares held: 0.0 | Last price: $160.79
2026-09-18 15:23:38,620 | [ATO] ACTION: No trade.
2026-09-18 15:23:38,640 | [AVGO] trending (ADX 47.3) -> trend-following strategy | Signal: HOLD | Shares held: 0.0 | Last price: $357.39
2026-09-18 15:23:38,640 | [AVGO] ACTION: No trade.
2026-09-18 15:23:38,660 | [AVY] trending (ADX 30.1) -> trend-following strategy | Signal: HOLD | Shares held: 0.0 | Last price: $169.51
2026-09-18 15:23:38,660 | [AVY] ACTION: No trade.
2026-09-18 15:23:38,680 | [AWK] trending (ADX 28.3) -> trend-following strategy | Signal: HOLD | Shares held: 0.0 | Last price: $136.24
2026-09-18 15:23:38,680 | [AWK] ACTION: No trade.
2026-09-18 15:23:38,701 | [AXON] choppy/sideways (ADX 19.5) -> mean-reversion strategy | Signal: HOLD | Shares held: 0.0 | Last price: $449.81
2026-09-18 15:23:38,701 | [AXON] ACTION: No trade.
2026-09-18 15:23:38,721 | [AXP] trending (ADX 34.2) -> trend-following strategy | Signal: HOLD | Shares held: 0.0 | Last price: $309.69
2026-09-18 15:23:38,721 | [AXP] ACTION: No trade.
2026-09-18 15:23:38,741 | [AZO] trending (ADX 25.1) -> trend-following strategy | Signal: HOLD | Shares held: 0.0 | Last price: $2849.09
2026-09-18 15:23:38,741 | [AZO] ACTION: No trade.
2026-09-18 15:23:38,762 | [BA] trending (ADX 35.2) -> trend-following strategy | Signal: HOLD | Shares held: 0.0 | Last price: $196.27
2026-09-18 15:23:38,762 | [BA] ACTION: No trade.
2026-09-18 15:23:38,782 | [BAC] choppy/sideways (ADX 14.9) -> mean-reversion strategy | Signal: HOLD | Shares held: 0.0 | Last price: $57.98
2026-09-18 15:23:38,782 | [BAC] ACTION: No trade.
2026-09-18 15:23:38,803 | [BALL] choppy/sideways (ADX 7.5) -> mean-reversion strategy | Signal: HOLD | Shares held: 0.0 | Last price: $60.84
2026-09-18 15:23:38,803 | [BALL] ACTION: No trade.
2026-09-18 15:23:38,823 | [BAX] choppy/sideways (ADX 24.2) -> mean-reversion strategy | Signal: HOLD | Shares held: 0.0 | Last price: $22.92
2026-09-18 15:23:38,823 | [BAX] ACTION: No trade.
2026-09-18 15:23:38,843 | [BBY] choppy/sideways (ADX 14.6) -> mean-reversion strategy | Signal: HOLD | Shares held: 0.0 | Last price: $94.45
2026-09-18 15:23:38,843 | [BBY] ACTION: No trade.
2026-09-18 15:23:38,866 | [BDX] trending (ADX 38.9) -> trend-following strategy | Signal: HOLD | Shares held: 0.0 | Last price: $180.49
2026-09-18 15:23:38,866 | [BDX] ACTION: No trade.
2026-09-18 15:23:38,886 | [BEN] choppy/sideways (ADX 23.4) -> mean-reversion strategy | Signal: HOLD | Shares held: 0.0 | Last price: $32.83
2026-09-18 15:23:38,886 | [BEN] ACTION: No trade.
2026-09-18 15:23:38,909 | [BG] trending (ADX 26.4) -> trend-following strategy | Signal: HOLD | Shares held: 0.0 | Last price: $117.31
2026-09-18 15:23:38,910 | [BG] ACTION: No trade.
2026-09-18 15:23:38,935 | [BIIB] trending (ADX 25.6) -> trend-following strategy | Signal: HOLD | Shares held: 0.0 | Last price: $217.83
2026-09-18 15:23:38,935 | [BIIB] ACTION: No trade.
2026-09-18 15:23:38,955 | [BKNG] trending (ADX 27.5) -> trend-following strategy | Signal: HOLD | Shares held: 0.0 | Last price: $169.07
2026-09-18 15:23:38,955 | [BKNG] ACTION: No trade.
2026-09-18 15:23:38,981 | [BKR] choppy/sideways (ADX 11.0) -> mean-reversion strategy | Signal: HOLD | Shares held: 0.0 | Last price: $56.86
2026-09-18 15:23:38,981 | [BKR] ACTION: No trade.
2026-09-18 15:23:39,006 | [BLDR] choppy/sideways (ADX 15.5) -> mean-reversion strategy | Signal: HOLD | Shares held: 0.0 | Last price: $57.26
2026-09-18 15:23:39,006 | [BLDR] ACTION: No trade.
2026-09-18 15:23:39,040 | [BLK] choppy/sideways (ADX 23.5) -> mean-reversion strategy | Signal: HOLD | Shares held: 0.0 | Last price: $1049.27
2026-09-18 15:23:39,040 | [BLK] ACTION: No trade.
2026-09-18 15:23:39,065 | [BMY] trending (ADX 29.5) -> trend-following strategy | Signal: HOLD | Shares held: 0.0 | Last price: $62.70
2026-09-18 15:23:39,065 | [BMY] ACTION: No trade.
2026-09-18 15:23:39,085 | [BNY] choppy/sideways (ADX 22.1) -> mean-reversion strategy | Signal: HOLD | Shares held: 0.0 | Last price: $152.14
2026-09-18 15:23:39,085 | [BNY] ACTION: No trade.
2026-09-18 15:23:39,105 | [BR] trending (ADX 50.5) -> trend-following strategy | Signal: HOLD | Shares held: 0.0 | Last price: $163.97
2026-09-18 15:23:39,105 | [BR] ACTION: No trade.
2026-09-18 15:23:39,125 | [BRK.B] trending (ADX 41.8) -> trend-following strategy | Signal: HOLD | Shares held: 0.0 | Last price: $508.43
2026-09-18 15:23:39,125 | [BRK.B] ACTION: No trade.
2026-09-18 15:23:39,145 | [BRO] choppy/sideways (ADX 16.8) -> mean-reversion strategy | Signal: HOLD | Shares held: 0.0 | Last price: $65.39
2026-09-18 15:23:39,146 | [BRO] ACTION: No trade.
2026-09-18 15:23:39,166 | [BSX] choppy/sideways (ADX 20.9) -> mean-reversion strategy | Signal: HOLD | Shares held: 0.0 | Last price: $43.60
2026-09-18 15:23:39,166 | [BSX] ACTION: No trade.
2026-09-18 15:23:39,186 | [BX] choppy/sideways (ADX 18.1) -> mean-reversion strategy | Signal: HOLD | Shares held: 0.0 | Last price: $123.88
2026-09-18 15:23:39,186 | [BX] ACTION: No trade.
2026-09-18 15:23:39,206 | [C] choppy/sideways (ADX 6.8) -> mean-reversion strategy | Signal: HOLD | Shares held: 0.0 | Last price: $132.00
2026-09-18 15:23:39,206 | [C] ACTION: No trade.
2026-09-18 15:23:39,227 | [CAH] trending (ADX 51.3) -> trend-following strategy | Signal: HOLD | Shares held: 0.0 | Last price: $224.03
2026-09-18 15:23:39,227 | [CAH] ACTION: No trade.
2026-09-18 15:23:39,247 | [CARR] choppy/sideways (ADX 12.8) -> mean-reversion strategy | Signal: HOLD | Shares held: 0.0 | Last price: $53.38
2026-09-18 15:23:39,247 | [CARR] ACTION: No trade.
2026-09-18 15:23:39,267 | [CASY] choppy/sideways (ADX 23.9) -> mean-reversion strategy | Signal: HOLD | Shares held: 0.0 | Last price: $603.43
2026-09-18 15:23:39,267 | [CASY] ACTION: No trade.
2026-09-18 15:23:39,287 | [CAT] trending (ADX 27.1) -> trend-following strategy | Signal: HOLD | Shares held: 0.0 | Last price: $801.10
2026-09-18 15:23:39,287 | [CAT] ACTION: No trade.
2026-09-18 15:23:39,307 | [CB] choppy/sideways (ADX 14.2) -> mean-reversion strategy | Signal: HOLD | Shares held: 0.0 | Last price: $341.33
2026-09-18 15:23:39,307 | [CB] ACTION: No trade.
2026-09-18 15:23:39,327 | [CBOE] trending (ADX 27.4) -> trend-following strategy | Signal: HOLD | Shares held: 0.0 | Last price: $269.80
2026-09-18 15:23:39,327 | [CBOE] ACTION: No trade.
2026-09-18 15:23:39,347 | [CBRE] choppy/sideways (ADX 24.5) -> mean-reversion strategy | Signal: HOLD | Shares held: 0.0 | Last price: $138.47
2026-09-18 15:23:39,347 | [CBRE] ACTION: No trade.
2026-09-18 15:23:39,368 | [CCI] choppy/sideways (ADX 18.0) -> mean-reversion strategy | Signal: HOLD | Shares held: 0.0 | Last price: $73.32
2026-09-18 15:23:39,368 | [CCI] ACTION: No trade.
2026-09-18 15:23:39,388 | [CCL] trending (ADX 25.6) -> trend-following strategy | Signal: HOLD | Shares held: 0.0 | Last price: $21.93
2026-09-18 15:23:39,388 | [CCL] ACTION: No trade.
2026-09-18 15:23:39,408 | [CDNS] trending (ADX 29.1) -> trend-following strategy | Signal: HOLD | Shares held: 0.0 | Last price: $283.48
2026-09-18 15:23:39,408 | [CDNS] ACTION: No trade.
2026-09-18 15:23:39,428 | [CDW] trending (ADX 30.7) -> trend-following strategy | Signal: HOLD | Shares held: 0.0 | Last price: $145.89
2026-09-18 15:23:39,429 | [CDW] ACTION: No trade.
2026-09-18 15:23:39,449 | [CEG] choppy/sideways (ADX 20.9) -> mean-reversion strategy | Signal: HOLD | Shares held: 0.0 | Last price: $257.05
2026-09-18 15:23:39,449 | [CEG] ACTION: No trade.
2026-09-18 15:23:39,469 | [CF] trending (ADX 27.7) -> trend-following strategy | Signal: HOLD | Shares held: 0.0 | Last price: $131.05
2026-09-18 15:23:39,469 | [CF] ACTION: No trade.
2026-09-18 15:23:39,489 | [CFG] choppy/sideways (ADX 19.7) -> mean-reversion strategy | Signal: HOLD | Shares held: 0.0 | Last price: $66.97
2026-09-18 15:23:39,489 | [CFG] ACTION: No trade.
2026-09-18 15:23:39,509 | [CHD] trending (ADX 33.2) -> trend-following strategy | Signal: HOLD | Shares held: 0.0 | Last price: $94.98
2026-09-18 15:23:39,509 | [CHD] ACTION: No trade.
2026-09-18 15:23:39,529 | [CHRW] choppy/sideways (ADX 23.0) -> mean-reversion strategy | Signal: HOLD | Shares held: 0.0 | Last price: $152.98
2026-09-18 15:23:39,529 | [CHRW] ACTION: No trade.
2026-09-18 15:23:39,549 | [CHTR] trending (ADX 43.4) -> trend-following strategy | Signal: HOLD | Shares held: 0.0 | Last price: $129.77
2026-09-18 15:23:39,550 | [CHTR] ACTION: No trade.
2026-09-18 15:23:39,570 | [CI] trending (ADX 45.6) -> trend-following strategy | Signal: HOLD | Shares held: 0.0 | Last price: $274.50
2026-09-18 15:23:39,570 | [CI] ACTION: No trade.
2026-09-18 15:23:39,590 | [CIEN] choppy/sideways (ADX 16.8) -> mean-reversion strategy | Signal: HOLD | Shares held: 0.0 | Last price: $343.61
2026-09-18 15:23:39,590 | [CIEN] ACTION: No trade.
2026-09-18 15:23:39,610 | [CINF] trending (ADX 37.3) -> trend-following strategy | Signal: HOLD | Shares held: 0.0 | Last price: $168.55
2026-09-18 15:23:39,610 | [CINF] ACTION: No trade.
2026-09-18 15:23:39,630 | [CL] choppy/sideways (ADX 12.8) -> mean-reversion strategy | Signal: HOLD | Shares held: 0.0 | Last price: $87.52
2026-09-18 15:23:39,630 | [CL] ACTION: No trade.
2026-09-18 15:23:39,650 | [CLX] choppy/sideways (ADX 22.1) -> mean-reversion strategy | Signal: HOLD | Shares held: 0.0 | Last price: $84.05
2026-09-18 15:23:39,650 | [CLX] ACTION: No trade.
2026-09-18 15:23:39,670 | [CMCSA] trending (ADX 53.8) -> trend-following strategy | Signal: HOLD | Shares held: 0.0 | Last price: $22.79
2026-09-18 15:23:39,670 | [CMCSA] ACTION: No trade.
2026-09-18 15:23:39,690 | [CME] choppy/sideways (ADX 17.6) -> mean-reversion strategy | Signal: HOLD | Shares held: 0.0 | Last price: $273.84
2026-09-18 15:23:39,690 | [CME] ACTION: No trade.
2026-09-18 15:23:39,710 | [CMG] trending (ADX 33.8) -> trend-following strategy | Signal: HOLD | Shares held: 0.0 | Last price: $33.02
2026-09-18 15:23:39,710 | [CMG] ACTION: No trade.
2026-09-18 15:23:39,730 | [CMI] choppy/sideways (ADX 12.0) -> mean-reversion strategy | Signal: HOLD | Shares held: 0.0 | Last price: $527.52
2026-09-18 15:23:39,730 | [CMI] ACTION: No trade.
2026-09-18 15:23:39,750 | [CMS] choppy/sideways (ADX 22.1) -> mean-reversion strategy | Signal: HOLD | Shares held: 0.0 | Last price: $65.53
2026-09-18 15:23:39,750 | [CMS] ACTION: No trade.
2026-09-18 15:23:39,770 | [CNC] choppy/sideways (ADX 23.0) -> mean-reversion strategy | Signal: HOLD | Shares held: 0.0 | Last price: $65.66
2026-09-18 15:23:39,771 | [CNC] ACTION: No trade.
2026-09-18 15:23:39,791 | [CNP] choppy/sideways (ADX 19.5) -> mean-reversion strategy | Signal: HOLD | Shares held: 0.0 | Last price: $38.46
2026-09-18 15:23:39,791 | [CNP] ACTION: No trade.
2026-09-18 15:23:39,811 | [COF] choppy/sideways (ADX 24.8) -> mean-reversion strategy | Signal: HOLD | Shares held: 0.0 | Last price: $201.90
2026-09-18 15:23:39,811 | [COF] ACTION: No trade.
2026-09-18 15:23:39,831 | [COHR] trending (ADX 27.0) -> trend-following strategy | Signal: HOLD | Shares held: 0.0 | Last price: $309.70
2026-09-18 15:23:39,831 | [COHR] ACTION: No trade.
2026-09-18 15:23:39,851 | [COIN] trending (ADX 49.3) -> trend-following strategy | Signal: HOLD | Shares held: 0.0 | Last price: $192.68
2026-09-18 15:23:39,851 | [COIN] ACTION: No trade.
2026-09-18 15:23:39,872 | [COO] trending (ADX 32.1) -> trend-following strategy | Signal: HOLD | Shares held: 0.0 | Last price: $55.33
2026-09-18 15:23:39,872 | [COO] ACTION: No trade.
2026-09-18 15:23:39,892 | [COP] choppy/sideways (ADX 22.7) -> mean-reversion strategy | Signal: HOLD | Shares held: 0.0 | Last price: $132.87
2026-09-18 15:23:39,892 | [COP] ACTION: No trade.
2026-09-18 15:23:39,912 | [COR] trending (ADX 60.4) -> trend-following strategy | Signal: HOLD | Shares held: 0.0 | Last price: $307.25
2026-09-18 15:23:39,912 | [COR] ACTION: No trade.
2026-09-18 15:23:39,932 | [COST] trending (ADX 30.0) -> trend-following strategy | Signal: HOLD | Shares held: 0.0 | Last price: $894.74
2026-09-18 15:23:39,933 | [COST] ACTION: No trade.
2026-09-18 15:23:39,953 | [CPAY] trending (ADX 28.0) -> trend-following strategy | Signal: HOLD | Shares held: 0.0 | Last price: $399.85
2026-09-18 15:23:39,953 | [CPAY] ACTION: No trade.
2026-09-18 15:23:39,973 | [CPRT] trending (ADX 32.7) -> trend-following strategy | Signal: HOLD | Shares held: 0.0 | Last price: $29.45
2026-09-18 15:23:39,973 | [CPRT] ACTION: No trade.
2026-09-18 15:23:39,993 | [CPT] trending (ADX 37.8) -> trend-following strategy | Signal: HOLD | Shares held: 0.0 | Last price: $100.58
2026-09-18 15:23:39,993 | [CPT] ACTION: No trade.
2026-09-18 15:23:40,015 | [CRH] choppy/sideways (ADX 18.3) -> mean-reversion strategy | Signal: HOLD | Shares held: 0.0 | Last price: $86.17
2026-09-18 15:23:40,015 | [CRH] ACTION: No trade.
2026-09-18 15:23:40,036 | [CRL] trending (ADX 28.8) -> trend-following strategy | Signal: HOLD | Shares held: 0.0 | Last price: $278.12
2026-09-18 15:23:40,036 | [CRL] ACTION: No trade.
2026-09-18 15:23:40,056 | [CRM] trending (ADX 40.8) -> trend-following strategy | Signal: HOLD | Shares held: 0.0 | Last price: $240.42
2026-09-18 15:23:40,056 | [CRM] ACTION: No trade.
2026-09-18 15:23:40,077 | [CRWD] trending (ADX 25.1) -> trend-following strategy | Signal: HOLD | Shares held: 0.0 | Last price: $237.81
2026-09-18 15:23:40,077 | [CRWD] ACTION: No trade.
2026-09-18 15:23:40,097 | [CSCO] choppy/sideways (ADX 18.7) -> mean-reversion strategy | Signal: HOLD | Shares held: 0.0 | Last price: $108.72
2026-09-18 15:23:40,097 | [CSCO] ACTION: No trade.
2026-09-18 15:23:40,117 | [CSGP] trending (ADX 38.6) -> trend-following strategy | Signal: HOLD | Shares held: 0.0 | Last price: $29.68
2026-09-18 15:23:40,117 | [CSGP] ACTION: No trade.
2026-09-18 15:23:40,138 | [CSX] trending (ADX 30.0) -> trend-following strategy | Signal: HOLD | Shares held: 0.0 | Last price: $47.19
2026-09-18 15:23:40,138 | [CSX] ACTION: No trade.
2026-09-18 15:23:40,181 | [CTAS] trending (ADX 27.8) -> trend-following strategy | Signal: HOLD | Shares held: 0.0 | Last price: $197.93
2026-09-18 15:23:40,181 | [CTAS] ACTION: No trade.
2026-09-18 15:23:40,202 | [CTSH] trending (ADX 35.0) -> trend-following strategy | Signal: HOLD | Shares held: 0.0 | Last price: $60.39
2026-09-18 15:23:40,202 | [CTSH] ACTION: No trade.
2026-09-18 15:23:40,224 | [CTVA] trending (ADX 25.1) -> trend-following strategy | Signal: HOLD | Shares held: 0.0 | Last price: $80.76
2026-09-18 15:23:40,224 | [CTVA] ACTION: No trade.
2026-09-18 15:23:40,245 | [CVNA] choppy/sideways (ADX 16.7) -> mean-reversion strategy | Signal: HOLD | Shares held: 0.0 | Last price: $66.29
2026-09-18 15:23:40,245 | [CVNA] ACTION: No trade.
2026-09-18 15:23:40,265 | [CVS] trending (ADX 47.9) -> trend-following strategy | Signal: HOLD | Shares held: 0.0 | Last price: $88.48
2026-09-18 15:23:40,265 | [CVS] ACTION: No trade.
2026-09-18 15:23:40,285 | [CVX] choppy/sideways (ADX 24.8) -> mean-reversion strategy | Signal: HOLD | Shares held: 0.0 | Last price: $211.21
2026-09-18 15:23:40,285 | [CVX] ACTION: No trade.
2026-09-18 15:23:40,305 | [D] choppy/sideways (ADX 16.5) -> mean-reversion strategy | Signal: HOLD | Shares held: 0.0 | Last price: $63.77
2026-09-18 15:23:40,305 | [D] ACTION: No trade.
2026-09-18 15:23:40,325 | [DAL] choppy/sideways (ADX 15.7) -> mean-reversion strategy | Signal: HOLD | Shares held: 0.0 | Last price: $79.44
2026-09-18 15:23:40,325 | [DAL] ACTION: No trade.
2026-09-18 15:23:40,344 | [DASH] choppy/sideways (ADX 12.4) -> mean-reversion strategy | Signal: HOLD | Shares held: 0.0 | Last price: $193.46
2026-09-18 15:23:40,345 | [DASH] ACTION: No trade.
2026-09-18 15:23:40,365 | [DD] trending (ADX 29.7) -> trend-following strategy | Signal: HOLD | Shares held: 0.0 | Last price: $128.45
2026-09-18 15:23:40,365 | [DD] ACTION: No trade.
2026-09-18 15:23:40,385 | [DDOG] trending (ADX 31.5) -> trend-following strategy | Signal: HOLD | Shares held: 0.0 | Last price: $228.79
2026-09-18 15:23:40,385 | [DDOG] ACTION: No trade.
2026-09-18 15:23:40,405 | [DE] trending (ADX 26.8) -> trend-following strategy | Signal: HOLD | Shares held: 0.0 | Last price: $682.67
2026-09-18 15:23:40,405 | [DE] ACTION: No trade.
2026-09-18 15:23:40,425 | [DECK] trending (ADX 28.4) -> trend-following strategy | Signal: HOLD | Shares held: 0.0 | Last price: $78.92
2026-09-18 15:23:40,425 | [DECK] ACTION: No trade.
2026-09-18 15:23:40,445 | [DELL] trending (ADX 25.1) -> trend-following strategy | Signal: HOLD | Shares held: 0.0 | Last price: $582.45
2026-09-18 15:23:40,445 | [DELL] ACTION: No trade.
2026-09-18 15:23:40,465 | [DG] choppy/sideways (ADX 22.2) -> mean-reversion strategy | Signal: HOLD | Shares held: 0.0 | Last price: $123.59
2026-09-18 15:23:40,465 | [DG] ACTION: No trade.
2026-09-18 15:23:40,485 | [DGX] choppy/sideways (ADX 12.5) -> mean-reversion strategy | Signal: HOLD | Shares held: 0.0 | Last price: $246.71
2026-09-18 15:23:40,485 | [DGX] ACTION: No trade.
2026-09-18 15:23:40,505 | [DHI] trending (ADX 28.1) -> trend-following strategy | Signal: HOLD | Shares held: 0.0 | Last price: $138.19
2026-09-18 15:23:40,505 | [DHI] ACTION: No trade.
2026-09-18 15:23:40,525 | [DHR] trending (ADX 29.1) -> trend-following strategy | Signal: HOLD | Shares held: 0.0 | Last price: $211.28
2026-09-18 15:23:40,525 | [DHR] ACTION: No trade.
2026-09-18 15:23:40,545 | [DIS] trending (ADX 39.4) -> trend-following strategy | Signal: HOLD | Shares held: 0.0 | Last price: $103.69
2026-09-18 15:23:40,545 | [DIS] ACTION: No trade.
2026-09-18 15:23:40,565 | [DLR] choppy/sideways (ADX 21.8) -> mean-reversion strategy | Signal: HOLD | Shares held: 0.0 | Last price: $183.29
2026-09-18 15:23:40,566 | [DLR] ACTION: No trade.
2026-09-18 15:23:40,585 | [DLTR] choppy/sideways (ADX 12.4) -> mean-reversion strategy | Signal: HOLD | Shares held: 0.0 | Last price: $113.94
2026-09-18 15:23:40,586 | [DLTR] ACTION: No trade.
2026-09-18 15:23:40,606 | [DOC] choppy/sideways (ADX 23.2) -> mean-reversion strategy | Signal: HOLD | Shares held: 0.0 | Last price: $20.45
2026-09-18 15:23:40,606 | [DOC] ACTION: No trade.
2026-09-18 15:23:40,626 | [DOV] choppy/sideways (ADX 24.0) -> mean-reversion strategy | Signal: HOLD | Shares held: 0.0 | Last price: $187.96
2026-09-18 15:23:40,626 | [DOV] ACTION: No trade.
2026-09-18 15:23:40,646 | [DOW] trending (ADX 29.0) -> trend-following strategy | Signal: HOLD | Shares held: 0.0 | Last price: $28.93
2026-09-18 15:23:40,646 | [DOW] ACTION: No trade.
2026-09-18 15:23:40,666 | [DPZ] trending (ADX 36.7) -> trend-following strategy | Signal: HOLD | Shares held: 0.0 | Last price: $295.82
2026-09-18 15:23:40,666 | [DPZ] ACTION: No trade.
2026-09-18 15:23:40,686 | [DRI] trending (ADX 26.1) -> trend-following strategy | Signal: HOLD | Shares held: 0.0 | Last price: $209.05
2026-09-18 15:23:40,686 | [DRI] ACTION: No trade.
2026-09-18 15:23:40,706 | [DTE] choppy/sideways (ADX 22.1) -> mean-reversion strategy | Signal: HOLD | Shares held: 0.0 | Last price: $129.18
2026-09-18 15:23:40,706 | [DTE] ACTION: No trade.
2026-09-18 15:23:40,726 | [DUK] choppy/sideways (ADX 17.6) -> mean-reversion strategy | Signal: HOLD | Shares held: 0.0 | Last price: $117.61
2026-09-18 15:23:40,726 | [DUK] ACTION: No trade.
2026-09-18 15:23:40,746 | [DVA] trending (ADX 49.0) -> trend-following strategy | Signal: HOLD | Shares held: 0.0 | Last price: $181.54
2026-09-18 15:23:40,746 | [DVA] ACTION: No trade.
2026-09-18 15:23:40,767 | [DVN] trending (ADX 25.9) -> trend-following strategy | Signal: HOLD | Shares held: 0.0 | Last price: $48.95
2026-09-18 15:23:40,767 | [DVN] ACTION: No trade.
2026-09-18 15:23:40,787 | [DXCM] choppy/sideways (ADX 22.7) -> mean-reversion strategy | Signal: HOLD | Shares held: 0.0 | Last price: $89.27
2026-09-18 15:23:40,787 | [DXCM] ACTION: No trade.
2026-09-18 15:23:40,807 | [EBAY] choppy/sideways (ADX 17.7) -> mean-reversion strategy | Signal: HOLD | Shares held: 0.0 | Last price: $112.59
2026-09-18 15:23:40,807 | [EBAY] ACTION: No trade.
2026-09-18 15:23:40,827 | [ECHO] trending (ADX 25.1) -> trend-following strategy | Signal: HOLD | Shares held: 0.0 | Last price: $91.94
2026-09-18 15:23:40,827 | [ECHO] ACTION: No trade.
2026-09-18 15:23:40,847 | [ECL] trending (ADX 31.3) -> trend-following strategy | Signal: HOLD | Shares held: 0.0 | Last price: $269.38
2026-09-18 15:23:40,848 | [ECL] ACTION: No trade.
2026-09-18 15:23:40,868 | [ED] choppy/sideways (ADX 20.7) -> mean-reversion strategy | Signal: HOLD | Shares held: 0.0 | Last price: $106.11
2026-09-18 15:23:40,868 | [ED] ACTION: No trade.
2026-09-18 15:23:40,888 | [EFX] trending (ADX 43.3) -> trend-following strategy | Signal: HOLD | Shares held: 0.0 | Last price: $160.28
2026-09-18 15:23:40,888 | [EFX] ACTION: No trade.
2026-09-18 15:23:40,908 | [EG] choppy/sideways (ADX 11.3) -> mean-reversion strategy | Signal: HOLD | Shares held: 0.0 | Last price: $374.84
2026-09-18 15:23:40,908 | [EG] ACTION: No trade.
2026-09-18 15:23:40,928 | [EIX] trending (ADX 28.5) -> trend-following strategy | Signal: HOLD | Shares held: 0.0 | Last price: $55.26
2026-09-18 15:23:40,928 | [EIX] ACTION: No trade.
2026-09-18 15:23:40,948 | [EL] choppy/sideways (ADX 10.9) -> mean-reversion strategy | Signal: HOLD | Shares held: 0.0 | Last price: $93.86
2026-09-18 15:23:40,948 | [EL] ACTION: No trade.
2026-09-18 15:23:40,969 | [ELV] trending (ADX 29.8) -> trend-following strategy | Signal: HOLD | Shares held: 0.0 | Last price: $407.07
2026-09-18 15:23:40,969 | [ELV] ACTION: No trade.
2026-09-18 15:23:40,989 | [EME] trending (ADX 25.6) -> trend-following strategy | Signal: HOLD | Shares held: 0.0 | Last price: $738.90
2026-09-18 15:23:40,989 | [EME] ACTION: No trade.
2026-09-18 15:23:41,009 | [EMR] choppy/sideways (ADX 11.1) -> mean-reversion strategy | Signal: HOLD | Shares held: 0.0 | Last price: $148.07
2026-09-18 15:23:41,009 | [EMR] ACTION: No trade.
2026-09-18 15:23:41,029 | [EOG] trending (ADX 25.8) -> trend-following strategy | Signal: BUY | Shares held: 0.0 | Last price: $145.56
2026-09-18 15:23:41,029 | [EOG] ACTION: No trade (conviction score 0 below CONVICTION_ENTRY_GATE_MIN_SCORE=2 -- gate is ON).
2026-09-18 15:23:41,049 | [EQIX] trending (ADX 25.6) -> trend-following strategy | Signal: HOLD | Shares held: 0.0 | Last price: $1018.88
2026-09-18 15:23:41,049 | [EQIX] ACTION: No trade.
2026-09-18 15:23:41,069 | [EQT] choppy/sideways (ADX 18.9) -> mean-reversion strategy | Signal: HOLD | Shares held: 0.0 | Last price: $50.47
2026-09-18 15:23:41,069 | [EQT] ACTION: No trade.
2026-09-18 15:23:41,089 | [ES] choppy/sideways (ADX 18.6) -> mean-reversion strategy | Signal: HOLD | Shares held: 0.0 | Last price: $68.03
2026-09-18 15:23:41,089 | [ES] ACTION: No trade.
2026-09-18 15:23:41,111 | [ESS] trending (ADX 28.3) -> trend-following strategy | Signal: HOLD | Shares held: 0.0 | Last price: $271.06
2026-09-18 15:23:41,111 | [ESS] ACTION: No trade.
2026-09-18 15:23:41,133 | [ETN] trending (ADX 35.3) -> trend-following strategy | Signal: HOLD | Shares held: 0.0 | Last price: $417.90
2026-09-18 15:23:41,133 | [ETN] ACTION: No trade.
2026-09-18 15:23:41,153 | [ETR] trending (ADX 26.1) -> trend-following strategy | Signal: HOLD | Shares held: 0.0 | Last price: $102.15
2026-09-18 15:23:41,153 | [ETR] ACTION: No trade.
2026-09-18 15:23:41,173 | [EVRG] trending (ADX 25.7) -> trend-following strategy | Signal: HOLD | Shares held: 0.0 | Last price: $80.06
2026-09-18 15:23:41,173 | [EVRG] ACTION: No trade.
2026-09-18 15:23:41,195 | [EW] choppy/sideways (ADX 19.9) -> mean-reversion strategy | Signal: HOLD | Shares held: 0.0 | Last price: $88.29
2026-09-18 15:23:41,195 | [EW] ACTION: No trade.
2026-09-18 15:23:41,215 | [EXC] choppy/sideways (ADX 17.8) -> mean-reversion strategy | Signal: HOLD | Shares held: 0.0 | Last price: $42.20
2026-09-18 15:23:41,215 | [EXC] ACTION: No trade.
2026-09-18 15:23:41,235 | [EXE] choppy/sideways (ADX 20.3) -> mean-reversion strategy | Signal: HOLD | Shares held: 0.0 | Last price: $88.64
2026-09-18 15:23:41,235 | [EXE] ACTION: No trade.
2026-09-18 15:23:41,255 | [EXPD] choppy/sideways (ADX 24.4) -> mean-reversion strategy | Signal: HOLD | Shares held: 0.0 | Last price: $187.62
2026-09-18 15:23:41,255 | [EXPD] ACTION: No trade.
2026-09-18 15:23:41,275 | [EXPE] choppy/sideways (ADX 7.8) -> mean-reversion strategy | Signal: HOLD | Shares held: 0.0 | Last price: $279.28
2026-09-18 15:23:41,276 | [EXPE] ACTION: No trade.
2026-09-18 15:23:41,296 | [EXR] choppy/sideways (ADX 20.0) -> mean-reversion strategy | Signal: HOLD | Shares held: 0.0 | Last price: $139.16
2026-09-18 15:23:41,296 | [EXR] ACTION: No trade.
2026-09-18 15:23:41,316 | [F] trending (ADX 38.1) -> trend-following strategy | Signal: HOLD | Shares held: 0.0 | Last price: $13.12
2026-09-18 15:23:41,316 | [F] ACTION: No trade.
2026-09-18 15:23:41,336 | [FANG] choppy/sideways (ADX 16.6) -> mean-reversion strategy | Signal: HOLD | Shares held: 0.0 | Last price: $195.49
2026-09-18 15:23:41,336 | [FANG] ACTION: No trade.
2026-09-18 15:23:41,356 | [FAST] choppy/sideways (ADX 13.8) -> mean-reversion strategy | Signal: HOLD | Shares held: 0.0 | Last price: $48.81
2026-09-18 15:23:41,356 | [FAST] ACTION: No trade.
2026-09-18 15:23:41,377 | [FCX] choppy/sideways (ADX 15.9) -> mean-reversion strategy | Signal: HOLD | Shares held: 0.0 | Last price: $70.67
2026-09-18 15:23:41,377 | [FCX] ACTION: No trade.
2026-09-18 15:23:41,397 | [FDS] choppy/sideways (ADX 16.9) -> mean-reversion strategy | Signal: HOLD | Shares held: 0.0 | Last price: $285.14
2026-09-18 15:23:41,398 | [FDS] ACTION: No trade.
2026-09-18 15:23:41,418 | [FDX] choppy/sideways (ADX 24.4) -> mean-reversion strategy | Signal: HOLD | Shares held: 0.0 | Last price: $302.91
2026-09-18 15:23:41,418 | [FDX] ACTION: No trade.
2026-09-18 15:23:41,438 | [FDXF] choppy/sideways (ADX 13.2) -> mean-reversion strategy | Signal: HOLD | Shares held: 0.0 | Last price: $121.47
2026-09-18 15:23:41,438 | [FDXF] ACTION: No trade.
2026-09-18 15:23:41,458 | [FE] choppy/sideways (ADX 18.9) -> mean-reversion strategy | Signal: HOLD | Shares held: 0.0 | Last price: $45.45
2026-09-18 15:23:41,458 | [FE] ACTION: No trade.
2026-09-18 15:23:41,478 | [FERG] choppy/sideways (ADX 13.5) -> mean-reversion strategy | Signal: HOLD | Shares held: 0.0 | Last price: $214.31
2026-09-18 15:23:41,478 | [FERG] ACTION: No trade.
2026-09-18 15:23:41,498 | [FFIV] choppy/sideways (ADX 20.2) -> mean-reversion strategy | Signal: HOLD | Shares held: 0.0 | Last price: $426.75
2026-09-18 15:23:41,499 | [FFIV] ACTION: No trade.
2026-09-18 15:23:41,519 | [FICO] trending (ADX 36.6) -> trend-following strategy | Signal: HOLD | Shares held: 0.0 | Last price: $960.06
2026-09-18 15:23:41,519 | [FICO] ACTION: No trade.
2026-09-18 15:23:41,539 | [FIS] trending (ADX 32.9) -> trend-following strategy | Signal: HOLD | Shares held: 0.0 | Last price: $36.16
2026-09-18 15:23:41,539 | [FIS] ACTION: No trade.
2026-09-18 15:23:41,559 | [FISV] trending (ADX 27.5) -> trend-following strategy | Signal: HOLD | Shares held: 0.0 | Last price: $48.14
2026-09-18 15:23:41,559 | [FISV] ACTION: No trade.
2026-09-18 15:23:41,579 | [FITB] choppy/sideways (ADX 9.8) -> mean-reversion strategy | Signal: HOLD | Shares held: 0.0 | Last price: $52.91
2026-09-18 15:23:41,579 | [FITB] ACTION: No trade.
2026-09-18 15:23:41,600 | [FIX] choppy/sideways (ADX 20.9) -> mean-reversion strategy | Signal: HOLD | Shares held: 0.0 | Last price: $1606.30
2026-09-18 15:23:41,600 | [FIX] ACTION: No trade.
2026-09-18 15:23:41,620 | [FLEX] choppy/sideways (ADX 22.7) -> mean-reversion strategy | Signal: HOLD | Shares held: 0.0 | Last price: $108.11
2026-09-18 15:23:41,620 | [FLEX] ACTION: No trade.
2026-09-18 15:23:41,641 | [FOXA] trending (ADX 39.0) -> trend-following strategy | Signal: HOLD | Shares held: 0.0 | Last price: $64.25
2026-09-18 15:23:41,641 | [FOXA] ACTION: No trade.
2026-09-18 15:23:41,661 | [FSLR] trending (ADX 35.2) -> trend-following strategy | Signal: HOLD | Shares held: 0.0 | Last price: $193.70
2026-09-18 15:23:41,661 | [FSLR] ACTION: No trade.
2026-09-18 15:23:41,681 | [FTNT] trending (ADX 43.0) -> trend-following strategy | Signal: HOLD | Shares held: 0.0 | Last price: $167.57
2026-09-18 15:23:41,681 | [FTNT] ACTION: No trade.
2026-09-18 15:23:41,701 | [FTV] trending (ADX 26.6) -> trend-following strategy | Signal: HOLD | Shares held: 0.0 | Last price: $54.63
2026-09-18 15:23:41,701 | [FTV] ACTION: No trade.
2026-09-18 15:23:41,721 | [GD] trending (ADX 27.1) -> trend-following strategy | Signal: HOLD | Shares held: 0.0 | Last price: $350.46
2026-09-18 15:23:41,721 | [GD] ACTION: No trade.
2026-09-18 15:23:41,742 | [GDDY] choppy/sideways (ADX 21.5) -> mean-reversion strategy | Signal: HOLD | Shares held: 0.0 | Last price: $98.22
2026-09-18 15:23:41,742 | [GDDY] ACTION: No trade.
2026-09-18 15:23:41,762 | [GE] trending (ADX 26.5) -> trend-following strategy | Signal: HOLD | Shares held: 0.0 | Last price: $313.25
2026-09-18 15:23:41,762 | [GE] ACTION: No trade.
2026-09-18 15:23:41,782 | [GEHC] trending (ADX 26.6) -> trend-following strategy | Signal: HOLD | Shares held: 0.0 | Last price: $64.23
2026-09-18 15:23:41,782 | [GEHC] ACTION: No trade.
2026-09-18 15:23:41,802 | [GEN] trending (ADX 41.9) -> trend-following strategy | Signal: HOLD | Shares held: 0.0 | Last price: $29.20
2026-09-18 15:23:41,803 | [GEN] ACTION: No trade.
2026-09-18 15:23:41,823 | [GEV] choppy/sideways (ADX 20.3) -> mean-reversion strategy | Signal: HOLD | Shares held: 0.0 | Last price: $934.22
2026-09-18 15:23:41,823 | [GEV] ACTION: No trade.
2026-09-18 15:23:41,843 | [GILD] trending (ADX 36.2) -> trend-following strategy | Signal: HOLD | Shares held: 0.0 | Last price: $150.44
2026-09-18 15:23:41,843 | [GILD] ACTION: No trade.
2026-09-18 15:23:41,863 | [GIS] choppy/sideways (ADX 20.2) -> mean-reversion strategy | Signal: HOLD | Shares held: 0.0 | Last price: $36.73
2026-09-18 15:23:41,863 | [GIS] ACTION: No trade.
2026-09-18 15:23:41,892 | [GLW] trending (ADX 25.8) -> trend-following strategy | Signal: HOLD | Shares held: 0.0 | Last price: $150.70
2026-09-18 15:23:41,892 | [GLW] ACTION: No trade.
2026-09-18 15:23:41,912 | [GM] trending (ADX 43.1) -> trend-following strategy | Signal: HOLD | Shares held: 0.0 | Last price: $82.64
2026-09-18 15:23:41,912 | [GM] ACTION: No trade.
2026-09-18 15:23:41,933 | [GNRC] trending (ADX 36.0) -> trend-following strategy | Signal: SELL | Shares held: 0.0 | Last price: $203.41
2026-09-18 15:23:41,933 | [GNRC] ACTION: No trade.
2026-09-18 15:23:41,953 | [GOOG] trending (ADX 26.9) -> trend-following strategy | Signal: HOLD | Shares held: 0.0 | Last price: $345.59
2026-09-18 15:23:41,953 | [GOOG] ACTION: No trade.
2026-09-18 15:23:41,973 | [GOOGL] trending (ADX 25.9) -> trend-following strategy | Signal: HOLD | Shares held: 0.0 | Last price: $349.58
2026-09-18 15:23:41,973 | [GOOGL] ACTION: No trade.
2026-09-18 15:23:41,993 | [GPC] choppy/sideways (ADX 24.2) -> mean-reversion strategy | Signal: HOLD | Shares held: 0.0 | Last price: $129.41
2026-09-18 15:23:41,993 | [GPC] ACTION: No trade.
2026-09-18 15:23:42,013 | [GPN] trending (ADX 28.2) -> trend-following strategy | Signal: HOLD | Shares held: 0.0 | Last price: $85.38
2026-09-18 15:23:42,013 | [GPN] ACTION: No trade.
2026-09-18 15:23:42,033 | [GRMN] trending (ADX 37.5) -> trend-following strategy | Signal: HOLD | Shares held: 0.0 | Last price: $272.44
2026-09-18 15:23:42,033 | [GRMN] ACTION: No trade.
2026-09-18 15:23:42,054 | [GS] choppy/sideways (ADX 24.3) -> mean-reversion strategy | Signal: HOLD | Shares held: 0.0 | Last price: $941.97
2026-09-18 15:23:42,054 | [GS] ACTION: No trade.
2026-09-18 15:23:42,075 | [GWW] choppy/sideways (ADX 17.1) -> mean-reversion strategy | Signal: HOLD | Shares held: 0.0 | Last price: $1253.36
2026-09-18 15:23:42,075 | [GWW] ACTION: No trade.
2026-09-18 15:23:42,095 | [HAL] trending (ADX 42.9) -> trend-following strategy | Signal: HOLD | Shares held: 0.0 | Last price: $33.74
2026-09-18 15:23:42,095 | [HAL] ACTION: No trade.
2026-09-18 15:23:42,115 | [HAS] trending (ADX 29.5) -> trend-following strategy | Signal: HOLD | Shares held: 0.0 | Last price: $88.28
2026-09-18 15:23:42,115 | [HAS] ACTION: No trade.
2026-09-18 15:23:42,135 | [HBAN] choppy/sideways (ADX 24.4) -> mean-reversion strategy | Signal: HOLD | Shares held: 0.0 | Last price: $15.83
2026-09-18 15:23:42,135 | [HBAN] ACTION: No trade.
2026-09-18 15:23:42,159 | [HCA] choppy/sideways (ADX 14.5) -> mean-reversion strategy | Signal: HOLD | Shares held: 0.0 | Last price: $433.86
2026-09-18 15:23:42,159 | [HCA] ACTION: No trade.
2026-09-18 15:23:42,182 | [HD] choppy/sideways (ADX 23.3) -> mean-reversion strategy | Signal: HOLD | Shares held: 0.0 | Last price: $301.43
2026-09-18 15:23:42,182 | [HD] ACTION: No trade.
2026-09-18 15:23:42,202 | [HIG] trending (ADX 39.0) -> trend-following strategy | Signal: HOLD | Shares held: 0.0 | Last price: $132.46
2026-09-18 15:23:42,202 | [HIG] ACTION: No trade.
2026-09-18 15:23:42,222 | [HII] choppy/sideways (ADX 22.4) -> mean-reversion strategy | Signal: HOLD | Shares held: 0.0 | Last price: $271.89
2026-09-18 15:23:42,222 | [HII] ACTION: No trade.
2026-09-18 15:23:42,243 | [HLT] choppy/sideways (ADX 14.7) -> mean-reversion strategy | Signal: HOLD | Shares held: 0.0 | Last price: $304.01
2026-09-18 15:23:42,243 | [HLT] ACTION: No trade.
2026-09-18 15:23:42,263 | [HON] choppy/sideways (ADX 13.8) -> mean-reversion strategy | Signal: HOLD | Shares held: 0.0 | Last price: $204.79
2026-09-18 15:23:42,263 | [HON] ACTION: No trade.
2026-09-18 15:23:42,283 | [HONA] choppy/sideways (ADX 23.6) -> mean-reversion strategy | Signal: HOLD | Shares held: 0.0 | Last price: $162.79
2026-09-18 15:23:42,283 | [HONA] ACTION: No trade.
2026-09-18 15:23:42,303 | [HOOD] trending (ADX 47.2) -> trend-following strategy | Signal: HOLD | Shares held: 0.0 | Last price: $118.55
2026-09-18 15:23:42,303 | [HOOD] ACTION: No trade.
2026-09-18 15:23:42,323 | [HPE] choppy/sideways (ADX 23.3) -> mean-reversion strategy | Signal: HOLD | Shares held: 0.0 | Last price: $60.61
2026-09-18 15:23:42,323 | [HPE] ACTION: No trade.
2026-09-18 15:23:42,345 | [HPQ] trending (ADX 26.3) -> trend-following strategy | Signal: HOLD | Shares held: 0.0 | Last price: $34.11
2026-09-18 15:23:42,345 | [HPQ] ACTION: No trade.
2026-09-18 15:23:42,366 | [HSIC] choppy/sideways (ADX 20.4) -> mean-reversion strategy | Signal: HOLD | Shares held: 0.0 | Last price: $85.71
2026-09-18 15:23:42,366 | [HSIC] ACTION: No trade.
2026-09-18 15:23:42,386 | [HST] choppy/sideways (ADX 19.0) -> mean-reversion strategy | Signal: HOLD | Shares held: 0.0 | Last price: $21.82
2026-09-18 15:23:42,386 | [HST] ACTION: No trade.
2026-09-18 15:23:42,406 | [HSY] trending (ADX 36.2) -> trend-following strategy | Signal: HOLD | Shares held: 0.0 | Last price: $168.02
2026-09-18 15:23:42,406 | [HSY] ACTION: No trade.
2026-09-18 15:23:42,426 | [HUBB] trending (ADX 26.2) -> trend-following strategy | Signal: HOLD | Shares held: 0.0 | Last price: $445.62
2026-09-18 15:23:42,426 | [HUBB] ACTION: No trade.
2026-09-18 15:23:42,446 | [HUM] choppy/sideways (ADX 20.4) -> mean-reversion strategy | Signal: HOLD | Shares held: 0.0 | Last price: $384.00
2026-09-18 15:23:42,447 | [HUM] ACTION: No trade.
2026-09-18 15:23:42,467 | [HWM] choppy/sideways (ADX 12.3) -> mean-reversion strategy | Signal: HOLD | Shares held: 0.0 | Last price: $226.00
2026-09-18 15:23:42,467 | [HWM] ACTION: No trade.
2026-09-18 15:23:42,487 | [IBKR] choppy/sideways (ADX 24.8) -> mean-reversion strategy | Signal: HOLD | Shares held: 0.0 | Last price: $89.78
2026-09-18 15:23:42,487 | [IBKR] ACTION: No trade.
2026-09-18 15:23:42,507 | [IBM] trending (ADX 30.7) -> trend-following strategy | Signal: HOLD | Shares held: 0.0 | Last price: $229.53
2026-09-18 15:23:42,507 | [IBM] ACTION: No trade.
2026-09-18 15:23:42,527 | [ICE] choppy/sideways (ADX 15.1) -> mean-reversion strategy | Signal: HOLD | Shares held: 0.0 | Last price: $154.46
2026-09-18 15:23:42,527 | [ICE] ACTION: No trade.
2026-09-18 15:23:42,547 | [IDXX] choppy/sideways (ADX 19.3) -> mean-reversion strategy | Signal: HOLD | Shares held: 0.0 | Last price: $512.73
2026-09-18 15:23:42,547 | [IDXX] ACTION: No trade.
2026-09-18 15:23:42,568 | [IEX] choppy/sideways (ADX 7.8) -> mean-reversion strategy | Signal: HOLD | Shares held: 0.0 | Last price: $221.76
2026-09-18 15:23:42,568 | [IEX] ACTION: No trade.
2026-09-18 15:23:42,588 | [IFF] trending (ADX 34.4) -> trend-following strategy | Signal: HOLD | Shares held: 0.0 | Last price: $83.67
2026-09-18 15:23:42,588 | [IFF] ACTION: No trade.
2026-09-18 15:23:42,608 | [INCY] trending (ADX 36.1) -> trend-following strategy | Signal: HOLD | Shares held: 0.0 | Last price: $127.89
2026-09-18 15:23:42,608 | [INCY] ACTION: No trade.
2026-09-18 15:23:42,628 | [INTC] trending (ADX 32.8) -> trend-following strategy | Signal: HOLD | Shares held: 0.0 | Last price: $107.28
2026-09-18 15:23:42,628 | [INTC] ACTION: No trade.
2026-09-18 15:23:42,648 | [INTU] trending (ADX 34.0) -> trend-following strategy | Signal: HOLD | Shares held: 0.0 | Last price: $307.02
2026-09-18 15:23:42,648 | [INTU] ACTION: No trade.
2026-09-18 15:23:42,668 | [INVH] trending (ADX 28.4) -> trend-following strategy | Signal: HOLD | Shares held: 0.0 | Last price: $27.14
2026-09-18 15:23:42,669 | [INVH] ACTION: No trade.
2026-09-18 15:23:42,689 | [IP] trending (ADX 33.9) -> trend-following strategy | Signal: HOLD | Shares held: 0.0 | Last price: $34.81
2026-09-18 15:23:42,689 | [IP] ACTION: No trade.
2026-09-18 15:23:42,709 | [IQV] trending (ADX 26.4) -> trend-following strategy | Signal: HOLD | Shares held: 0.0 | Last price: $268.19
2026-09-18 15:23:42,709 | [IQV] ACTION: No trade.
2026-09-18 15:23:42,729 | [IR] choppy/sideways (ADX 20.6) -> mean-reversion strategy | Signal: HOLD | Shares held: 0.0 | Last price: $72.56
2026-09-18 15:23:42,729 | [IR] ACTION: No trade.
2026-09-18 15:23:42,749 | [IRM] choppy/sideways (ADX 22.9) -> mean-reversion strategy | Signal: HOLD | Shares held: 0.0 | Last price: $113.22
2026-09-18 15:23:42,749 | [IRM] ACTION: No trade.
2026-09-18 15:23:42,769 | [ISRG] trending (ADX 38.5) -> trend-following strategy | Signal: HOLD | Shares held: 0.0 | Last price: $393.19
2026-09-18 15:23:42,769 | [ISRG] ACTION: No trade.
2026-09-18 15:23:42,789 | [IT] trending (ADX 44.0) -> trend-following strategy | Signal: HOLD | Shares held: 0.0 | Last price: $185.38
2026-09-18 15:23:42,789 | [IT] ACTION: No trade.
2026-09-18 15:23:42,809 | [ITW] choppy/sideways (ADX 11.8) -> mean-reversion strategy | Signal: HOLD | Shares held: 0.0 | Last price: $268.83
2026-09-18 15:23:42,809 | [ITW] ACTION: No trade.
2026-09-18 15:23:42,829 | [IVZ] choppy/sideways (ADX 22.3) -> mean-reversion strategy | Signal: HOLD | Shares held: 0.0 | Last price: $30.23
2026-09-18 15:23:42,829 | [IVZ] ACTION: No trade.
2026-09-18 15:23:42,849 | [JBHT] choppy/sideways (ADX 20.7) -> mean-reversion strategy | Signal: HOLD | Shares held: 0.0 | Last price: $234.37
2026-09-18 15:23:42,849 | [JBHT] ACTION: No trade.
2026-09-18 15:23:42,870 | [JBL] choppy/sideways (ADX 9.1) -> mean-reversion strategy | Signal: HOLD | Shares held: 0.0 | Last price: $298.08
2026-09-18 15:23:42,870 | [JBL] ACTION: No trade.
2026-09-18 15:23:42,916 | [JCI] choppy/sideways (ADX 21.7) -> mean-reversion strategy | Signal: HOLD | Shares held: 0.0 | Last price: $141.36
2026-09-18 15:23:42,916 | [JCI] ACTION: No trade.
2026-09-18 15:23:42,936 | [JKHY] choppy/sideways (ADX 19.0) -> mean-reversion strategy | Signal: HOLD | Shares held: 0.0 | Last price: $155.91
2026-09-18 15:23:42,936 | [JKHY] ACTION: No trade.
2026-09-18 15:23:42,956 | [JNJ] choppy/sideways (ADX 14.4) -> mean-reversion strategy | Signal: HOLD | Shares held: 0.0 | Last price: $268.71
2026-09-18 15:23:42,956 | [JNJ] ACTION: No trade.
2026-09-18 15:23:42,976 | [JPM] choppy/sideways (ADX 16.9) -> mean-reversion strategy | Signal: HOLD | Shares held: 0.0 | Last price: $346.71
2026-09-18 15:23:42,976 | [JPM] ACTION: No trade.
2026-09-18 15:23:42,996 | [KDP] trending (ADX 34.5) -> trend-following strategy | Signal: HOLD | Shares held: 0.0 | Last price: $30.81
2026-09-18 15:23:42,996 | [KDP] ACTION: No trade.
2026-09-18 15:23:43,016 | [KEY] choppy/sideways (ADX 20.1) -> mean-reversion strategy | Signal: HOLD | Shares held: 0.0 | Last price: $20.82
2026-09-18 15:23:43,016 | [KEY] ACTION: No trade.
2026-09-18 15:23:43,036 | [KEYS] trending (ADX 29.0) -> trend-following strategy | Signal: HOLD | Shares held: 0.0 | Last price: $333.45
2026-09-18 15:23:43,036 | [KEYS] ACTION: No trade.
2026-09-18 15:23:43,056 | [KHC] choppy/sideways (ADX 23.4) -> mean-reversion strategy | Signal: HOLD | Shares held: 0.0 | Last price: $24.57
2026-09-18 15:23:43,056 | [KHC] ACTION: No trade.
2026-09-18 15:23:43,076 | [KIM] choppy/sideways (ADX 15.3) -> mean-reversion strategy | Signal: HOLD | Shares held: 0.0 | Last price: $22.57
2026-09-18 15:23:43,076 | [KIM] ACTION: No trade.
2026-09-18 15:23:43,096 | [KKR] choppy/sideways (ADX 20.6) -> mean-reversion strategy | Signal: HOLD | Shares held: 0.0 | Last price: $98.01
2026-09-18 15:23:43,096 | [KKR] ACTION: No trade.
2026-09-18 15:23:43,116 | [KLAC] trending (ADX 44.5) -> trend-following strategy | Signal: HOLD | Shares held: 0.0 | Last price: $172.66
2026-09-18 15:23:43,116 | [KLAC] ACTION: No trade.
2026-09-18 15:23:43,136 | [KMB] choppy/sideways (ADX 15.8) -> mean-reversion strategy | Signal: HOLD | Shares held: 0.0 | Last price: $97.95
2026-09-18 15:23:43,136 | [KMB] ACTION: No trade.
2026-09-18 15:23:43,156 | [KMI] trending (ADX 46.4) -> trend-following strategy | Signal: HOLD | Shares held: 0.0 | Last price: $32.05
2026-09-18 15:23:43,156 | [KMI] ACTION: No trade.
2026-09-18 15:23:43,176 | [KO] trending (ADX 28.2) -> trend-following strategy | Signal: HOLD | Shares held: 0.0 | Last price: $87.81
2026-09-18 15:23:43,176 | [KO] ACTION: No trade.
2026-09-18 15:23:43,196 | [KR] trending (ADX 26.8) -> trend-following strategy | Signal: HOLD | Shares held: 0.0 | Last price: $60.42
2026-09-18 15:23:43,196 | [KR] ACTION: No trade.
2026-09-18 15:23:43,216 | [KVUE] choppy/sideways (ADX 15.2) -> mean-reversion strategy | Signal: HOLD | Shares held: 0.0 | Last price: $17.86
2026-09-18 15:23:43,216 | [KVUE] ACTION: No trade.
2026-09-18 15:23:43,236 | [L] choppy/sideways (ADX 15.5) -> mean-reversion strategy | Signal: HOLD | Shares held: 0.0 | Last price: $107.76
2026-09-18 15:23:43,236 | [L] ACTION: No trade.
2026-09-18 15:23:43,256 | [LDOS] choppy/sideways (ADX 21.6) -> mean-reversion strategy | Signal: HOLD | Shares held: 0.0 | Last price: $129.31
2026-09-18 15:23:43,256 | [LDOS] ACTION: No trade.
2026-09-18 15:23:43,276 | [LEN] trending (ADX 26.7) -> trend-following strategy | Signal: HOLD | Shares held: 0.0 | Last price: $76.17
2026-09-18 15:23:43,276 | [LEN] ACTION: No trade.
2026-09-18 15:23:43,296 | [LH] choppy/sideways (ADX 20.9) -> mean-reversion strategy | Signal: HOLD | Shares held: 0.0 | Last price: $322.59
2026-09-18 15:23:43,296 | [LH] ACTION: No trade.
2026-09-18 15:23:43,316 | [LHX] choppy/sideways (ADX 18.0) -> mean-reversion strategy | Signal: HOLD | Shares held: 0.0 | Last price: $246.69
2026-09-18 15:23:43,316 | [LHX] ACTION: No trade.
2026-09-18 15:23:43,336 | [LII] choppy/sideways (ADX 14.6) -> mean-reversion strategy | Signal: HOLD | Shares held: 0.0 | Last price: $359.87
2026-09-18 15:23:43,336 | [LII] ACTION: No trade.
2026-09-18 15:23:43,356 | [LIN] choppy/sideways (ADX 23.3) -> mean-reversion strategy | Signal: HOLD | Shares held: 0.0 | Last price: $458.54
2026-09-18 15:23:43,356 | [LIN] ACTION: No trade.
2026-09-18 15:23:43,376 | [LITE] choppy/sideways (ADX 21.6) -> mean-reversion strategy | Signal: HOLD | Shares held: 0.0 | Last price: $910.25
2026-09-18 15:23:43,376 | [LITE] ACTION: No trade.
2026-09-18 15:23:43,396 | [LLY] choppy/sideways (ADX 11.0) -> mean-reversion strategy | Signal: HOLD | Shares held: 0.0 | Last price: $1146.61
2026-09-18 15:23:43,396 | [LLY] ACTION: No trade.
2026-09-18 15:23:43,416 | [LMT] choppy/sideways (ADX 16.9) -> mean-reversion strategy | Signal: HOLD | Shares held: 0.0 | Last price: $528.12
2026-09-18 15:23:43,416 | [LMT] ACTION: No trade.
2026-09-18 15:23:43,436 | [LNT] choppy/sideways (ADX 21.7) -> mean-reversion strategy | Signal: HOLD | Shares held: 0.0 | Last price: $65.95
2026-09-18 15:23:43,437 | [LNT] ACTION: No trade.
2026-09-18 15:23:43,457 | [LOW] choppy/sideways (ADX 17.7) -> mean-reversion strategy | Signal: HOLD | Shares held: 0.0 | Last price: $193.10
2026-09-18 15:23:43,457 | [LOW] ACTION: No trade.
2026-09-18 15:23:43,477 | [LRCX] trending (ADX 41.9) -> trend-following strategy | Signal: HOLD | Shares held: 0.0 | Last price: $281.91
2026-09-18 15:23:43,477 | [LRCX] ACTION: No trade.
2026-09-18 15:23:43,497 | [LULU] trending (ADX 45.0) -> trend-following strategy | Signal: HOLD | Shares held: 0.0 | Last price: $100.45
2026-09-18 15:23:43,497 | [LULU] ACTION: No trade.
2026-09-18 15:23:43,517 | [LUV] trending (ADX 34.6) -> trend-following strategy | Signal: HOLD | Shares held: 0.0 | Last price: $40.84
2026-09-18 15:23:43,517 | [LUV] ACTION: No trade.
2026-09-18 15:23:43,537 | [LVS] trending (ADX 41.1) -> trend-following strategy | Signal: HOLD | Shares held: 0.0 | Last price: $40.47
2026-09-18 15:23:43,537 | [LVS] ACTION: No trade.
2026-09-18 15:23:43,557 | [LYB] trending (ADX 34.4) -> trend-following strategy | Signal: HOLD | Shares held: 0.0 | Last price: $62.68
2026-09-18 15:23:43,557 | [LYB] ACTION: No trade.
2026-09-18 15:23:43,577 | [LYV] trending (ADX 35.1) -> trend-following strategy | Signal: HOLD | Shares held: 0.0 | Last price: $167.55
2026-09-18 15:23:43,577 | [LYV] ACTION: No trade.
2026-09-18 15:23:43,597 | [MA] choppy/sideways (ADX 23.9) -> mean-reversion strategy | Signal: HOLD | Shares held: 0.0 | Last price: $565.87
2026-09-18 15:23:43,597 | [MA] ACTION: No trade.
2026-09-18 15:23:43,617 | [MAA] choppy/sideways (ADX 21.6) -> mean-reversion strategy | Signal: HOLD | Shares held: 0.0 | Last price: $120.95
2026-09-18 15:23:43,617 | [MAA] ACTION: No trade.
2026-09-18 15:23:43,638 | [MAR] choppy/sideways (ADX 17.7) -> mean-reversion strategy | Signal: HOLD | Shares held: 0.0 | Last price: $335.75
2026-09-18 15:23:43,638 | [MAR] ACTION: No trade.
2026-09-18 15:23:43,658 | [MAS] choppy/sideways (ADX 13.6) -> mean-reversion strategy | Signal: HOLD | Shares held: 0.0 | Last price: $67.89
2026-09-18 15:23:43,658 | [MAS] ACTION: No trade.
2026-09-18 15:23:43,678 | [MCD] choppy/sideways (ADX 22.1) -> mean-reversion strategy | Signal: HOLD | Shares held: 0.0 | Last price: $249.93
2026-09-18 15:23:43,678 | [MCD] ACTION: No trade.
2026-09-18 15:23:43,698 | [MCHP] choppy/sideways (ADX 24.5) -> mean-reversion strategy | Signal: HOLD | Shares held: 0.0 | Last price: $71.75
2026-09-18 15:23:43,698 | [MCHP] ACTION: No trade.
2026-09-18 15:23:43,718 | [MCK] trending (ADX 33.9) -> trend-following strategy | Signal: HOLD | Shares held: 0.0 | Last price: $873.09
2026-09-18 15:23:43,718 | [MCK] ACTION: No trade.
2026-09-18 15:23:43,738 | [MCO] trending (ADX 25.2) -> trend-following strategy | Signal: HOLD | Shares held: 0.0 | Last price: $464.45
2026-09-18 15:23:43,738 | [MCO] ACTION: No trade.
2026-09-18 15:23:43,758 | [MDLZ] trending (ADX 34.4) -> trend-following strategy | Signal: HOLD | Shares held: 0.0 | Last price: $60.88
2026-09-18 15:23:43,758 | [MDLZ] ACTION: No trade.
2026-09-18 15:23:43,778 | [MDT] choppy/sideways (ADX 18.8) -> mean-reversion strategy | Signal: HOLD | Shares held: 0.0 | Last price: $92.76
2026-09-18 15:23:43,778 | [MDT] ACTION: No trade.
2026-09-18 15:23:43,801 | [MET] choppy/sideways (ADX 15.0) -> mean-reversion strategy | Signal: HOLD | Shares held: 0.0 | Last price: $96.94
2026-09-18 15:23:43,801 | [MET] ACTION: No trade.
2026-09-18 15:23:43,821 | [META] trending (ADX 28.6) -> trend-following strategy | Signal: HOLD | Shares held: 0.0 | Last price: $675.62
2026-09-18 15:23:43,821 | [META] ACTION: No trade.
2026-09-18 15:23:43,841 | [MKC] trending (ADX 29.4) -> trend-following strategy | Signal: HOLD | Shares held: 0.0 | Last price: $49.39
2026-09-18 15:23:43,841 | [MKC] ACTION: No trade.
2026-09-18 15:23:43,862 | [MLM] choppy/sideways (ADX 18.7) -> mean-reversion strategy | Signal: HOLD | Shares held: 0.0 | Last price: $491.09
2026-09-18 15:23:43,862 | [MLM] ACTION: No trade.
2026-09-18 15:23:43,882 | [MMM] choppy/sideways (ADX 23.5) -> mean-reversion strategy | Signal: HOLD | Shares held: 0.0 | Last price: $164.48
2026-09-18 15:23:43,882 | [MMM] ACTION: No trade.
2026-09-18 15:23:43,902 | [MNST] trending (ADX 25.8) -> trend-following strategy | Signal: HOLD | Shares held: 0.0 | Last price: $44.86
2026-09-18 15:23:43,902 | [MNST] ACTION: No trade.
2026-09-18 15:23:43,922 | [MO] trending (ADX 25.8) -> trend-following strategy | Signal: HOLD | Shares held: 0.0 | Last price: $69.83
2026-09-18 15:23:43,922 | [MO] ACTION: No trade.
2026-09-18 15:23:43,942 | [MOS] trending (ADX 26.4) -> trend-following strategy | Signal: HOLD | Shares held: 0.0 | Last price: $25.03
2026-09-18 15:23:43,942 | [MOS] ACTION: No trade.
2026-09-18 15:23:43,963 | [MPC] choppy/sideways (ADX 12.7) -> mean-reversion strategy | Signal: HOLD | Shares held: 0.0 | Last price: $426.18
2026-09-18 15:23:43,963 | [MPC] ACTION: No trade.
2026-09-18 15:23:43,983 | [MPWR] trending (ADX 41.7) -> trend-following strategy | Signal: HOLD | Shares held: 0.0 | Last price: $1201.08
2026-09-18 15:23:43,983 | [MPWR] ACTION: No trade.
2026-09-18 15:23:44,003 | [MRK] choppy/sideways (ADX 23.0) -> mean-reversion strategy | Signal: HOLD | Shares held: 0.0 | Last price: $146.31
2026-09-18 15:23:44,003 | [MRK] ACTION: No trade.
2026-09-18 15:23:44,023 | [MRNA] trending (ADX 29.2) -> trend-following strategy | Signal: HOLD | Shares held: 0.0 | Last price: $155.56
2026-09-18 15:23:44,023 | [MRNA] ACTION: No trade.
2026-09-18 15:23:44,043 | [MRSH] trending (ADX 30.4) -> trend-following strategy | Signal: HOLD | Shares held: 0.0 | Last price: $174.33
2026-09-18 15:23:44,043 | [MRSH] ACTION: No trade.
2026-09-18 15:23:44,063 | [MRVL] choppy/sideways (ADX 24.5) -> mean-reversion strategy | Signal: HOLD | Shares held: 0.0 | Last price: $238.54
2026-09-18 15:23:44,063 | [MRVL] ACTION: No trade.
2026-09-18 15:23:44,083 | [MS] choppy/sideways (ADX 23.2) -> mean-reversion strategy | Signal: HOLD | Shares held: 0.0 | Last price: $202.12
2026-09-18 15:23:44,083 | [MS] ACTION: No trade.
2026-09-18 15:23:44,103 | [MSCI] choppy/sideways (ADX 21.7) -> mean-reversion strategy | Signal: HOLD | Shares held: 0.0 | Last price: $549.87
2026-09-18 15:23:44,103 | [MSCI] ACTION: No trade.
2026-09-18 15:23:44,124 | [MSFT] choppy/sideways (ADX 15.4) -> mean-reversion strategy | Signal: HOLD | Shares held: 0.0 | Last price: $493.30
2026-09-18 15:23:44,124 | [MSFT] ACTION: No trade.
2026-09-18 15:23:44,144 | [MSI] trending (ADX 26.7) -> trend-following strategy | Signal: HOLD | Shares held: 0.0 | Last price: $459.17
2026-09-18 15:23:44,144 | [MSI] ACTION: No trade.
2026-09-18 15:23:44,164 | [MTB] choppy/sideways (ADX 11.7) -> mean-reversion strategy | Signal: HOLD | Shares held: 0.0 | Last price: $227.08
2026-09-18 15:23:44,164 | [MTB] ACTION: No trade.
2026-09-18 15:23:44,184 | [MTD] trending (ADX 32.5) -> trend-following strategy | Signal: HOLD | Shares held: 0.0 | Last price: $1397.69
2026-09-18 15:23:44,184 | [MTD] ACTION: No trade.
2026-09-18 15:23:44,204 | [MU] trending (ADX 59.9) -> trend-following strategy | Signal: HOLD | Shares held: 0.0 | Last price: $992.53
2026-09-18 15:23:44,204 | [MU] ACTION: No trade.
2026-09-18 15:23:44,224 | [NCLH] choppy/sideways (ADX 21.4) -> mean-reversion strategy | Signal: HOLD | Shares held: 0.0 | Last price: $14.15
2026-09-18 15:23:44,224 | [NCLH] ACTION: No trade.
2026-09-18 15:23:44,244 | [NDAQ] trending (ADX 54.3) -> trend-following strategy | Signal: HOLD | Shares held: 0.0 | Last price: $92.56
2026-09-18 15:23:44,244 | [NDAQ] ACTION: No trade.
2026-09-18 15:23:44,265 | [NDSN] choppy/sideways (ADX 23.0) -> mean-reversion strategy | Signal: HOLD | Shares held: 0.0 | Last price: $309.83
2026-09-18 15:23:44,265 | [NDSN] ACTION: No trade.
2026-09-18 15:23:44,285 | [NEE] choppy/sideways (ADX 18.4) -> mean-reversion strategy | Signal: HOLD | Shares held: 0.0 | Last price: $80.72
2026-09-18 15:23:44,285 | [NEE] ACTION: No trade.
2026-09-18 15:23:44,305 | [NEM] choppy/sideways (ADX 23.7) -> mean-reversion strategy | Signal: HOLD | Shares held: 0.0 | Last price: $122.11
2026-09-18 15:23:44,305 | [NEM] ACTION: No trade.
2026-09-18 15:23:44,325 | [NFLX] trending (ADX 56.1) -> trend-following strategy | Signal: HOLD | Shares held: 0.0 | Last price: $71.89
2026-09-18 15:23:44,325 | [NFLX] ACTION: No trade.
2026-09-18 15:23:44,345 | [NI] choppy/sideways (ADX 20.5) -> mean-reversion strategy | Signal: HOLD | Shares held: 0.0 | Last price: $40.63
2026-09-18 15:23:44,345 | [NI] ACTION: No trade.
2026-09-18 15:23:44,365 | [NKE] choppy/sideways (ADX 18.3) -> mean-reversion strategy | Signal: HOLD | Shares held: 0.0 | Last price: $36.24
2026-09-18 15:23:44,365 | [NKE] ACTION: No trade.
2026-09-18 15:23:44,385 | [NOC] choppy/sideways (ADX 11.0) -> mean-reversion strategy | Signal: HOLD | Shares held: 0.0 | Last price: $521.41
2026-09-18 15:23:44,385 | [NOC] ACTION: No trade.
2026-09-18 15:23:44,406 | [NOW] trending (ADX 42.8) -> trend-following strategy | Signal: HOLD | Shares held: 0.0 | Last price: $136.75
2026-09-18 15:23:44,406 | [NOW] ACTION: No trade.
2026-09-18 15:23:44,426 | [NRG] choppy/sideways (ADX 23.4) -> mean-reversion strategy | Signal: HOLD | Shares held: 0.0 | Last price: $104.44
2026-09-18 15:23:44,426 | [NRG] ACTION: No trade.
2026-09-18 15:23:44,446 | [NSC] choppy/sideways (ADX 24.7) -> mean-reversion strategy | Signal: HOLD | Shares held: 0.0 | Last price: $316.28
2026-09-18 15:23:44,446 | [NSC] ACTION: No trade.
2026-09-18 15:23:44,466 | [NTAP] trending (ADX 25.2) -> trend-following strategy | Signal: HOLD | Shares held: 0.0 | Last price: $194.50
2026-09-18 15:23:44,466 | [NTAP] ACTION: No trade.
2026-09-18 15:23:44,486 | [NTRS] choppy/sideways (ADX 20.9) -> mean-reversion strategy | Signal: HOLD | Shares held: 0.0 | Last price: $176.28
2026-09-18 15:23:44,486 | [NTRS] ACTION: No trade.
2026-09-18 15:23:44,506 | [NUE] trending (ADX 36.4) -> trend-following strategy | Signal: HOLD | Shares held: 0.0 | Last price: $249.80
2026-09-18 15:23:44,506 | [NUE] ACTION: No trade.
2026-09-18 15:23:44,526 | [NVDA] choppy/sideways (ADX 24.3) -> mean-reversion strategy | Signal: HOLD | Shares held: 0.0 | Last price: $219.47
2026-09-18 15:23:44,527 | [NVDA] ACTION: No trade.
2026-09-18 15:23:44,547 | [NVR] choppy/sideways (ADX 11.6) -> mean-reversion strategy | Signal: HOLD | Shares held: 0.0 | Last price: $6219.26
2026-09-18 15:23:44,547 | [NVR] ACTION: No trade.
2026-09-18 15:23:44,568 | [NWSA] trending (ADX 29.7) -> trend-following strategy | Signal: HOLD | Shares held: 0.0 | Last price: $29.71
2026-09-18 15:23:44,568 | [NWSA] ACTION: No trade.
2026-09-18 15:23:44,589 | [NXPI] trending (ADX 30.8) -> trend-following strategy | Signal: HOLD | Shares held: 0.0 | Last price: $227.34
2026-09-18 15:23:44,589 | [NXPI] ACTION: No trade.
2026-09-18 15:23:44,609 | [O] choppy/sideways (ADX 15.7) -> mean-reversion strategy | Signal: HOLD | Shares held: 0.0 | Last price: $56.91
2026-09-18 15:23:44,609 | [O] ACTION: No trade.
2026-09-18 15:23:44,629 | [ODFL] choppy/sideways (ADX 24.0) -> mean-reversion strategy | Signal: HOLD | Shares held: 0.0 | Last price: $172.22
2026-09-18 15:23:44,629 | [ODFL] ACTION: No trade.
2026-09-18 15:23:44,649 | [OKE] choppy/sideways (ADX 16.8) -> mean-reversion strategy | Signal: HOLD | Shares held: 0.0 | Last price: $94.53
2026-09-18 15:23:44,649 | [OKE] ACTION: No trade.
2026-09-18 15:23:44,669 | [OMC] trending (ADX 41.7) -> trend-following strategy | Signal: HOLD | Shares held: 0.0 | Last price: $76.94
2026-09-18 15:23:44,669 | [OMC] ACTION: No trade.
2026-09-18 15:23:44,689 | [ON] choppy/sideways (ADX 17.4) -> mean-reversion strategy | Signal: HOLD | Shares held: 0.0 | Last price: $69.33
2026-09-18 15:23:44,689 | [ON] ACTION: No trade.
2026-09-18 15:23:44,710 | [ORCL] trending (ADX 26.1) -> trend-following strategy | Signal: HOLD | Shares held: 0.0 | Last price: $145.41
2026-09-18 15:23:44,710 | [ORCL] ACTION: No trade.
2026-09-18 15:23:44,730 | [ORLY] choppy/sideways (ADX 17.7) -> mean-reversion strategy | Signal: HOLD | Shares held: 0.0 | Last price: $84.61
2026-09-18 15:23:44,730 | [ORLY] ACTION: No trade.
2026-09-18 15:23:44,750 | [OTIS] choppy/sideways (ADX 12.5) -> mean-reversion strategy | Signal: HOLD | Shares held: 0.0 | Last price: $68.74
2026-09-18 15:23:44,750 | [OTIS] ACTION: No trade.
2026-09-18 15:23:44,770 | [OXY] trending (ADX 30.8) -> trend-following strategy | Signal: HOLD | Shares held: 0.0 | Last price: $59.30
2026-09-18 15:23:44,770 | [OXY] ACTION: No trade.
2026-09-18 15:23:44,790 | [PANW] trending (ADX 36.4) -> trend-following strategy | Signal: HOLD | Shares held: 0.0 | Last price: $359.46
2026-09-18 15:23:44,790 | [PANW] ACTION: No trade.
2026-09-18 15:23:44,813 | [PAYX] trending (ADX 30.4) -> trend-following strategy | Signal: HOLD | Shares held: 0.0 | Last price: $115.67
2026-09-18 15:23:44,813 | [PAYX] ACTION: No trade.
2026-09-18 15:23:44,833 | [PCAR] trending (ADX 38.3) -> trend-following strategy | Signal: HOLD | Shares held: 0.0 | Last price: $115.25
2026-09-18 15:23:44,834 | [PCAR] ACTION: No trade.
2026-09-18 15:23:44,854 | [PCG] trending (ADX 35.2) -> trend-following strategy | Signal: HOLD | Shares held: 0.0 | Last price: $13.27
2026-09-18 15:23:44,854 | [PCG] ACTION: No trade.
2026-09-18 15:23:44,874 | [PEG] trending (ADX 28.5) -> trend-following strategy | Signal: HOLD | Shares held: 0.0 | Last price: $70.20
2026-09-18 15:23:44,874 | [PEG] ACTION: No trade.
2026-09-18 15:23:44,895 | [PEP] trending (ADX 38.3) -> trend-following strategy | Signal: HOLD | Shares held: 0.0 | Last price: $130.28
2026-09-18 15:23:44,895 | [PEP] ACTION: No trade.
2026-09-18 15:23:44,915 | [PFE] choppy/sideways (ADX 23.1) -> mean-reversion strategy | Signal: HOLD | Shares held: 0.0 | Last price: $27.43
2026-09-18 15:23:44,915 | [PFE] ACTION: No trade.
2026-09-18 15:23:44,935 | [PFG] trending (ADX 35.3) -> trend-following strategy | Signal: HOLD | Shares held: 0.0 | Last price: $115.92
2026-09-18 15:23:44,935 | [PFG] ACTION: No trade.
2026-09-18 15:23:44,955 | [PG] trending (ADX 28.2) -> trend-following strategy | Signal: HOLD | Shares held: 0.0 | Last price: $146.48
2026-09-18 15:23:44,955 | [PG] ACTION: No trade.
2026-09-18 15:23:44,975 | [PGR] trending (ADX 37.2) -> trend-following strategy | Signal: HOLD | Shares held: 0.0 | Last price: $213.65
2026-09-18 15:23:44,976 | [PGR] ACTION: No trade.
2026-09-18 15:23:44,996 | [PH] trending (ADX 27.7) -> trend-following strategy | Signal: HOLD | Shares held: 0.0 | Last price: $932.42
2026-09-18 15:23:44,996 | [PH] ACTION: No trade.
2026-09-18 15:23:45,016 | [PHM] choppy/sideways (ADX 21.6) -> mean-reversion strategy | Signal: HOLD | Shares held: 0.0 | Last price: $117.29
2026-09-18 15:23:45,016 | [PHM] ACTION: No trade.
2026-09-18 15:23:45,036 | [PKG] choppy/sideways (ADX 20.1) -> mean-reversion strategy | Signal: HOLD | Shares held: 0.0 | Last price: $233.25
2026-09-18 15:23:45,036 | [PKG] ACTION: No trade.
2026-09-18 15:23:45,056 | [PLD] trending (ADX 25.6) -> trend-following strategy | Signal: HOLD | Shares held: 0.0 | Last price: $134.32
2026-09-18 15:23:45,057 | [PLD] ACTION: No trade.
2026-09-18 15:23:45,077 | [PLTR] choppy/sideways (ADX 19.6) -> mean-reversion strategy | Signal: HOLD | Shares held: 0.0 | Last price: $175.58
2026-09-18 15:23:45,077 | [PLTR] ACTION: No trade.
2026-09-18 15:23:45,097 | [PM] trending (ADX 41.1) -> trend-following strategy | Signal: HOLD | Shares held: 0.0 | Last price: $190.62
2026-09-18 15:23:45,097 | [PM] ACTION: No trade.
2026-09-18 15:23:45,117 | [PNC] trending (ADX 26.9) -> trend-following strategy | Signal: HOLD | Shares held: 0.0 | Last price: $231.53
2026-09-18 15:23:45,117 | [PNC] ACTION: No trade.
2026-09-18 15:23:45,138 | [PNR] choppy/sideways (ADX 15.9) -> mean-reversion strategy | Signal: HOLD | Shares held: 0.0 | Last price: $55.71
2026-09-18 15:23:45,138 | [PNR] ACTION: No trade.
2026-09-18 15:23:45,158 | [PODD] choppy/sideways (ADX 16.3) -> mean-reversion strategy | Signal: HOLD | Shares held: 0.0 | Last price: $140.95
2026-09-18 15:23:45,158 | [PODD] ACTION: No trade.
2026-09-18 15:23:45,178 | [PPG] trending (ADX 26.8) -> trend-following strategy | Signal: HOLD | Shares held: 0.0 | Last price: $104.38
2026-09-18 15:23:45,179 | [PPG] ACTION: No trade.
2026-09-18 15:23:45,199 | [PPL] choppy/sideways (ADX 21.8) -> mean-reversion strategy | Signal: HOLD | Shares held: 0.0 | Last price: $33.44
2026-09-18 15:23:45,199 | [PPL] ACTION: No trade.
2026-09-18 15:23:45,219 | [PRU] trending (ADX 25.9) -> trend-following strategy | Signal: HOLD | Shares held: 0.0 | Last price: $117.33
2026-09-18 15:23:45,219 | [PRU] ACTION: No trade.
2026-09-18 15:23:45,239 | [PSA] trending (ADX 27.8) -> trend-following strategy | Signal: HOLD | Shares held: 0.0 | Last price: $300.89
2026-09-18 15:23:45,239 | [PSA] ACTION: No trade.
2026-09-18 15:23:45,259 | [PSKY] trending (ADX 25.2) -> trend-following strategy | Signal: HOLD | Shares held: 0.0 | Last price: $10.28
2026-09-18 15:23:45,259 | [PSKY] ACTION: No trade.
2026-09-18 15:23:45,279 | [PSX] choppy/sideways (ADX 18.7) -> mean-reversion strategy | Signal: HOLD | Shares held: 0.0 | Last price: $276.04
2026-09-18 15:23:45,279 | [PSX] ACTION: No trade.
2026-09-18 15:23:45,299 | [PTC] trending (ADX 25.4) -> trend-following strategy | Signal: HOLD | Shares held: 0.0 | Last price: $134.03
2026-09-18 15:23:45,300 | [PTC] ACTION: No trade.
2026-09-18 15:23:45,320 | [PWR] choppy/sideways (ADX 19.3) -> mean-reversion strategy | Signal: HOLD | Shares held: 0.0 | Last price: $629.03
2026-09-18 15:23:45,320 | [PWR] ACTION: No trade.
2026-09-18 15:23:45,340 | [PYPL] trending (ADX 34.5) -> trend-following strategy | Signal: HOLD | Shares held: 0.0 | Last price: $52.73
2026-09-18 15:23:45,340 | [PYPL] ACTION: No trade.
2026-09-18 15:23:45,360 | [Q] trending (ADX 29.3) -> trend-following strategy | Signal: HOLD | Shares held: 0.0 | Last price: $119.76
2026-09-18 15:23:45,360 | [Q] ACTION: No trade.
2026-09-18 15:23:45,380 | [QCOM] choppy/sideways (ADX 18.7) -> mean-reversion strategy | Signal: HOLD | Shares held: 0.0 | Last price: $179.38
2026-09-18 15:23:45,381 | [QCOM] ACTION: No trade.
2026-09-18 15:23:45,401 | [RCL] trending (ADX 28.0) -> trend-following strategy | Signal: HOLD | Shares held: 0.0 | Last price: $247.77
2026-09-18 15:23:45,401 | [RCL] ACTION: No trade.
2026-09-18 15:23:45,421 | [RDDT] choppy/sideways (ADX 19.2) -> mean-reversion strategy | Signal: HOLD | Shares held: 0.0 | Last price: $152.24
2026-09-18 15:23:45,421 | [RDDT] ACTION: No trade.
2026-09-18 15:23:45,441 | [REG] choppy/sideways (ADX 17.9) -> mean-reversion strategy | Signal: HOLD | Shares held: 0.0 | Last price: $73.17
2026-09-18 15:23:45,441 | [REG] ACTION: No trade.
2026-09-18 15:23:45,461 | [REGN] trending (ADX 30.8) -> trend-following strategy | Signal: HOLD | Shares held: 0.0 | Last price: $786.71
2026-09-18 15:23:45,461 | [REGN] ACTION: No trade.
2026-09-18 15:23:45,481 | [RF] choppy/sideways (ADX 13.3) -> mean-reversion strategy | Signal: HOLD | Shares held: 0.0 | Last price: $28.42
2026-09-18 15:23:45,481 | [RF] ACTION: No trade.
2026-09-18 15:23:45,502 | [RJF] choppy/sideways (ADX 20.1) -> mean-reversion strategy | Signal: HOLD | Shares held: 0.0 | Last price: $164.21
2026-09-18 15:23:45,502 | [RJF] ACTION: No trade.
2026-09-18 15:23:45,522 | [RL] trending (ADX 27.7) -> trend-following strategy | Signal: HOLD | Shares held: 0.0 | Last price: $332.13
2026-09-18 15:23:45,522 | [RL] ACTION: No trade.
2026-09-18 15:23:45,542 | [RMD] trending (ADX 28.3) -> trend-following strategy | Signal: HOLD | Shares held: 0.0 | Last price: $227.65
2026-09-18 15:23:45,542 | [RMD] ACTION: No trade.
2026-09-18 15:23:45,564 | [ROK] choppy/sideways (ADX 18.6) -> mean-reversion strategy | Signal: HOLD | Shares held: 0.0 | Last price: $411.09
2026-09-18 15:23:45,564 | [ROK] ACTION: No trade.
2026-09-18 15:23:45,585 | [ROL] trending (ADX 43.2) -> trend-following strategy | Signal: HOLD | Shares held: 0.0 | Last price: $33.01
2026-09-18 15:23:45,585 | [ROL] ACTION: No trade.
2026-09-18 15:23:45,605 | [ROP] trending (ADX 38.7) -> trend-following strategy | Signal: HOLD | Shares held: 0.0 | Last price: $371.27
2026-09-18 15:23:45,605 | [ROP] ACTION: No trade.
2026-09-18 15:23:45,625 | [ROST] choppy/sideways (ADX 16.3) -> mean-reversion strategy | Signal: HOLD | Shares held: 0.0 | Last price: $229.01
2026-09-18 15:23:45,625 | [ROST] ACTION: No trade.
2026-09-18 15:23:45,645 | [RSG] trending (ADX 26.7) -> trend-following strategy | Signal: HOLD | Shares held: 0.0 | Last price: $217.30
2026-09-18 15:23:45,646 | [RSG] ACTION: No trade.
2026-09-18 15:23:45,666 | [RTX] trending (ADX 32.9) -> trend-following strategy | Signal: HOLD | Shares held: 0.0 | Last price: $191.69
2026-09-18 15:23:45,666 | [RTX] ACTION: No trade.
2026-09-18 15:23:45,686 | [RVTY] trending (ADX 43.8) -> trend-following strategy | Signal: HOLD | Shares held: 0.0 | Last price: $144.09
2026-09-18 15:23:45,686 | [RVTY] ACTION: No trade.
2026-09-18 15:23:45,706 | [SBAC] trending (ADX 29.2) -> trend-following strategy | Signal: HOLD | Shares held: 0.0 | Last price: $180.38
2026-09-18 15:23:45,706 | [SBAC] ACTION: No trade.
2026-09-18 15:23:45,726 | [SBUX] choppy/sideways (ADX 23.0) -> mean-reversion strategy | Signal: HOLD | Shares held: 0.0 | Last price: $96.08
2026-09-18 15:23:45,726 | [SBUX] ACTION: No trade.
2026-09-18 15:23:45,746 | [SCHW] choppy/sideways (ADX 23.2) -> mean-reversion strategy | Signal: HOLD | Shares held: 0.0 | Last price: $104.76
2026-09-18 15:23:45,746 | [SCHW] ACTION: No trade.
2026-09-18 15:23:45,767 | [SHW] trending (ADX 29.0) -> trend-following strategy | Signal: HOLD | Shares held: 0.0 | Last price: $318.62
2026-09-18 15:23:45,767 | [SHW] ACTION: No trade.
2026-09-18 15:23:45,787 | [SJM] trending (ADX 33.1) -> trend-following strategy | Signal: HOLD | Shares held: 0.0 | Last price: $122.81
2026-09-18 15:23:45,787 | [SJM] ACTION: No trade.
2026-09-18 15:23:45,807 | [SLB] trending (ADX 34.2) -> trend-following strategy | Signal: HOLD | Shares held: 0.0 | Last price: $51.45
2026-09-18 15:23:45,807 | [SLB] ACTION: No trade.
2026-09-18 15:23:45,828 | [SMCI] trending (ADX 36.1) -> trend-following strategy | Signal: HOLD | Shares held: 0.0 | Last price: $38.55
2026-09-18 15:23:45,828 | [SMCI] ACTION: No trade.
2026-09-18 15:23:45,878 | [SNA] choppy/sideways (ADX 13.7) -> mean-reversion strategy | Signal: HOLD | Shares held: 0.0 | Last price: $372.21
2026-09-18 15:23:45,878 | [SNA] ACTION: No trade.
2026-09-18 15:23:45,898 | [SNDK] trending (ADX 56.9) -> trend-following strategy | Signal: HOLD | Shares held: 0.0 | Last price: $1718.40
2026-09-18 15:23:45,899 | [SNDK] ACTION: No trade.
2026-09-18 15:23:45,919 | [SNPS] trending (ADX 33.0) -> trend-following strategy | Signal: HOLD | Shares held: 0.0 | Last price: $381.88
2026-09-18 15:23:45,919 | [SNPS] ACTION: No trade.
2026-09-18 15:23:45,939 | [SO] choppy/sideways (ADX 13.8) -> mean-reversion strategy | Signal: HOLD | Shares held: 0.0 | Last price: $85.90
2026-09-18 15:23:45,939 | [SO] ACTION: No trade.
2026-09-18 15:23:45,959 | [SPG] choppy/sideways (ADX 22.9) -> mean-reversion strategy | Signal: HOLD | Shares held: 0.0 | Last price: $204.29
2026-09-18 15:23:45,959 | [SPG] ACTION: No trade.
2026-09-18 15:23:45,979 | [SPGI] trending (ADX 29.5) -> trend-following strategy | Signal: HOLD | Shares held: 0.0 | Last price: $405.88
2026-09-18 15:23:45,979 | [SPGI] ACTION: No trade.
2026-09-18 15:23:45,999 | [SRE] choppy/sideways (ADX 22.1) -> mean-reversion strategy | Signal: HOLD | Shares held: 0.0 | Last price: $81.52
2026-09-18 15:23:45,999 | [SRE] ACTION: No trade.
2026-09-18 15:23:46,018 | [STE] trending (ADX 42.2) -> trend-following strategy | Signal: HOLD | Shares held: 0.0 | Last price: $206.14
2026-09-18 15:23:46,019 | [STE] ACTION: No trade.
2026-09-18 15:23:46,039 | [STLD] trending (ADX 37.5) -> trend-following strategy | Signal: HOLD | Shares held: 0.0 | Last price: $233.42
2026-09-18 15:23:46,039 | [STLD] ACTION: No trade.
2026-09-18 15:23:46,059 | [STT] choppy/sideways (ADX 23.4) -> mean-reversion strategy | Signal: HOLD | Shares held: 0.0 | Last price: $181.91
2026-09-18 15:23:46,059 | [STT] ACTION: No trade.
2026-09-18 15:23:46,079 | [STX] trending (ADX 28.1) -> trend-following strategy | Signal: HOLD | Shares held: 0.0 | Last price: $833.89
2026-09-18 15:23:46,079 | [STX] ACTION: No trade.
2026-09-18 15:23:46,099 | [STZ] trending (ADX 30.6) -> trend-following strategy | Signal: HOLD | Shares held: 0.0 | Last price: $120.23
2026-09-18 15:23:46,099 | [STZ] ACTION: No trade.
2026-09-18 15:23:46,120 | [SW] trending (ADX 30.6) -> trend-following strategy | Signal: HOLD | Shares held: 0.0 | Last price: $44.47
2026-09-18 15:23:46,120 | [SW] ACTION: No trade.
2026-09-18 15:23:46,140 | [SWK] choppy/sideways (ADX 14.0) -> mean-reversion strategy | Signal: HOLD | Shares held: 0.0 | Last price: $88.89
2026-09-18 15:23:46,140 | [SWK] ACTION: No trade.
2026-09-18 15:23:46,160 | [SWKS] choppy/sideways (ADX 20.4) -> mean-reversion strategy | Signal: HOLD | Shares held: 0.0 | Last price: $89.50
2026-09-18 15:23:46,160 | [SWKS] ACTION: No trade.
2026-09-18 15:23:46,180 | [SYF] choppy/sideways (ADX 20.0) -> mean-reversion strategy | Signal: HOLD | Shares held: 0.0 | Last price: $74.58
2026-09-18 15:23:46,180 | [SYF] ACTION: No trade.
2026-09-18 15:23:46,200 | [SYK] choppy/sideways (ADX 24.2) -> mean-reversion strategy | Signal: HOLD | Shares held: 0.0 | Last price: $278.03
2026-09-18 15:23:46,200 | [SYK] ACTION: No trade.
2026-09-18 15:23:46,220 | [SYY] choppy/sideways (ADX 18.8) -> mean-reversion strategy | Signal: HOLD | Shares held: 0.0 | Last price: $79.41
2026-09-18 15:23:46,220 | [SYY] ACTION: No trade.
2026-09-18 15:23:46,240 | [T] trending (ADX 41.5) -> trend-following strategy | Signal: BUY | Shares held: 0.0 | Last price: $25.54
2026-09-18 15:23:46,240 | [T] ACTION: No trade (conviction score 1 below CONVICTION_ENTRY_GATE_MIN_SCORE=2 -- gate is ON).
2026-09-18 15:23:46,260 | [TAP] trending (ADX 34.9) -> trend-following strategy | Signal: HOLD | Shares held: 0.0 | Last price: $38.27
2026-09-18 15:23:46,260 | [TAP] ACTION: No trade.
2026-09-18 15:23:46,280 | [TDG] choppy/sideways (ADX 16.2) -> mean-reversion strategy | Signal: HOLD | Shares held: 0.0 | Last price: $1085.17
2026-09-18 15:23:46,280 | [TDG] ACTION: No trade.
2026-09-18 15:23:46,300 | [TDY] choppy/sideways (ADX 11.4) -> mean-reversion strategy | Signal: HOLD | Shares held: 0.0 | Last price: $599.74
2026-09-18 15:23:46,300 | [TDY] ACTION: No trade.
2026-09-18 15:23:46,320 | [TECH] trending (ADX 25.6) -> trend-following strategy | Signal: HOLD | Shares held: 0.0 | Last price: $72.36
2026-09-18 15:23:46,320 | [TECH] ACTION: No trade.
2026-09-18 15:23:46,340 | [TEL] trending (ADX 36.4) -> trend-following strategy | Signal: HOLD | Shares held: 0.0 | Last price: $207.32
2026-09-18 15:23:46,340 | [TEL] ACTION: No trade.
2026-09-18 15:23:46,361 | [TER] trending (ADX 36.5) -> trend-following strategy | Signal: HOLD | Shares held: 0.0 | Last price: $362.19
2026-09-18 15:23:46,361 | [TER] ACTION: No trade.
2026-09-18 15:23:46,381 | [TFC] choppy/sideways (ADX 15.6) -> mean-reversion strategy | Signal: HOLD | Shares held: 0.0 | Last price: $48.46
2026-09-18 15:23:46,381 | [TFC] ACTION: No trade.
2026-09-18 15:23:46,401 | [TGT] choppy/sideways (ADX 19.9) -> mean-reversion strategy | Signal: HOLD | Shares held: 0.0 | Last price: $157.51
2026-09-18 15:23:46,401 | [TGT] ACTION: No trade.
2026-09-18 15:23:46,421 | [TJX] trending (ADX 42.0) -> trend-following strategy | Signal: HOLD | Shares held: 0.0 | Last price: $127.81
2026-09-18 15:23:46,421 | [TJX] ACTION: No trade.
2026-09-18 15:23:46,441 | [TKO] trending (ADX 30.4) -> trend-following strategy | Signal: HOLD | Shares held: 0.0 | Last price: $188.21
2026-09-18 15:23:46,441 | [TKO] ACTION: No trade.
2026-09-18 15:23:46,461 | [TMO] trending (ADX 25.6) -> trend-following strategy | Signal: SELL | Shares held: 0.0 | Last price: $654.02
2026-09-18 15:23:46,462 | [TMO] ACTION: No trade.
2026-09-18 15:23:46,482 | [TMUS] trending (ADX 53.2) -> trend-following strategy | Signal: HOLD | Shares held: 0.0 | Last price: $166.74
2026-09-18 15:23:46,482 | [TMUS] ACTION: No trade.
2026-09-18 15:23:46,502 | [TPL] choppy/sideways (ADX 22.2) -> mean-reversion strategy | Signal: HOLD | Shares held: 0.0 | Last price: $353.25
2026-09-18 15:23:46,502 | [TPL] ACTION: No trade.
2026-09-18 15:23:46,522 | [TPR] trending (ADX 40.2) -> trend-following strategy | Signal: HOLD | Shares held: 0.0 | Last price: $114.68
2026-09-18 15:23:46,522 | [TPR] ACTION: No trade.
2026-09-18 15:23:46,542 | [TRGP] choppy/sideways (ADX 24.5) -> mean-reversion strategy | Signal: SELL | Shares held: 0.0 | Last price: $294.51
2026-09-18 15:23:46,542 | [TRGP] ACTION: No trade.
2026-09-18 15:23:46,562 | [TRMB] choppy/sideways (ADX 15.4) -> mean-reversion strategy | Signal: HOLD | Shares held: 0.0 | Last price: $57.68
2026-09-18 15:23:46,562 | [TRMB] ACTION: No trade.
2026-09-18 15:23:46,582 | [TROW] choppy/sideways (ADX 19.9) -> mean-reversion strategy | Signal: HOLD | Shares held: 0.0 | Last price: $103.11
2026-09-18 15:23:46,582 | [TROW] ACTION: No trade.
2026-09-18 15:23:46,602 | [TRV] choppy/sideways (ADX 16.1) -> mean-reversion strategy | Signal: HOLD | Shares held: 0.0 | Last price: $375.02
2026-09-18 15:23:46,602 | [TRV] ACTION: No trade.
2026-09-18 15:23:46,622 | [TSCO] trending (ADX 27.6) -> trend-following strategy | Signal: HOLD | Shares held: 0.0 | Last price: $32.68
2026-09-18 15:23:46,622 | [TSCO] ACTION: No trade.
2026-09-18 15:23:46,643 | [TSLA] choppy/sideways (ADX 17.7) -> mean-reversion strategy | Signal: HOLD | Shares held: 0.0 | Last price: $365.28
2026-09-18 15:23:46,643 | [TSLA] ACTION: No trade.
2026-09-18 15:23:46,663 | [TSN] choppy/sideways (ADX 21.1) -> mean-reversion strategy | Signal: HOLD | Shares held: 0.0 | Last price: $53.19
2026-09-18 15:23:46,663 | [TSN] ACTION: No trade.
2026-09-18 15:23:46,683 | [TT] trending (ADX 28.1) -> trend-following strategy | Signal: HOLD | Shares held: 0.0 | Last price: $425.65
2026-09-18 15:23:46,683 | [TT] ACTION: No trade.
2026-09-18 15:23:46,703 | [TTD] choppy/sideways (ADX 18.9) -> mean-reversion strategy | Signal: HOLD | Shares held: 0.0 | Last price: $14.10
2026-09-18 15:23:46,703 | [TTD] ACTION: No trade.
2026-09-18 15:23:46,723 | [TTWO] choppy/sideways (ADX 20.4) -> mean-reversion strategy | Signal: HOLD | Shares held: 0.0 | Last price: $207.90
2026-09-18 15:23:46,723 | [TTWO] ACTION: No trade.
2026-09-18 15:23:46,743 | [TXN] choppy/sideways (ADX 23.8) -> mean-reversion strategy | Signal: HOLD | Shares held: 0.0 | Last price: $263.81
2026-09-18 15:23:46,743 | [TXN] ACTION: No trade.
2026-09-18 15:23:46,763 | [TXT] choppy/sideways (ADX 25.0) -> mean-reversion strategy | Signal: HOLD | Shares held: 0.0 | Last price: $80.31
2026-09-18 15:23:46,763 | [TXT] ACTION: No trade.
2026-09-18 15:23:46,783 | [TYL] trending (ADX 32.2) -> trend-following strategy | Signal: HOLD | Shares held: 0.0 | Last price: $338.87
2026-09-18 15:23:46,783 | [TYL] ACTION: No trade.
2026-09-18 15:23:46,804 | [UAL] trending (ADX 25.2) -> trend-following strategy | Signal: HOLD | Shares held: 0.0 | Last price: $107.78
2026-09-18 15:23:46,804 | [UAL] ACTION: No trade.
2026-09-18 15:23:46,824 | [UBER] choppy/sideways (ADX 16.6) -> mean-reversion strategy | Signal: HOLD | Shares held: 0.0 | Last price: $70.53
2026-09-18 15:23:46,824 | [UBER] ACTION: No trade.
2026-09-18 15:23:46,844 | [UDR] trending (ADX 41.3) -> trend-following strategy | Signal: HOLD | Shares held: 0.0 | Last price: $34.09
2026-09-18 15:23:46,844 | [UDR] ACTION: No trade.
2026-09-18 15:23:46,864 | [UHS] choppy/sideways (ADX 19.1) -> mean-reversion strategy | Signal: HOLD | Shares held: 0.0 | Last price: $180.17
2026-09-18 15:23:46,864 | [UHS] ACTION: No trade.
2026-09-18 15:23:46,884 | [ULTA] choppy/sideways (ADX 16.4) -> mean-reversion strategy | Signal: HOLD | Shares held: 0.0 | Last price: $543.36
2026-09-18 15:23:46,884 | [ULTA] ACTION: No trade.
2026-09-18 15:23:46,905 | [UNH] trending (ADX 28.4) -> trend-following strategy | Signal: HOLD | Shares held: 0.0 | Last price: $373.99
2026-09-18 15:23:46,905 | [UNH] ACTION: No trade.
2026-09-18 15:23:46,925 | [UNP] choppy/sideways (ADX 24.6) -> mean-reversion strategy | Signal: HOLD | Shares held: 0.0 | Last price: $279.66
2026-09-18 15:23:46,925 | [UNP] ACTION: No trade.
2026-09-18 15:23:46,945 | [UPS] trending (ADX 28.6) -> trend-following strategy | Signal: HOLD | Shares held: 0.0 | Last price: $99.15
2026-09-18 15:23:46,945 | [UPS] ACTION: No trade.
2026-09-18 15:23:46,966 | [URI] choppy/sideways (ADX 14.6) -> mean-reversion strategy | Signal: HOLD | Shares held: 0.0 | Last price: $1003.20
2026-09-18 15:23:46,966 | [URI] ACTION: No trade.
2026-09-18 15:23:46,986 | [USB] choppy/sideways (ADX 18.4) -> mean-reversion strategy | Signal: HOLD | Shares held: 0.0 | Last price: $59.97
2026-09-18 15:23:46,986 | [USB] ACTION: No trade.
2026-09-18 15:23:47,006 | [V] choppy/sideways (ADX 23.8) -> mean-reversion strategy | Signal: HOLD | Shares held: 0.0 | Last price: $369.12
2026-09-18 15:23:47,006 | [V] ACTION: No trade.
2026-09-18 15:23:47,026 | [VEEV] trending (ADX 33.4) -> trend-following strategy | Signal: HOLD | Shares held: 0.0 | Last price: $263.29
2026-09-18 15:23:47,026 | [VEEV] ACTION: No trade.
2026-09-18 15:23:47,048 | [VICI] trending (ADX 50.1) -> trend-following strategy | Signal: HOLD | Shares held: 0.0 | Last price: $23.95
2026-09-18 15:23:47,048 | [VICI] ACTION: No trade.
2026-09-18 15:23:47,071 | [VLO] choppy/sideways (ADX 10.2) -> mean-reversion strategy | Signal: HOLD | Shares held: 0.0 | Last price: $414.75
2026-09-18 15:23:47,071 | [VLO] ACTION: No trade.
2026-09-18 15:23:47,091 | [VLTO] trending (ADX 26.3) -> trend-following strategy | Signal: HOLD | Shares held: 0.0 | Last price: $95.14
2026-09-18 15:23:47,092 | [VLTO] ACTION: No trade.
2026-09-18 15:23:47,112 | [VMC] choppy/sideways (ADX 21.9) -> mean-reversion strategy | Signal: HOLD | Shares held: 0.0 | Last price: $243.07
2026-09-18 15:23:47,112 | [VMC] ACTION: No trade.
2026-09-18 15:23:47,132 | [VMRK] trending (ADX 40.0) -> trend-following strategy | Signal: HOLD | Shares held: 0.0 | Last price: $62.14
2026-09-18 15:23:47,132 | [VMRK] ACTION: No trade.
2026-09-18 15:23:47,154 | [VRSK] trending (ADX 29.3) -> trend-following strategy | Signal: HOLD | Shares held: 0.0 | Last price: $176.97
2026-09-18 15:23:47,154 | [VRSK] ACTION: No trade.
2026-09-18 15:23:47,175 | [VRSN] choppy/sideways (ADX 11.7) -> mean-reversion strategy | Signal: HOLD | Shares held: 0.0 | Last price: $304.53
2026-09-18 15:23:47,175 | [VRSN] ACTION: No trade.
2026-09-18 15:23:47,195 | [VRT] trending (ADX 30.6) -> trend-following strategy | Signal: HOLD | Shares held: 0.0 | Last price: $246.22
2026-09-18 15:23:47,195 | [VRT] ACTION: No trade.
2026-09-18 15:23:47,216 | [VRTX] choppy/sideways (ADX 13.5) -> mean-reversion strategy | Signal: HOLD | Shares held: 0.0 | Last price: $507.78
2026-09-18 15:23:47,216 | [VRTX] ACTION: No trade.
2026-09-18 15:23:47,236 | [VST] choppy/sideways (ADX 18.5) -> mean-reversion strategy | Signal: HOLD | Shares held: 0.0 | Last price: $141.89
2026-09-18 15:23:47,236 | [VST] ACTION: No trade.
2026-09-18 15:23:47,256 | [VTR] choppy/sideways (ADX 19.1) -> mean-reversion strategy | Signal: HOLD | Shares held: 0.0 | Last price: $86.92
2026-09-18 15:23:47,256 | [VTR] ACTION: No trade.
2026-09-18 15:23:47,276 | [VTRS] trending (ADX 28.6) -> trend-following strategy | Signal: HOLD | Shares held: 0.0 | Last price: $16.98
2026-09-18 15:23:47,276 | [VTRS] ACTION: No trade.
2026-09-18 15:23:47,296 | [VZ] trending (ADX 59.4) -> trend-following strategy | Signal: HOLD | Shares held: 0.0 | Last price: $48.05
2026-09-18 15:23:47,296 | [VZ] ACTION: No trade.
2026-09-18 15:23:47,317 | [WAB] choppy/sideways (ADX 22.2) -> mean-reversion strategy | Signal: HOLD | Shares held: 0.0 | Last price: $278.17
2026-09-18 15:23:47,317 | [WAB] ACTION: No trade.
2026-09-18 15:23:47,337 | [WAT] choppy/sideways (ADX 22.9) -> mean-reversion strategy | Signal: HOLD | Shares held: 0.0 | Last price: $422.75
2026-09-18 15:23:47,337 | [WAT] ACTION: No trade.
2026-09-18 15:23:47,357 | [WBD] trending (ADX 25.0) -> trend-following strategy | Signal: HOLD | Shares held: 0.0 | Last price: $27.93
2026-09-18 15:23:47,357 | [WBD] ACTION: No trade.
2026-09-18 15:23:47,377 | [WDAY] trending (ADX 30.0) -> trend-following strategy | Signal: HOLD | Shares held: 0.0 | Last price: $195.52
2026-09-18 15:23:47,377 | [WDAY] ACTION: No trade.
2026-09-18 15:23:47,397 | [WDC] trending (ADX 29.6) -> trend-following strategy | Signal: HOLD | Shares held: 0.0 | Last price: $435.11
2026-09-18 15:23:47,398 | [WDC] ACTION: No trade.
2026-09-18 15:23:47,418 | [WEC] choppy/sideways (ADX 17.5) -> mean-reversion strategy | Signal: HOLD | Shares held: 0.0 | Last price: $103.68
2026-09-18 15:23:47,418 | [WEC] ACTION: No trade.
2026-09-18 15:23:47,438 | [WELL] trending (ADX 25.2) -> trend-following strategy | Signal: HOLD | Shares held: 0.0 | Last price: $230.08
2026-09-18 15:23:47,438 | [WELL] ACTION: No trade.
2026-09-18 15:23:47,458 | [WFC] choppy/sideways (ADX 16.8) -> mean-reversion strategy | Signal: HOLD | Shares held: 0.0 | Last price: $86.27
2026-09-18 15:23:47,458 | [WFC] ACTION: No trade.
2026-09-18 15:23:47,479 | [WM] trending (ADX 33.1) -> trend-following strategy | Signal: HOLD | Shares held: 0.0 | Last price: $211.86
2026-09-18 15:23:47,479 | [WM] ACTION: No trade.
2026-09-18 15:23:47,499 | [WMB] choppy/sideways (ADX 16.5) -> mean-reversion strategy | Signal: HOLD | Shares held: 0.0 | Last price: $72.82
2026-09-18 15:23:47,499 | [WMB] ACTION: No trade.
2026-09-18 15:23:47,519 | [WMT] trending (ADX 28.5) -> trend-following strategy | Signal: HOLD | Shares held: 0.0 | Last price: $107.07
2026-09-18 15:23:47,519 | [WMT] ACTION: No trade.
2026-09-18 15:23:47,540 | [WRB] choppy/sideways (ADX 24.4) -> mean-reversion strategy | Signal: HOLD | Shares held: 0.0 | Last price: $69.83
2026-09-18 15:23:47,540 | [WRB] ACTION: No trade.
2026-09-18 15:23:47,560 | [WSM] choppy/sideways (ADX 20.7) -> mean-reversion strategy | Signal: HOLD | Shares held: 0.0 | Last price: $222.76
2026-09-18 15:23:47,560 | [WSM] ACTION: No trade.
2026-09-18 15:23:47,582 | [WST] trending (ADX 29.4) -> trend-following strategy | Signal: HOLD | Shares held: 0.0 | Last price: $360.79
2026-09-18 15:23:47,582 | [WST] ACTION: No trade.
2026-09-18 15:23:47,602 | [WTW] choppy/sideways (ADX 21.8) -> mean-reversion strategy | Signal: HOLD | Shares held: 0.0 | Last price: $310.43
2026-09-18 15:23:47,602 | [WTW] ACTION: No trade.
2026-09-18 15:23:47,622 | [WY] trending (ADX 26.5) -> trend-following strategy | Signal: HOLD | Shares held: 0.0 | Last price: $21.41
2026-09-18 15:23:47,622 | [WY] ACTION: No trade.
2026-09-18 15:23:47,643 | [WYNN] trending (ADX 40.5) -> trend-following strategy | Signal: HOLD | Shares held: 0.0 | Last price: $83.05
2026-09-18 15:23:47,643 | [WYNN] ACTION: No trade.
2026-09-18 15:23:47,663 | [XEL] trending (ADX 29.5) -> trend-following strategy | Signal: HOLD | Shares held: 0.0 | Last price: $72.65
2026-09-18 15:23:47,663 | [XEL] ACTION: No trade.
2026-09-18 15:23:47,683 | [XOM] choppy/sideways (ADX 21.6) -> mean-reversion strategy | Signal: HOLD | Shares held: 0.0 | Last price: $163.19
2026-09-18 15:23:47,683 | [XOM] ACTION: No trade.
2026-09-18 15:23:47,703 | [XYL] choppy/sideways (ADX 12.6) -> mean-reversion strategy | Signal: HOLD | Shares held: 0.0 | Last price: $108.13
2026-09-18 15:23:47,703 | [XYL] ACTION: No trade.
2026-09-18 15:23:47,723 | [XYZ] choppy/sideways (ADX 16.2) -> mean-reversion strategy | Signal: HOLD | Shares held: 0.0 | Last price: $76.19
2026-09-18 15:23:47,723 | [XYZ] ACTION: No trade.
2026-09-18 15:23:47,744 | [YUM] trending (ADX 26.6) -> trend-following strategy | Signal: HOLD | Shares held: 0.0 | Last price: $135.56
2026-09-18 15:23:47,744 | [YUM] ACTION: No trade.
2026-09-18 15:23:47,764 | [ZBH] trending (ADX 33.5) -> trend-following strategy | Signal: HOLD | Shares held: 0.0 | Last price: $95.16
2026-09-18 15:23:47,764 | [ZBH] ACTION: No trade.
2026-09-18 15:23:47,784 | [ZBRA] choppy/sideways (ADX 13.8) -> mean-reversion strategy | Signal: HOLD | Shares held: 0.0 | Last price: $344.30
2026-09-18 15:23:47,784 | [ZBRA] ACTION: No trade.
2026-09-18 15:23:47,805 | [ZTS] choppy/sideways (ADX 16.1) -> mean-reversion strategy | Signal: HOLD | Shares held: 0.0 | Last price: $73.00
2026-09-18 15:23:47,805 | [ZTS] ACTION: No trade.
2026-09-18 15:34:06,060 | Duration window finished.
