2026-10-01 18:11:29,048 | === Adaptive Intraday Trading Bot starting (PAPER TRADING MODE) ===
2026-10-01 18:11:29,048 | Watchlist mode: AUTOMATIC SCANNER (refreshes every 0.5h, up to 50 movers + S&P 500 backstop, 500 watchlist slots total, min price $10, max extension 20%, leveraged ETFs excluded: True, news filter: True). Fallback list: TSLA, NVDA, COIN, AMD, PLTR
2026-10-01 18:11:29,048 | Scanner minimum listing age: ON -- requires >= 100 trading days of daily bar history (real cases this catches: ALMR ~80d, EROC ~43d)
2026-10-01 18:11:29,049 | Bar size: 15min | Check interval while market open: 15min
2026-10-01 18:11:29,049 | Active strategies: gap_continuation, trend_following, mean_reversion (regime-switched by ADX)
2026-10-01 18:11:29,049 | Trend strategy: EMA 9/21 crossover | Range strategy: RSI 14 (25.0/75.0) | Switched by ADX 14 (threshold 25.0)
2026-10-01 18:11:29,049 | No new entries between 210-270 min after the open (historically weak window in backtesting)
2026-10-01 18:11:29,049 | Scanner opening-range blackout: ON -- no new scanner-pick (non-S&P-500) entries in the first 45 min after the open (real-money-confirmed, additive to the lunch-window blackout above, not a replacement for it)
2026-10-01 18:11:29,049 | Risk management: fixed stop-loss -5% / take-profit +10% on every buy
2026-10-01 18:11:29,049 | Position sizing: flat $500 per trade
2026-10-01 18:11:29,049 | Graduated conviction sizing: ON -- qualifying strategies: none yet (real evidence-gated, see strategy.py). 1 of 3 confirming signals (strategy match / ADX >= 35 / volume >= 2.5x avg) sizes at $5000; 2 or more signals sizes at up to the full remaining $25,000/day pool (volatility-based size-down always wins when a trade qualifies for both)
2026-10-01 18:11:29,049 | Position limits: max 18 concurrent positions | max 5.0% aggregate portfolio risk | daily loss circuit breaker at -3% (pauses new entries only)
2026-10-01 18:11:29,049 | Portfolio heat cap: max $2,000 aggregate $-at-risk across all open positions
2026-10-01 18:11:29,049 | Sector concentration cap: max 2 open positions per sector (new entries only; symbols with no known sector are exempt)
2026-10-01 18:11:29,049 | End-of-day mode: positions will be auto-closed 10 min before market close.
2026-10-01 18:11:29,049 | Loaded saved watchlist from previous run: NVDA, MU, META, TSLA, AAPL, INTC, AMD, SNDK, MSFT, AMZN, GOOGL, AVGO, GOOG, BE, ORCL, LITE, MRVL, MDT, DELL, V, CRM, AMAT, LLY, JPM, STX, WDC, PLTR, MRNA, LRCX, COST, AZO, TMO, BA, WMT, MA, NFLX, PANW, HOOD, JNJ, QCOM, CAT, XOM, BRK.B, GS, TXN, CRWD, DHR, MRK, TJX, CSCO, BAC, GEV, AMGN, UNH, HD, DASH, WBD, ACN, CVX, C, FICO, ABBV, ADI, COHR, ILMN, PG, VLO, GE, MS, URI, DE, WFC, MPC, KLAC, GILD, LIN, CRH, DDOG, ALL, NOW, APP, REGN, DIS, PGR, PSX, ETN, COIN, PM, SCHW, SNPS, APH, TT, SLB, AXP, COP, CVS, SYK, CDNS, BMY, MCD, SHW, ABT, BKNG, NEE, KO, HPE, AIG, NXPI, NKE, EXPE, SMCI, ISRG, UNP, TMUS, COF, LOW, PEP, SPGI, CCL, ANET, GLW, RCL, CI, JBL, INTU, CB, KR, MMM, MPWR, MAR, BLK, BNY, ADBE, IBM, PH, HUM, UBER, HLT, BSX, EQIX, WELL, BX, ITW, GM, MRSH, ELV, PWR, IR, ABNB, RTX, TER, GD, MLM, SO, VZ, MCK, VRT, FCX, ADP, HCA, SBUX, COR, NTAP, AMT, CIEN, AON, TEL, PLD, CMI, ROST, MCHP, T, AKAM, EMR, TDG, WMB, PFE, GWW, CBOE, ACGL, JCI, DUK, VRTX, USB, CAH, VMC, CEG, TGT, ON, PNC, DHI, HWM, IQV, HBAN, FERG, RVTY, XEL, KKR, CVNA, MDLZ, A, LMT, EBAY, NEM, MNST, APO, CASY, HON, VST, FIX, VEEV, WAT, FDX, EOG, MCO, CSX, RDDT, WEC, PCAR, WM, SWKS, CTAS, CBRE, ORLY, HONA, CMG, AME, CME, P, EW, STT, TRV, LHX, ICE, FTNT, FITB, CMCSA, MSCI, ECL, AMP, AJG, DTE, PAYX, FAST, CL, FANG, OTIS, CMS, DAL, LYV, SYY, AEP, NUE, ADSK, CARR, BDX, RF, EXC, WDAY, ETR, KEY, AXON, KEYS, ROL, PYPL, EFX, MSI, BKR, KVUE, BIIB, TRGP, DG, TTWO, APD, LEN, DRI, CTVA, ODFL, MET, TFC, NOC, COO, SRE, VMRK, TPR, CTSH, KDP, PCG, DGX, FDS, IDXX, EXE, PPL, ARES, KMB, OXY, FISV, CFG, YUM, MO, TSCO, LULU, XYZ, PSA, DLTR, OKE, PEG, NDAQ, DOV, LNT, O, UPS, EL, UAL, CHTR, CPAY, HAL, F, ROP, EQT, GEN, DXCM, CF, HPQ, FSLR, DLR, MTD, CNC, TECH, AEE, DVN, EME, NI, ROK, KMI, HIG, EIX, HSY, ECHO, VRSK, ZTS, GIS, DECK, CRL, STLD, SPG, WAB, FFIV, EVRG, FOXA, XYL, NRG, RSG, CNP, AWK, JBHT, DPZ, RMD, ULTA, D, ZBRA, FIS, BBY, FLEX, IBKR, ED, APA, RL, SW, VTR, LH, NSC, CCI, LII, WST, ADM, OMC, GRMN, SYF, ES, PPG, CDW, HUBB, INCY, TYL, MTB, IP, NVR, NCLH, TKO, PODD, AFL, ALB, CPRT, WTW, LVS, PHM, CHD, PRU, GEHC, GDDY, VTRS, LUV, EXR, FDXF, MKC, BAX, ZBH, HST, LYB, KHC, GPN, EXPD, VRSN, WYNN, IT, CLX, STZ, BG, WSM, TDY, HAS, RJF, DOW, FE, IRM, SWK, IFF, ALLE, VICI, GNRC, MGM, VLTO, IVZ, IEX, ATO, WRB, SJM, NTRS, TXT, TSN, TROW, CHRW, NWSA, MAA, FRT, BR, MAS, PTC, ESS, PNW, CPT, APTV, PFG, AES, ALGN, PSKY, SBAC, BRO, EG, CSGP, JKHY, UDR, TRMB, Q, LDOS, PKG, INVH, J, HII, UHS, NDSN, MOS, BALL, BEN, WY, DD, PNR, STE, CINF, AMCR, KIM, FTV, DVA, AVY, DOC, SNA, GPC, L, HSIC
2026-10-01 18:11:29,049 | Restored daily risk state from previous run: day 2026-09-30, breaker tripped: False
2026-10-01 18:11:29,049 | Restored open-position context for 2 symbol(s) from previous run.
2026-10-01 18:11:29,049 | Running in --duration-minutes mode: cycling for 150 minutes, then exiting.
2026-10-01 18:11:29,326 | Daily loss circuit breaker: tracking from starting equity $99,331.58 (limit -3%).
2026-10-01 18:11:29,326 | Daily conviction-sizing pool reset: $25,000 available today.
2026-10-01 18:11:29,326 | SCANNER: refreshing watchlist...
2026-10-01 18:11:29,787 | SCANNER: excluded 2 leveraged/inverse ETF(s) from 3 candidate(s).
2026-10-01 18:11:30,050 | SCANNER: 1 candidate(s) passed price/extension filters but none met the $10,000,000 average dollar-volume bar.
2026-10-01 18:11:30,167 | S&P 500: refreshed constituent list (503 symbols).
2026-10-01 18:11:52,618 | S&P 500 liquidity backstop -> MU, NVDA, META, AAPL, TSLA, SNDK, INTC, AMD, MSFT, GOOGL, AMZN, AVGO, GOOG, LITE, BE, ORCL, MRVL, MDT, DELL, AMAT, LLY, MRNA, PLTR, ACN, WDC, CRM, JPM, V, STX, MA, LRCX, TMO, COST, NFLX, PANW, WMT, AZO, BRK.B, HOOD, BA, JNJ, GEV, WBD, COHR, GS, CRWD, BAC, XOM, CAT, QCOM, C, HD, DHR, MS, TJX, TXN, SNPS, MRK, CSCO, AMGN, DE, FICO, UNH, WFC, ABBV, CVX, VLO, DASH, GE, APP, PG, URI, ADI, KLAC, APH, ALL, DIS, SPGI, MPC, NOW, SLB, REGN, AXP, LIN, IBM, CDNS, KO, NKE, ETN, ILMN, COIN, COP, GILD, HPE, PGR, TT, DDOG, MCD, PSX, SCHW, BMY, CRH, SYK, COF, PM, SMCI, ABT, LOW, PEP, UNP, NEE, CI, AIG, BKNG, MCK, INTU, RCL, ANET, EXPE, GLW, WELL, CCL, SHW, ADBE, UBER, ISRG, BNY, PH, TMUS, BLK, NXPI, PLD, PWR, CVS, EQIX, SO, CMI, BX, ABNB, RTX, MMM, ADP, JBL, HLT, MRSH, BSX, VZ, KR, MAR, ITW, EMR, CB, CIEN, COR, ELV, VRT, FCX, NTAP, MPWR, HCA, IR, MLM, TER, CEG, T, WMB, GM, HUM, TGT, AON, USB, JCI, TDG, AMT, PNC, CBOE, DUK, MCO, GD, HWM, ACGL, MDLZ, APO, CSX, TEL, DHI, PFE, HBAN, VRTX, KKR, VMC, FERG, ROST, MCHP, CVNA, GWW, IQV, HON, CTVA, CTSH, SBUX, NEM, MNST, AME, LMT, ON, FITB, AJG, FDX, CAH, EBAY, STT, CASY, VST, AKAM, EXC, FIX, A, CME, EOG, ICE, FTNT, WM, RDDT, HONA, RVTY, LEN, CMS, XEL, CMG, ECL, TRV, VEEV, DAL, AEP, WDAY, SWKS, CL, WEC, LHX, WAT, CBRE, ORLY, AXON, FAST, EW, ETR, LYV, ODFL, P, TFC, MSCI, CTAS, PCAR, NUE, KDP, TRGP, TTWO, KVUE, BIIB, KEYS, ADSK, SYY, AMP, PCG, OTIS, PPL, MSI, BDX, CMCSA, APD, RF, FANG, BKR, ROL, CARR, FDS, PAYX, DTE, CFG, KEY, TPR, NOC, SRE, OXY, KMB, PYPL, ROK, COO, UAL, ED, DLR, MET, EFX, NDAQ, MO, VMRK, DGX, DOV, DRI, DG, TSCO, PSA, LNT, UPS, F, EXE, HIG, ROP, DLTR, DXCM, EME, HAL, XYZ, O, HPQ, IDXX, PEG, OKE, EL, CF, YUM, CPAY, FISV, STLD, FSLR, AWK, CHTR, NI, ARES, TECH, KMI, FOXA, DVN, EIX, GIS, EVRG, LULU, AEE, CNC, RSG, IBKR, SPG, HSY, BBY, FFIV, CNP, MTD, DECK, XYL, FLEX, D, GEN, WAB, VRSK, EQT, MTB, NRG, ECHO, ZTS, RMD, SW, NVR, APA, CRL, JBHT, CCI, DPZ, NSC, WST, INCY, SYF, HUBB, GRMN, VTR, ULTA, ES, LII, PHM, ADM, HST, WSM, PPG, CHD, LH, NCLH, AFL, RL, TYL, IP, ZBRA, PODD, LUV, TKO, DOW, OMC, CDW, TROW, VRSN, FDXF, PRU, FE, WYNN, LYB, FIS, EXPD, GPN, KHC, ALB, NTRS, WTW, EXR, LVS, CPRT, ZBH, MKC, GEHC, STZ, IRM, GNRC, PTC, BAX, VICI, IFF, CLX, SWK, GDDY, RJF, IEX, CHRW, ALLE, BG, MAA, VTRS, TDY, WRB, IT, PNW, TSN, ESS, SJM, ATO, VLTO, AES, HAS, TXT, HII, BRO, BEN, MGM, CSGP, NWSA, Q, MAS, EG, TRMB, FRT, CPT, IVZ, SBAC, MOS, PFG, APTV, BR, UDR, WY, ALGN, JKHY, PKG, INVH, LDOS, J, PNR, BALL, CINF, L, NDSN, UHS, DD, FTV, AVY, KIM, STE, AMCR, DOC, SNA, AOS, GPC, DVA, ARE
2026-10-01 18:11:52,621 | SCANNER: new watchlist -> MU, NVDA, META, AAPL, TSLA, SNDK, INTC, AMD, MSFT, GOOGL, AMZN, AVGO, GOOG, LITE, BE, ORCL, MRVL, MDT, DELL, AMAT, LLY, MRNA, PLTR, ACN, WDC, CRM, JPM, V, STX, MA, LRCX, TMO, COST, NFLX, PANW, WMT, AZO, BRK.B, HOOD, BA, JNJ, GEV, WBD, COHR, GS, CRWD, BAC, XOM, CAT, QCOM, C, HD, DHR, MS, TJX, TXN, SNPS, MRK, CSCO, AMGN, DE, FICO, UNH, WFC, ABBV, CVX, VLO, DASH, GE, APP, PG, URI, ADI, KLAC, APH, ALL, DIS, SPGI, MPC, NOW, SLB, REGN, AXP, LIN, IBM, CDNS, KO, NKE, ETN, ILMN, COIN, COP, GILD, HPE, PGR, TT, DDOG, MCD, PSX, SCHW, BMY, CRH, SYK, COF, PM, SMCI, ABT, LOW, PEP, UNP, NEE, CI, AIG, BKNG, MCK, INTU, RCL, ANET, EXPE, GLW, WELL, CCL, SHW, ADBE, UBER, ISRG, BNY, PH, TMUS, BLK, NXPI, PLD, PWR, CVS, EQIX, SO, CMI, BX, ABNB, RTX, MMM, ADP, JBL, HLT, MRSH, BSX, VZ, KR, MAR, ITW, EMR, CB, CIEN, COR, ELV, VRT, FCX, NTAP, MPWR, HCA, IR, MLM, TER, CEG, T, WMB, GM, HUM, TGT, AON, USB, JCI, TDG, AMT, PNC, CBOE, DUK, MCO, GD, HWM, ACGL, MDLZ, APO, CSX, TEL, DHI, PFE, HBAN, VRTX, KKR, VMC, FERG, ROST, MCHP, CVNA, GWW, IQV, HON, CTVA, CTSH, SBUX, NEM, MNST, AME, LMT, ON, FITB, AJG, FDX, CAH, EBAY, STT, CASY, VST, AKAM, EXC, FIX, A, CME, EOG, ICE, FTNT, WM, RDDT, HONA, RVTY, LEN, CMS, XEL, CMG, ECL, TRV, VEEV, DAL, AEP, WDAY, SWKS, CL, WEC, LHX, WAT, CBRE, ORLY, AXON, FAST, EW, ETR, LYV, ODFL, P, TFC, MSCI, CTAS, PCAR, NUE, KDP, TRGP, TTWO, KVUE, BIIB, KEYS, ADSK, SYY, AMP, PCG, OTIS, PPL, MSI, BDX, CMCSA, APD, RF, FANG, BKR, ROL, CARR, FDS, PAYX, DTE, CFG, KEY, TPR, NOC, SRE, OXY, KMB, PYPL, ROK, COO, UAL, ED, DLR, MET, EFX, NDAQ, MO, VMRK, DGX, DOV, DRI, DG, TSCO, PSA, LNT, UPS, F, EXE, HIG, ROP, DLTR, DXCM, EME, HAL, XYZ, O, HPQ, IDXX, PEG, OKE, EL, CF, YUM, CPAY, FISV, STLD, FSLR, AWK, CHTR, NI, ARES, TECH, KMI, FOXA, DVN, EIX, GIS, EVRG, LULU, AEE, CNC, RSG, IBKR, SPG, HSY, BBY, FFIV, CNP, MTD, DECK, XYL, FLEX, D, GEN, WAB, VRSK, EQT, MTB, NRG, ECHO, ZTS, RMD, SW, NVR, APA, CRL, JBHT, CCI, DPZ, NSC, WST, INCY, SYF, HUBB, GRMN, VTR, ULTA, ES, LII, PHM, ADM, HST, WSM, PPG, CHD, LH, NCLH, AFL, RL, TYL, IP, ZBRA, PODD, LUV, TKO, DOW, OMC, CDW, TROW, VRSN, FDXF, PRU, FE, WYNN, LYB, FIS, EXPD, GPN, KHC, ALB, NTRS, WTW, EXR, LVS, CPRT, ZBH, MKC, GEHC, STZ, IRM, GNRC, PTC, BAX, VICI, IFF, CLX, SWK, GDDY, RJF, IEX, CHRW, ALLE, BG, MAA, VTRS, TDY, WRB, IT, PNW, TSN, ESS, SJM, ATO, VLTO, AES, HAS, TXT, HII, BRO, BEN, MGM, CSGP, NWSA, Q, MAS, EG, TRMB, FRT, CPT, IVZ, SBAC, MOS, PFG, APTV, BR, UDR, WY, ALGN, JKHY, PKG, INVH, LDOS, J, PNR, BALL, CINF, L, NDSN, UHS, DD, FTV, AVY, KIM, STE, AMCR, DOC, SNA, AOS, GPC, DVA, ARE
2026-10-01 18:11:52,733 | Market is open (closes 2026-10-01 22:00:00 CEST your local time). Checking 490 symbols: A, AAPL, ABBV, ABNB, ABT, ACGL, ACN, ADBE, ADI, ADM, ADP, ADSK, AEE, AEP, AES, AFL, AIG, AJG, AKAM, ALB, ALGN, ALL, ALLE, AMAT, AMCR, AMD, AME, AMGN, AMP, AMT, AMZN, ANET, AON, AOS, APA, APD, APH, APO, APP, APTV, ARE, ARES, ATO, AVGO, AVY, AWK, AXON, AXP, AZO, BA, BAC, BALL, BAX, BBY, BDX, BE, BEN, BG, BIIB, BKNG, BKR, BLK, BMY, BNY, BR, BRK.B, BRO, BSX, BX, C, CAH, CARR, CASY, CAT, CB, CBOE, CBRE, CCI, CCL, CDNS, CDW, CEG, CF, CFG, CHD, CHRW, CHTR, CI, CIEN, CINF, CL, CLX, CMCSA, CME, CMG, CMI, CMS, CNC, CNP, COF, COHR, COIN, COO, COP, COR, COST, CPAY, CPRT, CPT, CRH, CRL, CRM, CRWD, CSCO, CSGP, CSX, CTAS, CTSH, CTVA, CVNA, CVS, CVX, D, DAL, DASH, DD, DDOG, DE, DECK, DELL, DG, DGX, DHI, DHR, DIS, DLR, DLTR, DOC, DOV, DOW, DPZ, DRI, DTE, DUK, DVA, DVN, DXCM, EBAY, ECHO, ECL, ED, EFX, EG, EIX, EL, ELV, EME, EMR, EOG, EQIX, EQT, ES, ESS, ETN, ETR, EVRG, EW, EXC, EXE, EXPD, EXPE, EXR, F, FANG, FAST, FCX, FDS, FDX, FDXF, FE, FERG, FFIV, FICO, FIS, FISV, FITB, FIX, FLEX, FOXA, FRT, FSLR, FTNT, FTV, GD, GDDY, GE, GEHC, GEN, GEV, GILD, GIS, GLW, GM, GNRC, GOOG, GOOGL, GPC, GPN, GRMN, GS, GWW, HAL, HAS, HBAN, HCA, HD, HIG, HII, HLT, HON, HONA, HOOD, HPE, HPQ, HST, HSY, HUBB, HUM, HWM, IBKR, IBM, ICE, IDXX, IEX, IFF, ILMN, INCY, INTC, INTU, INVH, IP, IQV, IR, IRM, ISRG, IT, ITW, IVZ, J, JBHT, JBL, JCI, JKHY, JNJ, JPM, KDP, KEY, KEYS, KHC, KIM, KKR, KLAC, KMB, KMI, KO, KR, KVUE, L, LDOS, LEN, LH, LHX, LII, LIN, LITE, LLY, LMT, LNT, LOW, LRCX, LULU, LUV, LVS, LYB, LYV, MA, MAA, MAR, MAS, MCD, MCHP, MCK, MCO, MDLZ, MDT, MET, META, MGM, MKC, MLM, MMM, MNST, MO, MOS, MPC, MPWR, MRK, MRNA, MRSH, MRVL, MS, MSCI, MSFT, MSI, MTB, MTD, MU, NCLH, NDAQ, NDSN, NEE, NEM, NFLX, NI, NKE, NOC, NOW, NRG, NSC, NTAP, NTRS, NUE, NVDA, NVR, NWSA, NXPI, O, ODFL, OKE, OMC, ON, ORCL, ORLY, OTIS, OXY, P, PANW, PAYX, PCAR, PCG, PEG, PEP, PFE, PFG, PG, PGR, PH, PHM, PKG, PLD, PLTR, PM, PNC, PNR, PNW, PODD, PPG, PPL, PRU, PSA, PSX, PTC, PWR, PYPL, Q, QCOM, RCL, RDDT, REGN, RF, RJF, RL, RMD, ROK, ROL, ROP, ROST, RSG, RTX, RVTY, SBAC, SBUX, SCHW, SHW, SJM, SLB, SMCI, SNA, SNDK, SNPS, SO, SPG, SPGI, SRE, STE, STLD, STT, STX, STZ, SW, SWK, SWKS, SYF, SYK, SYY, T, TDG, TDY, TECH, TEL, TER, TFC, TGT, TJX, TKO, TMO, TMUS, TPR, TRGP, TRMB, TROW, TRV, TSCO, TSLA, TSN, TT, TTWO, TXN, TXT, TYL, UAL, UBER, UDR, UHS, ULTA, UNH, UNP, UPS, URI, USB, V, VEEV, VICI, VLO, VLTO, VMC, VMRK, VRSK, VRSN, VRT, VRTX, VST, VTR, VTRS, VZ, WAB, WAT, WBD, WDAY, WDC, WEC, WELL, WFC, WM, WMB, WMT, WRB, WSM, WST, WTW, WY, WYNN, XEL, XOM, XYL, XYZ, YUM, ZBH, ZBRA, ZTS
2026-10-01 18:12:44,458 | [A] trending (ADX 59.8) -> trend-following strategy | Signal: HOLD | Shares held: 0.0 | Last price: $167.56
2026-10-01 18:12:44,458 | [A] ACTION: No trade.
2026-10-01 18:12:44,479 | [AAPL] trending (ADX 41.0) -> trend-following strategy | Signal: HOLD | Shares held: 0.0 | Last price: $328.71
2026-10-01 18:12:44,479 | [AAPL] ACTION: No trade.
2026-10-01 18:12:44,500 | [ABBV] trending (ADX 35.8) -> trend-following strategy | Signal: HOLD | Shares held: 0.0 | Last price: $260.44
2026-10-01 18:12:44,500 | [ABBV] ACTION: No trade.
2026-10-01 18:12:44,578 | [ABNB] choppy/sideways (ADX 21.3) -> mean-reversion strategy | Signal: HOLD | Shares held: 0.0 | Last price: $159.58
2026-10-01 18:12:44,578 | [ABNB] ACTION: No trade.
2026-10-01 18:12:44,599 | [ABT] trending (ADX 31.2) -> trend-following strategy | Signal: HOLD | Shares held: 0.0 | Last price: $97.53
2026-10-01 18:12:44,599 | [ABT] ACTION: No trade.
2026-10-01 18:12:44,676 | [ACGL] choppy/sideways (ADX 23.0) -> mean-reversion strategy | Signal: HOLD | Shares held: 0.0 | Last price: $93.83
2026-10-01 18:12:44,676 | [ACGL] ACTION: No trade.
2026-10-01 18:12:44,751 | [ACN] trending (ADX 51.6) -> trend-following strategy | Signal: HOLD | Shares held: 0.0 | Last price: $216.14
2026-10-01 18:12:44,752 | [ACN] ACTION: No trade.
2026-10-01 18:12:44,771 | [ADBE] trending (ADX 28.1) -> trend-following strategy | Signal: HOLD | Shares held: 0.0 | Last price: $241.78
2026-10-01 18:12:44,771 | [ADBE] ACTION: No trade.
2026-10-01 18:12:44,848 | [ADI] choppy/sideways (ADX 15.3) -> mean-reversion strategy | Signal: HOLD | Shares held: 0.0 | Last price: $402.12
2026-10-01 18:12:44,848 | [ADI] ACTION: No trade.
2026-10-01 18:12:44,923 | [ADM] trending (ADX 39.8) -> trend-following strategy | Signal: HOLD | Shares held: 0.0 | Last price: $79.03
2026-10-01 18:12:44,923 | [ADM] ACTION: No trade.
2026-10-01 18:12:44,998 | [ADP] choppy/sideways (ADX 18.5) -> mean-reversion strategy | Signal: HOLD | Shares held: 0.0 | Last price: $264.08
2026-10-01 18:12:44,998 | [ADP] ACTION: No trade.
2026-10-01 18:12:45,074 | [ADSK] trending (ADX 30.8) -> trend-following strategy | Signal: HOLD | Shares held: 0.0 | Last price: $212.32
2026-10-01 18:12:45,075 | [ADSK] ACTION: No trade.
2026-10-01 18:12:45,150 | [AEE] choppy/sideways (ADX 11.7) -> mean-reversion strategy | Signal: HOLD | Shares held: 0.0 | Last price: $99.49
2026-10-01 18:12:45,151 | [AEE] ACTION: No trade.
2026-10-01 18:12:45,226 | [AEP] choppy/sideways (ADX 15.6) -> mean-reversion strategy | Signal: HOLD | Shares held: 0.0 | Last price: $119.31
2026-10-01 18:12:45,226 | [AEP] ACTION: No trade.
2026-10-01 18:12:45,302 | [AES] trending (ADX 49.5) -> trend-following strategy | Signal: HOLD | Shares held: 0.0 | Last price: $14.92
2026-10-01 18:12:45,302 | [AES] ACTION: No trade.
2026-10-01 18:12:45,377 | [AFL] trending (ADX 53.0) -> trend-following strategy | Signal: HOLD | Shares held: 0.0 | Last price: $110.88
2026-10-01 18:12:45,377 | [AFL] ACTION: No trade.
2026-10-01 18:12:45,453 | [AIG] choppy/sideways (ADX 10.8) -> mean-reversion strategy | Signal: HOLD | Shares held: 0.0 | Last price: $74.94
2026-10-01 18:12:45,453 | [AIG] ACTION: No trade.
2026-10-01 18:12:45,531 | [AJG] trending (ADX 29.7) -> trend-following strategy | Signal: HOLD | Shares held: 0.0 | Last price: $231.67
2026-10-01 18:12:45,531 | [AJG] ACTION: No trade.
2026-10-01 18:12:45,606 | [AKAM] choppy/sideways (ADX 21.3) -> mean-reversion strategy | Signal: HOLD | Shares held: 0.0 | Last price: $106.16
2026-10-01 18:12:45,606 | [AKAM] ACTION: No trade.
2026-10-01 18:12:45,682 | [ALB] trending (ADX 26.3) -> trend-following strategy | Signal: BUY | Shares held: 0.0 | Last price: $104.99
2026-10-01 18:12:45,682 | [ALB] ACTION: No trade (within the historically weak 210-270 min-since-open entry window).
2026-10-01 18:12:45,758 | [ALGN] choppy/sideways (ADX 21.5) -> mean-reversion strategy | Signal: HOLD | Shares held: 0.0 | Last price: $144.29
2026-10-01 18:12:45,758 | [ALGN] ACTION: No trade.
2026-10-01 18:12:45,834 | [ALL] choppy/sideways (ADX 10.5) -> mean-reversion strategy | Signal: HOLD | Shares held: 0.0 | Last price: $223.44
2026-10-01 18:12:45,834 | [ALL] ACTION: No trade.
2026-10-01 18:12:45,910 | [ALLE] trending (ADX 33.9) -> trend-following strategy | Signal: HOLD | Shares held: 0.0 | Last price: $152.65
2026-10-01 18:12:45,910 | [ALLE] ACTION: No trade.
2026-10-01 18:12:45,931 | [AMAT] trending (ADX 31.6) -> trend-following strategy | Signal: HOLD | Shares held: 0.0 | Last price: $528.01
2026-10-01 18:12:45,931 | [AMAT] ACTION: No trade.
2026-10-01 18:12:46,012 | [AMCR] choppy/sideways (ADX 22.5) -> mean-reversion strategy | Signal: HOLD | Shares held: 0.0 | Last price: $41.95
2026-10-01 18:12:46,012 | [AMCR] ACTION: No trade.
2026-10-01 18:12:46,032 | [AMD] choppy/sideways (ADX 16.3) -> mean-reversion strategy | Signal: HOLD | Shares held: 0.0 | Last price: $616.40
2026-10-01 18:12:46,032 | [AMD] ACTION: No trade.
2026-10-01 18:12:46,107 | [AME] choppy/sideways (ADX 23.8) -> mean-reversion strategy | Signal: HOLD | Shares held: 0.0 | Last price: $249.03
2026-10-01 18:12:46,107 | [AME] ACTION: No trade.
2026-10-01 18:12:46,231 | [AMGN] trending (ADX 48.4) -> trend-following strategy | Signal: HOLD | Shares held: 0.0 | Last price: $410.52
2026-10-01 18:12:46,231 | [AMGN] ACTION: No trade.
2026-10-01 18:12:46,309 | [AMP] choppy/sideways (ADX 19.7) -> mean-reversion strategy | Signal: HOLD | Shares held: 0.0 | Last price: $495.92
2026-10-01 18:12:46,309 | [AMP] ACTION: No trade.
2026-10-01 18:12:46,385 | [AMT] trending (ADX 38.4) -> trend-following strategy | Signal: HOLD | Shares held: 0.0 | Last price: $161.46
2026-10-01 18:12:46,385 | [AMT] ACTION: No trade.
2026-10-01 18:12:46,406 | [AMZN] choppy/sideways (ADX 20.2) -> mean-reversion strategy | Signal: HOLD | Shares held: 0.0 | Last price: $248.95
2026-10-01 18:12:46,406 | [AMZN] ACTION: No trade.
2026-10-01 18:12:46,482 | [ANET] choppy/sideways (ADX 11.2) -> mean-reversion strategy | Signal: HOLD | Shares held: 0.0 | Last price: $204.78
2026-10-01 18:12:46,482 | [ANET] ACTION: No trade.
2026-10-01 18:12:46,558 | [AON] trending (ADX 26.3) -> trend-following strategy | Signal: HOLD | Shares held: 0.0 | Last price: $275.91
2026-10-01 18:12:46,558 | [AON] ACTION: No trade.
2026-10-01 18:12:46,634 | [AOS] trending (ADX 36.1) -> trend-following strategy | Signal: HOLD | Shares held: 0.0 | Last price: $55.59
2026-10-01 18:12:46,634 | [AOS] ACTION: No trade.
2026-10-01 18:12:46,711 | [APA] choppy/sideways (ADX 21.6) -> mean-reversion strategy | Signal: HOLD | Shares held: 0.0 | Last price: $43.33
2026-10-01 18:12:46,711 | [APA] ACTION: No trade.
2026-10-01 18:12:46,788 | [APD] trending (ADX 39.2) -> trend-following strategy | Signal: HOLD | Shares held: 0.0 | Last price: $272.02
2026-10-01 18:12:46,788 | [APD] ACTION: No trade.
2026-10-01 18:12:46,865 | [APH] trending (ADX 41.6) -> trend-following strategy | Signal: HOLD | Shares held: 0.0 | Last price: $86.54
2026-10-01 18:12:46,865 | [APH] ACTION: No trade.
2026-10-01 18:12:46,942 | [APO] choppy/sideways (ADX 19.1) -> mean-reversion strategy | Signal: HOLD | Shares held: 0.0 | Last price: $115.48
2026-10-01 18:12:46,942 | [APO] ACTION: No trade.
2026-10-01 18:12:47,018 | [APP] trending (ADX 64.5) -> trend-following strategy | Signal: HOLD | Shares held: 0.0 | Last price: $279.98
2026-10-01 18:12:47,018 | [APP] ACTION: No trade.
2026-10-01 18:12:47,094 | [APTV] trending (ADX 25.8) -> trend-following strategy | Signal: HOLD | Shares held: 0.0 | Last price: $43.89
2026-10-01 18:12:47,094 | [APTV] ACTION: No trade.
2026-10-01 18:12:47,170 | [ARE] trending (ADX 47.9) -> trend-following strategy | Signal: HOLD | Shares held: 0.0 | Last price: $46.09
2026-10-01 18:12:47,171 | [ARE] ACTION: No trade.
2026-10-01 18:12:47,246 | [ARES] choppy/sideways (ADX 19.8) -> mean-reversion strategy | Signal: HOLD | Shares held: 0.0 | Last price: $117.32
2026-10-01 18:12:47,246 | [ARES] ACTION: No trade.
2026-10-01 18:12:47,322 | [ATO] choppy/sideways (ADX 18.4) -> mean-reversion strategy | Signal: HOLD | Shares held: 0.0 | Last price: $155.93
2026-10-01 18:12:47,322 | [ATO] ACTION: No trade.
2026-10-01 18:12:47,342 | [AVGO] choppy/sideways (ADX 22.1) -> mean-reversion strategy | Signal: HOLD | Shares held: 0.0 | Last price: $348.35
2026-10-01 18:12:47,342 | [AVGO] ACTION: No trade.
2026-10-01 18:12:47,418 | [AVY] choppy/sideways (ADX 21.5) -> mean-reversion strategy | Signal: HOLD | Shares held: 0.0 | Last price: $172.26
2026-10-01 18:12:47,418 | [AVY] ACTION: No trade.
2026-10-01 18:12:47,494 | [AWK] choppy/sideways (ADX 24.8) -> mean-reversion strategy | Signal: HOLD | Shares held: 0.0 | Last price: $128.28
2026-10-01 18:12:47,494 | [AWK] ACTION: No trade.
2026-10-01 18:12:47,570 | [AXON] choppy/sideways (ADX 24.5) -> mean-reversion strategy | Signal: HOLD | Shares held: 0.0 | Last price: $417.45
2026-10-01 18:12:47,570 | [AXON] ACTION: No trade.
2026-10-01 18:12:47,590 | [AXP] trending (ADX 38.5) -> trend-following strategy | Signal: HOLD | Shares held: 0.0 | Last price: $300.06
2026-10-01 18:12:47,590 | [AXP] ACTION: No trade.
2026-10-01 18:12:47,665 | [AZO] trending (ADX 26.1) -> trend-following strategy | Signal: HOLD | Shares held: 0.0 | Last price: $2771.76
2026-10-01 18:12:47,665 | [AZO] ACTION: No trade.
2026-10-01 18:12:47,685 | [BA] choppy/sideways (ADX 19.9) -> mean-reversion strategy | Signal: HOLD | Shares held: 0.0 | Last price: $188.69
2026-10-01 18:12:47,685 | [BA] ACTION: No trade.
2026-10-01 18:12:47,705 | [BAC] trending (ADX 41.3) -> trend-following strategy | Signal: HOLD | Shares held: 0.0 | Last price: $53.65
2026-10-01 18:12:47,705 | [BAC] ACTION: No trade.
2026-10-01 18:12:47,784 | [BALL] choppy/sideways (ADX 20.0) -> mean-reversion strategy | Signal: HOLD | Shares held: 0.0 | Last price: $56.21
2026-10-01 18:12:47,784 | [BALL] ACTION: No trade.
2026-10-01 18:12:47,859 | [BAX] choppy/sideways (ADX 21.3) -> mean-reversion strategy | Signal: HOLD | Shares held: 0.0 | Last price: $23.61
2026-10-01 18:12:47,859 | [BAX] ACTION: No trade.
2026-10-01 18:12:47,936 | [BBY] choppy/sideways (ADX 22.7) -> mean-reversion strategy | Signal: HOLD | Shares held: 0.0 | Last price: $87.46
2026-10-01 18:12:47,936 | [BBY] ACTION: No trade.
2026-10-01 18:12:48,012 | [BDX] trending (ADX 30.9) -> trend-following strategy | Signal: HOLD | Shares held: 0.0 | Last price: $177.47
2026-10-01 18:12:48,012 | [BDX] ACTION: No trade.
2026-10-01 18:12:48,090 | [BE] choppy/sideways (ADX 12.1) -> mean-reversion strategy | Signal: HOLD | Shares held: 0.0 | Last price: $276.58
2026-10-01 18:12:48,090 | [BE] ACTION: No trade.
2026-10-01 18:12:48,167 | [BEN] trending (ADX 29.2) -> trend-following strategy | Signal: HOLD | Shares held: 0.0 | Last price: $32.37
2026-10-01 18:12:48,167 | [BEN] ACTION: No trade.
2026-10-01 18:12:48,242 | [BG] trending (ADX 39.0) -> trend-following strategy | Signal: HOLD | Shares held: 0.0 | Last price: $106.72
2026-10-01 18:12:48,243 | [BG] ACTION: No trade.
2026-10-01 18:12:48,321 | [BIIB] choppy/sideways (ADX 23.5) -> mean-reversion strategy | Signal: HOLD | Shares held: 0.0 | Last price: $225.69
2026-10-01 18:12:48,321 | [BIIB] ACTION: No trade.
2026-10-01 18:12:48,342 | [BKNG] choppy/sideways (ADX 13.8) -> mean-reversion strategy | Signal: HOLD | Shares held: 0.0 | Last price: $160.85
2026-10-01 18:12:48,342 | [BKNG] ACTION: No trade.
2026-10-01 18:12:48,419 | [BKR] trending (ADX 25.3) -> trend-following strategy | Signal: HOLD | Shares held: 0.0 | Last price: $56.03
2026-10-01 18:12:48,419 | [BKR] ACTION: No trade.
2026-10-01 18:12:48,496 | [BLK] choppy/sideways (ADX 21.1) -> mean-reversion strategy | Signal: HOLD | Shares held: 0.0 | Last price: $1067.43
2026-10-01 18:12:48,496 | [BLK] ACTION: No trade.
2026-10-01 18:12:48,572 | [BMY] trending (ADX 42.5) -> trend-following strategy | Signal: HOLD | Shares held: 0.0 | Last price: $61.64
2026-10-01 18:12:48,572 | [BMY] ACTION: No trade.
2026-10-01 18:12:48,647 | [BNY] trending (ADX 44.4) -> trend-following strategy | Signal: HOLD | Shares held: 0.0 | Last price: $143.39
2026-10-01 18:12:48,647 | [BNY] ACTION: No trade.
2026-10-01 18:12:48,724 | [BR] choppy/sideways (ADX 17.4) -> mean-reversion strategy | Signal: HOLD | Shares held: 0.0 | Last price: $162.11
2026-10-01 18:12:48,724 | [BR] ACTION: No trade.
2026-10-01 18:12:48,799 | [BRK.B] choppy/sideways (ADX 21.1) -> mean-reversion strategy | Signal: HOLD | Shares held: 0.0 | Last price: $498.69
2026-10-01 18:12:48,799 | [BRK.B] ACTION: No trade.
2026-10-01 18:12:48,875 | [BRO] trending (ADX 34.7) -> trend-following strategy | Signal: HOLD | Shares held: 0.0 | Last price: $61.85
2026-10-01 18:12:48,875 | [BRO] ACTION: No trade.
2026-10-01 18:12:48,951 | [BSX] trending (ADX 25.4) -> trend-following strategy | Signal: HOLD | Shares held: 0.0 | Last price: $43.27
2026-10-01 18:12:48,951 | [BSX] ACTION: No trade.
2026-10-01 18:12:49,028 | [BX] choppy/sideways (ADX 21.7) -> mean-reversion strategy | Signal: HOLD | Shares held: 0.0 | Last price: $112.55
2026-10-01 18:12:49,028 | [BX] ACTION: No trade.
2026-10-01 18:12:49,048 | [C] trending (ADX 40.2) -> trend-following strategy | Signal: HOLD | Shares held: 0.0 | Last price: $126.99
2026-10-01 18:12:49,048 | [C] ACTION: No trade.
2026-10-01 18:12:49,124 | [CAH] trending (ADX 40.9) -> trend-following strategy | Signal: HOLD | Shares held: 0.0 | Last price: $228.36
2026-10-01 18:12:49,124 | [CAH] ACTION: No trade.
2026-10-01 18:12:49,200 | [CARR] trending (ADX 25.3) -> trend-following strategy | Signal: HOLD | Shares held: 0.0 | Last price: $54.78
2026-10-01 18:12:49,200 | [CARR] ACTION: No trade.
2026-10-01 18:12:49,277 | [CASY] choppy/sideways (ADX 14.7) -> mean-reversion strategy | Signal: HOLD | Shares held: 0.0 | Last price: $616.69
2026-10-01 18:12:49,277 | [CASY] ACTION: No trade.
2026-10-01 18:12:49,298 | [CAT] choppy/sideways (ADX 20.9) -> mean-reversion strategy | Signal: HOLD | Shares held: 0.0 | Last price: $823.48
2026-10-01 18:12:49,298 | [CAT] ACTION: No trade.
2026-10-01 18:12:49,375 | [CB] choppy/sideways (ADX 18.8) -> mean-reversion strategy | Signal: HOLD | Shares held: 0.0 | Last price: $329.99
2026-10-01 18:12:49,375 | [CB] ACTION: No trade.
2026-10-01 18:12:49,454 | [CBOE] choppy/sideways (ADX 19.9) -> mean-reversion strategy | Signal: HOLD | Shares held: 0.0 | Last price: $278.97
2026-10-01 18:12:49,454 | [CBOE] ACTION: No trade.
2026-10-01 18:12:49,529 | [CBRE] trending (ADX 25.1) -> trend-following strategy | Signal: HOLD | Shares held: 0.0 | Last price: $129.87
2026-10-01 18:12:49,530 | [CBRE] ACTION: No trade.
2026-10-01 18:12:49,605 | [CCI] choppy/sideways (ADX 14.3) -> mean-reversion strategy | Signal: HOLD | Shares held: 0.0 | Last price: $66.66
2026-10-01 18:12:49,605 | [CCI] ACTION: No trade.
2026-10-01 18:12:49,681 | [CCL] choppy/sideways (ADX 18.7) -> mean-reversion strategy | Signal: HOLD | Shares held: 0.0 | Last price: $24.89
2026-10-01 18:12:49,681 | [CCL] ACTION: No trade.
2026-10-01 18:12:49,756 | [CDNS] trending (ADX 31.5) -> trend-following strategy | Signal: HOLD | Shares held: 0.0 | Last price: $349.48
2026-10-01 18:12:49,756 | [CDNS] ACTION: No trade.
2026-10-01 18:12:49,831 | [CDW] trending (ADX 34.2) -> trend-following strategy | Signal: HOLD | Shares held: 0.0 | Last price: $136.32
2026-10-01 18:12:49,831 | [CDW] ACTION: No trade.
2026-10-01 18:12:49,906 | [CEG] trending (ADX 29.7) -> trend-following strategy | Signal: HOLD | Shares held: 0.0 | Last price: $258.73
2026-10-01 18:12:49,906 | [CEG] ACTION: No trade.
2026-10-01 18:12:49,985 | [CF] trending (ADX 27.4) -> trend-following strategy | Signal: HOLD | Shares held: 0.0 | Last price: $114.75
2026-10-01 18:12:49,985 | [CF] ACTION: No trade.
2026-10-01 18:12:50,064 | [CFG] choppy/sideways (ADX 24.4) -> mean-reversion strategy | Signal: HOLD | Shares held: 0.0 | Last price: $63.01
2026-10-01 18:12:50,064 | [CFG] ACTION: No trade.
2026-10-01 18:12:50,139 | [CHD] choppy/sideways (ADX 14.5) -> mean-reversion strategy | Signal: HOLD | Shares held: 0.0 | Last price: $93.88
2026-10-01 18:12:50,139 | [CHD] ACTION: No trade.
2026-10-01 18:12:50,215 | [CHRW] trending (ADX 28.1) -> trend-following strategy | Signal: HOLD | Shares held: 0.0 | Last price: $151.60
2026-10-01 18:12:50,215 | [CHRW] ACTION: No trade.
2026-10-01 18:12:50,291 | [CHTR] choppy/sideways (ADX 21.5) -> mean-reversion strategy | Signal: HOLD | Shares held: 0.0 | Last price: $112.48
2026-10-01 18:12:50,291 | [CHTR] ACTION: No trade.
2026-10-01 18:12:50,367 | [CI] choppy/sideways (ADX 21.5) -> mean-reversion strategy | Signal: HOLD | Shares held: 0.0 | Last price: $267.34
2026-10-01 18:12:50,367 | [CI] ACTION: No trade.
2026-10-01 18:12:50,442 | [CIEN] trending (ADX 63.6) -> trend-following strategy | Signal: HOLD | Shares held: 0.0 | Last price: $375.39
2026-10-01 18:12:50,442 | [CIEN] ACTION: No trade.
2026-10-01 18:12:50,520 | [CINF] choppy/sideways (ADX 25.0) -> mean-reversion strategy | Signal: HOLD | Shares held: 0.0 | Last price: $161.35
2026-10-01 18:12:50,520 | [CINF] ACTION: No trade.
2026-10-01 18:12:50,599 | [CL] trending (ADX 31.1) -> trend-following strategy | Signal: HOLD | Shares held: 0.0 | Last price: $84.57
2026-10-01 18:12:50,599 | [CL] ACTION: No trade.
2026-10-01 18:12:50,676 | [CLX] choppy/sideways (ADX 21.4) -> mean-reversion strategy | Signal: HOLD | Shares held: 0.0 | Last price: $80.14
2026-10-01 18:12:50,676 | [CLX] ACTION: No trade.
2026-10-01 18:12:50,752 | [CMCSA] choppy/sideways (ADX 20.3) -> mean-reversion strategy | Signal: HOLD | Shares held: 0.0 | Last price: $21.75
2026-10-01 18:12:50,752 | [CMCSA] ACTION: No trade.
2026-10-01 18:12:50,828 | [CME] choppy/sideways (ADX 24.4) -> mean-reversion strategy | Signal: HOLD | Shares held: 0.0 | Last price: $264.95
2026-10-01 18:12:50,828 | [CME] ACTION: No trade.
2026-10-01 18:12:50,906 | [CMG] choppy/sideways (ADX 11.4) -> mean-reversion strategy | Signal: HOLD | Shares held: 0.0 | Last price: $32.12
2026-10-01 18:12:50,906 | [CMG] ACTION: No trade.
2026-10-01 18:12:50,982 | [CMI] trending (ADX 27.0) -> trend-following strategy | Signal: SELL | Shares held: 0.0 | Last price: $510.38
2026-10-01 18:12:50,982 | [CMI] ACTION: No trade.
2026-10-01 18:12:51,057 | [CMS] choppy/sideways (ADX 18.0) -> mean-reversion strategy | Signal: HOLD | Shares held: 0.0 | Last price: $63.53
2026-10-01 18:12:51,057 | [CMS] ACTION: No trade.
2026-10-01 18:12:51,133 | [CNC] choppy/sideways (ADX 14.3) -> mean-reversion strategy | Signal: HOLD | Shares held: 0.0 | Last price: $61.32
2026-10-01 18:12:51,133 | [CNC] ACTION: No trade.
2026-10-01 18:12:51,208 | [CNP] choppy/sideways (ADX 18.1) -> mean-reversion strategy | Signal: HOLD | Shares held: 0.0 | Last price: $37.01
2026-10-01 18:12:51,208 | [CNP] ACTION: No trade.
2026-10-01 18:12:51,289 | [COF] trending (ADX 29.3) -> trend-following strategy | Signal: HOLD | Shares held: 0.0 | Last price: $193.06
2026-10-01 18:12:51,290 | [COF] ACTION: No trade.
2026-10-01 18:12:51,367 | [COHR] trending (ADX 56.5) -> trend-following strategy | Signal: HOLD | Shares held: 0.0 | Last price: $318.66
2026-10-01 18:12:51,367 | [COHR] ACTION: No trade.
2026-10-01 18:12:51,388 | [COIN] trending (ADX 26.7) -> trend-following strategy | Signal: HOLD | Shares held: 0.0 | Last price: $189.26
2026-10-01 18:12:51,388 | [COIN] ACTION: No trade.
2026-10-01 18:12:51,464 | [COO] choppy/sideways (ADX 25.0) -> mean-reversion strategy | Signal: HOLD | Shares held: 0.0 | Last price: $57.34
2026-10-01 18:12:51,464 | [COO] ACTION: No trade.
2026-10-01 18:12:51,485 | [COP] choppy/sideways (ADX 15.4) -> mean-reversion strategy | Signal: HOLD | Shares held: 0.0 | Last price: $127.04
2026-10-01 18:12:51,485 | [COP] ACTION: No trade.
2026-10-01 18:12:51,562 | [COR] trending (ADX 40.8) -> trend-following strategy | Signal: HOLD | Shares held: 0.0 | Last price: $308.84
2026-10-01 18:12:51,562 | [COR] ACTION: No trade.
2026-10-01 18:12:51,582 | [COST] choppy/sideways (ADX 17.1) -> mean-reversion strategy | Signal: HOLD | Shares held: 0.0 | Last price: $916.76
2026-10-01 18:12:51,582 | [COST] ACTION: No trade.
2026-10-01 18:12:51,661 | [CPAY] trending (ADX 26.9) -> trend-following strategy | Signal: HOLD | Shares held: 0.0 | Last price: $389.83
2026-10-01 18:12:51,661 | [CPAY] ACTION: No trade.
2026-10-01 18:12:51,739 | [CPRT] choppy/sideways (ADX 15.9) -> mean-reversion strategy | Signal: HOLD | Shares held: 0.0 | Last price: $27.21
2026-10-01 18:12:51,739 | [CPRT] ACTION: No trade.
2026-10-01 18:12:51,814 | [CPT] trending (ADX 29.1) -> trend-following strategy | Signal: HOLD | Shares held: 0.0 | Last price: $96.22
2026-10-01 18:12:51,814 | [CPT] ACTION: No trade.
2026-10-01 18:12:51,889 | [CRH] trending (ADX 36.0) -> trend-following strategy | Signal: HOLD | Shares held: 0.0 | Last price: $81.81
2026-10-01 18:12:51,889 | [CRH] ACTION: No trade.
2026-10-01 18:12:51,967 | [CRL] trending (ADX 40.6) -> trend-following strategy | Signal: HOLD | Shares held: 0.0 | Last price: $286.71
2026-10-01 18:12:51,967 | [CRL] ACTION: No trade.
2026-10-01 18:12:51,988 | [CRM] choppy/sideways (ADX 23.8) -> mean-reversion strategy | Signal: HOLD | Shares held: 0.0 | Last price: $234.56
2026-10-01 18:12:51,988 | [CRM] ACTION: No trade.
2026-10-01 18:12:52,064 | [CRWD] choppy/sideways (ADX 15.0) -> mean-reversion strategy | Signal: HOLD | Shares held: 0.0 | Last price: $265.85
2026-10-01 18:12:52,064 | [CRWD] ACTION: No trade.
2026-10-01 18:12:52,084 | [CSCO] choppy/sideways (ADX 16.3) -> mean-reversion strategy | Signal: HOLD | Shares held: 0.0 | Last price: $108.42
2026-10-01 18:12:52,084 | [CSCO] ACTION: No trade.
2026-10-01 18:12:52,160 | [CSGP] choppy/sideways (ADX 20.1) -> mean-reversion strategy | Signal: HOLD | Shares held: 0.0 | Last price: $27.66
2026-10-01 18:12:52,160 | [CSGP] ACTION: No trade.
2026-10-01 18:12:52,236 | [CSX] trending (ADX 49.0) -> trend-following strategy | Signal: HOLD | Shares held: 0.0 | Last price: $46.14
2026-10-01 18:12:52,236 | [CSX] ACTION: No trade.
2026-10-01 18:12:52,312 | [CTAS] choppy/sideways (ADX 21.2) -> mean-reversion strategy | Signal: HOLD | Shares held: 0.0 | Last price: $194.96
2026-10-01 18:12:52,312 | [CTAS] ACTION: No trade.
2026-10-01 18:12:52,390 | [CTSH] trending (ADX 34.3) -> trend-following strategy | Signal: HOLD | Shares held: 0.0 | Last price: $61.78
2026-10-01 18:12:52,390 | [CTSH] ACTION: No trade.
2026-10-01 18:12:52,466 | [CTVA] trending (ADX 78.0) -> trend-following strategy | Signal: HOLD | Shares held: 0.0 | Last price: $12.15
2026-10-01 18:12:52,466 | [CTVA] ACTION: No trade.
2026-10-01 18:12:52,542 | [CVNA] trending (ADX 25.8) -> trend-following strategy | Signal: HOLD | Shares held: 0.0 | Last price: $62.60
2026-10-01 18:12:52,542 | [CVNA] ACTION: No trade.
2026-10-01 18:12:52,618 | [CVS] choppy/sideways (ADX 17.4) -> mean-reversion strategy | Signal: HOLD | Shares held: 0.0 | Last price: $85.56
2026-10-01 18:12:52,618 | [CVS] ACTION: No trade.
2026-10-01 18:12:52,639 | [CVX] choppy/sideways (ADX 11.4) -> mean-reversion strategy | Signal: HOLD | Shares held: 0.0 | Last price: $207.03
2026-10-01 18:12:52,639 | [CVX] ACTION: No trade.
2026-10-01 18:12:52,715 | [D] choppy/sideways (ADX 17.2) -> mean-reversion strategy | Signal: HOLD | Shares held: 0.0 | Last price: $60.77
2026-10-01 18:12:52,715 | [D] ACTION: No trade.
2026-10-01 18:12:52,791 | [DAL] choppy/sideways (ADX 15.5) -> mean-reversion strategy | Signal: HOLD | Shares held: 0.0 | Last price: $83.31
2026-10-01 18:12:52,791 | [DAL] ACTION: No trade.
2026-10-01 18:12:52,866 | [DASH] choppy/sideways (ADX 16.5) -> mean-reversion strategy | Signal: HOLD | Shares held: 0.0 | Last price: $181.56
2026-10-01 18:12:52,866 | [DASH] ACTION: No trade.
2026-10-01 18:12:52,941 | [DD] choppy/sideways (ADX 22.6) -> mean-reversion strategy | Signal: HOLD | Shares held: 0.0 | Last price: $129.28
2026-10-01 18:12:52,942 | [DD] ACTION: No trade.
2026-10-01 18:12:53,017 | [DDOG] choppy/sideways (ADX 18.3) -> mean-reversion strategy | Signal: HOLD | Shares held: 0.0 | Last price: $274.20
2026-10-01 18:12:53,018 | [DDOG] ACTION: No trade.
2026-10-01 18:12:53,097 | [DE] trending (ADX 39.4) -> trend-following strategy | Signal: HOLD | Shares held: 0.0 | Last price: $662.30
2026-10-01 18:12:53,098 | [DE] ACTION: No trade.
2026-10-01 18:12:53,174 | [DECK] trending (ADX 26.8) -> trend-following strategy | Signal: HOLD | Shares held: 0.0 | Last price: $79.50
2026-10-01 18:12:53,174 | [DECK] ACTION: No trade.
2026-10-01 18:12:53,249 | [DELL] choppy/sideways (ADX 21.7) -> mean-reversion strategy | Signal: HOLD | Shares held: 0.0 | Last price: $543.46
2026-10-01 18:12:53,249 | [DELL] ACTION: No trade.
2026-10-01 18:12:53,326 | [DG] choppy/sideways (ADX 16.6) -> mean-reversion strategy | Signal: HOLD | Shares held: 0.0 | Last price: $118.84
2026-10-01 18:12:53,326 | [DG] ACTION: No trade.
2026-10-01 18:12:53,403 | [DGX] trending (ADX 34.2) -> trend-following strategy | Signal: HOLD | Shares held: 0.0 | Last price: $231.04
2026-10-01 18:12:53,403 | [DGX] ACTION: No trade.
2026-10-01 18:12:53,479 | [DHI] trending (ADX 30.8) -> trend-following strategy | Signal: HOLD | Shares held: 0.0 | Last price: $136.24
2026-10-01 18:12:53,479 | [DHI] ACTION: No trade.
2026-10-01 18:12:53,500 | [DHR] trending (ADX 63.0) -> trend-following strategy | Signal: HOLD | Shares held: 0.0 | Last price: $213.19
2026-10-01 18:12:53,500 | [DHR] ACTION: No trade.
2026-10-01 18:12:53,521 | [DIS] trending (ADX 57.5) -> trend-following strategy | Signal: HOLD | Shares held: 0.0 | Last price: $101.70
2026-10-01 18:12:53,521 | [DIS] ACTION: No trade.
2026-10-01 18:12:53,596 | [DLR] trending (ADX 27.1) -> trend-following strategy | Signal: BUY | Shares held: 0.0 | Last price: $175.54
2026-10-01 18:12:53,596 | [DLR] ACTION: No trade (within the historically weak 210-270 min-since-open entry window).
2026-10-01 18:12:53,672 | [DLTR] trending (ADX 39.1) -> trend-following strategy | Signal: HOLD | Shares held: 0.0 | Last price: $114.35
2026-10-01 18:12:53,672 | [DLTR] ACTION: No trade.
2026-10-01 18:12:53,747 | [DOC] trending (ADX 44.4) -> trend-following strategy | Signal: HOLD | Shares held: 0.0 | Last price: $19.50
2026-10-01 18:12:53,747 | [DOC] ACTION: No trade.
2026-10-01 18:12:53,822 | [DOV] choppy/sideways (ADX 23.9) -> mean-reversion strategy | Signal: HOLD | Shares held: 0.0 | Last price: $187.07
2026-10-01 18:12:53,822 | [DOV] ACTION: No trade.
2026-10-01 18:12:53,897 | [DOW] choppy/sideways (ADX 23.0) -> mean-reversion strategy | Signal: HOLD | Shares held: 0.0 | Last price: $27.32
2026-10-01 18:12:53,897 | [DOW] ACTION: No trade.
2026-10-01 18:12:53,973 | [DPZ] choppy/sideways (ADX 17.0) -> mean-reversion strategy | Signal: HOLD | Shares held: 0.0 | Last price: $298.11
2026-10-01 18:12:53,973 | [DPZ] ACTION: No trade.
2026-10-01 18:12:54,049 | [DRI] choppy/sideways (ADX 24.2) -> mean-reversion strategy | Signal: HOLD | Shares held: 0.0 | Last price: $194.67
2026-10-01 18:12:54,049 | [DRI] ACTION: No trade.
2026-10-01 18:12:54,126 | [DTE] choppy/sideways (ADX 16.0) -> mean-reversion strategy | Signal: HOLD | Shares held: 0.0 | Last price: $122.86
2026-10-01 18:12:54,127 | [DTE] ACTION: No trade.
2026-10-01 18:12:54,202 | [DUK] choppy/sideways (ADX 14.6) -> mean-reversion strategy | Signal: HOLD | Shares held: 0.0 | Last price: $113.72
2026-10-01 18:12:54,202 | [DUK] ACTION: No trade.
2026-10-01 18:12:54,277 | [DVA] choppy/sideways (ADX 20.8) -> mean-reversion strategy | Signal: HOLD | Shares held: 0.0 | Last price: $178.02
2026-10-01 18:12:54,278 | [DVA] ACTION: No trade.
2026-10-01 18:12:54,353 | [DVN] choppy/sideways (ADX 20.5) -> mean-reversion strategy | Signal: HOLD | Shares held: 0.0 | Last price: $47.07
2026-10-01 18:12:54,353 | [DVN] ACTION: No trade.
2026-10-01 18:12:54,431 | [DXCM] choppy/sideways (ADX 11.4) -> mean-reversion strategy | Signal: HOLD | Shares held: 0.0 | Last price: $86.31
2026-10-01 18:12:54,431 | [DXCM] ACTION: No trade.
2026-10-01 18:12:54,507 | [EBAY] choppy/sideways (ADX 23.1) -> mean-reversion strategy | Signal: HOLD | Shares held: 0.0 | Last price: $106.21
2026-10-01 18:12:54,507 | [EBAY] ACTION: No trade.
2026-10-01 18:12:54,582 | [ECHO] choppy/sideways (ADX 12.1) -> mean-reversion strategy | Signal: HOLD | Shares held: 0.0 | Last price: $89.17
2026-10-01 18:12:54,583 | [ECHO] ACTION: No trade.
2026-10-01 18:12:54,658 | [ECL] trending (ADX 34.6) -> trend-following strategy | Signal: HOLD | Shares held: 0.0 | Last price: $270.55
2026-10-01 18:12:54,658 | [ECL] ACTION: No trade.
2026-10-01 18:12:54,736 | [ED] choppy/sideways (ADX 13.7) -> mean-reversion strategy | Signal: HOLD | Shares held: 0.0 | Last price: $103.47
2026-10-01 18:12:54,737 | [ED] ACTION: No trade.
2026-10-01 18:12:54,812 | [EFX] trending (ADX 28.9) -> trend-following strategy | Signal: HOLD | Shares held: 0.0 | Last price: $141.16
2026-10-01 18:12:54,812 | [EFX] ACTION: No trade.
2026-10-01 18:12:54,886 | [EG] choppy/sideways (ADX 17.2) -> mean-reversion strategy | Signal: HOLD | Shares held: 0.0 | Last price: $367.52
2026-10-01 18:12:54,886 | [EG] ACTION: No trade.
2026-10-01 18:12:54,962 | [EIX] choppy/sideways (ADX 17.5) -> mean-reversion strategy | Signal: HOLD | Shares held: 0.0 | Last price: $53.98
2026-10-01 18:12:54,962 | [EIX] ACTION: No trade.
2026-10-01 18:12:55,039 | [EL] trending (ADX 43.6) -> trend-following strategy | Signal: HOLD | Shares held: 0.0 | Last price: $89.49
2026-10-01 18:12:55,039 | [EL] ACTION: No trade.
2026-10-01 18:12:55,115 | [ELV] trending (ADX 40.0) -> trend-following strategy | Signal: HOLD | Shares held: 0.0 | Last price: $383.36
2026-10-01 18:12:55,115 | [ELV] ACTION: No trade.
2026-10-01 18:12:55,191 | [EME] choppy/sideways (ADX 13.5) -> mean-reversion strategy | Signal: HOLD | Shares held: 0.0 | Last price: $764.56
2026-10-01 18:12:55,191 | [EME] ACTION: No trade.
2026-10-01 18:12:55,266 | [EMR] choppy/sideways (ADX 18.1) -> mean-reversion strategy | Signal: HOLD | Shares held: 0.0 | Last price: $157.34
2026-10-01 18:12:55,267 | [EMR] ACTION: No trade.
2026-10-01 18:12:55,342 | [EOG] trending (ADX 26.2) -> trend-following strategy | Signal: HOLD | Shares held: 0.0 | Last price: $141.85
2026-10-01 18:12:55,343 | [EOG] ACTION: No trade.
2026-10-01 18:12:55,419 | [EQIX] choppy/sideways (ADX 18.4) -> mean-reversion strategy | Signal: HOLD | Shares held: 0.0 | Last price: $1013.13
2026-10-01 18:12:55,419 | [EQIX] ACTION: No trade.
2026-10-01 18:12:55,495 | [EQT] choppy/sideways (ADX 18.7) -> mean-reversion strategy | Signal: HOLD | Shares held: 0.0 | Last price: $49.84
2026-10-01 18:12:55,495 | [EQT] ACTION: No trade.
2026-10-01 18:12:55,570 | [ES] choppy/sideways (ADX 19.1) -> mean-reversion strategy | Signal: HOLD | Shares held: 0.0 | Last price: $64.24
2026-10-01 18:12:55,571 | [ES] ACTION: No trade.
2026-10-01 18:12:55,646 | [ESS] choppy/sideways (ADX 18.8) -> mean-reversion strategy | Signal: HOLD | Shares held: 0.0 | Last price: $268.36
2026-10-01 18:12:55,646 | [ESS] ACTION: No trade.
2026-10-01 18:12:55,721 | [ETN] choppy/sideways (ADX 22.5) -> mean-reversion strategy | Signal: HOLD | Shares held: 0.0 | Last price: $436.86
2026-10-01 18:12:55,722 | [ETN] ACTION: No trade.
2026-10-01 18:12:55,796 | [ETR] choppy/sideways (ADX 17.2) -> mean-reversion strategy | Signal: HOLD | Shares held: 0.0 | Last price: $99.97
2026-10-01 18:12:55,796 | [ETR] ACTION: No trade.
2026-10-01 18:12:55,873 | [EVRG] choppy/sideways (ADX 15.5) -> mean-reversion strategy | Signal: HOLD | Shares held: 0.0 | Last price: $78.69
2026-10-01 18:12:55,873 | [EVRG] ACTION: No trade.
2026-10-01 18:12:55,949 | [EW] trending (ADX 39.3) -> trend-following strategy | Signal: HOLD | Shares held: 0.0 | Last price: $84.83
2026-10-01 18:12:55,949 | [EW] ACTION: No trade.
2026-10-01 18:12:56,024 | [EXC] choppy/sideways (ADX 20.6) -> mean-reversion strategy | Signal: HOLD | Shares held: 0.0 | Last price: $40.48
2026-10-01 18:12:56,025 | [EXC] ACTION: No trade.
2026-10-01 18:12:56,102 | [EXE] choppy/sideways (ADX 24.7) -> mean-reversion strategy | Signal: HOLD | Shares held: 0.0 | Last price: $86.37
2026-10-01 18:12:56,103 | [EXE] ACTION: No trade.
2026-10-01 18:12:56,177 | [EXPD] choppy/sideways (ADX 14.2) -> mean-reversion strategy | Signal: HOLD | Shares held: 0.0 | Last price: $187.19
2026-10-01 18:12:56,177 | [EXPD] ACTION: No trade.
2026-10-01 18:12:56,254 | [EXPE] choppy/sideways (ADX 21.0) -> mean-reversion strategy | Signal: HOLD | Shares held: 0.0 | Last price: $261.65
2026-10-01 18:12:56,254 | [EXPE] ACTION: No trade.
2026-10-01 18:12:56,330 | [EXR] choppy/sideways (ADX 18.0) -> mean-reversion strategy | Signal: HOLD | Shares held: 0.0 | Last price: $132.88
2026-10-01 18:12:56,330 | [EXR] ACTION: No trade.
2026-10-01 18:12:56,404 | [F] choppy/sideways (ADX 19.9) -> mean-reversion strategy | Signal: HOLD | Shares held: 0.0 | Last price: $12.12
2026-10-01 18:12:56,404 | [F] ACTION: No trade.
2026-10-01 18:12:56,481 | [FANG] choppy/sideways (ADX 23.5) -> mean-reversion strategy | Signal: HOLD | Shares held: 0.0 | Last price: $185.66
2026-10-01 18:12:56,481 | [FANG] ACTION: No trade.
2026-10-01 18:12:56,557 | [FAST] choppy/sideways (ADX 24.2) -> mean-reversion strategy | Signal: HOLD | Shares held: 0.0 | Last price: $49.78
2026-10-01 18:12:56,557 | [FAST] ACTION: No trade.
2026-10-01 18:12:56,633 | [FCX] trending (ADX 28.1) -> trend-following strategy | Signal: HOLD | Shares held: 0.0 | Last price: $68.95
2026-10-01 18:12:56,633 | [FCX] ACTION: No trade.
2026-10-01 18:12:56,708 | [FDS] trending (ADX 36.0) -> trend-following strategy | Signal: HOLD | Shares held: 0.0 | Last price: $278.74
2026-10-01 18:12:56,708 | [FDS] ACTION: No trade.
2026-10-01 18:12:56,782 | [FDX] choppy/sideways (ADX 23.1) -> mean-reversion strategy | Signal: HOLD | Shares held: 0.0 | Last price: $286.97
2026-10-01 18:12:56,782 | [FDX] ACTION: No trade.
2026-10-01 18:12:56,862 | [FDXF] choppy/sideways (ADX 22.7) -> mean-reversion strategy | Signal: HOLD | Shares held: 0.0 | Last price: $111.16
2026-10-01 18:12:56,862 | [FDXF] ACTION: No trade.
2026-10-01 18:12:56,936 | [FE] choppy/sideways (ADX 17.0) -> mean-reversion strategy | Signal: HOLD | Shares held: 0.0 | Last price: $43.38
2026-10-01 18:12:56,937 | [FE] ACTION: No trade.
2026-10-01 18:12:57,011 | [FERG] trending (ADX 28.1) -> trend-following strategy | Signal: HOLD | Shares held: 0.0 | Last price: $222.11
2026-10-01 18:12:57,011 | [FERG] ACTION: No trade.
2026-10-01 18:12:57,086 | [FFIV] choppy/sideways (ADX 21.6) -> mean-reversion strategy | Signal: HOLD | Shares held: 0.0 | Last price: $448.73
2026-10-01 18:12:57,086 | [FFIV] ACTION: No trade.
2026-10-01 18:12:57,163 | [FICO] trending (ADX 50.6) -> trend-following strategy | Signal: HOLD | Shares held: 0.0 | Last price: $668.36
2026-10-01 18:12:57,163 | [FICO] ACTION: No trade.
2026-10-01 18:12:57,240 | [FIS] trending (ADX 30.6) -> trend-following strategy | Signal: HOLD | Shares held: 0.0 | Last price: $33.44
2026-10-01 18:12:57,240 | [FIS] ACTION: No trade.
2026-10-01 18:12:57,315 | [FISV] choppy/sideways (ADX 15.6) -> mean-reversion strategy | Signal: HOLD | Shares held: 0.0 | Last price: $45.45
2026-10-01 18:12:57,315 | [FISV] ACTION: No trade.
2026-10-01 18:12:57,390 | [FITB] trending (ADX 34.6) -> trend-following strategy | Signal: HOLD | Shares held: 0.0 | Last price: $49.93
2026-10-01 18:12:57,390 | [FITB] ACTION: No trade.
2026-10-01 18:12:57,465 | [FIX] choppy/sideways (ADX 13.3) -> mean-reversion strategy | Signal: HOLD | Shares held: 0.0 | Last price: $1678.48
2026-10-01 18:12:57,465 | [FIX] ACTION: No trade.
2026-10-01 18:12:57,541 | [FLEX] choppy/sideways (ADX 22.9) -> mean-reversion strategy | Signal: HOLD | Shares held: 0.0 | Last price: $112.70
2026-10-01 18:12:57,541 | [FLEX] ACTION: No trade.
2026-10-01 18:12:57,621 | [FOXA] trending (ADX 49.2) -> trend-following strategy | Signal: HOLD | Shares held: 0.0 | Last price: $60.81
2026-10-01 18:12:57,621 | [FOXA] ACTION: No trade.
2026-10-01 18:12:57,707 | [FRT] choppy/sideways (ADX 24.9) -> mean-reversion strategy | Signal: HOLD | Shares held: 0.0 | Last price: $107.61
2026-10-01 18:12:57,707 | [FRT] ACTION: No trade.
2026-10-01 18:12:57,786 | [FSLR] choppy/sideways (ADX 22.0) -> mean-reversion strategy | Signal: HOLD | Shares held: 0.0 | Last price: $173.81
2026-10-01 18:12:57,787 | [FSLR] ACTION: No trade.
2026-10-01 18:12:57,862 | [FTNT] trending (ADX 39.6) -> trend-following strategy | Signal: HOLD | Shares held: 0.0 | Last price: $177.72
2026-10-01 18:12:57,863 | [FTNT] ACTION: No trade.
2026-10-01 18:12:57,938 | [FTV] choppy/sideways (ADX 23.6) -> mean-reversion strategy | Signal: HOLD | Shares held: 0.0 | Last price: $55.12
2026-10-01 18:12:57,939 | [FTV] ACTION: No trade.
2026-10-01 18:12:58,014 | [GD] choppy/sideways (ADX 20.9) -> mean-reversion strategy | Signal: HOLD | Shares held: 0.0 | Last price: $332.96
2026-10-01 18:12:58,014 | [GD] ACTION: No trade.
2026-10-01 18:12:58,090 | [GDDY] choppy/sideways (ADX 23.4) -> mean-reversion strategy | Signal: HOLD | Shares held: 0.0 | Last price: $96.53
2026-10-01 18:12:58,090 | [GDDY] ACTION: No trade.
2026-10-01 18:12:58,110 | [GE] trending (ADX 25.3) -> trend-following strategy | Signal: HOLD | Shares held: 0.0 | Last price: $312.11
2026-10-01 18:12:58,110 | [GE] ACTION: No trade.
2026-10-01 18:12:58,186 | [GEHC] trending (ADX 44.4) -> trend-following strategy | Signal: HOLD | Shares held: 0.0 | Last price: $64.07
2026-10-01 18:12:58,186 | [GEHC] ACTION: No trade.
2026-10-01 18:12:58,260 | [GEN] choppy/sideways (ADX 22.0) -> mean-reversion strategy | Signal: HOLD | Shares held: 0.0 | Last price: $22.14
2026-10-01 18:12:58,260 | [GEN] ACTION: No trade.
2026-10-01 18:12:58,335 | [GEV] trending (ADX 31.8) -> trend-following strategy | Signal: HOLD | Shares held: 0.0 | Last price: $988.65
2026-10-01 18:12:58,335 | [GEV] ACTION: No trade.
2026-10-01 18:12:58,410 | [GILD] trending (ADX 29.7) -> trend-following strategy | Signal: HOLD | Shares held: 0.0 | Last price: $147.75
2026-10-01 18:12:58,410 | [GILD] ACTION: No trade.
2026-10-01 18:12:58,486 | [GIS] trending (ADX 64.2) -> trend-following strategy | Signal: HOLD | Shares held: 0.0 | Last price: $31.64
2026-10-01 18:12:58,486 | [GIS] ACTION: No trade.
2026-10-01 18:12:58,561 | [GLW] trending (ADX 27.1) -> trend-following strategy | Signal: HOLD | Shares held: 0.0 | Last price: $159.11
2026-10-01 18:12:58,561 | [GLW] ACTION: No trade.
2026-10-01 18:12:58,637 | [GM] trending (ADX 34.9) -> trend-following strategy | Signal: HOLD | Shares held: 0.0 | Last price: $78.08
2026-10-01 18:12:58,637 | [GM] ACTION: No trade.
2026-10-01 18:12:58,712 | [GNRC] choppy/sideways (ADX 19.4) -> mean-reversion strategy | Signal: HOLD | Shares held: 0.0 | Last price: $206.03
2026-10-01 18:12:58,712 | [GNRC] ACTION: No trade.
2026-10-01 18:12:58,732 | [GOOG] trending (ADX 33.1) -> trend-following strategy | Signal: HOLD | Shares held: 0.0 | Last price: $336.03
2026-10-01 18:12:58,732 | [GOOG] ACTION: No trade.
2026-10-01 18:12:58,752 | [GOOGL] trending (ADX 33.5) -> trend-following strategy | Signal: HOLD | Shares held: 0.0 | Last price: $339.34
2026-10-01 18:12:58,752 | [GOOGL] ACTION: No trade.
2026-10-01 18:12:58,827 | [GPC] trending (ADX 31.6) -> trend-following strategy | Signal: HOLD | Shares held: 0.0 | Last price: $124.92
2026-10-01 18:12:58,827 | [GPC] ACTION: No trade.
2026-10-01 18:12:58,902 | [GPN] choppy/sideways (ADX 21.4) -> mean-reversion strategy | Signal: HOLD | Shares held: 0.0 | Last price: $80.68
2026-10-01 18:12:58,902 | [GPN] ACTION: No trade.
2026-10-01 18:12:58,980 | [GRMN] choppy/sideways (ADX 15.9) -> mean-reversion strategy | Signal: HOLD | Shares held: 0.0 | Last price: $285.68
2026-10-01 18:12:58,981 | [GRMN] ACTION: No trade.
2026-10-01 18:12:59,001 | [GS] trending (ADX 38.2) -> trend-following strategy | Signal: HOLD | Shares held: 0.0 | Last price: $895.53
2026-10-01 18:12:59,001 | [GS] ACTION: No trade.
2026-10-01 18:12:59,078 | [GWW] trending (ADX 26.2) -> trend-following strategy | Signal: HOLD | Shares held: 0.0 | Last price: $1271.93
2026-10-01 18:12:59,078 | [GWW] ACTION: No trade.
2026-10-01 18:12:59,154 | [HAL] choppy/sideways (ADX 24.5) -> mean-reversion strategy | Signal: HOLD | Shares held: 0.0 | Last price: $31.93
2026-10-01 18:12:59,154 | [HAL] ACTION: No trade.
2026-10-01 18:12:59,229 | [HAS] choppy/sideways (ADX 14.1) -> mean-reversion strategy | Signal: HOLD | Shares held: 0.0 | Last price: $87.39
2026-10-01 18:12:59,229 | [HAS] ACTION: No trade.
2026-10-01 18:12:59,305 | [HBAN] choppy/sideways (ADX 21.4) -> mean-reversion strategy | Signal: HOLD | Shares held: 0.0 | Last price: $15.09
2026-10-01 18:12:59,305 | [HBAN] ACTION: No trade.
2026-10-01 18:12:59,381 | [HCA] choppy/sideways (ADX 17.2) -> mean-reversion strategy | Signal: HOLD | Shares held: 0.0 | Last price: $423.92
2026-10-01 18:12:59,381 | [HCA] ACTION: No trade.
2026-10-01 18:12:59,402 | [HD] choppy/sideways (ADX 24.5) -> mean-reversion strategy | Signal: HOLD | Shares held: 0.0 | Last price: $282.25
2026-10-01 18:12:59,402 | [HD] ACTION: No trade.
2026-10-01 18:12:59,478 | [HIG] trending (ADX 35.7) -> trend-following strategy | Signal: HOLD | Shares held: 0.0 | Last price: $124.92
2026-10-01 18:12:59,478 | [HIG] ACTION: No trade.
2026-10-01 18:12:59,554 | [HII] trending (ADX 42.4) -> trend-following strategy | Signal: HOLD | Shares held: 0.0 | Last price: $271.73
2026-10-01 18:12:59,554 | [HII] ACTION: No trade.
2026-10-01 18:12:59,630 | [HLT] trending (ADX 30.3) -> trend-following strategy | Signal: HOLD | Shares held: 0.0 | Last price: $316.00
2026-10-01 18:12:59,630 | [HLT] ACTION: No trade.
2026-10-01 18:12:59,650 | [HON] choppy/sideways (ADX 22.5) -> mean-reversion strategy | Signal: HOLD | Shares held: 0.0 | Last price: $213.56
2026-10-01 18:12:59,650 | [HON] ACTION: No trade.
2026-10-01 18:12:59,725 | [HONA] choppy/sideways (ADX 17.0) -> mean-reversion strategy | Signal: HOLD | Shares held: 0.0 | Last price: $154.94
2026-10-01 18:12:59,725 | [HONA] ACTION: No trade.
2026-10-01 18:12:59,801 | [HOOD] choppy/sideways (ADX 15.1) -> mean-reversion strategy | Signal: HOLD | Shares held: 0.0 | Last price: $111.77
2026-10-01 18:12:59,801 | [HOOD] ACTION: No trade.
2026-10-01 18:12:59,877 | [HPE] trending (ADX 27.3) -> trend-following strategy | Signal: HOLD | Shares held: 0.0 | Last price: $64.92
2026-10-01 18:12:59,877 | [HPE] ACTION: No trade.
2026-10-01 18:12:59,952 | [HPQ] trending (ADX 37.0) -> trend-following strategy | Signal: HOLD | Shares held: 0.0 | Last price: $32.17
2026-10-01 18:12:59,952 | [HPQ] ACTION: No trade.
2026-10-01 18:13:00,028 | [HST] choppy/sideways (ADX 24.4) -> mean-reversion strategy | Signal: HOLD | Shares held: 0.0 | Last price: $22.46
2026-10-01 18:13:00,028 | [HST] ACTION: No trade.
2026-10-01 18:13:00,103 | [HSY] choppy/sideways (ADX 14.6) -> mean-reversion strategy | Signal: HOLD | Shares held: 0.0 | Last price: $158.98
2026-10-01 18:13:00,103 | [HSY] ACTION: No trade.
2026-10-01 18:13:00,179 | [HUBB] choppy/sideways (ADX 23.5) -> mean-reversion strategy | Signal: HOLD | Shares held: 0.0 | Last price: $460.46
2026-10-01 18:13:00,179 | [HUBB] ACTION: No trade.
2026-10-01 18:13:00,255 | [HUM] trending (ADX 30.3) -> trend-following strategy | Signal: HOLD | Shares held: 0.0 | Last price: $379.39
2026-10-01 18:13:00,255 | [HUM] ACTION: No trade.
2026-10-01 18:13:00,331 | [HWM] choppy/sideways (ADX 16.6) -> mean-reversion strategy | Signal: HOLD | Shares held: 0.0 | Last price: $227.84
2026-10-01 18:13:00,331 | [HWM] ACTION: No trade.
2026-10-01 18:13:00,408 | [IBKR] trending (ADX 33.4) -> trend-following strategy | Signal: HOLD | Shares held: 0.0 | Last price: $86.44
2026-10-01 18:13:00,408 | [IBKR] ACTION: No trade.
2026-10-01 18:13:00,428 | [IBM] trending (ADX 33.4) -> trend-following strategy | Signal: HOLD | Shares held: 0.0 | Last price: $228.00
2026-10-01 18:13:00,428 | [IBM] ACTION: No trade.
2026-10-01 18:13:00,504 | [ICE] choppy/sideways (ADX 14.8) -> mean-reversion strategy | Signal: HOLD | Shares held: 0.0 | Last price: $151.24
2026-10-01 18:13:00,504 | [ICE] ACTION: No trade.
2026-10-01 18:13:00,582 | [IDXX] trending (ADX 32.6) -> trend-following strategy | Signal: HOLD | Shares held: 0.0 | Last price: $519.22
2026-10-01 18:13:00,583 | [IDXX] ACTION: No trade.
2026-10-01 18:13:00,658 | [IEX] choppy/sideways (ADX 16.4) -> mean-reversion strategy | Signal: HOLD | Shares held: 0.0 | Last price: $230.32
2026-10-01 18:13:00,658 | [IEX] ACTION: No trade.
2026-10-01 18:13:00,739 | [IFF] trending (ADX 36.7) -> trend-following strategy | Signal: HOLD | Shares held: 0.0 | Last price: $82.69
2026-10-01 18:13:00,739 | [IFF] ACTION: No trade.
2026-10-01 18:13:00,815 | [ILMN] trending (ADX 26.4) -> trend-following strategy | Signal: HOLD | Shares held: 0.0 | Last price: $266.40
2026-10-01 18:13:00,815 | [ILMN] ACTION: No trade.
2026-10-01 18:13:00,893 | [INCY] trending (ADX 50.5) -> trend-following strategy | Signal: HOLD | Shares held: 0.0 | Last price: $118.73
2026-10-01 18:13:00,893 | [INCY] ACTION: No trade.
2026-10-01 18:13:00,913 | [INTC] choppy/sideways (ADX 19.7) -> mean-reversion strategy | Signal: HOLD | Shares held: 0.0 | Last price: $121.26
2026-10-01 18:13:00,913 | [INTC] ACTION: No trade.
2026-10-01 18:13:00,994 | [INTU] trending (ADX 35.9) -> trend-following strategy | Signal: HOLD | Shares held: 0.0 | Last price: $283.38
2026-10-01 18:13:00,994 | [INTU] ACTION: No trade.
2026-10-01 18:13:01,071 | [INVH] choppy/sideways (ADX 15.1) -> mean-reversion strategy | Signal: HOLD | Shares held: 0.0 | Last price: $26.32
2026-10-01 18:13:01,071 | [INVH] ACTION: No trade.
2026-10-01 18:13:01,146 | [IP] choppy/sideways (ADX 21.5) -> mean-reversion strategy | Signal: HOLD | Shares held: 0.0 | Last price: $32.72
2026-10-01 18:13:01,147 | [IP] ACTION: No trade.
2026-10-01 18:13:01,223 | [IQV] trending (ADX 50.0) -> trend-following strategy | Signal: HOLD | Shares held: 0.0 | Last price: $260.64
2026-10-01 18:13:01,223 | [IQV] ACTION: No trade.
2026-10-01 18:13:01,298 | [IR] choppy/sideways (ADX 18.4) -> mean-reversion strategy | Signal: HOLD | Shares held: 0.0 | Last price: $75.50
2026-10-01 18:13:01,299 | [IR] ACTION: No trade.
2026-10-01 18:13:01,374 | [IRM] choppy/sideways (ADX 21.7) -> mean-reversion strategy | Signal: HOLD | Shares held: 0.0 | Last price: $110.98
2026-10-01 18:13:01,374 | [IRM] ACTION: No trade.
2026-10-01 18:13:01,454 | [ISRG] trending (ADX 36.7) -> trend-following strategy | Signal: HOLD | Shares held: 0.0 | Last price: $401.60
2026-10-01 18:13:01,454 | [ISRG] ACTION: No trade.
2026-10-01 18:13:01,534 | [IT] trending (ADX 35.0) -> trend-following strategy | Signal: HOLD | Shares held: 0.0 | Last price: $198.10
2026-10-01 18:13:01,534 | [IT] ACTION: No trade.
2026-10-01 18:13:01,613 | [ITW] trending (ADX 36.8) -> trend-following strategy | Signal: HOLD | Shares held: 0.0 | Last price: $259.89
2026-10-01 18:13:01,613 | [ITW] ACTION: No trade.
2026-10-01 18:13:01,688 | [IVZ] trending (ADX 27.6) -> trend-following strategy | Signal: HOLD | Shares held: 0.0 | Last price: $30.39
2026-10-01 18:13:01,688 | [IVZ] ACTION: No trade.
2026-10-01 18:13:01,764 | [J] trending (ADX 29.2) -> trend-following strategy | Signal: HOLD | Shares held: 0.0 | Last price: $139.63
2026-10-01 18:13:01,764 | [J] ACTION: No trade.
2026-10-01 18:13:01,840 | [JBHT] trending (ADX 27.1) -> trend-following strategy | Signal: HOLD | Shares held: 0.0 | Last price: $227.13
2026-10-01 18:13:01,840 | [JBHT] ACTION: No trade.
2026-10-01 18:13:01,916 | [JBL] trending (ADX 29.1) -> trend-following strategy | Signal: HOLD | Shares held: 0.0 | Last price: $298.11
2026-10-01 18:13:01,916 | [JBL] ACTION: No trade.
2026-10-01 18:13:01,992 | [JCI] choppy/sideways (ADX 13.5) -> mean-reversion strategy | Signal: HOLD | Shares held: 0.0 | Last price: $149.91
2026-10-01 18:13:01,992 | [JCI] ACTION: No trade.
2026-10-01 18:13:02,067 | [JKHY] choppy/sideways (ADX 13.9) -> mean-reversion strategy | Signal: HOLD | Shares held: 0.0 | Last price: $144.09
2026-10-01 18:13:02,067 | [JKHY] ACTION: No trade.
2026-10-01 18:13:02,087 | [JNJ] trending (ADX 53.5) -> trend-following strategy | Signal: HOLD | Shares held: 0.0 | Last price: $259.15
2026-10-01 18:13:02,087 | [JNJ] ACTION: No trade.
2026-10-01 18:13:02,107 | [JPM] trending (ADX 29.1) -> trend-following strategy | Signal: HOLD | Shares held: 0.0 | Last price: $332.23
2026-10-01 18:13:02,107 | [JPM] ACTION: No trade.
2026-10-01 18:13:02,183 | [KDP] choppy/sideways (ADX 20.2) -> mean-reversion strategy | Signal: HOLD | Shares held: 0.0 | Last price: $30.73
2026-10-01 18:13:02,184 | [KDP] ACTION: No trade.
2026-10-01 18:13:02,259 | [KEY] choppy/sideways (ADX 24.7) -> mean-reversion strategy | Signal: HOLD | Shares held: 0.0 | Last price: $19.88
2026-10-01 18:13:02,259 | [KEY] ACTION: No trade.
2026-10-01 18:13:02,337 | [KEYS] trending (ADX 43.7) -> trend-following strategy | Signal: HOLD | Shares held: 0.0 | Last price: $374.62
2026-10-01 18:13:02,337 | [KEYS] ACTION: No trade.
2026-10-01 18:13:02,417 | [KHC] trending (ADX 55.3) -> trend-following strategy | Signal: HOLD | Shares held: 0.0 | Last price: $22.27
2026-10-01 18:13:02,417 | [KHC] ACTION: No trade.
2026-10-01 18:13:02,493 | [KIM] choppy/sideways (ADX 14.6) -> mean-reversion strategy | Signal: HOLD | Shares held: 0.0 | Last price: $22.16
2026-10-01 18:13:02,493 | [KIM] ACTION: No trade.
2026-10-01 18:13:02,569 | [KKR] choppy/sideways (ADX 22.0) -> mean-reversion strategy | Signal: HOLD | Shares held: 0.0 | Last price: $91.83
2026-10-01 18:13:02,569 | [KKR] ACTION: No trade.
2026-10-01 18:13:02,645 | [KLAC] choppy/sideways (ADX 18.3) -> mean-reversion strategy | Signal: HOLD | Shares held: 0.0 | Last price: $200.64
2026-10-01 18:13:02,645 | [KLAC] ACTION: No trade.
2026-10-01 18:13:02,721 | [KMB] trending (ADX 38.7) -> trend-following strategy | Signal: HOLD | Shares held: 0.0 | Last price: $95.32
2026-10-01 18:13:02,721 | [KMB] ACTION: No trade.
2026-10-01 18:13:02,827 | [KMI] choppy/sideways (ADX 21.3) -> mean-reversion strategy | Signal: HOLD | Shares held: 0.0 | Last price: $30.64
2026-10-01 18:13:02,827 | [KMI] ACTION: No trade.
2026-10-01 18:13:02,847 | [KO] trending (ADX 25.3) -> trend-following strategy | Signal: HOLD | Shares held: 0.0 | Last price: $85.86
2026-10-01 18:13:02,847 | [KO] ACTION: No trade.
2026-10-01 18:13:02,922 | [KR] choppy/sideways (ADX 20.6) -> mean-reversion strategy | Signal: HOLD | Shares held: 0.0 | Last price: $60.26
2026-10-01 18:13:02,922 | [KR] ACTION: No trade.
2026-10-01 18:13:03,005 | [KVUE] trending (ADX 37.4) -> trend-following strategy | Signal: HOLD | Shares held: 0.0 | Last price: $17.36
2026-10-01 18:13:03,005 | [KVUE] ACTION: No trade.
2026-10-01 18:13:03,083 | [L] trending (ADX 33.9) -> trend-following strategy | Signal: HOLD | Shares held: 0.0 | Last price: $104.86
2026-10-01 18:13:03,083 | [L] ACTION: No trade.
2026-10-01 18:13:03,171 | [LDOS] choppy/sideways (ADX 15.8) -> mean-reversion strategy | Signal: HOLD | Shares held: 0.0 | Last price: $123.26
2026-10-01 18:13:03,172 | [LDOS] ACTION: No trade.
2026-10-01 18:13:03,250 | [LEN] trending (ADX 26.0) -> trend-following strategy | Signal: HOLD | Shares held: 0.0 | Last price: $82.36
2026-10-01 18:13:03,250 | [LEN] ACTION: No trade.
2026-10-01 18:13:03,326 | [LH] trending (ADX 33.7) -> trend-following strategy | Signal: HOLD | Shares held: 0.0 | Last price: $305.50
2026-10-01 18:13:03,326 | [LH] ACTION: No trade.
2026-10-01 18:13:03,404 | [LHX] choppy/sideways (ADX 12.7) -> mean-reversion strategy | Signal: HOLD | Shares held: 0.0 | Last price: $237.07
2026-10-01 18:13:03,404 | [LHX] ACTION: No trade.
2026-10-01 18:13:03,480 | [LII] trending (ADX 28.9) -> trend-following strategy | Signal: HOLD | Shares held: 0.0 | Last price: $355.87
2026-10-01 18:13:03,480 | [LII] ACTION: No trade.
2026-10-01 18:13:03,556 | [LIN] trending (ADX 34.4) -> trend-following strategy | Signal: HOLD | Shares held: 0.0 | Last price: $468.62
2026-10-01 18:13:03,556 | [LIN] ACTION: No trade.
2026-10-01 18:13:03,632 | [LITE] trending (ADX 49.9) -> trend-following strategy | Signal: HOLD | Shares held: 0.0 | Last price: $1043.50
2026-10-01 18:13:03,632 | [LITE] ACTION: No trade.
2026-10-01 18:13:03,653 | [LLY] trending (ADX 31.8) -> trend-following strategy | Signal: HOLD | Shares held: 0.0 | Last price: $1141.23
2026-10-01 18:13:03,653 | [LLY] ACTION: No trade.
2026-10-01 18:13:03,673 | [LMT] choppy/sideways (ADX 11.0) -> mean-reversion strategy | Signal: HOLD | Shares held: 0.0 | Last price: $506.31
2026-10-01 18:13:03,673 | [LMT] ACTION: No trade.
2026-10-01 18:13:03,749 | [LNT] choppy/sideways (ADX 16.9) -> mean-reversion strategy | Signal: HOLD | Shares held: 0.0 | Last price: $63.66
2026-10-01 18:13:03,749 | [LNT] ACTION: No trade.
2026-10-01 18:13:03,770 | [LOW] trending (ADX 28.1) -> trend-following strategy | Signal: HOLD | Shares held: 0.0 | Last price: $182.34
2026-10-01 18:13:03,770 | [LOW] ACTION: No trade.
2026-10-01 18:13:03,864 | [LRCX] trending (ADX 40.0) -> trend-following strategy | Signal: HOLD | Shares held: 0.0 | Last price: $337.31
2026-10-01 18:13:03,864 | [LRCX] ACTION: No trade.
2026-10-01 18:13:03,949 | [LULU] choppy/sideways (ADX 20.5) -> mean-reversion strategy | Signal: HOLD | Shares held: 0.0 | Last price: $98.29
2026-10-01 18:13:03,949 | [LULU] ACTION: No trade.
2026-10-01 18:13:04,026 | [LUV] choppy/sideways (ADX 10.9) -> mean-reversion strategy | Signal: HOLD | Shares held: 0.0 | Last price: $41.66
2026-10-01 18:13:04,026 | [LUV] ACTION: No trade.
2026-10-01 18:13:04,103 | [LVS] trending (ADX 44.1) -> trend-following strategy | Signal: HOLD | Shares held: 0.0 | Last price: $36.73
2026-10-01 18:13:04,103 | [LVS] ACTION: No trade.
2026-10-01 18:13:04,179 | [LYB] choppy/sideways (ADX 23.1) -> mean-reversion strategy | Signal: HOLD | Shares held: 0.0 | Last price: $57.68
2026-10-01 18:13:04,179 | [LYB] ACTION: No trade.
2026-10-01 18:13:04,257 | [LYV] trending (ADX 39.4) -> trend-following strategy | Signal: HOLD | Shares held: 0.0 | Last price: $165.18
2026-10-01 18:13:04,258 | [LYV] ACTION: No trade.
2026-10-01 18:13:04,277 | [MA] trending (ADX 25.4) -> trend-following strategy | Signal: HOLD | Shares held: 0.0 | Last price: $549.49
2026-10-01 18:13:04,277 | [MA] ACTION: No trade.
2026-10-01 18:13:04,353 | [MAA] trending (ADX 29.6) -> trend-following strategy | Signal: HOLD | Shares held: 0.0 | Last price: $116.53
2026-10-01 18:13:04,353 | [MAA] ACTION: No trade.
2026-10-01 18:13:04,432 | [MAR] trending (ADX 28.8) -> trend-following strategy | Signal: HOLD | Shares held: 0.0 | Last price: $354.41
2026-10-01 18:13:04,433 | [MAR] ACTION: No trade.
2026-10-01 18:13:04,508 | [MAS] trending (ADX 37.4) -> trend-following strategy | Signal: HOLD | Shares held: 0.0 | Last price: $67.77
2026-10-01 18:13:04,508 | [MAS] ACTION: No trade.
2026-10-01 18:13:04,527 | [MCD] choppy/sideways (ADX 25.0) -> mean-reversion strategy | Signal: HOLD | Shares held: 0.0 | Last price: $231.34
2026-10-01 18:13:04,527 | [MCD] ACTION: No trade.
2026-10-01 18:13:04,603 | [MCHP] choppy/sideways (ADX 24.7) -> mean-reversion strategy | Signal: HOLD | Shares held: 0.0 | Last price: $79.00
2026-10-01 18:13:04,603 | [MCHP] ACTION: No trade.
2026-10-01 18:13:04,681 | [MCK] trending (ADX 43.6) -> trend-following strategy | Signal: HOLD | Shares held: 0.0 | Last price: $889.96
2026-10-01 18:13:04,681 | [MCK] ACTION: No trade.
2026-10-01 18:13:04,756 | [MCO] choppy/sideways (ADX 17.8) -> mean-reversion strategy | Signal: HOLD | Shares held: 0.0 | Last price: $448.45
2026-10-01 18:13:04,757 | [MCO] ACTION: No trade.
2026-10-01 18:13:04,831 | [MDLZ] trending (ADX 25.7) -> trend-following strategy | Signal: HOLD | Shares held: 0.0 | Last price: $57.80
2026-10-01 18:13:04,832 | [MDLZ] ACTION: No trade.
2026-10-01 18:13:04,909 | [MDT] trending (ADX 25.2) -> trend-following strategy | Signal: HOLD | Shares held: 0.0 | Last price: $85.60
2026-10-01 18:13:04,909 | [MDT] ACTION: No trade.
2026-10-01 18:13:04,984 | [MET] trending (ADX 35.1) -> trend-following strategy | Signal: HOLD | Shares held: 0.0 | Last price: $93.46
2026-10-01 18:13:04,984 | [MET] ACTION: No trade.
2026-10-01 18:13:05,004 | [META] choppy/sideways (ADX 14.1) -> mean-reversion strategy | Signal: HOLD | Shares held: 0.0 | Last price: $728.05
2026-10-01 18:13:05,004 | [META] ACTION: No trade.
2026-10-01 18:13:05,080 | [MGM] trending (ADX 36.6) -> trend-following strategy | Signal: HOLD | Shares held: 0.0 | Last price: $30.24
2026-10-01 18:13:05,080 | [MGM] ACTION: No trade.
2026-10-01 18:13:05,155 | [MKC] trending (ADX 29.3) -> trend-following strategy | Signal: HOLD | Shares held: 0.0 | Last price: $45.14
2026-10-01 18:13:05,156 | [MKC] ACTION: No trade.
2026-10-01 18:13:05,234 | [MLM] choppy/sideways (ADX 22.5) -> mean-reversion strategy | Signal: HOLD | Shares held: 0.0 | Last price: $479.40
2026-10-01 18:13:05,234 | [MLM] ACTION: No trade.
2026-10-01 18:13:05,254 | [MMM] trending (ADX 39.0) -> trend-following strategy | Signal: HOLD | Shares held: 0.0 | Last price: $162.62
2026-10-01 18:13:05,254 | [MMM] ACTION: No trade.
2026-10-01 18:13:05,332 | [MNST] choppy/sideways (ADX 11.4) -> mean-reversion strategy | Signal: HOLD | Shares held: 0.0 | Last price: $41.90
2026-10-01 18:13:05,332 | [MNST] ACTION: No trade.
2026-10-01 18:13:05,408 | [MO] trending (ADX 25.6) -> trend-following strategy | Signal: HOLD | Shares held: 0.0 | Last price: $66.89
2026-10-01 18:13:05,408 | [MO] ACTION: No trade.
2026-10-01 18:13:05,484 | [MOS] trending (ADX 40.9) -> trend-following strategy | Signal: HOLD | Shares held: 0.0 | Last price: $21.43
2026-10-01 18:13:05,484 | [MOS] ACTION: No trade.
2026-10-01 18:13:05,559 | [MPC] trending (ADX 36.2) -> trend-following strategy | Signal: HOLD | Shares held: 0.0 | Last price: $416.34
2026-10-01 18:13:05,559 | [MPC] ACTION: No trade.
2026-10-01 18:13:05,635 | [MPWR] choppy/sideways (ADX 13.9) -> mean-reversion strategy | Signal: HOLD | Shares held: 0.0 | Last price: $1348.14
2026-10-01 18:13:05,635 | [MPWR] ACTION: No trade.
2026-10-01 18:13:05,655 | [MRK] trending (ADX 35.9) -> trend-following strategy | Signal: HOLD | Shares held: 0.0 | Last price: $143.62
2026-10-01 18:13:05,655 | [MRK] ACTION: No trade.
2026-10-01 18:13:05,731 | [MRNA] choppy/sideways (ADX 16.9) -> mean-reversion strategy | Signal: HOLD | Shares held: 0.0 | Last price: $191.75
2026-10-01 18:13:05,731 | [MRNA] ACTION: No trade.
2026-10-01 18:13:05,823 | [MRSH] choppy/sideways (ADX 15.2) -> mean-reversion strategy | Signal: HOLD | Shares held: 0.0 | Last price: $171.01
2026-10-01 18:13:05,824 | [MRSH] ACTION: No trade.
2026-10-01 18:13:05,901 | [MRVL] choppy/sideways (ADX 14.7) -> mean-reversion strategy | Signal: HOLD | Shares held: 0.0 | Last price: $267.76
2026-10-01 18:13:05,901 | [MRVL] ACTION: No trade.
2026-10-01 18:13:05,922 | [MS] trending (ADX 50.1) -> trend-following strategy | Signal: HOLD | Shares held: 0.0 | Last price: $187.08
2026-10-01 18:13:05,922 | [MS] ACTION: No trade.
2026-10-01 18:13:05,998 | [MSCI] trending (ADX 28.2) -> trend-following strategy | Signal: HOLD | Shares held: 0.0 | Last price: $547.73
2026-10-01 18:13:05,998 | [MSCI] ACTION: No trade.
2026-10-01 18:13:06,018 | [MSFT] choppy/sideways (ADX 13.6) -> mean-reversion strategy | Signal: HOLD | Shares held: 0.0 | Last price: $515.09
2026-10-01 18:13:06,018 | [MSFT] ACTION: No trade.
2026-10-01 18:13:06,094 | [MSI] choppy/sideways (ADX 15.7) -> mean-reversion strategy | Signal: HOLD | Shares held: 0.0 | Last price: $447.39
2026-10-01 18:13:06,094 | [MSI] ACTION: No trade.
2026-10-01 18:13:06,170 | [MTB] choppy/sideways (ADX 21.8) -> mean-reversion strategy | Signal: HOLD | Shares held: 0.0 | Last price: $215.21
2026-10-01 18:13:06,170 | [MTB] ACTION: No trade.
2026-10-01 18:13:09,302 | [MTD] trending (ADX 31.9) -> trend-following strategy | Signal: HOLD | Shares held: 0.0 | Last price: $1477.43
2026-10-01 18:13:09,302 | [MTD] ACTION: No trade.
2026-10-01 18:13:09,322 | [MU] trending (ADX 25.2) -> trend-following strategy | Signal: HOLD | Shares held: 0.0 | Last price: $1092.10
2026-10-01 18:13:09,322 | [MU] ACTION: No trade.
2026-10-01 18:13:09,404 | [NCLH] choppy/sideways (ADX 22.4) -> mean-reversion strategy | Signal: HOLD | Shares held: 0.0 | Last price: $14.62
2026-10-01 18:13:09,404 | [NCLH] ACTION: No trade.
2026-10-01 18:13:09,479 | [NDAQ] choppy/sideways (ADX 22.2) -> mean-reversion strategy | Signal: HOLD | Shares held: 0.0 | Last price: $91.80
2026-10-01 18:13:09,479 | [NDAQ] ACTION: No trade.
2026-10-01 18:13:09,555 | [NDSN] choppy/sideways (ADX 12.2) -> mean-reversion strategy | Signal: HOLD | Shares held: 0.0 | Last price: $326.69
2026-10-01 18:13:09,555 | [NDSN] ACTION: No trade.
2026-10-01 18:13:09,803 | [NEE] choppy/sideways (ADX 22.3) -> mean-reversion strategy | Signal: HOLD | Shares held: 0.0 | Last price: $76.36
2026-10-01 18:13:09,803 | [NEE] ACTION: No trade.
2026-10-01 18:13:09,878 | [NEM] trending (ADX 25.2) -> trend-following strategy | Signal: HOLD | Shares held: 0.0 | Last price: $114.73
2026-10-01 18:13:09,878 | [NEM] ACTION: No trade.
2026-10-01 18:13:09,898 | [NFLX] trending (ADX 44.6) -> trend-following strategy | Signal: HOLD | Shares held: 0.0 | Last price: $68.36
2026-10-01 18:13:09,898 | [NFLX] ACTION: No trade.
2026-10-01 18:13:10,024 | [NI] choppy/sideways (ADX 20.8) -> mean-reversion strategy | Signal: HOLD | Shares held: 0.0 | Last price: $39.35
2026-10-01 18:13:10,024 | [NI] ACTION: No trade.
2026-10-01 18:13:10,044 | [NKE] choppy/sideways (ADX 15.1) -> mean-reversion strategy | Signal: HOLD | Shares held: 0.0 | Last price: $35.93
2026-10-01 18:13:10,044 | [NKE] ACTION: No trade.
2026-10-01 18:13:10,119 | [NOC] choppy/sideways (ADX 17.9) -> mean-reversion strategy | Signal: HOLD | Shares held: 0.0 | Last price: $484.28
2026-10-01 18:13:10,119 | [NOC] ACTION: No trade.
2026-10-01 18:13:10,139 | [NOW] trending (ADX 26.8) -> trend-following strategy | Signal: HOLD | Shares held: 0.0 | Last price: $137.70
2026-10-01 18:13:10,139 | [NOW] ACTION: No trade.
2026-10-01 18:13:10,215 | [NRG] choppy/sideways (ADX 21.4) -> mean-reversion strategy | Signal: HOLD | Shares held: 0.0 | Last price: $96.38
2026-10-01 18:13:10,215 | [NRG] ACTION: No trade.
2026-10-01 18:13:10,289 | [NSC] trending (ADX 34.9) -> trend-following strategy | Signal: HOLD | Shares held: 0.0 | Last price: $308.80
2026-10-01 18:13:10,289 | [NSC] ACTION: No trade.
2026-10-01 18:13:10,365 | [NTAP] choppy/sideways (ADX 15.9) -> mean-reversion strategy | Signal: HOLD | Shares held: 0.0 | Last price: $211.84
2026-10-01 18:13:10,365 | [NTAP] ACTION: No trade.
2026-10-01 18:13:10,441 | [NTRS] trending (ADX 32.0) -> trend-following strategy | Signal: BUY | Shares held: 0.0 | Last price: $169.03
2026-10-01 18:13:10,441 | [NTRS] ACTION: No trade (within the historically weak 210-270 min-since-open entry window).
2026-10-01 18:13:10,681 | [NUE] trending (ADX 32.5) -> trend-following strategy | Signal: HOLD | Shares held: 0.0 | Last price: $234.85
2026-10-01 18:13:10,681 | [NUE] ACTION: No trade.
2026-10-01 18:13:10,701 | [NVDA] choppy/sideways (ADX 16.3) -> mean-reversion strategy | Signal: HOLD | Shares held: 0.0 | Last price: $230.53
2026-10-01 18:13:10,701 | [NVDA] ACTION: No trade.
2026-10-01 18:13:10,777 | [NVR] trending (ADX 25.6) -> trend-following strategy | Signal: HOLD | Shares held: 0.0 | Last price: $6046.56
2026-10-01 18:13:10,777 | [NVR] ACTION: No trade.
2026-10-01 18:13:10,856 | [NWSA] trending (ADX 40.0) -> trend-following strategy | Signal: HOLD | Shares held: 0.0 | Last price: $28.34
2026-10-01 18:13:10,856 | [NWSA] ACTION: No trade.
2026-10-01 18:13:13,986 | [NXPI] trending (ADX 28.6) -> trend-following strategy | Signal: HOLD | Shares held: 0.0 | Last price: $240.54
2026-10-01 18:13:13,986 | [NXPI] ACTION: No trade.
2026-10-01 18:13:14,062 | [O] trending (ADX 43.1) -> trend-following strategy | Signal: HOLD | Shares held: 0.0 | Last price: $53.73
2026-10-01 18:13:14,062 | [O] ACTION: No trade.
2026-10-01 18:13:14,141 | [ODFL] choppy/sideways (ADX 18.9) -> mean-reversion strategy | Signal: HOLD | Shares held: 0.0 | Last price: $175.74
2026-10-01 18:13:14,141 | [ODFL] ACTION: No trade.
2026-10-01 18:13:14,232 | [OKE] choppy/sideways (ADX 22.5) -> mean-reversion strategy | Signal: HOLD | Shares held: 0.0 | Last price: $87.26
2026-10-01 18:13:14,232 | [OKE] ACTION: No trade.
2026-10-01 18:13:14,309 | [OMC] choppy/sideways (ADX 13.8) -> mean-reversion strategy | Signal: HOLD | Shares held: 0.0 | Last price: $75.50
2026-10-01 18:13:14,309 | [OMC] ACTION: No trade.
2026-10-01 18:13:14,388 | [ON] choppy/sideways (ADX 23.5) -> mean-reversion strategy | Signal: HOLD | Shares held: 0.0 | Last price: $78.46
2026-10-01 18:13:14,388 | [ON] ACTION: No trade.
2026-10-01 18:13:14,409 | [ORCL] choppy/sideways (ADX 15.0) -> mean-reversion strategy | Signal: HOLD | Shares held: 0.0 | Last price: $138.52
2026-10-01 18:13:14,409 | [ORCL] ACTION: No trade.
2026-10-01 18:13:14,484 | [ORLY] choppy/sideways (ADX 18.1) -> mean-reversion strategy | Signal: HOLD | Shares held: 0.0 | Last price: $84.44
2026-10-01 18:13:14,484 | [ORLY] ACTION: No trade.
2026-10-01 18:13:14,562 | [OTIS] trending (ADX 27.3) -> trend-following strategy | Signal: HOLD | Shares held: 0.0 | Last price: $64.53
2026-10-01 18:13:14,562 | [OTIS] ACTION: No trade.
2026-10-01 18:13:14,638 | [OXY] trending (ADX 33.9) -> trend-following strategy | Signal: HOLD | Shares held: 0.0 | Last price: $57.68
2026-10-01 18:13:14,638 | [OXY] ACTION: No trade.
2026-10-01 18:13:14,716 | [P] trending (ADX 35.2) -> trend-following strategy | Signal: HOLD | Shares held: 0.0 | Last price: $134.51
2026-10-01 18:13:14,716 | [P] ACTION: No trade.
2026-10-01 18:13:14,737 | [PANW] trending (ADX 38.1) -> trend-following strategy | Signal: HOLD | Shares held: 0.0 | Last price: $392.26
2026-10-01 18:13:14,737 | [PANW] ACTION: No trade.
2026-10-01 18:13:14,819 | [PAYX] choppy/sideways (ADX 21.6) -> mean-reversion strategy | Signal: HOLD | Shares held: 0.0 | Last price: $100.94
2026-10-01 18:13:14,819 | [PAYX] ACTION: No trade.
2026-10-01 18:13:14,897 | [PCAR] trending (ADX 25.5) -> trend-following strategy | Signal: HOLD | Shares held: 0.0 | Last price: $110.44
2026-10-01 18:13:14,897 | [PCAR] ACTION: No trade.
2026-10-01 18:13:14,973 | [PCG] choppy/sideways (ADX 15.6) -> mean-reversion strategy | Signal: HOLD | Shares held: 0.0 | Last price: $12.14
2026-10-01 18:13:14,974 | [PCG] ACTION: No trade.
2026-10-01 18:13:15,050 | [PEG] choppy/sideways (ADX 17.5) -> mean-reversion strategy | Signal: HOLD | Shares held: 0.0 | Last price: $67.66
2026-10-01 18:13:15,050 | [PEG] ACTION: No trade.
2026-10-01 18:13:15,071 | [PEP] trending (ADX 27.9) -> trend-following strategy | Signal: HOLD | Shares held: 0.0 | Last price: $125.95
2026-10-01 18:13:15,071 | [PEP] ACTION: No trade.
2026-10-01 18:13:15,091 | [PFE] trending (ADX 47.8) -> trend-following strategy | Signal: HOLD | Shares held: 0.0 | Last price: $28.21
2026-10-01 18:13:15,091 | [PFE] ACTION: No trade.
2026-10-01 18:13:18,221 | [PFG] trending (ADX 36.3) -> trend-following strategy | Signal: HOLD | Shares held: 0.0 | Last price: $111.64
2026-10-01 18:13:18,221 | [PFG] ACTION: No trade.
2026-10-01 18:13:18,242 | [PG] trending (ADX 41.1) -> trend-following strategy | Signal: HOLD | Shares held: 0.0 | Last price: $144.21
2026-10-01 18:13:18,242 | [PG] ACTION: No trade.
2026-10-01 18:13:18,319 | [PGR] choppy/sideways (ADX 13.3) -> mean-reversion strategy | Signal: HOLD | Shares held: 0.0 | Last price: $209.51
2026-10-01 18:13:18,319 | [PGR] ACTION: No trade.
2026-10-01 18:13:18,394 | [PH] choppy/sideways (ADX 19.9) -> mean-reversion strategy | Signal: HOLD | Shares held: 0.0 | Last price: $958.91
2026-10-01 18:13:18,394 | [PH] ACTION: No trade.
2026-10-01 18:13:18,524 | [PHM] trending (ADX 28.4) -> trend-following strategy | Signal: HOLD | Shares held: 0.0 | Last price: $114.89
2026-10-01 18:13:18,524 | [PHM] ACTION: No trade.
2026-10-01 18:13:18,599 | [PKG] choppy/sideways (ADX 22.1) -> mean-reversion strategy | Signal: HOLD | Shares held: 0.0 | Last price: $229.36
2026-10-01 18:13:18,599 | [PKG] ACTION: No trade.
2026-10-01 18:13:18,675 | [PLD] trending (ADX 45.4) -> trend-following strategy | Signal: HOLD | Shares held: 0.0 | Last price: $128.62
2026-10-01 18:13:18,675 | [PLD] ACTION: No trade.
2026-10-01 18:13:18,695 | [PLTR] choppy/sideways (ADX 22.1) -> mean-reversion strategy | Signal: HOLD | Shares held: 0.0 | Last price: $189.47
2026-10-01 18:13:18,695 | [PLTR] ACTION: No trade.
2026-10-01 18:13:18,715 | [PM] trending (ADX 40.3) -> trend-following strategy | Signal: HOLD | Shares held: 0.0 | Last price: $187.56
2026-10-01 18:13:18,715 | [PM] ACTION: No trade.
2026-10-01 18:13:18,790 | [PNC] choppy/sideways (ADX 24.5) -> mean-reversion strategy | Signal: HOLD | Shares held: 0.0 | Last price: $218.64
2026-10-01 18:13:18,790 | [PNC] ACTION: No trade.
2026-10-01 18:13:18,867 | [PNR] choppy/sideways (ADX 19.6) -> mean-reversion strategy | Signal: HOLD | Shares held: 0.0 | Last price: $52.59
2026-10-01 18:13:18,867 | [PNR] ACTION: No trade.
2026-10-01 18:13:18,945 | [PNW] choppy/sideways (ADX 21.2) -> mean-reversion strategy | Signal: HOLD | Shares held: 0.0 | Last price: $93.90
2026-10-01 18:13:18,946 | [PNW] ACTION: No trade.
2026-10-01 18:13:19,024 | [PODD] choppy/sideways (ADX 13.6) -> mean-reversion strategy | Signal: HOLD | Shares held: 0.0 | Last price: $130.68
2026-10-01 18:13:19,024 | [PODD] ACTION: No trade.
2026-10-01 18:13:19,100 | [PPG] trending (ADX 29.7) -> trend-following strategy | Signal: HOLD | Shares held: 0.0 | Last price: $103.85
2026-10-01 18:13:19,100 | [PPG] ACTION: No trade.
2026-10-01 18:13:19,176 | [PPL] choppy/sideways (ADX 20.9) -> mean-reversion strategy | Signal: HOLD | Shares held: 0.0 | Last price: $32.63
2026-10-01 18:13:19,176 | [PPL] ACTION: No trade.
2026-10-01 18:13:19,252 | [PRU] trending (ADX 27.2) -> trend-following strategy | Signal: HOLD | Shares held: 0.0 | Last price: $112.50
2026-10-01 18:13:19,252 | [PRU] ACTION: No trade.
2026-10-01 18:13:19,328 | [PSA] choppy/sideways (ADX 16.5) -> mean-reversion strategy | Signal: HOLD | Shares held: 0.0 | Last price: $284.42
2026-10-01 18:13:19,328 | [PSA] ACTION: No trade.
2026-10-01 18:13:22,462 | [PSX] choppy/sideways (ADX 12.9) -> mean-reversion strategy | Signal: HOLD | Shares held: 0.0 | Last price: $263.30
2026-10-01 18:13:22,462 | [PSX] ACTION: No trade.
2026-10-01 18:13:22,547 | [PTC] trending (ADX 37.1) -> trend-following strategy | Signal: HOLD | Shares held: 0.0 | Last price: $146.80
2026-10-01 18:13:22,547 | [PTC] ACTION: No trade.
2026-10-01 18:13:22,624 | [PWR] choppy/sideways (ADX 13.7) -> mean-reversion strategy | Signal: HOLD | Shares held: 0.0 | Last price: $656.17
2026-10-01 18:13:22,624 | [PWR] ACTION: No trade.
2026-10-01 18:13:22,699 | [PYPL] choppy/sideways (ADX 20.9) -> mean-reversion strategy | Signal: HOLD | Shares held: 0.0 | Last price: $53.29
2026-10-01 18:13:22,699 | [PYPL] ACTION: No trade.
2026-10-01 18:13:22,773 | [Q] choppy/sideways (ADX 13.1) -> mean-reversion strategy | Signal: HOLD | Shares held: 0.0 | Last price: $125.77
2026-10-01 18:13:22,774 | [Q] ACTION: No trade.
2026-10-01 18:13:22,794 | [QCOM] choppy/sideways (ADX 13.2) -> mean-reversion strategy | Signal: HOLD | Shares held: 0.0 | Last price: $184.91
2026-10-01 18:13:22,794 | [QCOM] ACTION: No trade.
2026-10-01 18:13:22,870 | [RCL] trending (ADX 26.9) -> trend-following strategy | Signal: HOLD | Shares held: 0.0 | Last price: $267.61
2026-10-01 18:13:22,870 | [RCL] ACTION: No trade.
2026-10-01 18:13:22,945 | [RDDT] choppy/sideways (ADX 18.7) -> mean-reversion strategy | Signal: HOLD | Shares held: 0.0 | Last price: $147.52
2026-10-01 18:13:22,946 | [RDDT] ACTION: No trade.
2026-10-01 18:13:23,021 | [REGN] choppy/sideways (ADX 17.4) -> mean-reversion strategy | Signal: HOLD | Shares held: 0.0 | Last price: $741.49
2026-10-01 18:13:23,021 | [REGN] ACTION: No trade.
2026-10-01 18:13:23,097 | [RF] choppy/sideways (ADX 23.4) -> mean-reversion strategy | Signal: HOLD | Shares held: 0.0 | Last price: $26.66
2026-10-01 18:13:23,097 | [RF] ACTION: No trade.
2026-10-01 18:13:23,172 | [RJF] choppy/sideways (ADX 19.4) -> mean-reversion strategy | Signal: HOLD | Shares held: 0.0 | Last price: $158.48
2026-10-01 18:13:23,172 | [RJF] ACTION: No trade.
2026-10-01 18:13:23,247 | [RL] trending (ADX 25.4) -> trend-following strategy | Signal: HOLD | Shares held: 0.0 | Last price: $363.29
2026-10-01 18:13:23,247 | [RL] ACTION: No trade.
2026-10-01 18:13:23,322 | [RMD] choppy/sideways (ADX 14.1) -> mean-reversion strategy | Signal: HOLD | Shares held: 0.0 | Last price: $222.53
2026-10-01 18:13:23,322 | [RMD] ACTION: No trade.
2026-10-01 18:13:23,398 | [ROK] choppy/sideways (ADX 15.5) -> mean-reversion strategy | Signal: HOLD | Shares held: 0.0 | Last price: $435.24
2026-10-01 18:13:23,398 | [ROK] ACTION: No trade.
2026-10-01 18:13:23,473 | [ROL] choppy/sideways (ADX 17.9) -> mean-reversion strategy | Signal: HOLD | Shares held: 0.0 | Last price: $30.48
2026-10-01 18:13:23,473 | [ROL] ACTION: No trade.
2026-10-01 18:13:26,603 | [ROP] trending (ADX 33.5) -> trend-following strategy | Signal: HOLD | Shares held: 0.0 | Last price: $359.66
2026-10-01 18:13:26,603 | [ROP] ACTION: No trade.
2026-10-01 18:13:26,678 | [ROST] choppy/sideways (ADX 19.9) -> mean-reversion strategy | Signal: HOLD | Shares held: 0.0 | Last price: $235.13
2026-10-01 18:13:26,678 | [ROST] ACTION: No trade.
2026-10-01 18:13:26,753 | [RSG] choppy/sideways (ADX 18.8) -> mean-reversion strategy | Signal: HOLD | Shares held: 0.0 | Last price: $207.71
2026-10-01 18:13:26,753 | [RSG] ACTION: No trade.
2026-10-01 18:13:26,773 | [RTX] trending (ADX 31.9) -> trend-following strategy | Signal: HOLD | Shares held: 0.0 | Last price: $185.03
2026-10-01 18:13:26,773 | [RTX] ACTION: No trade.
2026-10-01 18:13:26,848 | [RVTY] choppy/sideways (ADX 24.8) -> mean-reversion strategy | Signal: HOLD | Shares held: 0.0 | Last price: $151.50
2026-10-01 18:13:26,848 | [RVTY] ACTION: No trade.
2026-10-01 18:13:26,923 | [SBAC] trending (ADX 44.2) -> trend-following strategy | Signal: HOLD | Shares held: 0.0 | Last price: $158.29
2026-10-01 18:13:26,923 | [SBAC] ACTION: No trade.
2026-10-01 18:13:26,942 | [SBUX] choppy/sideways (ADX 20.0) -> mean-reversion strategy | Signal: HOLD | Shares held: 0.0 | Last price: $94.30
2026-10-01 18:13:26,943 | [SBUX] ACTION: No trade.
2026-10-01 18:13:26,962 | [SCHW] trending (ADX 29.5) -> trend-following strategy | Signal: HOLD | Shares held: 0.0 | Last price: $98.11
2026-10-01 18:13:26,962 | [SCHW] ACTION: No trade.
2026-10-01 18:13:27,037 | [SHW] trending (ADX 31.3) -> trend-following strategy | Signal: HOLD | Shares held: 0.0 | Last price: $319.21
2026-10-01 18:13:27,037 | [SHW] ACTION: No trade.
2026-10-01 18:13:27,114 | [SJM] trending (ADX 52.3) -> trend-following strategy | Signal: HOLD | Shares held: 0.0 | Last price: $115.96
2026-10-01 18:13:27,114 | [SJM] ACTION: No trade.
2026-10-01 18:13:27,134 | [SLB] trending (ADX 34.7) -> trend-following strategy | Signal: HOLD | Shares held: 0.0 | Last price: $48.70
2026-10-01 18:13:27,134 | [SLB] ACTION: No trade.
2026-10-01 18:13:27,154 | [SMCI] choppy/sideways (ADX 19.0) -> mean-reversion strategy | Signal: HOLD | Shares held: 0.0 | Last price: $41.80
2026-10-01 18:13:27,154 | [SMCI] ACTION: No trade.
2026-10-01 18:13:27,229 | [SNA] choppy/sideways (ADX 15.9) -> mean-reversion strategy | Signal: HOLD | Shares held: 0.0 | Last price: $365.17
2026-10-01 18:13:27,229 | [SNA] ACTION: No trade.
2026-10-01 18:13:27,304 | [SNDK] trending (ADX 29.2) -> trend-following strategy | Signal: HOLD | Shares held: 0.0 | Last price: $1793.29
2026-10-01 18:13:27,304 | [SNDK] ACTION: No trade.
2026-10-01 18:13:27,379 | [SNPS] trending (ADX 55.4) -> trend-following strategy | Signal: HOLD | Shares held: 0.0 | Last price: $493.94
2026-10-01 18:13:27,379 | [SNPS] ACTION: No trade.
2026-10-01 18:13:27,455 | [SO] choppy/sideways (ADX 12.9) -> mean-reversion strategy | Signal: HOLD | Shares held: 0.0 | Last price: $83.25
2026-10-01 18:13:27,455 | [SO] ACTION: No trade.
2026-10-01 18:13:27,531 | [SPG] trending (ADX 28.7) -> trend-following strategy | Signal: HOLD | Shares held: 0.0 | Last price: $200.13
2026-10-01 18:13:27,531 | [SPG] ACTION: No trade.
2026-10-01 18:13:27,606 | [SPGI] choppy/sideways (ADX 16.9) -> mean-reversion strategy | Signal: HOLD | Shares held: 0.0 | Last price: $389.95
2026-10-01 18:13:27,606 | [SPGI] ACTION: No trade.
2026-10-01 18:13:27,682 | [SRE] choppy/sideways (ADX 16.5) -> mean-reversion strategy | Signal: HOLD | Shares held: 0.0 | Last price: $77.84
2026-10-01 18:13:27,682 | [SRE] ACTION: No trade.
2026-10-01 18:13:30,811 | [STE] trending (ADX 31.5) -> trend-following strategy | Signal: HOLD | Shares held: 0.0 | Last price: $208.46
2026-10-01 18:13:30,811 | [STE] ACTION: No trade.
2026-10-01 18:13:30,886 | [STLD] choppy/sideways (ADX 24.2) -> mean-reversion strategy | Signal: HOLD | Shares held: 0.0 | Last price: $226.25
2026-10-01 18:13:30,886 | [STLD] ACTION: No trade.
2026-10-01 18:13:30,962 | [STT] trending (ADX 46.4) -> trend-following strategy | Signal: HOLD | Shares held: 0.0 | Last price: $173.44
2026-10-01 18:13:30,962 | [STT] ACTION: No trade.
2026-10-01 18:13:31,037 | [STX] choppy/sideways (ADX 23.8) -> mean-reversion strategy | Signal: HOLD | Shares held: 0.0 | Last price: $935.07
2026-10-01 18:13:31,037 | [STX] ACTION: No trade.
2026-10-01 18:13:31,114 | [STZ] choppy/sideways (ADX 17.7) -> mean-reversion strategy | Signal: HOLD | Shares held: 0.0 | Last price: $112.62
2026-10-01 18:13:31,115 | [STZ] ACTION: No trade.
2026-10-01 18:13:31,190 | [SW] choppy/sideways (ADX 24.7) -> mean-reversion strategy | Signal: HOLD | Shares held: 0.0 | Last price: $43.30
2026-10-01 18:13:31,190 | [SW] ACTION: No trade.
2026-10-01 18:13:31,272 | [SWK] choppy/sideways (ADX 24.1) -> mean-reversion strategy | Signal: HOLD | Shares held: 0.0 | Last price: $88.60
2026-10-01 18:13:31,272 | [SWK] ACTION: No trade.
2026-10-01 18:13:31,346 | [SWKS] trending (ADX 29.3) -> trend-following strategy | Signal: HOLD | Shares held: 0.0 | Last price: $83.89
2026-10-01 18:13:31,346 | [SWKS] ACTION: No trade.
2026-10-01 18:13:31,423 | [SYF] choppy/sideways (ADX 23.7) -> mean-reversion strategy | Signal: HOLD | Shares held: 0.0 | Last price: $70.94
2026-10-01 18:13:31,423 | [SYF] ACTION: No trade.
2026-10-01 18:13:31,498 | [SYK] choppy/sideways (ADX 23.2) -> mean-reversion strategy | Signal: HOLD | Shares held: 0.0 | Last price: $272.35
2026-10-01 18:13:31,498 | [SYK] ACTION: No trade.
2026-10-01 18:13:31,578 | [SYY] trending (ADX 27.0) -> trend-following strategy | Signal: HOLD | Shares held: 0.0 | Last price: $77.59
2026-10-01 18:13:31,578 | [SYY] ACTION: No trade.
2026-10-01 18:13:31,598 | [T] choppy/sideways (ADX 23.3) -> mean-reversion strategy | Signal: HOLD | Shares held: 0.0 | Last price: $24.38
2026-10-01 18:13:31,598 | [T] ACTION: No trade.
2026-10-01 18:13:31,673 | [TDG] trending (ADX 28.9) -> trend-following strategy | Signal: HOLD | Shares held: 0.0 | Last price: $1094.55
2026-10-01 18:13:31,674 | [TDG] ACTION: No trade.
2026-10-01 18:13:31,753 | [TDY] choppy/sideways (ADX 23.6) -> mean-reversion strategy | Signal: HOLD | Shares held: 0.0 | Last price: $611.22
2026-10-01 18:13:31,753 | [TDY] ACTION: No trade.
2026-10-01 18:13:31,828 | [TECH] choppy/sideways (ADX 14.2) -> mean-reversion strategy | Signal: HOLD | Shares held: 0.0 | Last price: $72.44
2026-10-01 18:13:31,828 | [TECH] ACTION: No trade.
2026-10-01 18:13:34,987 | [TEL] choppy/sideways (ADX 19.5) -> mean-reversion strategy | Signal: HOLD | Shares held: 0.0 | Last price: $218.28
2026-10-01 18:13:34,987 | [TEL] ACTION: No trade.
2026-10-01 18:13:35,104 | [TER] trending (ADX 30.3) -> trend-following strategy | Signal: HOLD | Shares held: 0.0 | Last price: $414.96
2026-10-01 18:13:35,104 | [TER] ACTION: No trade.
2026-10-01 18:13:35,180 | [TFC] trending (ADX 25.1) -> trend-following strategy | Signal: HOLD | Shares held: 0.0 | Last price: $45.94
2026-10-01 18:13:35,180 | [TFC] ACTION: No trade.
2026-10-01 18:13:35,255 | [TGT] choppy/sideways (ADX 12.9) -> mean-reversion strategy | Signal: HOLD | Shares held: 0.0 | Last price: $157.24
2026-10-01 18:13:35,255 | [TGT] ACTION: No trade.
2026-10-01 18:13:35,331 | [TJX] choppy/sideways (ADX 19.4) -> mean-reversion strategy | Signal: HOLD | Shares held: 0.0 | Last price: $132.97
2026-10-01 18:13:35,331 | [TJX] ACTION: No trade.
2026-10-01 18:13:35,407 | [TKO] trending (ADX 42.2) -> trend-following strategy | Signal: HOLD | Shares held: 0.0 | Last price: $171.57
2026-10-01 18:13:35,407 | [TKO] ACTION: No trade.
2026-10-01 18:13:35,427 | [TMO] trending (ADX 57.2) -> trend-following strategy | Signal: HOLD | Shares held: 0.0 | Last price: $656.25
2026-10-01 18:13:35,427 | [TMO] ACTION: No trade.
2026-10-01 18:13:35,446 | [TMUS] trending (ADX 29.3) -> trend-following strategy | Signal: HOLD | Shares held: 0.0 | Last price: $162.09
2026-10-01 18:13:35,446 | [TMUS] ACTION: No trade.
2026-10-01 18:13:35,521 | [TPR] trending (ADX 28.6) -> trend-following strategy | Signal: HOLD | Shares held: 0.0 | Last price: $118.61
2026-10-01 18:13:35,522 | [TPR] ACTION: No trade.
2026-10-01 18:13:35,599 | [TRGP] trending (ADX 29.9) -> trend-following strategy | Signal: HOLD | Shares held: 0.0 | Last price: $277.17
2026-10-01 18:13:35,600 | [TRGP] ACTION: No trade.
2026-10-01 18:13:35,675 | [TRMB] choppy/sideways (ADX 20.7) -> mean-reversion strategy | Signal: HOLD | Shares held: 0.0 | Last price: $57.75
2026-10-01 18:13:35,675 | [TRMB] ACTION: No trade.
2026-10-01 18:13:35,752 | [TROW] trending (ADX 44.3) -> trend-following strategy | Signal: HOLD | Shares held: 0.0 | Last price: $106.04
2026-10-01 18:13:35,752 | [TROW] ACTION: No trade.
2026-10-01 18:13:35,827 | [TRV] choppy/sideways (ADX 21.8) -> mean-reversion strategy | Signal: HOLD | Shares held: 0.0 | Last price: $360.00
2026-10-01 18:13:35,827 | [TRV] ACTION: No trade.
2026-10-01 18:13:35,902 | [TSCO] choppy/sideways (ADX 13.8) -> mean-reversion strategy | Signal: HOLD | Shares held: 0.0 | Last price: $31.23
2026-10-01 18:13:35,902 | [TSCO] ACTION: No trade.
2026-10-01 18:13:35,922 | [TSLA] choppy/sideways (ADX 16.6) -> mean-reversion strategy | Signal: HOLD | Shares held: 0.0 | Last price: $355.93
2026-10-01 18:13:35,922 | [TSLA] ACTION: No trade.
2026-10-01 18:13:35,997 | [TSN] trending (ADX 26.3) -> trend-following strategy | Signal: HOLD | Shares held: 0.0 | Last price: $50.20
2026-10-01 18:13:35,998 | [TSN] ACTION: No trade.
2026-10-01 18:13:36,073 | [TT] trending (ADX 27.6) -> trend-following strategy | Signal: HOLD | Shares held: 0.0 | Last price: $454.04
2026-10-01 18:13:36,073 | [TT] ACTION: No trade.
2026-10-01 18:13:39,204 | [TTWO] trending (ADX 27.1) -> trend-following strategy | Signal: HOLD | Shares held: 0.0 | Last price: $203.31
2026-10-01 18:13:39,204 | [TTWO] ACTION: No trade.
2026-10-01 18:13:39,224 | [TXN] choppy/sideways (ADX 21.1) -> mean-reversion strategy | Signal: HOLD | Shares held: 0.0 | Last price: $281.94
2026-10-01 18:13:39,224 | [TXN] ACTION: No trade.
2026-10-01 18:13:39,299 | [TXT] choppy/sideways (ADX 23.7) -> mean-reversion strategy | Signal: HOLD | Shares held: 0.0 | Last price: $76.73
2026-10-01 18:13:39,299 | [TXT] ACTION: No trade.
2026-10-01 18:13:39,374 | [TYL] trending (ADX 34.3) -> trend-following strategy | Signal: HOLD | Shares held: 0.0 | Last price: $331.10
2026-10-01 18:13:39,374 | [TYL] ACTION: No trade.
2026-10-01 18:13:39,449 | [UAL] choppy/sideways (ADX 20.2) -> mean-reversion strategy | Signal: HOLD | Shares held: 0.0 | Last price: $110.28
2026-10-01 18:13:39,449 | [UAL] ACTION: No trade.
2026-10-01 18:13:39,524 | [UBER] trending (ADX 33.9) -> trend-following strategy | Signal: HOLD | Shares held: 0.0 | Last price: $67.87
2026-10-01 18:13:39,524 | [UBER] ACTION: No trade.
2026-10-01 18:13:39,599 | [UDR] choppy/sideways (ADX 13.5) -> mean-reversion strategy | Signal: HOLD | Shares held: 0.0 | Last price: $33.48
2026-10-01 18:13:39,599 | [UDR] ACTION: No trade.
2026-10-01 18:13:39,675 | [UHS] choppy/sideways (ADX 22.8) -> mean-reversion strategy | Signal: HOLD | Shares held: 0.0 | Last price: $174.44
2026-10-01 18:13:39,675 | [UHS] ACTION: No trade.
2026-10-01 18:13:39,750 | [ULTA] choppy/sideways (ADX 15.4) -> mean-reversion strategy | Signal: HOLD | Shares held: 0.0 | Last price: $540.55
2026-10-01 18:13:39,750 | [ULTA] ACTION: No trade.
2026-10-01 18:13:39,770 | [UNH] choppy/sideways (ADX 20.3) -> mean-reversion strategy | Signal: HOLD | Shares held: 0.0 | Last price: $364.75
2026-10-01 18:13:39,770 | [UNH] ACTION: No trade.
2026-10-01 18:13:39,845 | [UNP] trending (ADX 34.9) -> trend-following strategy | Signal: HOLD | Shares held: 0.0 | Last price: $270.54
2026-10-01 18:13:39,845 | [UNP] ACTION: No trade.
2026-10-01 18:13:39,864 | [UPS] choppy/sideways (ADX 20.2) -> mean-reversion strategy | Signal: HOLD | Shares held: 0.0 | Last price: $94.13
2026-10-01 18:13:39,864 | [UPS] ACTION: No trade.
2026-10-01 18:13:39,939 | [URI] choppy/sideways (ADX 20.3) -> mean-reversion strategy | Signal: HOLD | Shares held: 0.0 | Last price: $1024.25
2026-10-01 18:13:39,939 | [URI] ACTION: No trade.
2026-10-01 18:13:40,014 | [USB] trending (ADX 38.0) -> trend-following strategy | Signal: HOLD | Shares held: 0.0 | Last price: $56.83
2026-10-01 18:13:40,014 | [USB] ACTION: No trade.
2026-10-01 18:13:40,033 | [V] choppy/sideways (ADX 16.7) -> mean-reversion strategy | Signal: HOLD | Shares held: 0.0 | Last price: $359.02
2026-10-01 18:13:40,033 | [V] ACTION: No trade.
2026-10-01 18:13:40,108 | [VEEV] trending (ADX 26.0) -> trend-following strategy | Signal: HOLD | Shares held: 0.0 | Last price: $284.26
2026-10-01 18:13:40,108 | [VEEV] ACTION: No trade.
2026-10-01 18:13:40,185 | [VICI] trending (ADX 36.2) -> trend-following strategy | Signal: HOLD | Shares held: 0.0 | Last price: $22.73
2026-10-01 18:13:40,185 | [VICI] ACTION: No trade.
2026-10-01 18:13:40,259 | [VLO] trending (ADX 25.5) -> trend-following strategy | Signal: HOLD | Shares held: 0.0 | Last price: $405.30
2026-10-01 18:13:40,259 | [VLO] ACTION: No trade.
2026-10-01 18:13:43,547 | [VLTO] trending (ADX 27.3) -> trend-following strategy | Signal: HOLD | Shares held: 0.0 | Last price: $94.44
2026-10-01 18:13:43,547 | [VLTO] ACTION: No trade.
2026-10-01 18:13:43,622 | [VMC] trending (ADX 27.9) -> trend-following strategy | Signal: HOLD | Shares held: 0.0 | Last price: $241.82
2026-10-01 18:13:43,622 | [VMC] ACTION: No trade.
2026-10-01 18:13:43,697 | [VMRK] trending (ADX 32.5) -> trend-following strategy | Signal: HOLD | Shares held: 0.0 | Last price: $59.94
2026-10-01 18:13:43,697 | [VMRK] ACTION: No trade.
2026-10-01 18:13:43,772 | [VRSK] choppy/sideways (ADX 24.2) -> mean-reversion strategy | Signal: HOLD | Shares held: 0.0 | Last price: $169.42
2026-10-01 18:13:43,772 | [VRSK] ACTION: No trade.
2026-10-01 18:13:43,847 | [VRSN] choppy/sideways (ADX 20.6) -> mean-reversion strategy | Signal: HOLD | Shares held: 0.0 | Last price: $287.68
2026-10-01 18:13:43,847 | [VRSN] ACTION: No trade.
2026-10-01 18:13:43,922 | [VRT] trending (ADX 26.0) -> trend-following strategy | Signal: HOLD | Shares held: 0.0 | Last price: $246.87
2026-10-01 18:13:43,922 | [VRT] ACTION: No trade.
2026-10-01 18:13:43,998 | [VRTX] trending (ADX 49.7) -> trend-following strategy | Signal: HOLD | Shares held: 0.0 | Last price: $508.35
2026-10-01 18:13:43,998 | [VRTX] ACTION: No trade.
2026-10-01 18:13:44,073 | [VST] trending (ADX 26.6) -> trend-following strategy | Signal: HOLD | Shares held: 0.0 | Last price: $139.63
2026-10-01 18:13:44,073 | [VST] ACTION: No trade.
2026-10-01 18:13:44,149 | [VTR] trending (ADX 48.0) -> trend-following strategy | Signal: HOLD | Shares held: 0.0 | Last price: $83.47
2026-10-01 18:13:44,149 | [VTR] ACTION: No trade.
2026-10-01 18:13:44,224 | [VTRS] trending (ADX 29.3) -> trend-following strategy | Signal: HOLD | Shares held: 0.0 | Last price: $17.64
2026-10-01 18:13:44,224 | [VTRS] ACTION: No trade.
2026-10-01 18:13:44,244 | [VZ] choppy/sideways (ADX 11.7) -> mean-reversion strategy | Signal: HOLD | Shares held: 0.0 | Last price: $46.01
2026-10-01 18:13:44,244 | [VZ] ACTION: No trade.
2026-10-01 18:13:44,319 | [WAB] trending (ADX 29.3) -> trend-following strategy | Signal: HOLD | Shares held: 0.0 | Last price: $285.17
2026-10-01 18:13:44,319 | [WAB] ACTION: No trade.
2026-10-01 18:13:44,395 | [WAT] trending (ADX 47.0) -> trend-following strategy | Signal: HOLD | Shares held: 0.0 | Last price: $428.46
2026-10-01 18:13:44,395 | [WAT] ACTION: No trade.
2026-10-01 18:13:44,469 | [WBD] trending (ADX 40.2) -> trend-following strategy | Signal: HOLD | Shares held: 0.0 | Last price: $30.93
2026-10-01 18:13:44,469 | [WBD] ACTION: No trade.
2026-10-01 18:13:44,544 | [WDAY] choppy/sideways (ADX 18.2) -> mean-reversion strategy | Signal: HOLD | Shares held: 0.0 | Last price: $186.65
2026-10-01 18:13:44,544 | [WDAY] ACTION: No trade.
2026-10-01 18:13:44,618 | [WDC] trending (ADX 32.6) -> trend-following strategy | Signal: BUY | Shares held: 0.0 | Last price: $454.64
2026-10-01 18:13:44,618 | [WDC] ACTION: No trade (within the historically weak 210-270 min-since-open entry window).
2026-10-01 18:13:47,750 | [WEC] choppy/sideways (ADX 13.6) -> mean-reversion strategy | Signal: HOLD | Shares held: 0.0 | Last price: $101.30
2026-10-01 18:13:47,750 | [WEC] ACTION: No trade.
2026-10-01 18:13:47,824 | [WELL] trending (ADX 32.1) -> trend-following strategy | Signal: HOLD | Shares held: 0.0 | Last price: $226.50
2026-10-01 18:13:47,825 | [WELL] ACTION: No trade.
2026-10-01 18:13:47,845 | [WFC] trending (ADX 29.3) -> trend-following strategy | Signal: BUY | Shares held: 0.0 | Last price: $79.68
2026-10-01 18:13:47,845 | [WFC] ACTION: No trade (within the historically weak 210-270 min-since-open entry window).
2026-10-01 18:13:47,922 | [WM] trending (ADX 35.6) -> trend-following strategy | Signal: HOLD | Shares held: 0.0 | Last price: $202.10
2026-10-01 18:13:47,922 | [WM] ACTION: No trade.
2026-10-01 18:13:47,997 | [WMB] trending (ADX 27.2) -> trend-following strategy | Signal: HOLD | Shares held: 0.0 | Last price: $69.36
2026-10-01 18:13:47,997 | [WMB] ACTION: No trade.
2026-10-01 18:13:48,017 | [WMT] trending (ADX 30.6) -> trend-following strategy | Signal: HOLD | Shares held: 0.0 | Last price: $104.70
2026-10-01 18:13:48,017 | [WMT] ACTION: No trade.
2026-10-01 18:13:48,092 | [WRB] choppy/sideways (ADX 13.4) -> mean-reversion strategy | Signal: HOLD | Shares held: 0.0 | Last price: $68.87
2026-10-01 18:13:48,093 | [WRB] ACTION: No trade.
2026-10-01 18:13:48,170 | [WSM] choppy/sideways (ADX 19.5) -> mean-reversion strategy | Signal: HOLD | Shares held: 0.0 | Last price: $229.10
2026-10-01 18:13:48,170 | [WSM] ACTION: No trade.
2026-10-01 18:13:48,246 | [WST] trending (ADX 36.9) -> trend-following strategy | Signal: HOLD | Shares held: 0.0 | Last price: $363.44
2026-10-01 18:13:48,246 | [WST] ACTION: No trade.
2026-10-01 18:13:48,322 | [WTW] choppy/sideways (ADX 18.0) -> mean-reversion strategy | Signal: HOLD | Shares held: 0.0 | Last price: $290.57
2026-10-01 18:13:48,322 | [WTW] ACTION: No trade.
2026-10-01 18:13:48,398 | [WY] trending (ADX 43.3) -> trend-following strategy | Signal: HOLD | Shares held: 0.0 | Last price: $18.55
2026-10-01 18:13:48,398 | [WY] ACTION: No trade.
2026-10-01 18:13:48,473 | [WYNN] trending (ADX 33.6) -> trend-following strategy | Signal: HOLD | Shares held: 0.0 | Last price: $76.89
2026-10-01 18:13:48,473 | [WYNN] ACTION: No trade.
2026-10-01 18:13:48,548 | [XEL] choppy/sideways (ADX 22.6) -> mean-reversion strategy | Signal: HOLD | Shares held: 0.0 | Last price: $70.41
2026-10-01 18:13:48,549 | [XEL] ACTION: No trade.
2026-10-01 18:13:48,568 | [XOM] choppy/sideways (ADX 18.7) -> mean-reversion strategy | Signal: HOLD | Shares held: 0.0 | Last price: $163.72
2026-10-01 18:13:48,568 | [XOM] ACTION: No trade.
2026-10-01 18:13:48,644 | [XYL] choppy/sideways (ADX 21.3) -> mean-reversion strategy | Signal: HOLD | Shares held: 0.0 | Last price: $100.39
2026-10-01 18:13:48,644 | [XYL] ACTION: No trade.
2026-10-01 18:13:48,719 | [XYZ] choppy/sideways (ADX 16.4) -> mean-reversion strategy | Signal: HOLD | Shares held: 0.0 | Last price: $73.69
2026-10-01 18:13:48,719 | [XYZ] ACTION: No trade.
2026-10-01 18:13:48,796 | [YUM] choppy/sideways (ADX 22.2) -> mean-reversion strategy | Signal: HOLD | Shares held: 0.0 | Last price: $136.99
2026-10-01 18:13:48,796 | [YUM] ACTION: No trade.
2026-10-01 18:13:51,946 | [ZBH] trending (ADX 44.2) -> trend-following strategy | Signal: HOLD | Shares held: 0.0 | Last price: $87.77
2026-10-01 18:13:51,946 | [ZBH] ACTION: No trade.
2026-10-01 18:13:52,028 | [ZBRA] choppy/sideways (ADX 21.6) -> mean-reversion strategy | Signal: HOLD | Shares held: 0.0 | Last price: $374.85
2026-10-01 18:13:52,028 | [ZBRA] ACTION: No trade.
2026-10-01 18:13:52,119 | [ZTS] choppy/sideways (ADX 9.6) -> mean-reversion strategy | Signal: HOLD | Shares held: 0.0 | Last price: $69.70
2026-10-01 18:13:52,119 | [ZTS] ACTION: No trade.
2026-10-01 18:28:52,487 | Market is open (closes 2026-10-01 22:00:00 CEST your local time). Checking 490 symbols: A, AAPL, ABBV, ABNB, ABT, ACGL, ACN, ADBE, ADI, ADM, ADP, ADSK, AEE, AEP, AES, AFL, AIG, AJG, AKAM, ALB, ALGN, ALL, ALLE, AMAT, AMCR, AMD, AME, AMGN, AMP, AMT, AMZN, ANET, AON, AOS, APA, APD, APH, APO, APP, APTV, ARE, ARES, ATO, AVGO, AVY, AWK, AXON, AXP, AZO, BA, BAC, BALL, BAX, BBY, BDX, BE, BEN, BG, BIIB, BKNG, BKR, BLK, BMY, BNY, BR, BRK.B, BRO, BSX, BX, C, CAH, CARR, CASY, CAT, CB, CBOE, CBRE, CCI, CCL, CDNS, CDW, CEG, CF, CFG, CHD, CHRW, CHTR, CI, CIEN, CINF, CL, CLX, CMCSA, CME, CMG, CMI, CMS, CNC, CNP, COF, COHR, COIN, COO, COP, COR, COST, CPAY, CPRT, CPT, CRH, CRL, CRM, CRWD, CSCO, CSGP, CSX, CTAS, CTSH, CTVA, CVNA, CVS, CVX, D, DAL, DASH, DD, DDOG, DE, DECK, DELL, DG, DGX, DHI, DHR, DIS, DLR, DLTR, DOC, DOV, DOW, DPZ, DRI, DTE, DUK, DVA, DVN, DXCM, EBAY, ECHO, ECL, ED, EFX, EG, EIX, EL, ELV, EME, EMR, EOG, EQIX, EQT, ES, ESS, ETN, ETR, EVRG, EW, EXC, EXE, EXPD, EXPE, EXR, F, FANG, FAST, FCX, FDS, FDX, FDXF, FE, FERG, FFIV, FICO, FIS, FISV, FITB, FIX, FLEX, FOXA, FRT, FSLR, FTNT, FTV, GD, GDDY, GE, GEHC, GEN, GEV, GILD, GIS, GLW, GM, GNRC, GOOG, GOOGL, GPC, GPN, GRMN, GS, GWW, HAL, HAS, HBAN, HCA, HD, HIG, HII, HLT, HON, HONA, HOOD, HPE, HPQ, HST, HSY, HUBB, HUM, HWM, IBKR, IBM, ICE, IDXX, IEX, IFF, ILMN, INCY, INTC, INTU, INVH, IP, IQV, IR, IRM, ISRG, IT, ITW, IVZ, J, JBHT, JBL, JCI, JKHY, JNJ, JPM, KDP, KEY, KEYS, KHC, KIM, KKR, KLAC, KMB, KMI, KO, KR, KVUE, L, LDOS, LEN, LH, LHX, LII, LIN, LITE, LLY, LMT, LNT, LOW, LRCX, LULU, LUV, LVS, LYB, LYV, MA, MAA, MAR, MAS, MCD, MCHP, MCK, MCO, MDLZ, MDT, MET, META, MGM, MKC, MLM, MMM, MNST, MO, MOS, MPC, MPWR, MRK, MRNA, MRSH, MRVL, MS, MSCI, MSFT, MSI, MTB, MTD, MU, NCLH, NDAQ, NDSN, NEE, NEM, NFLX, NI, NKE, NOC, NOW, NRG, NSC, NTAP, NTRS, NUE, NVDA, NVR, NWSA, NXPI, O, ODFL, OKE, OMC, ON, ORCL, ORLY, OTIS, OXY, P, PANW, PAYX, PCAR, PCG, PEG, PEP, PFE, PFG, PG, PGR, PH, PHM, PKG, PLD, PLTR, PM, PNC, PNR, PNW, PODD, PPG, PPL, PRU, PSA, PSX, PTC, PWR, PYPL, Q, QCOM, RCL, RDDT, REGN, RF, RJF, RL, RMD, ROK, ROL, ROP, ROST, RSG, RTX, RVTY, SBAC, SBUX, SCHW, SHW, SJM, SLB, SMCI, SNA, SNDK, SNPS, SO, SPG, SPGI, SRE, STE, STLD, STT, STX, STZ, SW, SWK, SWKS, SYF, SYK, SYY, T, TDG, TDY, TECH, TEL, TER, TFC, TGT, TJX, TKO, TMO, TMUS, TPR, TRGP, TRMB, TROW, TRV, TSCO, TSLA, TSN, TT, TTWO, TXN, TXT, TYL, UAL, UBER, UDR, UHS, ULTA, UNH, UNP, UPS, URI, USB, V, VEEV, VICI, VLO, VLTO, VMC, VMRK, VRSK, VRSN, VRT, VRTX, VST, VTR, VTRS, VZ, WAB, WAT, WBD, WDAY, WDC, WEC, WELL, WFC, WM, WMB, WMT, WRB, WSM, WST, WTW, WY, WYNN, XEL, XOM, XYL, XYZ, YUM, ZBH, ZBRA, ZTS
2026-10-01 18:29:28,055 | [A] trending (ADX 61.3) -> trend-following strategy | Signal: HOLD | Shares held: 0.0 | Last price: $167.56
2026-10-01 18:29:28,055 | [A] ACTION: No trade.
2026-10-01 18:29:28,075 | [AAPL] trending (ADX 40.1) -> trend-following strategy | Signal: HOLD | Shares held: 0.0 | Last price: $329.51
2026-10-01 18:29:28,075 | [AAPL] ACTION: No trade.
2026-10-01 18:29:28,095 | [ABBV] trending (ADX 34.7) -> trend-following strategy | Signal: HOLD | Shares held: 0.0 | Last price: $260.81
2026-10-01 18:29:28,095 | [ABBV] ACTION: No trade.
2026-10-01 18:29:28,115 | [ABNB] choppy/sideways (ADX 20.7) -> mean-reversion strategy | Signal: HOLD | Shares held: 0.0 | Last price: $159.62
2026-10-01 18:29:28,115 | [ABNB] ACTION: No trade.
2026-10-01 18:29:28,134 | [ABT] trending (ADX 31.6) -> trend-following strategy | Signal: HOLD | Shares held: 0.0 | Last price: $97.20
2026-10-01 18:29:28,134 | [ABT] ACTION: No trade.
2026-10-01 18:29:28,154 | [ACGL] choppy/sideways (ADX 21.7) -> mean-reversion strategy | Signal: HOLD | Shares held: 0.0 | Last price: $93.84
2026-10-01 18:29:28,154 | [ACGL] ACTION: No trade.
2026-10-01 18:29:28,174 | [ACN] trending (ADX 50.4) -> trend-following strategy | Signal: HOLD | Shares held: 0.0 | Last price: $214.19
2026-10-01 18:29:28,174 | [ACN] ACTION: No trade.
2026-10-01 18:29:28,194 | [ADBE] trending (ADX 28.1) -> trend-following strategy | Signal: HOLD | Shares held: 0.0 | Last price: $241.55
2026-10-01 18:29:28,194 | [ADBE] ACTION: No trade.
2026-10-01 18:29:28,213 | [ADI] choppy/sideways (ADX 16.4) -> mean-reversion strategy | Signal: HOLD | Shares held: 0.0 | Last price: $402.49
2026-10-01 18:29:28,213 | [ADI] ACTION: No trade.
2026-10-01 18:29:28,233 | [ADM] trending (ADX 38.0) -> trend-following strategy | Signal: HOLD | Shares held: 0.0 | Last price: $79.08
2026-10-01 18:29:28,233 | [ADM] ACTION: No trade.
2026-10-01 18:29:28,253 | [ADP] choppy/sideways (ADX 18.6) -> mean-reversion strategy | Signal: HOLD | Shares held: 0.0 | Last price: $263.90
2026-10-01 18:29:28,253 | [ADP] ACTION: No trade.
2026-10-01 18:29:28,273 | [ADSK] trending (ADX 30.9) -> trend-following strategy | Signal: HOLD | Shares held: 0.0 | Last price: $212.74
2026-10-01 18:29:28,273 | [ADSK] ACTION: No trade.
2026-10-01 18:29:28,293 | [AEE] choppy/sideways (ADX 11.3) -> mean-reversion strategy | Signal: HOLD | Shares held: 0.0 | Last price: $99.61
2026-10-01 18:29:28,293 | [AEE] ACTION: No trade.
2026-10-01 18:29:28,313 | [AEP] choppy/sideways (ADX 15.8) -> mean-reversion strategy | Signal: HOLD | Shares held: 0.0 | Last price: $119.49
2026-10-01 18:29:28,313 | [AEP] ACTION: No trade.
2026-10-01 18:29:28,332 | [AES] trending (ADX 51.0) -> trend-following strategy | Signal: HOLD | Shares held: 0.0 | Last price: $14.93
2026-10-01 18:29:28,333 | [AES] ACTION: No trade.
2026-10-01 18:29:28,352 | [AFL] trending (ADX 53.2) -> trend-following strategy | Signal: HOLD | Shares held: 0.0 | Last price: $110.96
2026-10-01 18:29:28,352 | [AFL] ACTION: No trade.
2026-10-01 18:29:28,372 | [AIG] choppy/sideways (ADX 10.4) -> mean-reversion strategy | Signal: HOLD | Shares held: 0.0 | Last price: $74.92
2026-10-01 18:29:28,372 | [AIG] ACTION: No trade.
2026-10-01 18:29:28,392 | [AJG] trending (ADX 30.1) -> trend-following strategy | Signal: HOLD | Shares held: 0.0 | Last price: $232.17
2026-10-01 18:29:28,392 | [AJG] ACTION: No trade.
2026-10-01 18:29:28,412 | [AKAM] choppy/sideways (ADX 20.9) -> mean-reversion strategy | Signal: HOLD | Shares held: 0.0 | Last price: $106.31
2026-10-01 18:29:28,412 | [AKAM] ACTION: No trade.
2026-10-01 18:29:28,431 | [ALB] trending (ADX 25.7) -> trend-following strategy | Signal: HOLD | Shares held: 0.0 | Last price: $105.33
2026-10-01 18:29:28,431 | [ALB] ACTION: No trade.
2026-10-01 18:29:28,451 | [ALGN] choppy/sideways (ADX 21.6) -> mean-reversion strategy | Signal: HOLD | Shares held: 0.0 | Last price: $144.76
2026-10-01 18:29:28,451 | [ALGN] ACTION: No trade.
2026-10-01 18:29:28,471 | [ALL] choppy/sideways (ADX 10.7) -> mean-reversion strategy | Signal: HOLD | Shares held: 0.0 | Last price: $223.78
2026-10-01 18:29:28,471 | [ALL] ACTION: No trade.
2026-10-01 18:29:28,491 | [ALLE] trending (ADX 32.7) -> trend-following strategy | Signal: HOLD | Shares held: 0.0 | Last price: $153.27
2026-10-01 18:29:28,491 | [ALLE] ACTION: No trade.
2026-10-01 18:29:28,511 | [AMAT] trending (ADX 30.1) -> trend-following strategy | Signal: HOLD | Shares held: 0.0 | Last price: $525.83
2026-10-01 18:29:28,511 | [AMAT] ACTION: No trade.
2026-10-01 18:29:28,530 | [AMCR] choppy/sideways (ADX 22.1) -> mean-reversion strategy | Signal: HOLD | Shares held: 0.0 | Last price: $42.06
2026-10-01 18:29:28,531 | [AMCR] ACTION: No trade.
2026-10-01 18:29:28,551 | [AMD] choppy/sideways (ADX 15.8) -> mean-reversion strategy | Signal: HOLD | Shares held: 0.0 | Last price: $612.43
2026-10-01 18:29:28,551 | [AMD] ACTION: No trade.
2026-10-01 18:29:28,571 | [AME] choppy/sideways (ADX 23.7) -> mean-reversion strategy | Signal: HOLD | Shares held: 0.0 | Last price: $249.08
2026-10-01 18:29:28,571 | [AME] ACTION: No trade.
2026-10-01 18:29:28,591 | [AMGN] trending (ADX 48.7) -> trend-following strategy | Signal: HOLD | Shares held: 0.0 | Last price: $410.79
2026-10-01 18:29:28,591 | [AMGN] ACTION: No trade.
2026-10-01 18:29:28,610 | [AMP] choppy/sideways (ADX 19.6) -> mean-reversion strategy | Signal: HOLD | Shares held: 0.0 | Last price: $497.14
2026-10-01 18:29:28,610 | [AMP] ACTION: No trade.
2026-10-01 18:29:28,630 | [AMT] trending (ADX 37.7) -> trend-following strategy | Signal: HOLD | Shares held: 0.0 | Last price: $161.61
2026-10-01 18:29:28,630 | [AMT] ACTION: No trade.
2026-10-01 18:29:28,650 | [AMZN] choppy/sideways (ADX 19.9) -> mean-reversion strategy | Signal: HOLD | Shares held: 0.0 | Last price: $249.10
2026-10-01 18:29:28,650 | [AMZN] ACTION: No trade.
2026-10-01 18:29:28,669 | [ANET] choppy/sideways (ADX 11.3) -> mean-reversion strategy | Signal: HOLD | Shares held: 0.0 | Last price: $204.72
2026-10-01 18:29:28,670 | [ANET] ACTION: No trade.
2026-10-01 18:29:28,689 | [AON] trending (ADX 25.5) -> trend-following strategy | Signal: HOLD | Shares held: 0.0 | Last price: $276.08
2026-10-01 18:29:28,689 | [AON] ACTION: No trade.
2026-10-01 18:29:28,709 | [AOS] trending (ADX 36.2) -> trend-following strategy | Signal: HOLD | Shares held: 0.0 | Last price: $56.17
2026-10-01 18:29:28,709 | [AOS] ACTION: No trade.
2026-10-01 18:29:28,728 | [APA] choppy/sideways (ADX 21.9) -> mean-reversion strategy | Signal: HOLD | Shares held: 0.0 | Last price: $43.27
2026-10-01 18:29:28,729 | [APA] ACTION: No trade.
2026-10-01 18:29:28,749 | [APD] trending (ADX 37.3) -> trend-following strategy | Signal: HOLD | Shares held: 0.0 | Last price: $272.74
2026-10-01 18:29:28,749 | [APD] ACTION: No trade.
2026-10-01 18:29:28,768 | [APH] trending (ADX 41.2) -> trend-following strategy | Signal: HOLD | Shares held: 0.0 | Last price: $86.14
2026-10-01 18:29:28,768 | [APH] ACTION: No trade.
2026-10-01 18:29:28,788 | [APO] choppy/sideways (ADX 18.2) -> mean-reversion strategy | Signal: HOLD | Shares held: 0.0 | Last price: $115.42
2026-10-01 18:29:28,788 | [APO] ACTION: No trade.
2026-10-01 18:29:28,807 | [APP] trending (ADX 61.9) -> trend-following strategy | Signal: HOLD | Shares held: 0.0 | Last price: $281.69
2026-10-01 18:29:28,808 | [APP] ACTION: No trade.
2026-10-01 18:29:28,827 | [APTV] trending (ADX 27.2) -> trend-following strategy | Signal: HOLD | Shares held: 0.0 | Last price: $43.98
2026-10-01 18:29:28,827 | [APTV] ACTION: No trade.
2026-10-01 18:29:28,847 | [ARE] trending (ADX 45.3) -> trend-following strategy | Signal: HOLD | Shares held: 0.0 | Last price: $46.53
2026-10-01 18:29:28,847 | [ARE] ACTION: No trade.
2026-10-01 18:29:28,867 | [ARES] choppy/sideways (ADX 20.4) -> mean-reversion strategy | Signal: HOLD | Shares held: 0.0 | Last price: $117.46
2026-10-01 18:29:28,867 | [ARES] ACTION: No trade.
2026-10-01 18:29:28,886 | [ATO] choppy/sideways (ADX 17.3) -> mean-reversion strategy | Signal: HOLD | Shares held: 0.0 | Last price: $156.04
2026-10-01 18:29:28,886 | [ATO] ACTION: No trade.
2026-10-01 18:29:28,906 | [AVGO] choppy/sideways (ADX 22.0) -> mean-reversion strategy | Signal: HOLD | Shares held: 0.0 | Last price: $347.16
2026-10-01 18:29:28,906 | [AVGO] ACTION: No trade.
2026-10-01 18:29:28,926 | [AVY] choppy/sideways (ADX 21.9) -> mean-reversion strategy | Signal: HOLD | Shares held: 0.0 | Last price: $172.25
2026-10-01 18:29:28,926 | [AVY] ACTION: No trade.
2026-10-01 18:29:28,945 | [AWK] choppy/sideways (ADX 24.0) -> mean-reversion strategy | Signal: HOLD | Shares held: 0.0 | Last price: $128.38
2026-10-01 18:29:28,945 | [AWK] ACTION: No trade.
2026-10-01 18:29:28,965 | [AXON] choppy/sideways (ADX 23.2) -> mean-reversion strategy | Signal: HOLD | Shares held: 0.0 | Last price: $419.26
2026-10-01 18:29:28,965 | [AXON] ACTION: No trade.
2026-10-01 18:29:28,985 | [AXP] trending (ADX 37.7) -> trend-following strategy | Signal: HOLD | Shares held: 0.0 | Last price: $300.69
2026-10-01 18:29:28,985 | [AXP] ACTION: No trade.
2026-10-01 18:29:29,004 | [AZO] trending (ADX 26.6) -> trend-following strategy | Signal: HOLD | Shares held: 0.0 | Last price: $2774.58
2026-10-01 18:29:29,005 | [AZO] ACTION: No trade.
2026-10-01 18:29:29,024 | [BA] choppy/sideways (ADX 19.0) -> mean-reversion strategy | Signal: HOLD | Shares held: 0.0 | Last price: $188.95
2026-10-01 18:29:29,024 | [BA] ACTION: No trade.
2026-10-01 18:29:29,044 | [BAC] trending (ADX 40.0) -> trend-following strategy | Signal: HOLD | Shares held: 0.0 | Last price: $53.61
2026-10-01 18:29:29,044 | [BAC] ACTION: No trade.
2026-10-01 18:29:29,063 | [BALL] choppy/sideways (ADX 19.3) -> mean-reversion strategy | Signal: HOLD | Shares held: 0.0 | Last price: $56.26
2026-10-01 18:29:29,064 | [BALL] ACTION: No trade.
2026-10-01 18:29:29,083 | [BAX] choppy/sideways (ADX 22.1) -> mean-reversion strategy | Signal: HOLD | Shares held: 0.0 | Last price: $23.57
2026-10-01 18:29:29,083 | [BAX] ACTION: No trade.
2026-10-01 18:29:29,103 | [BBY] choppy/sideways (ADX 21.8) -> mean-reversion strategy | Signal: HOLD | Shares held: 0.0 | Last price: $87.50
2026-10-01 18:29:29,103 | [BBY] ACTION: No trade.
2026-10-01 18:29:29,122 | [BDX] trending (ADX 32.2) -> trend-following strategy | Signal: HOLD | Shares held: 0.0 | Last price: $177.38
2026-10-01 18:29:29,123 | [BDX] ACTION: No trade.
2026-10-01 18:29:29,142 | [BE] choppy/sideways (ADX 11.6) -> mean-reversion strategy | Signal: HOLD | Shares held: 0.0 | Last price: $274.04
2026-10-01 18:29:29,142 | [BE] ACTION: No trade.
2026-10-01 18:29:29,162 | [BEN] trending (ADX 28.5) -> trend-following strategy | Signal: HOLD | Shares held: 0.0 | Last price: $32.42
2026-10-01 18:29:29,162 | [BEN] ACTION: No trade.
2026-10-01 18:29:29,182 | [BG] trending (ADX 37.0) -> trend-following strategy | Signal: HOLD | Shares held: 0.0 | Last price: $106.36
2026-10-01 18:29:29,182 | [BG] ACTION: No trade.
2026-10-01 18:29:29,201 | [BIIB] choppy/sideways (ADX 23.4) -> mean-reversion strategy | Signal: HOLD | Shares held: 0.0 | Last price: $225.69
2026-10-01 18:29:29,201 | [BIIB] ACTION: No trade.
2026-10-01 18:29:29,221 | [BKNG] choppy/sideways (ADX 13.7) -> mean-reversion strategy | Signal: HOLD | Shares held: 0.0 | Last price: $161.15
2026-10-01 18:29:29,221 | [BKNG] ACTION: No trade.
2026-10-01 18:29:29,241 | [BKR] trending (ADX 25.1) -> trend-following strategy | Signal: HOLD | Shares held: 0.0 | Last price: $55.69
2026-10-01 18:29:29,241 | [BKR] ACTION: No trade.
2026-10-01 18:29:29,261 | [BLK] choppy/sideways (ADX 19.9) -> mean-reversion strategy | Signal: HOLD | Shares held: 0.0 | Last price: $1065.20
2026-10-01 18:29:29,261 | [BLK] ACTION: No trade.
2026-10-01 18:29:29,280 | [BMY] trending (ADX 41.4) -> trend-following strategy | Signal: HOLD | Shares held: 0.0 | Last price: $61.64
2026-10-01 18:29:29,280 | [BMY] ACTION: No trade.
2026-10-01 18:29:29,300 | [BNY] trending (ADX 42.5) -> trend-following strategy | Signal: HOLD | Shares held: 0.0 | Last price: $143.43
2026-10-01 18:29:29,300 | [BNY] ACTION: No trade.
2026-10-01 18:29:29,320 | [BR] choppy/sideways (ADX 17.4) -> mean-reversion strategy | Signal: HOLD | Shares held: 0.0 | Last price: $162.30
2026-10-01 18:29:29,320 | [BR] ACTION: No trade.
2026-10-01 18:29:29,340 | [BRK.B] choppy/sideways (ADX 21.0) -> mean-reversion strategy | Signal: HOLD | Shares held: 0.0 | Last price: $498.52
2026-10-01 18:29:29,340 | [BRK.B] ACTION: No trade.
2026-10-01 18:29:29,360 | [BRO] trending (ADX 34.6) -> trend-following strategy | Signal: HOLD | Shares held: 0.0 | Last price: $61.88
2026-10-01 18:29:29,360 | [BRO] ACTION: No trade.
2026-10-01 18:29:29,379 | [BSX] trending (ADX 26.7) -> trend-following strategy | Signal: HOLD | Shares held: 0.0 | Last price: $43.14
2026-10-01 18:29:29,379 | [BSX] ACTION: No trade.
2026-10-01 18:29:29,399 | [BX] choppy/sideways (ADX 22.0) -> mean-reversion strategy | Signal: HOLD | Shares held: 0.0 | Last price: $112.77
2026-10-01 18:29:29,399 | [BX] ACTION: No trade.
2026-10-01 18:29:29,419 | [C] trending (ADX 38.9) -> trend-following strategy | Signal: HOLD | Shares held: 0.0 | Last price: $126.88
2026-10-01 18:29:29,419 | [C] ACTION: No trade.
2026-10-01 18:29:29,439 | [CAH] trending (ADX 39.6) -> trend-following strategy | Signal: HOLD | Shares held: 0.0 | Last price: $228.12
2026-10-01 18:29:29,439 | [CAH] ACTION: No trade.
2026-10-01 18:29:29,458 | [CARR] choppy/sideways (ADX 23.9) -> mean-reversion strategy | Signal: HOLD | Shares held: 0.0 | Last price: $54.97
2026-10-01 18:29:29,458 | [CARR] ACTION: No trade.
2026-10-01 18:29:29,478 | [CASY] choppy/sideways (ADX 14.3) -> mean-reversion strategy | Signal: HOLD | Shares held: 0.0 | Last price: $616.94
2026-10-01 18:29:29,478 | [CASY] ACTION: No trade.
2026-10-01 18:29:29,498 | [CAT] choppy/sideways (ADX 19.9) -> mean-reversion strategy | Signal: HOLD | Shares held: 0.0 | Last price: $822.68
2026-10-01 18:29:29,498 | [CAT] ACTION: No trade.
2026-10-01 18:29:29,517 | [CB] choppy/sideways (ADX 18.1) -> mean-reversion strategy | Signal: HOLD | Shares held: 0.0 | Last price: $330.21
2026-10-01 18:29:29,517 | [CB] ACTION: No trade.
2026-10-01 18:29:29,537 | [CBOE] choppy/sideways (ADX 18.6) -> mean-reversion strategy | Signal: HOLD | Shares held: 0.0 | Last price: $278.85
2026-10-01 18:29:29,537 | [CBOE] ACTION: No trade.
2026-10-01 18:29:29,557 | [CBRE] trending (ADX 27.6) -> trend-following strategy | Signal: HOLD | Shares held: 0.0 | Last price: $130.41
2026-10-01 18:29:29,557 | [CBRE] ACTION: No trade.
2026-10-01 18:29:29,577 | [CCI] choppy/sideways (ADX 13.7) -> mean-reversion strategy | Signal: HOLD | Shares held: 0.0 | Last price: $66.66
2026-10-01 18:29:29,577 | [CCI] ACTION: No trade.
2026-10-01 18:29:29,596 | [CCL] choppy/sideways (ADX 19.7) -> mean-reversion strategy | Signal: HOLD | Shares held: 0.0 | Last price: $24.98
2026-10-01 18:29:29,597 | [CCL] ACTION: No trade.
2026-10-01 18:29:29,616 | [CDNS] trending (ADX 31.2) -> trend-following strategy | Signal: HOLD | Shares held: 0.0 | Last price: $348.17
2026-10-01 18:29:29,616 | [CDNS] ACTION: No trade.
2026-10-01 18:29:29,635 | [CDW] trending (ADX 35.2) -> trend-following strategy | Signal: HOLD | Shares held: 0.0 | Last price: $136.99
2026-10-01 18:29:29,636 | [CDW] ACTION: No trade.
2026-10-01 18:29:29,655 | [CEG] trending (ADX 29.1) -> trend-following strategy | Signal: HOLD | Shares held: 0.0 | Last price: $259.20
2026-10-01 18:29:29,655 | [CEG] ACTION: No trade.
2026-10-01 18:29:29,675 | [CF] trending (ADX 25.7) -> trend-following strategy | Signal: HOLD | Shares held: 0.0 | Last price: $114.76
2026-10-01 18:29:29,675 | [CF] ACTION: No trade.
2026-10-01 18:29:29,695 | [CFG] choppy/sideways (ADX 23.0) -> mean-reversion strategy | Signal: HOLD | Shares held: 0.0 | Last price: $63.00
2026-10-01 18:29:29,695 | [CFG] ACTION: No trade.
2026-10-01 18:29:29,714 | [CHD] choppy/sideways (ADX 14.8) -> mean-reversion strategy | Signal: HOLD | Shares held: 0.0 | Last price: $94.09
2026-10-01 18:29:29,714 | [CHD] ACTION: No trade.
2026-10-01 18:29:29,734 | [CHRW] trending (ADX 29.6) -> trend-following strategy | Signal: HOLD | Shares held: 0.0 | Last price: $151.49
2026-10-01 18:29:29,734 | [CHRW] ACTION: No trade.
2026-10-01 18:29:29,754 | [CHTR] choppy/sideways (ADX 22.0) -> mean-reversion strategy | Signal: HOLD | Shares held: 0.0 | Last price: $111.95
2026-10-01 18:29:29,754 | [CHTR] ACTION: No trade.
2026-10-01 18:29:29,774 | [CI] choppy/sideways (ADX 22.0) -> mean-reversion strategy | Signal: HOLD | Shares held: 0.0 | Last price: $267.05
2026-10-01 18:29:29,774 | [CI] ACTION: No trade.
2026-10-01 18:29:29,793 | [CIEN] trending (ADX 62.5) -> trend-following strategy | Signal: HOLD | Shares held: 0.0 | Last price: $374.01
2026-10-01 18:29:29,794 | [CIEN] ACTION: No trade.
2026-10-01 18:29:29,813 | [CINF] choppy/sideways (ADX 24.5) -> mean-reversion strategy | Signal: HOLD | Shares held: 0.0 | Last price: $161.33
2026-10-01 18:29:29,813 | [CINF] ACTION: No trade.
2026-10-01 18:29:29,833 | [CL] trending (ADX 30.5) -> trend-following strategy | Signal: HOLD | Shares held: 0.0 | Last price: $84.78
2026-10-01 18:29:29,833 | [CL] ACTION: No trade.
2026-10-01 18:29:29,853 | [CLX] choppy/sideways (ADX 20.0) -> mean-reversion strategy | Signal: HOLD | Shares held: 0.0 | Last price: $80.43
2026-10-01 18:29:29,853 | [CLX] ACTION: No trade.
2026-10-01 18:29:29,873 | [CMCSA] choppy/sideways (ADX 19.7) -> mean-reversion strategy | Signal: HOLD | Shares held: 0.0 | Last price: $21.76
2026-10-01 18:29:29,873 | [CMCSA] ACTION: No trade.
2026-10-01 18:29:29,892 | [CME] choppy/sideways (ADX 24.4) -> mean-reversion strategy | Signal: HOLD | Shares held: 0.0 | Last price: $265.03
2026-10-01 18:29:29,893 | [CME] ACTION: No trade.
2026-10-01 18:29:29,912 | [CMG] choppy/sideways (ADX 11.7) -> mean-reversion strategy | Signal: HOLD | Shares held: 0.0 | Last price: $32.12
2026-10-01 18:29:29,913 | [CMG] ACTION: No trade.
2026-10-01 18:29:29,933 | [CMI] trending (ADX 28.2) -> trend-following strategy | Signal: HOLD | Shares held: 0.0 | Last price: $513.07
2026-10-01 18:29:29,933 | [CMI] ACTION: No trade.
2026-10-01 18:29:29,952 | [CMS] choppy/sideways (ADX 18.6) -> mean-reversion strategy | Signal: HOLD | Shares held: 0.0 | Last price: $63.60
2026-10-01 18:29:29,952 | [CMS] ACTION: No trade.
2026-10-01 18:29:29,972 | [CNC] choppy/sideways (ADX 14.0) -> mean-reversion strategy | Signal: HOLD | Shares held: 0.0 | Last price: $61.35
2026-10-01 18:29:29,972 | [CNC] ACTION: No trade.
2026-10-01 18:29:29,992 | [CNP] choppy/sideways (ADX 19.0) -> mean-reversion strategy | Signal: HOLD | Shares held: 0.0 | Last price: $37.03
2026-10-01 18:29:29,992 | [CNP] ACTION: No trade.
2026-10-01 18:29:30,012 | [COF] trending (ADX 27.5) -> trend-following strategy | Signal: HOLD | Shares held: 0.0 | Last price: $193.24
2026-10-01 18:29:30,012 | [COF] ACTION: No trade.
2026-10-01 18:29:30,031 | [COHR] trending (ADX 55.1) -> trend-following strategy | Signal: HOLD | Shares held: 0.0 | Last price: $316.80
2026-10-01 18:29:30,031 | [COHR] ACTION: No trade.
2026-10-01 18:29:30,051 | [COIN] trending (ADX 27.0) -> trend-following strategy | Signal: HOLD | Shares held: 0.0 | Last price: $189.15
2026-10-01 18:29:30,051 | [COIN] ACTION: No trade.
2026-10-01 18:29:30,071 | [COO] choppy/sideways (ADX 23.4) -> mean-reversion strategy | Signal: HOLD | Shares held: 0.0 | Last price: $57.15
2026-10-01 18:29:30,071 | [COO] ACTION: No trade.
2026-10-01 18:29:30,091 | [COP] choppy/sideways (ADX 14.4) -> mean-reversion strategy | Signal: HOLD | Shares held: 0.0 | Last price: $127.00
2026-10-01 18:29:30,091 | [COP] ACTION: No trade.
2026-10-01 18:29:30,110 | [COR] trending (ADX 41.3) -> trend-following strategy | Signal: HOLD | Shares held: 0.0 | Last price: $308.47
2026-10-01 18:29:30,110 | [COR] ACTION: No trade.
2026-10-01 18:29:30,130 | [COST] choppy/sideways (ADX 16.3) -> mean-reversion strategy | Signal: HOLD | Shares held: 0.0 | Last price: $918.87
2026-10-01 18:29:30,130 | [COST] ACTION: No trade.
2026-10-01 18:29:30,150 | [CPAY] trending (ADX 25.8) -> trend-following strategy | Signal: HOLD | Shares held: 0.0 | Last price: $389.93
2026-10-01 18:29:30,150 | [CPAY] ACTION: No trade.
2026-10-01 18:29:30,170 | [CPRT] choppy/sideways (ADX 16.6) -> mean-reversion strategy | Signal: HOLD | Shares held: 0.0 | Last price: $27.20
2026-10-01 18:29:30,170 | [CPRT] ACTION: No trade.
2026-10-01 18:29:30,190 | [CPT] trending (ADX 29.8) -> trend-following strategy | Signal: HOLD | Shares held: 0.0 | Last price: $96.29
2026-10-01 18:29:30,190 | [CPT] ACTION: No trade.
2026-10-01 18:29:30,209 | [CRH] trending (ADX 34.4) -> trend-following strategy | Signal: HOLD | Shares held: 0.0 | Last price: $81.86
2026-10-01 18:29:30,209 | [CRH] ACTION: No trade.
2026-10-01 18:29:30,229 | [CRL] trending (ADX 42.8) -> trend-following strategy | Signal: HOLD | Shares held: 0.0 | Last price: $286.64
2026-10-01 18:29:30,229 | [CRL] ACTION: No trade.
2026-10-01 18:29:30,249 | [CRM] choppy/sideways (ADX 24.3) -> mean-reversion strategy | Signal: HOLD | Shares held: 0.0 | Last price: $234.56
2026-10-01 18:29:30,249 | [CRM] ACTION: No trade.
2026-10-01 18:29:30,269 | [CRWD] choppy/sideways (ADX 15.2) -> mean-reversion strategy | Signal: HOLD | Shares held: 0.0 | Last price: $265.75
2026-10-01 18:29:30,269 | [CRWD] ACTION: No trade.
2026-10-01 18:29:30,288 | [CSCO] choppy/sideways (ADX 15.9) -> mean-reversion strategy | Signal: HOLD | Shares held: 0.0 | Last price: $108.34
2026-10-01 18:29:30,289 | [CSCO] ACTION: No trade.
2026-10-01 18:29:30,308 | [CSGP] choppy/sideways (ADX 20.3) -> mean-reversion strategy | Signal: HOLD | Shares held: 0.0 | Last price: $27.68
2026-10-01 18:29:30,308 | [CSGP] ACTION: No trade.
2026-10-01 18:29:30,328 | [CSX] trending (ADX 48.5) -> trend-following strategy | Signal: HOLD | Shares held: 0.0 | Last price: $46.02
2026-10-01 18:29:30,328 | [CSX] ACTION: No trade.
2026-10-01 18:29:30,348 | [CTAS] choppy/sideways (ADX 20.7) -> mean-reversion strategy | Signal: HOLD | Shares held: 0.0 | Last price: $195.01
2026-10-01 18:29:30,348 | [CTAS] ACTION: No trade.
2026-10-01 18:29:30,368 | [CTSH] trending (ADX 34.0) -> trend-following strategy | Signal: HOLD | Shares held: 0.0 | Last price: $61.63
2026-10-01 18:29:30,368 | [CTSH] ACTION: No trade.
2026-10-01 18:29:30,387 | [CTVA] trending (ADX 79.2) -> trend-following strategy | Signal: HOLD | Shares held: 0.0 | Last price: $12.24
2026-10-01 18:29:30,387 | [CTVA] ACTION: No trade.
2026-10-01 18:29:30,407 | [CVNA] trending (ADX 25.3) -> trend-following strategy | Signal: HOLD | Shares held: 0.0 | Last price: $62.80
2026-10-01 18:29:30,407 | [CVNA] ACTION: No trade.
2026-10-01 18:29:30,427 | [CVS] choppy/sideways (ADX 17.5) -> mean-reversion strategy | Signal: HOLD | Shares held: 0.0 | Last price: $85.30
2026-10-01 18:29:30,427 | [CVS] ACTION: No trade.
2026-10-01 18:29:30,447 | [CVX] choppy/sideways (ADX 11.3) -> mean-reversion strategy | Signal: HOLD | Shares held: 0.0 | Last price: $206.94
2026-10-01 18:29:30,447 | [CVX] ACTION: No trade.
2026-10-01 18:29:30,467 | [D] choppy/sideways (ADX 17.9) -> mean-reversion strategy | Signal: HOLD | Shares held: 0.0 | Last price: $60.84
2026-10-01 18:29:30,467 | [D] ACTION: No trade.
2026-10-01 18:29:30,487 | [DAL] choppy/sideways (ADX 15.0) -> mean-reversion strategy | Signal: HOLD | Shares held: 0.0 | Last price: $83.42
2026-10-01 18:29:30,487 | [DAL] ACTION: No trade.
2026-10-01 18:29:30,507 | [DASH] choppy/sideways (ADX 15.9) -> mean-reversion strategy | Signal: HOLD | Shares held: 0.0 | Last price: $181.65
2026-10-01 18:29:30,507 | [DASH] ACTION: No trade.
2026-10-01 18:29:30,527 | [DD] choppy/sideways (ADX 21.1) -> mean-reversion strategy | Signal: HOLD | Shares held: 0.0 | Last price: $129.48
2026-10-01 18:29:30,527 | [DD] ACTION: No trade.
2026-10-01 18:29:30,546 | [DDOG] choppy/sideways (ADX 17.2) -> mean-reversion strategy | Signal: HOLD | Shares held: 0.0 | Last price: $274.60
2026-10-01 18:29:30,546 | [DDOG] ACTION: No trade.
2026-10-01 18:29:30,566 | [DE] trending (ADX 38.0) -> trend-following strategy | Signal: HOLD | Shares held: 0.0 | Last price: $661.86
2026-10-01 18:29:30,567 | [DE] ACTION: No trade.
2026-10-01 18:29:30,587 | [DECK] trending (ADX 28.4) -> trend-following strategy | Signal: HOLD | Shares held: 0.0 | Last price: $79.53
2026-10-01 18:29:30,587 | [DECK] ACTION: No trade.
2026-10-01 18:29:30,606 | [DELL] choppy/sideways (ADX 20.5) -> mean-reversion strategy | Signal: HOLD | Shares held: 0.0 | Last price: $540.64
2026-10-01 18:29:30,607 | [DELL] ACTION: No trade.
2026-10-01 18:29:30,626 | [DG] choppy/sideways (ADX 16.8) -> mean-reversion strategy | Signal: HOLD | Shares held: 0.0 | Last price: $119.36
2026-10-01 18:29:30,626 | [DG] ACTION: No trade.
2026-10-01 18:29:30,646 | [DGX] trending (ADX 35.3) -> trend-following strategy | Signal: HOLD | Shares held: 0.0 | Last price: $231.16
2026-10-01 18:29:30,646 | [DGX] ACTION: No trade.
2026-10-01 18:29:30,666 | [DHI] trending (ADX 30.0) -> trend-following strategy | Signal: HOLD | Shares held: 0.0 | Last price: $136.73
2026-10-01 18:29:30,666 | [DHI] ACTION: No trade.
2026-10-01 18:29:30,686 | [DHR] trending (ADX 64.3) -> trend-following strategy | Signal: HOLD | Shares held: 0.0 | Last price: $212.98
2026-10-01 18:29:30,686 | [DHR] ACTION: No trade.
2026-10-01 18:29:30,706 | [DIS] trending (ADX 58.7) -> trend-following strategy | Signal: HOLD | Shares held: 0.0 | Last price: $101.56
2026-10-01 18:29:30,706 | [DIS] ACTION: No trade.
2026-10-01 18:29:30,726 | [DLR] trending (ADX 25.6) -> trend-following strategy | Signal: HOLD | Shares held: 0.0 | Last price: $175.39
2026-10-01 18:29:30,726 | [DLR] ACTION: No trade.
2026-10-01 18:29:30,746 | [DLTR] trending (ADX 36.6) -> trend-following strategy | Signal: HOLD | Shares held: 0.0 | Last price: $114.92
2026-10-01 18:29:30,746 | [DLTR] ACTION: No trade.
2026-10-01 18:29:30,766 | [DOC] trending (ADX 43.7) -> trend-following strategy | Signal: HOLD | Shares held: 0.0 | Last price: $19.49
2026-10-01 18:29:30,766 | [DOC] ACTION: No trade.
2026-10-01 18:29:30,786 | [DOV] choppy/sideways (ADX 24.6) -> mean-reversion strategy | Signal: HOLD | Shares held: 0.0 | Last price: $188.00
2026-10-01 18:29:30,786 | [DOV] ACTION: No trade.
2026-10-01 18:29:30,805 | [DOW] choppy/sideways (ADX 21.9) -> mean-reversion strategy | Signal: HOLD | Shares held: 0.0 | Last price: $27.41
2026-10-01 18:29:30,805 | [DOW] ACTION: No trade.
2026-10-01 18:29:30,825 | [DPZ] choppy/sideways (ADX 16.3) -> mean-reversion strategy | Signal: HOLD | Shares held: 0.0 | Last price: $298.81
2026-10-01 18:29:30,825 | [DPZ] ACTION: No trade.
2026-10-01 18:29:30,845 | [DRI] choppy/sideways (ADX 23.8) -> mean-reversion strategy | Signal: HOLD | Shares held: 0.0 | Last price: $195.10
2026-10-01 18:29:30,845 | [DRI] ACTION: No trade.
2026-10-01 18:29:30,865 | [DTE] choppy/sideways (ADX 16.8) -> mean-reversion strategy | Signal: HOLD | Shares held: 0.0 | Last price: $122.93
2026-10-01 18:29:30,865 | [DTE] ACTION: No trade.
2026-10-01 18:29:30,884 | [DUK] choppy/sideways (ADX 14.3) -> mean-reversion strategy | Signal: HOLD | Shares held: 0.0 | Last price: $113.88
2026-10-01 18:29:30,885 | [DUK] ACTION: No trade.
2026-10-01 18:29:30,904 | [DVA] choppy/sideways (ADX 20.8) -> mean-reversion strategy | Signal: HOLD | Shares held: 0.0 | Last price: $177.59
2026-10-01 18:29:30,904 | [DVA] ACTION: No trade.
2026-10-01 18:29:30,924 | [DVN] choppy/sideways (ADX 19.2) -> mean-reversion strategy | Signal: HOLD | Shares held: 0.0 | Last price: $46.97
2026-10-01 18:29:30,924 | [DVN] ACTION: No trade.
2026-10-01 18:29:30,944 | [DXCM] choppy/sideways (ADX 10.8) -> mean-reversion strategy | Signal: HOLD | Shares held: 0.0 | Last price: $85.99
2026-10-01 18:29:30,944 | [DXCM] ACTION: No trade.
2026-10-01 18:29:30,964 | [EBAY] choppy/sideways (ADX 22.5) -> mean-reversion strategy | Signal: HOLD | Shares held: 0.0 | Last price: $105.78
2026-10-01 18:29:30,964 | [EBAY] ACTION: No trade.
2026-10-01 18:29:30,983 | [ECHO] choppy/sideways (ADX 12.1) -> mean-reversion strategy | Signal: HOLD | Shares held: 0.0 | Last price: $89.03
2026-10-01 18:29:30,983 | [ECHO] ACTION: No trade.
2026-10-01 18:29:31,003 | [ECL] trending (ADX 33.9) -> trend-following strategy | Signal: HOLD | Shares held: 0.0 | Last price: $270.78
2026-10-01 18:29:31,003 | [ECL] ACTION: No trade.
2026-10-01 18:29:31,023 | [ED] choppy/sideways (ADX 13.2) -> mean-reversion strategy | Signal: HOLD | Shares held: 0.0 | Last price: $103.62
2026-10-01 18:29:31,023 | [ED] ACTION: No trade.
2026-10-01 18:29:31,043 | [EFX] trending (ADX 29.9) -> trend-following strategy | Signal: HOLD | Shares held: 0.0 | Last price: $141.19
2026-10-01 18:29:31,044 | [EFX] ACTION: No trade.
2026-10-01 18:29:31,063 | [EG] choppy/sideways (ADX 16.7) -> mean-reversion strategy | Signal: HOLD | Shares held: 0.0 | Last price: $367.95
2026-10-01 18:29:31,063 | [EG] ACTION: No trade.
2026-10-01 18:29:31,083 | [EIX] choppy/sideways (ADX 18.0) -> mean-reversion strategy | Signal: HOLD | Shares held: 0.0 | Last price: $54.02
2026-10-01 18:29:31,083 | [EIX] ACTION: No trade.
2026-10-01 18:29:31,103 | [EL] trending (ADX 43.8) -> trend-following strategy | Signal: HOLD | Shares held: 0.0 | Last price: $89.85
2026-10-01 18:29:31,103 | [EL] ACTION: No trade.
2026-10-01 18:29:31,123 | [ELV] trending (ADX 39.6) -> trend-following strategy | Signal: HOLD | Shares held: 0.0 | Last price: $382.18
2026-10-01 18:29:31,123 | [ELV] ACTION: No trade.
2026-10-01 18:29:31,143 | [EME] choppy/sideways (ADX 12.5) -> mean-reversion strategy | Signal: HOLD | Shares held: 0.0 | Last price: $764.61
2026-10-01 18:29:31,143 | [EME] ACTION: No trade.
2026-10-01 18:29:31,163 | [EMR] choppy/sideways (ADX 17.9) -> mean-reversion strategy | Signal: HOLD | Shares held: 0.0 | Last price: $157.75
2026-10-01 18:29:31,163 | [EMR] ACTION: No trade.
2026-10-01 18:29:31,183 | [EOG] trending (ADX 26.3) -> trend-following strategy | Signal: HOLD | Shares held: 0.0 | Last price: $141.74
2026-10-01 18:29:31,183 | [EOG] ACTION: No trade.
2026-10-01 18:29:31,203 | [EQIX] choppy/sideways (ADX 18.4) -> mean-reversion strategy | Signal: HOLD | Shares held: 0.0 | Last price: $1011.51
2026-10-01 18:29:31,203 | [EQIX] ACTION: No trade.
2026-10-01 18:29:31,222 | [EQT] choppy/sideways (ADX 20.1) -> mean-reversion strategy | Signal: HOLD | Shares held: 0.0 | Last price: $49.84
2026-10-01 18:29:31,222 | [EQT] ACTION: No trade.
2026-10-01 18:29:31,242 | [ES] choppy/sideways (ADX 19.5) -> mean-reversion strategy | Signal: HOLD | Shares held: 0.0 | Last price: $64.34
2026-10-01 18:29:31,242 | [ES] ACTION: No trade.
2026-10-01 18:29:31,262 | [ESS] choppy/sideways (ADX 19.3) -> mean-reversion strategy | Signal: HOLD | Shares held: 0.0 | Last price: $268.53
2026-10-01 18:29:31,262 | [ESS] ACTION: No trade.
2026-10-01 18:29:31,282 | [ETN] choppy/sideways (ADX 22.3) -> mean-reversion strategy | Signal: HOLD | Shares held: 0.0 | Last price: $437.35
2026-10-01 18:29:31,282 | [ETN] ACTION: No trade.
2026-10-01 18:29:31,302 | [ETR] choppy/sideways (ADX 18.0) -> mean-reversion strategy | Signal: HOLD | Shares held: 0.0 | Last price: $100.26
2026-10-01 18:29:31,302 | [ETR] ACTION: No trade.
2026-10-01 18:29:31,322 | [EVRG] choppy/sideways (ADX 15.8) -> mean-reversion strategy | Signal: HOLD | Shares held: 0.0 | Last price: $78.81
2026-10-01 18:29:31,322 | [EVRG] ACTION: No trade.
2026-10-01 18:29:31,342 | [EW] trending (ADX 41.2) -> trend-following strategy | Signal: HOLD | Shares held: 0.0 | Last price: $84.73
2026-10-01 18:29:31,342 | [EW] ACTION: No trade.
2026-10-01 18:29:31,362 | [EXC] choppy/sideways (ADX 19.7) -> mean-reversion strategy | Signal: HOLD | Shares held: 0.0 | Last price: $40.55
2026-10-01 18:29:31,362 | [EXC] ACTION: No trade.
2026-10-01 18:29:31,383 | [EXE] trending (ADX 26.3) -> trend-following strategy | Signal: HOLD | Shares held: 0.0 | Last price: $86.35
2026-10-01 18:29:31,383 | [EXE] ACTION: No trade.
2026-10-01 18:29:31,402 | [EXPD] choppy/sideways (ADX 13.2) -> mean-reversion strategy | Signal: HOLD | Shares held: 0.0 | Last price: $186.95
2026-10-01 18:29:31,403 | [EXPD] ACTION: No trade.
2026-10-01 18:29:31,422 | [EXPE] choppy/sideways (ADX 20.8) -> mean-reversion strategy | Signal: HOLD | Shares held: 0.0 | Last price: $261.89
2026-10-01 18:29:31,423 | [EXPE] ACTION: No trade.
2026-10-01 18:29:31,442 | [EXR] choppy/sideways (ADX 17.8) -> mean-reversion strategy | Signal: HOLD | Shares held: 0.0 | Last price: $133.26
2026-10-01 18:29:31,442 | [EXR] ACTION: No trade.
2026-10-01 18:29:31,462 | [F] choppy/sideways (ADX 21.6) -> mean-reversion strategy | Signal: HOLD | Shares held: 0.0 | Last price: $12.18
2026-10-01 18:29:31,462 | [F] ACTION: No trade.
2026-10-01 18:29:31,482 | [FANG] choppy/sideways (ADX 22.2) -> mean-reversion strategy | Signal: HOLD | Shares held: 0.0 | Last price: $185.40
2026-10-01 18:29:31,482 | [FANG] ACTION: No trade.
2026-10-01 18:29:31,502 | [FAST] choppy/sideways (ADX 23.4) -> mean-reversion strategy | Signal: HOLD | Shares held: 0.0 | Last price: $49.88
2026-10-01 18:29:31,502 | [FAST] ACTION: No trade.
2026-10-01 18:29:31,522 | [FCX] trending (ADX 27.0) -> trend-following strategy | Signal: HOLD | Shares held: 0.0 | Last price: $69.06
2026-10-01 18:29:31,522 | [FCX] ACTION: No trade.
2026-10-01 18:29:31,542 | [FDS] trending (ADX 35.2) -> trend-following strategy | Signal: HOLD | Shares held: 0.0 | Last price: $279.09
2026-10-01 18:29:31,542 | [FDS] ACTION: No trade.
2026-10-01 18:29:31,562 | [FDX] choppy/sideways (ADX 22.1) -> mean-reversion strategy | Signal: HOLD | Shares held: 0.0 | Last price: $286.90
2026-10-01 18:29:31,562 | [FDX] ACTION: No trade.
2026-10-01 18:29:31,582 | [FDXF] choppy/sideways (ADX 22.1) -> mean-reversion strategy | Signal: HOLD | Shares held: 0.0 | Last price: $111.12
2026-10-01 18:29:31,582 | [FDXF] ACTION: No trade.
2026-10-01 18:29:31,603 | [FE] choppy/sideways (ADX 16.9) -> mean-reversion strategy | Signal: HOLD | Shares held: 0.0 | Last price: $43.42
2026-10-01 18:29:31,603 | [FE] ACTION: No trade.
2026-10-01 18:29:31,623 | [FERG] trending (ADX 26.5) -> trend-following strategy | Signal: HOLD | Shares held: 0.0 | Last price: $223.06
2026-10-01 18:29:31,623 | [FERG] ACTION: No trade.
2026-10-01 18:29:31,642 | [FFIV] choppy/sideways (ADX 20.8) -> mean-reversion strategy | Signal: HOLD | Shares held: 0.0 | Last price: $447.95
2026-10-01 18:29:31,642 | [FFIV] ACTION: No trade.
2026-10-01 18:29:31,662 | [FICO] trending (ADX 51.6) -> trend-following strategy | Signal: HOLD | Shares held: 0.0 | Last price: $669.42
2026-10-01 18:29:31,662 | [FICO] ACTION: No trade.
2026-10-01 18:29:31,682 | [FIS] trending (ADX 30.8) -> trend-following strategy | Signal: HOLD | Shares held: 0.0 | Last price: $33.38
2026-10-01 18:29:31,682 | [FIS] ACTION: No trade.
2026-10-01 18:29:31,702 | [FISV] choppy/sideways (ADX 15.3) -> mean-reversion strategy | Signal: HOLD | Shares held: 0.0 | Last price: $45.48
2026-10-01 18:29:31,702 | [FISV] ACTION: No trade.
2026-10-01 18:29:31,722 | [FITB] trending (ADX 33.5) -> trend-following strategy | Signal: HOLD | Shares held: 0.0 | Last price: $49.99
2026-10-01 18:29:31,722 | [FITB] ACTION: No trade.
2026-10-01 18:29:31,742 | [FIX] choppy/sideways (ADX 12.8) -> mean-reversion strategy | Signal: HOLD | Shares held: 0.0 | Last price: $1672.76
2026-10-01 18:29:31,742 | [FIX] ACTION: No trade.
2026-10-01 18:29:31,762 | [FLEX] choppy/sideways (ADX 22.2) -> mean-reversion strategy | Signal: HOLD | Shares held: 0.0 | Last price: $112.23
2026-10-01 18:29:31,762 | [FLEX] ACTION: No trade.
2026-10-01 18:29:31,781 | [FOXA] trending (ADX 48.9) -> trend-following strategy | Signal: HOLD | Shares held: 0.0 | Last price: $60.71
2026-10-01 18:29:31,782 | [FOXA] ACTION: No trade.
2026-10-01 18:29:31,801 | [FRT] choppy/sideways (ADX 23.7) -> mean-reversion strategy | Signal: HOLD | Shares held: 0.0 | Last price: $107.42
2026-10-01 18:29:31,801 | [FRT] ACTION: No trade.
2026-10-01 18:29:31,821 | [FSLR] choppy/sideways (ADX 20.8) -> mean-reversion strategy | Signal: HOLD | Shares held: 0.0 | Last price: $173.99
2026-10-01 18:29:31,821 | [FSLR] ACTION: No trade.
2026-10-01 18:29:31,841 | [FTNT] trending (ADX 38.9) -> trend-following strategy | Signal: HOLD | Shares held: 0.0 | Last price: $177.42
2026-10-01 18:29:31,841 | [FTNT] ACTION: No trade.
2026-10-01 18:29:31,861 | [FTV] choppy/sideways (ADX 23.9) -> mean-reversion strategy | Signal: HOLD | Shares held: 0.0 | Last price: $55.27
2026-10-01 18:29:31,861 | [FTV] ACTION: No trade.
2026-10-01 18:29:31,881 | [GD] choppy/sideways (ADX 20.2) -> mean-reversion strategy | Signal: HOLD | Shares held: 0.0 | Last price: $333.37
2026-10-01 18:29:31,881 | [GD] ACTION: No trade.
2026-10-01 18:29:31,900 | [GDDY] choppy/sideways (ADX 24.3) -> mean-reversion strategy | Signal: HOLD | Shares held: 0.0 | Last price: $96.85
2026-10-01 18:29:31,900 | [GDDY] ACTION: No trade.
2026-10-01 18:29:31,920 | [GE] trending (ADX 25.0) -> trend-following strategy | Signal: HOLD | Shares held: 0.0 | Last price: $312.79
2026-10-01 18:29:31,920 | [GE] ACTION: No trade.
2026-10-01 18:29:31,940 | [GEHC] trending (ADX 45.3) -> trend-following strategy | Signal: HOLD | Shares held: 0.0 | Last price: $64.16
2026-10-01 18:29:31,940 | [GEHC] ACTION: No trade.
2026-10-01 18:29:31,960 | [GEN] choppy/sideways (ADX 20.8) -> mean-reversion strategy | Signal: HOLD | Shares held: 0.0 | Last price: $22.18
2026-10-01 18:29:31,960 | [GEN] ACTION: No trade.
2026-10-01 18:29:31,979 | [GEV] trending (ADX 32.7) -> trend-following strategy | Signal: HOLD | Shares held: 0.0 | Last price: $989.05
2026-10-01 18:29:31,979 | [GEV] ACTION: No trade.
2026-10-01 18:29:31,999 | [GILD] trending (ADX 29.0) -> trend-following strategy | Signal: HOLD | Shares held: 0.0 | Last price: $147.93
2026-10-01 18:29:31,999 | [GILD] ACTION: No trade.
2026-10-01 18:29:32,019 | [GIS] trending (ADX 60.5) -> trend-following strategy | Signal: HOLD | Shares held: 0.0 | Last price: $31.70
2026-10-01 18:29:32,019 | [GIS] ACTION: No trade.
2026-10-01 18:29:32,039 | [GLW] trending (ADX 26.4) -> trend-following strategy | Signal: HOLD | Shares held: 0.0 | Last price: $158.37
2026-10-01 18:29:32,039 | [GLW] ACTION: No trade.
2026-10-01 18:29:32,059 | [GM] trending (ADX 34.0) -> trend-following strategy | Signal: HOLD | Shares held: 0.0 | Last price: $78.25
2026-10-01 18:29:32,059 | [GM] ACTION: No trade.
2026-10-01 18:29:32,079 | [GNRC] choppy/sideways (ADX 18.0) -> mean-reversion strategy | Signal: HOLD | Shares held: 0.0 | Last price: $206.41
2026-10-01 18:29:32,079 | [GNRC] ACTION: No trade.
2026-10-01 18:29:32,099 | [GOOG] trending (ADX 33.0) -> trend-following strategy | Signal: HOLD | Shares held: 0.0 | Last price: $335.96
2026-10-01 18:29:32,099 | [GOOG] ACTION: No trade.
2026-10-01 18:29:32,119 | [GOOGL] trending (ADX 33.2) -> trend-following strategy | Signal: HOLD | Shares held: 0.0 | Last price: $339.14
2026-10-01 18:29:32,119 | [GOOGL] ACTION: No trade.
2026-10-01 18:29:32,138 | [GPC] trending (ADX 32.5) -> trend-following strategy | Signal: HOLD | Shares held: 0.0 | Last price: $125.18
2026-10-01 18:29:32,139 | [GPC] ACTION: No trade.
2026-10-01 18:29:32,158 | [GPN] choppy/sideways (ADX 20.6) -> mean-reversion strategy | Signal: HOLD | Shares held: 0.0 | Last price: $80.67
2026-10-01 18:29:32,158 | [GPN] ACTION: No trade.
2026-10-01 18:29:32,178 | [GRMN] choppy/sideways (ADX 16.4) -> mean-reversion strategy | Signal: HOLD | Shares held: 0.0 | Last price: $286.05
2026-10-01 18:29:32,178 | [GRMN] ACTION: No trade.
2026-10-01 18:29:32,198 | [GS] trending (ADX 36.1) -> trend-following strategy | Signal: HOLD | Shares held: 0.0 | Last price: $895.27
2026-10-01 18:29:32,198 | [GS] ACTION: No trade.
2026-10-01 18:29:32,218 | [GWW] trending (ADX 26.5) -> trend-following strategy | Signal: HOLD | Shares held: 0.0 | Last price: $1274.18
2026-10-01 18:29:32,218 | [GWW] ACTION: No trade.
2026-10-01 18:29:32,238 | [HAL] choppy/sideways (ADX 24.0) -> mean-reversion strategy | Signal: HOLD | Shares held: 0.0 | Last price: $31.79
2026-10-01 18:29:32,238 | [HAL] ACTION: No trade.
2026-10-01 18:29:32,258 | [HAS] choppy/sideways (ADX 18.4) -> mean-reversion strategy | Signal: HOLD | Shares held: 0.0 | Last price: $89.45
2026-10-01 18:29:32,258 | [HAS] ACTION: No trade.
2026-10-01 18:29:32,278 | [HBAN] choppy/sideways (ADX 20.7) -> mean-reversion strategy | Signal: HOLD | Shares held: 0.0 | Last price: $15.10
2026-10-01 18:29:32,278 | [HBAN] ACTION: No trade.
2026-10-01 18:29:32,297 | [HCA] choppy/sideways (ADX 18.5) -> mean-reversion strategy | Signal: HOLD | Shares held: 0.0 | Last price: $423.81
2026-10-01 18:29:32,297 | [HCA] ACTION: No trade.
2026-10-01 18:29:32,317 | [HD] choppy/sideways (ADX 23.2) -> mean-reversion strategy | Signal: HOLD | Shares held: 0.0 | Last price: $283.04
2026-10-01 18:29:32,317 | [HD] ACTION: No trade.
2026-10-01 18:29:32,337 | [HIG] trending (ADX 34.4) -> trend-following strategy | Signal: HOLD | Shares held: 0.0 | Last price: $124.96
2026-10-01 18:29:32,337 | [HIG] ACTION: No trade.
2026-10-01 18:29:32,357 | [HII] trending (ADX 42.2) -> trend-following strategy | Signal: HOLD | Shares held: 0.0 | Last price: $273.08
2026-10-01 18:29:32,357 | [HII] ACTION: No trade.
2026-10-01 18:29:32,377 | [HLT] trending (ADX 28.8) -> trend-following strategy | Signal: HOLD | Shares held: 0.0 | Last price: $315.78
2026-10-01 18:29:32,377 | [HLT] ACTION: No trade.
2026-10-01 18:29:32,396 | [HON] choppy/sideways (ADX 21.7) -> mean-reversion strategy | Signal: HOLD | Shares held: 0.0 | Last price: $213.91
2026-10-01 18:29:32,396 | [HON] ACTION: No trade.
2026-10-01 18:29:32,416 | [HONA] choppy/sideways (ADX 16.5) -> mean-reversion strategy | Signal: HOLD | Shares held: 0.0 | Last price: $154.73
2026-10-01 18:29:32,416 | [HONA] ACTION: No trade.
2026-10-01 18:29:32,436 | [HOOD] choppy/sideways (ADX 14.6) -> mean-reversion strategy | Signal: HOLD | Shares held: 0.0 | Last price: $111.40
2026-10-01 18:29:32,436 | [HOOD] ACTION: No trade.
2026-10-01 18:29:32,456 | [HPE] trending (ADX 26.6) -> trend-following strategy | Signal: HOLD | Shares held: 0.0 | Last price: $64.53
2026-10-01 18:29:32,456 | [HPE] ACTION: No trade.
2026-10-01 18:29:32,476 | [HPQ] trending (ADX 35.9) -> trend-following strategy | Signal: HOLD | Shares held: 0.0 | Last price: $32.16
2026-10-01 18:29:32,476 | [HPQ] ACTION: No trade.
2026-10-01 18:29:32,495 | [HST] choppy/sideways (ADX 24.0) -> mean-reversion strategy | Signal: HOLD | Shares held: 0.0 | Last price: $22.46
2026-10-01 18:29:32,495 | [HST] ACTION: No trade.
2026-10-01 18:29:32,515 | [HSY] choppy/sideways (ADX 14.2) -> mean-reversion strategy | Signal: HOLD | Shares held: 0.0 | Last price: $159.25
2026-10-01 18:29:32,515 | [HSY] ACTION: No trade.
2026-10-01 18:29:32,535 | [HUBB] choppy/sideways (ADX 23.4) -> mean-reversion strategy | Signal: HOLD | Shares held: 0.0 | Last price: $462.62
2026-10-01 18:29:32,535 | [HUBB] ACTION: No trade.
2026-10-01 18:29:32,555 | [HUM] trending (ADX 28.9) -> trend-following strategy | Signal: HOLD | Shares held: 0.0 | Last price: $378.29
2026-10-01 18:29:32,555 | [HUM] ACTION: No trade.
2026-10-01 18:29:32,575 | [HWM] choppy/sideways (ADX 15.8) -> mean-reversion strategy | Signal: HOLD | Shares held: 0.0 | Last price: $228.38
2026-10-01 18:29:32,575 | [HWM] ACTION: No trade.
2026-10-01 18:29:32,595 | [IBKR] trending (ADX 32.1) -> trend-following strategy | Signal: HOLD | Shares held: 0.0 | Last price: $86.33
2026-10-01 18:29:32,595 | [IBKR] ACTION: No trade.
2026-10-01 18:29:32,615 | [IBM] trending (ADX 33.0) -> trend-following strategy | Signal: HOLD | Shares held: 0.0 | Last price: $227.45
2026-10-01 18:29:32,615 | [IBM] ACTION: No trade.
2026-10-01 18:29:32,635 | [ICE] choppy/sideways (ADX 14.3) -> mean-reversion strategy | Signal: HOLD | Shares held: 0.0 | Last price: $151.20
2026-10-01 18:29:32,635 | [ICE] ACTION: No trade.
2026-10-01 18:29:32,654 | [IDXX] trending (ADX 33.7) -> trend-following strategy | Signal: HOLD | Shares held: 0.0 | Last price: $519.82
2026-10-01 18:29:32,654 | [IDXX] ACTION: No trade.
2026-10-01 18:29:32,674 | [IEX] choppy/sideways (ADX 17.1) -> mean-reversion strategy | Signal: HOLD | Shares held: 0.0 | Last price: $230.30
2026-10-01 18:29:32,674 | [IEX] ACTION: No trade.
2026-10-01 18:29:32,694 | [IFF] trending (ADX 35.0) -> trend-following strategy | Signal: HOLD | Shares held: 0.0 | Last price: $82.80
2026-10-01 18:29:32,694 | [IFF] ACTION: No trade.
2026-10-01 18:29:32,714 | [ILMN] trending (ADX 28.2) -> trend-following strategy | Signal: HOLD | Shares held: 0.0 | Last price: $266.50
2026-10-01 18:29:32,714 | [ILMN] ACTION: No trade.
2026-10-01 18:29:32,734 | [INCY] trending (ADX 51.1) -> trend-following strategy | Signal: HOLD | Shares held: 0.0 | Last price: $118.74
2026-10-01 18:29:32,734 | [INCY] ACTION: No trade.
2026-10-01 18:29:32,753 | [INTC] choppy/sideways (ADX 18.8) -> mean-reversion strategy | Signal: HOLD | Shares held: 0.0 | Last price: $120.25
2026-10-01 18:29:32,754 | [INTC] ACTION: No trade.
2026-10-01 18:29:32,773 | [INTU] trending (ADX 36.5) -> trend-following strategy | Signal: HOLD | Shares held: 0.0 | Last price: $282.98
2026-10-01 18:29:32,773 | [INTU] ACTION: No trade.
2026-10-01 18:29:32,793 | [INVH] choppy/sideways (ADX 14.5) -> mean-reversion strategy | Signal: HOLD | Shares held: 0.0 | Last price: $26.34
2026-10-01 18:29:32,793 | [INVH] ACTION: No trade.
2026-10-01 18:29:32,813 | [IP] choppy/sideways (ADX 20.2) -> mean-reversion strategy | Signal: HOLD | Shares held: 0.0 | Last price: $32.71
2026-10-01 18:29:32,813 | [IP] ACTION: No trade.
2026-10-01 18:29:32,832 | [IQV] trending (ADX 51.7) -> trend-following strategy | Signal: HOLD | Shares held: 0.0 | Last price: $260.46
2026-10-01 18:29:32,832 | [IQV] ACTION: No trade.
2026-10-01 18:29:32,852 | [IR] choppy/sideways (ADX 18.1) -> mean-reversion strategy | Signal: HOLD | Shares held: 0.0 | Last price: $75.46
2026-10-01 18:29:32,852 | [IR] ACTION: No trade.
2026-10-01 18:29:32,872 | [IRM] choppy/sideways (ADX 21.6) -> mean-reversion strategy | Signal: HOLD | Shares held: 0.0 | Last price: $110.94
2026-10-01 18:29:32,872 | [IRM] ACTION: No trade.
2026-10-01 18:29:32,892 | [ISRG] trending (ADX 38.0) -> trend-following strategy | Signal: HOLD | Shares held: 0.0 | Last price: $400.55
2026-10-01 18:29:32,892 | [ISRG] ACTION: No trade.
2026-10-01 18:29:32,912 | [IT] trending (ADX 36.1) -> trend-following strategy | Signal: HOLD | Shares held: 0.0 | Last price: $197.63
2026-10-01 18:29:32,912 | [IT] ACTION: No trade.
2026-10-01 18:29:32,932 | [ITW] trending (ADX 34.8) -> trend-following strategy | Signal: HOLD | Shares held: 0.0 | Last price: $260.41
2026-10-01 18:29:32,932 | [ITW] ACTION: No trade.
2026-10-01 18:29:32,951 | [IVZ] trending (ADX 27.7) -> trend-following strategy | Signal: HOLD | Shares held: 0.0 | Last price: $30.38
2026-10-01 18:29:32,952 | [IVZ] ACTION: No trade.
2026-10-01 18:29:32,971 | [J] trending (ADX 28.3) -> trend-following strategy | Signal: HOLD | Shares held: 0.0 | Last price: $139.73
2026-10-01 18:29:32,971 | [J] ACTION: No trade.
2026-10-01 18:29:32,991 | [JBHT] trending (ADX 25.3) -> trend-following strategy | Signal: HOLD | Shares held: 0.0 | Last price: $225.76
2026-10-01 18:29:32,991 | [JBHT] ACTION: No trade.
2026-10-01 18:29:33,011 | [JBL] trending (ADX 28.4) -> trend-following strategy | Signal: HOLD | Shares held: 0.0 | Last price: $298.15
2026-10-01 18:29:33,011 | [JBL] ACTION: No trade.
2026-10-01 18:29:33,031 | [JCI] choppy/sideways (ADX 13.5) -> mean-reversion strategy | Signal: HOLD | Shares held: 0.0 | Last price: $150.32
2026-10-01 18:29:33,031 | [JCI] ACTION: No trade.
2026-10-01 18:29:33,051 | [JKHY] choppy/sideways (ADX 13.1) -> mean-reversion strategy | Signal: HOLD | Shares held: 0.0 | Last price: $144.31
2026-10-01 18:29:33,051 | [JKHY] ACTION: No trade.
2026-10-01 18:29:33,070 | [JNJ] trending (ADX 54.3) -> trend-following strategy | Signal: HOLD | Shares held: 0.0 | Last price: $259.44
2026-10-01 18:29:33,070 | [JNJ] ACTION: No trade.
2026-10-01 18:29:33,090 | [JPM] trending (ADX 28.3) -> trend-following strategy | Signal: HOLD | Shares held: 0.0 | Last price: $332.57
2026-10-01 18:29:33,090 | [JPM] ACTION: No trade.
2026-10-01 18:29:33,110 | [KDP] choppy/sideways (ADX 18.9) -> mean-reversion strategy | Signal: HOLD | Shares held: 0.0 | Last price: $30.70
2026-10-01 18:29:33,110 | [KDP] ACTION: No trade.
2026-10-01 18:29:33,130 | [KEY] choppy/sideways (ADX 23.3) -> mean-reversion strategy | Signal: HOLD | Shares held: 0.0 | Last price: $19.89
2026-10-01 18:29:33,130 | [KEY] ACTION: No trade.
2026-10-01 18:29:33,150 | [KEYS] trending (ADX 42.9) -> trend-following strategy | Signal: HOLD | Shares held: 0.0 | Last price: $374.37
2026-10-01 18:29:33,150 | [KEYS] ACTION: No trade.
2026-10-01 18:29:33,169 | [KHC] trending (ADX 51.8) -> trend-following strategy | Signal: HOLD | Shares held: 0.0 | Last price: $22.33
2026-10-01 18:29:33,169 | [KHC] ACTION: No trade.
2026-10-01 18:29:33,189 | [KIM] choppy/sideways (ADX 13.7) -> mean-reversion strategy | Signal: HOLD | Shares held: 0.0 | Last price: $22.14
2026-10-01 18:29:33,189 | [KIM] ACTION: No trade.
2026-10-01 18:29:33,209 | [KKR] choppy/sideways (ADX 22.4) -> mean-reversion strategy | Signal: HOLD | Shares held: 0.0 | Last price: $91.66
2026-10-01 18:29:33,209 | [KKR] ACTION: No trade.
2026-10-01 18:29:33,229 | [KLAC] choppy/sideways (ADX 19.0) -> mean-reversion strategy | Signal: HOLD | Shares held: 0.0 | Last price: $199.90
2026-10-01 18:29:33,229 | [KLAC] ACTION: No trade.
2026-10-01 18:29:33,248 | [KMB] trending (ADX 38.2) -> trend-following strategy | Signal: HOLD | Shares held: 0.0 | Last price: $95.50
2026-10-01 18:29:33,249 | [KMB] ACTION: No trade.
2026-10-01 18:29:33,268 | [KMI] choppy/sideways (ADX 19.8) -> mean-reversion strategy | Signal: HOLD | Shares held: 0.0 | Last price: $30.55
2026-10-01 18:29:33,268 | [KMI] ACTION: No trade.
2026-10-01 18:29:33,288 | [KO] trending (ADX 26.1) -> trend-following strategy | Signal: HOLD | Shares held: 0.0 | Last price: $85.94
2026-10-01 18:29:33,288 | [KO] ACTION: No trade.
2026-10-01 18:29:33,308 | [KR] choppy/sideways (ADX 20.4) -> mean-reversion strategy | Signal: HOLD | Shares held: 0.0 | Last price: $60.24
2026-10-01 18:29:33,308 | [KR] ACTION: No trade.
2026-10-01 18:29:33,327 | [KVUE] trending (ADX 37.1) -> trend-following strategy | Signal: HOLD | Shares held: 0.0 | Last price: $17.39
2026-10-01 18:29:33,327 | [KVUE] ACTION: No trade.
2026-10-01 18:29:33,347 | [L] trending (ADX 32.7) -> trend-following strategy | Signal: BUY | Shares held: 0.0 | Last price: $105.00
2026-10-01 18:29:33,347 | [L] ACTION: No trade (conviction score 0 below CONVICTION_ENTRY_GATE_MIN_SCORE=2 -- gate is ON).
2026-10-01 18:29:33,367 | [LDOS] choppy/sideways (ADX 15.6) -> mean-reversion strategy | Signal: HOLD | Shares held: 0.0 | Last price: $123.22
2026-10-01 18:29:33,367 | [LDOS] ACTION: No trade.
2026-10-01 18:29:33,387 | [LEN] trending (ADX 26.3) -> trend-following strategy | Signal: HOLD | Shares held: 0.0 | Last price: $82.38
2026-10-01 18:29:33,387 | [LEN] ACTION: No trade.
2026-10-01 18:29:33,407 | [LH] trending (ADX 35.1) -> trend-following strategy | Signal: HOLD | Shares held: 0.0 | Last price: $305.61
2026-10-01 18:29:33,407 | [LH] ACTION: No trade.
2026-10-01 18:29:33,426 | [LHX] choppy/sideways (ADX 11.8) -> mean-reversion strategy | Signal: HOLD | Shares held: 0.0 | Last price: $237.19
2026-10-01 18:29:33,426 | [LHX] ACTION: No trade.
2026-10-01 18:29:33,446 | [LII] trending (ADX 27.7) -> trend-following strategy | Signal: HOLD | Shares held: 0.0 | Last price: $358.50
2026-10-01 18:29:33,446 | [LII] ACTION: No trade.
2026-10-01 18:29:33,466 | [LIN] trending (ADX 32.1) -> trend-following strategy | Signal: HOLD | Shares held: 0.0 | Last price: $469.86
2026-10-01 18:29:33,466 | [LIN] ACTION: No trade.
2026-10-01 18:29:33,486 | [LITE] trending (ADX 47.6) -> trend-following strategy | Signal: HOLD | Shares held: 0.0 | Last price: $1035.98
2026-10-01 18:29:33,486 | [LITE] ACTION: No trade.
2026-10-01 18:29:33,506 | [LLY] trending (ADX 32.2) -> trend-following strategy | Signal: HOLD | Shares held: 0.0 | Last price: $1144.17
2026-10-01 18:29:33,506 | [LLY] ACTION: No trade.
2026-10-01 18:29:33,526 | [LMT] choppy/sideways (ADX 10.3) -> mean-reversion strategy | Signal: HOLD | Shares held: 0.0 | Last price: $506.19
2026-10-01 18:29:33,526 | [LMT] ACTION: No trade.
2026-10-01 18:29:33,546 | [LNT] choppy/sideways (ADX 16.1) -> mean-reversion strategy | Signal: HOLD | Shares held: 0.0 | Last price: $63.80
2026-10-01 18:29:33,546 | [LNT] ACTION: No trade.
2026-10-01 18:29:33,566 | [LOW] trending (ADX 26.1) -> trend-following strategy | Signal: HOLD | Shares held: 0.0 | Last price: $183.09
2026-10-01 18:29:33,566 | [LOW] ACTION: No trade.
2026-10-01 18:29:33,586 | [LRCX] trending (ADX 39.6) -> trend-following strategy | Signal: HOLD | Shares held: 0.0 | Last price: $336.11
2026-10-01 18:29:33,586 | [LRCX] ACTION: No trade.
2026-10-01 18:29:33,605 | [LULU] choppy/sideways (ADX 20.4) -> mean-reversion strategy | Signal: HOLD | Shares held: 0.0 | Last price: $98.39
2026-10-01 18:29:33,606 | [LULU] ACTION: No trade.
2026-10-01 18:29:33,625 | [LUV] choppy/sideways (ADX 10.3) -> mean-reversion strategy | Signal: HOLD | Shares held: 0.0 | Last price: $41.75
2026-10-01 18:29:33,625 | [LUV] ACTION: No trade.
2026-10-01 18:29:33,645 | [LVS] trending (ADX 43.1) -> trend-following strategy | Signal: HOLD | Shares held: 0.0 | Last price: $36.78
2026-10-01 18:29:33,645 | [LVS] ACTION: No trade.
2026-10-01 18:29:33,665 | [LYB] choppy/sideways (ADX 22.2) -> mean-reversion strategy | Signal: HOLD | Shares held: 0.0 | Last price: $57.80
2026-10-01 18:29:33,665 | [LYB] ACTION: No trade.
2026-10-01 18:29:33,685 | [LYV] trending (ADX 40.4) -> trend-following strategy | Signal: HOLD | Shares held: 0.0 | Last price: $165.32
2026-10-01 18:29:33,685 | [LYV] ACTION: No trade.
2026-10-01 18:29:33,705 | [MA] trending (ADX 25.0) -> trend-following strategy | Signal: HOLD | Shares held: 0.0 | Last price: $549.59
2026-10-01 18:29:33,705 | [MA] ACTION: No trade.
2026-10-01 18:29:33,725 | [MAA] trending (ADX 29.9) -> trend-following strategy | Signal: HOLD | Shares held: 0.0 | Last price: $116.60
2026-10-01 18:29:33,725 | [MAA] ACTION: No trade.
2026-10-01 18:29:33,744 | [MAR] trending (ADX 27.8) -> trend-following strategy | Signal: HOLD | Shares held: 0.0 | Last price: $354.21
2026-10-01 18:29:33,744 | [MAR] ACTION: No trade.
2026-10-01 18:29:33,764 | [MAS] trending (ADX 37.2) -> trend-following strategy | Signal: HOLD | Shares held: 0.0 | Last price: $68.03
2026-10-01 18:29:33,764 | [MAS] ACTION: No trade.
2026-10-01 18:29:33,784 | [MCD] choppy/sideways (ADX 23.6) -> mean-reversion strategy | Signal: HOLD | Shares held: 0.0 | Last price: $231.47
2026-10-01 18:29:33,784 | [MCD] ACTION: No trade.
2026-10-01 18:29:33,804 | [MCHP] choppy/sideways (ADX 23.8) -> mean-reversion strategy | Signal: HOLD | Shares held: 0.0 | Last price: $78.53
2026-10-01 18:29:33,804 | [MCHP] ACTION: No trade.
2026-10-01 18:29:33,824 | [MCK] trending (ADX 43.7) -> trend-following strategy | Signal: HOLD | Shares held: 0.0 | Last price: $888.89
2026-10-01 18:29:33,824 | [MCK] ACTION: No trade.
2026-10-01 18:29:33,843 | [MCO] choppy/sideways (ADX 16.8) -> mean-reversion strategy | Signal: HOLD | Shares held: 0.0 | Last price: $448.21
2026-10-01 18:29:33,843 | [MCO] ACTION: No trade.
2026-10-01 18:29:33,863 | [MDLZ] choppy/sideways (ADX 24.7) -> mean-reversion strategy | Signal: HOLD | Shares held: 0.0 | Last price: $57.88
2026-10-01 18:29:33,863 | [MDLZ] ACTION: No trade.
2026-10-01 18:29:33,883 | [MDT] trending (ADX 26.6) -> trend-following strategy | Signal: HOLD | Shares held: 0.0 | Last price: $85.44
2026-10-01 18:29:33,883 | [MDT] ACTION: No trade.
2026-10-01 18:29:33,903 | [MET] trending (ADX 34.1) -> trend-following strategy | Signal: HOLD | Shares held: 0.0 | Last price: $93.54
2026-10-01 18:29:33,903 | [MET] ACTION: No trade.
2026-10-01 18:29:33,922 | [META] choppy/sideways (ADX 14.0) -> mean-reversion strategy | Signal: HOLD | Shares held: 0.0 | Last price: $728.12
2026-10-01 18:29:33,923 | [META] ACTION: No trade.
2026-10-01 18:29:33,942 | [MGM] trending (ADX 35.8) -> trend-following strategy | Signal: HOLD | Shares held: 0.0 | Last price: $30.33
2026-10-01 18:29:33,942 | [MGM] ACTION: No trade.
2026-10-01 18:29:33,962 | [MKC] trending (ADX 28.6) -> trend-following strategy | Signal: HOLD | Shares held: 0.0 | Last price: $45.20
2026-10-01 18:29:33,962 | [MKC] ACTION: No trade.
2026-10-01 18:29:33,982 | [MLM] choppy/sideways (ADX 22.3) -> mean-reversion strategy | Signal: HOLD | Shares held: 0.0 | Last price: $479.96
2026-10-01 18:29:33,982 | [MLM] ACTION: No trade.
2026-10-01 18:29:34,002 | [MMM] trending (ADX 38.7) -> trend-following strategy | Signal: HOLD | Shares held: 0.0 | Last price: $162.78
2026-10-01 18:29:34,002 | [MMM] ACTION: No trade.
2026-10-01 18:29:34,022 | [MNST] choppy/sideways (ADX 11.6) -> mean-reversion strategy | Signal: HOLD | Shares held: 0.0 | Last price: $41.98
2026-10-01 18:29:34,022 | [MNST] ACTION: No trade.
2026-10-01 18:29:34,042 | [MO] trending (ADX 25.4) -> trend-following strategy | Signal: HOLD | Shares held: 0.0 | Last price: $66.93
2026-10-01 18:29:34,042 | [MO] ACTION: No trade.
2026-10-01 18:29:34,062 | [MOS] trending (ADX 39.1) -> trend-following strategy | Signal: BUY | Shares held: 0.0 | Last price: $21.46
2026-10-01 18:29:34,062 | [MOS] ACTION: No trade (conviction score 1 below CONVICTION_ENTRY_GATE_MIN_SCORE=2 -- gate is ON).
2026-10-01 18:29:34,082 | [MPC] trending (ADX 36.7) -> trend-following strategy | Signal: HOLD | Shares held: 0.0 | Last price: $416.76
2026-10-01 18:29:34,082 | [MPC] ACTION: No trade.
2026-10-01 18:29:34,101 | [MPWR] choppy/sideways (ADX 13.0) -> mean-reversion strategy | Signal: HOLD | Shares held: 0.0 | Last price: $1351.57
2026-10-01 18:29:34,101 | [MPWR] ACTION: No trade.
2026-10-01 18:29:34,121 | [MRK] trending (ADX 36.5) -> trend-following strategy | Signal: HOLD | Shares held: 0.0 | Last price: $143.62
2026-10-01 18:29:34,122 | [MRK] ACTION: No trade.
2026-10-01 18:29:34,141 | [MRNA] choppy/sideways (ADX 17.8) -> mean-reversion strategy | Signal: HOLD | Shares held: 0.0 | Last price: $189.22
2026-10-01 18:29:34,141 | [MRNA] ACTION: No trade.
2026-10-01 18:29:34,161 | [MRSH] choppy/sideways (ADX 14.3) -> mean-reversion strategy | Signal: HOLD | Shares held: 0.0 | Last price: $171.24
2026-10-01 18:29:34,161 | [MRSH] ACTION: No trade.
2026-10-01 18:29:34,180 | [MRVL] choppy/sideways (ADX 14.0) -> mean-reversion strategy | Signal: HOLD | Shares held: 0.0 | Last price: $265.92
2026-10-01 18:29:34,180 | [MRVL] ACTION: No trade.
2026-10-01 18:29:34,200 | [MS] trending (ADX 46.6) -> trend-following strategy | Signal: HOLD | Shares held: 0.0 | Last price: $187.09
2026-10-01 18:29:34,200 | [MS] ACTION: No trade.
2026-10-01 18:29:34,220 | [MSCI] trending (ADX 30.1) -> trend-following strategy | Signal: HOLD | Shares held: 0.0 | Last price: $548.49
2026-10-01 18:29:34,220 | [MSCI] ACTION: No trade.
2026-10-01 18:29:34,240 | [MSFT] choppy/sideways (ADX 12.6) -> mean-reversion strategy | Signal: HOLD | Shares held: 0.0 | Last price: $515.61
2026-10-01 18:29:34,240 | [MSFT] ACTION: No trade.
2026-10-01 18:29:34,260 | [MSI] choppy/sideways (ADX 15.1) -> mean-reversion strategy | Signal: HOLD | Shares held: 0.0 | Last price: $447.94
2026-10-01 18:29:34,260 | [MSI] ACTION: No trade.
2026-10-01 18:29:34,280 | [MTB] choppy/sideways (ADX 20.3) -> mean-reversion strategy | Signal: HOLD | Shares held: 0.0 | Last price: $215.29
2026-10-01 18:29:34,280 | [MTB] ACTION: No trade.
2026-10-01 18:29:34,300 | [MTD] trending (ADX 34.2) -> trend-following strategy | Signal: HOLD | Shares held: 0.0 | Last price: $1479.39
2026-10-01 18:29:34,300 | [MTD] ACTION: No trade.
2026-10-01 18:29:34,319 | [MU] choppy/sideways (ADX 24.9) -> mean-reversion strategy | Signal: HOLD | Shares held: 0.0 | Last price: $1073.99
2026-10-01 18:29:34,319 | [MU] ACTION: No trade.
2026-10-01 18:29:34,339 | [NCLH] choppy/sideways (ADX 22.4) -> mean-reversion strategy | Signal: HOLD | Shares held: 0.0 | Last price: $14.63
2026-10-01 18:29:34,339 | [NCLH] ACTION: No trade.
2026-10-01 18:29:34,359 | [NDAQ] choppy/sideways (ADX 21.1) -> mean-reversion strategy | Signal: HOLD | Shares held: 0.0 | Last price: $91.72
2026-10-01 18:29:34,359 | [NDAQ] ACTION: No trade.
2026-10-01 18:29:34,379 | [NDSN] choppy/sideways (ADX 12.4) -> mean-reversion strategy | Signal: HOLD | Shares held: 0.0 | Last price: $327.30
2026-10-01 18:29:34,379 | [NDSN] ACTION: No trade.
2026-10-01 18:29:34,398 | [NEE] choppy/sideways (ADX 23.3) -> mean-reversion strategy | Signal: HOLD | Shares held: 0.0 | Last price: $76.41
2026-10-01 18:29:34,398 | [NEE] ACTION: No trade.
2026-10-01 18:29:34,418 | [NEM] choppy/sideways (ADX 24.6) -> mean-reversion strategy | Signal: HOLD | Shares held: 0.0 | Last price: $114.84
2026-10-01 18:29:34,418 | [NEM] ACTION: No trade.
2026-10-01 18:29:34,438 | [NFLX] trending (ADX 42.7) -> trend-following strategy | Signal: HOLD | Shares held: 0.0 | Last price: $68.42
2026-10-01 18:29:34,438 | [NFLX] ACTION: No trade.
2026-10-01 18:29:34,458 | [NI] choppy/sideways (ADX 21.5) -> mean-reversion strategy | Signal: HOLD | Shares held: 0.0 | Last price: $39.38
2026-10-01 18:29:34,458 | [NI] ACTION: No trade.
2026-10-01 18:29:34,514 | [NKE] choppy/sideways (ADX 16.2) -> mean-reversion strategy | Signal: HOLD | Shares held: 0.0 | Last price: $36.13
2026-10-01 18:29:34,515 | [NKE] ACTION: No trade.
2026-10-01 18:29:34,535 | [NOC] choppy/sideways (ADX 17.4) -> mean-reversion strategy | Signal: HOLD | Shares held: 0.0 | Last price: $483.61
2026-10-01 18:29:34,535 | [NOC] ACTION: No trade.
2026-10-01 18:29:34,555 | [NOW] trending (ADX 26.8) -> trend-following strategy | Signal: HOLD | Shares held: 0.0 | Last price: $137.50
2026-10-01 18:29:34,555 | [NOW] ACTION: No trade.
2026-10-01 18:29:34,574 | [NRG] choppy/sideways (ADX 21.3) -> mean-reversion strategy | Signal: HOLD | Shares held: 0.0 | Last price: $96.48
2026-10-01 18:29:34,574 | [NRG] ACTION: No trade.
2026-10-01 18:29:34,594 | [NSC] trending (ADX 34.3) -> trend-following strategy | Signal: HOLD | Shares held: 0.0 | Last price: $308.38
2026-10-01 18:29:34,594 | [NSC] ACTION: No trade.
2026-10-01 18:29:34,614 | [NTAP] choppy/sideways (ADX 15.0) -> mean-reversion strategy | Signal: HOLD | Shares held: 0.0 | Last price: $211.67
2026-10-01 18:29:34,614 | [NTAP] ACTION: No trade.
2026-10-01 18:29:34,634 | [NTRS] trending (ADX 30.4) -> trend-following strategy | Signal: HOLD | Shares held: 0.0 | Last price: $169.07
2026-10-01 18:29:34,634 | [NTRS] ACTION: No trade.
2026-10-01 18:29:34,653 | [NUE] trending (ADX 30.8) -> trend-following strategy | Signal: HOLD | Shares held: 0.0 | Last price: $234.69
2026-10-01 18:29:34,653 | [NUE] ACTION: No trade.
2026-10-01 18:29:34,673 | [NVDA] choppy/sideways (ADX 16.3) -> mean-reversion strategy | Signal: HOLD | Shares held: 0.0 | Last price: $230.59
2026-10-01 18:29:34,673 | [NVDA] ACTION: No trade.
2026-10-01 18:29:34,692 | [NVR] choppy/sideways (ADX 24.6) -> mean-reversion strategy | Signal: HOLD | Shares held: 0.0 | Last price: $6075.90
2026-10-01 18:29:34,693 | [NVR] ACTION: No trade.
2026-10-01 18:29:34,712 | [NWSA] trending (ADX 38.5) -> trend-following strategy | Signal: HOLD | Shares held: 0.0 | Last price: $28.35
2026-10-01 18:29:34,713 | [NWSA] ACTION: No trade.
2026-10-01 18:29:34,732 | [NXPI] trending (ADX 29.8) -> trend-following strategy | Signal: HOLD | Shares held: 0.0 | Last price: $240.59
2026-10-01 18:29:34,732 | [NXPI] ACTION: No trade.
2026-10-01 18:29:34,752 | [O] trending (ADX 42.7) -> trend-following strategy | Signal: HOLD | Shares held: 0.0 | Last price: $53.73
2026-10-01 18:29:34,752 | [O] ACTION: No trade.
2026-10-01 18:29:34,771 | [ODFL] choppy/sideways (ADX 17.8) -> mean-reversion strategy | Signal: HOLD | Shares held: 0.0 | Last price: $175.24
2026-10-01 18:29:34,772 | [ODFL] ACTION: No trade.
2026-10-01 18:29:34,791 | [OKE] choppy/sideways (ADX 23.2) -> mean-reversion strategy | Signal: HOLD | Shares held: 0.0 | Last price: $87.14
2026-10-01 18:29:34,791 | [OKE] ACTION: No trade.
2026-10-01 18:29:34,811 | [OMC] choppy/sideways (ADX 13.2) -> mean-reversion strategy | Signal: HOLD | Shares held: 0.0 | Last price: $75.34
2026-10-01 18:29:34,811 | [OMC] ACTION: No trade.
2026-10-01 18:29:34,830 | [ON] choppy/sideways (ADX 23.8) -> mean-reversion strategy | Signal: HOLD | Shares held: 0.0 | Last price: $78.25
2026-10-01 18:29:34,831 | [ON] ACTION: No trade.
2026-10-01 18:29:34,850 | [ORCL] choppy/sideways (ADX 15.8) -> mean-reversion strategy | Signal: HOLD | Shares held: 0.0 | Last price: $138.06
2026-10-01 18:29:34,850 | [ORCL] ACTION: No trade.
2026-10-01 18:29:34,870 | [ORLY] choppy/sideways (ADX 17.5) -> mean-reversion strategy | Signal: HOLD | Shares held: 0.0 | Last price: $84.41
2026-10-01 18:29:34,870 | [ORLY] ACTION: No trade.
2026-10-01 18:29:34,890 | [OTIS] trending (ADX 26.8) -> trend-following strategy | Signal: HOLD | Shares held: 0.0 | Last price: $64.64
2026-10-01 18:29:34,890 | [OTIS] ACTION: No trade.
2026-10-01 18:29:34,909 | [OXY] trending (ADX 34.7) -> trend-following strategy | Signal: HOLD | Shares held: 0.0 | Last price: $57.52
2026-10-01 18:29:34,909 | [OXY] ACTION: No trade.
2026-10-01 18:29:34,929 | [P] trending (ADX 35.3) -> trend-following strategy | Signal: HOLD | Shares held: 0.0 | Last price: $134.56
2026-10-01 18:29:34,929 | [P] ACTION: No trade.
2026-10-01 18:29:34,949 | [PANW] trending (ADX 38.1) -> trend-following strategy | Signal: HOLD | Shares held: 0.0 | Last price: $390.52
2026-10-01 18:29:34,949 | [PANW] ACTION: No trade.
2026-10-01 18:29:34,968 | [PAYX] choppy/sideways (ADX 22.7) -> mean-reversion strategy | Signal: HOLD | Shares held: 0.0 | Last price: $100.84
2026-10-01 18:29:34,969 | [PAYX] ACTION: No trade.
2026-10-01 18:29:34,988 | [PCAR] choppy/sideways (ADX 24.5) -> mean-reversion strategy | Signal: HOLD | Shares held: 0.0 | Last price: $110.57
2026-10-01 18:29:34,988 | [PCAR] ACTION: No trade.
2026-10-01 18:29:35,008 | [PCG] choppy/sideways (ADX 16.3) -> mean-reversion strategy | Signal: HOLD | Shares held: 0.0 | Last price: $12.17
2026-10-01 18:29:35,008 | [PCG] ACTION: No trade.
2026-10-01 18:29:35,027 | [PEG] choppy/sideways (ADX 17.8) -> mean-reversion strategy | Signal: HOLD | Shares held: 0.0 | Last price: $67.75
2026-10-01 18:29:35,027 | [PEG] ACTION: No trade.
2026-10-01 18:29:35,047 | [PEP] trending (ADX 27.4) -> trend-following strategy | Signal: HOLD | Shares held: 0.0 | Last price: $126.00
2026-10-01 18:29:35,047 | [PEP] ACTION: No trade.
2026-10-01 18:29:35,067 | [PFE] trending (ADX 48.9) -> trend-following strategy | Signal: HOLD | Shares held: 0.0 | Last price: $28.18
2026-10-01 18:29:35,067 | [PFE] ACTION: No trade.
2026-10-01 18:29:35,086 | [PFG] trending (ADX 35.4) -> trend-following strategy | Signal: HOLD | Shares held: 0.0 | Last price: $111.61
2026-10-01 18:29:35,087 | [PFG] ACTION: No trade.
2026-10-01 18:29:35,106 | [PG] trending (ADX 39.3) -> trend-following strategy | Signal: HOLD | Shares held: 0.0 | Last price: $144.46
2026-10-01 18:29:35,106 | [PG] ACTION: No trade.
2026-10-01 18:29:35,126 | [PGR] choppy/sideways (ADX 14.5) -> mean-reversion strategy | Signal: HOLD | Shares held: 0.0 | Last price: $210.17
2026-10-01 18:29:35,126 | [PGR] ACTION: No trade.
2026-10-01 18:29:35,146 | [PH] choppy/sideways (ADX 19.0) -> mean-reversion strategy | Signal: HOLD | Shares held: 0.0 | Last price: $959.88
2026-10-01 18:29:35,146 | [PH] ACTION: No trade.
2026-10-01 18:29:35,165 | [PHM] trending (ADX 26.8) -> trend-following strategy | Signal: HOLD | Shares held: 0.0 | Last price: $115.42
2026-10-01 18:29:35,165 | [PHM] ACTION: No trade.
2026-10-01 18:29:35,185 | [PKG] choppy/sideways (ADX 21.7) -> mean-reversion strategy | Signal: HOLD | Shares held: 0.0 | Last price: $230.59
2026-10-01 18:29:35,185 | [PKG] ACTION: No trade.
2026-10-01 18:29:35,205 | [PLD] trending (ADX 44.3) -> trend-following strategy | Signal: HOLD | Shares held: 0.0 | Last price: $128.51
2026-10-01 18:29:35,205 | [PLD] ACTION: No trade.
2026-10-01 18:29:35,225 | [PLTR] choppy/sideways (ADX 22.0) -> mean-reversion strategy | Signal: HOLD | Shares held: 0.0 | Last price: $189.36
2026-10-01 18:29:35,225 | [PLTR] ACTION: No trade.
2026-10-01 18:29:35,244 | [PM] trending (ADX 40.6) -> trend-following strategy | Signal: HOLD | Shares held: 0.0 | Last price: $187.62
2026-10-01 18:29:35,244 | [PM] ACTION: No trade.
2026-10-01 18:29:35,264 | [PNC] choppy/sideways (ADX 23.1) -> mean-reversion strategy | Signal: HOLD | Shares held: 0.0 | Last price: $218.78
2026-10-01 18:29:35,264 | [PNC] ACTION: No trade.
2026-10-01 18:29:35,284 | [PNR] choppy/sideways (ADX 18.3) -> mean-reversion strategy | Signal: HOLD | Shares held: 0.0 | Last price: $52.84
2026-10-01 18:29:35,284 | [PNR] ACTION: No trade.
2026-10-01 18:29:35,304 | [PNW] choppy/sideways (ADX 22.1) -> mean-reversion strategy | Signal: HOLD | Shares held: 0.0 | Last price: $94.00
2026-10-01 18:29:35,304 | [PNW] ACTION: No trade.
2026-10-01 18:29:35,324 | [PODD] choppy/sideways (ADX 13.3) -> mean-reversion strategy | Signal: HOLD | Shares held: 0.0 | Last price: $130.22
2026-10-01 18:29:35,324 | [PODD] ACTION: No trade.
2026-10-01 18:29:35,343 | [PPG] trending (ADX 27.9) -> trend-following strategy | Signal: HOLD | Shares held: 0.0 | Last price: $104.27
2026-10-01 18:29:35,343 | [PPG] ACTION: No trade.
2026-10-01 18:29:35,363 | [PPL] choppy/sideways (ADX 19.9) -> mean-reversion strategy | Signal: HOLD | Shares held: 0.0 | Last price: $32.68
2026-10-01 18:29:35,363 | [PPL] ACTION: No trade.
2026-10-01 18:29:35,383 | [PRU] trending (ADX 26.5) -> trend-following strategy | Signal: HOLD | Shares held: 0.0 | Last price: $112.65
2026-10-01 18:29:35,383 | [PRU] ACTION: No trade.
2026-10-01 18:29:35,403 | [PSA] choppy/sideways (ADX 16.4) -> mean-reversion strategy | Signal: HOLD | Shares held: 0.0 | Last price: $285.20
2026-10-01 18:29:35,403 | [PSA] ACTION: No trade.
2026-10-01 18:29:35,422 | [PSX] choppy/sideways (ADX 12.3) -> mean-reversion strategy | Signal: HOLD | Shares held: 0.0 | Last price: $263.49
2026-10-01 18:29:35,422 | [PSX] ACTION: No trade.
2026-10-01 18:29:35,442 | [PTC] trending (ADX 37.2) -> trend-following strategy | Signal: HOLD | Shares held: 0.0 | Last price: $146.78
2026-10-01 18:29:35,442 | [PTC] ACTION: No trade.
2026-10-01 18:29:35,462 | [PWR] choppy/sideways (ADX 13.0) -> mean-reversion strategy | Signal: HOLD | Shares held: 0.0 | Last price: $657.22
2026-10-01 18:29:35,462 | [PWR] ACTION: No trade.
2026-10-01 18:29:35,482 | [PYPL] choppy/sideways (ADX 20.5) -> mean-reversion strategy | Signal: HOLD | Shares held: 0.0 | Last price: $53.28
2026-10-01 18:29:35,482 | [PYPL] ACTION: No trade.
2026-10-01 18:29:35,502 | [Q] choppy/sideways (ADX 12.3) -> mean-reversion strategy | Signal: HOLD | Shares held: 0.0 | Last price: $125.72
2026-10-01 18:29:35,502 | [Q] ACTION: No trade.
2026-10-01 18:29:35,521 | [QCOM] choppy/sideways (ADX 13.2) -> mean-reversion strategy | Signal: HOLD | Shares held: 0.0 | Last price: $184.34
2026-10-01 18:29:35,521 | [QCOM] ACTION: No trade.
2026-10-01 18:29:35,541 | [RCL] trending (ADX 26.8) -> trend-following strategy | Signal: HOLD | Shares held: 0.0 | Last price: $268.26
2026-10-01 18:29:35,541 | [RCL] ACTION: No trade.
2026-10-01 18:29:35,561 | [RDDT] choppy/sideways (ADX 19.3) -> mean-reversion strategy | Signal: HOLD | Shares held: 0.0 | Last price: $147.74
2026-10-01 18:29:35,561 | [RDDT] ACTION: No trade.
2026-10-01 18:29:35,581 | [REGN] choppy/sideways (ADX 17.0) -> mean-reversion strategy | Signal: HOLD | Shares held: 0.0 | Last price: $740.98
2026-10-01 18:29:35,581 | [REGN] ACTION: No trade.
2026-10-01 18:29:35,600 | [RF] choppy/sideways (ADX 21.9) -> mean-reversion strategy | Signal: HOLD | Shares held: 0.0 | Last price: $26.68
2026-10-01 18:29:35,600 | [RF] ACTION: No trade.
2026-10-01 18:29:35,620 | [RJF] choppy/sideways (ADX 19.2) -> mean-reversion strategy | Signal: HOLD | Shares held: 0.0 | Last price: $158.86
2026-10-01 18:29:35,620 | [RJF] ACTION: No trade.
2026-10-01 18:29:35,640 | [RL] choppy/sideways (ADX 24.8) -> mean-reversion strategy | Signal: HOLD | Shares held: 0.0 | Last price: $363.13
2026-10-01 18:29:35,640 | [RL] ACTION: No trade.
2026-10-01 18:29:35,660 | [RMD] choppy/sideways (ADX 14.9) -> mean-reversion strategy | Signal: HOLD | Shares held: 0.0 | Last price: $222.52
2026-10-01 18:29:35,660 | [RMD] ACTION: No trade.
2026-10-01 18:29:35,679 | [ROK] choppy/sideways (ADX 15.3) -> mean-reversion strategy | Signal: HOLD | Shares held: 0.0 | Last price: $436.23
2026-10-01 18:29:35,679 | [ROK] ACTION: No trade.
2026-10-01 18:29:35,699 | [ROL] choppy/sideways (ADX 19.1) -> mean-reversion strategy | Signal: HOLD | Shares held: 0.0 | Last price: $30.45
2026-10-01 18:29:35,699 | [ROL] ACTION: No trade.
2026-10-01 18:29:35,719 | [ROP] trending (ADX 34.2) -> trend-following strategy | Signal: HOLD | Shares held: 0.0 | Last price: $359.69
2026-10-01 18:29:35,719 | [ROP] ACTION: No trade.
2026-10-01 18:29:35,739 | [ROST] choppy/sideways (ADX 20.0) -> mean-reversion strategy | Signal: HOLD | Shares held: 0.0 | Last price: $234.96
2026-10-01 18:29:35,739 | [ROST] ACTION: No trade.
2026-10-01 18:29:35,759 | [RSG] choppy/sideways (ADX 20.3) -> mean-reversion strategy | Signal: HOLD | Shares held: 0.0 | Last price: $207.22
2026-10-01 18:29:35,759 | [RSG] ACTION: No trade.
2026-10-01 18:29:35,778 | [RTX] trending (ADX 31.9) -> trend-following strategy | Signal: HOLD | Shares held: 0.0 | Last price: $185.12
2026-10-01 18:29:35,779 | [RTX] ACTION: No trade.
2026-10-01 18:29:35,798 | [RVTY] trending (ADX 27.0) -> trend-following strategy | Signal: HOLD | Shares held: 0.0 | Last price: $151.26
2026-10-01 18:29:35,799 | [RVTY] ACTION: No trade.
2026-10-01 18:29:35,818 | [SBAC] trending (ADX 43.5) -> trend-following strategy | Signal: HOLD | Shares held: 0.0 | Last price: $158.27
2026-10-01 18:29:35,818 | [SBAC] ACTION: No trade.
2026-10-01 18:29:35,838 | [SBUX] choppy/sideways (ADX 19.9) -> mean-reversion strategy | Signal: HOLD | Shares held: 0.0 | Last price: $94.42
2026-10-01 18:29:35,838 | [SBUX] ACTION: No trade.
2026-10-01 18:29:35,858 | [SCHW] trending (ADX 27.9) -> trend-following strategy | Signal: HOLD | Shares held: 0.0 | Last price: $98.22
2026-10-01 18:29:35,858 | [SCHW] ACTION: No trade.
2026-10-01 18:29:35,878 | [SHW] trending (ADX 29.5) -> trend-following strategy | Signal: HOLD | Shares held: 0.0 | Last price: $319.83
2026-10-01 18:29:35,878 | [SHW] ACTION: No trade.
2026-10-01 18:29:35,898 | [SJM] trending (ADX 51.2) -> trend-following strategy | Signal: HOLD | Shares held: 0.0 | Last price: $116.09
2026-10-01 18:29:35,898 | [SJM] ACTION: No trade.
2026-10-01 18:29:35,917 | [SLB] trending (ADX 33.8) -> trend-following strategy | Signal: HOLD | Shares held: 0.0 | Last price: $48.19
2026-10-01 18:29:35,918 | [SLB] ACTION: No trade.
2026-10-01 18:29:35,937 | [SMCI] choppy/sideways (ADX 19.7) -> mean-reversion strategy | Signal: HOLD | Shares held: 0.0 | Last price: $41.51
2026-10-01 18:29:35,937 | [SMCI] ACTION: No trade.
2026-10-01 18:29:35,957 | [SNA] choppy/sideways (ADX 15.3) -> mean-reversion strategy | Signal: HOLD | Shares held: 0.0 | Last price: $366.26
2026-10-01 18:29:35,957 | [SNA] ACTION: No trade.
2026-10-01 18:29:35,977 | [SNDK] trending (ADX 27.8) -> trend-following strategy | Signal: HOLD | Shares held: 0.0 | Last price: $1768.00
2026-10-01 18:29:35,977 | [SNDK] ACTION: No trade.
2026-10-01 18:29:35,997 | [SNPS] trending (ADX 55.5) -> trend-following strategy | Signal: HOLD | Shares held: 0.0 | Last price: $490.85
2026-10-01 18:29:35,997 | [SNPS] ACTION: No trade.
2026-10-01 18:29:36,016 | [SO] choppy/sideways (ADX 13.3) -> mean-reversion strategy | Signal: HOLD | Shares held: 0.0 | Last price: $83.37
2026-10-01 18:29:36,016 | [SO] ACTION: No trade.
2026-10-01 18:29:36,036 | [SPG] trending (ADX 28.3) -> trend-following strategy | Signal: HOLD | Shares held: 0.0 | Last price: $200.03
2026-10-01 18:29:36,036 | [SPG] ACTION: No trade.
2026-10-01 18:29:36,056 | [SPGI] choppy/sideways (ADX 16.0) -> mean-reversion strategy | Signal: HOLD | Shares held: 0.0 | Last price: $389.77
2026-10-01 18:29:36,056 | [SPGI] ACTION: No trade.
2026-10-01 18:29:36,076 | [SRE] choppy/sideways (ADX 16.5) -> mean-reversion strategy | Signal: HOLD | Shares held: 0.0 | Last price: $77.99
2026-10-01 18:29:36,076 | [SRE] ACTION: No trade.
2026-10-01 18:29:36,096 | [STE] trending (ADX 31.8) -> trend-following strategy | Signal: HOLD | Shares held: 0.0 | Last price: $208.19
2026-10-01 18:29:36,096 | [STE] ACTION: No trade.
2026-10-01 18:29:36,116 | [STLD] choppy/sideways (ADX 22.8) -> mean-reversion strategy | Signal: HOLD | Shares held: 0.0 | Last price: $226.34
2026-10-01 18:29:36,116 | [STLD] ACTION: No trade.
2026-10-01 18:29:36,136 | [STT] trending (ADX 45.2) -> trend-following strategy | Signal: HOLD | Shares held: 0.0 | Last price: $173.47
2026-10-01 18:29:36,136 | [STT] ACTION: No trade.
2026-10-01 18:29:36,155 | [STX] choppy/sideways (ADX 22.1) -> mean-reversion strategy | Signal: HOLD | Shares held: 0.0 | Last price: $926.09
2026-10-01 18:29:36,156 | [STX] ACTION: No trade.
2026-10-01 18:29:36,175 | [STZ] choppy/sideways (ADX 17.1) -> mean-reversion strategy | Signal: HOLD | Shares held: 0.0 | Last price: $112.67
2026-10-01 18:29:36,175 | [STZ] ACTION: No trade.
2026-10-01 18:29:36,195 | [SW] choppy/sideways (ADX 23.1) -> mean-reversion strategy | Signal: HOLD | Shares held: 0.0 | Last price: $43.36
2026-10-01 18:29:36,195 | [SW] ACTION: No trade.
2026-10-01 18:29:36,215 | [SWK] choppy/sideways (ADX 22.6) -> mean-reversion strategy | Signal: HOLD | Shares held: 0.0 | Last price: $88.90
2026-10-01 18:29:36,215 | [SWK] ACTION: No trade.
2026-10-01 18:29:36,235 | [SWKS] trending (ADX 30.0) -> trend-following strategy | Signal: HOLD | Shares held: 0.0 | Last price: $83.83
2026-10-01 18:29:36,235 | [SWKS] ACTION: No trade.
2026-10-01 18:29:36,254 | [SYF] choppy/sideways (ADX 23.0) -> mean-reversion strategy | Signal: HOLD | Shares held: 0.0 | Last price: $71.02
2026-10-01 18:29:36,255 | [SYF] ACTION: No trade.
2026-10-01 18:29:36,274 | [SYK] choppy/sideways (ADX 24.7) -> mean-reversion strategy | Signal: HOLD | Shares held: 0.0 | Last price: $272.30
2026-10-01 18:29:36,274 | [SYK] ACTION: No trade.
2026-10-01 18:29:36,294 | [SYY] trending (ADX 25.7) -> trend-following strategy | Signal: HOLD | Shares held: 0.0 | Last price: $77.75
2026-10-01 18:29:36,294 | [SYY] ACTION: No trade.
2026-10-01 18:29:36,314 | [T] choppy/sideways (ADX 22.8) -> mean-reversion strategy | Signal: HOLD | Shares held: 0.0 | Last price: $24.39
2026-10-01 18:29:36,314 | [T] ACTION: No trade.
2026-10-01 18:29:36,334 | [TDG] trending (ADX 29.5) -> trend-following strategy | Signal: HOLD | Shares held: 0.0 | Last price: $1094.84
2026-10-01 18:29:36,334 | [TDG] ACTION: No trade.
2026-10-01 18:29:36,353 | [TDY] choppy/sideways (ADX 22.4) -> mean-reversion strategy | Signal: HOLD | Shares held: 0.0 | Last price: $611.44
2026-10-01 18:29:36,353 | [TDY] ACTION: No trade.
2026-10-01 18:29:36,373 | [TECH] choppy/sideways (ADX 14.3) -> mean-reversion strategy | Signal: HOLD | Shares held: 0.0 | Last price: $72.45
2026-10-01 18:29:36,373 | [TECH] ACTION: No trade.
2026-10-01 18:29:36,393 | [TEL] choppy/sideways (ADX 20.1) -> mean-reversion strategy | Signal: HOLD | Shares held: 0.0 | Last price: $217.92
2026-10-01 18:29:36,393 | [TEL] ACTION: No trade.
2026-10-01 18:29:36,413 | [TER] trending (ADX 30.6) -> trend-following strategy | Signal: HOLD | Shares held: 0.0 | Last price: $413.26
2026-10-01 18:29:36,413 | [TER] ACTION: No trade.
2026-10-01 18:29:36,432 | [TFC] choppy/sideways (ADX 23.3) -> mean-reversion strategy | Signal: HOLD | Shares held: 0.0 | Last price: $45.98
2026-10-01 18:29:36,432 | [TFC] ACTION: No trade.
2026-10-01 18:29:36,452 | [TGT] choppy/sideways (ADX 12.9) -> mean-reversion strategy | Signal: HOLD | Shares held: 0.0 | Last price: $157.74
2026-10-01 18:29:36,452 | [TGT] ACTION: No trade.
2026-10-01 18:29:36,472 | [TJX] choppy/sideways (ADX 18.9) -> mean-reversion strategy | Signal: HOLD | Shares held: 0.0 | Last price: $132.97
2026-10-01 18:29:36,472 | [TJX] ACTION: No trade.
2026-10-01 18:29:36,492 | [TKO] trending (ADX 42.8) -> trend-following strategy | Signal: HOLD | Shares held: 0.0 | Last price: $172.87
2026-10-01 18:29:36,492 | [TKO] ACTION: No trade.
2026-10-01 18:29:36,511 | [TMO] trending (ADX 59.1) -> trend-following strategy | Signal: HOLD | Shares held: 0.0 | Last price: $656.90
2026-10-01 18:29:36,512 | [TMO] ACTION: No trade.
2026-10-01 18:29:36,531 | [TMUS] trending (ADX 29.3) -> trend-following strategy | Signal: HOLD | Shares held: 0.0 | Last price: $162.17
2026-10-01 18:29:36,531 | [TMUS] ACTION: No trade.
2026-10-01 18:29:36,551 | [TPR] trending (ADX 28.6) -> trend-following strategy | Signal: HOLD | Shares held: 0.0 | Last price: $118.75
2026-10-01 18:29:36,551 | [TPR] ACTION: No trade.
2026-10-01 18:29:36,571 | [TRGP] trending (ADX 31.1) -> trend-following strategy | Signal: HOLD | Shares held: 0.0 | Last price: $276.98
2026-10-01 18:29:36,571 | [TRGP] ACTION: No trade.
2026-10-01 18:29:36,591 | [TRMB] choppy/sideways (ADX 20.3) -> mean-reversion strategy | Signal: HOLD | Shares held: 0.0 | Last price: $57.84
2026-10-01 18:29:36,591 | [TRMB] ACTION: No trade.
2026-10-01 18:29:36,611 | [TROW] trending (ADX 46.2) -> trend-following strategy | Signal: HOLD | Shares held: 0.0 | Last price: $106.30
2026-10-01 18:29:36,611 | [TROW] ACTION: No trade.
2026-10-01 18:29:36,630 | [TRV] choppy/sideways (ADX 21.2) -> mean-reversion strategy | Signal: HOLD | Shares held: 0.0 | Last price: $360.48
2026-10-01 18:29:36,630 | [TRV] ACTION: No trade.
2026-10-01 18:29:36,650 | [TSCO] choppy/sideways (ADX 13.5) -> mean-reversion strategy | Signal: HOLD | Shares held: 0.0 | Last price: $31.42
2026-10-01 18:29:36,650 | [TSCO] ACTION: No trade.
2026-10-01 18:29:36,670 | [TSLA] choppy/sideways (ADX 16.2) -> mean-reversion strategy | Signal: HOLD | Shares held: 0.0 | Last price: $357.17
2026-10-01 18:29:36,670 | [TSLA] ACTION: No trade.
2026-10-01 18:29:36,690 | [TSN] trending (ADX 25.6) -> trend-following strategy | Signal: HOLD | Shares held: 0.0 | Last price: $50.28
2026-10-01 18:29:36,690 | [TSN] ACTION: No trade.
2026-10-01 18:29:36,709 | [TT] trending (ADX 26.5) -> trend-following strategy | Signal: HOLD | Shares held: 0.0 | Last price: $455.84
2026-10-01 18:29:36,709 | [TT] ACTION: No trade.
2026-10-01 18:29:36,729 | [TTWO] trending (ADX 25.9) -> trend-following strategy | Signal: HOLD | Shares held: 0.0 | Last price: $203.47
2026-10-01 18:29:36,729 | [TTWO] ACTION: No trade.
2026-10-01 18:29:36,749 | [TXN] choppy/sideways (ADX 19.9) -> mean-reversion strategy | Signal: HOLD | Shares held: 0.0 | Last price: $281.81
2026-10-01 18:29:36,749 | [TXN] ACTION: No trade.
2026-10-01 18:29:36,768 | [TXT] choppy/sideways (ADX 23.3) -> mean-reversion strategy | Signal: HOLD | Shares held: 0.0 | Last price: $76.92
2026-10-01 18:29:36,769 | [TXT] ACTION: No trade.
2026-10-01 18:29:36,788 | [TYL] trending (ADX 35.5) -> trend-following strategy | Signal: HOLD | Shares held: 0.0 | Last price: $330.98
2026-10-01 18:29:36,788 | [TYL] ACTION: No trade.
2026-10-01 18:29:36,808 | [UAL] choppy/sideways (ADX 19.3) -> mean-reversion strategy | Signal: HOLD | Shares held: 0.0 | Last price: $110.73
2026-10-01 18:29:36,808 | [UAL] ACTION: No trade.
2026-10-01 18:29:36,828 | [UBER] trending (ADX 31.6) -> trend-following strategy | Signal: HOLD | Shares held: 0.0 | Last price: $67.87
2026-10-01 18:29:36,828 | [UBER] ACTION: No trade.
2026-10-01 18:29:36,848 | [UDR] choppy/sideways (ADX 12.6) -> mean-reversion strategy | Signal: HOLD | Shares held: 0.0 | Last price: $33.48
2026-10-01 18:29:36,848 | [UDR] ACTION: No trade.
2026-10-01 18:29:36,868 | [UHS] choppy/sideways (ADX 22.5) -> mean-reversion strategy | Signal: HOLD | Shares held: 0.0 | Last price: $174.58
2026-10-01 18:29:36,868 | [UHS] ACTION: No trade.
2026-10-01 18:29:36,888 | [ULTA] choppy/sideways (ADX 14.7) -> mean-reversion strategy | Signal: HOLD | Shares held: 0.0 | Last price: $542.30
2026-10-01 18:29:36,888 | [ULTA] ACTION: No trade.
2026-10-01 18:29:36,908 | [UNH] choppy/sideways (ADX 20.1) -> mean-reversion strategy | Signal: HOLD | Shares held: 0.0 | Last price: $364.24
2026-10-01 18:29:36,908 | [UNH] ACTION: No trade.
2026-10-01 18:29:36,927 | [UNP] trending (ADX 34.8) -> trend-following strategy | Signal: HOLD | Shares held: 0.0 | Last price: $270.15
2026-10-01 18:29:36,927 | [UNP] ACTION: No trade.
2026-10-01 18:29:36,947 | [UPS] choppy/sideways (ADX 19.7) -> mean-reversion strategy | Signal: HOLD | Shares held: 0.0 | Last price: $94.03
2026-10-01 18:29:36,947 | [UPS] ACTION: No trade.
2026-10-01 18:29:36,967 | [URI] choppy/sideways (ADX 20.5) -> mean-reversion strategy | Signal: HOLD | Shares held: 0.0 | Last price: $1027.70
2026-10-01 18:29:36,967 | [URI] ACTION: No trade.
2026-10-01 18:29:36,987 | [USB] trending (ADX 36.7) -> trend-following strategy | Signal: HOLD | Shares held: 0.0 | Last price: $56.88
2026-10-01 18:29:36,987 | [USB] ACTION: No trade.
2026-10-01 18:29:37,006 | [V] choppy/sideways (ADX 16.0) -> mean-reversion strategy | Signal: HOLD | Shares held: 0.0 | Last price: $359.13
2026-10-01 18:29:37,007 | [V] ACTION: No trade.
2026-10-01 18:29:37,026 | [VEEV] choppy/sideways (ADX 24.6) -> mean-reversion strategy | Signal: HOLD | Shares held: 0.0 | Last price: $284.34
2026-10-01 18:29:37,026 | [VEEV] ACTION: No trade.
2026-10-01 18:29:37,046 | [VICI] trending (ADX 35.5) -> trend-following strategy | Signal: HOLD | Shares held: 0.0 | Last price: $22.76
2026-10-01 18:29:37,046 | [VICI] ACTION: No trade.
2026-10-01 18:29:37,067 | [VLO] trending (ADX 25.8) -> trend-following strategy | Signal: HOLD | Shares held: 0.0 | Last price: $406.08
2026-10-01 18:29:37,067 | [VLO] ACTION: No trade.
2026-10-01 18:29:37,086 | [VLTO] trending (ADX 26.8) -> trend-following strategy | Signal: HOLD | Shares held: 0.0 | Last price: $94.48
2026-10-01 18:29:37,086 | [VLTO] ACTION: No trade.
2026-10-01 18:29:37,106 | [VMC] trending (ADX 26.4) -> trend-following strategy | Signal: HOLD | Shares held: 0.0 | Last price: $242.43
2026-10-01 18:29:37,106 | [VMC] ACTION: No trade.
2026-10-01 18:29:37,126 | [VMRK] trending (ADX 32.9) -> trend-following strategy | Signal: HOLD | Shares held: 0.0 | Last price: $59.98
2026-10-01 18:29:37,126 | [VMRK] ACTION: No trade.
2026-10-01 18:29:37,146 | [VRSK] choppy/sideways (ADX 24.4) -> mean-reversion strategy | Signal: HOLD | Shares held: 0.0 | Last price: $169.42
2026-10-01 18:29:37,146 | [VRSK] ACTION: No trade.
2026-10-01 18:29:37,166 | [VRSN] choppy/sideways (ADX 21.4) -> mean-reversion strategy | Signal: HOLD | Shares held: 0.0 | Last price: $288.01
2026-10-01 18:29:37,166 | [VRSN] ACTION: No trade.
2026-10-01 18:29:37,186 | [VRT] trending (ADX 25.8) -> trend-following strategy | Signal: HOLD | Shares held: 0.0 | Last price: $246.61
2026-10-01 18:29:37,186 | [VRT] ACTION: No trade.
2026-10-01 18:29:37,205 | [VRTX] trending (ADX 49.8) -> trend-following strategy | Signal: HOLD | Shares held: 0.0 | Last price: $508.26
2026-10-01 18:29:37,205 | [VRTX] ACTION: No trade.
2026-10-01 18:29:37,225 | [VST] trending (ADX 26.3) -> trend-following strategy | Signal: HOLD | Shares held: 0.0 | Last price: $139.87
2026-10-01 18:29:37,225 | [VST] ACTION: No trade.
2026-10-01 18:29:37,245 | [VTR] trending (ADX 48.2) -> trend-following strategy | Signal: HOLD | Shares held: 0.0 | Last price: $83.47
2026-10-01 18:29:37,245 | [VTR] ACTION: No trade.
2026-10-01 18:29:37,265 | [VTRS] trending (ADX 29.2) -> trend-following strategy | Signal: HOLD | Shares held: 0.0 | Last price: $17.61
2026-10-01 18:29:37,265 | [VTRS] ACTION: No trade.
2026-10-01 18:29:37,285 | [VZ] choppy/sideways (ADX 11.2) -> mean-reversion strategy | Signal: HOLD | Shares held: 0.0 | Last price: $46.05
2026-10-01 18:29:37,285 | [VZ] ACTION: No trade.
2026-10-01 18:29:37,305 | [WAB] trending (ADX 28.2) -> trend-following strategy | Signal: HOLD | Shares held: 0.0 | Last price: $286.25
2026-10-01 18:29:37,305 | [WAB] ACTION: No trade.
2026-10-01 18:29:37,325 | [WAT] trending (ADX 48.4) -> trend-following strategy | Signal: HOLD | Shares held: 0.0 | Last price: $428.68
2026-10-01 18:29:37,325 | [WAT] ACTION: No trade.
2026-10-01 18:29:37,345 | [WBD] trending (ADX 39.3) -> trend-following strategy | Signal: HOLD | Shares held: 0.0 | Last price: $30.93
2026-10-01 18:29:37,345 | [WBD] ACTION: No trade.
2026-10-01 18:29:37,364 | [WDAY] choppy/sideways (ADX 17.5) -> mean-reversion strategy | Signal: HOLD | Shares held: 0.0 | Last price: $185.82
2026-10-01 18:29:37,364 | [WDAY] ACTION: No trade.
2026-10-01 18:29:37,384 | [WDC] trending (ADX 31.7) -> trend-following strategy | Signal: HOLD | Shares held: 0.0 | Last price: $450.50
2026-10-01 18:29:37,385 | [WDC] ACTION: No trade.
2026-10-01 18:29:37,404 | [WEC] choppy/sideways (ADX 13.3) -> mean-reversion strategy | Signal: HOLD | Shares held: 0.0 | Last price: $101.40
2026-10-01 18:29:37,404 | [WEC] ACTION: No trade.
2026-10-01 18:29:37,424 | [WELL] trending (ADX 33.2) -> trend-following strategy | Signal: HOLD | Shares held: 0.0 | Last price: $226.51
2026-10-01 18:29:37,424 | [WELL] ACTION: No trade.
2026-10-01 18:29:37,444 | [WFC] trending (ADX 27.6) -> trend-following strategy | Signal: HOLD | Shares held: 0.0 | Last price: $79.60
2026-10-01 18:29:37,444 | [WFC] ACTION: No trade.
2026-10-01 18:29:37,464 | [WM] trending (ADX 36.9) -> trend-following strategy | Signal: HOLD | Shares held: 0.0 | Last price: $201.73
2026-10-01 18:29:37,464 | [WM] ACTION: No trade.
2026-10-01 18:29:37,484 | [WMB] trending (ADX 28.3) -> trend-following strategy | Signal: HOLD | Shares held: 0.0 | Last price: $69.14
2026-10-01 18:29:37,484 | [WMB] ACTION: No trade.
2026-10-01 18:29:37,503 | [WMT] trending (ADX 28.8) -> trend-following strategy | Signal: BUY | Shares held: 0.0 | Last price: $105.03
2026-10-01 18:29:37,504 | [WMT] ACTION: No trade (conviction score 0 below CONVICTION_ENTRY_GATE_MIN_SCORE=2 -- gate is ON).
2026-10-01 18:29:37,523 | [WRB] choppy/sideways (ADX 12.8) -> mean-reversion strategy | Signal: HOLD | Shares held: 0.0 | Last price: $68.89
2026-10-01 18:29:37,523 | [WRB] ACTION: No trade.
2026-10-01 18:29:37,543 | [WSM] choppy/sideways (ADX 18.9) -> mean-reversion strategy | Signal: HOLD | Shares held: 0.0 | Last price: $229.29
2026-10-01 18:29:37,543 | [WSM] ACTION: No trade.
2026-10-01 18:29:37,564 | [WST] trending (ADX 38.2) -> trend-following strategy | Signal: HOLD | Shares held: 0.0 | Last price: $364.44
2026-10-01 18:29:37,564 | [WST] ACTION: No trade.
2026-10-01 18:29:37,583 | [WTW] choppy/sideways (ADX 16.8) -> mean-reversion strategy | Signal: HOLD | Shares held: 0.0 | Last price: $291.50
2026-10-01 18:29:37,583 | [WTW] ACTION: No trade.
2026-10-01 18:29:37,603 | [WY] trending (ADX 41.8) -> trend-following strategy | Signal: HOLD | Shares held: 0.0 | Last price: $18.55
2026-10-01 18:29:37,603 | [WY] ACTION: No trade.
2026-10-01 18:29:37,623 | [WYNN] trending (ADX 33.2) -> trend-following strategy | Signal: HOLD | Shares held: 0.0 | Last price: $77.09
2026-10-01 18:29:37,623 | [WYNN] ACTION: No trade.
2026-10-01 18:29:37,643 | [XEL] choppy/sideways (ADX 21.0) -> mean-reversion strategy | Signal: HOLD | Shares held: 0.0 | Last price: $70.58
2026-10-01 18:29:37,643 | [XEL] ACTION: No trade.
2026-10-01 18:29:37,663 | [XOM] choppy/sideways (ADX 17.7) -> mean-reversion strategy | Signal: HOLD | Shares held: 0.0 | Last price: $163.85
2026-10-01 18:29:37,663 | [XOM] ACTION: No trade.
2026-10-01 18:29:37,682 | [XYL] choppy/sideways (ADX 19.8) -> mean-reversion strategy | Signal: HOLD | Shares held: 0.0 | Last price: $100.61
2026-10-01 18:29:37,682 | [XYL] ACTION: No trade.
2026-10-01 18:29:37,702 | [XYZ] choppy/sideways (ADX 16.7) -> mean-reversion strategy | Signal: HOLD | Shares held: 0.0 | Last price: $73.74
2026-10-01 18:29:37,702 | [XYZ] ACTION: No trade.
2026-10-01 18:29:37,722 | [YUM] choppy/sideways (ADX 22.8) -> mean-reversion strategy | Signal: HOLD | Shares held: 0.0 | Last price: $137.12
2026-10-01 18:29:37,722 | [YUM] ACTION: No trade.
2026-10-01 18:29:37,742 | [ZBH] trending (ADX 44.9) -> trend-following strategy | Signal: HOLD | Shares held: 0.0 | Last price: $87.75
2026-10-01 18:29:37,742 | [ZBH] ACTION: No trade.
2026-10-01 18:29:37,762 | [ZBRA] choppy/sideways (ADX 20.1) -> mean-reversion strategy | Signal: HOLD | Shares held: 0.0 | Last price: $374.90
2026-10-01 18:29:37,762 | [ZBRA] ACTION: No trade.
2026-10-01 18:29:37,782 | [ZTS] choppy/sideways (ADX 10.3) -> mean-reversion strategy | Signal: HOLD | Shares held: 0.0 | Last price: $69.67
2026-10-01 18:29:37,782 | [ZTS] ACTION: No trade.
2026-10-01 18:44:38,041 | SCANNER: refreshing watchlist...
2026-10-01 18:44:38,557 | SCANNER: 1 candidate(s) passed price/extension filters but none met the $10,000,000 average dollar-volume bar.
2026-10-01 18:45:02,258 | S&P 500 liquidity backstop -> MU, NVDA, META, TSLA, AAPL, SNDK, INTC, AMD, MSFT, GOOGL, AMZN, AVGO, GOOG, LITE, BE, ORCL, MRVL, MDT, DELL, AMAT, LLY, MRNA, ACN, PLTR, WDC, CRM, JPM, V, STX, LRCX, MA, TMO, COST, NFLX, PANW, WMT, BRK.B, AZO, HOOD, BA, JNJ, GEV, WBD, COHR, GS, BAC, CRWD, XOM, CAT, QCOM, HD, C, DHR, MS, TJX, TXN, SNPS, MRK, CSCO, AMGN, FICO, DE, UNH, WFC, ABBV, CVX, APP, VLO, GE, DASH, PG, ADI, URI, KLAC, APH, ALL, SPGI, DIS, MPC, NOW, SLB, REGN, NKE, AXP, ETN, IBM, LIN, CDNS, KO, COIN, ILMN, COP, HPE, MCD, TT, DDOG, GILD, PSX, PGR, SCHW, BMY, CRH, SYK, SMCI, COF, ABT, PM, NEE, PEP, LOW, UNP, BKNG, CI, INTU, MCK, AIG, RCL, ANET, GLW, EXPE, CCL, WELL, ISRG, UBER, ADBE, SHW, BNY, PH, SO, TMUS, PLD, NXPI, CMI, PWR, BLK, EQIX, CVS, BX, ABNB, RTX, JBL, MMM, BSX, VZ, ADP, KR, HLT, MRSH, MAR, ITW, CIEN, FCX, EMR, CB, VRT, MPWR, ELV, COR, NTAP, HCA, TER, IR, CEG, MLM, T, WMB, GM, HUM, TGT, AON, PNC, USB, MCO, JCI, AMT, TDG, CBOE, DUK, GD, HWM, APO, ACGL, MDLZ, CSX, DHI, PFE, TEL, VMC, CVNA, KKR, MCHP, HBAN, VRTX, ROST, FERG, GWW, IQV, CTVA, HON, CTSH, NEM, AJG, SBUX, ON, MNST, AME, LMT, FDX, FITB, CME, VST, CAH, EBAY, STT, CASY, AKAM, RVTY, FIX, A, EXC, EOG, ICE, WM, FTNT, RDDT, HONA, LEN, CMS, CMG, XEL, TRV, ECL, DAL, VEEV, AEP, CL, WDAY, SWKS, WEC, LHX, CBRE, AXON, WAT, FAST, ORLY, ETR, P, EW, ODFL, MSCI, LYV, TFC, CTAS, PCAR, NUE, TTWO, TRGP, KDP, KVUE, KEYS, BIIB, PCG, ADSK, AMP, SYY, PPL, CMCSA, OTIS, RF, MSI, BDX, FANG, APD, BKR, CARR, ROL, PAYX, FDS, CFG, DTE, OXY, KEY, NOC, TPR, KMB, SRE, PYPL, COO, ED, UAL, ROK, DLR, MO, NDAQ, EFX, MET, DGX, VMRK, DOV, DRI, DG, F, TSCO, UPS, PSA, LNT, ROP, HIG, HAL, DXCM, DLTR, EXE, O, XYZ, HPQ, PEG, EME, OKE, EL, IDXX, CF, CPAY, FISV, FSLR, YUM, STLD, AWK, CHTR, NI, DVN, KMI, ARES, FOXA, LULU, EIX, TECH, GIS, EVRG, CNC, IBKR, AEE, RSG, HSY, BBY, SPG, D, MTD, FFIV, CNP, XYL, DECK, FLEX, EQT, GEN, WAB, VRSK, MTB, ZTS, NRG, ECHO, RMD, APA, NVR, SW, CRL, JBHT, CCI, DPZ, NSC, WST, INCY, SYF, HUBB, GRMN, ULTA, VTR, ES, PHM, WSM, LII, ADM, HST, NCLH, CHD, LH, PPG, AFL, RL, TYL, TKO, IP, LUV, DOW, OMC, PODD, ZBRA, CDW, TROW, FE, FDXF, PRU, VRSN, WYNN, LYB, HAS, FIS, EXPD, KHC, GPN, ALB, EXR, MKC, NTRS, LVS, WTW, GEHC, CPRT, ZBH, STZ, IRM, PTC, GNRC, BG, VICI, CLX, BAX, IFF, SWK, GDDY, RJF, CHRW, IEX, ALLE, IT, MAA, TDY, PNW, VTRS, ATO, TSN, WRB, ESS, SJM, VLTO, AES, TXT, HII, MGM, BRO, BEN, CSGP, Q, MAS, EG, NWSA, TRMB, IVZ, FRT, MOS, CPT, APTV, PFG, SBAC, WY, UDR, BR, PKG, ALGN, JKHY, INVH, J, LDOS, PNR, BALL, CINF, L, NDSN, UHS, DD, FTV, AVY, KIM, STE, AMCR, DOC, AOS, GPC, DVA, SNA, ARE
2026-10-01 18:45:02,260 | SCANNER: new watchlist -> MU, NVDA, META, TSLA, AAPL, SNDK, INTC, AMD, MSFT, GOOGL, AMZN, AVGO, GOOG, LITE, BE, ORCL, MRVL, MDT, DELL, AMAT, LLY, MRNA, ACN, PLTR, WDC, CRM, JPM, V, STX, LRCX, MA, TMO, COST, NFLX, PANW, WMT, BRK.B, AZO, HOOD, BA, JNJ, GEV, WBD, COHR, GS, BAC, CRWD, XOM, CAT, QCOM, HD, C, DHR, MS, TJX, TXN, SNPS, MRK, CSCO, AMGN, FICO, DE, UNH, WFC, ABBV, CVX, APP, VLO, GE, DASH, PG, ADI, URI, KLAC, APH, ALL, SPGI, DIS, MPC, NOW, SLB, REGN, NKE, AXP, ETN, IBM, LIN, CDNS, KO, COIN, ILMN, COP, HPE, MCD, TT, DDOG, GILD, PSX, PGR, SCHW, BMY, CRH, SYK, SMCI, COF, ABT, PM, NEE, PEP, LOW, UNP, BKNG, CI, INTU, MCK, AIG, RCL, ANET, GLW, EXPE, CCL, WELL, ISRG, UBER, ADBE, SHW, BNY, PH, SO, TMUS, PLD, NXPI, CMI, PWR, BLK, EQIX, CVS, BX, ABNB, RTX, JBL, MMM, BSX, VZ, ADP, KR, HLT, MRSH, MAR, ITW, CIEN, FCX, EMR, CB, VRT, MPWR, ELV, COR, NTAP, HCA, TER, IR, CEG, MLM, T, WMB, GM, HUM, TGT, AON, PNC, USB, MCO, JCI, AMT, TDG, CBOE, DUK, GD, HWM, APO, ACGL, MDLZ, CSX, DHI, PFE, TEL, VMC, CVNA, KKR, MCHP, HBAN, VRTX, ROST, FERG, GWW, IQV, CTVA, HON, CTSH, NEM, AJG, SBUX, ON, MNST, AME, LMT, FDX, FITB, CME, VST, CAH, EBAY, STT, CASY, AKAM, RVTY, FIX, A, EXC, EOG, ICE, WM, FTNT, RDDT, HONA, LEN, CMS, CMG, XEL, TRV, ECL, DAL, VEEV, AEP, CL, WDAY, SWKS, WEC, LHX, CBRE, AXON, WAT, FAST, ORLY, ETR, P, EW, ODFL, MSCI, LYV, TFC, CTAS, PCAR, NUE, TTWO, TRGP, KDP, KVUE, KEYS, BIIB, PCG, ADSK, AMP, SYY, PPL, CMCSA, OTIS, RF, MSI, BDX, FANG, APD, BKR, CARR, ROL, PAYX, FDS, CFG, DTE, OXY, KEY, NOC, TPR, KMB, SRE, PYPL, COO, ED, UAL, ROK, DLR, MO, NDAQ, EFX, MET, DGX, VMRK, DOV, DRI, DG, F, TSCO, UPS, PSA, LNT, ROP, HIG, HAL, DXCM, DLTR, EXE, O, XYZ, HPQ, PEG, EME, OKE, EL, IDXX, CF, CPAY, FISV, FSLR, YUM, STLD, AWK, CHTR, NI, DVN, KMI, ARES, FOXA, LULU, EIX, TECH, GIS, EVRG, CNC, IBKR, AEE, RSG, HSY, BBY, SPG, D, MTD, FFIV, CNP, XYL, DECK, FLEX, EQT, GEN, WAB, VRSK, MTB, ZTS, NRG, ECHO, RMD, APA, NVR, SW, CRL, JBHT, CCI, DPZ, NSC, WST, INCY, SYF, HUBB, GRMN, ULTA, VTR, ES, PHM, WSM, LII, ADM, HST, NCLH, CHD, LH, PPG, AFL, RL, TYL, TKO, IP, LUV, DOW, OMC, PODD, ZBRA, CDW, TROW, FE, FDXF, PRU, VRSN, WYNN, LYB, HAS, FIS, EXPD, KHC, GPN, ALB, EXR, MKC, NTRS, LVS, WTW, GEHC, CPRT, ZBH, STZ, IRM, PTC, GNRC, BG, VICI, CLX, BAX, IFF, SWK, GDDY, RJF, CHRW, IEX, ALLE, IT, MAA, TDY, PNW, VTRS, ATO, TSN, WRB, ESS, SJM, VLTO, AES, TXT, HII, MGM, BRO, BEN, CSGP, Q, MAS, EG, NWSA, TRMB, IVZ, FRT, MOS, CPT, APTV, PFG, SBAC, WY, UDR, BR, PKG, ALGN, JKHY, INVH, J, LDOS, PNR, BALL, CINF, L, NDSN, UHS, DD, FTV, AVY, KIM, STE, AMCR, DOC, AOS, GPC, DVA, SNA, ARE
2026-10-01 18:45:02,320 | Market is open (closes 2026-10-01 22:00:00 CEST your local time). Checking 490 symbols: A, AAPL, ABBV, ABNB, ABT, ACGL, ACN, ADBE, ADI, ADM, ADP, ADSK, AEE, AEP, AES, AFL, AIG, AJG, AKAM, ALB, ALGN, ALL, ALLE, AMAT, AMCR, AMD, AME, AMGN, AMP, AMT, AMZN, ANET, AON, AOS, APA, APD, APH, APO, APP, APTV, ARE, ARES, ATO, AVGO, AVY, AWK, AXON, AXP, AZO, BA, BAC, BALL, BAX, BBY, BDX, BE, BEN, BG, BIIB, BKNG, BKR, BLK, BMY, BNY, BR, BRK.B, BRO, BSX, BX, C, CAH, CARR, CASY, CAT, CB, CBOE, CBRE, CCI, CCL, CDNS, CDW, CEG, CF, CFG, CHD, CHRW, CHTR, CI, CIEN, CINF, CL, CLX, CMCSA, CME, CMG, CMI, CMS, CNC, CNP, COF, COHR, COIN, COO, COP, COR, COST, CPAY, CPRT, CPT, CRH, CRL, CRM, CRWD, CSCO, CSGP, CSX, CTAS, CTSH, CTVA, CVNA, CVS, CVX, D, DAL, DASH, DD, DDOG, DE, DECK, DELL, DG, DGX, DHI, DHR, DIS, DLR, DLTR, DOC, DOV, DOW, DPZ, DRI, DTE, DUK, DVA, DVN, DXCM, EBAY, ECHO, ECL, ED, EFX, EG, EIX, EL, ELV, EME, EMR, EOG, EQIX, EQT, ES, ESS, ETN, ETR, EVRG, EW, EXC, EXE, EXPD, EXPE, EXR, F, FANG, FAST, FCX, FDS, FDX, FDXF, FE, FERG, FFIV, FICO, FIS, FISV, FITB, FIX, FLEX, FOXA, FRT, FSLR, FTNT, FTV, GD, GDDY, GE, GEHC, GEN, GEV, GILD, GIS, GLW, GM, GNRC, GOOG, GOOGL, GPC, GPN, GRMN, GS, GWW, HAL, HAS, HBAN, HCA, HD, HIG, HII, HLT, HON, HONA, HOOD, HPE, HPQ, HST, HSY, HUBB, HUM, HWM, IBKR, IBM, ICE, IDXX, IEX, IFF, ILMN, INCY, INTC, INTU, INVH, IP, IQV, IR, IRM, ISRG, IT, ITW, IVZ, J, JBHT, JBL, JCI, JKHY, JNJ, JPM, KDP, KEY, KEYS, KHC, KIM, KKR, KLAC, KMB, KMI, KO, KR, KVUE, L, LDOS, LEN, LH, LHX, LII, LIN, LITE, LLY, LMT, LNT, LOW, LRCX, LULU, LUV, LVS, LYB, LYV, MA, MAA, MAR, MAS, MCD, MCHP, MCK, MCO, MDLZ, MDT, MET, META, MGM, MKC, MLM, MMM, MNST, MO, MOS, MPC, MPWR, MRK, MRNA, MRSH, MRVL, MS, MSCI, MSFT, MSI, MTB, MTD, MU, NCLH, NDAQ, NDSN, NEE, NEM, NFLX, NI, NKE, NOC, NOW, NRG, NSC, NTAP, NTRS, NUE, NVDA, NVR, NWSA, NXPI, O, ODFL, OKE, OMC, ON, ORCL, ORLY, OTIS, OXY, P, PANW, PAYX, PCAR, PCG, PEG, PEP, PFE, PFG, PG, PGR, PH, PHM, PKG, PLD, PLTR, PM, PNC, PNR, PNW, PODD, PPG, PPL, PRU, PSA, PSX, PTC, PWR, PYPL, Q, QCOM, RCL, RDDT, REGN, RF, RJF, RL, RMD, ROK, ROL, ROP, ROST, RSG, RTX, RVTY, SBAC, SBUX, SCHW, SHW, SJM, SLB, SMCI, SNA, SNDK, SNPS, SO, SPG, SPGI, SRE, STE, STLD, STT, STX, STZ, SW, SWK, SWKS, SYF, SYK, SYY, T, TDG, TDY, TECH, TEL, TER, TFC, TGT, TJX, TKO, TMO, TMUS, TPR, TRGP, TRMB, TROW, TRV, TSCO, TSLA, TSN, TT, TTWO, TXN, TXT, TYL, UAL, UBER, UDR, UHS, ULTA, UNH, UNP, UPS, URI, USB, V, VEEV, VICI, VLO, VLTO, VMC, VMRK, VRSK, VRSN, VRT, VRTX, VST, VTR, VTRS, VZ, WAB, WAT, WBD, WDAY, WDC, WEC, WELL, WFC, WM, WMB, WMT, WRB, WSM, WST, WTW, WY, WYNN, XEL, XOM, XYL, XYZ, YUM, ZBH, ZBRA, ZTS (within 90 min of close -- not enough runway left today for a new position)
2026-10-01 18:46:29,668 | [A] trending (ADX 58.2) -> trend-following strategy | Signal: HOLD | Shares held: 0.0 | Last price: $168.29
2026-10-01 18:46:29,668 | [A] ACTION: No trade.
2026-10-01 18:46:29,688 | [AAPL] trending (ADX 38.2) -> trend-following strategy | Signal: HOLD | Shares held: 0.0 | Last price: $329.82
2026-10-01 18:46:29,688 | [AAPL] ACTION: No trade.
2026-10-01 18:46:29,709 | [ABBV] trending (ADX 31.6) -> trend-following strategy | Signal: HOLD | Shares held: 0.0 | Last price: $260.61
2026-10-01 18:46:29,709 | [ABBV] ACTION: No trade.
2026-10-01 18:46:29,729 | [ABNB] choppy/sideways (ADX 20.3) -> mean-reversion strategy | Signal: HOLD | Shares held: 0.0 | Last price: $159.85
2026-10-01 18:46:29,729 | [ABNB] ACTION: No trade.
2026-10-01 18:46:29,750 | [ABT] trending (ADX 31.7) -> trend-following strategy | Signal: HOLD | Shares held: 0.0 | Last price: $97.39
2026-10-01 18:46:29,750 | [ABT] ACTION: No trade.
2026-10-01 18:46:29,770 | [ACGL] choppy/sideways (ADX 18.7) -> mean-reversion strategy | Signal: HOLD | Shares held: 0.0 | Last price: $93.79
2026-10-01 18:46:29,770 | [ACGL] ACTION: No trade.
2026-10-01 18:46:29,790 | [ACN] trending (ADX 48.2) -> trend-following strategy | Signal: HOLD | Shares held: 0.0 | Last price: $215.00
2026-10-01 18:46:29,791 | [ACN] ACTION: No trade.
2026-10-01 18:46:29,811 | [ADBE] trending (ADX 28.6) -> trend-following strategy | Signal: HOLD | Shares held: 0.0 | Last price: $242.69
2026-10-01 18:46:29,811 | [ADBE] ACTION: No trade.
2026-10-01 18:46:29,831 | [ADI] choppy/sideways (ADX 20.2) -> mean-reversion strategy | Signal: HOLD | Shares held: 0.0 | Last price: $404.42
2026-10-01 18:46:29,831 | [ADI] ACTION: No trade.
2026-10-01 18:46:29,851 | [ADM] trending (ADX 34.0) -> trend-following strategy | Signal: HOLD | Shares held: 0.0 | Last price: $79.11
2026-10-01 18:46:29,851 | [ADM] ACTION: No trade.
2026-10-01 18:46:29,872 | [ADP] choppy/sideways (ADX 17.8) -> mean-reversion strategy | Signal: HOLD | Shares held: 0.0 | Last price: $264.05
2026-10-01 18:46:29,872 | [ADP] ACTION: No trade.
2026-10-01 18:46:29,893 | [ADSK] trending (ADX 31.8) -> trend-following strategy | Signal: HOLD | Shares held: 0.0 | Last price: $213.44
2026-10-01 18:46:29,893 | [ADSK] ACTION: No trade.
2026-10-01 18:46:29,914 | [AEE] choppy/sideways (ADX 10.8) -> mean-reversion strategy | Signal: HOLD | Shares held: 0.0 | Last price: $99.53
2026-10-01 18:46:29,914 | [AEE] ACTION: No trade.
2026-10-01 18:46:29,934 | [AEP] choppy/sideways (ADX 16.2) -> mean-reversion strategy | Signal: HOLD | Shares held: 0.0 | Last price: $119.56
2026-10-01 18:46:29,934 | [AEP] ACTION: No trade.
2026-10-01 18:46:29,955 | [AES] trending (ADX 53.8) -> trend-following strategy | Signal: HOLD | Shares held: 0.0 | Last price: $14.93
2026-10-01 18:46:29,955 | [AES] ACTION: No trade.
2026-10-01 18:46:29,975 | [AFL] trending (ADX 52.4) -> trend-following strategy | Signal: HOLD | Shares held: 0.0 | Last price: $110.93
2026-10-01 18:46:29,975 | [AFL] ACTION: No trade.
2026-10-01 18:46:29,996 | [AIG] choppy/sideways (ADX 10.7) -> mean-reversion strategy | Signal: HOLD | Shares held: 0.0 | Last price: $74.87
2026-10-01 18:46:29,996 | [AIG] ACTION: No trade.
2026-10-01 18:46:30,016 | [AJG] trending (ADX 29.6) -> trend-following strategy | Signal: HOLD | Shares held: 0.0 | Last price: $231.78
2026-10-01 18:46:30,016 | [AJG] ACTION: No trade.
2026-10-01 18:46:30,036 | [AKAM] choppy/sideways (ADX 20.7) -> mean-reversion strategy | Signal: HOLD | Shares held: 0.0 | Last price: $106.05
2026-10-01 18:46:30,036 | [AKAM] ACTION: No trade.
2026-10-01 18:46:30,056 | [ALB] choppy/sideways (ADX 24.8) -> mean-reversion strategy | Signal: HOLD | Shares held: 0.0 | Last price: $105.35
2026-10-01 18:46:30,056 | [ALB] ACTION: No trade.
2026-10-01 18:46:30,076 | [ALGN] choppy/sideways (ADX 19.1) -> mean-reversion strategy | Signal: HOLD | Shares held: 0.0 | Last price: $145.26
2026-10-01 18:46:30,076 | [ALGN] ACTION: No trade.
2026-10-01 18:46:30,097 | [ALL] choppy/sideways (ADX 11.7) -> mean-reversion strategy | Signal: HOLD | Shares held: 0.0 | Last price: $224.00
2026-10-01 18:46:30,097 | [ALL] ACTION: No trade.
2026-10-01 18:46:30,118 | [ALLE] trending (ADX 28.6) -> trend-following strategy | Signal: HOLD | Shares held: 0.0 | Last price: $153.57
2026-10-01 18:46:30,118 | [ALLE] ACTION: No trade.
2026-10-01 18:46:30,139 | [AMAT] trending (ADX 28.4) -> trend-following strategy | Signal: HOLD | Shares held: 0.0 | Last price: $530.13
2026-10-01 18:46:30,139 | [AMAT] ACTION: No trade.
2026-10-01 18:46:30,159 | [AMCR] choppy/sideways (ADX 22.0) -> mean-reversion strategy | Signal: HOLD | Shares held: 0.0 | Last price: $42.03
2026-10-01 18:46:30,160 | [AMCR] ACTION: No trade.
2026-10-01 18:46:30,179 | [AMD] choppy/sideways (ADX 15.3) -> mean-reversion strategy | Signal: HOLD | Shares held: 0.0 | Last price: $617.11
2026-10-01 18:46:30,179 | [AMD] ACTION: No trade.
2026-10-01 18:46:30,199 | [AME] choppy/sideways (ADX 21.8) -> mean-reversion strategy | Signal: HOLD | Shares held: 0.0 | Last price: $249.50
2026-10-01 18:46:30,199 | [AME] ACTION: No trade.
2026-10-01 18:46:30,220 | [AMGN] trending (ADX 46.1) -> trend-following strategy | Signal: HOLD | Shares held: 0.0 | Last price: $411.78
2026-10-01 18:46:30,220 | [AMGN] ACTION: No trade.
2026-10-01 18:46:30,240 | [AMP] choppy/sideways (ADX 19.7) -> mean-reversion strategy | Signal: HOLD | Shares held: 0.0 | Last price: $496.90
2026-10-01 18:46:30,240 | [AMP] ACTION: No trade.
2026-10-01 18:46:30,260 | [AMT] trending (ADX 35.7) -> trend-following strategy | Signal: HOLD | Shares held: 0.0 | Last price: $161.38
2026-10-01 18:46:30,260 | [AMT] ACTION: No trade.
2026-10-01 18:46:30,280 | [AMZN] choppy/sideways (ADX 20.3) -> mean-reversion strategy | Signal: HOLD | Shares held: 0.0 | Last price: $249.34
2026-10-01 18:46:30,280 | [AMZN] ACTION: No trade.
2026-10-01 18:46:30,301 | [ANET] choppy/sideways (ADX 10.5) -> mean-reversion strategy | Signal: HOLD | Shares held: 0.0 | Last price: $205.73
2026-10-01 18:46:30,301 | [ANET] ACTION: No trade.
2026-10-01 18:46:30,321 | [AON] choppy/sideways (ADX 23.2) -> mean-reversion strategy | Signal: HOLD | Shares held: 0.0 | Last price: $275.62
2026-10-01 18:46:30,321 | [AON] ACTION: No trade.
2026-10-01 18:46:30,341 | [AOS] trending (ADX 32.7) -> trend-following strategy | Signal: HOLD | Shares held: 0.0 | Last price: $56.59
2026-10-01 18:46:30,341 | [AOS] ACTION: No trade.
2026-10-01 18:46:30,361 | [APA] choppy/sideways (ADX 21.1) -> mean-reversion strategy | Signal: HOLD | Shares held: 0.0 | Last price: $43.22
2026-10-01 18:46:30,361 | [APA] ACTION: No trade.
2026-10-01 18:46:30,381 | [APD] trending (ADX 34.0) -> trend-following strategy | Signal: HOLD | Shares held: 0.0 | Last price: $272.12
2026-10-01 18:46:30,381 | [APD] ACTION: No trade.
2026-10-01 18:46:30,402 | [APH] trending (ADX 41.1) -> trend-following strategy | Signal: HOLD | Shares held: 0.0 | Last price: $86.57
2026-10-01 18:46:30,402 | [APH] ACTION: No trade.
2026-10-01 18:46:30,422 | [APO] choppy/sideways (ADX 16.5) -> mean-reversion strategy | Signal: HOLD | Shares held: 0.0 | Last price: $114.51
2026-10-01 18:46:30,422 | [APO] ACTION: No trade.
2026-10-01 18:46:30,442 | [APP] trending (ADX 55.6) -> trend-following strategy | Signal: HOLD | Shares held: 0.0 | Last price: $282.44
2026-10-01 18:46:30,442 | [APP] ACTION: No trade.
2026-10-01 18:46:30,462 | [APTV] trending (ADX 30.4) -> trend-following strategy | Signal: HOLD | Shares held: 0.0 | Last price: $44.17
2026-10-01 18:46:30,462 | [APTV] ACTION: No trade.
2026-10-01 18:46:30,482 | [ARE] trending (ADX 39.7) -> trend-following strategy | Signal: HOLD | Shares held: 0.0 | Last price: $46.48
2026-10-01 18:46:30,482 | [ARE] ACTION: No trade.
2026-10-01 18:46:30,502 | [ARES] choppy/sideways (ADX 20.3) -> mean-reversion strategy | Signal: HOLD | Shares held: 0.0 | Last price: $117.04
2026-10-01 18:46:30,502 | [ARES] ACTION: No trade.
2026-10-01 18:46:30,522 | [ATO] choppy/sideways (ADX 15.8) -> mean-reversion strategy | Signal: HOLD | Shares held: 0.0 | Last price: $156.22
2026-10-01 18:46:30,522 | [ATO] ACTION: No trade.
2026-10-01 18:46:30,543 | [AVGO] choppy/sideways (ADX 21.4) -> mean-reversion strategy | Signal: HOLD | Shares held: 0.0 | Last price: $347.76
2026-10-01 18:46:30,543 | [AVGO] ACTION: No trade.
2026-10-01 18:46:30,563 | [AVY] choppy/sideways (ADX 22.3) -> mean-reversion strategy | Signal: HOLD | Shares held: 0.0 | Last price: $172.04
2026-10-01 18:46:30,563 | [AVY] ACTION: No trade.
2026-10-01 18:46:30,584 | [AWK] choppy/sideways (ADX 23.3) -> mean-reversion strategy | Signal: HOLD | Shares held: 0.0 | Last price: $127.91
2026-10-01 18:46:30,584 | [AWK] ACTION: No trade.
2026-10-01 18:46:30,604 | [AXON] choppy/sideways (ADX 20.6) -> mean-reversion strategy | Signal: HOLD | Shares held: 0.0 | Last price: $419.61
2026-10-01 18:46:30,604 | [AXON] ACTION: No trade.
2026-10-01 18:46:30,625 | [AXP] trending (ADX 35.7) -> trend-following strategy | Signal: HOLD | Shares held: 0.0 | Last price: $300.18
2026-10-01 18:46:30,625 | [AXP] ACTION: No trade.
2026-10-01 18:46:30,645 | [AZO] trending (ADX 25.5) -> trend-following strategy | Signal: HOLD | Shares held: 0.0 | Last price: $2783.97
2026-10-01 18:46:30,646 | [AZO] ACTION: No trade.
2026-10-01 18:46:30,666 | [BA] choppy/sideways (ADX 16.6) -> mean-reversion strategy | Signal: HOLD | Shares held: 0.0 | Last price: $187.92
2026-10-01 18:46:30,666 | [BA] ACTION: No trade.
2026-10-01 18:46:30,686 | [BAC] trending (ADX 38.4) -> trend-following strategy | Signal: HOLD | Shares held: 0.0 | Last price: $53.58
2026-10-01 18:46:30,686 | [BAC] ACTION: No trade.
2026-10-01 18:46:30,706 | [BALL] choppy/sideways (ADX 17.3) -> mean-reversion strategy | Signal: HOLD | Shares held: 0.0 | Last price: $56.43
2026-10-01 18:46:30,706 | [BALL] ACTION: No trade.
2026-10-01 18:46:30,727 | [BAX] choppy/sideways (ADX 23.3) -> mean-reversion strategy | Signal: HOLD | Shares held: 0.0 | Last price: $23.54
2026-10-01 18:46:30,727 | [BAX] ACTION: No trade.
2026-10-01 18:46:30,748 | [BBY] choppy/sideways (ADX 20.5) -> mean-reversion strategy | Signal: HOLD | Shares held: 0.0 | Last price: $88.30
2026-10-01 18:46:30,748 | [BBY] ACTION: No trade.
2026-10-01 18:46:30,769 | [BDX] trending (ADX 30.5) -> trend-following strategy | Signal: HOLD | Shares held: 0.0 | Last price: $178.32
2026-10-01 18:46:30,769 | [BDX] ACTION: No trade.
2026-10-01 18:46:30,789 | [BE] choppy/sideways (ADX 10.2) -> mean-reversion strategy | Signal: HOLD | Shares held: 0.0 | Last price: $275.16
2026-10-01 18:46:30,789 | [BE] ACTION: No trade.
2026-10-01 18:46:30,810 | [BEN] trending (ADX 27.2) -> trend-following strategy | Signal: HOLD | Shares held: 0.0 | Last price: $32.35
2026-10-01 18:46:30,810 | [BEN] ACTION: No trade.
2026-10-01 18:46:30,831 | [BG] trending (ADX 33.1) -> trend-following strategy | Signal: HOLD | Shares held: 0.0 | Last price: $106.35
2026-10-01 18:46:30,831 | [BG] ACTION: No trade.
2026-10-01 18:46:30,851 | [BIIB] choppy/sideways (ADX 20.5) -> mean-reversion strategy | Signal: HOLD | Shares held: 0.0 | Last price: $225.69
2026-10-01 18:46:30,851 | [BIIB] ACTION: No trade.
2026-10-01 18:46:30,871 | [BKNG] choppy/sideways (ADX 13.3) -> mean-reversion strategy | Signal: HOLD | Shares held: 0.0 | Last price: $161.10
2026-10-01 18:46:30,872 | [BKNG] ACTION: No trade.
2026-10-01 18:46:30,892 | [BKR] choppy/sideways (ADX 24.5) -> mean-reversion strategy | Signal: HOLD | Shares held: 0.0 | Last price: $55.74
2026-10-01 18:46:30,892 | [BKR] ACTION: No trade.
2026-10-01 18:46:30,912 | [BLK] choppy/sideways (ADX 17.9) -> mean-reversion strategy | Signal: HOLD | Shares held: 0.0 | Last price: $1064.48
2026-10-01 18:46:30,912 | [BLK] ACTION: No trade.
2026-10-01 18:46:30,933 | [BMY] trending (ADX 37.8) -> trend-following strategy | Signal: HOLD | Shares held: 0.0 | Last price: $61.62
2026-10-01 18:46:30,933 | [BMY] ACTION: No trade.
2026-10-01 18:46:30,953 | [BNY] trending (ADX 39.6) -> trend-following strategy | Signal: HOLD | Shares held: 0.0 | Last price: $143.12
2026-10-01 18:46:30,953 | [BNY] ACTION: No trade.
2026-10-01 18:46:30,974 | [BR] choppy/sideways (ADX 16.4) -> mean-reversion strategy | Signal: HOLD | Shares held: 0.0 | Last price: $162.19
2026-10-01 18:46:30,974 | [BR] ACTION: No trade.
2026-10-01 18:46:30,994 | [BRK.B] choppy/sideways (ADX 20.2) -> mean-reversion strategy | Signal: HOLD | Shares held: 0.0 | Last price: $498.80
2026-10-01 18:46:30,994 | [BRK.B] ACTION: No trade.
2026-10-01 18:46:31,013 | [BRO] trending (ADX 32.4) -> trend-following strategy | Signal: HOLD | Shares held: 0.0 | Last price: $61.85
2026-10-01 18:46:31,013 | [BRO] ACTION: No trade.
2026-10-01 18:46:31,033 | [BSX] trending (ADX 28.4) -> trend-following strategy | Signal: HOLD | Shares held: 0.0 | Last price: $43.17
2026-10-01 18:46:31,033 | [BSX] ACTION: No trade.
2026-10-01 18:46:31,054 | [BX] choppy/sideways (ADX 22.0) -> mean-reversion strategy | Signal: HOLD | Shares held: 0.0 | Last price: $112.35
2026-10-01 18:46:31,054 | [BX] ACTION: No trade.
2026-10-01 18:46:31,074 | [C] trending (ADX 36.5) -> trend-following strategy | Signal: HOLD | Shares held: 0.0 | Last price: $126.62
2026-10-01 18:46:31,074 | [C] ACTION: No trade.
2026-10-01 18:46:31,094 | [CAH] trending (ADX 37.5) -> trend-following strategy | Signal: HOLD | Shares held: 0.0 | Last price: $228.49
2026-10-01 18:46:31,094 | [CAH] ACTION: No trade.
2026-10-01 18:46:31,114 | [CARR] choppy/sideways (ADX 21.9) -> mean-reversion strategy | Signal: HOLD | Shares held: 0.0 | Last price: $55.08
2026-10-01 18:46:31,114 | [CARR] ACTION: No trade.
2026-10-01 18:46:31,134 | [CASY] choppy/sideways (ADX 14.8) -> mean-reversion strategy | Signal: HOLD | Shares held: 0.0 | Last price: $616.00
2026-10-01 18:46:31,134 | [CASY] ACTION: No trade.
2026-10-01 18:46:31,154 | [CAT] choppy/sideways (ADX 19.1) -> mean-reversion strategy | Signal: HOLD | Shares held: 0.0 | Last price: $823.59
2026-10-01 18:46:31,155 | [CAT] ACTION: No trade.
2026-10-01 18:46:31,174 | [CB] choppy/sideways (ADX 18.0) -> mean-reversion strategy | Signal: HOLD | Shares held: 0.0 | Last price: $330.73
2026-10-01 18:46:31,175 | [CB] ACTION: No trade.
2026-10-01 18:46:31,194 | [CBOE] choppy/sideways (ADX 17.2) -> mean-reversion strategy | Signal: HOLD | Shares held: 0.0 | Last price: $278.23
2026-10-01 18:46:31,195 | [CBOE] ACTION: No trade.
2026-10-01 18:46:31,215 | [CBRE] trending (ADX 32.3) -> trend-following strategy | Signal: HOLD | Shares held: 0.0 | Last price: $130.68
2026-10-01 18:46:31,215 | [CBRE] ACTION: No trade.
2026-10-01 18:46:31,237 | [CCI] choppy/sideways (ADX 12.6) -> mean-reversion strategy | Signal: HOLD | Shares held: 0.0 | Last price: $66.46
2026-10-01 18:46:31,237 | [CCI] ACTION: No trade.
2026-10-01 18:46:31,257 | [CCL] choppy/sideways (ADX 22.4) -> mean-reversion strategy | Signal: HOLD | Shares held: 0.0 | Last price: $25.05
2026-10-01 18:46:31,257 | [CCL] ACTION: No trade.
2026-10-01 18:46:31,277 | [CDNS] trending (ADX 30.3) -> trend-following strategy | Signal: HOLD | Shares held: 0.0 | Last price: $349.33
2026-10-01 18:46:31,277 | [CDNS] ACTION: No trade.
2026-10-01 18:46:31,297 | [CDW] trending (ADX 37.1) -> trend-following strategy | Signal: HOLD | Shares held: 0.0 | Last price: $137.18
2026-10-01 18:46:31,297 | [CDW] ACTION: No trade.
2026-10-01 18:46:31,318 | [CEG] trending (ADX 27.2) -> trend-following strategy | Signal: HOLD | Shares held: 0.0 | Last price: $257.58
2026-10-01 18:46:31,318 | [CEG] ACTION: No trade.
2026-10-01 18:46:31,338 | [CF] choppy/sideways (ADX 22.9) -> mean-reversion strategy | Signal: HOLD | Shares held: 0.0 | Last price: $114.18
2026-10-01 18:46:31,338 | [CF] ACTION: No trade.
2026-10-01 18:46:31,358 | [CFG] choppy/sideways (ADX 20.4) -> mean-reversion strategy | Signal: HOLD | Shares held: 0.0 | Last price: $63.12
2026-10-01 18:46:31,359 | [CFG] ACTION: No trade.
2026-10-01 18:46:31,379 | [CHD] choppy/sideways (ADX 14.1) -> mean-reversion strategy | Signal: HOLD | Shares held: 0.0 | Last price: $94.15
2026-10-01 18:46:31,379 | [CHD] ACTION: No trade.
2026-10-01 18:46:31,400 | [CHRW] trending (ADX 33.4) -> trend-following strategy | Signal: HOLD | Shares held: 0.0 | Last price: $152.09
2026-10-01 18:46:31,400 | [CHRW] ACTION: No trade.
2026-10-01 18:46:31,421 | [CHTR] choppy/sideways (ADX 22.5) -> mean-reversion strategy | Signal: HOLD | Shares held: 0.0 | Last price: $111.67
2026-10-01 18:46:31,421 | [CHTR] ACTION: No trade.
2026-10-01 18:46:31,441 | [CI] choppy/sideways (ADX 22.0) -> mean-reversion strategy | Signal: HOLD | Shares held: 0.0 | Last price: $267.59
2026-10-01 18:46:31,441 | [CI] ACTION: No trade.
2026-10-01 18:46:31,462 | [CIEN] trending (ADX 60.8) -> trend-following strategy | Signal: HOLD | Shares held: 0.0 | Last price: $375.24
2026-10-01 18:46:31,462 | [CIEN] ACTION: No trade.
2026-10-01 18:46:31,482 | [CINF] choppy/sideways (ADX 24.0) -> mean-reversion strategy | Signal: HOLD | Shares held: 0.0 | Last price: $161.32
2026-10-01 18:46:31,482 | [CINF] ACTION: No trade.
2026-10-01 18:46:31,502 | [CL] trending (ADX 29.2) -> trend-following strategy | Signal: HOLD | Shares held: 0.0 | Last price: $84.86
2026-10-01 18:46:31,502 | [CL] ACTION: No trade.
2026-10-01 18:46:31,522 | [CLX] choppy/sideways (ADX 17.7) -> mean-reversion strategy | Signal: HOLD | Shares held: 0.0 | Last price: $80.22
2026-10-01 18:46:31,522 | [CLX] ACTION: No trade.
2026-10-01 18:46:31,542 | [CMCSA] choppy/sideways (ADX 19.9) -> mean-reversion strategy | Signal: HOLD | Shares held: 0.0 | Last price: $21.73
2026-10-01 18:46:31,542 | [CMCSA] ACTION: No trade.
2026-10-01 18:46:31,562 | [CME] choppy/sideways (ADX 24.2) -> mean-reversion strategy | Signal: HOLD | Shares held: 0.0 | Last price: $264.98
2026-10-01 18:46:31,562 | [CME] ACTION: No trade.
2026-10-01 18:46:31,582 | [CMG] choppy/sideways (ADX 12.9) -> mean-reversion strategy | Signal: HOLD | Shares held: 0.0 | Last price: $32.19
2026-10-01 18:46:31,582 | [CMG] ACTION: No trade.
2026-10-01 18:46:31,602 | [CMI] trending (ADX 28.8) -> trend-following strategy | Signal: HOLD | Shares held: 0.0 | Last price: $514.69
2026-10-01 18:46:31,602 | [CMI] ACTION: No trade.
2026-10-01 18:46:31,622 | [CMS] choppy/sideways (ADX 19.4) -> mean-reversion strategy | Signal: HOLD | Shares held: 0.0 | Last price: $63.56
2026-10-01 18:46:31,622 | [CMS] ACTION: No trade.
2026-10-01 18:46:31,642 | [CNC] choppy/sideways (ADX 12.9) -> mean-reversion strategy | Signal: HOLD | Shares held: 0.0 | Last price: $61.20
2026-10-01 18:46:31,642 | [CNC] ACTION: No trade.
2026-10-01 18:46:31,662 | [CNP] choppy/sideways (ADX 20.4) -> mean-reversion strategy | Signal: HOLD | Shares held: 0.0 | Last price: $37.01
2026-10-01 18:46:31,663 | [CNP] ACTION: No trade.
2026-10-01 18:46:31,682 | [COF] choppy/sideways (ADX 23.8) -> mean-reversion strategy | Signal: HOLD | Shares held: 0.0 | Last price: $193.13
2026-10-01 18:46:31,683 | [COF] ACTION: No trade.
2026-10-01 18:46:31,703 | [COHR] trending (ADX 52.5) -> trend-following strategy | Signal: HOLD | Shares held: 0.0 | Last price: $317.23
2026-10-01 18:46:31,703 | [COHR] ACTION: No trade.
2026-10-01 18:46:31,723 | [COIN] trending (ADX 28.6) -> trend-following strategy | Signal: HOLD | Shares held: 0.0 | Last price: $189.91
2026-10-01 18:46:31,723 | [COIN] ACTION: No trade.
2026-10-01 18:46:31,743 | [COO] choppy/sideways (ADX 20.7) -> mean-reversion strategy | Signal: HOLD | Shares held: 0.0 | Last price: $57.41
2026-10-01 18:46:31,743 | [COO] ACTION: No trade.
2026-10-01 18:46:31,763 | [COP] choppy/sideways (ADX 13.5) -> mean-reversion strategy | Signal: HOLD | Shares held: 0.0 | Last price: $127.05
2026-10-01 18:46:31,763 | [COP] ACTION: No trade.
2026-10-01 18:46:31,783 | [COR] trending (ADX 41.6) -> trend-following strategy | Signal: HOLD | Shares held: 0.0 | Last price: $309.28
2026-10-01 18:46:31,783 | [COR] ACTION: No trade.
2026-10-01 18:46:31,803 | [COST] choppy/sideways (ADX 14.8) -> mean-reversion strategy | Signal: HOLD | Shares held: 0.0 | Last price: $916.30
2026-10-01 18:46:31,803 | [COST] ACTION: No trade.
2026-10-01 18:46:31,823 | [CPAY] choppy/sideways (ADX 23.9) -> mean-reversion strategy | Signal: HOLD | Shares held: 0.0 | Last price: $389.27
2026-10-01 18:46:31,823 | [CPAY] ACTION: No trade.
2026-10-01 18:46:31,844 | [CPRT] choppy/sideways (ADX 18.2) -> mean-reversion strategy | Signal: HOLD | Shares held: 0.0 | Last price: $27.27
2026-10-01 18:46:31,844 | [CPRT] ACTION: No trade.
2026-10-01 18:46:31,864 | [CPT] trending (ADX 31.9) -> trend-following strategy | Signal: HOLD | Shares held: 0.0 | Last price: $96.05
2026-10-01 18:46:31,865 | [CPT] ACTION: No trade.
2026-10-01 18:46:31,885 | [CRH] trending (ADX 30.7) -> trend-following strategy | Signal: HOLD | Shares held: 0.0 | Last price: $81.72
2026-10-01 18:46:31,885 | [CRH] ACTION: No trade.
2026-10-01 18:46:31,906 | [CRL] trending (ADX 42.0) -> trend-following strategy | Signal: HOLD | Shares held: 0.0 | Last price: $287.81
2026-10-01 18:46:31,906 | [CRL] ACTION: No trade.
2026-10-01 18:46:31,928 | [CRM] trending (ADX 25.7) -> trend-following strategy | Signal: HOLD | Shares held: 0.0 | Last price: $235.68
2026-10-01 18:46:31,928 | [CRM] ACTION: No trade.
2026-10-01 18:46:31,948 | [CRWD] choppy/sideways (ADX 16.8) -> mean-reversion strategy | Signal: HOLD | Shares held: 0.0 | Last price: $266.32
2026-10-01 18:46:31,949 | [CRWD] ACTION: No trade.
2026-10-01 18:46:31,969 | [CSCO] choppy/sideways (ADX 13.9) -> mean-reversion strategy | Signal: HOLD | Shares held: 0.0 | Last price: $108.56
2026-10-01 18:46:31,969 | [CSCO] ACTION: No trade.
2026-10-01 18:46:31,990 | [CSGP] choppy/sideways (ADX 20.5) -> mean-reversion strategy | Signal: HOLD | Shares held: 0.0 | Last price: $27.70
2026-10-01 18:46:31,990 | [CSGP] ACTION: No trade.
2026-10-01 18:46:32,010 | [CSX] trending (ADX 46.6) -> trend-following strategy | Signal: HOLD | Shares held: 0.0 | Last price: $46.20
2026-10-01 18:46:32,011 | [CSX] ACTION: No trade.
2026-10-01 18:46:32,031 | [CTAS] choppy/sideways (ADX 18.7) -> mean-reversion strategy | Signal: HOLD | Shares held: 0.0 | Last price: $195.29
2026-10-01 18:46:32,031 | [CTAS] ACTION: No trade.
2026-10-01 18:46:32,051 | [CTSH] trending (ADX 33.5) -> trend-following strategy | Signal: HOLD | Shares held: 0.0 | Last price: $61.84
2026-10-01 18:46:32,051 | [CTSH] ACTION: No trade.
2026-10-01 18:46:32,071 | [CTVA] trending (ADX 81.2) -> trend-following strategy | Signal: HOLD | Shares held: 0.0 | Last price: $12.19
2026-10-01 18:46:32,071 | [CTVA] ACTION: No trade.
2026-10-01 18:46:32,091 | [CVNA] trending (ADX 25.7) -> trend-following strategy | Signal: HOLD | Shares held: 0.0 | Last price: $63.09
2026-10-01 18:46:32,091 | [CVNA] ACTION: No trade.
2026-10-01 18:46:32,111 | [CVS] choppy/sideways (ADX 18.1) -> mean-reversion strategy | Signal: HOLD | Shares held: 0.0 | Last price: $85.16
2026-10-01 18:46:32,111 | [CVS] ACTION: No trade.
2026-10-01 18:46:32,131 | [CVX] choppy/sideways (ADX 10.6) -> mean-reversion strategy | Signal: HOLD | Shares held: 0.0 | Last price: $207.03
2026-10-01 18:46:32,131 | [CVX] ACTION: No trade.
2026-10-01 18:46:32,151 | [D] choppy/sideways (ADX 18.9) -> mean-reversion strategy | Signal: HOLD | Shares held: 0.0 | Last price: $60.78
2026-10-01 18:46:32,152 | [D] ACTION: No trade.
2026-10-01 18:46:32,171 | [DAL] choppy/sideways (ADX 13.5) -> mean-reversion strategy | Signal: HOLD | Shares held: 0.0 | Last price: $83.57
2026-10-01 18:46:32,172 | [DAL] ACTION: No trade.
2026-10-01 18:46:32,191 | [DASH] choppy/sideways (ADX 14.4) -> mean-reversion strategy | Signal: HOLD | Shares held: 0.0 | Last price: $182.09
2026-10-01 18:46:32,192 | [DASH] ACTION: No trade.
2026-10-01 18:46:32,248 | [DD] choppy/sideways (ADX 19.7) -> mean-reversion strategy | Signal: HOLD | Shares held: 0.0 | Last price: $129.46
2026-10-01 18:46:32,248 | [DD] ACTION: No trade.
2026-10-01 18:46:32,267 | [DDOG] choppy/sideways (ADX 17.9) -> mean-reversion strategy | Signal: HOLD | Shares held: 0.0 | Last price: $275.85
2026-10-01 18:46:32,268 | [DDOG] ACTION: No trade.
2026-10-01 18:46:32,287 | [DE] trending (ADX 35.3) -> trend-following strategy | Signal: HOLD | Shares held: 0.0 | Last price: $662.66
2026-10-01 18:46:32,287 | [DE] ACTION: No trade.
2026-10-01 18:46:32,307 | [DECK] trending (ADX 30.7) -> trend-following strategy | Signal: HOLD | Shares held: 0.0 | Last price: $79.63
2026-10-01 18:46:32,307 | [DECK] ACTION: No trade.
2026-10-01 18:46:32,327 | [DELL] choppy/sideways (ADX 18.2) -> mean-reversion strategy | Signal: HOLD | Shares held: 0.0 | Last price: $541.04
2026-10-01 18:46:32,327 | [DELL] ACTION: No trade.
2026-10-01 18:46:32,347 | [DG] choppy/sideways (ADX 16.3) -> mean-reversion strategy | Signal: HOLD | Shares held: 0.0 | Last price: $119.32
2026-10-01 18:46:32,348 | [DG] ACTION: No trade.
2026-10-01 18:46:32,367 | [DGX] trending (ADX 35.4) -> trend-following strategy | Signal: HOLD | Shares held: 0.0 | Last price: $231.35
2026-10-01 18:46:32,367 | [DGX] ACTION: No trade.
2026-10-01 18:46:32,387 | [DHI] trending (ADX 29.5) -> trend-following strategy | Signal: HOLD | Shares held: 0.0 | Last price: $136.80
2026-10-01 18:46:32,387 | [DHI] ACTION: No trade.
2026-10-01 18:46:32,407 | [DHR] trending (ADX 63.5) -> trend-following strategy | Signal: HOLD | Shares held: 0.0 | Last price: $213.55
2026-10-01 18:46:32,408 | [DHR] ACTION: No trade.
2026-10-01 18:46:32,427 | [DIS] trending (ADX 60.9) -> trend-following strategy | Signal: HOLD | Shares held: 0.0 | Last price: $101.58
2026-10-01 18:46:32,427 | [DIS] ACTION: No trade.
2026-10-01 18:46:32,447 | [DLR] choppy/sideways (ADX 24.1) -> mean-reversion strategy | Signal: HOLD | Shares held: 0.0 | Last price: $175.97
2026-10-01 18:46:32,447 | [DLR] ACTION: No trade.
2026-10-01 18:46:32,467 | [DLTR] trending (ADX 33.0) -> trend-following strategy | Signal: HOLD | Shares held: 0.0 | Last price: $115.15
2026-10-01 18:46:32,467 | [DLTR] ACTION: No trade.
2026-10-01 18:46:32,488 | [DOC] trending (ADX 42.0) -> trend-following strategy | Signal: HOLD | Shares held: 0.0 | Last price: $19.48
2026-10-01 18:46:32,488 | [DOC] ACTION: No trade.
2026-10-01 18:46:32,508 | [DOV] choppy/sideways (ADX 22.7) -> mean-reversion strategy | Signal: HOLD | Shares held: 0.0 | Last price: $188.48
2026-10-01 18:46:32,508 | [DOV] ACTION: No trade.
2026-10-01 18:46:32,527 | [DOW] choppy/sideways (ADX 20.3) -> mean-reversion strategy | Signal: HOLD | Shares held: 0.0 | Last price: $27.39
2026-10-01 18:46:32,528 | [DOW] ACTION: No trade.
2026-10-01 18:46:32,548 | [DPZ] choppy/sideways (ADX 15.0) -> mean-reversion strategy | Signal: HOLD | Shares held: 0.0 | Last price: $296.99
2026-10-01 18:46:32,548 | [DPZ] ACTION: No trade.
2026-10-01 18:46:32,568 | [DRI] choppy/sideways (ADX 21.3) -> mean-reversion strategy | Signal: HOLD | Shares held: 0.0 | Last price: $195.92
2026-10-01 18:46:32,568 | [DRI] ACTION: No trade.
2026-10-01 18:46:32,588 | [DTE] choppy/sideways (ADX 18.5) -> mean-reversion strategy | Signal: HOLD | Shares held: 0.0 | Last price: $123.21
2026-10-01 18:46:32,588 | [DTE] ACTION: No trade.
2026-10-01 18:46:32,608 | [DUK] choppy/sideways (ADX 13.5) -> mean-reversion strategy | Signal: HOLD | Shares held: 0.0 | Last price: $113.77
2026-10-01 18:46:32,608 | [DUK] ACTION: No trade.
2026-10-01 18:46:32,628 | [DVA] choppy/sideways (ADX 20.2) -> mean-reversion strategy | Signal: HOLD | Shares held: 0.0 | Last price: $177.76
2026-10-01 18:46:32,628 | [DVA] ACTION: No trade.
2026-10-01 18:46:32,649 | [DVN] choppy/sideways (ADX 17.2) -> mean-reversion strategy | Signal: HOLD | Shares held: 0.0 | Last price: $46.98
2026-10-01 18:46:32,649 | [DVN] ACTION: No trade.
2026-10-01 18:46:32,671 | [DXCM] choppy/sideways (ADX 9.7) -> mean-reversion strategy | Signal: HOLD | Shares held: 0.0 | Last price: $86.39
2026-10-01 18:46:32,671 | [DXCM] ACTION: No trade.
2026-10-01 18:46:32,692 | [EBAY] choppy/sideways (ADX 21.6) -> mean-reversion strategy | Signal: HOLD | Shares held: 0.0 | Last price: $105.86
2026-10-01 18:46:32,692 | [EBAY] ACTION: No trade.
2026-10-01 18:46:32,713 | [ECHO] choppy/sideways (ADX 12.5) -> mean-reversion strategy | Signal: HOLD | Shares held: 0.0 | Last price: $88.61
2026-10-01 18:46:32,713 | [ECHO] ACTION: No trade.
2026-10-01 18:46:32,734 | [ECL] trending (ADX 32.1) -> trend-following strategy | Signal: HOLD | Shares held: 0.0 | Last price: $270.87
2026-10-01 18:46:32,734 | [ECL] ACTION: No trade.
2026-10-01 18:46:32,755 | [ED] choppy/sideways (ADX 12.0) -> mean-reversion strategy | Signal: HOLD | Shares held: 0.0 | Last price: $103.56
2026-10-01 18:46:32,755 | [ED] ACTION: No trade.
2026-10-01 18:46:32,776 | [EFX] trending (ADX 30.4) -> trend-following strategy | Signal: HOLD | Shares held: 0.0 | Last price: $141.19
2026-10-01 18:46:32,776 | [EFX] ACTION: No trade.
2026-10-01 18:46:32,797 | [EG] choppy/sideways (ADX 15.3) -> mean-reversion strategy | Signal: HOLD | Shares held: 0.0 | Last price: $368.18
2026-10-01 18:46:32,797 | [EG] ACTION: No trade.
2026-10-01 18:46:32,818 | [EIX] choppy/sideways (ADX 19.1) -> mean-reversion strategy | Signal: HOLD | Shares held: 0.0 | Last price: $53.89
2026-10-01 18:46:32,818 | [EIX] ACTION: No trade.
2026-10-01 18:46:32,839 | [EL] trending (ADX 42.1) -> trend-following strategy | Signal: HOLD | Shares held: 0.0 | Last price: $89.97
2026-10-01 18:46:32,839 | [EL] ACTION: No trade.
2026-10-01 18:46:32,860 | [ELV] trending (ADX 39.0) -> trend-following strategy | Signal: HOLD | Shares held: 0.0 | Last price: $381.71
2026-10-01 18:46:32,860 | [ELV] ACTION: No trade.
2026-10-01 18:46:32,880 | [EME] choppy/sideways (ADX 11.7) -> mean-reversion strategy | Signal: HOLD | Shares held: 0.0 | Last price: $764.22
2026-10-01 18:46:32,881 | [EME] ACTION: No trade.
2026-10-01 18:46:32,901 | [EMR] choppy/sideways (ADX 16.2) -> mean-reversion strategy | Signal: HOLD | Shares held: 0.0 | Last price: $158.23
2026-10-01 18:46:32,901 | [EMR] ACTION: No trade.
2026-10-01 18:46:32,921 | [EOG] trending (ADX 27.0) -> trend-following strategy | Signal: HOLD | Shares held: 0.0 | Last price: $141.90
2026-10-01 18:46:32,921 | [EOG] ACTION: No trade.
2026-10-01 18:46:32,941 | [EQIX] choppy/sideways (ADX 19.0) -> mean-reversion strategy | Signal: HOLD | Shares held: 0.0 | Last price: $1012.84
2026-10-01 18:46:32,941 | [EQIX] ACTION: No trade.
2026-10-01 18:46:32,961 | [EQT] choppy/sideways (ADX 21.8) -> mean-reversion strategy | Signal: HOLD | Shares held: 0.0 | Last price: $49.83
2026-10-01 18:46:32,962 | [EQT] ACTION: No trade.
2026-10-01 18:46:32,982 | [ES] choppy/sideways (ADX 19.7) -> mean-reversion strategy | Signal: HOLD | Shares held: 0.0 | Last price: $64.18
2026-10-01 18:46:32,982 | [ES] ACTION: No trade.
2026-10-01 18:46:33,002 | [ESS] choppy/sideways (ADX 19.8) -> mean-reversion strategy | Signal: HOLD | Shares held: 0.0 | Last price: $268.18
2026-10-01 18:46:33,002 | [ESS] ACTION: No trade.
2026-10-01 18:46:33,023 | [ETN] choppy/sideways (ADX 23.4) -> mean-reversion strategy | Signal: HOLD | Shares held: 0.0 | Last price: $438.36
2026-10-01 18:46:33,023 | [ETN] ACTION: No trade.
2026-10-01 18:46:33,043 | [ETR] choppy/sideways (ADX 19.9) -> mean-reversion strategy | Signal: HOLD | Shares held: 0.0 | Last price: $100.23
2026-10-01 18:46:33,043 | [ETR] ACTION: No trade.
2026-10-01 18:46:33,064 | [EVRG] choppy/sideways (ADX 16.0) -> mean-reversion strategy | Signal: HOLD | Shares held: 0.0 | Last price: $78.67
2026-10-01 18:46:33,064 | [EVRG] ACTION: No trade.
2026-10-01 18:46:33,084 | [EW] trending (ADX 41.1) -> trend-following strategy | Signal: HOLD | Shares held: 0.0 | Last price: $84.88
2026-10-01 18:46:33,084 | [EW] ACTION: No trade.
2026-10-01 18:46:33,104 | [EXC] choppy/sideways (ADX 17.6) -> mean-reversion strategy | Signal: HOLD | Shares held: 0.0 | Last price: $40.48
2026-10-01 18:46:33,104 | [EXC] ACTION: No trade.
2026-10-01 18:46:33,124 | [EXE] trending (ADX 26.1) -> trend-following strategy | Signal: HOLD | Shares held: 0.0 | Last price: $85.97
2026-10-01 18:46:33,124 | [EXE] ACTION: No trade.
2026-10-01 18:46:33,144 | [EXPD] choppy/sideways (ADX 13.5) -> mean-reversion strategy | Signal: HOLD | Shares held: 0.0 | Last price: $187.30
2026-10-01 18:46:33,144 | [EXPD] ACTION: No trade.
2026-10-01 18:46:33,165 | [EXPE] choppy/sideways (ADX 19.9) -> mean-reversion strategy | Signal: HOLD | Shares held: 0.0 | Last price: $262.70
2026-10-01 18:46:33,165 | [EXPE] ACTION: No trade.
2026-10-01 18:46:33,186 | [EXR] choppy/sideways (ADX 18.3) -> mean-reversion strategy | Signal: HOLD | Shares held: 0.0 | Last price: $133.36
2026-10-01 18:46:33,186 | [EXR] ACTION: No trade.
2026-10-01 18:46:33,206 | [F] choppy/sideways (ADX 25.0) -> mean-reversion strategy | Signal: HOLD | Shares held: 0.0 | Last price: $12.20
2026-10-01 18:46:33,206 | [F] ACTION: No trade.
2026-10-01 18:46:33,226 | [FANG] choppy/sideways (ADX 20.1) -> mean-reversion strategy | Signal: HOLD | Shares held: 0.0 | Last price: $185.04
2026-10-01 18:46:33,226 | [FANG] ACTION: No trade.
2026-10-01 18:46:33,246 | [FAST] choppy/sideways (ADX 20.7) -> mean-reversion strategy | Signal: HOLD | Shares held: 0.0 | Last price: $49.90
2026-10-01 18:46:33,246 | [FAST] ACTION: No trade.
2026-10-01 18:46:33,266 | [FCX] choppy/sideways (ADX 23.5) -> mean-reversion strategy | Signal: HOLD | Shares held: 0.0 | Last price: $69.10
2026-10-01 18:46:33,266 | [FCX] ACTION: No trade.
2026-10-01 18:46:33,286 | [FDS] trending (ADX 32.7) -> trend-following strategy | Signal: HOLD | Shares held: 0.0 | Last price: $279.32
2026-10-01 18:46:33,286 | [FDS] ACTION: No trade.
2026-10-01 18:46:33,306 | [FDX] choppy/sideways (ADX 22.1) -> mean-reversion strategy | Signal: HOLD | Shares held: 0.0 | Last price: $287.44
2026-10-01 18:46:33,306 | [FDX] ACTION: No trade.
2026-10-01 18:46:33,327 | [FDXF] choppy/sideways (ADX 20.0) -> mean-reversion strategy | Signal: HOLD | Shares held: 0.0 | Last price: $110.66
2026-10-01 18:46:33,327 | [FDXF] ACTION: No trade.
2026-10-01 18:46:33,348 | [FE] choppy/sideways (ADX 15.9) -> mean-reversion strategy | Signal: HOLD | Shares held: 0.0 | Last price: $43.34
2026-10-01 18:46:33,349 | [FE] ACTION: No trade.
2026-10-01 18:46:33,369 | [FERG] choppy/sideways (ADX 24.4) -> mean-reversion strategy | Signal: HOLD | Shares held: 0.0 | Last price: $222.57
2026-10-01 18:46:33,369 | [FERG] ACTION: No trade.
2026-10-01 18:46:33,389 | [FFIV] choppy/sideways (ADX 18.8) -> mean-reversion strategy | Signal: HOLD | Shares held: 0.0 | Last price: $449.04
2026-10-01 18:46:33,389 | [FFIV] ACTION: No trade.
2026-10-01 18:46:33,410 | [FICO] trending (ADX 51.8) -> trend-following strategy | Signal: HOLD | Shares held: 0.0 | Last price: $671.00
2026-10-01 18:46:33,410 | [FICO] ACTION: No trade.
2026-10-01 18:46:33,430 | [FIS] trending (ADX 30.0) -> trend-following strategy | Signal: HOLD | Shares held: 0.0 | Last price: $33.29
2026-10-01 18:46:33,430 | [FIS] ACTION: No trade.
2026-10-01 18:46:33,450 | [FISV] choppy/sideways (ADX 15.3) -> mean-reversion strategy | Signal: HOLD | Shares held: 0.0 | Last price: $45.50
2026-10-01 18:46:33,450 | [FISV] ACTION: No trade.
2026-10-01 18:46:33,470 | [FITB] trending (ADX 30.6) -> trend-following strategy | Signal: HOLD | Shares held: 0.0 | Last price: $50.01
2026-10-01 18:46:33,470 | [FITB] ACTION: No trade.
2026-10-01 18:46:33,490 | [FIX] choppy/sideways (ADX 13.3) -> mean-reversion strategy | Signal: HOLD | Shares held: 0.0 | Last price: $1677.39
2026-10-01 18:46:33,490 | [FIX] ACTION: No trade.
2026-10-01 18:46:33,510 | [FLEX] choppy/sideways (ADX 21.6) -> mean-reversion strategy | Signal: HOLD | Shares held: 0.0 | Last price: $112.82
2026-10-01 18:46:33,510 | [FLEX] ACTION: No trade.
2026-10-01 18:46:33,530 | [FOXA] trending (ADX 48.3) -> trend-following strategy | Signal: HOLD | Shares held: 0.0 | Last price: $60.75
2026-10-01 18:46:33,531 | [FOXA] ACTION: No trade.
2026-10-01 18:46:33,551 | [FRT] choppy/sideways (ADX 21.7) -> mean-reversion strategy | Signal: HOLD | Shares held: 0.0 | Last price: $107.53
2026-10-01 18:46:33,551 | [FRT] ACTION: No trade.
2026-10-01 18:46:33,571 | [FSLR] choppy/sideways (ADX 19.1) -> mean-reversion strategy | Signal: HOLD | Shares held: 0.0 | Last price: $173.81
2026-10-01 18:46:33,571 | [FSLR] ACTION: No trade.
2026-10-01 18:46:33,591 | [FTNT] trending (ADX 35.8) -> trend-following strategy | Signal: HOLD | Shares held: 0.0 | Last price: $177.90
2026-10-01 18:46:33,591 | [FTNT] ACTION: No trade.
2026-10-01 18:46:33,611 | [FTV] choppy/sideways (ADX 22.4) -> mean-reversion strategy | Signal: HOLD | Shares held: 0.0 | Last price: $55.34
2026-10-01 18:46:33,611 | [FTV] ACTION: No trade.
2026-10-01 18:46:33,631 | [GD] choppy/sideways (ADX 20.0) -> mean-reversion strategy | Signal: HOLD | Shares held: 0.0 | Last price: $332.95
2026-10-01 18:46:33,632 | [GD] ACTION: No trade.
2026-10-01 18:46:33,652 | [GDDY] trending (ADX 26.4) -> trend-following strategy | Signal: HOLD | Shares held: 0.0 | Last price: $97.18
2026-10-01 18:46:33,652 | [GDDY] ACTION: No trade.
2026-10-01 18:46:33,672 | [GE] choppy/sideways (ADX 23.8) -> mean-reversion strategy | Signal: HOLD | Shares held: 0.0 | Last price: $312.61
2026-10-01 18:46:33,672 | [GE] ACTION: No trade.
2026-10-01 18:46:33,693 | [GEHC] trending (ADX 42.9) -> trend-following strategy | Signal: HOLD | Shares held: 0.0 | Last price: $64.23
2026-10-01 18:46:33,693 | [GEHC] ACTION: No trade.
2026-10-01 18:46:33,713 | [GEN] choppy/sideways (ADX 19.3) -> mean-reversion strategy | Signal: HOLD | Shares held: 0.0 | Last price: $22.26
2026-10-01 18:46:33,713 | [GEN] ACTION: No trade.
2026-10-01 18:46:33,733 | [GEV] trending (ADX 35.0) -> trend-following strategy | Signal: HOLD | Shares held: 0.0 | Last price: $989.72
2026-10-01 18:46:33,733 | [GEV] ACTION: No trade.
2026-10-01 18:46:33,754 | [GILD] trending (ADX 27.2) -> trend-following strategy | Signal: HOLD | Shares held: 0.0 | Last price: $147.87
2026-10-01 18:46:33,754 | [GILD] ACTION: No trade.
2026-10-01 18:46:33,775 | [GIS] trending (ADX 52.9) -> trend-following strategy | Signal: HOLD | Shares held: 0.0 | Last price: $31.70
2026-10-01 18:46:33,775 | [GIS] ACTION: No trade.
2026-10-01 18:46:33,795 | [GLW] trending (ADX 26.1) -> trend-following strategy | Signal: HOLD | Shares held: 0.0 | Last price: $159.98
2026-10-01 18:46:33,795 | [GLW] ACTION: No trade.
2026-10-01 18:46:33,816 | [GM] trending (ADX 33.5) -> trend-following strategy | Signal: HOLD | Shares held: 0.0 | Last price: $78.46
2026-10-01 18:46:33,816 | [GM] ACTION: No trade.
2026-10-01 18:46:33,837 | [GNRC] choppy/sideways (ADX 16.5) -> mean-reversion strategy | Signal: HOLD | Shares held: 0.0 | Last price: $206.17
2026-10-01 18:46:33,837 | [GNRC] ACTION: No trade.
2026-10-01 18:46:33,858 | [GOOG] trending (ADX 33.0) -> trend-following strategy | Signal: HOLD | Shares held: 0.0 | Last price: $335.53
2026-10-01 18:46:33,858 | [GOOG] ACTION: No trade.
2026-10-01 18:46:33,878 | [GOOGL] trending (ADX 33.1) -> trend-following strategy | Signal: HOLD | Shares held: 0.0 | Last price: $338.57
2026-10-01 18:46:33,878 | [GOOGL] ACTION: No trade.
2026-10-01 18:46:33,899 | [GPC] trending (ADX 32.2) -> trend-following strategy | Signal: HOLD | Shares held: 0.0 | Last price: $125.53
2026-10-01 18:46:33,899 | [GPC] ACTION: No trade.
2026-10-01 18:46:33,920 | [GPN] choppy/sideways (ADX 19.0) -> mean-reversion strategy | Signal: HOLD | Shares held: 0.0 | Last price: $80.44
2026-10-01 18:46:33,920 | [GPN] ACTION: No trade.
2026-10-01 18:46:33,941 | [GRMN] choppy/sideways (ADX 16.2) -> mean-reversion strategy | Signal: HOLD | Shares held: 0.0 | Last price: $286.06
2026-10-01 18:46:33,941 | [GRMN] ACTION: No trade.
2026-10-01 18:46:33,962 | [GS] trending (ADX 32.3) -> trend-following strategy | Signal: HOLD | Shares held: 0.0 | Last price: $892.66
2026-10-01 18:46:33,962 | [GS] ACTION: No trade.
2026-10-01 18:46:33,983 | [GWW] trending (ADX 27.5) -> trend-following strategy | Signal: HOLD | Shares held: 0.0 | Last price: $1272.46
2026-10-01 18:46:33,983 | [GWW] ACTION: No trade.
2026-10-01 18:46:34,004 | [HAL] choppy/sideways (ADX 23.9) -> mean-reversion strategy | Signal: HOLD | Shares held: 0.0 | Last price: $31.82
2026-10-01 18:46:34,004 | [HAL] ACTION: No trade.
2026-10-01 18:46:34,025 | [HAS] trending (ADX 26.3) -> trend-following strategy | Signal: HOLD | Shares held: 0.0 | Last price: $89.42
2026-10-01 18:46:34,025 | [HAS] ACTION: No trade.
2026-10-01 18:46:34,045 | [HBAN] choppy/sideways (ADX 18.5) -> mean-reversion strategy | Signal: HOLD | Shares held: 0.0 | Last price: $15.11
2026-10-01 18:46:34,046 | [HBAN] ACTION: No trade.
2026-10-01 18:46:34,067 | [HCA] choppy/sideways (ADX 19.0) -> mean-reversion strategy | Signal: HOLD | Shares held: 0.0 | Last price: $425.35
2026-10-01 18:46:34,067 | [HCA] ACTION: No trade.
2026-10-01 18:46:34,088 | [HD] choppy/sideways (ADX 21.5) -> mean-reversion strategy | Signal: HOLD | Shares held: 0.0 | Last price: $282.63
2026-10-01 18:46:34,088 | [HD] ACTION: No trade.
2026-10-01 18:46:34,109 | [HIG] trending (ADX 32.2) -> trend-following strategy | Signal: HOLD | Shares held: 0.0 | Last price: $125.15
2026-10-01 18:46:34,110 | [HIG] ACTION: No trade.
2026-10-01 18:46:34,130 | [HII] trending (ADX 41.9) -> trend-following strategy | Signal: HOLD | Shares held: 0.0 | Last price: $272.75
2026-10-01 18:46:34,130 | [HII] ACTION: No trade.
2026-10-01 18:46:34,151 | [HLT] trending (ADX 25.3) -> trend-following strategy | Signal: HOLD | Shares held: 0.0 | Last price: $316.50
2026-10-01 18:46:34,151 | [HLT] ACTION: No trade.
2026-10-01 18:46:34,171 | [HON] choppy/sideways (ADX 21.3) -> mean-reversion strategy | Signal: HOLD | Shares held: 0.0 | Last price: $214.34
2026-10-01 18:46:34,172 | [HON] ACTION: No trade.
2026-10-01 18:46:34,192 | [HONA] choppy/sideways (ADX 15.5) -> mean-reversion strategy | Signal: HOLD | Shares held: 0.0 | Last price: $154.56
2026-10-01 18:46:34,192 | [HONA] ACTION: No trade.
2026-10-01 18:46:34,212 | [HOOD] choppy/sideways (ADX 13.5) -> mean-reversion strategy | Signal: HOLD | Shares held: 0.0 | Last price: $111.66
2026-10-01 18:46:34,212 | [HOOD] ACTION: No trade.
2026-10-01 18:46:34,232 | [HPE] trending (ADX 25.6) -> trend-following strategy | Signal: HOLD | Shares held: 0.0 | Last price: $64.84
2026-10-01 18:46:34,232 | [HPE] ACTION: No trade.
2026-10-01 18:46:34,253 | [HPQ] trending (ADX 35.1) -> trend-following strategy | Signal: HOLD | Shares held: 0.0 | Last price: $32.28
2026-10-01 18:46:34,253 | [HPQ] ACTION: No trade.
2026-10-01 18:46:34,273 | [HST] trending (ADX 25.4) -> trend-following strategy | Signal: HOLD | Shares held: 0.0 | Last price: $22.52
2026-10-01 18:46:34,273 | [HST] ACTION: No trade.
2026-10-01 18:46:34,293 | [HSY] choppy/sideways (ADX 12.9) -> mean-reversion strategy | Signal: HOLD | Shares held: 0.0 | Last price: $159.21
2026-10-01 18:46:34,293 | [HSY] ACTION: No trade.
2026-10-01 18:46:34,313 | [HUBB] trending (ADX 25.4) -> trend-following strategy | Signal: HOLD | Shares held: 0.0 | Last price: $465.59
2026-10-01 18:46:34,314 | [HUBB] ACTION: No trade.
2026-10-01 18:46:34,335 | [HUM] trending (ADX 25.4) -> trend-following strategy | Signal: HOLD | Shares held: 0.0 | Last price: $378.93
2026-10-01 18:46:34,335 | [HUM] ACTION: No trade.
2026-10-01 18:46:34,356 | [HWM] choppy/sideways (ADX 13.8) -> mean-reversion strategy | Signal: HOLD | Shares held: 0.0 | Last price: $228.23
2026-10-01 18:46:34,356 | [HWM] ACTION: No trade.
2026-10-01 18:46:34,377 | [IBKR] trending (ADX 29.1) -> trend-following strategy | Signal: HOLD | Shares held: 0.0 | Last price: $85.92
2026-10-01 18:46:34,377 | [IBKR] ACTION: No trade.
2026-10-01 18:46:34,397 | [IBM] trending (ADX 32.5) -> trend-following strategy | Signal: HOLD | Shares held: 0.0 | Last price: $227.48
2026-10-01 18:46:34,397 | [IBM] ACTION: No trade.
2026-10-01 18:46:34,417 | [ICE] choppy/sideways (ADX 14.8) -> mean-reversion strategy | Signal: HOLD | Shares held: 0.0 | Last price: $150.93
2026-10-01 18:46:34,417 | [ICE] ACTION: No trade.
2026-10-01 18:46:34,437 | [IDXX] trending (ADX 32.0) -> trend-following strategy | Signal: HOLD | Shares held: 0.0 | Last price: $520.62
2026-10-01 18:46:34,438 | [IDXX] ACTION: No trade.
2026-10-01 18:46:34,458 | [IEX] choppy/sideways (ADX 16.8) -> mean-reversion strategy | Signal: HOLD | Shares held: 0.0 | Last price: $230.63
2026-10-01 18:46:34,458 | [IEX] ACTION: No trade.
2026-10-01 18:46:34,478 | [IFF] trending (ADX 31.2) -> trend-following strategy | Signal: HOLD | Shares held: 0.0 | Last price: $82.81
2026-10-01 18:46:34,478 | [IFF] ACTION: No trade.
2026-10-01 18:46:34,498 | [ILMN] choppy/sideways (ADX 24.9) -> mean-reversion strategy | Signal: HOLD | Shares held: 0.0 | Last price: $269.79
2026-10-01 18:46:34,498 | [ILMN] ACTION: No trade.
2026-10-01 18:46:34,519 | [INCY] trending (ADX 51.3) -> trend-following strategy | Signal: HOLD | Shares held: 0.0 | Last price: $118.84
2026-10-01 18:46:34,519 | [INCY] ACTION: No trade.
2026-10-01 18:46:34,539 | [INTC] choppy/sideways (ADX 17.1) -> mean-reversion strategy | Signal: HOLD | Shares held: 0.0 | Last price: $120.72
2026-10-01 18:46:34,539 | [INTC] ACTION: No trade.
2026-10-01 18:46:34,559 | [INTU] trending (ADX 36.1) -> trend-following strategy | Signal: HOLD | Shares held: 0.0 | Last price: $282.97
2026-10-01 18:46:34,559 | [INTU] ACTION: No trade.
2026-10-01 18:46:34,579 | [INVH] choppy/sideways (ADX 13.1) -> mean-reversion strategy | Signal: HOLD | Shares held: 0.0 | Last price: $26.32
2026-10-01 18:46:34,579 | [INVH] ACTION: No trade.
2026-10-01 18:46:34,600 | [IP] choppy/sideways (ADX 18.9) -> mean-reversion strategy | Signal: HOLD | Shares held: 0.0 | Last price: $32.71
2026-10-01 18:46:34,600 | [IP] ACTION: No trade.
2026-10-01 18:46:34,620 | [IQV] trending (ADX 50.1) -> trend-following strategy | Signal: HOLD | Shares held: 0.0 | Last price: $261.42
2026-10-01 18:46:34,620 | [IQV] ACTION: No trade.
2026-10-01 18:46:34,640 | [IR] choppy/sideways (ADX 19.1) -> mean-reversion strategy | Signal: HOLD | Shares held: 0.0 | Last price: $75.64
2026-10-01 18:46:34,640 | [IR] ACTION: No trade.
2026-10-01 18:46:34,660 | [IRM] choppy/sideways (ADX 23.2) -> mean-reversion strategy | Signal: HOLD | Shares held: 0.0 | Last price: $111.27
2026-10-01 18:46:34,660 | [IRM] ACTION: No trade.
2026-10-01 18:46:34,681 | [ISRG] trending (ADX 39.9) -> trend-following strategy | Signal: HOLD | Shares held: 0.0 | Last price: $401.06
2026-10-01 18:46:34,681 | [ISRG] ACTION: No trade.
2026-10-01 18:46:34,701 | [IT] trending (ADX 35.6) -> trend-following strategy | Signal: HOLD | Shares held: 0.0 | Last price: $196.42
2026-10-01 18:46:34,701 | [IT] ACTION: No trade.
2026-10-01 18:46:34,721 | [ITW] trending (ADX 30.8) -> trend-following strategy | Signal: HOLD | Shares held: 0.0 | Last price: $261.11
2026-10-01 18:46:34,721 | [ITW] ACTION: No trade.
2026-10-01 18:46:34,741 | [IVZ] choppy/sideways (ADX 24.5) -> mean-reversion strategy | Signal: HOLD | Shares held: 0.0 | Last price: $30.25
2026-10-01 18:46:34,741 | [IVZ] ACTION: No trade.
2026-10-01 18:46:34,762 | [J] trending (ADX 26.8) -> trend-following strategy | Signal: HOLD | Shares held: 0.0 | Last price: $139.57
2026-10-01 18:46:34,762 | [J] ACTION: No trade.
2026-10-01 18:46:34,782 | [JBHT] choppy/sideways (ADX 22.0) -> mean-reversion strategy | Signal: HOLD | Shares held: 0.0 | Last price: $226.79
2026-10-01 18:46:34,782 | [JBHT] ACTION: No trade.
2026-10-01 18:46:34,802 | [JBL] trending (ADX 27.9) -> trend-following strategy | Signal: HOLD | Shares held: 0.0 | Last price: $298.83
2026-10-01 18:46:34,803 | [JBL] ACTION: No trade.
2026-10-01 18:46:34,823 | [JCI] choppy/sideways (ADX 12.5) -> mean-reversion strategy | Signal: HOLD | Shares held: 0.0 | Last price: $151.06
2026-10-01 18:46:34,823 | [JCI] ACTION: No trade.
2026-10-01 18:46:34,845 | [JKHY] choppy/sideways (ADX 11.8) -> mean-reversion strategy | Signal: HOLD | Shares held: 0.0 | Last price: $143.92
2026-10-01 18:46:34,845 | [JKHY] ACTION: No trade.
2026-10-01 18:46:34,866 | [JNJ] trending (ADX 54.3) -> trend-following strategy | Signal: HOLD | Shares held: 0.0 | Last price: $259.56
2026-10-01 18:46:34,866 | [JNJ] ACTION: No trade.
2026-10-01 18:46:34,886 | [JPM] trending (ADX 26.8) -> trend-following strategy | Signal: HOLD | Shares held: 0.0 | Last price: $331.89
2026-10-01 18:46:34,886 | [JPM] ACTION: No trade.
2026-10-01 18:46:34,906 | [KDP] choppy/sideways (ADX 17.0) -> mean-reversion strategy | Signal: HOLD | Shares held: 0.0 | Last price: $30.61
2026-10-01 18:46:34,906 | [KDP] ACTION: No trade.
2026-10-01 18:46:34,927 | [KEY] choppy/sideways (ADX 20.7) -> mean-reversion strategy | Signal: HOLD | Shares held: 0.0 | Last price: $19.89
2026-10-01 18:46:34,927 | [KEY] ACTION: No trade.
2026-10-01 18:46:34,948 | [KEYS] trending (ADX 42.5) -> trend-following strategy | Signal: HOLD | Shares held: 0.0 | Last price: $375.25
2026-10-01 18:46:34,948 | [KEYS] ACTION: No trade.
2026-10-01 18:46:35,025 | [KHC] trending (ADX 45.1) -> trend-following strategy | Signal: HOLD | Shares held: 0.0 | Last price: $22.30
2026-10-01 18:46:35,025 | [KHC] ACTION: No trade.
2026-10-01 18:46:35,046 | [KIM] choppy/sideways (ADX 12.6) -> mean-reversion strategy | Signal: HOLD | Shares held: 0.0 | Last price: $22.14
2026-10-01 18:46:35,046 | [KIM] ACTION: No trade.
2026-10-01 18:46:35,067 | [KKR] choppy/sideways (ADX 21.2) -> mean-reversion strategy | Signal: HOLD | Shares held: 0.0 | Last price: $91.23
2026-10-01 18:46:35,067 | [KKR] ACTION: No trade.
2026-10-01 18:46:35,091 | [KLAC] choppy/sideways (ADX 20.4) -> mean-reversion strategy | Signal: HOLD | Shares held: 0.0 | Last price: $200.63
2026-10-01 18:46:35,091 | [KLAC] ACTION: No trade.
2026-10-01 18:46:35,113 | [KMB] trending (ADX 37.9) -> trend-following strategy | Signal: HOLD | Shares held: 0.0 | Last price: $94.97
2026-10-01 18:46:35,113 | [KMB] ACTION: No trade.
2026-10-01 18:46:35,134 | [KMI] choppy/sideways (ADX 19.0) -> mean-reversion strategy | Signal: HOLD | Shares held: 0.0 | Last price: $30.48
2026-10-01 18:46:35,134 | [KMI] ACTION: No trade.
2026-10-01 18:46:35,155 | [KO] trending (ADX 25.1) -> trend-following strategy | Signal: HOLD | Shares held: 0.0 | Last price: $85.94
2026-10-01 18:46:35,155 | [KO] ACTION: No trade.
2026-10-01 18:46:35,176 | [KR] choppy/sideways (ADX 18.0) -> mean-reversion strategy | Signal: HOLD | Shares held: 0.0 | Last price: $59.94
2026-10-01 18:46:35,176 | [KR] ACTION: No trade.
2026-10-01 18:46:35,198 | [KVUE] trending (ADX 36.9) -> trend-following strategy | Signal: HOLD | Shares held: 0.0 | Last price: $17.32
2026-10-01 18:46:35,198 | [KVUE] ACTION: No trade.
2026-10-01 18:46:35,219 | [L] trending (ADX 29.4) -> trend-following strategy | Signal: HOLD | Shares held: 0.0 | Last price: $105.21
2026-10-01 18:46:35,219 | [L] ACTION: No trade.
2026-10-01 18:46:35,241 | [LDOS] choppy/sideways (ADX 16.9) -> mean-reversion strategy | Signal: HOLD | Shares held: 0.0 | Last price: $122.88
2026-10-01 18:46:35,241 | [LDOS] ACTION: No trade.
2026-10-01 18:46:35,262 | [LEN] trending (ADX 27.0) -> trend-following strategy | Signal: HOLD | Shares held: 0.0 | Last price: $82.11
2026-10-01 18:46:35,262 | [LEN] ACTION: No trade.
2026-10-01 18:46:35,284 | [LH] trending (ADX 36.4) -> trend-following strategy | Signal: HOLD | Shares held: 0.0 | Last price: $305.37
2026-10-01 18:46:35,284 | [LH] ACTION: No trade.
2026-10-01 18:46:35,305 | [LHX] choppy/sideways (ADX 12.8) -> mean-reversion strategy | Signal: HOLD | Shares held: 0.0 | Last price: $236.85
2026-10-01 18:46:35,305 | [LHX] ACTION: No trade.
2026-10-01 18:46:35,327 | [LII] choppy/sideways (ADX 24.7) -> mean-reversion strategy | Signal: HOLD | Shares held: 0.0 | Last price: $359.18
2026-10-01 18:46:35,327 | [LII] ACTION: No trade.
2026-10-01 18:46:35,348 | [LIN] trending (ADX 28.6) -> trend-following strategy | Signal: HOLD | Shares held: 0.0 | Last price: $469.32
2026-10-01 18:46:35,349 | [LIN] ACTION: No trade.
2026-10-01 18:46:35,370 | [LITE] trending (ADX 43.7) -> trend-following strategy | Signal: HOLD | Shares held: 0.0 | Last price: $1039.94
2026-10-01 18:46:35,370 | [LITE] ACTION: No trade.
2026-10-01 18:46:35,391 | [LLY] trending (ADX 30.5) -> trend-following strategy | Signal: HOLD | Shares held: 0.0 | Last price: $1147.63
2026-10-01 18:46:35,391 | [LLY] ACTION: No trade.
2026-10-01 18:46:35,412 | [LMT] choppy/sideways (ADX 12.2) -> mean-reversion strategy | Signal: HOLD | Shares held: 0.0 | Last price: $504.31
2026-10-01 18:46:35,412 | [LMT] ACTION: No trade.
2026-10-01 18:46:35,433 | [LNT] choppy/sideways (ADX 15.1) -> mean-reversion strategy | Signal: HOLD | Shares held: 0.0 | Last price: $63.77
2026-10-01 18:46:35,433 | [LNT] ACTION: No trade.
2026-10-01 18:46:35,454 | [LOW] choppy/sideways (ADX 22.7) -> mean-reversion strategy | Signal: HOLD | Shares held: 0.0 | Last price: $182.75
2026-10-01 18:46:35,454 | [LOW] ACTION: No trade.
2026-10-01 18:46:35,475 | [LRCX] trending (ADX 39.7) -> trend-following strategy | Signal: HOLD | Shares held: 0.0 | Last price: $338.62
2026-10-01 18:46:35,475 | [LRCX] ACTION: No trade.
2026-10-01 18:46:35,495 | [LULU] choppy/sideways (ADX 20.0) -> mean-reversion strategy | Signal: HOLD | Shares held: 0.0 | Last price: $98.08
2026-10-01 18:46:35,495 | [LULU] ACTION: No trade.
2026-10-01 18:46:35,516 | [LUV] choppy/sideways (ADX 10.2) -> mean-reversion strategy | Signal: HOLD | Shares held: 0.0 | Last price: $41.80
2026-10-01 18:46:35,516 | [LUV] ACTION: No trade.
2026-10-01 18:46:35,536 | [LVS] trending (ADX 42.7) -> trend-following strategy | Signal: HOLD | Shares held: 0.0 | Last price: $36.61
2026-10-01 18:46:35,537 | [LVS] ACTION: No trade.
2026-10-01 18:46:35,557 | [LYB] choppy/sideways (ADX 20.7) -> mean-reversion strategy | Signal: HOLD | Shares held: 0.0 | Last price: $57.72
2026-10-01 18:46:35,557 | [LYB] ACTION: No trade.
2026-10-01 18:46:35,577 | [LYV] trending (ADX 38.3) -> trend-following strategy | Signal: HOLD | Shares held: 0.0 | Last price: $166.52
2026-10-01 18:46:35,577 | [LYV] ACTION: No trade.
2026-10-01 18:46:35,597 | [MA] choppy/sideways (ADX 22.9) -> mean-reversion strategy | Signal: HOLD | Shares held: 0.0 | Last price: $550.81
2026-10-01 18:46:35,597 | [MA] ACTION: No trade.
2026-10-01 18:46:35,617 | [MAA] trending (ADX 29.4) -> trend-following strategy | Signal: HOLD | Shares held: 0.0 | Last price: $116.31
2026-10-01 18:46:35,617 | [MAA] ACTION: No trade.
2026-10-01 18:46:35,637 | [MAR] choppy/sideways (ADX 24.7) -> mean-reversion strategy | Signal: HOLD | Shares held: 0.0 | Last price: $355.43
2026-10-01 18:46:35,637 | [MAR] ACTION: No trade.
2026-10-01 18:46:35,657 | [MAS] trending (ADX 37.8) -> trend-following strategy | Signal: HOLD | Shares held: 0.0 | Last price: $68.15
2026-10-01 18:46:35,657 | [MAS] ACTION: No trade.
2026-10-01 18:46:35,678 | [MCD] choppy/sideways (ADX 22.0) -> mean-reversion strategy | Signal: HOLD | Shares held: 0.0 | Last price: $231.96
2026-10-01 18:46:35,678 | [MCD] ACTION: No trade.
2026-10-01 18:46:35,698 | [MCHP] choppy/sideways (ADX 23.0) -> mean-reversion strategy | Signal: HOLD | Shares held: 0.0 | Last price: $79.01
2026-10-01 18:46:35,698 | [MCHP] ACTION: No trade.
2026-10-01 18:46:35,718 | [MCK] trending (ADX 42.9) -> trend-following strategy | Signal: HOLD | Shares held: 0.0 | Last price: $889.91
2026-10-01 18:46:35,718 | [MCK] ACTION: No trade.
2026-10-01 18:46:35,738 | [MCO] choppy/sideways (ADX 15.6) -> mean-reversion strategy | Signal: HOLD | Shares held: 0.0 | Last price: $446.63
2026-10-01 18:46:35,738 | [MCO] ACTION: No trade.
2026-10-01 18:46:35,758 | [MDLZ] choppy/sideways (ADX 22.9) -> mean-reversion strategy | Signal: HOLD | Shares held: 0.0 | Last price: $57.76
2026-10-01 18:46:35,758 | [MDLZ] ACTION: No trade.
2026-10-01 18:46:35,779 | [MDT] trending (ADX 25.8) -> trend-following strategy | Signal: HOLD | Shares held: 0.0 | Last price: $86.48
2026-10-01 18:46:35,779 | [MDT] ACTION: No trade.
2026-10-01 18:46:35,799 | [MET] trending (ADX 31.9) -> trend-following strategy | Signal: HOLD | Shares held: 0.0 | Last price: $93.36
2026-10-01 18:46:35,799 | [MET] ACTION: No trade.
2026-10-01 18:46:35,818 | [META] choppy/sideways (ADX 13.2) -> mean-reversion strategy | Signal: HOLD | Shares held: 0.0 | Last price: $727.44
2026-10-01 18:46:35,819 | [META] ACTION: No trade.
2026-10-01 18:46:35,839 | [MGM] trending (ADX 35.4) -> trend-following strategy | Signal: HOLD | Shares held: 0.0 | Last price: $30.18
2026-10-01 18:46:35,839 | [MGM] ACTION: No trade.
2026-10-01 18:46:35,859 | [MKC] trending (ADX 27.0) -> trend-following strategy | Signal: HOLD | Shares held: 0.0 | Last price: $44.61
2026-10-01 18:46:35,859 | [MKC] ACTION: No trade.
2026-10-01 18:46:35,879 | [MLM] choppy/sideways (ADX 21.8) -> mean-reversion strategy | Signal: HOLD | Shares held: 0.0 | Last price: $479.82
2026-10-01 18:46:35,879 | [MLM] ACTION: No trade.
2026-10-01 18:46:35,899 | [MMM] trending (ADX 36.3) -> trend-following strategy | Signal: HOLD | Shares held: 0.0 | Last price: $163.13
2026-10-01 18:46:35,899 | [MMM] ACTION: No trade.
2026-10-01 18:46:35,919 | [MNST] choppy/sideways (ADX 10.2) -> mean-reversion strategy | Signal: HOLD | Shares held: 0.0 | Last price: $42.01
2026-10-01 18:46:35,919 | [MNST] ACTION: No trade.
2026-10-01 18:46:35,940 | [MO] choppy/sideways (ADX 24.6) -> mean-reversion strategy | Signal: HOLD | Shares held: 0.0 | Last price: $66.83
2026-10-01 18:46:35,940 | [MO] ACTION: No trade.
2026-10-01 18:46:35,960 | [MOS] trending (ADX 36.3) -> trend-following strategy | Signal: HOLD | Shares held: 0.0 | Last price: $21.35
2026-10-01 18:46:35,960 | [MOS] ACTION: No trade.
2026-10-01 18:46:35,980 | [MPC] trending (ADX 38.2) -> trend-following strategy | Signal: HOLD | Shares held: 0.0 | Last price: $417.24
2026-10-01 18:46:35,980 | [MPC] ACTION: No trade.
2026-10-01 18:46:36,000 | [MPWR] choppy/sideways (ADX 13.9) -> mean-reversion strategy | Signal: HOLD | Shares held: 0.0 | Last price: $1362.09
2026-10-01 18:46:36,000 | [MPWR] ACTION: No trade.
2026-10-01 18:46:36,021 | [MRK] trending (ADX 35.8) -> trend-following strategy | Signal: HOLD | Shares held: 0.0 | Last price: $143.70
2026-10-01 18:46:36,021 | [MRK] ACTION: No trade.
2026-10-01 18:46:36,041 | [MRNA] choppy/sideways (ADX 18.1) -> mean-reversion strategy | Signal: HOLD | Shares held: 0.0 | Last price: $192.06
2026-10-01 18:46:36,041 | [MRNA] ACTION: No trade.
2026-10-01 18:46:36,061 | [MRSH] choppy/sideways (ADX 12.8) -> mean-reversion strategy | Signal: HOLD | Shares held: 0.0 | Last price: $171.26
2026-10-01 18:46:36,061 | [MRSH] ACTION: No trade.
2026-10-01 18:46:36,082 | [MRVL] choppy/sideways (ADX 13.3) -> mean-reversion strategy | Signal: HOLD | Shares held: 0.0 | Last price: $268.06
2026-10-01 18:46:36,082 | [MRVL] ACTION: No trade.
2026-10-01 18:46:36,102 | [MS] trending (ADX 41.1) -> trend-following strategy | Signal: HOLD | Shares held: 0.0 | Last price: $186.35
2026-10-01 18:46:36,102 | [MS] ACTION: No trade.
2026-10-01 18:46:36,123 | [MSCI] trending (ADX 33.0) -> trend-following strategy | Signal: HOLD | Shares held: 0.0 | Last price: $547.50
2026-10-01 18:46:36,123 | [MSCI] ACTION: No trade.
2026-10-01 18:46:36,144 | [MSFT] choppy/sideways (ADX 11.4) -> mean-reversion strategy | Signal: HOLD | Shares held: 0.0 | Last price: $516.40
2026-10-01 18:46:36,144 | [MSFT] ACTION: No trade.
2026-10-01 18:46:36,165 | [MSI] choppy/sideways (ADX 15.0) -> mean-reversion strategy | Signal: HOLD | Shares held: 0.0 | Last price: $448.57
2026-10-01 18:46:36,165 | [MSI] ACTION: No trade.
2026-10-01 18:46:36,186 | [MTB] choppy/sideways (ADX 18.4) -> mean-reversion strategy | Signal: HOLD | Shares held: 0.0 | Last price: $215.87
2026-10-01 18:46:36,186 | [MTB] ACTION: No trade.
2026-10-01 18:46:36,207 | [MTD] trending (ADX 32.1) -> trend-following strategy | Signal: HOLD | Shares held: 0.0 | Last price: $1487.14
2026-10-01 18:46:36,207 | [MTD] ACTION: No trade.
2026-10-01 18:46:36,228 | [MU] choppy/sideways (ADX 24.1) -> mean-reversion strategy | Signal: HOLD | Shares held: 0.0 | Last price: $1081.20
2026-10-01 18:46:36,228 | [MU] ACTION: No trade.
2026-10-01 18:46:36,248 | [NCLH] choppy/sideways (ADX 23.0) -> mean-reversion strategy | Signal: HOLD | Shares held: 0.0 | Last price: $14.65
2026-10-01 18:46:36,248 | [NCLH] ACTION: No trade.
2026-10-01 18:46:36,269 | [NDAQ] choppy/sideways (ADX 21.2) -> mean-reversion strategy | Signal: HOLD | Shares held: 0.0 | Last price: $91.38
2026-10-01 18:46:36,269 | [NDAQ] ACTION: No trade.
2026-10-01 18:46:36,290 | [NDSN] choppy/sideways (ADX 11.5) -> mean-reversion strategy | Signal: HOLD | Shares held: 0.0 | Last price: $328.38
2026-10-01 18:46:36,290 | [NDSN] ACTION: No trade.
2026-10-01 18:46:36,310 | [NEE] choppy/sideways (ADX 24.6) -> mean-reversion strategy | Signal: HOLD | Shares held: 0.0 | Last price: $76.30
2026-10-01 18:46:36,310 | [NEE] ACTION: No trade.
2026-10-01 18:46:36,330 | [NEM] choppy/sideways (ADX 22.4) -> mean-reversion strategy | Signal: HOLD | Shares held: 0.0 | Last price: $114.92
2026-10-01 18:46:36,330 | [NEM] ACTION: No trade.
2026-10-01 18:46:36,350 | [NFLX] trending (ADX 40.4) -> trend-following strategy | Signal: HOLD | Shares held: 0.0 | Last price: $68.31
2026-10-01 18:46:36,350 | [NFLX] ACTION: No trade.
2026-10-01 18:46:36,370 | [NI] choppy/sideways (ADX 22.8) -> mean-reversion strategy | Signal: HOLD | Shares held: 0.0 | Last price: $39.41
2026-10-01 18:46:36,371 | [NI] ACTION: No trade.
2026-10-01 18:46:36,391 | [NKE] choppy/sideways (ADX 18.7) -> mean-reversion strategy | Signal: HOLD | Shares held: 0.0 | Last price: $36.17
2026-10-01 18:46:36,391 | [NKE] ACTION: No trade.
2026-10-01 18:46:36,411 | [NOC] choppy/sideways (ADX 18.8) -> mean-reversion strategy | Signal: HOLD | Shares held: 0.0 | Last price: $481.80
2026-10-01 18:46:36,411 | [NOC] ACTION: No trade.
2026-10-01 18:46:36,433 | [NOW] trending (ADX 27.2) -> trend-following strategy | Signal: HOLD | Shares held: 0.0 | Last price: $138.33
2026-10-01 18:46:36,433 | [NOW] ACTION: No trade.
2026-10-01 18:46:36,454 | [NRG] choppy/sideways (ADX 20.0) -> mean-reversion strategy | Signal: HOLD | Shares held: 0.0 | Last price: $95.94
2026-10-01 18:46:36,455 | [NRG] ACTION: No trade.
2026-10-01 18:46:36,476 | [NSC] trending (ADX 30.9) -> trend-following strategy | Signal: HOLD | Shares held: 0.0 | Last price: $310.01
2026-10-01 18:46:36,476 | [NSC] ACTION: No trade.
2026-10-01 18:46:36,497 | [NTAP] choppy/sideways (ADX 17.1) -> mean-reversion strategy | Signal: HOLD | Shares held: 0.0 | Last price: $214.10
2026-10-01 18:46:36,497 | [NTAP] ACTION: No trade.
2026-10-01 18:46:36,519 | [NTRS] trending (ADX 27.2) -> trend-following strategy | Signal: HOLD | Shares held: 0.0 | Last price: $168.71
2026-10-01 18:46:36,519 | [NTRS] ACTION: No trade.
2026-10-01 18:46:36,540 | [NUE] trending (ADX 28.5) -> trend-following strategy | Signal: HOLD | Shares held: 0.0 | Last price: $234.66
2026-10-01 18:46:36,540 | [NUE] ACTION: No trade.
2026-10-01 18:46:36,561 | [NVDA] choppy/sideways (ADX 18.1) -> mean-reversion strategy | Signal: HOLD | Shares held: 0.0 | Last price: $231.74
2026-10-01 18:46:36,561 | [NVDA] ACTION: No trade.
2026-10-01 18:46:36,582 | [NVR] choppy/sideways (ADX 21.9) -> mean-reversion strategy | Signal: HOLD | Shares held: 0.0 | Last price: $6088.91
2026-10-01 18:46:36,582 | [NVR] ACTION: No trade.
2026-10-01 18:46:36,603 | [NWSA] trending (ADX 34.5) -> trend-following strategy | Signal: HOLD | Shares held: 0.0 | Last price: $28.36
2026-10-01 18:46:36,603 | [NWSA] ACTION: No trade.
2026-10-01 18:46:36,623 | [NXPI] trending (ADX 33.1) -> trend-following strategy | Signal: HOLD | Shares held: 0.0 | Last price: $241.17
2026-10-01 18:46:36,623 | [NXPI] ACTION: No trade.
2026-10-01 18:46:36,644 | [O] trending (ADX 41.4) -> trend-following strategy | Signal: HOLD | Shares held: 0.0 | Last price: $53.65
2026-10-01 18:46:36,644 | [O] ACTION: No trade.
2026-10-01 18:46:36,664 | [ODFL] choppy/sideways (ADX 16.2) -> mean-reversion strategy | Signal: HOLD | Shares held: 0.0 | Last price: $176.50
2026-10-01 18:46:36,664 | [ODFL] ACTION: No trade.
2026-10-01 18:46:36,686 | [OKE] choppy/sideways (ADX 23.2) -> mean-reversion strategy | Signal: HOLD | Shares held: 0.0 | Last price: $86.99
2026-10-01 18:46:36,686 | [OKE] ACTION: No trade.
2026-10-01 18:46:36,706 | [OMC] choppy/sideways (ADX 11.6) -> mean-reversion strategy | Signal: HOLD | Shares held: 0.0 | Last price: $75.31
2026-10-01 18:46:36,706 | [OMC] ACTION: No trade.
2026-10-01 18:46:36,726 | [ON] trending (ADX 26.6) -> trend-following strategy | Signal: HOLD | Shares held: 0.0 | Last price: $79.15
2026-10-01 18:46:36,727 | [ON] ACTION: No trade.
2026-10-01 18:46:36,746 | [ORCL] choppy/sideways (ADX 18.0) -> mean-reversion strategy | Signal: HOLD | Shares held: 0.0 | Last price: $137.84
2026-10-01 18:46:36,747 | [ORCL] ACTION: No trade.
2026-10-01 18:46:36,767 | [ORLY] choppy/sideways (ADX 16.7) -> mean-reversion strategy | Signal: HOLD | Shares held: 0.0 | Last price: $84.41
2026-10-01 18:46:36,767 | [ORLY] ACTION: No trade.
2026-10-01 18:46:36,787 | [OTIS] trending (ADX 26.9) -> trend-following strategy | Signal: HOLD | Shares held: 0.0 | Last price: $64.67
2026-10-01 18:46:36,787 | [OTIS] ACTION: No trade.
2026-10-01 18:46:36,807 | [OXY] trending (ADX 34.9) -> trend-following strategy | Signal: HOLD | Shares held: 0.0 | Last price: $57.48
2026-10-01 18:46:36,807 | [OXY] ACTION: No trade.
2026-10-01 18:46:36,827 | [P] trending (ADX 36.3) -> trend-following strategy | Signal: HOLD | Shares held: 0.0 | Last price: $135.44
2026-10-01 18:46:36,827 | [P] ACTION: No trade.
2026-10-01 18:46:36,847 | [PANW] trending (ADX 37.5) -> trend-following strategy | Signal: HOLD | Shares held: 0.0 | Last price: $391.77
2026-10-01 18:46:36,847 | [PANW] ACTION: No trade.
2026-10-01 18:46:36,867 | [PAYX] choppy/sideways (ADX 22.8) -> mean-reversion strategy | Signal: HOLD | Shares held: 0.0 | Last price: $100.84
2026-10-01 18:46:36,867 | [PAYX] ACTION: No trade.
2026-10-01 18:46:36,887 | [PCAR] choppy/sideways (ADX 21.6) -> mean-reversion strategy | Signal: HOLD | Shares held: 0.0 | Last price: $110.84
2026-10-01 18:46:36,887 | [PCAR] ACTION: No trade.
2026-10-01 18:46:36,907 | [PCG] choppy/sideways (ADX 16.9) -> mean-reversion strategy | Signal: HOLD | Shares held: 0.0 | Last price: $12.12
2026-10-01 18:46:36,907 | [PCG] ACTION: No trade.
2026-10-01 18:46:36,927 | [PEG] choppy/sideways (ADX 17.8) -> mean-reversion strategy | Signal: HOLD | Shares held: 0.0 | Last price: $67.70
2026-10-01 18:46:36,928 | [PEG] ACTION: No trade.
2026-10-01 18:46:36,949 | [PEP] trending (ADX 27.0) -> trend-following strategy | Signal: HOLD | Shares held: 0.0 | Last price: $125.74
2026-10-01 18:46:36,949 | [PEP] ACTION: No trade.
2026-10-01 18:46:36,969 | [PFE] trending (ADX 50.7) -> trend-following strategy | Signal: HOLD | Shares held: 0.0 | Last price: $28.14
2026-10-01 18:46:36,970 | [PFE] ACTION: No trade.
2026-10-01 18:46:36,991 | [PFG] trending (ADX 32.8) -> trend-following strategy | Signal: HOLD | Shares held: 0.0 | Last price: $111.62
2026-10-01 18:46:36,991 | [PFG] ACTION: No trade.
2026-10-01 18:46:37,012 | [PG] trending (ADX 34.3) -> trend-following strategy | Signal: HOLD | Shares held: 0.0 | Last price: $144.59
2026-10-01 18:46:37,012 | [PG] ACTION: No trade.
2026-10-01 18:46:37,034 | [PGR] choppy/sideways (ADX 16.9) -> mean-reversion strategy | Signal: HOLD | Shares held: 0.0 | Last price: $209.82
2026-10-01 18:46:37,034 | [PGR] ACTION: No trade.
2026-10-01 18:46:37,055 | [PH] choppy/sideways (ADX 17.1) -> mean-reversion strategy | Signal: HOLD | Shares held: 0.0 | Last price: $962.95
2026-10-01 18:46:37,055 | [PH] ACTION: No trade.
2026-10-01 18:46:37,076 | [PHM] choppy/sideways (ADX 23.6) -> mean-reversion strategy | Signal: HOLD | Shares held: 0.0 | Last price: $115.75
2026-10-01 18:46:37,076 | [PHM] ACTION: No trade.
2026-10-01 18:46:37,097 | [PKG] choppy/sideways (ADX 21.3) -> mean-reversion strategy | Signal: HOLD | Shares held: 0.0 | Last price: $230.54
2026-10-01 18:46:37,097 | [PKG] ACTION: No trade.
2026-10-01 18:46:37,118 | [PLD] trending (ADX 41.2) -> trend-following strategy | Signal: HOLD | Shares held: 0.0 | Last price: $128.54
2026-10-01 18:46:37,118 | [PLD] ACTION: No trade.
2026-10-01 18:46:37,139 | [PLTR] choppy/sideways (ADX 22.3) -> mean-reversion strategy | Signal: HOLD | Shares held: 0.0 | Last price: $190.14
2026-10-01 18:46:37,139 | [PLTR] ACTION: No trade.
2026-10-01 18:46:37,159 | [PM] trending (ADX 39.4) -> trend-following strategy | Signal: HOLD | Shares held: 0.0 | Last price: $187.68
2026-10-01 18:46:37,159 | [PM] ACTION: No trade.
2026-10-01 18:46:37,179 | [PNC] choppy/sideways (ADX 20.6) -> mean-reversion strategy | Signal: HOLD | Shares held: 0.0 | Last price: $218.96
2026-10-01 18:46:37,180 | [PNC] ACTION: No trade.
2026-10-01 18:46:37,200 | [PNR] choppy/sideways (ADX 17.1) -> mean-reversion strategy | Signal: HOLD | Shares held: 0.0 | Last price: $52.86
2026-10-01 18:46:37,200 | [PNR] ACTION: No trade.
2026-10-01 18:46:37,221 | [PNW] choppy/sideways (ADX 24.4) -> mean-reversion strategy | Signal: HOLD | Shares held: 0.0 | Last price: $94.09
2026-10-01 18:46:37,221 | [PNW] ACTION: No trade.
2026-10-01 18:46:37,241 | [PODD] choppy/sideways (ADX 12.4) -> mean-reversion strategy | Signal: HOLD | Shares held: 0.0 | Last price: $130.50
2026-10-01 18:46:37,241 | [PODD] ACTION: No trade.
2026-10-01 18:46:37,262 | [PPG] trending (ADX 25.5) -> trend-following strategy | Signal: HOLD | Shares held: 0.0 | Last price: $104.23
2026-10-01 18:46:37,262 | [PPG] ACTION: No trade.
2026-10-01 18:46:37,282 | [PPL] choppy/sideways (ADX 17.8) -> mean-reversion strategy | Signal: HOLD | Shares held: 0.0 | Last price: $32.67
2026-10-01 18:46:37,282 | [PPL] ACTION: No trade.
2026-10-01 18:46:37,302 | [PRU] choppy/sideways (ADX 24.9) -> mean-reversion strategy | Signal: HOLD | Shares held: 0.0 | Last price: $112.28
2026-10-01 18:46:37,303 | [PRU] ACTION: No trade.
2026-10-01 18:46:37,322 | [PSA] choppy/sideways (ADX 17.2) -> mean-reversion strategy | Signal: HOLD | Shares held: 0.0 | Last price: $285.62
2026-10-01 18:46:37,323 | [PSA] ACTION: No trade.
2026-10-01 18:46:37,343 | [PSX] choppy/sideways (ADX 11.9) -> mean-reversion strategy | Signal: HOLD | Shares held: 0.0 | Last price: $263.58
2026-10-01 18:46:37,343 | [PSX] ACTION: No trade.
2026-10-01 18:46:37,363 | [PTC] trending (ADX 37.6) -> trend-following strategy | Signal: HOLD | Shares held: 0.0 | Last price: $147.50
2026-10-01 18:46:37,363 | [PTC] ACTION: No trade.
2026-10-01 18:46:37,383 | [PWR] choppy/sideways (ADX 12.9) -> mean-reversion strategy | Signal: HOLD | Shares held: 0.0 | Last price: $658.15
2026-10-01 18:46:37,383 | [PWR] ACTION: No trade.
2026-10-01 18:46:37,403 | [PYPL] choppy/sideways (ADX 20.5) -> mean-reversion strategy | Signal: HOLD | Shares held: 0.0 | Last price: $53.31
2026-10-01 18:46:37,403 | [PYPL] ACTION: No trade.
2026-10-01 18:46:37,423 | [Q] choppy/sideways (ADX 12.5) -> mean-reversion strategy | Signal: HOLD | Shares held: 0.0 | Last price: $126.42
2026-10-01 18:46:37,423 | [Q] ACTION: No trade.
2026-10-01 18:46:37,444 | [QCOM] choppy/sideways (ADX 12.8) -> mean-reversion strategy | Signal: HOLD | Shares held: 0.0 | Last price: $184.07
2026-10-01 18:46:37,444 | [QCOM] ACTION: No trade.
2026-10-01 18:46:37,464 | [RCL] trending (ADX 27.5) -> trend-following strategy | Signal: HOLD | Shares held: 0.0 | Last price: $269.06
2026-10-01 18:46:37,464 | [RCL] ACTION: No trade.
2026-10-01 18:46:37,485 | [RDDT] choppy/sideways (ADX 20.9) -> mean-reversion strategy | Signal: HOLD | Shares held: 0.0 | Last price: $148.28
2026-10-01 18:46:37,485 | [RDDT] ACTION: No trade.
2026-10-01 18:46:37,506 | [REGN] choppy/sideways (ADX 16.8) -> mean-reversion strategy | Signal: HOLD | Shares held: 0.0 | Last price: $741.50
2026-10-01 18:46:37,506 | [REGN] ACTION: No trade.
2026-10-01 18:46:37,527 | [RF] choppy/sideways (ADX 19.5) -> mean-reversion strategy | Signal: HOLD | Shares held: 0.0 | Last price: $26.70
2026-10-01 18:46:37,527 | [RF] ACTION: No trade.
2026-10-01 18:46:37,547 | [RJF] choppy/sideways (ADX 20.4) -> mean-reversion strategy | Signal: HOLD | Shares held: 0.0 | Last price: $159.35
2026-10-01 18:46:37,547 | [RJF] ACTION: No trade.
2026-10-01 18:46:37,567 | [RL] trending (ADX 25.1) -> trend-following strategy | Signal: HOLD | Shares held: 0.0 | Last price: $364.04
2026-10-01 18:46:37,567 | [RL] ACTION: No trade.
2026-10-01 18:46:37,588 | [RMD] choppy/sideways (ADX 13.5) -> mean-reversion strategy | Signal: HOLD | Shares held: 0.0 | Last price: $223.25
2026-10-01 18:46:37,588 | [RMD] ACTION: No trade.
2026-10-01 18:46:37,608 | [ROK] choppy/sideways (ADX 13.4) -> mean-reversion strategy | Signal: HOLD | Shares held: 0.0 | Last price: $436.70
2026-10-01 18:46:37,608 | [ROK] ACTION: No trade.
2026-10-01 18:46:37,628 | [ROL] choppy/sideways (ADX 19.4) -> mean-reversion strategy | Signal: HOLD | Shares held: 0.0 | Last price: $30.43
2026-10-01 18:46:37,628 | [ROL] ACTION: No trade.
2026-10-01 18:46:37,648 | [ROP] trending (ADX 35.8) -> trend-following strategy | Signal: HOLD | Shares held: 0.0 | Last price: $362.47
2026-10-01 18:46:37,648 | [ROP] ACTION: No trade.
2026-10-01 18:46:37,669 | [ROST] choppy/sideways (ADX 19.8) -> mean-reversion strategy | Signal: HOLD | Shares held: 0.0 | Last price: $234.78
2026-10-01 18:46:37,669 | [ROST] ACTION: No trade.
2026-10-01 18:46:37,689 | [RSG] choppy/sideways (ADX 23.4) -> mean-reversion strategy | Signal: HOLD | Shares held: 0.0 | Last price: $206.99
2026-10-01 18:46:37,689 | [RSG] ACTION: No trade.
2026-10-01 18:46:37,709 | [RTX] trending (ADX 33.3) -> trend-following strategy | Signal: HOLD | Shares held: 0.0 | Last price: $184.53
2026-10-01 18:46:37,709 | [RTX] ACTION: No trade.
2026-10-01 18:46:37,729 | [RVTY] trending (ADX 27.2) -> trend-following strategy | Signal: HOLD | Shares held: 0.0 | Last price: $150.97
2026-10-01 18:46:37,729 | [RVTY] ACTION: No trade.
2026-10-01 18:46:37,749 | [SBAC] trending (ADX 42.0) -> trend-following strategy | Signal: HOLD | Shares held: 0.0 | Last price: $158.14
2026-10-01 18:46:37,750 | [SBAC] ACTION: No trade.
2026-10-01 18:46:37,770 | [SBUX] choppy/sideways (ADX 18.5) -> mean-reversion strategy | Signal: HOLD | Shares held: 0.0 | Last price: $94.37
2026-10-01 18:46:37,770 | [SBUX] ACTION: No trade.
2026-10-01 18:46:37,791 | [SCHW] choppy/sideways (ADX 24.7) -> mean-reversion strategy | Signal: HOLD | Shares held: 0.0 | Last price: $98.27
2026-10-01 18:46:37,791 | [SCHW] ACTION: No trade.
2026-10-01 18:46:37,811 | [SHW] trending (ADX 25.8) -> trend-following strategy | Signal: HOLD | Shares held: 0.0 | Last price: $319.65
2026-10-01 18:46:37,811 | [SHW] ACTION: No trade.
2026-10-01 18:46:37,831 | [SJM] trending (ADX 48.3) -> trend-following strategy | Signal: HOLD | Shares held: 0.0 | Last price: $116.15
2026-10-01 18:46:37,831 | [SJM] ACTION: No trade.
2026-10-01 18:46:37,851 | [SLB] trending (ADX 31.9) -> trend-following strategy | Signal: HOLD | Shares held: 0.0 | Last price: $48.42
2026-10-01 18:46:37,851 | [SLB] ACTION: No trade.
2026-10-01 18:46:37,871 | [SMCI] choppy/sideways (ADX 21.2) -> mean-reversion strategy | Signal: HOLD | Shares held: 0.0 | Last price: $41.91
2026-10-01 18:46:37,872 | [SMCI] ACTION: No trade.
2026-10-01 18:46:37,892 | [SNA] choppy/sideways (ADX 14.8) -> mean-reversion strategy | Signal: HOLD | Shares held: 0.0 | Last price: $367.16
2026-10-01 18:46:37,892 | [SNA] ACTION: No trade.
2026-10-01 18:46:37,912 | [SNDK] choppy/sideways (ADX 24.3) -> mean-reversion strategy | Signal: HOLD | Shares held: 0.0 | Last price: $1778.50
2026-10-01 18:46:37,912 | [SNDK] ACTION: No trade.
2026-10-01 18:46:37,932 | [SNPS] trending (ADX 54.1) -> trend-following strategy | Signal: HOLD | Shares held: 0.0 | Last price: $491.08
2026-10-01 18:46:37,932 | [SNPS] ACTION: No trade.
2026-10-01 18:46:37,952 | [SO] choppy/sideways (ADX 14.0) -> mean-reversion strategy | Signal: HOLD | Shares held: 0.0 | Last price: $83.34
2026-10-01 18:46:37,952 | [SO] ACTION: No trade.
2026-10-01 18:46:37,973 | [SPG] trending (ADX 26.3) -> trend-following strategy | Signal: HOLD | Shares held: 0.0 | Last price: $200.02
2026-10-01 18:46:37,973 | [SPG] ACTION: No trade.
2026-10-01 18:46:37,993 | [SPGI] choppy/sideways (ADX 15.3) -> mean-reversion strategy | Signal: HOLD | Shares held: 0.0 | Last price: $388.38
2026-10-01 18:46:37,993 | [SPGI] ACTION: No trade.
2026-10-01 18:46:38,013 | [SRE] choppy/sideways (ADX 16.1) -> mean-reversion strategy | Signal: HOLD | Shares held: 0.0 | Last price: $77.89
2026-10-01 18:46:38,013 | [SRE] ACTION: No trade.
2026-10-01 18:46:38,034 | [STE] trending (ADX 28.7) -> trend-following strategy | Signal: HOLD | Shares held: 0.0 | Last price: $208.92
2026-10-01 18:46:38,034 | [STE] ACTION: No trade.
2026-10-01 18:46:38,055 | [STLD] choppy/sideways (ADX 19.8) -> mean-reversion strategy | Signal: HOLD | Shares held: 0.0 | Last price: $226.20
2026-10-01 18:46:38,055 | [STLD] ACTION: No trade.
2026-10-01 18:46:38,076 | [STT] trending (ADX 43.3) -> trend-following strategy | Signal: HOLD | Shares held: 0.0 | Last price: $173.03
2026-10-01 18:46:38,076 | [STT] ACTION: No trade.
2026-10-01 18:46:38,097 | [STX] choppy/sideways (ADX 19.1) -> mean-reversion strategy | Signal: HOLD | Shares held: 0.0 | Last price: $931.02
2026-10-01 18:46:38,097 | [STX] ACTION: No trade.
2026-10-01 18:46:38,118 | [STZ] choppy/sideways (ADX 16.4) -> mean-reversion strategy | Signal: HOLD | Shares held: 0.0 | Last price: $112.66
2026-10-01 18:46:38,118 | [STZ] ACTION: No trade.
2026-10-01 18:46:38,138 | [SW] choppy/sideways (ADX 20.7) -> mean-reversion strategy | Signal: HOLD | Shares held: 0.0 | Last price: $43.36
2026-10-01 18:46:38,138 | [SW] ACTION: No trade.
2026-10-01 18:46:38,158 | [SWK] choppy/sideways (ADX 21.1) -> mean-reversion strategy | Signal: HOLD | Shares held: 0.0 | Last price: $88.96
2026-10-01 18:46:38,158 | [SWK] ACTION: No trade.
2026-10-01 18:46:38,179 | [SWKS] trending (ADX 27.0) -> trend-following strategy | Signal: HOLD | Shares held: 0.0 | Last price: $84.28
2026-10-01 18:46:38,179 | [SWKS] ACTION: No trade.
2026-10-01 18:46:38,200 | [SYF] choppy/sideways (ADX 22.2) -> mean-reversion strategy | Signal: HOLD | Shares held: 0.0 | Last price: $70.96
2026-10-01 18:46:38,200 | [SYF] ACTION: No trade.
2026-10-01 18:46:38,221 | [SYK] choppy/sideways (ADX 23.8) -> mean-reversion strategy | Signal: HOLD | Shares held: 0.0 | Last price: $273.46
2026-10-01 18:46:38,221 | [SYK] ACTION: No trade.
2026-10-01 18:46:38,241 | [SYY] choppy/sideways (ADX 23.3) -> mean-reversion strategy | Signal: HOLD | Shares held: 0.0 | Last price: $77.74
2026-10-01 18:46:38,241 | [SYY] ACTION: No trade.
2026-10-01 18:46:38,322 | [T] choppy/sideways (ADX 21.2) -> mean-reversion strategy | Signal: HOLD | Shares held: 0.0 | Last price: $24.36
2026-10-01 18:46:38,322 | [T] ACTION: No trade.
2026-10-01 18:46:38,342 | [TDG] trending (ADX 28.2) -> trend-following strategy | Signal: HOLD | Shares held: 0.0 | Last price: $1094.84
2026-10-01 18:46:38,342 | [TDG] ACTION: No trade.
2026-10-01 18:46:38,363 | [TDY] choppy/sideways (ADX 21.5) -> mean-reversion strategy | Signal: HOLD | Shares held: 0.0 | Last price: $612.55
2026-10-01 18:46:38,363 | [TDY] ACTION: No trade.
2026-10-01 18:46:38,383 | [TECH] choppy/sideways (ADX 12.8) -> mean-reversion strategy | Signal: HOLD | Shares held: 0.0 | Last price: $72.46
2026-10-01 18:46:38,383 | [TECH] ACTION: No trade.
2026-10-01 18:46:38,403 | [TEL] choppy/sideways (ADX 22.0) -> mean-reversion strategy | Signal: HOLD | Shares held: 0.0 | Last price: $218.24
2026-10-01 18:46:38,403 | [TEL] ACTION: No trade.
2026-10-01 18:46:38,423 | [TER] trending (ADX 31.9) -> trend-following strategy | Signal: HOLD | Shares held: 0.0 | Last price: $414.95
2026-10-01 18:46:38,423 | [TER] ACTION: No trade.
2026-10-01 18:46:38,444 | [TFC] choppy/sideways (ADX 20.4) -> mean-reversion strategy | Signal: HOLD | Shares held: 0.0 | Last price: $45.95
2026-10-01 18:46:38,444 | [TFC] ACTION: No trade.
2026-10-01 18:46:38,464 | [TGT] choppy/sideways (ADX 12.6) -> mean-reversion strategy | Signal: HOLD | Shares held: 0.0 | Last price: $157.60
2026-10-01 18:46:38,464 | [TGT] ACTION: No trade.
2026-10-01 18:46:38,484 | [TJX] choppy/sideways (ADX 18.0) -> mean-reversion strategy | Signal: HOLD | Shares held: 0.0 | Last price: $132.97
2026-10-01 18:46:38,484 | [TJX] ACTION: No trade.
2026-10-01 18:46:38,505 | [TKO] trending (ADX 40.5) -> trend-following strategy | Signal: HOLD | Shares held: 0.0 | Last price: $174.03
2026-10-01 18:46:38,505 | [TKO] ACTION: No trade.
2026-10-01 18:46:38,526 | [TMO] trending (ADX 58.2) -> trend-following strategy | Signal: HOLD | Shares held: 0.0 | Last price: $658.46
2026-10-01 18:46:38,526 | [TMO] ACTION: No trade.
2026-10-01 18:46:38,547 | [TMUS] trending (ADX 30.6) -> trend-following strategy | Signal: HOLD | Shares held: 0.0 | Last price: $161.46
2026-10-01 18:46:38,547 | [TMUS] ACTION: No trade.
2026-10-01 18:46:38,567 | [TPR] trending (ADX 28.8) -> trend-following strategy | Signal: HOLD | Shares held: 0.0 | Last price: $118.53
2026-10-01 18:46:38,568 | [TPR] ACTION: No trade.
2026-10-01 18:46:38,588 | [TRGP] trending (ADX 32.8) -> trend-following strategy | Signal: HOLD | Shares held: 0.0 | Last price: $277.00
2026-10-01 18:46:38,588 | [TRGP] ACTION: No trade.
2026-10-01 18:46:38,609 | [TRMB] choppy/sideways (ADX 20.4) -> mean-reversion strategy | Signal: HOLD | Shares held: 0.0 | Last price: $58.00
2026-10-01 18:46:38,609 | [TRMB] ACTION: No trade.
2026-10-01 18:46:38,631 | [TROW] trending (ADX 48.5) -> trend-following strategy | Signal: HOLD | Shares held: 0.0 | Last price: $105.78
2026-10-01 18:46:38,631 | [TROW] ACTION: No trade.
2026-10-01 18:46:38,652 | [TRV] choppy/sideways (ADX 22.0) -> mean-reversion strategy | Signal: HOLD | Shares held: 0.0 | Last price: $361.36
2026-10-01 18:46:38,652 | [TRV] ACTION: No trade.
2026-10-01 18:46:38,673 | [TSCO] choppy/sideways (ADX 13.7) -> mean-reversion strategy | Signal: HOLD | Shares held: 0.0 | Last price: $31.43
2026-10-01 18:46:38,673 | [TSCO] ACTION: No trade.
2026-10-01 18:46:38,694 | [TSLA] choppy/sideways (ADX 16.1) -> mean-reversion strategy | Signal: HOLD | Shares held: 0.0 | Last price: $357.32
2026-10-01 18:46:38,694 | [TSLA] ACTION: No trade.
2026-10-01 18:46:38,715 | [TSN] choppy/sideways (ADX 24.6) -> mean-reversion strategy | Signal: HOLD | Shares held: 0.0 | Last price: $50.13
2026-10-01 18:46:38,716 | [TSN] ACTION: No trade.
2026-10-01 18:46:38,736 | [TT] choppy/sideways (ADX 23.4) -> mean-reversion strategy | Signal: HOLD | Shares held: 0.0 | Last price: $458.43
2026-10-01 18:46:38,736 | [TT] ACTION: No trade.
2026-10-01 18:46:38,757 | [TTWO] choppy/sideways (ADX 23.0) -> mean-reversion strategy | Signal: HOLD | Shares held: 0.0 | Last price: $203.88
2026-10-01 18:46:38,757 | [TTWO] ACTION: No trade.
2026-10-01 18:46:38,779 | [TXN] choppy/sideways (ADX 19.6) -> mean-reversion strategy | Signal: HOLD | Shares held: 0.0 | Last price: $282.95
2026-10-01 18:46:38,779 | [TXN] ACTION: No trade.
2026-10-01 18:46:38,801 | [TXT] choppy/sideways (ADX 22.9) -> mean-reversion strategy | Signal: HOLD | Shares held: 0.0 | Last price: $76.88
2026-10-01 18:46:38,801 | [TXT] ACTION: No trade.
2026-10-01 18:46:38,822 | [TYL] Gap Pattern (Type A) continuation, gap held and extended | Signal: BUY | Shares held: 0.0 | Last price: $332.49
2026-10-01 18:46:38,822 | [TYL] ACTION: No trade (within 90 min of close -- not enough runway left today for a new position).
2026-10-01 18:46:38,844 | [UAL] choppy/sideways (ADX 19.2) -> mean-reversion strategy | Signal: HOLD | Shares held: 0.0 | Last price: $110.94
2026-10-01 18:46:38,844 | [UAL] ACTION: No trade.
2026-10-01 18:46:38,865 | [UBER] trending (ADX 27.4) -> trend-following strategy | Signal: HOLD | Shares held: 0.0 | Last price: $67.86
2026-10-01 18:46:38,865 | [UBER] ACTION: No trade.
2026-10-01 18:46:38,886 | [UDR] choppy/sideways (ADX 11.7) -> mean-reversion strategy | Signal: HOLD | Shares held: 0.0 | Last price: $33.46
2026-10-01 18:46:38,886 | [UDR] ACTION: No trade.
2026-10-01 18:46:38,906 | [UHS] choppy/sideways (ADX 19.9) -> mean-reversion strategy | Signal: HOLD | Shares held: 0.0 | Last price: $175.37
2026-10-01 18:46:38,906 | [UHS] ACTION: No trade.
2026-10-01 18:46:38,927 | [ULTA] choppy/sideways (ADX 13.1) -> mean-reversion strategy | Signal: HOLD | Shares held: 0.0 | Last price: $542.68
2026-10-01 18:46:38,927 | [ULTA] ACTION: No trade.
2026-10-01 18:46:38,948 | [UNH] choppy/sideways (ADX 20.1) -> mean-reversion strategy | Signal: HOLD | Shares held: 0.0 | Last price: $363.71
2026-10-01 18:46:38,948 | [UNH] ACTION: No trade.
2026-10-01 18:46:38,969 | [UNP] trending (ADX 32.6) -> trend-following strategy | Signal: HOLD | Shares held: 0.0 | Last price: $271.32
2026-10-01 18:46:38,969 | [UNP] ACTION: No trade.
2026-10-01 18:46:38,989 | [UPS] choppy/sideways (ADX 19.0) -> mean-reversion strategy | Signal: HOLD | Shares held: 0.0 | Last price: $93.97
2026-10-01 18:46:38,989 | [UPS] ACTION: No trade.
2026-10-01 18:46:39,010 | [URI] choppy/sideways (ADX 21.4) -> mean-reversion strategy | Signal: HOLD | Shares held: 0.0 | Last price: $1029.05
2026-10-01 18:46:39,010 | [URI] ACTION: No trade.
2026-10-01 18:46:39,030 | [USB] trending (ADX 33.6) -> trend-following strategy | Signal: HOLD | Shares held: 0.0 | Last price: $56.87
2026-10-01 18:46:39,030 | [USB] ACTION: No trade.
2026-10-01 18:46:39,051 | [V] choppy/sideways (ADX 14.5) -> mean-reversion strategy | Signal: HOLD | Shares held: 0.0 | Last price: $359.79
2026-10-01 18:46:39,051 | [V] ACTION: No trade.
2026-10-01 18:46:39,072 | [VEEV] choppy/sideways (ADX 23.4) -> mean-reversion strategy | Signal: HOLD | Shares held: 0.0 | Last price: $285.80
2026-10-01 18:46:39,072 | [VEEV] ACTION: No trade.
2026-10-01 18:46:39,092 | [VICI] trending (ADX 33.6) -> trend-following strategy | Signal: HOLD | Shares held: 0.0 | Last price: $22.68
2026-10-01 18:46:39,092 | [VICI] ACTION: No trade.
2026-10-01 18:46:39,113 | [VLO] trending (ADX 26.9) -> trend-following strategy | Signal: HOLD | Shares held: 0.0 | Last price: $406.16
2026-10-01 18:46:39,113 | [VLO] ACTION: No trade.
2026-10-01 18:46:39,134 | [VLTO] choppy/sideways (ADX 24.1) -> mean-reversion strategy | Signal: HOLD | Shares held: 0.0 | Last price: $94.74
2026-10-01 18:46:39,134 | [VLTO] ACTION: No trade.
2026-10-01 18:46:39,154 | [VMC] choppy/sideways (ADX 24.4) -> mean-reversion strategy | Signal: HOLD | Shares held: 0.0 | Last price: $242.27
2026-10-01 18:46:39,154 | [VMC] ACTION: No trade.
2026-10-01 18:46:39,174 | [VMRK] trending (ADX 32.5) -> trend-following strategy | Signal: HOLD | Shares held: 0.0 | Last price: $60.00
2026-10-01 18:46:39,174 | [VMRK] ACTION: No trade.
2026-10-01 18:46:39,194 | [VRSK] trending (ADX 25.1) -> trend-following strategy | Signal: HOLD | Shares held: 0.0 | Last price: $169.79
2026-10-01 18:46:39,194 | [VRSK] ACTION: No trade.
2026-10-01 18:46:39,214 | [VRSN] choppy/sideways (ADX 22.2) -> mean-reversion strategy | Signal: HOLD | Shares held: 0.0 | Last price: $287.54
2026-10-01 18:46:39,214 | [VRSN] ACTION: No trade.
2026-10-01 18:46:39,234 | [VRT] trending (ADX 25.8) -> trend-following strategy | Signal: HOLD | Shares held: 0.0 | Last price: $247.02
2026-10-01 18:46:39,234 | [VRT] ACTION: No trade.
2026-10-01 18:46:39,254 | [VRTX] trending (ADX 48.3) -> trend-following strategy | Signal: HOLD | Shares held: 0.0 | Last price: $509.01
2026-10-01 18:46:39,254 | [VRTX] ACTION: No trade.
2026-10-01 18:46:39,274 | [VST] trending (ADX 25.7) -> trend-following strategy | Signal: HOLD | Shares held: 0.0 | Last price: $138.50
2026-10-01 18:46:39,275 | [VST] ACTION: No trade.
2026-10-01 18:46:39,295 | [VTR] trending (ADX 48.4) -> trend-following strategy | Signal: HOLD | Shares held: 0.0 | Last price: $83.56
2026-10-01 18:46:39,295 | [VTR] ACTION: No trade.
2026-10-01 18:46:39,315 | [VTRS] trending (ADX 28.4) -> trend-following strategy | Signal: HOLD | Shares held: 0.0 | Last price: $17.61
2026-10-01 18:46:39,315 | [VTRS] ACTION: No trade.
2026-10-01 18:46:39,335 | [VZ] choppy/sideways (ADX 10.6) -> mean-reversion strategy | Signal: HOLD | Shares held: 0.0 | Last price: $45.89
2026-10-01 18:46:39,335 | [VZ] ACTION: No trade.
2026-10-01 18:46:39,355 | [WAB] trending (ADX 25.0) -> trend-following strategy | Signal: HOLD | Shares held: 0.0 | Last price: $286.94
2026-10-01 18:46:39,355 | [WAB] ACTION: No trade.
2026-10-01 18:46:39,376 | [WAT] trending (ADX 45.9) -> trend-following strategy | Signal: HOLD | Shares held: 0.0 | Last price: $429.80
2026-10-01 18:46:39,376 | [WAT] ACTION: No trade.
2026-10-01 18:46:39,396 | [WBD] trending (ADX 37.6) -> trend-following strategy | Signal: HOLD | Shares held: 0.0 | Last price: $30.93
2026-10-01 18:46:39,396 | [WBD] ACTION: No trade.
2026-10-01 18:46:39,416 | [WDAY] choppy/sideways (ADX 16.3) -> mean-reversion strategy | Signal: HOLD | Shares held: 0.0 | Last price: $186.57
2026-10-01 18:46:39,416 | [WDAY] ACTION: No trade.
2026-10-01 18:46:39,436 | [WDC] trending (ADX 29.0) -> trend-following strategy | Signal: HOLD | Shares held: 0.0 | Last price: $455.55
2026-10-01 18:46:39,436 | [WDC] ACTION: No trade.
2026-10-01 18:46:39,457 | [WEC] choppy/sideways (ADX 13.1) -> mean-reversion strategy | Signal: HOLD | Shares held: 0.0 | Last price: $101.53
2026-10-01 18:46:39,457 | [WEC] ACTION: No trade.
2026-10-01 18:46:39,477 | [WELL] trending (ADX 33.1) -> trend-following strategy | Signal: HOLD | Shares held: 0.0 | Last price: $227.04
2026-10-01 18:46:39,477 | [WELL] ACTION: No trade.
2026-10-01 18:46:39,497 | [WFC] choppy/sideways (ADX 24.6) -> mean-reversion strategy | Signal: HOLD | Shares held: 0.0 | Last price: $79.54
2026-10-01 18:46:39,497 | [WFC] ACTION: No trade.
2026-10-01 18:46:39,517 | [WM] trending (ADX 39.3) -> trend-following strategy | Signal: HOLD | Shares held: 0.0 | Last price: $201.85
2026-10-01 18:46:39,517 | [WM] ACTION: No trade.
2026-10-01 18:46:39,538 | [WMB] trending (ADX 28.2) -> trend-following strategy | Signal: HOLD | Shares held: 0.0 | Last price: $68.97
2026-10-01 18:46:39,538 | [WMB] ACTION: No trade.
2026-10-01 18:46:39,558 | [WMT] trending (ADX 25.5) -> trend-following strategy | Signal: HOLD | Shares held: 0.0 | Last price: $104.80
2026-10-01 18:46:39,558 | [WMT] ACTION: No trade.
2026-10-01 18:46:39,578 | [WRB] choppy/sideways (ADX 12.6) -> mean-reversion strategy | Signal: HOLD | Shares held: 0.0 | Last price: $68.92
2026-10-01 18:46:39,578 | [WRB] ACTION: No trade.
2026-10-01 18:46:39,599 | [WSM] choppy/sideways (ADX 19.5) -> mean-reversion strategy | Signal: HOLD | Shares held: 0.0 | Last price: $229.97
2026-10-01 18:46:39,599 | [WSM] ACTION: No trade.
2026-10-01 18:46:39,620 | [WST] trending (ADX 35.5) -> trend-following strategy | Signal: HOLD | Shares held: 0.0 | Last price: $365.58
2026-10-01 18:46:39,620 | [WST] ACTION: No trade.
2026-10-01 18:46:39,640 | [WTW] choppy/sideways (ADX 14.9) -> mean-reversion strategy | Signal: HOLD | Shares held: 0.0 | Last price: $290.83
2026-10-01 18:46:39,640 | [WTW] ACTION: No trade.
2026-10-01 18:46:39,660 | [WY] trending (ADX 39.5) -> trend-following strategy | Signal: HOLD | Shares held: 0.0 | Last price: $18.50
2026-10-01 18:46:39,660 | [WY] ACTION: No trade.
2026-10-01 18:46:39,680 | [WYNN] trending (ADX 33.0) -> trend-following strategy | Signal: HOLD | Shares held: 0.0 | Last price: $76.81
2026-10-01 18:46:39,680 | [WYNN] ACTION: No trade.
2026-10-01 18:46:39,700 | [XEL] choppy/sideways (ADX 18.7) -> mean-reversion strategy | Signal: HOLD | Shares held: 0.0 | Last price: $70.50
2026-10-01 18:46:39,700 | [XEL] ACTION: No trade.
2026-10-01 18:46:39,721 | [XOM] choppy/sideways (ADX 16.5) -> mean-reversion strategy | Signal: HOLD | Shares held: 0.0 | Last price: $163.62
2026-10-01 18:46:39,721 | [XOM] ACTION: No trade.
2026-10-01 18:46:39,741 | [XYL] choppy/sideways (ADX 17.7) -> mean-reversion strategy | Signal: HOLD | Shares held: 0.0 | Last price: $100.54
2026-10-01 18:46:39,741 | [XYL] ACTION: No trade.
2026-10-01 18:46:39,761 | [XYZ] choppy/sideways (ADX 17.6) -> mean-reversion strategy | Signal: HOLD | Shares held: 0.0 | Last price: $73.77
2026-10-01 18:46:39,761 | [XYZ] ACTION: No trade.
2026-10-01 18:46:39,781 | [YUM] trending (ADX 25.1) -> trend-following strategy | Signal: HOLD | Shares held: 0.0 | Last price: $137.13
2026-10-01 18:46:39,781 | [YUM] ACTION: No trade.
2026-10-01 18:46:39,801 | [ZBH] trending (ADX 42.3) -> trend-following strategy | Signal: HOLD | Shares held: 0.0 | Last price: $87.95
2026-10-01 18:46:39,801 | [ZBH] ACTION: No trade.
2026-10-01 18:46:39,821 | [ZBRA] choppy/sideways (ADX 18.3) -> mean-reversion strategy | Signal: HOLD | Shares held: 0.0 | Last price: $374.71
2026-10-01 18:46:39,821 | [ZBRA] ACTION: No trade.
2026-10-01 18:46:39,841 | [ZTS] choppy/sideways (ADX 12.4) -> mean-reversion strategy | Signal: HOLD | Shares held: 0.0 | Last price: $69.52
2026-10-01 18:46:39,841 | [ZTS] ACTION: No trade.
2026-10-01 19:01:40,535 | Market is open (closes 2026-10-01 22:00:00 CEST your local time). Checking 490 symbols: A, AAPL, ABBV, ABNB, ABT, ACGL, ACN, ADBE, ADI, ADM, ADP, ADSK, AEE, AEP, AES, AFL, AIG, AJG, AKAM, ALB, ALGN, ALL, ALLE, AMAT, AMCR, AMD, AME, AMGN, AMP, AMT, AMZN, ANET, AON, AOS, APA, APD, APH, APO, APP, APTV, ARE, ARES, ATO, AVGO, AVY, AWK, AXON, AXP, AZO, BA, BAC, BALL, BAX, BBY, BDX, BE, BEN, BG, BIIB, BKNG, BKR, BLK, BMY, BNY, BR, BRK.B, BRO, BSX, BX, C, CAH, CARR, CASY, CAT, CB, CBOE, CBRE, CCI, CCL, CDNS, CDW, CEG, CF, CFG, CHD, CHRW, CHTR, CI, CIEN, CINF, CL, CLX, CMCSA, CME, CMG, CMI, CMS, CNC, CNP, COF, COHR, COIN, COO, COP, COR, COST, CPAY, CPRT, CPT, CRH, CRL, CRM, CRWD, CSCO, CSGP, CSX, CTAS, CTSH, CTVA, CVNA, CVS, CVX, D, DAL, DASH, DD, DDOG, DE, DECK, DELL, DG, DGX, DHI, DHR, DIS, DLR, DLTR, DOC, DOV, DOW, DPZ, DRI, DTE, DUK, DVA, DVN, DXCM, EBAY, ECHO, ECL, ED, EFX, EG, EIX, EL, ELV, EME, EMR, EOG, EQIX, EQT, ES, ESS, ETN, ETR, EVRG, EW, EXC, EXE, EXPD, EXPE, EXR, F, FANG, FAST, FCX, FDS, FDX, FDXF, FE, FERG, FFIV, FICO, FIS, FISV, FITB, FIX, FLEX, FOXA, FRT, FSLR, FTNT, FTV, GD, GDDY, GE, GEHC, GEN, GEV, GILD, GIS, GLW, GM, GNRC, GOOG, GOOGL, GPC, GPN, GRMN, GS, GWW, HAL, HAS, HBAN, HCA, HD, HIG, HII, HLT, HON, HONA, HOOD, HPE, HPQ, HST, HSY, HUBB, HUM, HWM, IBKR, IBM, ICE, IDXX, IEX, IFF, ILMN, INCY, INTC, INTU, INVH, IP, IQV, IR, IRM, ISRG, IT, ITW, IVZ, J, JBHT, JBL, JCI, JKHY, JNJ, JPM, KDP, KEY, KEYS, KHC, KIM, KKR, KLAC, KMB, KMI, KO, KR, KVUE, L, LDOS, LEN, LH, LHX, LII, LIN, LITE, LLY, LMT, LNT, LOW, LRCX, LULU, LUV, LVS, LYB, LYV, MA, MAA, MAR, MAS, MCD, MCHP, MCK, MCO, MDLZ, MDT, MET, META, MGM, MKC, MLM, MMM, MNST, MO, MOS, MPC, MPWR, MRK, MRNA, MRSH, MRVL, MS, MSCI, MSFT, MSI, MTB, MTD, MU, NCLH, NDAQ, NDSN, NEE, NEM, NFLX, NI, NKE, NOC, NOW, NRG, NSC, NTAP, NTRS, NUE, NVDA, NVR, NWSA, NXPI, O, ODFL, OKE, OMC, ON, ORCL, ORLY, OTIS, OXY, P, PANW, PAYX, PCAR, PCG, PEG, PEP, PFE, PFG, PG, PGR, PH, PHM, PKG, PLD, PLTR, PM, PNC, PNR, PNW, PODD, PPG, PPL, PRU, PSA, PSX, PTC, PWR, PYPL, Q, QCOM, RCL, RDDT, REGN, RF, RJF, RL, RMD, ROK, ROL, ROP, ROST, RSG, RTX, RVTY, SBAC, SBUX, SCHW, SHW, SJM, SLB, SMCI, SNA, SNDK, SNPS, SO, SPG, SPGI, SRE, STE, STLD, STT, STX, STZ, SW, SWK, SWKS, SYF, SYK, SYY, T, TDG, TDY, TECH, TEL, TER, TFC, TGT, TJX, TKO, TMO, TMUS, TPR, TRGP, TRMB, TROW, TRV, TSCO, TSLA, TSN, TT, TTWO, TXN, TXT, TYL, UAL, UBER, UDR, UHS, ULTA, UNH, UNP, UPS, URI, USB, V, VEEV, VICI, VLO, VLTO, VMC, VMRK, VRSK, VRSN, VRT, VRTX, VST, VTR, VTRS, VZ, WAB, WAT, WBD, WDAY, WDC, WEC, WELL, WFC, WM, WMB, WMT, WRB, WSM, WST, WTW, WY, WYNN, XEL, XOM, XYL, XYZ, YUM, ZBH, ZBRA, ZTS (within 90 min of close -- not enough runway left today for a new position)
2026-10-01 19:02:54,653 | [A] trending (ADX 56.5) -> trend-following strategy | Signal: HOLD | Shares held: 0.0 | Last price: $168.43
2026-10-01 19:02:54,653 | [A] ACTION: No trade.
2026-10-01 19:02:54,673 | [AAPL] trending (ADX 37.3) -> trend-following strategy | Signal: HOLD | Shares held: 0.0 | Last price: $329.81
2026-10-01 19:02:54,673 | [AAPL] ACTION: No trade.
2026-10-01 19:02:54,693 | [ABBV] trending (ADX 30.7) -> trend-following strategy | Signal: HOLD | Shares held: 0.0 | Last price: $260.43
2026-10-01 19:02:54,693 | [ABBV] ACTION: No trade.
2026-10-01 19:02:54,713 | [ABNB] choppy/sideways (ADX 20.9) -> mean-reversion strategy | Signal: HOLD | Shares held: 0.0 | Last price: $160.36
2026-10-01 19:02:54,713 | [ABNB] ACTION: No trade.
2026-10-01 19:02:54,732 | [ABT] trending (ADX 30.5) -> trend-following strategy | Signal: HOLD | Shares held: 0.0 | Last price: $97.59
2026-10-01 19:02:54,732 | [ABT] ACTION: No trade.
2026-10-01 19:02:54,752 | [ACGL] choppy/sideways (ADX 17.5) -> mean-reversion strategy | Signal: HOLD | Shares held: 0.0 | Last price: $93.84
2026-10-01 19:02:54,752 | [ACGL] ACTION: No trade.
2026-10-01 19:02:54,772 | [ACN] trending (ADX 47.3) -> trend-following strategy | Signal: HOLD | Shares held: 0.0 | Last price: $214.86
2026-10-01 19:02:54,772 | [ACN] ACTION: No trade.
2026-10-01 19:02:54,792 | [ADBE] trending (ADX 29.0) -> trend-following strategy | Signal: HOLD | Shares held: 0.0 | Last price: $242.70
2026-10-01 19:02:54,792 | [ADBE] ACTION: No trade.
2026-10-01 19:02:54,811 | [ADI] choppy/sideways (ADX 22.0) -> mean-reversion strategy | Signal: HOLD | Shares held: 0.0 | Last price: $405.15
2026-10-01 19:02:54,811 | [ADI] ACTION: No trade.
2026-10-01 19:02:54,831 | [ADM] trending (ADX 32.4) -> trend-following strategy | Signal: BUY | Shares held: 0.0 | Last price: $79.10
2026-10-01 19:02:54,831 | [ADM] ACTION: No trade (within 90 min of close -- not enough runway left today for a new position).
2026-10-01 19:02:54,851 | [ADP] choppy/sideways (ADX 17.6) -> mean-reversion strategy | Signal: HOLD | Shares held: 0.0 | Last price: $264.14
2026-10-01 19:02:54,851 | [ADP] ACTION: No trade.
2026-10-01 19:02:54,870 | [ADSK] trending (ADX 32.3) -> trend-following strategy | Signal: HOLD | Shares held: 0.0 | Last price: $213.10
2026-10-01 19:02:54,870 | [ADSK] ACTION: No trade.
2026-10-01 19:02:54,890 | [AEE] choppy/sideways (ADX 10.3) -> mean-reversion strategy | Signal: HOLD | Shares held: 0.0 | Last price: $99.34
2026-10-01 19:02:54,890 | [AEE] ACTION: No trade.
2026-10-01 19:02:54,910 | [AEP] choppy/sideways (ADX 16.3) -> mean-reversion strategy | Signal: HOLD | Shares held: 0.0 | Last price: $119.40
2026-10-01 19:02:54,910 | [AEP] ACTION: No trade.
2026-10-01 19:02:54,930 | [AES] trending (ADX 55.1) -> trend-following strategy | Signal: HOLD | Shares held: 0.0 | Last price: $14.93
2026-10-01 19:02:54,930 | [AES] ACTION: No trade.
2026-10-01 19:02:54,950 | [AFL] trending (ADX 52.1) -> trend-following strategy | Signal: HOLD | Shares held: 0.0 | Last price: $110.89
2026-10-01 19:02:54,950 | [AFL] ACTION: No trade.
2026-10-01 19:02:54,970 | [AIG] choppy/sideways (ADX 10.9) -> mean-reversion strategy | Signal: HOLD | Shares held: 0.0 | Last price: $74.81
2026-10-01 19:02:54,970 | [AIG] ACTION: No trade.
2026-10-01 19:02:54,990 | [AJG] trending (ADX 29.7) -> trend-following strategy | Signal: HOLD | Shares held: 0.0 | Last price: $232.12
2026-10-01 19:02:54,990 | [AJG] ACTION: No trade.
2026-10-01 19:02:55,010 | [AKAM] choppy/sideways (ADX 20.6) -> mean-reversion strategy | Signal: HOLD | Shares held: 0.0 | Last price: $106.12
2026-10-01 19:02:55,010 | [AKAM] ACTION: No trade.
2026-10-01 19:02:55,030 | [ALB] choppy/sideways (ADX 24.7) -> mean-reversion strategy | Signal: HOLD | Shares held: 0.0 | Last price: $105.67
2026-10-01 19:02:55,030 | [ALB] ACTION: No trade.
2026-10-01 19:02:55,049 | [ALGN] choppy/sideways (ADX 17.8) -> mean-reversion strategy | Signal: HOLD | Shares held: 0.0 | Last price: $145.27
2026-10-01 19:02:55,049 | [ALGN] ACTION: No trade.
2026-10-01 19:02:55,069 | [ALL] choppy/sideways (ADX 13.0) -> mean-reversion strategy | Signal: HOLD | Shares held: 0.0 | Last price: $224.56
2026-10-01 19:02:55,069 | [ALL] ACTION: No trade.
2026-10-01 19:02:55,089 | [ALLE] trending (ADX 26.8) -> trend-following strategy | Signal: HOLD | Shares held: 0.0 | Last price: $153.50
2026-10-01 19:02:55,089 | [ALLE] ACTION: No trade.
2026-10-01 19:02:55,109 | [AMAT] trending (ADX 28.1) -> trend-following strategy | Signal: HOLD | Shares held: 0.0 | Last price: $532.00
2026-10-01 19:02:55,109 | [AMAT] ACTION: No trade.
2026-10-01 19:02:55,128 | [AMCR] choppy/sideways (ADX 21.8) -> mean-reversion strategy | Signal: HOLD | Shares held: 0.0 | Last price: $42.01
2026-10-01 19:02:55,128 | [AMCR] ACTION: No trade.
2026-10-01 19:02:55,148 | [AMD] choppy/sideways (ADX 15.4) -> mean-reversion strategy | Signal: HOLD | Shares held: 0.0 | Last price: $618.41
2026-10-01 19:02:55,148 | [AMD] ACTION: No trade.
2026-10-01 19:02:55,168 | [AME] choppy/sideways (ADX 20.8) -> mean-reversion strategy | Signal: HOLD | Shares held: 0.0 | Last price: $249.34
2026-10-01 19:02:55,168 | [AME] ACTION: No trade.
2026-10-01 19:02:55,188 | [AMGN] trending (ADX 45.1) -> trend-following strategy | Signal: HOLD | Shares held: 0.0 | Last price: $411.31
2026-10-01 19:02:55,188 | [AMGN] ACTION: No trade.
2026-10-01 19:02:55,208 | [AMP] choppy/sideways (ADX 19.5) -> mean-reversion strategy | Signal: HOLD | Shares held: 0.0 | Last price: $496.31
2026-10-01 19:02:55,208 | [AMP] ACTION: No trade.
2026-10-01 19:02:55,228 | [AMT] trending (ADX 35.4) -> trend-following strategy | Signal: HOLD | Shares held: 0.0 | Last price: $161.65
2026-10-01 19:02:55,228 | [AMT] ACTION: No trade.
2026-10-01 19:02:55,248 | [AMZN] choppy/sideways (ADX 20.5) -> mean-reversion strategy | Signal: HOLD | Shares held: 0.0 | Last price: $249.42
2026-10-01 19:02:55,248 | [AMZN] ACTION: No trade.
2026-10-01 19:02:55,268 | [ANET] choppy/sideways (ADX 10.4) -> mean-reversion strategy | Signal: HOLD | Shares held: 0.0 | Last price: $206.01
2026-10-01 19:02:55,268 | [ANET] ACTION: No trade.
2026-10-01 19:02:55,288 | [AON] choppy/sideways (ADX 21.6) -> mean-reversion strategy | Signal: HOLD | Shares held: 0.0 | Last price: $275.96
2026-10-01 19:02:55,288 | [AON] ACTION: No trade.
2026-10-01 19:02:55,308 | [AOS] trending (ADX 30.7) -> trend-following strategy | Signal: BUY | Shares held: 0.0 | Last price: $56.62
2026-10-01 19:02:55,308 | [AOS] ACTION: No trade (within 90 min of close -- not enough runway left today for a new position).
2026-10-01 19:02:55,328 | [APA] choppy/sideways (ADX 20.9) -> mean-reversion strategy | Signal: HOLD | Shares held: 0.0 | Last price: $43.28
2026-10-01 19:02:55,328 | [APA] ACTION: No trade.
2026-10-01 19:02:55,349 | [APD] trending (ADX 32.9) -> trend-following strategy | Signal: HOLD | Shares held: 0.0 | Last price: $272.24
2026-10-01 19:02:55,349 | [APD] ACTION: No trade.
2026-10-01 19:02:55,369 | [APH] trending (ADX 40.4) -> trend-following strategy | Signal: HOLD | Shares held: 0.0 | Last price: $86.34
2026-10-01 19:02:55,369 | [APH] ACTION: No trade.
2026-10-01 19:02:55,389 | [APO] choppy/sideways (ADX 16.4) -> mean-reversion strategy | Signal: HOLD | Shares held: 0.0 | Last price: $114.59
2026-10-01 19:02:55,389 | [APO] ACTION: No trade.
2026-10-01 19:02:55,409 | [APP] trending (ADX 52.3) -> trend-following strategy | Signal: HOLD | Shares held: 0.0 | Last price: $283.37
2026-10-01 19:02:55,409 | [APP] ACTION: No trade.
2026-10-01 19:02:55,429 | [APTV] trending (ADX 31.7) -> trend-following strategy | Signal: HOLD | Shares held: 0.0 | Last price: $44.07
2026-10-01 19:02:55,429 | [APTV] ACTION: No trade.
2026-10-01 19:02:55,449 | [ARE] trending (ADX 37.2) -> trend-following strategy | Signal: HOLD | Shares held: 0.0 | Last price: $46.53
2026-10-01 19:02:55,449 | [ARE] ACTION: No trade.
2026-10-01 19:02:55,469 | [ARES] choppy/sideways (ADX 19.9) -> mean-reversion strategy | Signal: HOLD | Shares held: 0.0 | Last price: $116.69
2026-10-01 19:02:55,469 | [ARES] ACTION: No trade.
2026-10-01 19:02:55,489 | [ATO] choppy/sideways (ADX 15.2) -> mean-reversion strategy | Signal: HOLD | Shares held: 0.0 | Last price: $156.01
2026-10-01 19:02:55,489 | [ATO] ACTION: No trade.
2026-10-01 19:02:55,509 | [AVGO] choppy/sideways (ADX 21.0) -> mean-reversion strategy | Signal: HOLD | Shares held: 0.0 | Last price: $348.07
2026-10-01 19:02:55,510 | [AVGO] ACTION: No trade.
2026-10-01 19:02:55,529 | [AVY] choppy/sideways (ADX 22.6) -> mean-reversion strategy | Signal: HOLD | Shares held: 0.0 | Last price: $172.44
2026-10-01 19:02:55,529 | [AVY] ACTION: No trade.
2026-10-01 19:02:55,549 | [AWK] choppy/sideways (ADX 23.6) -> mean-reversion strategy | Signal: HOLD | Shares held: 0.0 | Last price: $127.77
2026-10-01 19:02:55,549 | [AWK] ACTION: No trade.
2026-10-01 19:02:55,570 | [AXON] choppy/sideways (ADX 20.6) -> mean-reversion strategy | Signal: HOLD | Shares held: 0.0 | Last price: $423.80
2026-10-01 19:02:55,570 | [AXON] ACTION: No trade.
2026-10-01 19:02:55,590 | [AXP] trending (ADX 35.1) -> trend-following strategy | Signal: HOLD | Shares held: 0.0 | Last price: $300.15
2026-10-01 19:02:55,590 | [AXP] ACTION: No trade.
2026-10-01 19:02:55,610 | [AZO] choppy/sideways (ADX 24.8) -> mean-reversion strategy | Signal: HOLD | Shares held: 0.0 | Last price: $2799.56
2026-10-01 19:02:55,610 | [AZO] ACTION: No trade.
2026-10-01 19:02:55,630 | [BA] choppy/sideways (ADX 15.6) -> mean-reversion strategy | Signal: HOLD | Shares held: 0.0 | Last price: $187.07
2026-10-01 19:02:55,630 | [BA] ACTION: No trade.
2026-10-01 19:02:55,650 | [BAC] trending (ADX 37.7) -> trend-following strategy | Signal: HOLD | Shares held: 0.0 | Last price: $53.58
2026-10-01 19:02:55,650 | [BAC] ACTION: No trade.
2026-10-01 19:02:55,670 | [BALL] choppy/sideways (ADX 16.3) -> mean-reversion strategy | Signal: HOLD | Shares held: 0.0 | Last price: $56.46
2026-10-01 19:02:55,670 | [BALL] ACTION: No trade.
2026-10-01 19:02:55,690 | [BAX] choppy/sideways (ADX 24.1) -> mean-reversion strategy | Signal: HOLD | Shares held: 0.0 | Last price: $23.54
2026-10-01 19:02:55,690 | [BAX] ACTION: No trade.
2026-10-01 19:02:55,709 | [BBY] choppy/sideways (ADX 20.1) -> mean-reversion strategy | Signal: HOLD | Shares held: 0.0 | Last price: $88.00
2026-10-01 19:02:55,710 | [BBY] ACTION: No trade.
2026-10-01 19:02:55,730 | [BDX] trending (ADX 29.1) -> trend-following strategy | Signal: HOLD | Shares held: 0.0 | Last price: $178.28
2026-10-01 19:02:55,730 | [BDX] ACTION: No trade.
2026-10-01 19:02:55,750 | [BE] choppy/sideways (ADX 9.8) -> mean-reversion strategy | Signal: HOLD | Shares held: 0.0 | Last price: $275.00
2026-10-01 19:02:55,750 | [BE] ACTION: No trade.
2026-10-01 19:02:55,770 | [BEN] trending (ADX 26.6) -> trend-following strategy | Signal: HOLD | Shares held: 0.0 | Last price: $32.32
2026-10-01 19:02:55,770 | [BEN] ACTION: No trade.
2026-10-01 19:02:55,789 | [BG] trending (ADX 31.2) -> trend-following strategy | Signal: HOLD | Shares held: 0.0 | Last price: $106.23
2026-10-01 19:02:55,789 | [BG] ACTION: No trade.
2026-10-01 19:02:55,809 | [BIIB] choppy/sideways (ADX 20.2) -> mean-reversion strategy | Signal: HOLD | Shares held: 0.0 | Last price: $225.62
2026-10-01 19:02:55,809 | [BIIB] ACTION: No trade.
2026-10-01 19:02:55,829 | [BKNG] choppy/sideways (ADX 13.4) -> mean-reversion strategy | Signal: HOLD | Shares held: 0.0 | Last price: $161.39
2026-10-01 19:02:55,829 | [BKNG] ACTION: No trade.
2026-10-01 19:02:55,849 | [BKR] choppy/sideways (ADX 24.0) -> mean-reversion strategy | Signal: HOLD | Shares held: 0.0 | Last price: $55.66
2026-10-01 19:02:55,849 | [BKR] ACTION: No trade.
2026-10-01 19:02:55,870 | [BLK] choppy/sideways (ADX 16.8) -> mean-reversion strategy | Signal: HOLD | Shares held: 0.0 | Last price: $1062.63
2026-10-01 19:02:55,870 | [BLK] ACTION: No trade.
2026-10-01 19:02:55,890 | [BMY] trending (ADX 36.4) -> trend-following strategy | Signal: HOLD | Shares held: 0.0 | Last price: $61.66
2026-10-01 19:02:55,890 | [BMY] ACTION: No trade.
2026-10-01 19:02:55,910 | [BNY] trending (ADX 38.7) -> trend-following strategy | Signal: HOLD | Shares held: 0.0 | Last price: $142.98
2026-10-01 19:02:55,910 | [BNY] ACTION: No trade.
2026-10-01 19:02:55,930 | [BR] choppy/sideways (ADX 15.9) -> mean-reversion strategy | Signal: HOLD | Shares held: 0.0 | Last price: $161.95
2026-10-01 19:02:55,930 | [BR] ACTION: No trade.
2026-10-01 19:02:55,950 | [BRK.B] choppy/sideways (ADX 19.7) -> mean-reversion strategy | Signal: HOLD | Shares held: 0.0 | Last price: $498.68
2026-10-01 19:02:55,950 | [BRK.B] ACTION: No trade.
2026-10-01 19:02:55,970 | [BRO] trending (ADX 31.7) -> trend-following strategy | Signal: HOLD | Shares held: 0.0 | Last price: $61.87
2026-10-01 19:02:55,970 | [BRO] ACTION: No trade.
2026-10-01 19:02:55,991 | [BSX] trending (ADX 28.9) -> trend-following strategy | Signal: HOLD | Shares held: 0.0 | Last price: $43.23
2026-10-01 19:02:55,991 | [BSX] ACTION: No trade.
2026-10-01 19:02:56,012 | [BX] choppy/sideways (ADX 21.6) -> mean-reversion strategy | Signal: HOLD | Shares held: 0.0 | Last price: $112.08
2026-10-01 19:02:56,012 | [BX] ACTION: No trade.
2026-10-01 19:02:56,032 | [C] trending (ADX 35.4) -> trend-following strategy | Signal: HOLD | Shares held: 0.0 | Last price: $126.66
2026-10-01 19:02:56,032 | [C] ACTION: No trade.
2026-10-01 19:02:56,053 | [CAH] trending (ADX 37.0) -> trend-following strategy | Signal: HOLD | Shares held: 0.0 | Last price: $228.86
2026-10-01 19:02:56,053 | [CAH] ACTION: No trade.
2026-10-01 19:02:56,074 | [CARR] choppy/sideways (ADX 21.1) -> mean-reversion strategy | Signal: HOLD | Shares held: 0.0 | Last price: $55.09
2026-10-01 19:02:56,074 | [CARR] ACTION: No trade.
2026-10-01 19:02:56,095 | [CASY] choppy/sideways (ADX 15.3) -> mean-reversion strategy | Signal: HOLD | Shares held: 0.0 | Last price: $617.12
2026-10-01 19:02:56,095 | [CASY] ACTION: No trade.
2026-10-01 19:02:56,115 | [CAT] choppy/sideways (ADX 18.8) -> mean-reversion strategy | Signal: HOLD | Shares held: 0.0 | Last price: $824.64
2026-10-01 19:02:56,115 | [CAT] ACTION: No trade.
2026-10-01 19:02:56,136 | [CB] choppy/sideways (ADX 18.1) -> mean-reversion strategy | Signal: HOLD | Shares held: 0.0 | Last price: $330.71
2026-10-01 19:02:56,136 | [CB] ACTION: No trade.
2026-10-01 19:02:56,157 | [CBOE] choppy/sideways (ADX 16.9) -> mean-reversion strategy | Signal: HOLD | Shares held: 0.0 | Last price: $278.11
2026-10-01 19:02:56,157 | [CBOE] ACTION: No trade.
2026-10-01 19:02:56,178 | [CBRE] trending (ADX 34.4) -> trend-following strategy | Signal: HOLD | Shares held: 0.0 | Last price: $130.63
2026-10-01 19:02:56,178 | [CBRE] ACTION: No trade.
2026-10-01 19:02:56,199 | [CCI] choppy/sideways (ADX 11.9) -> mean-reversion strategy | Signal: HOLD | Shares held: 0.0 | Last price: $66.56
2026-10-01 19:02:56,199 | [CCI] ACTION: No trade.
2026-10-01 19:02:56,220 | [CCL] choppy/sideways (ADX 23.7) -> mean-reversion strategy | Signal: HOLD | Shares held: 0.0 | Last price: $25.05
2026-10-01 19:02:56,220 | [CCL] ACTION: No trade.
2026-10-01 19:02:56,241 | [CDNS] trending (ADX 30.2) -> trend-following strategy | Signal: HOLD | Shares held: 0.0 | Last price: $349.25
2026-10-01 19:02:56,241 | [CDNS] ACTION: No trade.
2026-10-01 19:02:56,261 | [CDW] trending (ADX 38.2) -> trend-following strategy | Signal: HOLD | Shares held: 0.0 | Last price: $137.63
2026-10-01 19:02:56,261 | [CDW] ACTION: No trade.
2026-10-01 19:02:56,281 | [CEG] trending (ADX 25.8) -> trend-following strategy | Signal: SELL | Shares held: 0.0 | Last price: $257.58
2026-10-01 19:02:56,281 | [CEG] ACTION: No trade.
2026-10-01 19:02:56,301 | [CF] choppy/sideways (ADX 22.0) -> mean-reversion strategy | Signal: HOLD | Shares held: 0.0 | Last price: $114.41
2026-10-01 19:02:56,301 | [CF] ACTION: No trade.
2026-10-01 19:02:56,321 | [CFG] choppy/sideways (ADX 19.5) -> mean-reversion strategy | Signal: HOLD | Shares held: 0.0 | Last price: $63.16
2026-10-01 19:02:56,321 | [CFG] ACTION: No trade.
2026-10-01 19:02:56,341 | [CHD] choppy/sideways (ADX 13.3) -> mean-reversion strategy | Signal: HOLD | Shares held: 0.0 | Last price: $94.30
2026-10-01 19:02:56,341 | [CHD] ACTION: No trade.
2026-10-01 19:02:56,361 | [CHRW] trending (ADX 35.5) -> trend-following strategy | Signal: HOLD | Shares held: 0.0 | Last price: $152.77
2026-10-01 19:02:56,361 | [CHRW] ACTION: No trade.
2026-10-01 19:02:56,380 | [CHTR] choppy/sideways (ADX 22.9) -> mean-reversion strategy | Signal: HOLD | Shares held: 0.0 | Last price: $112.22
2026-10-01 19:02:56,380 | [CHTR] ACTION: No trade.
2026-10-01 19:02:56,400 | [CI] choppy/sideways (ADX 21.5) -> mean-reversion strategy | Signal: HOLD | Shares held: 0.0 | Last price: $268.42
2026-10-01 19:02:56,400 | [CI] ACTION: No trade.
2026-10-01 19:02:56,420 | [CIEN] trending (ADX 60.6) -> trend-following strategy | Signal: HOLD | Shares held: 0.0 | Last price: $378.71
2026-10-01 19:02:56,420 | [CIEN] ACTION: No trade.
2026-10-01 19:02:56,440 | [CINF] choppy/sideways (ADX 24.0) -> mean-reversion strategy | Signal: HOLD | Shares held: 0.0 | Last price: $161.62
2026-10-01 19:02:56,440 | [CINF] ACTION: No trade.
2026-10-01 19:02:56,459 | [CL] trending (ADX 28.9) -> trend-following strategy | Signal: HOLD | Shares held: 0.0 | Last price: $84.73
2026-10-01 19:02:56,459 | [CL] ACTION: No trade.
2026-10-01 19:02:56,479 | [CLX] choppy/sideways (ADX 16.8) -> mean-reversion strategy | Signal: HOLD | Shares held: 0.0 | Last price: $80.37
2026-10-01 19:02:56,479 | [CLX] ACTION: No trade.
2026-10-01 19:02:56,499 | [CMCSA] choppy/sideways (ADX 19.6) -> mean-reversion strategy | Signal: HOLD | Shares held: 0.0 | Last price: $21.77
2026-10-01 19:02:56,499 | [CMCSA] ACTION: No trade.
2026-10-01 19:02:56,519 | [CME] choppy/sideways (ADX 23.9) -> mean-reversion strategy | Signal: HOLD | Shares held: 0.0 | Last price: $265.35
2026-10-01 19:02:56,519 | [CME] ACTION: No trade.
2026-10-01 19:02:56,538 | [CMG] choppy/sideways (ADX 13.3) -> mean-reversion strategy | Signal: HOLD | Shares held: 0.0 | Last price: $32.10
2026-10-01 19:02:56,538 | [CMG] ACTION: No trade.
2026-10-01 19:02:56,558 | [CMI] trending (ADX 29.1) -> trend-following strategy | Signal: HOLD | Shares held: 0.0 | Last price: $513.66
2026-10-01 19:02:56,558 | [CMI] ACTION: No trade.
2026-10-01 19:02:56,578 | [CMS] choppy/sideways (ADX 19.3) -> mean-reversion strategy | Signal: HOLD | Shares held: 0.0 | Last price: $63.46
2026-10-01 19:02:56,578 | [CMS] ACTION: No trade.
2026-10-01 19:02:56,598 | [CNC] choppy/sideways (ADX 12.7) -> mean-reversion strategy | Signal: HOLD | Shares held: 0.0 | Last price: $61.20
2026-10-01 19:02:56,598 | [CNC] ACTION: No trade.
2026-10-01 19:02:56,617 | [CNP] choppy/sideways (ADX 20.2) -> mean-reversion strategy | Signal: HOLD | Shares held: 0.0 | Last price: $36.93
2026-10-01 19:02:56,617 | [CNP] ACTION: No trade.
2026-10-01 19:02:56,637 | [COF] choppy/sideways (ADX 22.4) -> mean-reversion strategy | Signal: HOLD | Shares held: 0.0 | Last price: $192.95
2026-10-01 19:02:56,637 | [COF] ACTION: No trade.
2026-10-01 19:02:56,657 | [COHR] trending (ADX 52.0) -> trend-following strategy | Signal: HOLD | Shares held: 0.0 | Last price: $319.67
2026-10-01 19:02:56,657 | [COHR] ACTION: No trade.
2026-10-01 19:02:56,677 | [COIN] trending (ADX 29.6) -> trend-following strategy | Signal: HOLD | Shares held: 0.0 | Last price: $190.26
2026-10-01 19:02:56,677 | [COIN] ACTION: No trade.
2026-10-01 19:02:56,697 | [COO] choppy/sideways (ADX 19.5) -> mean-reversion strategy | Signal: HOLD | Shares held: 0.0 | Last price: $57.28
2026-10-01 19:02:56,698 | [COO] ACTION: No trade.
2026-10-01 19:02:56,717 | [COP] choppy/sideways (ADX 13.2) -> mean-reversion strategy | Signal: HOLD | Shares held: 0.0 | Last price: $126.86
2026-10-01 19:02:56,717 | [COP] ACTION: No trade.
2026-10-01 19:02:56,737 | [COR] trending (ADX 42.0) -> trend-following strategy | Signal: HOLD | Shares held: 0.0 | Last price: $309.60
2026-10-01 19:02:56,737 | [COR] ACTION: No trade.
2026-10-01 19:02:56,758 | [COST] choppy/sideways (ADX 14.2) -> mean-reversion strategy | Signal: HOLD | Shares held: 0.0 | Last price: $914.71
2026-10-01 19:02:56,758 | [COST] ACTION: No trade.
2026-10-01 19:02:56,777 | [CPAY] choppy/sideways (ADX 22.8) -> mean-reversion strategy | Signal: HOLD | Shares held: 0.0 | Last price: $389.64
2026-10-01 19:02:56,777 | [CPAY] ACTION: No trade.
2026-10-01 19:02:56,797 | [CPRT] choppy/sideways (ADX 19.1) -> mean-reversion strategy | Signal: HOLD | Shares held: 0.0 | Last price: $27.23
2026-10-01 19:02:56,797 | [CPRT] ACTION: No trade.
2026-10-01 19:02:56,817 | [CPT] trending (ADX 32.8) -> trend-following strategy | Signal: HOLD | Shares held: 0.0 | Last price: $96.09
2026-10-01 19:02:56,817 | [CPT] ACTION: No trade.
2026-10-01 19:02:56,837 | [CRH] trending (ADX 29.3) -> trend-following strategy | Signal: HOLD | Shares held: 0.0 | Last price: $81.71
2026-10-01 19:02:56,837 | [CRH] ACTION: No trade.
2026-10-01 19:02:56,858 | [CRL] trending (ADX 41.5) -> trend-following strategy | Signal: HOLD | Shares held: 0.0 | Last price: $288.21
2026-10-01 19:02:56,858 | [CRL] ACTION: No trade.
2026-10-01 19:02:56,878 | [CRM] trending (ADX 26.6) -> trend-following strategy | Signal: HOLD | Shares held: 0.0 | Last price: $235.77
2026-10-01 19:02:56,878 | [CRM] ACTION: No trade.
2026-10-01 19:02:56,899 | [CRWD] choppy/sideways (ADX 17.4) -> mean-reversion strategy | Signal: HOLD | Shares held: 0.0 | Last price: $266.21
2026-10-01 19:02:56,899 | [CRWD] ACTION: No trade.
2026-10-01 19:02:56,919 | [CSCO] choppy/sideways (ADX 13.1) -> mean-reversion strategy | Signal: HOLD | Shares held: 0.0 | Last price: $108.64
2026-10-01 19:02:56,919 | [CSCO] ACTION: No trade.
2026-10-01 19:02:56,940 | [CSGP] choppy/sideways (ADX 20.9) -> mean-reversion strategy | Signal: HOLD | Shares held: 0.0 | Last price: $27.73
2026-10-01 19:02:56,940 | [CSGP] ACTION: No trade.
2026-10-01 19:02:56,960 | [CSX] trending (ADX 45.5) -> trend-following strategy | Signal: HOLD | Shares held: 0.0 | Last price: $46.17
2026-10-01 19:02:56,960 | [CSX] ACTION: No trade.
2026-10-01 19:02:56,980 | [CTAS] choppy/sideways (ADX 17.6) -> mean-reversion strategy | Signal: HOLD | Shares held: 0.0 | Last price: $195.17
2026-10-01 19:02:56,980 | [CTAS] ACTION: No trade.
2026-10-01 19:02:57,000 | [CTSH] trending (ADX 33.4) -> trend-following strategy | Signal: HOLD | Shares held: 0.0 | Last price: $61.87
2026-10-01 19:02:57,000 | [CTSH] ACTION: No trade.
2026-10-01 19:02:57,020 | [CTVA] trending (ADX 82.0) -> trend-following strategy | Signal: HOLD | Shares held: 0.0 | Last price: $12.27
2026-10-01 19:02:57,020 | [CTVA] ACTION: No trade.
2026-10-01 19:02:57,040 | [CVNA] trending (ADX 25.5) -> trend-following strategy | Signal: HOLD | Shares held: 0.0 | Last price: $62.82
2026-10-01 19:02:57,040 | [CVNA] ACTION: No trade.
2026-10-01 19:02:57,060 | [CVS] choppy/sideways (ADX 19.1) -> mean-reversion strategy | Signal: HOLD | Shares held: 0.0 | Last price: $85.14
2026-10-01 19:02:57,060 | [CVS] ACTION: No trade.
2026-10-01 19:02:57,080 | [CVX] choppy/sideways (ADX 10.3) -> mean-reversion strategy | Signal: HOLD | Shares held: 0.0 | Last price: $206.86
2026-10-01 19:02:57,080 | [CVX] ACTION: No trade.
2026-10-01 19:02:57,100 | [D] choppy/sideways (ADX 18.9) -> mean-reversion strategy | Signal: HOLD | Shares held: 0.0 | Last price: $60.62
2026-10-01 19:02:57,100 | [D] ACTION: No trade.
2026-10-01 19:02:57,120 | [DAL] choppy/sideways (ADX 13.0) -> mean-reversion strategy | Signal: HOLD | Shares held: 0.0 | Last price: $83.67
2026-10-01 19:02:57,120 | [DAL] ACTION: No trade.
2026-10-01 19:02:57,139 | [DASH] choppy/sideways (ADX 13.5) -> mean-reversion strategy | Signal: HOLD | Shares held: 0.0 | Last price: $182.29
2026-10-01 19:02:57,139 | [DASH] ACTION: No trade.
2026-10-01 19:02:57,159 | [DD] choppy/sideways (ADX 18.9) -> mean-reversion strategy | Signal: HOLD | Shares held: 0.0 | Last price: $129.58
2026-10-01 19:02:57,159 | [DD] ACTION: No trade.
2026-10-01 19:02:57,180 | [DDOG] choppy/sideways (ADX 18.5) -> mean-reversion strategy | Signal: HOLD | Shares held: 0.0 | Last price: $276.77
2026-10-01 19:02:57,180 | [DDOG] ACTION: No trade.
2026-10-01 19:02:57,200 | [DE] trending (ADX 33.9) -> trend-following strategy | Signal: HOLD | Shares held: 0.0 | Last price: $662.50
2026-10-01 19:02:57,200 | [DE] ACTION: No trade.
2026-10-01 19:02:57,220 | [DECK] trending (ADX 31.6) -> trend-following strategy | Signal: HOLD | Shares held: 0.0 | Last price: $79.48
2026-10-01 19:02:57,220 | [DECK] ACTION: No trade.
2026-10-01 19:02:57,240 | [DELL] choppy/sideways (ADX 17.1) -> mean-reversion strategy | Signal: HOLD | Shares held: 0.0 | Last price: $541.47
2026-10-01 19:02:57,240 | [DELL] ACTION: No trade.
2026-10-01 19:02:57,261 | [DG] choppy/sideways (ADX 16.6) -> mean-reversion strategy | Signal: HOLD | Shares held: 0.0 | Last price: $119.15
2026-10-01 19:02:57,261 | [DG] ACTION: No trade.
2026-10-01 19:02:57,281 | [DGX] trending (ADX 35.1) -> trend-following strategy | Signal: HOLD | Shares held: 0.0 | Last price: $231.16
2026-10-01 19:02:57,281 | [DGX] ACTION: No trade.
2026-10-01 19:02:57,300 | [DHI] trending (ADX 29.4) -> trend-following strategy | Signal: HOLD | Shares held: 0.0 | Last price: $137.00
2026-10-01 19:02:57,300 | [DHI] ACTION: No trade.
2026-10-01 19:02:57,320 | [DHR] trending (ADX 63.0) -> trend-following strategy | Signal: HOLD | Shares held: 0.0 | Last price: $213.24
2026-10-01 19:02:57,320 | [DHR] ACTION: No trade.
2026-10-01 19:02:57,341 | [DIS] trending (ADX 62.0) -> trend-following strategy | Signal: HOLD | Shares held: 0.0 | Last price: $101.62
2026-10-01 19:02:57,341 | [DIS] ACTION: No trade.
2026-10-01 19:02:57,361 | [DLR] choppy/sideways (ADX 24.3) -> mean-reversion strategy | Signal: HOLD | Shares held: 0.0 | Last price: $176.29
2026-10-01 19:02:57,361 | [DLR] ACTION: No trade.
2026-10-01 19:02:57,381 | [DLTR] trending (ADX 30.7) -> trend-following strategy | Signal: HOLD | Shares held: 0.0 | Last price: $114.81
2026-10-01 19:02:57,381 | [DLTR] ACTION: No trade.
2026-10-01 19:02:57,401 | [DOC] trending (ADX 41.8) -> trend-following strategy | Signal: HOLD | Shares held: 0.0 | Last price: $19.45
2026-10-01 19:02:57,401 | [DOC] ACTION: No trade.
2026-10-01 19:02:57,421 | [DOV] choppy/sideways (ADX 21.6) -> mean-reversion strategy | Signal: HOLD | Shares held: 0.0 | Last price: $188.58
2026-10-01 19:02:57,421 | [DOV] ACTION: No trade.
2026-10-01 19:02:57,441 | [DOW] choppy/sideways (ADX 20.4) -> mean-reversion strategy | Signal: HOLD | Shares held: 0.0 | Last price: $27.57
2026-10-01 19:02:57,441 | [DOW] ACTION: No trade.
2026-10-01 19:02:57,461 | [DPZ] choppy/sideways (ADX 15.3) -> mean-reversion strategy | Signal: HOLD | Shares held: 0.0 | Last price: $296.81
2026-10-01 19:02:57,461 | [DPZ] ACTION: No trade.
2026-10-01 19:02:57,481 | [DRI] choppy/sideways (ADX 19.9) -> mean-reversion strategy | Signal: HOLD | Shares held: 0.0 | Last price: $195.57
2026-10-01 19:02:57,481 | [DRI] ACTION: No trade.
2026-10-01 19:02:57,501 | [DTE] choppy/sideways (ADX 19.5) -> mean-reversion strategy | Signal: HOLD | Shares held: 0.0 | Last price: $122.98
2026-10-01 19:02:57,502 | [DTE] ACTION: No trade.
2026-10-01 19:02:57,522 | [DUK] choppy/sideways (ADX 12.7) -> mean-reversion strategy | Signal: HOLD | Shares held: 0.0 | Last price: $113.60
2026-10-01 19:02:57,522 | [DUK] ACTION: No trade.
2026-10-01 19:02:57,542 | [DVA] choppy/sideways (ADX 20.1) -> mean-reversion strategy | Signal: HOLD | Shares held: 0.0 | Last price: $177.69
2026-10-01 19:02:57,542 | [DVA] ACTION: No trade.
2026-10-01 19:02:57,562 | [DVN] choppy/sideways (ADX 16.3) -> mean-reversion strategy | Signal: HOLD | Shares held: 0.0 | Last price: $46.98
2026-10-01 19:02:57,563 | [DVN] ACTION: No trade.
2026-10-01 19:02:57,583 | [DXCM] choppy/sideways (ADX 9.4) -> mean-reversion strategy | Signal: HOLD | Shares held: 0.0 | Last price: $86.33
2026-10-01 19:02:57,583 | [DXCM] ACTION: No trade.
2026-10-01 19:02:57,605 | [EBAY] choppy/sideways (ADX 20.2) -> mean-reversion strategy | Signal: HOLD | Shares held: 0.0 | Last price: $106.02
2026-10-01 19:02:57,605 | [EBAY] ACTION: No trade.
2026-10-01 19:02:57,625 | [ECHO] choppy/sideways (ADX 13.6) -> mean-reversion strategy | Signal: HOLD | Shares held: 0.0 | Last price: $88.38
2026-10-01 19:02:57,626 | [ECHO] ACTION: No trade.
2026-10-01 19:02:57,646 | [ECL] trending (ADX 31.5) -> trend-following strategy | Signal: HOLD | Shares held: 0.0 | Last price: $271.01
2026-10-01 19:02:57,646 | [ECL] ACTION: No trade.
2026-10-01 19:02:57,666 | [ED] choppy/sideways (ADX 11.5) -> mean-reversion strategy | Signal: HOLD | Shares held: 0.0 | Last price: $103.33
2026-10-01 19:02:57,667 | [ED] ACTION: No trade.
2026-10-01 19:02:57,687 | [EFX] trending (ADX 30.5) -> trend-following strategy | Signal: HOLD | Shares held: 0.0 | Last price: $140.98
2026-10-01 19:02:57,687 | [EFX] ACTION: No trade.
2026-10-01 19:02:57,707 | [EG] choppy/sideways (ADX 14.8) -> mean-reversion strategy | Signal: HOLD | Shares held: 0.0 | Last price: $367.97
2026-10-01 19:02:57,707 | [EG] ACTION: No trade.
2026-10-01 19:02:57,727 | [EIX] choppy/sideways (ADX 20.5) -> mean-reversion strategy | Signal: HOLD | Shares held: 0.0 | Last price: $53.62
2026-10-01 19:02:57,727 | [EIX] ACTION: No trade.
2026-10-01 19:02:57,747 | [EL] trending (ADX 41.4) -> trend-following strategy | Signal: HOLD | Shares held: 0.0 | Last price: $90.29
2026-10-01 19:02:57,747 | [EL] ACTION: No trade.
2026-10-01 19:02:57,767 | [ELV] trending (ADX 38.9) -> trend-following strategy | Signal: HOLD | Shares held: 0.0 | Last price: $381.81
2026-10-01 19:02:57,767 | [ELV] ACTION: No trade.
2026-10-01 19:02:57,787 | [EME] choppy/sideways (ADX 11.4) -> mean-reversion strategy | Signal: HOLD | Shares held: 0.0 | Last price: $766.06
2026-10-01 19:02:57,787 | [EME] ACTION: No trade.
2026-10-01 19:02:57,807 | [EMR] choppy/sideways (ADX 15.2) -> mean-reversion strategy | Signal: HOLD | Shares held: 0.0 | Last price: $158.28
2026-10-01 19:02:57,807 | [EMR] ACTION: No trade.
2026-10-01 19:02:57,827 | [EOG] trending (ADX 27.3) -> trend-following strategy | Signal: HOLD | Shares held: 0.0 | Last price: $141.58
2026-10-01 19:02:57,827 | [EOG] ACTION: No trade.
2026-10-01 19:02:57,848 | [EQIX] choppy/sideways (ADX 19.5) -> mean-reversion strategy | Signal: HOLD | Shares held: 0.0 | Last price: $1015.03
2026-10-01 19:02:57,848 | [EQIX] ACTION: No trade.
2026-10-01 19:02:57,868 | [EQT] choppy/sideways (ADX 22.5) -> mean-reversion strategy | Signal: HOLD | Shares held: 0.0 | Last price: $49.76
2026-10-01 19:02:57,868 | [EQT] ACTION: No trade.
2026-10-01 19:02:57,888 | [ES] choppy/sideways (ADX 19.5) -> mean-reversion strategy | Signal: HOLD | Shares held: 0.0 | Last price: $64.12
2026-10-01 19:02:57,888 | [ES] ACTION: No trade.
2026-10-01 19:02:57,908 | [ESS] choppy/sideways (ADX 19.8) -> mean-reversion strategy | Signal: HOLD | Shares held: 0.0 | Last price: $268.63
2026-10-01 19:02:57,908 | [ESS] ACTION: No trade.
2026-10-01 19:02:57,928 | [ETN] choppy/sideways (ADX 23.9) -> mean-reversion strategy | Signal: HOLD | Shares held: 0.0 | Last price: $438.60
2026-10-01 19:02:57,929 | [ETN] ACTION: No trade.
2026-10-01 19:02:57,949 | [ETR] choppy/sideways (ADX 20.3) -> mean-reversion strategy | Signal: HOLD | Shares held: 0.0 | Last price: $100.16
2026-10-01 19:02:57,949 | [ETR] ACTION: No trade.
2026-10-01 19:02:57,969 | [EVRG] choppy/sideways (ADX 15.5) -> mean-reversion strategy | Signal: HOLD | Shares held: 0.0 | Last price: $78.58
2026-10-01 19:02:57,969 | [EVRG] ACTION: No trade.
2026-10-01 19:02:57,989 | [EW] trending (ADX 40.9) -> trend-following strategy | Signal: HOLD | Shares held: 0.0 | Last price: $84.83
2026-10-01 19:02:57,989 | [EW] ACTION: No trade.
2026-10-01 19:02:58,010 | [EXC] choppy/sideways (ADX 16.7) -> mean-reversion strategy | Signal: HOLD | Shares held: 0.0 | Last price: $40.40
2026-10-01 19:02:58,010 | [EXC] ACTION: No trade.
2026-10-01 19:02:58,030 | [EXE] trending (ADX 25.6) -> trend-following strategy | Signal: HOLD | Shares held: 0.0 | Last price: $85.88
2026-10-01 19:02:58,030 | [EXE] ACTION: No trade.
2026-10-01 19:02:58,050 | [EXPD] choppy/sideways (ADX 13.2) -> mean-reversion strategy | Signal: HOLD | Shares held: 0.0 | Last price: $187.08
2026-10-01 19:02:58,050 | [EXPD] ACTION: No trade.
2026-10-01 19:02:58,070 | [EXPE] choppy/sideways (ADX 19.3) -> mean-reversion strategy | Signal: HOLD | Shares held: 0.0 | Last price: $263.06
2026-10-01 19:02:58,070 | [EXPE] ACTION: No trade.
2026-10-01 19:02:58,090 | [EXR] choppy/sideways (ADX 17.7) -> mean-reversion strategy | Signal: HOLD | Shares held: 0.0 | Last price: $132.91
2026-10-01 19:02:58,090 | [EXR] ACTION: No trade.
2026-10-01 19:02:58,110 | [F] trending (ADX 26.1) -> trend-following strategy | Signal: HOLD | Shares held: 0.0 | Last price: $12.19
2026-10-01 19:02:58,110 | [F] ACTION: No trade.
2026-10-01 19:02:58,130 | [FANG] choppy/sideways (ADX 19.4) -> mean-reversion strategy | Signal: HOLD | Shares held: 0.0 | Last price: $184.62
2026-10-01 19:02:58,130 | [FANG] ACTION: No trade.
2026-10-01 19:02:58,150 | [FAST] choppy/sideways (ADX 19.3) -> mean-reversion strategy | Signal: HOLD | Shares held: 0.0 | Last price: $49.93
2026-10-01 19:02:58,150 | [FAST] ACTION: No trade.
2026-10-01 19:02:58,171 | [FCX] choppy/sideways (ADX 22.2) -> mean-reversion strategy | Signal: HOLD | Shares held: 0.0 | Last price: $69.27
2026-10-01 19:02:58,171 | [FCX] ACTION: No trade.
2026-10-01 19:02:58,191 | [FDS] trending (ADX 31.3) -> trend-following strategy | Signal: HOLD | Shares held: 0.0 | Last price: $277.54
2026-10-01 19:02:58,191 | [FDS] ACTION: No trade.
2026-10-01 19:02:58,211 | [FDX] choppy/sideways (ADX 21.8) -> mean-reversion strategy | Signal: HOLD | Shares held: 0.0 | Last price: $286.78
2026-10-01 19:02:58,211 | [FDX] ACTION: No trade.
2026-10-01 19:02:58,231 | [FDXF] choppy/sideways (ADX 19.4) -> mean-reversion strategy | Signal: HOLD | Shares held: 0.0 | Last price: $111.39
2026-10-01 19:02:58,231 | [FDXF] ACTION: No trade.
2026-10-01 19:02:58,252 | [FE] choppy/sideways (ADX 15.1) -> mean-reversion strategy | Signal: HOLD | Shares held: 0.0 | Last price: $43.27
2026-10-01 19:02:58,252 | [FE] ACTION: No trade.
2026-10-01 19:02:58,272 | [FERG] choppy/sideways (ADX 23.3) -> mean-reversion strategy | Signal: HOLD | Shares held: 0.0 | Last price: $222.91
2026-10-01 19:02:58,272 | [FERG] ACTION: No trade.
2026-10-01 19:02:58,292 | [FFIV] choppy/sideways (ADX 17.6) -> mean-reversion strategy | Signal: HOLD | Shares held: 0.0 | Last price: $448.29
2026-10-01 19:02:58,292 | [FFIV] ACTION: No trade.
2026-10-01 19:02:58,311 | [FICO] trending (ADX 51.8) -> trend-following strategy | Signal: HOLD | Shares held: 0.0 | Last price: $667.18
2026-10-01 19:02:58,311 | [FICO] ACTION: No trade.
2026-10-01 19:02:58,331 | [FIS] trending (ADX 29.3) -> trend-following strategy | Signal: HOLD | Shares held: 0.0 | Last price: $33.24
2026-10-01 19:02:58,331 | [FIS] ACTION: No trade.
2026-10-01 19:02:58,351 | [FISV] choppy/sideways (ADX 15.0) -> mean-reversion strategy | Signal: HOLD | Shares held: 0.0 | Last price: $45.41
2026-10-01 19:02:58,351 | [FISV] ACTION: No trade.
2026-10-01 19:02:58,371 | [FITB] trending (ADX 29.1) -> trend-following strategy | Signal: HOLD | Shares held: 0.0 | Last price: $50.02
2026-10-01 19:02:58,371 | [FITB] ACTION: No trade.
2026-10-01 19:02:58,391 | [FIX] choppy/sideways (ADX 13.5) -> mean-reversion strategy | Signal: HOLD | Shares held: 0.0 | Last price: $1681.70
2026-10-01 19:02:58,391 | [FIX] ACTION: No trade.
2026-10-01 19:02:58,410 | [FLEX] choppy/sideways (ADX 21.6) -> mean-reversion strategy | Signal: HOLD | Shares held: 0.0 | Last price: $113.27
2026-10-01 19:02:58,411 | [FLEX] ACTION: No trade.
2026-10-01 19:02:58,431 | [FOXA] trending (ADX 48.0) -> trend-following strategy | Signal: HOLD | Shares held: 0.0 | Last price: $60.80
2026-10-01 19:02:58,431 | [FOXA] ACTION: No trade.
2026-10-01 19:02:58,451 | [FRT] choppy/sideways (ADX 21.0) -> mean-reversion strategy | Signal: HOLD | Shares held: 0.0 | Last price: $107.39
2026-10-01 19:02:58,451 | [FRT] ACTION: No trade.
2026-10-01 19:02:58,471 | [FSLR] choppy/sideways (ADX 18.2) -> mean-reversion strategy | Signal: HOLD | Shares held: 0.0 | Last price: $173.76
2026-10-01 19:02:58,471 | [FSLR] ACTION: No trade.
2026-10-01 19:02:58,491 | [FTNT] trending (ADX 34.2) -> trend-following strategy | Signal: HOLD | Shares held: 0.0 | Last price: $178.06
2026-10-01 19:02:58,491 | [FTNT] ACTION: No trade.
2026-10-01 19:02:58,512 | [FTV] choppy/sideways (ADX 21.8) -> mean-reversion strategy | Signal: HOLD | Shares held: 0.0 | Last price: $55.41
2026-10-01 19:02:58,512 | [FTV] ACTION: No trade.
2026-10-01 19:02:58,532 | [GD] choppy/sideways (ADX 19.9) -> mean-reversion strategy | Signal: HOLD | Shares held: 0.0 | Last price: $332.96
2026-10-01 19:02:58,532 | [GD] ACTION: No trade.
2026-10-01 19:02:58,552 | [GDDY] trending (ADX 27.8) -> trend-following strategy | Signal: HOLD | Shares held: 0.0 | Last price: $97.41
2026-10-01 19:02:58,552 | [GDDY] ACTION: No trade.
2026-10-01 19:02:58,572 | [GE] choppy/sideways (ADX 23.2) -> mean-reversion strategy | Signal: HOLD | Shares held: 0.0 | Last price: $312.82
2026-10-01 19:02:58,572 | [GE] ACTION: No trade.
2026-10-01 19:02:58,592 | [GEHC] trending (ADX 41.7) -> trend-following strategy | Signal: HOLD | Shares held: 0.0 | Last price: $64.14
2026-10-01 19:02:58,592 | [GEHC] ACTION: No trade.
2026-10-01 19:02:58,613 | [GEN] choppy/sideways (ADX 18.9) -> mean-reversion strategy | Signal: HOLD | Shares held: 0.0 | Last price: $22.18
2026-10-01 19:02:58,613 | [GEN] ACTION: No trade.
2026-10-01 19:02:58,633 | [GEV] trending (ADX 35.7) -> trend-following strategy | Signal: HOLD | Shares held: 0.0 | Last price: $989.89
2026-10-01 19:02:58,633 | [GEV] ACTION: No trade.
2026-10-01 19:02:58,653 | [GILD] trending (ADX 26.5) -> trend-following strategy | Signal: HOLD | Shares held: 0.0 | Last price: $147.91
2026-10-01 19:02:58,653 | [GILD] ACTION: No trade.
2026-10-01 19:02:58,674 | [GIS] trending (ADX 49.5) -> trend-following strategy | Signal: HOLD | Shares held: 0.0 | Last price: $31.68
2026-10-01 19:02:58,674 | [GIS] ACTION: No trade.
2026-10-01 19:02:58,694 | [GLW] trending (ADX 26.6) -> trend-following strategy | Signal: HOLD | Shares held: 0.0 | Last price: $160.94
2026-10-01 19:02:58,694 | [GLW] ACTION: No trade.
2026-10-01 19:02:58,714 | [GM] trending (ADX 33.8) -> trend-following strategy | Signal: HOLD | Shares held: 0.0 | Last price: $78.69
2026-10-01 19:02:58,715 | [GM] ACTION: No trade.
2026-10-01 19:02:58,735 | [GNRC] choppy/sideways (ADX 15.8) -> mean-reversion strategy | Signal: HOLD | Shares held: 0.0 | Last price: $207.09
2026-10-01 19:02:58,735 | [GNRC] ACTION: No trade.
2026-10-01 19:02:58,755 | [GOOG] trending (ADX 33.2) -> trend-following strategy | Signal: HOLD | Shares held: 0.0 | Last price: $335.44
2026-10-01 19:02:58,755 | [GOOG] ACTION: No trade.
2026-10-01 19:02:58,776 | [GOOGL] trending (ADX 33.2) -> trend-following strategy | Signal: HOLD | Shares held: 0.0 | Last price: $338.37
2026-10-01 19:02:58,776 | [GOOGL] ACTION: No trade.
2026-10-01 19:02:58,796 | [GPC] trending (ADX 31.7) -> trend-following strategy | Signal: HOLD | Shares held: 0.0 | Last price: $125.32
2026-10-01 19:02:58,796 | [GPC] ACTION: No trade.
2026-10-01 19:02:58,816 | [GPN] choppy/sideways (ADX 19.1) -> mean-reversion strategy | Signal: HOLD | Shares held: 0.0 | Last price: $80.20
2026-10-01 19:02:58,816 | [GPN] ACTION: No trade.
2026-10-01 19:02:58,837 | [GRMN] choppy/sideways (ADX 16.2) -> mean-reversion strategy | Signal: HOLD | Shares held: 0.0 | Last price: $285.72
2026-10-01 19:02:58,837 | [GRMN] ACTION: No trade.
2026-10-01 19:02:58,858 | [GS] trending (ADX 30.8) -> trend-following strategy | Signal: HOLD | Shares held: 0.0 | Last price: $894.63
2026-10-01 19:02:58,858 | [GS] ACTION: No trade.
2026-10-01 19:02:58,878 | [GWW] trending (ADX 27.7) -> trend-following strategy | Signal: HOLD | Shares held: 0.0 | Last price: $1274.47
2026-10-01 19:02:58,878 | [GWW] ACTION: No trade.
2026-10-01 19:02:58,898 | [HAL] choppy/sideways (ADX 24.1) -> mean-reversion strategy | Signal: HOLD | Shares held: 0.0 | Last price: $31.75
2026-10-01 19:02:58,898 | [HAL] ACTION: No trade.
2026-10-01 19:02:58,919 | [HAS] trending (ADX 29.9) -> trend-following strategy | Signal: HOLD | Shares held: 0.0 | Last price: $90.14
2026-10-01 19:02:58,919 | [HAS] ACTION: No trade.
2026-10-01 19:02:58,939 | [HBAN] choppy/sideways (ADX 17.4) -> mean-reversion strategy | Signal: HOLD | Shares held: 0.0 | Last price: $15.10
2026-10-01 19:02:58,940 | [HBAN] ACTION: No trade.
2026-10-01 19:02:58,960 | [HCA] choppy/sideways (ADX 18.9) -> mean-reversion strategy | Signal: HOLD | Shares held: 0.0 | Last price: $425.47
2026-10-01 19:02:58,960 | [HCA] ACTION: No trade.
2026-10-01 19:02:58,980 | [HD] choppy/sideways (ADX 20.3) -> mean-reversion strategy | Signal: HOLD | Shares held: 0.0 | Last price: $282.56
2026-10-01 19:02:58,980 | [HD] ACTION: No trade.
2026-10-01 19:02:59,001 | [HIG] trending (ADX 31.6) -> trend-following strategy | Signal: HOLD | Shares held: 0.0 | Last price: $125.00
2026-10-01 19:02:59,001 | [HIG] ACTION: No trade.
2026-10-01 19:02:59,022 | [HII] trending (ADX 41.7) -> trend-following strategy | Signal: HOLD | Shares held: 0.0 | Last price: $271.49
2026-10-01 19:02:59,022 | [HII] ACTION: No trade.
2026-10-01 19:02:59,042 | [HLT] choppy/sideways (ADX 23.6) -> mean-reversion strategy | Signal: HOLD | Shares held: 0.0 | Last price: $316.49
2026-10-01 19:02:59,043 | [HLT] ACTION: No trade.
2026-10-01 19:02:59,063 | [HON] choppy/sideways (ADX 21.3) -> mean-reversion strategy | Signal: HOLD | Shares held: 0.0 | Last price: $214.52
2026-10-01 19:02:59,063 | [HON] ACTION: No trade.
2026-10-01 19:02:59,083 | [HONA] choppy/sideways (ADX 14.6) -> mean-reversion strategy | Signal: HOLD | Shares held: 0.0 | Last price: $154.41
2026-10-01 19:02:59,083 | [HONA] ACTION: No trade.
2026-10-01 19:02:59,103 | [HOOD] choppy/sideways (ADX 12.9) -> mean-reversion strategy | Signal: HOLD | Shares held: 0.0 | Last price: $111.86
2026-10-01 19:02:59,104 | [HOOD] ACTION: No trade.
2026-10-01 19:02:59,124 | [HPE] trending (ADX 25.2) -> trend-following strategy | Signal: HOLD | Shares held: 0.0 | Last price: $65.07
2026-10-01 19:02:59,124 | [HPE] ACTION: No trade.
2026-10-01 19:02:59,144 | [HPQ] trending (ADX 34.3) -> trend-following strategy | Signal: HOLD | Shares held: 0.0 | Last price: $32.23
2026-10-01 19:02:59,144 | [HPQ] ACTION: No trade.
2026-10-01 19:02:59,164 | [HST] choppy/sideways (ADX 24.8) -> mean-reversion strategy | Signal: HOLD | Shares held: 0.0 | Last price: $22.46
2026-10-01 19:02:59,165 | [HST] ACTION: No trade.
2026-10-01 19:02:59,185 | [HSY] choppy/sideways (ADX 12.2) -> mean-reversion strategy | Signal: HOLD | Shares held: 0.0 | Last price: $159.45
2026-10-01 19:02:59,185 | [HSY] ACTION: No trade.
2026-10-01 19:02:59,205 | [HUBB] trending (ADX 26.2) -> trend-following strategy | Signal: HOLD | Shares held: 0.0 | Last price: $465.26
2026-10-01 19:02:59,205 | [HUBB] ACTION: No trade.
2026-10-01 19:02:59,225 | [HUM] choppy/sideways (ADX 23.8) -> mean-reversion strategy | Signal: HOLD | Shares held: 0.0 | Last price: $379.68
2026-10-01 19:02:59,225 | [HUM] ACTION: No trade.
2026-10-01 19:02:59,245 | [HWM] choppy/sideways (ADX 12.8) -> mean-reversion strategy | Signal: HOLD | Shares held: 0.0 | Last price: $228.64
2026-10-01 19:02:59,245 | [HWM] ACTION: No trade.
2026-10-01 19:02:59,266 | [IBKR] trending (ADX 27.5) -> trend-following strategy | Signal: HOLD | Shares held: 0.0 | Last price: $86.06
2026-10-01 19:02:59,266 | [IBKR] ACTION: No trade.
2026-10-01 19:02:59,286 | [IBM] trending (ADX 31.9) -> trend-following strategy | Signal: HOLD | Shares held: 0.0 | Last price: $226.80
2026-10-01 19:02:59,286 | [IBM] ACTION: No trade.
2026-10-01 19:02:59,306 | [ICE] choppy/sideways (ADX 15.0) -> mean-reversion strategy | Signal: HOLD | Shares held: 0.0 | Last price: $150.87
2026-10-01 19:02:59,306 | [ICE] ACTION: No trade.
2026-10-01 19:02:59,326 | [IDXX] trending (ADX 31.3) -> trend-following strategy | Signal: HOLD | Shares held: 0.0 | Last price: $520.35
2026-10-01 19:02:59,326 | [IDXX] ACTION: No trade.
2026-10-01 19:02:59,346 | [IEX] choppy/sideways (ADX 16.4) -> mean-reversion strategy | Signal: HOLD | Shares held: 0.0 | Last price: $231.09
2026-10-01 19:02:59,346 | [IEX] ACTION: No trade.
2026-10-01 19:02:59,367 | [IFF] trending (ADX 29.6) -> trend-following strategy | Signal: HOLD | Shares held: 0.0 | Last price: $82.88
2026-10-01 19:02:59,367 | [IFF] ACTION: No trade.
2026-10-01 19:02:59,387 | [ILMN] choppy/sideways (ADX 23.1) -> mean-reversion strategy | Signal: HOLD | Shares held: 0.0 | Last price: $269.27
2026-10-01 19:02:59,387 | [ILMN] ACTION: No trade.
2026-10-01 19:02:59,407 | [INCY] trending (ADX 51.6) -> trend-following strategy | Signal: HOLD | Shares held: 0.0 | Last price: $118.64
2026-10-01 19:02:59,407 | [INCY] ACTION: No trade.
2026-10-01 19:02:59,427 | [INTC] choppy/sideways (ADX 16.4) -> mean-reversion strategy | Signal: HOLD | Shares held: 0.0 | Last price: $120.85
2026-10-01 19:02:59,427 | [INTC] ACTION: No trade.
2026-10-01 19:02:59,447 | [INTU] trending (ADX 36.2) -> trend-following strategy | Signal: HOLD | Shares held: 0.0 | Last price: $283.14
2026-10-01 19:02:59,447 | [INTU] ACTION: No trade.
2026-10-01 19:02:59,467 | [INVH] choppy/sideways (ADX 12.6) -> mean-reversion strategy | Signal: HOLD | Shares held: 0.0 | Last price: $26.34
2026-10-01 19:02:59,467 | [INVH] ACTION: No trade.
2026-10-01 19:02:59,487 | [IP] choppy/sideways (ADX 18.2) -> mean-reversion strategy | Signal: HOLD | Shares held: 0.0 | Last price: $32.75
2026-10-01 19:02:59,487 | [IP] ACTION: No trade.
2026-10-01 19:02:59,507 | [IQV] trending (ADX 49.1) -> trend-following strategy | Signal: HOLD | Shares held: 0.0 | Last price: $261.77
2026-10-01 19:02:59,507 | [IQV] ACTION: No trade.
2026-10-01 19:02:59,528 | [IR] choppy/sideways (ADX 19.4) -> mean-reversion strategy | Signal: HOLD | Shares held: 0.0 | Last price: $75.63
2026-10-01 19:02:59,528 | [IR] ACTION: No trade.
2026-10-01 19:02:59,548 | [IRM] choppy/sideways (ADX 24.0) -> mean-reversion strategy | Signal: HOLD | Shares held: 0.0 | Last price: $111.43
2026-10-01 19:02:59,548 | [IRM] ACTION: No trade.
2026-10-01 19:02:59,568 | [ISRG] trending (ADX 39.8) -> trend-following strategy | Signal: HOLD | Shares held: 0.0 | Last price: $401.83
2026-10-01 19:02:59,568 | [ISRG] ACTION: No trade.
2026-10-01 19:02:59,588 | [IT] trending (ADX 35.4) -> trend-following strategy | Signal: HOLD | Shares held: 0.0 | Last price: $196.03
2026-10-01 19:02:59,588 | [IT] ACTION: No trade.
2026-10-01 19:02:59,609 | [ITW] trending (ADX 29.2) -> trend-following strategy | Signal: HOLD | Shares held: 0.0 | Last price: $261.20
2026-10-01 19:02:59,609 | [ITW] ACTION: No trade.
2026-10-01 19:02:59,629 | [IVZ] choppy/sideways (ADX 23.0) -> mean-reversion strategy | Signal: HOLD | Shares held: 0.0 | Last price: $30.25
2026-10-01 19:02:59,629 | [IVZ] ACTION: No trade.
2026-10-01 19:02:59,650 | [J] trending (ADX 25.8) -> trend-following strategy | Signal: HOLD | Shares held: 0.0 | Last price: $139.55
2026-10-01 19:02:59,650 | [J] ACTION: No trade.
2026-10-01 19:02:59,670 | [JBHT] choppy/sideways (ADX 20.6) -> mean-reversion strategy | Signal: HOLD | Shares held: 0.0 | Last price: $226.75
2026-10-01 19:02:59,670 | [JBHT] ACTION: No trade.
2026-10-01 19:02:59,691 | [JBL] trending (ADX 27.7) -> trend-following strategy | Signal: HOLD | Shares held: 0.0 | Last price: $299.29
2026-10-01 19:02:59,691 | [JBL] ACTION: No trade.
2026-10-01 19:02:59,711 | [JCI] choppy/sideways (ADX 12.4) -> mean-reversion strategy | Signal: HOLD | Shares held: 0.0 | Last price: $151.17
2026-10-01 19:02:59,711 | [JCI] ACTION: No trade.
2026-10-01 19:02:59,731 | [JKHY] choppy/sideways (ADX 11.4) -> mean-reversion strategy | Signal: HOLD | Shares held: 0.0 | Last price: $143.85
2026-10-01 19:02:59,731 | [JKHY] ACTION: No trade.
2026-10-01 19:02:59,751 | [JNJ] trending (ADX 53.8) -> trend-following strategy | Signal: HOLD | Shares held: 0.0 | Last price: $259.59
2026-10-01 19:02:59,751 | [JNJ] ACTION: No trade.
2026-10-01 19:02:59,771 | [JPM] trending (ADX 25.8) -> trend-following strategy | Signal: HOLD | Shares held: 0.0 | Last price: $331.95
2026-10-01 19:02:59,772 | [JPM] ACTION: No trade.
2026-10-01 19:02:59,792 | [KDP] choppy/sideways (ADX 16.5) -> mean-reversion strategy | Signal: HOLD | Shares held: 0.0 | Last price: $30.59
2026-10-01 19:02:59,792 | [KDP] ACTION: No trade.
2026-10-01 19:02:59,811 | [KEY] choppy/sideways (ADX 19.6) -> mean-reversion strategy | Signal: HOLD | Shares held: 0.0 | Last price: $19.89
2026-10-01 19:02:59,812 | [KEY] ACTION: No trade.
2026-10-01 19:02:59,831 | [KEYS] trending (ADX 42.0) -> trend-following strategy | Signal: HOLD | Shares held: 0.0 | Last price: $375.34
2026-10-01 19:02:59,832 | [KEYS] ACTION: No trade.
2026-10-01 19:02:59,852 | [KHC] trending (ADX 42.0) -> trend-following strategy | Signal: HOLD | Shares held: 0.0 | Last price: $22.29
2026-10-01 19:02:59,852 | [KHC] ACTION: No trade.
2026-10-01 19:02:59,872 | [KIM] choppy/sideways (ADX 12.6) -> mean-reversion strategy | Signal: HOLD | Shares held: 0.0 | Last price: $22.11
2026-10-01 19:02:59,872 | [KIM] ACTION: No trade.
2026-10-01 19:02:59,892 | [KKR] choppy/sideways (ADX 20.2) -> mean-reversion strategy | Signal: HOLD | Shares held: 0.0 | Last price: $90.95
2026-10-01 19:02:59,892 | [KKR] ACTION: No trade.
2026-10-01 19:02:59,912 | [KLAC] choppy/sideways (ADX 21.2) -> mean-reversion strategy | Signal: HOLD | Shares held: 0.0 | Last price: $201.30
2026-10-01 19:02:59,912 | [KLAC] ACTION: No trade.
2026-10-01 19:02:59,932 | [KMB] trending (ADX 38.3) -> trend-following strategy | Signal: HOLD | Shares held: 0.0 | Last price: $94.95
2026-10-01 19:02:59,932 | [KMB] ACTION: No trade.
2026-10-01 19:02:59,952 | [KMI] choppy/sideways (ADX 18.6) -> mean-reversion strategy | Signal: HOLD | Shares held: 0.0 | Last price: $30.48
2026-10-01 19:02:59,952 | [KMI] ACTION: No trade.
2026-10-01 19:02:59,972 | [KO] trending (ADX 25.0) -> trend-following strategy | Signal: HOLD | Shares held: 0.0 | Last price: $86.11
2026-10-01 19:02:59,972 | [KO] ACTION: No trade.
2026-10-01 19:02:59,991 | [KR] choppy/sideways (ADX 17.6) -> mean-reversion strategy | Signal: HOLD | Shares held: 0.0 | Last price: $59.76
2026-10-01 19:02:59,991 | [KR] ACTION: No trade.
2026-10-01 19:03:00,012 | [KVUE] trending (ADX 37.5) -> trend-following strategy | Signal: HOLD | Shares held: 0.0 | Last price: $17.32
2026-10-01 19:03:00,012 | [KVUE] ACTION: No trade.
2026-10-01 19:03:00,032 | [L] trending (ADX 27.8) -> trend-following strategy | Signal: HOLD | Shares held: 0.0 | Last price: $105.16
2026-10-01 19:03:00,032 | [L] ACTION: No trade.
2026-10-01 19:03:00,052 | [LDOS] choppy/sideways (ADX 17.5) -> mean-reversion strategy | Signal: HOLD | Shares held: 0.0 | Last price: $122.81
2026-10-01 19:03:00,052 | [LDOS] ACTION: No trade.
2026-10-01 19:03:00,072 | [LEN] trending (ADX 27.0) -> trend-following strategy | Signal: HOLD | Shares held: 0.0 | Last price: $82.19
2026-10-01 19:03:00,072 | [LEN] ACTION: No trade.
2026-10-01 19:03:00,092 | [LH] trending (ADX 37.5) -> trend-following strategy | Signal: HOLD | Shares held: 0.0 | Last price: $304.92
2026-10-01 19:03:00,092 | [LH] ACTION: No trade.
2026-10-01 19:03:00,112 | [LHX] choppy/sideways (ADX 11.9) -> mean-reversion strategy | Signal: HOLD | Shares held: 0.0 | Last price: $237.38
2026-10-01 19:03:00,112 | [LHX] ACTION: No trade.
2026-10-01 19:03:00,132 | [LII] choppy/sideways (ADX 23.6) -> mean-reversion strategy | Signal: HOLD | Shares held: 0.0 | Last price: $359.53
2026-10-01 19:03:00,132 | [LII] ACTION: No trade.
2026-10-01 19:03:00,153 | [LIN] trending (ADX 27.2) -> trend-following strategy | Signal: BUY | Shares held: 0.0 | Last price: $470.10
2026-10-01 19:03:00,153 | [LIN] ACTION: No trade (within 90 min of close -- not enough runway left today for a new position).
2026-10-01 19:03:00,173 | [LITE] trending (ADX 42.3) -> trend-following strategy | Signal: HOLD | Shares held: 0.0 | Last price: $1047.59
2026-10-01 19:03:00,173 | [LITE] ACTION: No trade.
2026-10-01 19:03:00,194 | [LLY] trending (ADX 28.5) -> trend-following strategy | Signal: HOLD | Shares held: 0.0 | Last price: $1153.44
2026-10-01 19:03:00,194 | [LLY] ACTION: No trade.
2026-10-01 19:03:00,214 | [LMT] choppy/sideways (ADX 13.0) -> mean-reversion strategy | Signal: HOLD | Shares held: 0.0 | Last price: $504.45
2026-10-01 19:03:00,214 | [LMT] ACTION: No trade.
2026-10-01 19:03:00,234 | [LNT] choppy/sideways (ADX 14.2) -> mean-reversion strategy | Signal: HOLD | Shares held: 0.0 | Last price: $63.61
2026-10-01 19:03:00,234 | [LNT] ACTION: No trade.
2026-10-01 19:03:00,254 | [LOW] choppy/sideways (ADX 21.4) -> mean-reversion strategy | Signal: HOLD | Shares held: 0.0 | Last price: $182.76
2026-10-01 19:03:00,255 | [LOW] ACTION: No trade.
2026-10-01 19:03:00,275 | [LRCX] trending (ADX 40.0) -> trend-following strategy | Signal: HOLD | Shares held: 0.0 | Last price: $339.97
2026-10-01 19:03:00,275 | [LRCX] ACTION: No trade.
2026-10-01 19:03:00,295 | [LULU] choppy/sideways (ADX 18.9) -> mean-reversion strategy | Signal: HOLD | Shares held: 0.0 | Last price: $97.77
2026-10-01 19:03:00,295 | [LULU] ACTION: No trade.
2026-10-01 19:03:00,315 | [LUV] choppy/sideways (ADX 10.2) -> mean-reversion strategy | Signal: HOLD | Shares held: 0.0 | Last price: $41.82
2026-10-01 19:03:00,315 | [LUV] ACTION: No trade.
2026-10-01 19:03:00,335 | [LVS] trending (ADX 41.3) -> trend-following strategy | Signal: HOLD | Shares held: 0.0 | Last price: $36.76
2026-10-01 19:03:00,335 | [LVS] ACTION: No trade.
2026-10-01 19:03:00,356 | [LYB] choppy/sideways (ADX 20.0) -> mean-reversion strategy | Signal: HOLD | Shares held: 0.0 | Last price: $57.91
2026-10-01 19:03:00,357 | [LYB] ACTION: No trade.
2026-10-01 19:03:00,377 | [LYV] trending (ADX 36.8) -> trend-following strategy | Signal: HOLD | Shares held: 0.0 | Last price: $166.67
2026-10-01 19:03:00,377 | [LYV] ACTION: No trade.
2026-10-01 19:03:00,397 | [MA] choppy/sideways (ADX 21.4) -> mean-reversion strategy | Signal: HOLD | Shares held: 0.0 | Last price: $551.21
2026-10-01 19:03:00,397 | [MA] ACTION: No trade.
2026-10-01 19:03:00,417 | [MAA] trending (ADX 29.4) -> trend-following strategy | Signal: HOLD | Shares held: 0.0 | Last price: $116.33
2026-10-01 19:03:00,417 | [MAA] ACTION: No trade.
2026-10-01 19:03:00,437 | [MAR] choppy/sideways (ADX 23.2) -> mean-reversion strategy | Signal: HOLD | Shares held: 0.0 | Last price: $354.93
2026-10-01 19:03:00,437 | [MAR] ACTION: No trade.
2026-10-01 19:03:00,458 | [MAS] trending (ADX 38.3) -> trend-following strategy | Signal: HOLD | Shares held: 0.0 | Last price: $68.24
2026-10-01 19:03:00,458 | [MAS] ACTION: No trade.
2026-10-01 19:03:00,478 | [MCD] choppy/sideways (ADX 21.7) -> mean-reversion strategy | Signal: HOLD | Shares held: 0.0 | Last price: $231.80
2026-10-01 19:03:00,478 | [MCD] ACTION: No trade.
2026-10-01 19:03:00,498 | [MCHP] choppy/sideways (ADX 22.8) -> mean-reversion strategy | Signal: HOLD | Shares held: 0.0 | Last price: $79.29
2026-10-01 19:03:00,498 | [MCHP] ACTION: No trade.
2026-10-01 19:03:00,518 | [MCK] trending (ADX 42.7) -> trend-following strategy | Signal: HOLD | Shares held: 0.0 | Last price: $890.82
2026-10-01 19:03:00,518 | [MCK] ACTION: No trade.
2026-10-01 19:03:00,538 | [MCO] choppy/sideways (ADX 15.0) -> mean-reversion strategy | Signal: HOLD | Shares held: 0.0 | Last price: $446.79
2026-10-01 19:03:00,538 | [MCO] ACTION: No trade.
2026-10-01 19:03:00,558 | [MDLZ] choppy/sideways (ADX 22.5) -> mean-reversion strategy | Signal: HOLD | Shares held: 0.0 | Last price: $57.77
2026-10-01 19:03:00,558 | [MDLZ] ACTION: No trade.
2026-10-01 19:03:00,578 | [MDT] trending (ADX 25.4) -> trend-following strategy | Signal: BUY | Shares held: 0.0 | Last price: $86.45
2026-10-01 19:03:00,578 | [MDT] ACTION: No trade (within 90 min of close -- not enough runway left today for a new position).
2026-10-01 19:03:00,598 | [MET] trending (ADX 31.0) -> trend-following strategy | Signal: HOLD | Shares held: 0.0 | Last price: $93.39
2026-10-01 19:03:00,598 | [MET] ACTION: No trade.
2026-10-01 19:03:00,618 | [META] choppy/sideways (ADX 12.7) -> mean-reversion strategy | Signal: HOLD | Shares held: 0.0 | Last price: $727.52
2026-10-01 19:03:00,618 | [META] ACTION: No trade.
2026-10-01 19:03:00,638 | [MGM] trending (ADX 33.8) -> trend-following strategy | Signal: HOLD | Shares held: 0.0 | Last price: $30.33
2026-10-01 19:03:00,638 | [MGM] ACTION: No trade.
2026-10-01 19:03:00,658 | [MKC] trending (ADX 27.4) -> trend-following strategy | Signal: HOLD | Shares held: 0.0 | Last price: $44.66
2026-10-01 19:03:00,658 | [MKC] ACTION: No trade.
2026-10-01 19:03:00,678 | [MLM] choppy/sideways (ADX 21.3) -> mean-reversion strategy | Signal: HOLD | Shares held: 0.0 | Last price: $479.92
2026-10-01 19:03:00,678 | [MLM] ACTION: No trade.
2026-10-01 19:03:00,698 | [MMM] trending (ADX 34.9) -> trend-following strategy | Signal: HOLD | Shares held: 0.0 | Last price: $163.27
2026-10-01 19:03:00,698 | [MMM] ACTION: No trade.
2026-10-01 19:03:00,718 | [MNST] choppy/sideways (ADX 10.7) -> mean-reversion strategy | Signal: HOLD | Shares held: 0.0 | Last price: $42.17
2026-10-01 19:03:00,718 | [MNST] ACTION: No trade.
2026-10-01 19:03:00,738 | [MO] choppy/sideways (ADX 23.8) -> mean-reversion strategy | Signal: HOLD | Shares held: 0.0 | Last price: $66.97
2026-10-01 19:03:00,738 | [MO] ACTION: No trade.
2026-10-01 19:03:00,758 | [MOS] trending (ADX 35.1) -> trend-following strategy | Signal: HOLD | Shares held: 0.0 | Last price: $21.45
2026-10-01 19:03:00,758 | [MOS] ACTION: No trade.
2026-10-01 19:03:00,778 | [MPC] trending (ADX 38.9) -> trend-following strategy | Signal: HOLD | Shares held: 0.0 | Last price: $417.69
2026-10-01 19:03:00,778 | [MPC] ACTION: No trade.
2026-10-01 19:03:00,798 | [MPWR] choppy/sideways (ADX 14.6) -> mean-reversion strategy | Signal: HOLD | Shares held: 0.0 | Last price: $1363.99
2026-10-01 19:03:00,798 | [MPWR] ACTION: No trade.
2026-10-01 19:03:00,818 | [MRK] trending (ADX 35.8) -> trend-following strategy | Signal: HOLD | Shares held: 0.0 | Last price: $143.78
2026-10-01 19:03:00,818 | [MRK] ACTION: No trade.
2026-10-01 19:03:00,838 | [MRNA] choppy/sideways (ADX 18.1) -> mean-reversion strategy | Signal: HOLD | Shares held: 0.0 | Last price: $191.96
2026-10-01 19:03:00,838 | [MRNA] ACTION: No trade.
2026-10-01 19:03:00,858 | [MRSH] choppy/sideways (ADX 11.9) -> mean-reversion strategy | Signal: HOLD | Shares held: 0.0 | Last price: $171.24
2026-10-01 19:03:00,858 | [MRSH] ACTION: No trade.
2026-10-01 19:03:00,878 | [MRVL] choppy/sideways (ADX 13.4) -> mean-reversion strategy | Signal: HOLD | Shares held: 0.0 | Last price: $268.88
2026-10-01 19:03:00,878 | [MRVL] ACTION: No trade.
2026-10-01 19:03:00,898 | [MS] trending (ADX 38.8) -> trend-following strategy | Signal: BUY | Shares held: 0.0 | Last price: $186.65
2026-10-01 19:03:00,898 | [MS] ACTION: No trade (within 90 min of close -- not enough runway left today for a new position).
2026-10-01 19:03:00,918 | [MSCI] trending (ADX 33.7) -> trend-following strategy | Signal: HOLD | Shares held: 0.0 | Last price: $547.15
2026-10-01 19:03:00,918 | [MSCI] ACTION: No trade.
2026-10-01 19:03:00,938 | [MSFT] choppy/sideways (ADX 11.1) -> mean-reversion strategy | Signal: HOLD | Shares held: 0.0 | Last price: $515.74
2026-10-01 19:03:00,938 | [MSFT] ACTION: No trade.
2026-10-01 19:03:00,958 | [MSI] choppy/sideways (ADX 15.3) -> mean-reversion strategy | Signal: HOLD | Shares held: 0.0 | Last price: $448.82
2026-10-01 19:03:00,958 | [MSI] ACTION: No trade.
2026-10-01 19:03:00,978 | [MTB] choppy/sideways (ADX 17.9) -> mean-reversion strategy | Signal: HOLD | Shares held: 0.0 | Last price: $215.66
2026-10-01 19:03:00,978 | [MTB] ACTION: No trade.
2026-10-01 19:03:00,998 | [MTD] trending (ADX 31.1) -> trend-following strategy | Signal: HOLD | Shares held: 0.0 | Last price: $1486.44
2026-10-01 19:03:00,998 | [MTD] ACTION: No trade.
2026-10-01 19:03:01,018 | [MU] choppy/sideways (ADX 24.5) -> mean-reversion strategy | Signal: HOLD | Shares held: 0.0 | Last price: $1090.33
2026-10-01 19:03:01,018 | [MU] ACTION: No trade.
2026-10-01 19:03:01,038 | [NCLH] choppy/sideways (ADX 23.4) -> mean-reversion strategy | Signal: HOLD | Shares held: 0.0 | Last price: $14.67
2026-10-01 19:03:01,038 | [NCLH] ACTION: No trade.
2026-10-01 19:03:01,058 | [NDAQ] choppy/sideways (ADX 21.4) -> mean-reversion strategy | Signal: HOLD | Shares held: 0.0 | Last price: $91.24
2026-10-01 19:03:01,058 | [NDAQ] ACTION: No trade.
2026-10-01 19:03:01,122 | [NDSN] choppy/sideways (ADX 10.8) -> mean-reversion strategy | Signal: HOLD | Shares held: 0.0 | Last price: $328.21
2026-10-01 19:03:01,122 | [NDSN] ACTION: No trade.
2026-10-01 19:03:01,142 | [NEE] choppy/sideways (ADX 24.6) -> mean-reversion strategy | Signal: HOLD | Shares held: 0.0 | Last price: $76.16
2026-10-01 19:03:01,142 | [NEE] ACTION: No trade.
2026-10-01 19:03:01,161 | [NEM] choppy/sideways (ADX 21.6) -> mean-reversion strategy | Signal: HOLD | Shares held: 0.0 | Last price: $114.98
2026-10-01 19:03:01,161 | [NEM] ACTION: No trade.
2026-10-01 19:03:01,181 | [NFLX] trending (ADX 38.6) -> trend-following strategy | Signal: HOLD | Shares held: 0.0 | Last price: $68.30
2026-10-01 19:03:01,181 | [NFLX] ACTION: No trade.
2026-10-01 19:03:01,201 | [NI] choppy/sideways (ADX 23.3) -> mean-reversion strategy | Signal: HOLD | Shares held: 0.0 | Last price: $39.38
2026-10-01 19:03:01,201 | [NI] ACTION: No trade.
2026-10-01 19:03:01,220 | [NKE] choppy/sideways (ADX 19.3) -> mean-reversion strategy | Signal: HOLD | Shares held: 0.0 | Last price: $36.08
2026-10-01 19:03:01,220 | [NKE] ACTION: No trade.
2026-10-01 19:03:01,240 | [NOC] choppy/sideways (ADX 19.6) -> mean-reversion strategy | Signal: HOLD | Shares held: 0.0 | Last price: $482.38
2026-10-01 19:03:01,240 | [NOC] ACTION: No trade.
2026-10-01 19:03:01,259 | [NOW] trending (ADX 27.8) -> trend-following strategy | Signal: HOLD | Shares held: 0.0 | Last price: $138.40
2026-10-01 19:03:01,259 | [NOW] ACTION: No trade.
2026-10-01 19:03:01,279 | [NRG] choppy/sideways (ADX 18.7) -> mean-reversion strategy | Signal: HOLD | Shares held: 0.0 | Last price: $96.44
2026-10-01 19:03:01,279 | [NRG] ACTION: No trade.
2026-10-01 19:03:01,299 | [NSC] trending (ADX 29.1) -> trend-following strategy | Signal: HOLD | Shares held: 0.0 | Last price: $309.98
2026-10-01 19:03:01,299 | [NSC] ACTION: No trade.
2026-10-01 19:03:01,319 | [NTAP] choppy/sideways (ADX 18.2) -> mean-reversion strategy | Signal: HOLD | Shares held: 0.0 | Last price: $214.22
2026-10-01 19:03:01,319 | [NTAP] ACTION: No trade.
2026-10-01 19:03:01,338 | [NTRS] trending (ADX 26.0) -> trend-following strategy | Signal: HOLD | Shares held: 0.0 | Last price: $168.78
2026-10-01 19:03:01,338 | [NTRS] ACTION: No trade.
2026-10-01 19:03:01,358 | [NUE] trending (ADX 26.8) -> trend-following strategy | Signal: HOLD | Shares held: 0.0 | Last price: $234.58
2026-10-01 19:03:01,358 | [NUE] ACTION: No trade.
2026-10-01 19:03:01,378 | [NVDA] choppy/sideways (ADX 19.3) -> mean-reversion strategy | Signal: HOLD | Shares held: 0.0 | Last price: $232.18
2026-10-01 19:03:01,378 | [NVDA] ACTION: No trade.
2026-10-01 19:03:01,398 | [NVR] choppy/sideways (ADX 20.7) -> mean-reversion strategy | Signal: HOLD | Shares held: 0.0 | Last price: $6103.64
2026-10-01 19:03:01,398 | [NVR] ACTION: No trade.
2026-10-01 19:03:01,418 | [NWSA] trending (ADX 33.0) -> trend-following strategy | Signal: HOLD | Shares held: 0.0 | Last price: $28.37
2026-10-01 19:03:01,418 | [NWSA] ACTION: No trade.
2026-10-01 19:03:01,437 | [NXPI] trending (ADX 34.5) -> trend-following strategy | Signal: HOLD | Shares held: 0.0 | Last price: $241.49
2026-10-01 19:03:01,437 | [NXPI] ACTION: No trade.
2026-10-01 19:03:01,458 | [O] trending (ADX 40.7) -> trend-following strategy | Signal: HOLD | Shares held: 0.0 | Last price: $53.73
2026-10-01 19:03:01,458 | [O] ACTION: No trade.
2026-10-01 19:03:01,478 | [ODFL] choppy/sideways (ADX 16.1) -> mean-reversion strategy | Signal: HOLD | Shares held: 0.0 | Last price: $176.81
2026-10-01 19:03:01,478 | [ODFL] ACTION: No trade.
2026-10-01 19:03:01,498 | [OKE] choppy/sideways (ADX 22.5) -> mean-reversion strategy | Signal: HOLD | Shares held: 0.0 | Last price: $86.78
2026-10-01 19:03:01,498 | [OKE] ACTION: No trade.
2026-10-01 19:03:01,518 | [OMC] choppy/sideways (ADX 10.9) -> mean-reversion strategy | Signal: HOLD | Shares held: 0.0 | Last price: $75.08
2026-10-01 19:03:01,518 | [OMC] ACTION: No trade.
2026-10-01 19:03:01,538 | [ON] trending (ADX 27.7) -> trend-following strategy | Signal: HOLD | Shares held: 0.0 | Last price: $79.28
2026-10-01 19:03:01,538 | [ON] ACTION: No trade.
2026-10-01 19:03:01,558 | [ORCL] choppy/sideways (ADX 18.8) -> mean-reversion strategy | Signal: HOLD | Shares held: 0.0 | Last price: $137.93
2026-10-01 19:03:01,558 | [ORCL] ACTION: No trade.
2026-10-01 19:03:01,578 | [ORLY] choppy/sideways (ADX 16.7) -> mean-reversion strategy | Signal: HOLD | Shares held: 0.0 | Last price: $84.78
2026-10-01 19:03:01,578 | [ORLY] ACTION: No trade.
2026-10-01 19:03:01,597 | [OTIS] trending (ADX 27.1) -> trend-following strategy | Signal: HOLD | Shares held: 0.0 | Last price: $64.63
2026-10-01 19:03:01,598 | [OTIS] ACTION: No trade.
2026-10-01 19:03:01,617 | [OXY] trending (ADX 35.0) -> trend-following strategy | Signal: HOLD | Shares held: 0.0 | Last price: $57.53
2026-10-01 19:03:01,617 | [OXY] ACTION: No trade.
2026-10-01 19:03:01,637 | [P] trending (ADX 35.9) -> trend-following strategy | Signal: HOLD | Shares held: 0.0 | Last price: $134.57
2026-10-01 19:03:01,637 | [P] ACTION: No trade.
2026-10-01 19:03:01,657 | [PANW] trending (ADX 37.1) -> trend-following strategy | Signal: HOLD | Shares held: 0.0 | Last price: $391.90
2026-10-01 19:03:01,657 | [PANW] ACTION: No trade.
2026-10-01 19:03:01,677 | [PAYX] choppy/sideways (ADX 23.0) -> mean-reversion strategy | Signal: HOLD | Shares held: 0.0 | Last price: $100.85
2026-10-01 19:03:01,677 | [PAYX] ACTION: No trade.
2026-10-01 19:03:01,697 | [PCAR] choppy/sideways (ADX 20.3) -> mean-reversion strategy | Signal: HOLD | Shares held: 0.0 | Last price: $110.45
2026-10-01 19:03:01,697 | [PCAR] ACTION: No trade.
2026-10-01 19:03:01,717 | [PCG] choppy/sideways (ADX 16.5) -> mean-reversion strategy | Signal: HOLD | Shares held: 0.0 | Last price: $12.15
2026-10-01 19:03:01,717 | [PCG] ACTION: No trade.
2026-10-01 19:03:01,736 | [PEG] choppy/sideways (ADX 17.1) -> mean-reversion strategy | Signal: HOLD | Shares held: 0.0 | Last price: $67.56
2026-10-01 19:03:01,736 | [PEG] ACTION: No trade.
2026-10-01 19:03:01,756 | [PEP] trending (ADX 27.4) -> trend-following strategy | Signal: HOLD | Shares held: 0.0 | Last price: $125.84
2026-10-01 19:03:01,756 | [PEP] ACTION: No trade.
2026-10-01 19:03:01,776 | [PFE] trending (ADX 51.6) -> trend-following strategy | Signal: HOLD | Shares held: 0.0 | Last price: $28.16
2026-10-01 19:03:01,776 | [PFE] ACTION: No trade.
2026-10-01 19:03:01,796 | [PFG] trending (ADX 31.7) -> trend-following strategy | Signal: HOLD | Shares held: 0.0 | Last price: $111.67
2026-10-01 19:03:01,796 | [PFG] ACTION: No trade.
2026-10-01 19:03:01,815 | [PG] trending (ADX 31.9) -> trend-following strategy | Signal: HOLD | Shares held: 0.0 | Last price: $144.47
2026-10-01 19:03:01,815 | [PG] ACTION: No trade.
2026-10-01 19:03:01,835 | [PGR] choppy/sideways (ADX 18.1) -> mean-reversion strategy | Signal: HOLD | Shares held: 0.0 | Last price: $210.15
2026-10-01 19:03:01,835 | [PGR] ACTION: No trade.
2026-10-01 19:03:01,855 | [PH] choppy/sideways (ADX 16.5) -> mean-reversion strategy | Signal: HOLD | Shares held: 0.0 | Last price: $963.60
2026-10-01 19:03:01,855 | [PH] ACTION: No trade.
2026-10-01 19:03:01,875 | [PHM] choppy/sideways (ADX 22.3) -> mean-reversion strategy | Signal: HOLD | Shares held: 0.0 | Last price: $115.78
2026-10-01 19:03:01,875 | [PHM] ACTION: No trade.
2026-10-01 19:03:01,895 | [PKG] choppy/sideways (ADX 21.3) -> mean-reversion strategy | Signal: HOLD | Shares held: 0.0 | Last price: $230.75
2026-10-01 19:03:01,895 | [PKG] ACTION: No trade.
2026-10-01 19:03:01,914 | [PLD] trending (ADX 40.2) -> trend-following strategy | Signal: HOLD | Shares held: 0.0 | Last price: $128.40
2026-10-01 19:03:01,914 | [PLD] ACTION: No trade.
2026-10-01 19:03:01,934 | [PLTR] choppy/sideways (ADX 22.6) -> mean-reversion strategy | Signal: HOLD | Shares held: 0.0 | Last price: $190.16
2026-10-01 19:03:01,934 | [PLTR] ACTION: No trade.
2026-10-01 19:03:01,954 | [PM] trending (ADX 36.9) -> trend-following strategy | Signal: HOLD | Shares held: 0.0 | Last price: $188.63
2026-10-01 19:03:01,954 | [PM] ACTION: No trade.
2026-10-01 19:03:01,974 | [PNC] choppy/sideways (ADX 19.4) -> mean-reversion strategy | Signal: HOLD | Shares held: 0.0 | Last price: $218.66
2026-10-01 19:03:01,974 | [PNC] ACTION: No trade.
2026-10-01 19:03:01,993 | [PNR] choppy/sideways (ADX 16.4) -> mean-reversion strategy | Signal: HOLD | Shares held: 0.0 | Last price: $52.87
2026-10-01 19:03:01,993 | [PNR] ACTION: No trade.
2026-10-01 19:03:02,013 | [PNW] trending (ADX 25.0) -> trend-following strategy | Signal: HOLD | Shares held: 0.0 | Last price: $93.95
2026-10-01 19:03:02,013 | [PNW] ACTION: No trade.
2026-10-01 19:03:02,033 | [PODD] choppy/sideways (ADX 11.9) -> mean-reversion strategy | Signal: HOLD | Shares held: 0.0 | Last price: $130.84
2026-10-01 19:03:02,033 | [PODD] ACTION: No trade.
2026-10-01 19:03:02,053 | [PPG] choppy/sideways (ADX 24.5) -> mean-reversion strategy | Signal: HOLD | Shares held: 0.0 | Last price: $104.35
2026-10-01 19:03:02,053 | [PPG] ACTION: No trade.
2026-10-01 19:03:02,073 | [PPL] choppy/sideways (ADX 16.6) -> mean-reversion strategy | Signal: HOLD | Shares held: 0.0 | Last price: $32.62
2026-10-01 19:03:02,073 | [PPL] ACTION: No trade.
2026-10-01 19:03:02,092 | [PRU] choppy/sideways (ADX 24.9) -> mean-reversion strategy | Signal: HOLD | Shares held: 0.0 | Last price: $112.14
2026-10-01 19:03:02,092 | [PRU] ACTION: No trade.
2026-10-01 19:03:02,112 | [PSA] choppy/sideways (ADX 17.2) -> mean-reversion strategy | Signal: HOLD | Shares held: 0.0 | Last price: $285.05
2026-10-01 19:03:02,112 | [PSA] ACTION: No trade.
2026-10-01 19:03:02,132 | [PSX] choppy/sideways (ADX 11.6) -> mean-reversion strategy | Signal: HOLD | Shares held: 0.0 | Last price: $263.57
2026-10-01 19:03:02,132 | [PSX] ACTION: No trade.
2026-10-01 19:03:02,152 | [PTC] trending (ADX 37.9) -> trend-following strategy | Signal: HOLD | Shares held: 0.0 | Last price: $147.12
2026-10-01 19:03:02,152 | [PTC] ACTION: No trade.
2026-10-01 19:03:02,171 | [PWR] choppy/sideways (ADX 12.9) -> mean-reversion strategy | Signal: HOLD | Shares held: 0.0 | Last price: $659.03
2026-10-01 19:03:02,171 | [PWR] ACTION: No trade.
2026-10-01 19:03:02,191 | [PYPL] choppy/sideways (ADX 20.6) -> mean-reversion strategy | Signal: HOLD | Shares held: 0.0 | Last price: $53.31
2026-10-01 19:03:02,191 | [PYPL] ACTION: No trade.
2026-10-01 19:03:02,211 | [Q] choppy/sideways (ADX 13.0) -> mean-reversion strategy | Signal: HOLD | Shares held: 0.0 | Last price: $126.75
2026-10-01 19:03:02,211 | [Q] ACTION: No trade.
2026-10-01 19:03:02,231 | [QCOM] choppy/sideways (ADX 12.1) -> mean-reversion strategy | Signal: HOLD | Shares held: 0.0 | Last price: $183.78
2026-10-01 19:03:02,231 | [QCOM] ACTION: No trade.
2026-10-01 19:03:02,250 | [RCL] trending (ADX 28.2) -> trend-following strategy | Signal: HOLD | Shares held: 0.0 | Last price: $269.67
2026-10-01 19:03:02,250 | [RCL] ACTION: No trade.
2026-10-01 19:03:02,271 | [RDDT] choppy/sideways (ADX 22.0) -> mean-reversion strategy | Signal: HOLD | Shares held: 0.0 | Last price: $148.57
2026-10-01 19:03:02,271 | [RDDT] ACTION: No trade.
2026-10-01 19:03:02,290 | [REGN] choppy/sideways (ADX 16.4) -> mean-reversion strategy | Signal: HOLD | Shares held: 0.0 | Last price: $741.50
2026-10-01 19:03:02,291 | [REGN] ACTION: No trade.
2026-10-01 19:03:02,311 | [RF] choppy/sideways (ADX 18.7) -> mean-reversion strategy | Signal: HOLD | Shares held: 0.0 | Last price: $26.73
2026-10-01 19:03:02,311 | [RF] ACTION: No trade.
2026-10-01 19:03:02,330 | [RJF] choppy/sideways (ADX 21.4) -> mean-reversion strategy | Signal: HOLD | Shares held: 0.0 | Last price: $159.22
2026-10-01 19:03:02,330 | [RJF] ACTION: No trade.
2026-10-01 19:03:02,350 | [RL] choppy/sideways (ADX 24.7) -> mean-reversion strategy | Signal: HOLD | Shares held: 0.0 | Last price: $362.95
2026-10-01 19:03:02,350 | [RL] ACTION: No trade.
2026-10-01 19:03:02,370 | [RMD] choppy/sideways (ADX 13.0) -> mean-reversion strategy | Signal: HOLD | Shares held: 0.0 | Last price: $222.84
2026-10-01 19:03:02,370 | [RMD] ACTION: No trade.
2026-10-01 19:03:02,390 | [ROK] choppy/sideways (ADX 12.6) -> mean-reversion strategy | Signal: HOLD | Shares held: 0.0 | Last price: $437.33
2026-10-01 19:03:02,390 | [ROK] ACTION: No trade.
2026-10-01 19:03:02,410 | [ROL] choppy/sideways (ADX 18.8) -> mean-reversion strategy | Signal: HOLD | Shares held: 0.0 | Last price: $30.33
2026-10-01 19:03:02,410 | [ROL] ACTION: No trade.
2026-10-01 19:03:02,430 | [ROP] trending (ADX 37.1) -> trend-following strategy | Signal: HOLD | Shares held: 0.0 | Last price: $363.19
2026-10-01 19:03:02,430 | [ROP] ACTION: No trade.
2026-10-01 19:03:02,450 | [ROST] choppy/sideways (ADX 19.9) -> mean-reversion strategy | Signal: HOLD | Shares held: 0.0 | Last price: $235.22
2026-10-01 19:03:02,450 | [ROST] ACTION: No trade.
2026-10-01 19:03:02,470 | [RSG] choppy/sideways (ADX 24.9) -> mean-reversion strategy | Signal: HOLD | Shares held: 0.0 | Last price: $206.82
2026-10-01 19:03:02,470 | [RSG] ACTION: No trade.
2026-10-01 19:03:02,490 | [RTX] trending (ADX 33.9) -> trend-following strategy | Signal: HOLD | Shares held: 0.0 | Last price: $184.61
2026-10-01 19:03:02,490 | [RTX] ACTION: No trade.
2026-10-01 19:03:02,510 | [RVTY] trending (ADX 27.5) -> trend-following strategy | Signal: HOLD | Shares held: 0.0 | Last price: $151.10
2026-10-01 19:03:02,510 | [RVTY] ACTION: No trade.
2026-10-01 19:03:02,530 | [SBAC] trending (ADX 40.8) -> trend-following strategy | Signal: HOLD | Shares held: 0.0 | Last price: $158.75
2026-10-01 19:03:02,530 | [SBAC] ACTION: No trade.
2026-10-01 19:03:02,551 | [SBUX] choppy/sideways (ADX 18.4) -> mean-reversion strategy | Signal: HOLD | Shares held: 0.0 | Last price: $94.24
2026-10-01 19:03:02,551 | [SBUX] ACTION: No trade.
2026-10-01 19:03:02,572 | [SCHW] choppy/sideways (ADX 23.0) -> mean-reversion strategy | Signal: HOLD | Shares held: 0.0 | Last price: $98.28
2026-10-01 19:03:02,572 | [SCHW] ACTION: No trade.
2026-10-01 19:03:02,592 | [SHW] choppy/sideways (ADX 24.4) -> mean-reversion strategy | Signal: HOLD | Shares held: 0.0 | Last price: $319.75
2026-10-01 19:03:02,592 | [SHW] ACTION: No trade.
2026-10-01 19:03:02,612 | [SJM] trending (ADX 47.3) -> trend-following strategy | Signal: HOLD | Shares held: 0.0 | Last price: $115.90
2026-10-01 19:03:02,612 | [SJM] ACTION: No trade.
2026-10-01 19:03:02,632 | [SLB] trending (ADX 31.0) -> trend-following strategy | Signal: HOLD | Shares held: 0.0 | Last price: $48.33
2026-10-01 19:03:02,632 | [SLB] ACTION: No trade.
2026-10-01 19:03:02,653 | [SMCI] choppy/sideways (ADX 22.2) -> mean-reversion strategy | Signal: HOLD | Shares held: 0.0 | Last price: $41.97
2026-10-01 19:03:02,653 | [SMCI] ACTION: No trade.
2026-10-01 19:03:02,674 | [SNA] choppy/sideways (ADX 14.6) -> mean-reversion strategy | Signal: HOLD | Shares held: 0.0 | Last price: $366.85
2026-10-01 19:03:02,674 | [SNA] ACTION: No trade.
2026-10-01 19:03:02,694 | [SNDK] choppy/sideways (ADX 23.4) -> mean-reversion strategy | Signal: HOLD | Shares held: 0.0 | Last price: $1786.03
2026-10-01 19:03:02,694 | [SNDK] ACTION: No trade.
2026-10-01 19:03:02,714 | [SNPS] trending (ADX 53.5) -> trend-following strategy | Signal: HOLD | Shares held: 0.0 | Last price: $490.63
2026-10-01 19:03:02,715 | [SNPS] ACTION: No trade.
2026-10-01 19:03:02,734 | [SO] choppy/sideways (ADX 13.9) -> mean-reversion strategy | Signal: HOLD | Shares held: 0.0 | Last price: $83.25
2026-10-01 19:03:02,735 | [SO] ACTION: No trade.
2026-10-01 19:03:02,754 | [SPG] trending (ADX 25.5) -> trend-following strategy | Signal: HOLD | Shares held: 0.0 | Last price: $199.94
2026-10-01 19:03:02,754 | [SPG] ACTION: No trade.
2026-10-01 19:03:02,774 | [SPGI] choppy/sideways (ADX 15.1) -> mean-reversion strategy | Signal: HOLD | Shares held: 0.0 | Last price: $388.60
2026-10-01 19:03:02,774 | [SPGI] ACTION: No trade.
2026-10-01 19:03:02,795 | [SRE] choppy/sideways (ADX 15.6) -> mean-reversion strategy | Signal: HOLD | Shares held: 0.0 | Last price: $77.82
2026-10-01 19:03:02,795 | [SRE] ACTION: No trade.
2026-10-01 19:03:02,815 | [STE] trending (ADX 27.2) -> trend-following strategy | Signal: HOLD | Shares held: 0.0 | Last price: $209.02
2026-10-01 19:03:02,815 | [STE] ACTION: No trade.
2026-10-01 19:03:02,834 | [STLD] choppy/sideways (ADX 18.7) -> mean-reversion strategy | Signal: HOLD | Shares held: 0.0 | Last price: $226.26
2026-10-01 19:03:02,835 | [STLD] ACTION: No trade.
2026-10-01 19:03:02,854 | [STT] trending (ADX 42.5) -> trend-following strategy | Signal: HOLD | Shares held: 0.0 | Last price: $173.30
2026-10-01 19:03:02,854 | [STT] ACTION: No trade.
2026-10-01 19:03:02,875 | [STX] choppy/sideways (ADX 18.0) -> mean-reversion strategy | Signal: HOLD | Shares held: 0.0 | Last price: $934.33
2026-10-01 19:03:02,875 | [STX] ACTION: No trade.
2026-10-01 19:03:02,896 | [STZ] choppy/sideways (ADX 15.9) -> mean-reversion strategy | Signal: HOLD | Shares held: 0.0 | Last price: $112.77
2026-10-01 19:03:02,896 | [STZ] ACTION: No trade.
2026-10-01 19:03:02,916 | [SW] choppy/sideways (ADX 19.7) -> mean-reversion strategy | Signal: HOLD | Shares held: 0.0 | Last price: $43.37
2026-10-01 19:03:02,916 | [SW] ACTION: No trade.
2026-10-01 19:03:02,937 | [SWK] choppy/sideways (ADX 20.4) -> mean-reversion strategy | Signal: HOLD | Shares held: 0.0 | Last price: $88.88
2026-10-01 19:03:02,937 | [SWK] ACTION: No trade.
2026-10-01 19:03:02,957 | [SWKS] trending (ADX 27.0) -> trend-following strategy | Signal: HOLD | Shares held: 0.0 | Last price: $83.53
2026-10-01 19:03:02,957 | [SWKS] ACTION: No trade.
2026-10-01 19:03:02,978 | [SYF] choppy/sideways (ADX 21.5) -> mean-reversion strategy | Signal: HOLD | Shares held: 0.0 | Last price: $70.97
2026-10-01 19:03:02,978 | [SYF] ACTION: No trade.
2026-10-01 19:03:02,998 | [SYK] choppy/sideways (ADX 22.8) -> mean-reversion strategy | Signal: HOLD | Shares held: 0.0 | Last price: $273.70
2026-10-01 19:03:02,998 | [SYK] ACTION: No trade.
2026-10-01 19:03:03,018 | [SYY] choppy/sideways (ADX 21.7) -> mean-reversion strategy | Signal: HOLD | Shares held: 0.0 | Last price: $77.63
2026-10-01 19:03:03,018 | [SYY] ACTION: No trade.
2026-10-01 19:03:03,039 | [T] choppy/sideways (ADX 21.2) -> mean-reversion strategy | Signal: HOLD | Shares held: 0.0 | Last price: $24.35
2026-10-01 19:03:03,039 | [T] ACTION: No trade.
2026-10-01 19:03:03,060 | [TDG] trending (ADX 27.4) -> trend-following strategy | Signal: HOLD | Shares held: 0.0 | Last price: $1095.90
2026-10-01 19:03:03,060 | [TDG] ACTION: No trade.
2026-10-01 19:03:03,081 | [TDY] choppy/sideways (ADX 21.3) -> mean-reversion strategy | Signal: HOLD | Shares held: 0.0 | Last price: $612.71
2026-10-01 19:03:03,081 | [TDY] ACTION: No trade.
2026-10-01 19:03:03,101 | [TECH] choppy/sideways (ADX 12.5) -> mean-reversion strategy | Signal: HOLD | Shares held: 0.0 | Last price: $72.45
2026-10-01 19:03:03,101 | [TECH] ACTION: No trade.
2026-10-01 19:03:03,121 | [TEL] choppy/sideways (ADX 22.6) -> mean-reversion strategy | Signal: HOLD | Shares held: 0.0 | Last price: $218.09
2026-10-01 19:03:03,121 | [TEL] ACTION: No trade.
2026-10-01 19:03:03,142 | [TER] trending (ADX 32.6) -> trend-following strategy | Signal: HOLD | Shares held: 0.0 | Last price: $416.08
2026-10-01 19:03:03,142 | [TER] ACTION: No trade.
2026-10-01 19:03:03,163 | [TFC] choppy/sideways (ADX 19.3) -> mean-reversion strategy | Signal: HOLD | Shares held: 0.0 | Last price: $45.94
2026-10-01 19:03:03,163 | [TFC] ACTION: No trade.
2026-10-01 19:03:03,183 | [TGT] choppy/sideways (ADX 13.9) -> mean-reversion strategy | Signal: HOLD | Shares held: 0.0 | Last price: $156.67
2026-10-01 19:03:03,183 | [TGT] ACTION: No trade.
2026-10-01 19:03:03,204 | [TJX] choppy/sideways (ADX 17.9) -> mean-reversion strategy | Signal: HOLD | Shares held: 0.0 | Last price: $133.05
2026-10-01 19:03:03,204 | [TJX] ACTION: No trade.
2026-10-01 19:03:03,225 | [TKO] trending (ADX 38.2) -> trend-following strategy | Signal: HOLD | Shares held: 0.0 | Last price: $174.62
2026-10-01 19:03:03,225 | [TKO] ACTION: No trade.
2026-10-01 19:03:03,245 | [TMO] trending (ADX 57.5) -> trend-following strategy | Signal: HOLD | Shares held: 0.0 | Last price: $658.81
2026-10-01 19:03:03,245 | [TMO] ACTION: No trade.
2026-10-01 19:03:03,266 | [TMUS] trending (ADX 32.0) -> trend-following strategy | Signal: HOLD | Shares held: 0.0 | Last price: $161.65
2026-10-01 19:03:03,266 | [TMUS] ACTION: No trade.
2026-10-01 19:03:03,287 | [TPR] trending (ADX 28.8) -> trend-following strategy | Signal: HOLD | Shares held: 0.0 | Last price: $118.75
2026-10-01 19:03:03,287 | [TPR] ACTION: No trade.
2026-10-01 19:03:03,307 | [TRGP] trending (ADX 33.6) -> trend-following strategy | Signal: HOLD | Shares held: 0.0 | Last price: $277.12
2026-10-01 19:03:03,308 | [TRGP] ACTION: No trade.
2026-10-01 19:03:03,328 | [TRMB] choppy/sideways (ADX 20.8) -> mean-reversion strategy | Signal: HOLD | Shares held: 0.0 | Last price: $57.91
2026-10-01 19:03:03,328 | [TRMB] ACTION: No trade.
2026-10-01 19:03:03,349 | [TROW] trending (ADX 48.4) -> trend-following strategy | Signal: HOLD | Shares held: 0.0 | Last price: $105.75
2026-10-01 19:03:03,349 | [TROW] ACTION: No trade.
2026-10-01 19:03:03,370 | [TRV] choppy/sideways (ADX 22.4) -> mean-reversion strategy | Signal: HOLD | Shares held: 0.0 | Last price: $361.46
2026-10-01 19:03:03,370 | [TRV] ACTION: No trade.
2026-10-01 19:03:03,390 | [TSCO] choppy/sideways (ADX 14.8) -> mean-reversion strategy | Signal: HOLD | Shares held: 0.0 | Last price: $31.57
2026-10-01 19:03:03,390 | [TSCO] ACTION: No trade.
2026-10-01 19:03:03,411 | [TSLA] choppy/sideways (ADX 15.7) -> mean-reversion strategy | Signal: HOLD | Shares held: 0.0 | Last price: $357.10
2026-10-01 19:03:03,411 | [TSLA] ACTION: No trade.
2026-10-01 19:03:03,431 | [TSN] choppy/sideways (ADX 24.8) -> mean-reversion strategy | Signal: HOLD | Shares held: 0.0 | Last price: $50.16
2026-10-01 19:03:03,431 | [TSN] ACTION: No trade.
2026-10-01 19:03:03,451 | [TT] choppy/sideways (ADX 22.4) -> mean-reversion strategy | Signal: HOLD | Shares held: 0.0 | Last price: $459.39
2026-10-01 19:03:03,451 | [TT] ACTION: No trade.
2026-10-01 19:03:03,472 | [TTWO] choppy/sideways (ADX 21.5) -> mean-reversion strategy | Signal: HOLD | Shares held: 0.0 | Last price: $204.04
2026-10-01 19:03:03,472 | [TTWO] ACTION: No trade.
2026-10-01 19:03:03,493 | [TXN] choppy/sideways (ADX 19.6) -> mean-reversion strategy | Signal: HOLD | Shares held: 0.0 | Last price: $283.44
2026-10-01 19:03:03,493 | [TXN] ACTION: No trade.
2026-10-01 19:03:03,513 | [TXT] choppy/sideways (ADX 22.8) -> mean-reversion strategy | Signal: HOLD | Shares held: 0.0 | Last price: $76.85
2026-10-01 19:03:03,513 | [TXT] ACTION: No trade.
2026-10-01 19:03:03,533 | [TYL] trending (ADX 39.6) -> trend-following strategy | Signal: HOLD | Shares held: 0.0 | Last price: $332.60
2026-10-01 19:03:03,534 | [TYL] ACTION: No trade.
2026-10-01 19:03:03,554 | [UAL] choppy/sideways (ADX 19.5) -> mean-reversion strategy | Signal: HOLD | Shares held: 0.0 | Last price: $111.09
2026-10-01 19:03:03,554 | [UAL] ACTION: No trade.
2026-10-01 19:03:03,575 | [UBER] trending (ADX 26.1) -> trend-following strategy | Signal: HOLD | Shares held: 0.0 | Last price: $67.93
2026-10-01 19:03:03,575 | [UBER] ACTION: No trade.
2026-10-01 19:03:03,595 | [UDR] choppy/sideways (ADX 11.5) -> mean-reversion strategy | Signal: HOLD | Shares held: 0.0 | Last price: $33.51
2026-10-01 19:03:03,595 | [UDR] ACTION: No trade.
2026-10-01 19:03:03,615 | [UHS] choppy/sideways (ADX 18.5) -> mean-reversion strategy | Signal: HOLD | Shares held: 0.0 | Last price: $175.36
2026-10-01 19:03:03,615 | [UHS] ACTION: No trade.
2026-10-01 19:03:03,635 | [ULTA] choppy/sideways (ADX 13.7) -> mean-reversion strategy | Signal: HOLD | Shares held: 0.0 | Last price: $539.29
2026-10-01 19:03:03,635 | [ULTA] ACTION: No trade.
2026-10-01 19:03:03,655 | [UNH] choppy/sideways (ADX 20.8) -> mean-reversion strategy | Signal: HOLD | Shares held: 0.0 | Last price: $363.69
2026-10-01 19:03:03,655 | [UNH] ACTION: No trade.
2026-10-01 19:03:03,675 | [UNP] trending (ADX 30.4) -> trend-following strategy | Signal: HOLD | Shares held: 0.0 | Last price: $271.39
2026-10-01 19:03:03,675 | [UNP] ACTION: No trade.
2026-10-01 19:03:03,696 | [UPS] choppy/sideways (ADX 18.3) -> mean-reversion strategy | Signal: HOLD | Shares held: 0.0 | Last price: $93.89
2026-10-01 19:03:03,696 | [UPS] ACTION: No trade.
2026-10-01 19:03:03,716 | [URI] choppy/sideways (ADX 21.8) -> mean-reversion strategy | Signal: HOLD | Shares held: 0.0 | Last price: $1029.86
2026-10-01 19:03:03,716 | [URI] ACTION: No trade.
2026-10-01 19:03:03,737 | [USB] trending (ADX 32.1) -> trend-following strategy | Signal: HOLD | Shares held: 0.0 | Last price: $56.88
2026-10-01 19:03:03,737 | [USB] ACTION: No trade.
2026-10-01 19:03:03,757 | [V] choppy/sideways (ADX 14.2) -> mean-reversion strategy | Signal: HOLD | Shares held: 0.0 | Last price: $359.85
2026-10-01 19:03:03,757 | [V] ACTION: No trade.
2026-10-01 19:03:03,777 | [VEEV] choppy/sideways (ADX 22.6) -> mean-reversion strategy | Signal: HOLD | Shares held: 0.0 | Last price: $284.75
2026-10-01 19:03:03,777 | [VEEV] ACTION: No trade.
2026-10-01 19:03:03,797 | [VICI] trending (ADX 32.9) -> trend-following strategy | Signal: HOLD | Shares held: 0.0 | Last price: $22.70
2026-10-01 19:03:03,797 | [VICI] ACTION: No trade.
2026-10-01 19:03:03,817 | [VLO] trending (ADX 27.4) -> trend-following strategy | Signal: HOLD | Shares held: 0.0 | Last price: $405.92
2026-10-01 19:03:03,817 | [VLO] ACTION: No trade.
2026-10-01 19:03:03,837 | [VLTO] choppy/sideways (ADX 22.5) -> mean-reversion strategy | Signal: HOLD | Shares held: 0.0 | Last price: $94.79
2026-10-01 19:03:03,837 | [VLTO] ACTION: No trade.
2026-10-01 19:03:03,857 | [VMC] choppy/sideways (ADX 23.5) -> mean-reversion strategy | Signal: HOLD | Shares held: 0.0 | Last price: $242.67
2026-10-01 19:03:03,857 | [VMC] ACTION: No trade.
2026-10-01 19:03:03,878 | [VMRK] trending (ADX 31.6) -> trend-following strategy | Signal: HOLD | Shares held: 0.0 | Last price: $60.08
2026-10-01 19:03:03,878 | [VMRK] ACTION: No trade.
2026-10-01 19:03:03,898 | [VRSK] trending (ADX 25.5) -> trend-following strategy | Signal: HOLD | Shares held: 0.0 | Last price: $169.49
2026-10-01 19:03:03,898 | [VRSK] ACTION: No trade.
2026-10-01 19:03:03,918 | [VRSN] choppy/sideways (ADX 22.5) -> mean-reversion strategy | Signal: HOLD | Shares held: 0.0 | Last price: $288.04
2026-10-01 19:03:03,918 | [VRSN] ACTION: No trade.
2026-10-01 19:03:03,938 | [VRT] trending (ADX 25.9) -> trend-following strategy | Signal: HOLD | Shares held: 0.0 | Last price: $247.46
2026-10-01 19:03:03,938 | [VRT] ACTION: No trade.
2026-10-01 19:03:03,958 | [VRTX] trending (ADX 48.1) -> trend-following strategy | Signal: HOLD | Shares held: 0.0 | Last price: $507.49
2026-10-01 19:03:03,958 | [VRTX] ACTION: No trade.
2026-10-01 19:03:03,978 | [VST] trending (ADX 25.2) -> trend-following strategy | Signal: HOLD | Shares held: 0.0 | Last price: $138.32
2026-10-01 19:03:03,978 | [VST] ACTION: No trade.
2026-10-01 19:03:03,998 | [VTR] trending (ADX 48.7) -> trend-following strategy | Signal: HOLD | Shares held: 0.0 | Last price: $83.42
2026-10-01 19:03:03,998 | [VTR] ACTION: No trade.
2026-10-01 19:03:04,018 | [VTRS] trending (ADX 27.9) -> trend-following strategy | Signal: HOLD | Shares held: 0.0 | Last price: $17.61
2026-10-01 19:03:04,018 | [VTRS] ACTION: No trade.
2026-10-01 19:03:04,038 | [VZ] choppy/sideways (ADX 10.6) -> mean-reversion strategy | Signal: HOLD | Shares held: 0.0 | Last price: $45.94
2026-10-01 19:03:04,038 | [VZ] ACTION: No trade.
2026-10-01 19:03:04,059 | [WAB] choppy/sideways (ADX 23.6) -> mean-reversion strategy | Signal: HOLD | Shares held: 0.0 | Last price: $287.55
2026-10-01 19:03:04,059 | [WAB] ACTION: No trade.
2026-10-01 19:03:04,079 | [WAT] trending (ADX 45.0) -> trend-following strategy | Signal: HOLD | Shares held: 0.0 | Last price: $429.32
2026-10-01 19:03:04,079 | [WAT] ACTION: No trade.
2026-10-01 19:03:04,099 | [WBD] trending (ADX 37.7) -> trend-following strategy | Signal: HOLD | Shares held: 0.0 | Last price: $30.95
2026-10-01 19:03:04,099 | [WBD] ACTION: No trade.
2026-10-01 19:03:04,119 | [WDAY] choppy/sideways (ADX 15.2) -> mean-reversion strategy | Signal: HOLD | Shares held: 0.0 | Last price: $186.77
2026-10-01 19:03:04,120 | [WDAY] ACTION: No trade.
2026-10-01 19:03:04,140 | [WDC] trending (ADX 27.4) -> trend-following strategy | Signal: HOLD | Shares held: 0.0 | Last price: $456.70
2026-10-01 19:03:04,140 | [WDC] ACTION: No trade.
2026-10-01 19:03:04,160 | [WEC] choppy/sideways (ADX 12.5) -> mean-reversion strategy | Signal: HOLD | Shares held: 0.0 | Last price: $101.33
2026-10-01 19:03:04,160 | [WEC] ACTION: No trade.
2026-10-01 19:03:04,180 | [WELL] trending (ADX 33.1) -> trend-following strategy | Signal: HOLD | Shares held: 0.0 | Last price: $226.67
2026-10-01 19:03:04,180 | [WELL] ACTION: No trade.
2026-10-01 19:03:04,200 | [WFC] choppy/sideways (ADX 23.1) -> mean-reversion strategy | Signal: HOLD | Shares held: 0.0 | Last price: $79.55
2026-10-01 19:03:04,200 | [WFC] ACTION: No trade.
2026-10-01 19:03:04,220 | [WM] trending (ADX 39.4) -> trend-following strategy | Signal: HOLD | Shares held: 0.0 | Last price: $201.76
2026-10-01 19:03:04,221 | [WM] ACTION: No trade.
2026-10-01 19:03:04,241 | [WMB] trending (ADX 27.9) -> trend-following strategy | Signal: HOLD | Shares held: 0.0 | Last price: $68.96
2026-10-01 19:03:04,241 | [WMB] ACTION: No trade.
2026-10-01 19:03:04,261 | [WMT] trending (ADX 25.1) -> trend-following strategy | Signal: HOLD | Shares held: 0.0 | Last price: $104.62
2026-10-01 19:03:04,261 | [WMT] ACTION: No trade.
2026-10-01 19:03:04,280 | [WRB] choppy/sideways (ADX 12.1) -> mean-reversion strategy | Signal: HOLD | Shares held: 0.0 | Last price: $68.81
2026-10-01 19:03:04,280 | [WRB] ACTION: No trade.
2026-10-01 19:03:04,300 | [WSM] choppy/sideways (ADX 19.9) -> mean-reversion strategy | Signal: HOLD | Shares held: 0.0 | Last price: $229.99
2026-10-01 19:03:04,300 | [WSM] ACTION: No trade.
2026-10-01 19:03:04,321 | [WST] trending (ADX 34.3) -> trend-following strategy | Signal: HOLD | Shares held: 0.0 | Last price: $366.70
2026-10-01 19:03:04,321 | [WST] ACTION: No trade.
2026-10-01 19:03:04,341 | [WTW] choppy/sideways (ADX 14.5) -> mean-reversion strategy | Signal: HOLD | Shares held: 0.0 | Last price: $291.43
2026-10-01 19:03:04,341 | [WTW] ACTION: No trade.
2026-10-01 19:03:04,360 | [WY] trending (ADX 38.8) -> trend-following strategy | Signal: HOLD | Shares held: 0.0 | Last price: $18.50
2026-10-01 19:03:04,360 | [WY] ACTION: No trade.
2026-10-01 19:03:04,380 | [WYNN] trending (ADX 32.2) -> trend-following strategy | Signal: HOLD | Shares held: 0.0 | Last price: $77.08
2026-10-01 19:03:04,381 | [WYNN] ACTION: No trade.
2026-10-01 19:03:04,401 | [XEL] choppy/sideways (ADX 17.7) -> mean-reversion strategy | Signal: HOLD | Shares held: 0.0 | Last price: $70.35
2026-10-01 19:03:04,401 | [XEL] ACTION: No trade.
2026-10-01 19:03:04,420 | [XOM] choppy/sideways (ADX 16.0) -> mean-reversion strategy | Signal: HOLD | Shares held: 0.0 | Last price: $163.71
2026-10-01 19:03:04,420 | [XOM] ACTION: No trade.
2026-10-01 19:03:04,440 | [XYL] choppy/sideways (ADX 16.9) -> mean-reversion strategy | Signal: HOLD | Shares held: 0.0 | Last price: $100.56
2026-10-01 19:03:04,440 | [XYL] ACTION: No trade.
2026-10-01 19:03:04,460 | [XYZ] choppy/sideways (ADX 17.8) -> mean-reversion strategy | Signal: HOLD | Shares held: 0.0 | Last price: $73.86
2026-10-01 19:03:04,460 | [XYZ] ACTION: No trade.
2026-10-01 19:03:04,480 | [YUM] trending (ADX 25.7) -> trend-following strategy | Signal: HOLD | Shares held: 0.0 | Last price: $136.99
2026-10-01 19:03:04,480 | [YUM] ACTION: No trade.
2026-10-01 19:03:04,501 | [ZBH] trending (ADX 41.0) -> trend-following strategy | Signal: HOLD | Shares held: 0.0 | Last price: $87.95
2026-10-01 19:03:04,501 | [ZBH] ACTION: No trade.
2026-10-01 19:03:04,581 | [ZBRA] choppy/sideways (ADX 17.2) -> mean-reversion strategy | Signal: HOLD | Shares held: 0.0 | Last price: $375.70
2026-10-01 19:03:04,581 | [ZBRA] ACTION: No trade.
2026-10-01 19:03:04,600 | [ZTS] choppy/sideways (ADX 13.5) -> mean-reversion strategy | Signal: HOLD | Shares held: 0.0 | Last price: $69.56
2026-10-01 19:03:04,600 | [ZTS] ACTION: No trade.
2026-10-01 19:18:04,989 | SCANNER: refreshing watchlist...
2026-10-01 19:18:05,825 | SCANNER: candidate SVRN -- -19.6% today, $40.20, liquid, 1 recent news item(s)
2026-10-01 19:18:36,399 | S&P 500 liquidity backstop -> MU, NVDA, META, AAPL, TSLA, SNDK, INTC, AMD, MSFT, GOOGL, AMZN, AVGO, GOOG, LITE, BE, ORCL, MRVL, MDT, DELL, AMAT, LLY, ACN, MRNA, PLTR, WDC, CRM, JPM, V, STX, LRCX, MA, TMO, COST, NFLX, PANW, WMT, BRK.B, AZO, HOOD, BA, JNJ, GEV, COHR, WBD, GS, BAC, CRWD, XOM, CAT, HD, QCOM, C, MS, DHR, SNPS, TJX, TXN, MRK, CSCO, AMGN, FICO, UNH, DE, WFC, ABBV, APP, CVX, GE, VLO, DASH, PG, ADI, KLAC, URI, APH, SPGI, DIS, MPC, NOW, ALL, NKE, SLB, AXP, REGN, CDNS, IBM, ETN, LIN, KO, COIN, ILMN, COP, MCD, HPE, DDOG, TT, GILD, PSX, BMY, SCHW, PGR, ABT, SMCI, SYK, CRH, COF, NEE, PEP, PM, LOW, UNP, INTU, BKNG, CI, MCK, AIG, RCL, ANET, GLW, CCL, ISRG, EXPE, UBER, ADBE, WELL, BNY, SHW, TMUS, CMI, EQIX, PLD, SO, PH, NXPI, CVS, PWR, BLK, BX, ABNB, RTX, BSX, JBL, VZ, CIEN, MMM, KR, ADP, HLT, MRSH, FCX, VRT, MAR, ITW, EMR, CB, MPWR, NTAP, ELV, COR, CEG, TER, HCA, T, IR, GM, MLM, WMB, AON, MCO, TGT, HUM, USB, PNC, TDG, DUK, AMT, JCI, CBOE, HWM, GD, APO, PFE, MDLZ, CSX, DHI, ACGL, KKR, CVNA, VRTX, VMC, TEL, MCHP, CTVA, ROST, HBAN, IQV, FERG, AJG, GWW, ON, NEM, HON, CTSH, AME, SBUX, FDX, LMT, MNST, VST, CME, FITB, EBAY, CAH, CASY, FIX, AKAM, RVTY, STT, A, EOG, WM, EXC, ICE, RDDT, FTNT, LEN, HONA, CMS, CMG, LYV, DAL, XEL, SWKS, ECL, TRV, CL, AEP, WDAY, VEEV, ETR, P, AXON, WEC, EW, LHX, WAT, FAST, CBRE, ORLY, ODFL, TRGP, CTAS, MSCI, TFC, PCAR, KVUE, TTWO, BIIB, PCG, NUE, KDP, KEYS, ADSK, CMCSA, PPL, RF, AMP, SYY, OTIS, FANG, APD, MSI, CARR, BKR, BDX, DTE, PAYX, ROL, OXY, NOC, KMB, CFG, TPR, FDS, KEY, PYPL, SRE, UAL, COO, ED, ROK, MO, DLR, ROP, F, EFX, NDAQ, VMRK, TSCO, MET, DOV, DRI, DGX, UPS, PSA, HIG, DG, O, HAL, EXE, LNT, DXCM, DLTR, HPQ, XYZ, PEG, OKE, EL, EME, CF, FSLR, CPAY, IDXX, FISV, YUM, AWK, STLD, CHTR, DVN, LULU, KMI, NI, ARES, GIS, FOXA, EIX, TECH, IBKR, EVRG, RSG, CNC, AEE, HSY, D, MTD, BBY, SPG, XYL, EQT, FFIV, DECK, FLEX, CNP, GEN, ZTS, VRSK, WAB, NRG, MTB, ECHO, APA, RMD, NVR, WSM, SW, CCI, DPZ, CRL, NSC, JBHT, INCY, WST, HUBB, SYF, ULTA, VTR, PHM, ES, GRMN, LII, ADM, HST, NCLH, LH, CHD, RL, TYL, IP, TKO, PPG, AFL, DOW, HAS, OMC, LUV, PODD, FE, CDW, ZBRA, TROW, FDXF, BG, MKC, PRU, EXPD, KHC, VRSN, WYNN, FIS, LYB, ALB, GPN, EXR, LVS, NTRS, GEHC, WTW, ZBH, CPRT, IRM, CLX, PTC, STZ, VICI, GNRC, BAX, IFF, CHRW, RJF, GDDY, SWK, IEX, PNW, IT, ALLE, MAA, ATO, TSN, TDY, VTRS, ESS, WRB, VLTO, SJM, HII, BRO, AES, TXT, MGM, BEN, Q, CSGP, EG, TRMB, IVZ, MAS, MOS, NWSA, CPT, FRT, WY, APTV, PFG, SBAC, UDR, BR, PKG, JKHY, ALGN, INVH, J, LDOS, BALL, PNR, L, CINF, UHS, NDSN, DD, FTV, AVY, KIM, AMCR, STE, AOS, DOC, GPC, DVA, SNA, ARE
2026-10-01 19:18:36,402 | SCANNER: new watchlist -> SVRN, MU, NVDA, META, AAPL, TSLA, SNDK, INTC, AMD, MSFT, GOOGL, AMZN, AVGO, GOOG, LITE, BE, ORCL, MRVL, MDT, DELL, AMAT, LLY, ACN, MRNA, PLTR, WDC, CRM, JPM, V, STX, LRCX, MA, TMO, COST, NFLX, PANW, WMT, BRK.B, AZO, HOOD, BA, JNJ, GEV, COHR, WBD, GS, BAC, CRWD, XOM, CAT, HD, QCOM, C, MS, DHR, SNPS, TJX, TXN, MRK, CSCO, AMGN, FICO, UNH, DE, WFC, ABBV, APP, CVX, GE, VLO, DASH, PG, ADI, KLAC, URI, APH, SPGI, DIS, MPC, NOW, ALL, NKE, SLB, AXP, REGN, CDNS, IBM, ETN, LIN, KO, COIN, ILMN, COP, MCD, HPE, DDOG, TT, GILD, PSX, BMY, SCHW, PGR, ABT, SMCI, SYK, CRH, COF, NEE, PEP, PM, LOW, UNP, INTU, BKNG, CI, MCK, AIG, RCL, ANET, GLW, CCL, ISRG, EXPE, UBER, ADBE, WELL, BNY, SHW, TMUS, CMI, EQIX, PLD, SO, PH, NXPI, CVS, PWR, BLK, BX, ABNB, RTX, BSX, JBL, VZ, CIEN, MMM, KR, ADP, HLT, MRSH, FCX, VRT, MAR, ITW, EMR, CB, MPWR, NTAP, ELV, COR, CEG, TER, HCA, T, IR, GM, MLM, WMB, AON, MCO, TGT, HUM, USB, PNC, TDG, DUK, AMT, JCI, CBOE, HWM, GD, APO, PFE, MDLZ, CSX, DHI, ACGL, KKR, CVNA, VRTX, VMC, TEL, MCHP, CTVA, ROST, HBAN, IQV, FERG, AJG, GWW, ON, NEM, HON, CTSH, AME, SBUX, FDX, LMT, MNST, VST, CME, FITB, EBAY, CAH, CASY, FIX, AKAM, RVTY, STT, A, EOG, WM, EXC, ICE, RDDT, FTNT, LEN, HONA, CMS, CMG, LYV, DAL, XEL, SWKS, ECL, TRV, CL, AEP, WDAY, VEEV, ETR, P, AXON, WEC, EW, LHX, WAT, FAST, CBRE, ORLY, ODFL, TRGP, CTAS, MSCI, TFC, PCAR, KVUE, TTWO, BIIB, PCG, NUE, KDP, KEYS, ADSK, CMCSA, PPL, RF, AMP, SYY, OTIS, FANG, APD, MSI, CARR, BKR, BDX, DTE, PAYX, ROL, OXY, NOC, KMB, CFG, TPR, FDS, KEY, PYPL, SRE, UAL, COO, ED, ROK, MO, DLR, ROP, F, EFX, NDAQ, VMRK, TSCO, MET, DOV, DRI, DGX, UPS, PSA, HIG, DG, O, HAL, EXE, LNT, DXCM, DLTR, HPQ, XYZ, PEG, OKE, EL, EME, CF, FSLR, CPAY, IDXX, FISV, YUM, AWK, STLD, CHTR, DVN, LULU, KMI, NI, ARES, GIS, FOXA, EIX, TECH, IBKR, EVRG, RSG, CNC, AEE, HSY, D, MTD, BBY, SPG, XYL, EQT, FFIV, DECK, FLEX, CNP, GEN, ZTS, VRSK, WAB, NRG, MTB, ECHO, APA, RMD, NVR, WSM, SW, CCI, DPZ, CRL, NSC, JBHT, INCY, WST, HUBB, SYF, ULTA, VTR, PHM, ES, GRMN, LII, ADM, HST, NCLH, LH, CHD, RL, TYL, IP, TKO, PPG, AFL, DOW, HAS, OMC, LUV, PODD, FE, CDW, ZBRA, TROW, FDXF, BG, MKC, PRU, EXPD, KHC, VRSN, WYNN, FIS, LYB, ALB, GPN, EXR, LVS, NTRS, GEHC, WTW, ZBH, CPRT, IRM, CLX, PTC, STZ, VICI, GNRC, BAX, IFF, CHRW, RJF, GDDY, SWK, IEX, PNW, IT, ALLE, MAA, ATO, TSN, TDY, VTRS, ESS, WRB, VLTO, SJM, HII, BRO, AES, TXT, MGM, BEN, Q, CSGP, EG, TRMB, IVZ, MAS, MOS, NWSA, CPT, FRT, WY, APTV, PFG, SBAC, UDR, BR, PKG, JKHY, ALGN, INVH, J, LDOS, BALL, PNR, L, CINF, UHS, NDSN, DD, FTV, AVY, KIM, AMCR, STE, AOS, DOC, GPC, DVA, SNA, ARE
2026-10-01 19:18:36,460 | Market is open (closes 2026-10-01 22:00:00 CEST your local time). Checking 491 symbols: A, AAPL, ABBV, ABNB, ABT, ACGL, ACN, ADBE, ADI, ADM, ADP, ADSK, AEE, AEP, AES, AFL, AIG, AJG, AKAM, ALB, ALGN, ALL, ALLE, AMAT, AMCR, AMD, AME, AMGN, AMP, AMT, AMZN, ANET, AON, AOS, APA, APD, APH, APO, APP, APTV, ARE, ARES, ATO, AVGO, AVY, AWK, AXON, AXP, AZO, BA, BAC, BALL, BAX, BBY, BDX, BE, BEN, BG, BIIB, BKNG, BKR, BLK, BMY, BNY, BR, BRK.B, BRO, BSX, BX, C, CAH, CARR, CASY, CAT, CB, CBOE, CBRE, CCI, CCL, CDNS, CDW, CEG, CF, CFG, CHD, CHRW, CHTR, CI, CIEN, CINF, CL, CLX, CMCSA, CME, CMG, CMI, CMS, CNC, CNP, COF, COHR, COIN, COO, COP, COR, COST, CPAY, CPRT, CPT, CRH, CRL, CRM, CRWD, CSCO, CSGP, CSX, CTAS, CTSH, CTVA, CVNA, CVS, CVX, D, DAL, DASH, DD, DDOG, DE, DECK, DELL, DG, DGX, DHI, DHR, DIS, DLR, DLTR, DOC, DOV, DOW, DPZ, DRI, DTE, DUK, DVA, DVN, DXCM, EBAY, ECHO, ECL, ED, EFX, EG, EIX, EL, ELV, EME, EMR, EOG, EQIX, EQT, ES, ESS, ETN, ETR, EVRG, EW, EXC, EXE, EXPD, EXPE, EXR, F, FANG, FAST, FCX, FDS, FDX, FDXF, FE, FERG, FFIV, FICO, FIS, FISV, FITB, FIX, FLEX, FOXA, FRT, FSLR, FTNT, FTV, GD, GDDY, GE, GEHC, GEN, GEV, GILD, GIS, GLW, GM, GNRC, GOOG, GOOGL, GPC, GPN, GRMN, GS, GWW, HAL, HAS, HBAN, HCA, HD, HIG, HII, HLT, HON, HONA, HOOD, HPE, HPQ, HST, HSY, HUBB, HUM, HWM, IBKR, IBM, ICE, IDXX, IEX, IFF, ILMN, INCY, INTC, INTU, INVH, IP, IQV, IR, IRM, ISRG, IT, ITW, IVZ, J, JBHT, JBL, JCI, JKHY, JNJ, JPM, KDP, KEY, KEYS, KHC, KIM, KKR, KLAC, KMB, KMI, KO, KR, KVUE, L, LDOS, LEN, LH, LHX, LII, LIN, LITE, LLY, LMT, LNT, LOW, LRCX, LULU, LUV, LVS, LYB, LYV, MA, MAA, MAR, MAS, MCD, MCHP, MCK, MCO, MDLZ, MDT, MET, META, MGM, MKC, MLM, MMM, MNST, MO, MOS, MPC, MPWR, MRK, MRNA, MRSH, MRVL, MS, MSCI, MSFT, MSI, MTB, MTD, MU, NCLH, NDAQ, NDSN, NEE, NEM, NFLX, NI, NKE, NOC, NOW, NRG, NSC, NTAP, NTRS, NUE, NVDA, NVR, NWSA, NXPI, O, ODFL, OKE, OMC, ON, ORCL, ORLY, OTIS, OXY, P, PANW, PAYX, PCAR, PCG, PEG, PEP, PFE, PFG, PG, PGR, PH, PHM, PKG, PLD, PLTR, PM, PNC, PNR, PNW, PODD, PPG, PPL, PRU, PSA, PSX, PTC, PWR, PYPL, Q, QCOM, RCL, RDDT, REGN, RF, RJF, RL, RMD, ROK, ROL, ROP, ROST, RSG, RTX, RVTY, SBAC, SBUX, SCHW, SHW, SJM, SLB, SMCI, SNA, SNDK, SNPS, SO, SPG, SPGI, SRE, STE, STLD, STT, STX, STZ, SVRN, SW, SWK, SWKS, SYF, SYK, SYY, T, TDG, TDY, TECH, TEL, TER, TFC, TGT, TJX, TKO, TMO, TMUS, TPR, TRGP, TRMB, TROW, TRV, TSCO, TSLA, TSN, TT, TTWO, TXN, TXT, TYL, UAL, UBER, UDR, UHS, ULTA, UNH, UNP, UPS, URI, USB, V, VEEV, VICI, VLO, VLTO, VMC, VMRK, VRSK, VRSN, VRT, VRTX, VST, VTR, VTRS, VZ, WAB, WAT, WBD, WDAY, WDC, WEC, WELL, WFC, WM, WMB, WMT, WRB, WSM, WST, WTW, WY, WYNN, XEL, XOM, XYL, XYZ, YUM, ZBH, ZBRA, ZTS (within 90 min of close -- not enough runway left today for a new position)
2026-10-01 19:19:29,396 | [A] trending (ADX 54.9) -> trend-following strategy | Signal: HOLD | Shares held: 0.0 | Last price: $168.25
2026-10-01 19:19:29,396 | [A] ACTION: No trade.
2026-10-01 19:19:29,416 | [AAPL] trending (ADX 36.4) -> trend-following strategy | Signal: HOLD | Shares held: 0.0 | Last price: $329.79
2026-10-01 19:19:29,416 | [AAPL] ACTION: No trade.
2026-10-01 19:19:29,437 | [ABBV] trending (ADX 30.3) -> trend-following strategy | Signal: HOLD | Shares held: 0.0 | Last price: $260.31
2026-10-01 19:19:29,437 | [ABBV] ACTION: No trade.
2026-10-01 19:19:29,457 | [ABNB] choppy/sideways (ADX 21.7) -> mean-reversion strategy | Signal: HOLD | Shares held: 0.0 | Last price: $160.55
2026-10-01 19:19:29,457 | [ABNB] ACTION: No trade.
2026-10-01 19:19:29,476 | [ABT] trending (ADX 29.4) -> trend-following strategy | Signal: HOLD | Shares held: 0.0 | Last price: $97.48
2026-10-01 19:19:29,477 | [ABT] ACTION: No trade.
2026-10-01 19:19:29,496 | [ACGL] choppy/sideways (ADX 16.8) -> mean-reversion strategy | Signal: HOLD | Shares held: 0.0 | Last price: $93.93
2026-10-01 19:19:29,497 | [ACGL] ACTION: No trade.
2026-10-01 19:19:29,517 | [ACN] trending (ADX 46.2) -> trend-following strategy | Signal: HOLD | Shares held: 0.0 | Last price: $214.79
2026-10-01 19:19:29,517 | [ACN] ACTION: No trade.
2026-10-01 19:19:29,537 | [ADBE] trending (ADX 29.0) -> trend-following strategy | Signal: HOLD | Shares held: 0.0 | Last price: $242.30
2026-10-01 19:19:29,537 | [ADBE] ACTION: No trade.
2026-10-01 19:19:29,556 | [ADI] choppy/sideways (ADX 22.9) -> mean-reversion strategy | Signal: HOLD | Shares held: 0.0 | Last price: $403.53
2026-10-01 19:19:29,557 | [ADI] ACTION: No trade.
2026-10-01 19:19:29,577 | [ADM] trending (ADX 30.1) -> trend-following strategy | Signal: HOLD | Shares held: 0.0 | Last price: $79.34
2026-10-01 19:19:29,577 | [ADM] ACTION: No trade.
2026-10-01 19:19:29,597 | [ADP] choppy/sideways (ADX 18.1) -> mean-reversion strategy | Signal: HOLD | Shares held: 0.0 | Last price: $264.74
2026-10-01 19:19:29,597 | [ADP] ACTION: No trade.
2026-10-01 19:19:29,617 | [ADSK] trending (ADX 32.8) -> trend-following strategy | Signal: HOLD | Shares held: 0.0 | Last price: $213.51
2026-10-01 19:19:29,617 | [ADSK] ACTION: No trade.
2026-10-01 19:19:29,637 | [AEE] choppy/sideways (ADX 9.6) -> mean-reversion strategy | Signal: HOLD | Shares held: 0.0 | Last price: $99.60
2026-10-01 19:19:29,637 | [AEE] ACTION: No trade.
2026-10-01 19:19:29,658 | [AEP] choppy/sideways (ADX 16.7) -> mean-reversion strategy | Signal: HOLD | Shares held: 0.0 | Last price: $119.69
2026-10-01 19:19:29,658 | [AEP] ACTION: No trade.
2026-10-01 19:19:29,678 | [AES] trending (ADX 56.2) -> trend-following strategy | Signal: HOLD | Shares held: 0.0 | Last price: $14.93
2026-10-01 19:19:29,678 | [AES] ACTION: No trade.
2026-10-01 19:19:29,699 | [AFL] trending (ADX 52.1) -> trend-following strategy | Signal: HOLD | Shares held: 0.0 | Last price: $111.02
2026-10-01 19:19:29,699 | [AFL] ACTION: No trade.
2026-10-01 19:19:29,719 | [AIG] choppy/sideways (ADX 10.2) -> mean-reversion strategy | Signal: HOLD | Shares held: 0.0 | Last price: $75.03
2026-10-01 19:19:29,719 | [AIG] ACTION: No trade.
2026-10-01 19:19:29,739 | [AJG] trending (ADX 30.2) -> trend-following strategy | Signal: HOLD | Shares held: 0.0 | Last price: $232.70
2026-10-01 19:19:29,739 | [AJG] ACTION: No trade.
2026-10-01 19:19:29,760 | [AKAM] choppy/sideways (ADX 19.4) -> mean-reversion strategy | Signal: HOLD | Shares held: 0.0 | Last price: $106.20
2026-10-01 19:19:29,761 | [AKAM] ACTION: No trade.
2026-10-01 19:19:29,781 | [ALB] choppy/sideways (ADX 24.8) -> mean-reversion strategy | Signal: HOLD | Shares held: 0.0 | Last price: $105.53
2026-10-01 19:19:29,781 | [ALB] ACTION: No trade.
2026-10-01 19:19:29,801 | [ALGN] choppy/sideways (ADX 16.9) -> mean-reversion strategy | Signal: HOLD | Shares held: 0.0 | Last price: $145.37
2026-10-01 19:19:29,801 | [ALGN] ACTION: No trade.
2026-10-01 19:19:29,822 | [ALL] choppy/sideways (ADX 13.5) -> mean-reversion strategy | Signal: HOLD | Shares held: 0.0 | Last price: $224.52
2026-10-01 19:19:29,822 | [ALL] ACTION: No trade.
2026-10-01 19:19:29,842 | [ALLE] trending (ADX 25.1) -> trend-following strategy | Signal: BUY | Shares held: 0.0 | Last price: $153.71
2026-10-01 19:19:29,842 | [ALLE] ACTION: No trade (within 90 min of close -- not enough runway left today for a new position).
2026-10-01 19:19:29,863 | [AMAT] trending (ADX 27.8) -> trend-following strategy | Signal: HOLD | Shares held: 0.0 | Last price: $530.04
2026-10-01 19:19:29,863 | [AMAT] ACTION: No trade.
2026-10-01 19:19:29,883 | [AMCR] choppy/sideways (ADX 21.6) -> mean-reversion strategy | Signal: HOLD | Shares held: 0.0 | Last price: $42.02
2026-10-01 19:19:29,883 | [AMCR] ACTION: No trade.
2026-10-01 19:19:29,903 | [AMD] choppy/sideways (ADX 14.8) -> mean-reversion strategy | Signal: HOLD | Shares held: 0.0 | Last price: $615.37
2026-10-01 19:19:29,903 | [AMD] ACTION: No trade.
2026-10-01 19:19:29,923 | [AME] choppy/sideways (ADX 19.9) -> mean-reversion strategy | Signal: HOLD | Shares held: 0.0 | Last price: $249.22
2026-10-01 19:19:29,923 | [AME] ACTION: No trade.
2026-10-01 19:19:29,943 | [AMGN] trending (ADX 44.3) -> trend-following strategy | Signal: HOLD | Shares held: 0.0 | Last price: $410.84
2026-10-01 19:19:29,944 | [AMGN] ACTION: No trade.
2026-10-01 19:19:29,963 | [AMP] choppy/sideways (ADX 19.3) -> mean-reversion strategy | Signal: HOLD | Shares held: 0.0 | Last price: $497.02
2026-10-01 19:19:29,963 | [AMP] ACTION: No trade.
2026-10-01 19:19:29,983 | [AMT] trending (ADX 33.9) -> trend-following strategy | Signal: HOLD | Shares held: 0.0 | Last price: $162.06
2026-10-01 19:19:29,983 | [AMT] ACTION: No trade.
2026-10-01 19:19:30,003 | [AMZN] choppy/sideways (ADX 20.5) -> mean-reversion strategy | Signal: HOLD | Shares held: 0.0 | Last price: $249.12
2026-10-01 19:19:30,003 | [AMZN] ACTION: No trade.
2026-10-01 19:19:30,023 | [ANET] choppy/sideways (ADX 10.5) -> mean-reversion strategy | Signal: HOLD | Shares held: 0.0 | Last price: $205.54
2026-10-01 19:19:30,023 | [ANET] ACTION: No trade.
2026-10-01 19:19:30,043 | [AON] choppy/sideways (ADX 20.1) -> mean-reversion strategy | Signal: HOLD | Shares held: 0.0 | Last price: $276.05
2026-10-01 19:19:30,043 | [AON] ACTION: No trade.
2026-10-01 19:19:30,063 | [AOS] trending (ADX 28.5) -> trend-following strategy | Signal: HOLD | Shares held: 0.0 | Last price: $56.74
2026-10-01 19:19:30,063 | [AOS] ACTION: No trade.
2026-10-01 19:19:30,084 | [APA] choppy/sideways (ADX 20.8) -> mean-reversion strategy | Signal: HOLD | Shares held: 0.0 | Last price: $43.37
2026-10-01 19:19:30,084 | [APA] ACTION: No trade.
2026-10-01 19:19:30,104 | [APD] trending (ADX 31.5) -> trend-following strategy | Signal: HOLD | Shares held: 0.0 | Last price: $272.38
2026-10-01 19:19:30,104 | [APD] ACTION: No trade.
2026-10-01 19:19:30,124 | [APH] trending (ADX 39.3) -> trend-following strategy | Signal: HOLD | Shares held: 0.0 | Last price: $86.13
2026-10-01 19:19:30,124 | [APH] ACTION: No trade.
2026-10-01 19:19:30,144 | [APO] choppy/sideways (ADX 15.9) -> mean-reversion strategy | Signal: HOLD | Shares held: 0.0 | Last price: $114.80
2026-10-01 19:19:30,144 | [APO] ACTION: No trade.
2026-10-01 19:19:30,165 | [APP] trending (ADX 49.2) -> trend-following strategy | Signal: HOLD | Shares held: 0.0 | Last price: $282.65
2026-10-01 19:19:30,165 | [APP] ACTION: No trade.
2026-10-01 19:19:30,185 | [APTV] trending (ADX 32.9) -> trend-following strategy | Signal: HOLD | Shares held: 0.0 | Last price: $44.12
2026-10-01 19:19:30,185 | [APTV] ACTION: No trade.
2026-10-01 19:19:30,205 | [ARE] trending (ADX 34.6) -> trend-following strategy | Signal: HOLD | Shares held: 0.0 | Last price: $46.49
2026-10-01 19:19:30,205 | [ARE] ACTION: No trade.
2026-10-01 19:19:30,225 | [ARES] choppy/sideways (ADX 19.5) -> mean-reversion strategy | Signal: HOLD | Shares held: 0.0 | Last price: $117.11
2026-10-01 19:19:30,226 | [ARES] ACTION: No trade.
2026-10-01 19:19:30,246 | [ATO] choppy/sideways (ADX 15.1) -> mean-reversion strategy | Signal: HOLD | Shares held: 0.0 | Last price: $156.33
2026-10-01 19:19:30,246 | [ATO] ACTION: No trade.
2026-10-01 19:19:30,266 | [AVGO] choppy/sideways (ADX 21.1) -> mean-reversion strategy | Signal: HOLD | Shares held: 0.0 | Last price: $347.03
2026-10-01 19:19:30,266 | [AVGO] ACTION: No trade.
2026-10-01 19:19:30,286 | [AVY] choppy/sideways (ADX 23.5) -> mean-reversion strategy | Signal: HOLD | Shares held: 0.0 | Last price: $172.75
2026-10-01 19:19:30,287 | [AVY] ACTION: No trade.
2026-10-01 19:19:30,306 | [AWK] choppy/sideways (ADX 24.3) -> mean-reversion strategy | Signal: HOLD | Shares held: 0.0 | Last price: $127.72
2026-10-01 19:19:30,307 | [AWK] ACTION: No trade.
2026-10-01 19:19:30,327 | [AXON] choppy/sideways (ADX 20.8) -> mean-reversion strategy | Signal: HOLD | Shares held: 0.0 | Last price: $424.43
2026-10-01 19:19:30,327 | [AXON] ACTION: No trade.
2026-10-01 19:19:30,347 | [AXP] trending (ADX 34.1) -> trend-following strategy | Signal: HOLD | Shares held: 0.0 | Last price: $300.49
2026-10-01 19:19:30,347 | [AXP] ACTION: No trade.
2026-10-01 19:19:30,367 | [AZO] choppy/sideways (ADX 24.3) -> mean-reversion strategy | Signal: HOLD | Shares held: 0.0 | Last price: $2807.61
2026-10-01 19:19:30,367 | [AZO] ACTION: No trade.
2026-10-01 19:19:30,387 | [BA] choppy/sideways (ADX 14.6) -> mean-reversion strategy | Signal: HOLD | Shares held: 0.0 | Last price: $187.24
2026-10-01 19:19:30,387 | [BA] ACTION: No trade.
2026-10-01 19:19:30,408 | [BAC] trending (ADX 36.4) -> trend-following strategy | Signal: HOLD | Shares held: 0.0 | Last price: $53.63
2026-10-01 19:19:30,408 | [BAC] ACTION: No trade.
2026-10-01 19:19:30,428 | [BALL] choppy/sideways (ADX 15.4) -> mean-reversion strategy | Signal: HOLD | Shares held: 0.0 | Last price: $56.50
2026-10-01 19:19:30,428 | [BALL] ACTION: No trade.
2026-10-01 19:19:30,448 | [BAX] choppy/sideways (ADX 24.7) -> mean-reversion strategy | Signal: HOLD | Shares held: 0.0 | Last price: $23.55
2026-10-01 19:19:30,449 | [BAX] ACTION: No trade.
2026-10-01 19:19:30,468 | [BBY] choppy/sideways (ADX 18.9) -> mean-reversion strategy | Signal: HOLD | Shares held: 0.0 | Last price: $87.47
2026-10-01 19:19:30,469 | [BBY] ACTION: No trade.
2026-10-01 19:19:30,489 | [BDX] trending (ADX 27.7) -> trend-following strategy | Signal: HOLD | Shares held: 0.0 | Last price: $178.68
2026-10-01 19:19:30,489 | [BDX] ACTION: No trade.
2026-10-01 19:19:30,509 | [BE] choppy/sideways (ADX 9.7) -> mean-reversion strategy | Signal: HOLD | Shares held: 0.0 | Last price: $275.42
2026-10-01 19:19:30,510 | [BE] ACTION: No trade.
2026-10-01 19:19:30,530 | [BEN] trending (ADX 26.2) -> trend-following strategy | Signal: HOLD | Shares held: 0.0 | Last price: $32.39
2026-10-01 19:19:30,530 | [BEN] ACTION: No trade.
2026-10-01 19:19:30,550 | [BG] trending (ADX 29.5) -> trend-following strategy | Signal: HOLD | Shares held: 0.0 | Last price: $106.47
2026-10-01 19:19:30,550 | [BG] ACTION: No trade.
2026-10-01 19:19:30,570 | [BIIB] choppy/sideways (ADX 20.4) -> mean-reversion strategy | Signal: HOLD | Shares held: 0.0 | Last price: $224.97
2026-10-01 19:19:30,570 | [BIIB] ACTION: No trade.
2026-10-01 19:19:30,590 | [BKNG] choppy/sideways (ADX 13.6) -> mean-reversion strategy | Signal: HOLD | Shares held: 0.0 | Last price: $161.27
2026-10-01 19:19:30,590 | [BKNG] ACTION: No trade.
2026-10-01 19:19:30,610 | [BKR] choppy/sideways (ADX 23.8) -> mean-reversion strategy | Signal: HOLD | Shares held: 0.0 | Last price: $55.87
2026-10-01 19:19:30,611 | [BKR] ACTION: No trade.
2026-10-01 19:19:30,630 | [BLK] choppy/sideways (ADX 15.6) -> mean-reversion strategy | Signal: HOLD | Shares held: 0.0 | Last price: $1064.73
2026-10-01 19:19:30,631 | [BLK] ACTION: No trade.
2026-10-01 19:19:30,651 | [BMY] trending (ADX 35.8) -> trend-following strategy | Signal: HOLD | Shares held: 0.0 | Last price: $61.41
2026-10-01 19:19:30,651 | [BMY] ACTION: No trade.
2026-10-01 19:19:30,672 | [BNY] trending (ADX 37.7) -> trend-following strategy | Signal: HOLD | Shares held: 0.0 | Last price: $143.15
2026-10-01 19:19:30,672 | [BNY] ACTION: No trade.
2026-10-01 19:19:30,693 | [BR] choppy/sideways (ADX 15.3) -> mean-reversion strategy | Signal: HOLD | Shares held: 0.0 | Last price: $162.01
2026-10-01 19:19:30,693 | [BR] ACTION: No trade.
2026-10-01 19:19:30,714 | [BRK.B] choppy/sideways (ADX 18.8) -> mean-reversion strategy | Signal: HOLD | Shares held: 0.0 | Last price: $499.11
2026-10-01 19:19:30,714 | [BRK.B] ACTION: No trade.
2026-10-01 19:19:30,735 | [BRO] trending (ADX 31.2) -> trend-following strategy | Signal: HOLD | Shares held: 0.0 | Last price: $61.99
2026-10-01 19:19:30,735 | [BRO] ACTION: No trade.
2026-10-01 19:19:30,755 | [BSX] trending (ADX 29.4) -> trend-following strategy | Signal: HOLD | Shares held: 0.0 | Last price: $43.28
2026-10-01 19:19:30,755 | [BSX] ACTION: No trade.
2026-10-01 19:19:30,775 | [BX] choppy/sideways (ADX 21.1) -> mean-reversion strategy | Signal: HOLD | Shares held: 0.0 | Last price: $112.33
2026-10-01 19:19:30,776 | [BX] ACTION: No trade.
2026-10-01 19:19:30,795 | [C] trending (ADX 33.7) -> trend-following strategy | Signal: HOLD | Shares held: 0.0 | Last price: $126.95
2026-10-01 19:19:30,795 | [C] ACTION: No trade.
2026-10-01 19:19:30,815 | [CAH] trending (ADX 36.9) -> trend-following strategy | Signal: HOLD | Shares held: 0.0 | Last price: $229.09
2026-10-01 19:19:30,815 | [CAH] ACTION: No trade.
2026-10-01 19:19:30,835 | [CARR] choppy/sideways (ADX 20.4) -> mean-reversion strategy | Signal: HOLD | Shares held: 0.0 | Last price: $55.12
2026-10-01 19:19:30,835 | [CARR] ACTION: No trade.
2026-10-01 19:19:30,854 | [CASY] choppy/sideways (ADX 16.3) -> mean-reversion strategy | Signal: HOLD | Shares held: 0.0 | Last price: $618.55
2026-10-01 19:19:30,854 | [CASY] ACTION: No trade.
2026-10-01 19:19:30,874 | [CAT] choppy/sideways (ADX 18.6) -> mean-reversion strategy | Signal: HOLD | Shares held: 0.0 | Last price: $824.36
2026-10-01 19:19:30,874 | [CAT] ACTION: No trade.
2026-10-01 19:19:30,894 | [CB] choppy/sideways (ADX 18.4) -> mean-reversion strategy | Signal: HOLD | Shares held: 0.0 | Last price: $330.94
2026-10-01 19:19:30,894 | [CB] ACTION: No trade.
2026-10-01 19:19:30,914 | [CBOE] choppy/sideways (ADX 16.0) -> mean-reversion strategy | Signal: HOLD | Shares held: 0.0 | Last price: $278.59
2026-10-01 19:19:30,914 | [CBOE] ACTION: No trade.
2026-10-01 19:19:30,934 | [CBRE] trending (ADX 36.5) -> trend-following strategy | Signal: HOLD | Shares held: 0.0 | Last price: $130.69
2026-10-01 19:19:30,934 | [CBRE] ACTION: No trade.
2026-10-01 19:19:30,954 | [CCI] choppy/sideways (ADX 11.3) -> mean-reversion strategy | Signal: HOLD | Shares held: 0.0 | Last price: $66.66
2026-10-01 19:19:30,954 | [CCI] ACTION: No trade.
2026-10-01 19:19:30,974 | [CCL] trending (ADX 25.1) -> trend-following strategy | Signal: HOLD | Shares held: 0.0 | Last price: $25.11
2026-10-01 19:19:30,974 | [CCL] ACTION: No trade.
2026-10-01 19:19:30,994 | [CDNS] Gap Pattern (Type A) continuation, gap held and extended | Signal: BUY | Shares held: 0.0 | Last price: $349.63
2026-10-01 19:19:30,994 | [CDNS] ACTION: No trade (within 90 min of close -- not enough runway left today for a new position).
2026-10-01 19:19:31,014 | [CDW] trending (ADX 39.5) -> trend-following strategy | Signal: HOLD | Shares held: 0.0 | Last price: $138.07
2026-10-01 19:19:31,015 | [CDW] ACTION: No trade.
2026-10-01 19:19:31,035 | [CEG] choppy/sideways (ADX 24.8) -> mean-reversion strategy | Signal: HOLD | Shares held: 0.0 | Last price: $258.71
2026-10-01 19:19:31,035 | [CEG] ACTION: No trade.
2026-10-01 19:19:31,054 | [CF] choppy/sideways (ADX 21.1) -> mean-reversion strategy | Signal: HOLD | Shares held: 0.0 | Last price: $114.45
2026-10-01 19:19:31,054 | [CF] ACTION: No trade.
2026-10-01 19:19:31,074 | [CFG] choppy/sideways (ADX 19.0) -> mean-reversion strategy | Signal: HOLD | Shares held: 0.0 | Last price: $63.24
2026-10-01 19:19:31,074 | [CFG] ACTION: No trade.
2026-10-01 19:19:31,094 | [CHD] choppy/sideways (ADX 12.5) -> mean-reversion strategy | Signal: HOLD | Shares held: 0.0 | Last price: $94.27
2026-10-01 19:19:31,094 | [CHD] ACTION: No trade.
2026-10-01 19:19:31,114 | [CHRW] trending (ADX 37.6) -> trend-following strategy | Signal: HOLD | Shares held: 0.0 | Last price: $152.72
2026-10-01 19:19:31,114 | [CHRW] ACTION: No trade.
2026-10-01 19:19:31,133 | [CHTR] choppy/sideways (ADX 23.4) -> mean-reversion strategy | Signal: HOLD | Shares held: 0.0 | Last price: $112.42
2026-10-01 19:19:31,134 | [CHTR] ACTION: No trade.
2026-10-01 19:19:31,154 | [CI] choppy/sideways (ADX 21.0) -> mean-reversion strategy | Signal: HOLD | Shares held: 0.0 | Last price: $268.10
2026-10-01 19:19:31,154 | [CI] ACTION: No trade.
2026-10-01 19:19:31,174 | [CIEN] trending (ADX 60.7) -> trend-following strategy | Signal: HOLD | Shares held: 0.0 | Last price: $379.21
2026-10-01 19:19:31,174 | [CIEN] ACTION: No trade.
2026-10-01 19:19:31,194 | [CINF] choppy/sideways (ADX 24.1) -> mean-reversion strategy | Signal: HOLD | Shares held: 0.0 | Last price: $161.70
2026-10-01 19:19:31,194 | [CINF] ACTION: No trade.
2026-10-01 19:19:31,214 | [CL] trending (ADX 28.7) -> trend-following strategy | Signal: HOLD | Shares held: 0.0 | Last price: $84.72
2026-10-01 19:19:31,214 | [CL] ACTION: No trade.
2026-10-01 19:19:31,234 | [CLX] choppy/sideways (ADX 16.0) -> mean-reversion strategy | Signal: HOLD | Shares held: 0.0 | Last price: $80.35
2026-10-01 19:19:31,234 | [CLX] ACTION: No trade.
2026-10-01 19:19:31,254 | [CMCSA] choppy/sideways (ADX 19.6) -> mean-reversion strategy | Signal: HOLD | Shares held: 0.0 | Last price: $21.82
2026-10-01 19:19:31,254 | [CMCSA] ACTION: No trade.
2026-10-01 19:19:31,275 | [CME] choppy/sideways (ADX 22.6) -> mean-reversion strategy | Signal: HOLD | Shares held: 0.0 | Last price: $265.69
2026-10-01 19:19:31,275 | [CME] ACTION: No trade.
2026-10-01 19:19:31,295 | [CMG] choppy/sideways (ADX 12.8) -> mean-reversion strategy | Signal: HOLD | Shares held: 0.0 | Last price: $32.09
2026-10-01 19:19:31,295 | [CMG] ACTION: No trade.
2026-10-01 19:19:31,316 | [CMI] trending (ADX 29.5) -> trend-following strategy | Signal: HOLD | Shares held: 0.0 | Last price: $514.78
2026-10-01 19:19:31,316 | [CMI] ACTION: No trade.
2026-10-01 19:19:31,337 | [CMS] choppy/sideways (ADX 19.1) -> mean-reversion strategy | Signal: HOLD | Shares held: 0.0 | Last price: $63.55
2026-10-01 19:19:31,337 | [CMS] ACTION: No trade.
2026-10-01 19:19:31,358 | [CNC] choppy/sideways (ADX 13.0) -> mean-reversion strategy | Signal: HOLD | Shares held: 0.0 | Last price: $61.11
2026-10-01 19:19:31,358 | [CNC] ACTION: No trade.
2026-10-01 19:19:31,378 | [CNP] choppy/sideways (ADX 20.3) -> mean-reversion strategy | Signal: HOLD | Shares held: 0.0 | Last price: $37.05
2026-10-01 19:19:31,378 | [CNP] ACTION: No trade.
2026-10-01 19:19:31,399 | [COF] choppy/sideways (ADX 21.5) -> mean-reversion strategy | Signal: HOLD | Shares held: 0.0 | Last price: $193.65
2026-10-01 19:19:31,399 | [COF] ACTION: No trade.
2026-10-01 19:19:31,419 | [COHR] trending (ADX 51.4) -> trend-following strategy | Signal: HOLD | Shares held: 0.0 | Last price: $319.22
2026-10-01 19:19:31,420 | [COHR] ACTION: No trade.
2026-10-01 19:19:31,441 | [COIN] trending (ADX 31.1) -> trend-following strategy | Signal: HOLD | Shares held: 0.0 | Last price: $190.99
2026-10-01 19:19:31,441 | [COIN] ACTION: No trade.
2026-10-01 19:19:31,461 | [COO] choppy/sideways (ADX 18.2) -> mean-reversion strategy | Signal: HOLD | Shares held: 0.0 | Last price: $57.30
2026-10-01 19:19:31,461 | [COO] ACTION: No trade.
2026-10-01 19:19:31,482 | [COP] choppy/sideways (ADX 13.0) -> mean-reversion strategy | Signal: HOLD | Shares held: 0.0 | Last price: $127.14
2026-10-01 19:19:31,482 | [COP] ACTION: No trade.
2026-10-01 19:19:31,503 | [COR] trending (ADX 42.5) -> trend-following strategy | Signal: HOLD | Shares held: 0.0 | Last price: $309.56
2026-10-01 19:19:31,503 | [COR] ACTION: No trade.
2026-10-01 19:19:31,524 | [COST] choppy/sideways (ADX 13.9) -> mean-reversion strategy | Signal: HOLD | Shares held: 0.0 | Last price: $916.26
2026-10-01 19:19:31,524 | [COST] ACTION: No trade.
2026-10-01 19:19:31,544 | [CPAY] choppy/sideways (ADX 22.6) -> mean-reversion strategy | Signal: HOLD | Shares held: 0.0 | Last price: $390.87
2026-10-01 19:19:31,545 | [CPAY] ACTION: No trade.
2026-10-01 19:19:31,565 | [CPRT] choppy/sideways (ADX 20.2) -> mean-reversion strategy | Signal: HOLD | Shares held: 0.0 | Last price: $27.29
2026-10-01 19:19:31,565 | [CPRT] ACTION: No trade.
2026-10-01 19:19:31,586 | [CPT] trending (ADX 32.5) -> trend-following strategy | Signal: HOLD | Shares held: 0.0 | Last price: $96.26
2026-10-01 19:19:31,587 | [CPT] ACTION: No trade.
2026-10-01 19:19:31,607 | [CRH] trending (ADX 27.8) -> trend-following strategy | Signal: HOLD | Shares held: 0.0 | Last price: $81.78
2026-10-01 19:19:31,608 | [CRH] ACTION: No trade.
2026-10-01 19:19:31,628 | [CRL] trending (ADX 40.7) -> trend-following strategy | Signal: HOLD | Shares held: 0.0 | Last price: $288.34
2026-10-01 19:19:31,628 | [CRL] ACTION: No trade.
2026-10-01 19:19:31,649 | [CRM] trending (ADX 27.2) -> trend-following strategy | Signal: HOLD | Shares held: 0.0 | Last price: $235.92
2026-10-01 19:19:31,649 | [CRM] ACTION: No trade.
2026-10-01 19:19:31,670 | [CRWD] choppy/sideways (ADX 18.3) -> mean-reversion strategy | Signal: HOLD | Shares held: 0.0 | Last price: $266.85
2026-10-01 19:19:31,670 | [CRWD] ACTION: No trade.
2026-10-01 19:19:31,691 | [CSCO] choppy/sideways (ADX 12.6) -> mean-reversion strategy | Signal: HOLD | Shares held: 0.0 | Last price: $108.57
2026-10-01 19:19:31,691 | [CSCO] ACTION: No trade.
2026-10-01 19:19:31,712 | [CSGP] choppy/sideways (ADX 21.6) -> mean-reversion strategy | Signal: HOLD | Shares held: 0.0 | Last price: $27.81
2026-10-01 19:19:31,712 | [CSGP] ACTION: No trade.
2026-10-01 19:19:31,733 | [CSX] trending (ADX 44.2) -> trend-following strategy | Signal: HOLD | Shares held: 0.0 | Last price: $46.24
2026-10-01 19:19:31,733 | [CSX] ACTION: No trade.
2026-10-01 19:19:31,764 | [CTAS] choppy/sideways (ADX 16.5) -> mean-reversion strategy | Signal: HOLD | Shares held: 0.0 | Last price: $195.26
2026-10-01 19:19:31,765 | [CTAS] ACTION: No trade.
2026-10-01 19:19:31,790 | [CTSH] trending (ADX 33.3) -> trend-following strategy | Signal: HOLD | Shares held: 0.0 | Last price: $61.89
2026-10-01 19:19:31,791 | [CTSH] ACTION: No trade.
2026-10-01 19:19:31,828 | [CTVA] trending (ADX 82.6) -> trend-following strategy | Signal: HOLD | Shares held: 0.0 | Last price: $12.38
2026-10-01 19:19:31,828 | [CTVA] ACTION: No trade.
2026-10-01 19:19:31,849 | [CVNA] trending (ADX 25.4) -> trend-following strategy | Signal: HOLD | Shares held: 0.0 | Last price: $63.00
2026-10-01 19:19:31,850 | [CVNA] ACTION: No trade.
2026-10-01 19:19:31,870 | [CVS] choppy/sideways (ADX 20.1) -> mean-reversion strategy | Signal: HOLD | Shares held: 0.0 | Last price: $84.92
2026-10-01 19:19:31,870 | [CVS] ACTION: No trade.
2026-10-01 19:19:31,891 | [CVX] choppy/sideways (ADX 10.2) -> mean-reversion strategy | Signal: HOLD | Shares held: 0.0 | Last price: $207.13
2026-10-01 19:19:31,891 | [CVX] ACTION: No trade.
2026-10-01 19:19:31,911 | [D] choppy/sideways (ADX 18.8) -> mean-reversion strategy | Signal: HOLD | Shares held: 0.0 | Last price: $60.78
2026-10-01 19:19:31,911 | [D] ACTION: No trade.
2026-10-01 19:19:31,932 | [DAL] choppy/sideways (ADX 13.2) -> mean-reversion strategy | Signal: HOLD | Shares held: 0.0 | Last price: $83.88
2026-10-01 19:19:31,932 | [DAL] ACTION: No trade.
2026-10-01 19:19:31,953 | [DASH] choppy/sideways (ADX 12.5) -> mean-reversion strategy | Signal: HOLD | Shares held: 0.0 | Last price: $182.05
2026-10-01 19:19:31,953 | [DASH] ACTION: No trade.
2026-10-01 19:19:31,974 | [DD] choppy/sideways (ADX 18.5) -> mean-reversion strategy | Signal: HOLD | Shares held: 0.0 | Last price: $129.57
2026-10-01 19:19:31,974 | [DD] ACTION: No trade.
2026-10-01 19:19:31,996 | [DDOG] choppy/sideways (ADX 19.9) -> mean-reversion strategy | Signal: HOLD | Shares held: 0.0 | Last price: $278.11
2026-10-01 19:19:31,996 | [DDOG] ACTION: No trade.
2026-10-01 19:19:32,017 | [DE] trending (ADX 32.9) -> trend-following strategy | Signal: HOLD | Shares held: 0.0 | Last price: $660.61
2026-10-01 19:19:32,017 | [DE] ACTION: No trade.
2026-10-01 19:19:32,038 | [DECK] trending (ADX 31.5) -> trend-following strategy | Signal: HOLD | Shares held: 0.0 | Last price: $79.42
2026-10-01 19:19:32,038 | [DECK] ACTION: No trade.
2026-10-01 19:19:32,059 | [DELL] choppy/sideways (ADX 16.3) -> mean-reversion strategy | Signal: HOLD | Shares held: 0.0 | Last price: $538.01
2026-10-01 19:19:32,059 | [DELL] ACTION: No trade.
2026-10-01 19:19:32,079 | [DG] choppy/sideways (ADX 17.3) -> mean-reversion strategy | Signal: HOLD | Shares held: 0.0 | Last price: $118.91
2026-10-01 19:19:32,079 | [DG] ACTION: No trade.
2026-10-01 19:19:32,100 | [DGX] trending (ADX 34.8) -> trend-following strategy | Signal: HOLD | Shares held: 0.0 | Last price: $231.27
2026-10-01 19:19:32,100 | [DGX] ACTION: No trade.
2026-10-01 19:19:32,121 | [DHI] trending (ADX 29.4) -> trend-following strategy | Signal: HOLD | Shares held: 0.0 | Last price: $136.83
2026-10-01 19:19:32,121 | [DHI] ACTION: No trade.
2026-10-01 19:19:32,142 | [DHR] trending (ADX 62.7) -> trend-following strategy | Signal: HOLD | Shares held: 0.0 | Last price: $212.83
2026-10-01 19:19:32,142 | [DHR] ACTION: No trade.
2026-10-01 19:19:32,162 | [DIS] trending (ADX 63.0) -> trend-following strategy | Signal: HOLD | Shares held: 0.0 | Last price: $101.71
2026-10-01 19:19:32,162 | [DIS] ACTION: No trade.
2026-10-01 19:19:32,182 | [DLR] choppy/sideways (ADX 24.4) -> mean-reversion strategy | Signal: HOLD | Shares held: 0.0 | Last price: $176.03
2026-10-01 19:19:32,182 | [DLR] ACTION: No trade.
2026-10-01 19:19:32,203 | [DLTR] trending (ADX 29.2) -> trend-following strategy | Signal: HOLD | Shares held: 0.0 | Last price: $114.41
2026-10-01 19:19:32,203 | [DLTR] ACTION: No trade.
2026-10-01 19:19:32,223 | [DOC] trending (ADX 42.0) -> trend-following strategy | Signal: HOLD | Shares held: 0.0 | Last price: $19.41
2026-10-01 19:19:32,223 | [DOC] ACTION: No trade.
2026-10-01 19:19:32,244 | [DOV] choppy/sideways (ADX 20.6) -> mean-reversion strategy | Signal: HOLD | Shares held: 0.0 | Last price: $188.43
2026-10-01 19:19:32,244 | [DOV] ACTION: No trade.
2026-10-01 19:19:32,264 | [DOW] choppy/sideways (ADX 20.6) -> mean-reversion strategy | Signal: HOLD | Shares held: 0.0 | Last price: $27.62
2026-10-01 19:19:32,264 | [DOW] ACTION: No trade.
2026-10-01 19:19:32,284 | [DPZ] choppy/sideways (ADX 15.7) -> mean-reversion strategy | Signal: HOLD | Shares held: 0.0 | Last price: $296.68
2026-10-01 19:19:32,284 | [DPZ] ACTION: No trade.
2026-10-01 19:19:32,304 | [DRI] choppy/sideways (ADX 18.5) -> mean-reversion strategy | Signal: HOLD | Shares held: 0.0 | Last price: $195.42
2026-10-01 19:19:32,304 | [DRI] ACTION: No trade.
2026-10-01 19:19:32,324 | [DTE] choppy/sideways (ADX 19.6) -> mean-reversion strategy | Signal: HOLD | Shares held: 0.0 | Last price: $123.17
2026-10-01 19:19:32,324 | [DTE] ACTION: No trade.
2026-10-01 19:19:32,345 | [DUK] choppy/sideways (ADX 12.0) -> mean-reversion strategy | Signal: HOLD | Shares held: 0.0 | Last price: $113.72
2026-10-01 19:19:32,345 | [DUK] ACTION: No trade.
2026-10-01 19:19:32,365 | [DVA] choppy/sideways (ADX 20.6) -> mean-reversion strategy | Signal: HOLD | Shares held: 0.0 | Last price: $176.94
2026-10-01 19:19:32,365 | [DVA] ACTION: No trade.
2026-10-01 19:19:32,385 | [DVN] choppy/sideways (ADX 15.3) -> mean-reversion strategy | Signal: HOLD | Shares held: 0.0 | Last price: $47.08
2026-10-01 19:19:32,385 | [DVN] ACTION: No trade.
2026-10-01 19:19:32,405 | [DXCM] choppy/sideways (ADX 8.7) -> mean-reversion strategy | Signal: HOLD | Shares held: 0.0 | Last price: $86.30
2026-10-01 19:19:32,406 | [DXCM] ACTION: No trade.
2026-10-01 19:19:32,426 | [EBAY] choppy/sideways (ADX 18.9) -> mean-reversion strategy | Signal: HOLD | Shares held: 0.0 | Last price: $106.00
2026-10-01 19:19:32,426 | [EBAY] ACTION: No trade.
2026-10-01 19:19:32,446 | [ECHO] choppy/sideways (ADX 14.8) -> mean-reversion strategy | Signal: HOLD | Shares held: 0.0 | Last price: $88.38
2026-10-01 19:19:32,446 | [ECHO] ACTION: No trade.
2026-10-01 19:19:32,466 | [ECL] trending (ADX 30.7) -> trend-following strategy | Signal: HOLD | Shares held: 0.0 | Last price: $270.82
2026-10-01 19:19:32,466 | [ECL] ACTION: No trade.
2026-10-01 19:19:32,486 | [ED] choppy/sideways (ADX 11.2) -> mean-reversion strategy | Signal: HOLD | Shares held: 0.0 | Last price: $103.48
2026-10-01 19:19:32,486 | [ED] ACTION: No trade.
2026-10-01 19:19:32,506 | [EFX] trending (ADX 30.5) -> trend-following strategy | Signal: HOLD | Shares held: 0.0 | Last price: $141.05
2026-10-01 19:19:32,506 | [EFX] ACTION: No trade.
2026-10-01 19:19:32,526 | [EG] choppy/sideways (ADX 13.8) -> mean-reversion strategy | Signal: HOLD | Shares held: 0.0 | Last price: $368.07
2026-10-01 19:19:32,526 | [EG] ACTION: No trade.
2026-10-01 19:19:32,546 | [EIX] choppy/sideways (ADX 21.8) -> mean-reversion strategy | Signal: HOLD | Shares held: 0.0 | Last price: $53.73
2026-10-01 19:19:32,546 | [EIX] ACTION: No trade.
2026-10-01 19:19:32,566 | [EL] trending (ADX 40.5) -> trend-following strategy | Signal: HOLD | Shares held: 0.0 | Last price: $90.35
2026-10-01 19:19:32,566 | [EL] ACTION: No trade.
2026-10-01 19:19:32,586 | [ELV] trending (ADX 39.0) -> trend-following strategy | Signal: HOLD | Shares held: 0.0 | Last price: $380.96
2026-10-01 19:19:32,586 | [ELV] ACTION: No trade.
2026-10-01 19:19:32,607 | [EME] choppy/sideways (ADX 11.1) -> mean-reversion strategy | Signal: HOLD | Shares held: 0.0 | Last price: $765.90
2026-10-01 19:19:32,607 | [EME] ACTION: No trade.
2026-10-01 19:19:32,627 | [EMR] choppy/sideways (ADX 14.4) -> mean-reversion strategy | Signal: HOLD | Shares held: 0.0 | Last price: $158.67
2026-10-01 19:19:32,627 | [EMR] ACTION: No trade.
2026-10-01 19:19:32,647 | [EOG] trending (ADX 27.5) -> trend-following strategy | Signal: HOLD | Shares held: 0.0 | Last price: $141.72
2026-10-01 19:19:32,647 | [EOG] ACTION: No trade.
2026-10-01 19:19:32,668 | [EQIX] choppy/sideways (ADX 20.1) -> mean-reversion strategy | Signal: HOLD | Shares held: 0.0 | Last price: $1012.55
2026-10-01 19:19:32,668 | [EQIX] ACTION: No trade.
2026-10-01 19:19:32,689 | [EQT] choppy/sideways (ADX 23.4) -> mean-reversion strategy | Signal: HOLD | Shares held: 0.0 | Last price: $49.90
2026-10-01 19:19:32,689 | [EQT] ACTION: No trade.
2026-10-01 19:19:32,710 | [ES] choppy/sideways (ADX 19.6) -> mean-reversion strategy | Signal: HOLD | Shares held: 0.0 | Last price: $64.23
2026-10-01 19:19:32,710 | [ES] ACTION: No trade.
2026-10-01 19:19:32,731 | [ESS] choppy/sideways (ADX 19.2) -> mean-reversion strategy | Signal: HOLD | Shares held: 0.0 | Last price: $268.71
2026-10-01 19:19:32,731 | [ESS] ACTION: No trade.
2026-10-01 19:19:32,751 | [ETN] choppy/sideways (ADX 24.5) -> mean-reversion strategy | Signal: HOLD | Shares held: 0.0 | Last price: $438.38
2026-10-01 19:19:32,751 | [ETN] ACTION: No trade.
2026-10-01 19:19:32,772 | [ETR] choppy/sideways (ADX 21.3) -> mean-reversion strategy | Signal: HOLD | Shares held: 0.0 | Last price: $100.48
2026-10-01 19:19:32,772 | [ETR] ACTION: No trade.
2026-10-01 19:19:32,793 | [EVRG] choppy/sideways (ADX 15.2) -> mean-reversion strategy | Signal: HOLD | Shares held: 0.0 | Last price: $78.67
2026-10-01 19:19:32,793 | [EVRG] ACTION: No trade.
2026-10-01 19:19:32,814 | [EW] trending (ADX 38.2) -> trend-following strategy | Signal: HOLD | Shares held: 0.0 | Last price: $85.18
2026-10-01 19:19:32,814 | [EW] ACTION: No trade.
2026-10-01 19:19:32,834 | [EXC] choppy/sideways (ADX 15.6) -> mean-reversion strategy | Signal: HOLD | Shares held: 0.0 | Last price: $40.49
2026-10-01 19:19:32,834 | [EXC] ACTION: No trade.
2026-10-01 19:19:32,855 | [EXE] trending (ADX 25.2) -> trend-following strategy | Signal: HOLD | Shares held: 0.0 | Last price: $86.00
2026-10-01 19:19:32,855 | [EXE] ACTION: No trade.
2026-10-01 19:19:32,876 | [EXPD] choppy/sideways (ADX 12.6) -> mean-reversion strategy | Signal: HOLD | Shares held: 0.0 | Last price: $186.88
2026-10-01 19:19:32,876 | [EXPD] ACTION: No trade.
2026-10-01 19:19:32,896 | [EXPE] choppy/sideways (ADX 18.6) -> mean-reversion strategy | Signal: HOLD | Shares held: 0.0 | Last price: $263.04
2026-10-01 19:19:32,896 | [EXPE] ACTION: No trade.
2026-10-01 19:19:32,916 | [EXR] choppy/sideways (ADX 17.1) -> mean-reversion strategy | Signal: HOLD | Shares held: 0.0 | Last price: $133.09
2026-10-01 19:19:32,916 | [EXR] ACTION: No trade.
2026-10-01 19:19:32,937 | [F] trending (ADX 27.5) -> trend-following strategy | Signal: HOLD | Shares held: 0.0 | Last price: $12.21
2026-10-01 19:19:32,937 | [F] ACTION: No trade.
2026-10-01 19:19:32,957 | [FANG] choppy/sideways (ADX 18.6) -> mean-reversion strategy | Signal: HOLD | Shares held: 0.0 | Last price: $185.04
2026-10-01 19:19:32,957 | [FANG] ACTION: No trade.
2026-10-01 19:19:32,977 | [FAST] choppy/sideways (ADX 18.0) -> mean-reversion strategy | Signal: HOLD | Shares held: 0.0 | Last price: $49.92
2026-10-01 19:19:32,978 | [FAST] ACTION: No trade.
2026-10-01 19:19:33,041 | [FCX] choppy/sideways (ADX 20.7) -> mean-reversion strategy | Signal: HOLD | Shares held: 0.0 | Last price: $69.40
2026-10-01 19:19:33,041 | [FCX] ACTION: No trade.
2026-10-01 19:19:33,062 | [FDS] trending (ADX 30.0) -> trend-following strategy | Signal: HOLD | Shares held: 0.0 | Last price: $278.23
2026-10-01 19:19:33,062 | [FDS] ACTION: No trade.
2026-10-01 19:19:33,083 | [FDX] choppy/sideways (ADX 20.7) -> mean-reversion strategy | Signal: HOLD | Shares held: 0.0 | Last price: $286.31
2026-10-01 19:19:33,083 | [FDX] ACTION: No trade.
2026-10-01 19:19:33,104 | [FDXF] choppy/sideways (ADX 18.9) -> mean-reversion strategy | Signal: HOLD | Shares held: 0.0 | Last price: $111.33
2026-10-01 19:19:33,104 | [FDXF] ACTION: No trade.
2026-10-01 19:19:33,124 | [FE] choppy/sideways (ADX 14.3) -> mean-reversion strategy | Signal: HOLD | Shares held: 0.0 | Last price: $43.30
2026-10-01 19:19:33,124 | [FE] ACTION: No trade.
2026-10-01 19:19:33,145 | [FERG] choppy/sideways (ADX 22.7) -> mean-reversion strategy | Signal: HOLD | Shares held: 0.0 | Last price: $223.41
2026-10-01 19:19:33,145 | [FERG] ACTION: No trade.
2026-10-01 19:19:33,165 | [FFIV] choppy/sideways (ADX 16.9) -> mean-reversion strategy | Signal: HOLD | Shares held: 0.0 | Last price: $447.01
2026-10-01 19:19:33,166 | [FFIV] ACTION: No trade.
2026-10-01 19:19:33,186 | [FICO] trending (ADX 50.4) -> trend-following strategy | Signal: HOLD | Shares held: 0.0 | Last price: $666.95
2026-10-01 19:19:33,186 | [FICO] ACTION: No trade.
2026-10-01 19:19:33,207 | [FIS] trending (ADX 28.3) -> trend-following strategy | Signal: HOLD | Shares held: 0.0 | Last price: $33.30
2026-10-01 19:19:33,207 | [FIS] ACTION: No trade.
2026-10-01 19:19:33,228 | [FISV] choppy/sideways (ADX 15.2) -> mean-reversion strategy | Signal: HOLD | Shares held: 0.0 | Last price: $45.56
2026-10-01 19:19:33,228 | [FISV] ACTION: No trade.
2026-10-01 19:19:33,248 | [FITB] trending (ADX 27.1) -> trend-following strategy | Signal: BUY | Shares held: 0.0 | Last price: $50.15
2026-10-01 19:19:33,248 | [FITB] ACTION: No trade (within 90 min of close -- not enough runway left today for a new position).
2026-10-01 19:19:33,269 | [FIX] choppy/sideways (ADX 13.8) -> mean-reversion strategy | Signal: HOLD | Shares held: 0.0 | Last price: $1682.03
2026-10-01 19:19:33,269 | [FIX] ACTION: No trade.
2026-10-01 19:19:33,290 | [FLEX] choppy/sideways (ADX 21.9) -> mean-reversion strategy | Signal: HOLD | Shares held: 0.0 | Last price: $113.11
2026-10-01 19:19:33,290 | [FLEX] ACTION: No trade.
2026-10-01 19:19:33,310 | [FOXA] trending (ADX 45.9) -> trend-following strategy | Signal: HOLD | Shares held: 0.0 | Last price: $61.10
2026-10-01 19:19:33,311 | [FOXA] ACTION: No trade.
2026-10-01 19:19:33,330 | [FRT] choppy/sideways (ADX 20.4) -> mean-reversion strategy | Signal: HOLD | Shares held: 0.0 | Last price: $107.53
2026-10-01 19:19:33,330 | [FRT] ACTION: No trade.
2026-10-01 19:19:33,350 | [FSLR] choppy/sideways (ADX 17.5) -> mean-reversion strategy | Signal: HOLD | Shares held: 0.0 | Last price: $172.99
2026-10-01 19:19:33,350 | [FSLR] ACTION: No trade.
2026-10-01 19:19:33,370 | [FTNT] trending (ADX 32.5) -> trend-following strategy | Signal: HOLD | Shares held: 0.0 | Last price: $177.98
2026-10-01 19:19:33,371 | [FTNT] ACTION: No trade.
2026-10-01 19:19:33,390 | [FTV] choppy/sideways (ADX 20.8) -> mean-reversion strategy | Signal: HOLD | Shares held: 0.0 | Last price: $55.45
2026-10-01 19:19:33,390 | [FTV] ACTION: No trade.
2026-10-01 19:19:33,410 | [GD] choppy/sideways (ADX 19.6) -> mean-reversion strategy | Signal: HOLD | Shares held: 0.0 | Last price: $333.38
2026-10-01 19:19:33,410 | [GD] ACTION: No trade.
2026-10-01 19:19:33,430 | [GDDY] trending (ADX 29.1) -> trend-following strategy | Signal: HOLD | Shares held: 0.0 | Last price: $97.42
2026-10-01 19:19:33,430 | [GDDY] ACTION: No trade.
2026-10-01 19:19:33,451 | [GE] choppy/sideways (ADX 22.7) -> mean-reversion strategy | Signal: HOLD | Shares held: 0.0 | Last price: $312.79
2026-10-01 19:19:33,451 | [GE] ACTION: No trade.
2026-10-01 19:19:33,471 | [GEHC] trending (ADX 40.8) -> trend-following strategy | Signal: HOLD | Shares held: 0.0 | Last price: $64.23
2026-10-01 19:19:33,471 | [GEHC] ACTION: No trade.
2026-10-01 19:19:33,490 | [GEN] choppy/sideways (ADX 18.2) -> mean-reversion strategy | Signal: HOLD | Shares held: 0.0 | Last price: $22.20
2026-10-01 19:19:33,490 | [GEN] ACTION: No trade.
2026-10-01 19:19:33,510 | [GEV] trending (ADX 35.4) -> trend-following strategy | Signal: HOLD | Shares held: 0.0 | Last price: $983.35
2026-10-01 19:19:33,510 | [GEV] ACTION: No trade.
2026-10-01 19:19:33,531 | [GILD] trending (ADX 26.2) -> trend-following strategy | Signal: HOLD | Shares held: 0.0 | Last price: $147.72
2026-10-01 19:19:33,531 | [GILD] ACTION: No trade.
2026-10-01 19:19:33,551 | [GIS] trending (ADX 46.0) -> trend-following strategy | Signal: HOLD | Shares held: 0.0 | Last price: $31.73
2026-10-01 19:19:33,551 | [GIS] ACTION: No trade.
2026-10-01 19:19:33,571 | [GLW] trending (ADX 27.1) -> trend-following strategy | Signal: HOLD | Shares held: 0.0 | Last price: $160.33
2026-10-01 19:19:33,571 | [GLW] ACTION: No trade.
2026-10-01 19:19:33,591 | [GM] trending (ADX 34.3) -> trend-following strategy | Signal: HOLD | Shares held: 0.0 | Last price: $78.84
2026-10-01 19:19:33,591 | [GM] ACTION: No trade.
2026-10-01 19:19:33,611 | [GNRC] choppy/sideways (ADX 15.3) -> mean-reversion strategy | Signal: HOLD | Shares held: 0.0 | Last price: $206.87
2026-10-01 19:19:33,611 | [GNRC] ACTION: No trade.
2026-10-01 19:19:33,631 | [GOOG] trending (ADX 32.8) -> trend-following strategy | Signal: HOLD | Shares held: 0.0 | Last price: $335.94
2026-10-01 19:19:33,631 | [GOOG] ACTION: No trade.
2026-10-01 19:19:33,651 | [GOOGL] trending (ADX 32.9) -> trend-following strategy | Signal: HOLD | Shares held: 0.0 | Last price: $339.05
2026-10-01 19:19:33,652 | [GOOGL] ACTION: No trade.
2026-10-01 19:19:33,672 | [GPC] trending (ADX 31.2) -> trend-following strategy | Signal: HOLD | Shares held: 0.0 | Last price: $125.30
2026-10-01 19:19:33,672 | [GPC] ACTION: No trade.
2026-10-01 19:19:33,692 | [GPN] choppy/sideways (ADX 19.2) -> mean-reversion strategy | Signal: HOLD | Shares held: 0.0 | Last price: $80.37
2026-10-01 19:19:33,692 | [GPN] ACTION: No trade.
2026-10-01 19:19:33,712 | [GRMN] choppy/sideways (ADX 16.1) -> mean-reversion strategy | Signal: HOLD | Shares held: 0.0 | Last price: $285.61
2026-10-01 19:19:33,713 | [GRMN] ACTION: No trade.
2026-10-01 19:19:33,732 | [GS] trending (ADX 28.9) -> trend-following strategy | Signal: HOLD | Shares held: 0.0 | Last price: $895.86
2026-10-01 19:19:33,733 | [GS] ACTION: No trade.
2026-10-01 19:19:33,752 | [GWW] trending (ADX 27.9) -> trend-following strategy | Signal: HOLD | Shares held: 0.0 | Last price: $1274.65
2026-10-01 19:19:33,753 | [GWW] ACTION: No trade.
2026-10-01 19:19:33,773 | [HAL] choppy/sideways (ADX 22.9) -> mean-reversion strategy | Signal: HOLD | Shares held: 0.0 | Last price: $31.91
2026-10-01 19:19:33,773 | [HAL] ACTION: No trade.
2026-10-01 19:19:33,794 | [HAS] trending (ADX 33.3) -> trend-following strategy | Signal: HOLD | Shares held: 0.0 | Last price: $90.05
2026-10-01 19:19:33,794 | [HAS] ACTION: No trade.
2026-10-01 19:19:33,814 | [HBAN] choppy/sideways (ADX 16.4) -> mean-reversion strategy | Signal: HOLD | Shares held: 0.0 | Last price: $15.13
2026-10-01 19:19:33,814 | [HBAN] ACTION: No trade.
2026-10-01 19:19:33,834 | [HCA] choppy/sideways (ADX 18.9) -> mean-reversion strategy | Signal: HOLD | Shares held: 0.0 | Last price: $425.31
2026-10-01 19:19:33,834 | [HCA] ACTION: No trade.
2026-10-01 19:19:33,854 | [HD] choppy/sideways (ADX 18.9) -> mean-reversion strategy | Signal: HOLD | Shares held: 0.0 | Last price: $282.23
2026-10-01 19:19:33,854 | [HD] ACTION: No trade.
2026-10-01 19:19:33,875 | [HIG] trending (ADX 31.1) -> trend-following strategy | Signal: HOLD | Shares held: 0.0 | Last price: $125.24
2026-10-01 19:19:33,875 | [HIG] ACTION: No trade.
2026-10-01 19:19:33,895 | [HII] trending (ADX 41.2) -> trend-following strategy | Signal: HOLD | Shares held: 0.0 | Last price: $271.23
2026-10-01 19:19:33,895 | [HII] ACTION: No trade.
2026-10-01 19:19:33,915 | [HLT] choppy/sideways (ADX 21.9) -> mean-reversion strategy | Signal: HOLD | Shares held: 0.0 | Last price: $316.44
2026-10-01 19:19:33,915 | [HLT] ACTION: No trade.
2026-10-01 19:19:33,935 | [HON] choppy/sideways (ADX 21.7) -> mean-reversion strategy | Signal: HOLD | Shares held: 0.0 | Last price: $214.69
2026-10-01 19:19:33,935 | [HON] ACTION: No trade.
2026-10-01 19:19:33,956 | [HONA] choppy/sideways (ADX 13.7) -> mean-reversion strategy | Signal: HOLD | Shares held: 0.0 | Last price: $154.41
2026-10-01 19:19:33,956 | [HONA] ACTION: No trade.
2026-10-01 19:19:33,977 | [HOOD] choppy/sideways (ADX 12.6) -> mean-reversion strategy | Signal: HOLD | Shares held: 0.0 | Last price: $112.42
2026-10-01 19:19:33,977 | [HOOD] ACTION: No trade.
2026-10-01 19:19:33,997 | [HPE] choppy/sideways (ADX 24.3) -> mean-reversion strategy | Signal: HOLD | Shares held: 0.0 | Last price: $64.69
2026-10-01 19:19:33,997 | [HPE] ACTION: No trade.
2026-10-01 19:19:34,018 | [HPQ] trending (ADX 33.2) -> trend-following strategy | Signal: HOLD | Shares held: 0.0 | Last price: $32.16
2026-10-01 19:19:34,018 | [HPQ] ACTION: No trade.
2026-10-01 19:19:34,039 | [HST] choppy/sideways (ADX 24.1) -> mean-reversion strategy | Signal: HOLD | Shares held: 0.0 | Last price: $22.48
2026-10-01 19:19:34,039 | [HST] ACTION: No trade.
2026-10-01 19:19:34,059 | [HSY] choppy/sideways (ADX 11.5) -> mean-reversion strategy | Signal: HOLD | Shares held: 0.0 | Last price: $159.75
2026-10-01 19:19:34,059 | [HSY] ACTION: No trade.
2026-10-01 19:19:34,080 | [HUBB] trending (ADX 27.2) -> trend-following strategy | Signal: HOLD | Shares held: 0.0 | Last price: $464.84
2026-10-01 19:19:34,080 | [HUBB] ACTION: No trade.
2026-10-01 19:19:34,100 | [HUM] choppy/sideways (ADX 22.7) -> mean-reversion strategy | Signal: HOLD | Shares held: 0.0 | Last price: $377.90
2026-10-01 19:19:34,100 | [HUM] ACTION: No trade.
2026-10-01 19:19:34,121 | [HWM] choppy/sideways (ADX 12.0) -> mean-reversion strategy | Signal: HOLD | Shares held: 0.0 | Last price: $228.20
2026-10-01 19:19:34,121 | [HWM] ACTION: No trade.
2026-10-01 19:19:34,142 | [IBKR] trending (ADX 26.4) -> trend-following strategy | Signal: HOLD | Shares held: 0.0 | Last price: $86.30
2026-10-01 19:19:34,142 | [IBKR] ACTION: No trade.
2026-10-01 19:19:34,162 | [IBM] trending (ADX 31.7) -> trend-following strategy | Signal: HOLD | Shares held: 0.0 | Last price: $227.86
2026-10-01 19:19:34,162 | [IBM] ACTION: No trade.
2026-10-01 19:19:34,183 | [ICE] choppy/sideways (ADX 14.0) -> mean-reversion strategy | Signal: HOLD | Shares held: 0.0 | Last price: $151.33
2026-10-01 19:19:34,183 | [ICE] ACTION: No trade.
2026-10-01 19:19:34,204 | [IDXX] trending (ADX 30.4) -> trend-following strategy | Signal: HOLD | Shares held: 0.0 | Last price: $521.00
2026-10-01 19:19:34,204 | [IDXX] ACTION: No trade.
2026-10-01 19:19:34,224 | [IEX] choppy/sideways (ADX 15.6) -> mean-reversion strategy | Signal: HOLD | Shares held: 0.0 | Last price: $231.30
2026-10-01 19:19:34,225 | [IEX] ACTION: No trade.
2026-10-01 19:19:34,245 | [IFF] trending (ADX 27.7) -> trend-following strategy | Signal: HOLD | Shares held: 0.0 | Last price: $83.00
2026-10-01 19:19:34,245 | [IFF] ACTION: No trade.
2026-10-01 19:19:34,266 | [ILMN] choppy/sideways (ADX 21.5) -> mean-reversion strategy | Signal: HOLD | Shares held: 0.0 | Last price: $269.62
2026-10-01 19:19:34,266 | [ILMN] ACTION: No trade.
2026-10-01 19:19:34,286 | [INCY] trending (ADX 52.4) -> trend-following strategy | Signal: HOLD | Shares held: 0.0 | Last price: $118.06
2026-10-01 19:19:34,286 | [INCY] ACTION: No trade.
2026-10-01 19:19:34,307 | [INTC] choppy/sideways (ADX 15.4) -> mean-reversion strategy | Signal: HOLD | Shares held: 0.0 | Last price: $120.21
2026-10-01 19:19:34,307 | [INTC] ACTION: No trade.
2026-10-01 19:19:34,327 | [INTU] trending (ADX 36.2) -> trend-following strategy | Signal: HOLD | Shares held: 0.0 | Last price: $283.52
2026-10-01 19:19:34,327 | [INTU] ACTION: No trade.
2026-10-01 19:19:34,347 | [INVH] choppy/sideways (ADX 12.4) -> mean-reversion strategy | Signal: HOLD | Shares held: 0.0 | Last price: $26.39
2026-10-01 19:19:34,347 | [INVH] ACTION: No trade.
2026-10-01 19:19:34,368 | [IP] choppy/sideways (ADX 17.5) -> mean-reversion strategy | Signal: HOLD | Shares held: 0.0 | Last price: $32.73
2026-10-01 19:19:34,368 | [IP] ACTION: No trade.
2026-10-01 19:19:34,388 | [IQV] trending (ADX 48.4) -> trend-following strategy | Signal: HOLD | Shares held: 0.0 | Last price: $261.54
2026-10-01 19:19:34,388 | [IQV] ACTION: No trade.
2026-10-01 19:19:34,408 | [IR] choppy/sideways (ADX 19.7) -> mean-reversion strategy | Signal: HOLD | Shares held: 0.0 | Last price: $75.61
2026-10-01 19:19:34,408 | [IR] ACTION: No trade.
2026-10-01 19:19:34,429 | [IRM] choppy/sideways (ADX 24.5) -> mean-reversion strategy | Signal: HOLD | Shares held: 0.0 | Last price: $111.10
2026-10-01 19:19:34,429 | [IRM] ACTION: No trade.
2026-10-01 19:19:34,449 | [ISRG] trending (ADX 39.4) -> trend-following strategy | Signal: HOLD | Shares held: 0.0 | Last price: $402.09
2026-10-01 19:19:34,449 | [ISRG] ACTION: No trade.
2026-10-01 19:19:34,469 | [IT] trending (ADX 34.5) -> trend-following strategy | Signal: HOLD | Shares held: 0.0 | Last price: $195.62
2026-10-01 19:19:34,469 | [IT] ACTION: No trade.
2026-10-01 19:19:34,489 | [ITW] trending (ADX 27.6) -> trend-following strategy | Signal: HOLD | Shares held: 0.0 | Last price: $261.02
2026-10-01 19:19:34,489 | [ITW] ACTION: No trade.
2026-10-01 19:19:34,509 | [IVZ] choppy/sideways (ADX 21.6) -> mean-reversion strategy | Signal: HOLD | Shares held: 0.0 | Last price: $30.30
2026-10-01 19:19:34,509 | [IVZ] ACTION: No trade.
2026-10-01 19:19:34,530 | [J] trending (ADX 25.1) -> trend-following strategy | Signal: HOLD | Shares held: 0.0 | Last price: $139.90
2026-10-01 19:19:34,530 | [J] ACTION: No trade.
2026-10-01 19:19:34,550 | [JBHT] choppy/sideways (ADX 19.5) -> mean-reversion strategy | Signal: HOLD | Shares held: 0.0 | Last price: $226.90
2026-10-01 19:19:34,550 | [JBHT] ACTION: No trade.
2026-10-01 19:19:34,570 | [JBL] trending (ADX 27.6) -> trend-following strategy | Signal: HOLD | Shares held: 0.0 | Last price: $299.31
2026-10-01 19:19:34,570 | [JBL] ACTION: No trade.
2026-10-01 19:19:34,590 | [JCI] choppy/sideways (ADX 12.4) -> mean-reversion strategy | Signal: HOLD | Shares held: 0.0 | Last price: $151.19
2026-10-01 19:19:34,590 | [JCI] ACTION: No trade.
2026-10-01 19:19:34,611 | [JKHY] choppy/sideways (ADX 11.2) -> mean-reversion strategy | Signal: HOLD | Shares held: 0.0 | Last price: $144.26
2026-10-01 19:19:34,611 | [JKHY] ACTION: No trade.
2026-10-01 19:19:34,631 | [JNJ] trending (ADX 53.3) -> trend-following strategy | Signal: HOLD | Shares held: 0.0 | Last price: $259.71
2026-10-01 19:19:34,631 | [JNJ] ACTION: No trade.
2026-10-01 19:19:34,651 | [JPM] trending (ADX 25.5) -> trend-following strategy | Signal: HOLD | Shares held: 0.0 | Last price: $332.62
2026-10-01 19:19:34,651 | [JPM] ACTION: No trade.
2026-10-01 19:19:34,671 | [KDP] choppy/sideways (ADX 15.4) -> mean-reversion strategy | Signal: HOLD | Shares held: 0.0 | Last price: $30.68
2026-10-01 19:19:34,671 | [KDP] ACTION: No trade.
2026-10-01 19:19:34,692 | [KEY] choppy/sideways (ADX 18.9) -> mean-reversion strategy | Signal: HOLD | Shares held: 0.0 | Last price: $19.92
2026-10-01 19:19:34,692 | [KEY] ACTION: No trade.
2026-10-01 19:19:34,712 | [KEYS] trending (ADX 41.1) -> trend-following strategy | Signal: HOLD | Shares held: 0.0 | Last price: $374.10
2026-10-01 19:19:34,712 | [KEYS] ACTION: No trade.
2026-10-01 19:19:34,732 | [KHC] trending (ADX 39.5) -> trend-following strategy | Signal: HOLD | Shares held: 0.0 | Last price: $22.28
2026-10-01 19:19:34,732 | [KHC] ACTION: No trade.
2026-10-01 19:19:34,753 | [KIM] choppy/sideways (ADX 11.8) -> mean-reversion strategy | Signal: HOLD | Shares held: 0.0 | Last price: $22.16
2026-10-01 19:19:34,753 | [KIM] ACTION: No trade.
2026-10-01 19:19:34,773 | [KKR] choppy/sideways (ADX 19.1) -> mean-reversion strategy | Signal: HOLD | Shares held: 0.0 | Last price: $91.24
2026-10-01 19:19:34,773 | [KKR] ACTION: No trade.
2026-10-01 19:19:34,793 | [KLAC] choppy/sideways (ADX 21.6) -> mean-reversion strategy | Signal: HOLD | Shares held: 0.0 | Last price: $200.26
2026-10-01 19:19:34,794 | [KLAC] ACTION: No trade.
2026-10-01 19:19:34,814 | [KMB] trending (ADX 38.9) -> trend-following strategy | Signal: HOLD | Shares held: 0.0 | Last price: $94.94
2026-10-01 19:19:34,814 | [KMB] ACTION: No trade.
2026-10-01 19:19:34,833 | [KMI] choppy/sideways (ADX 17.9) -> mean-reversion strategy | Signal: HOLD | Shares held: 0.0 | Last price: $30.52
2026-10-01 19:19:34,833 | [KMI] ACTION: No trade.
2026-10-01 19:19:34,853 | [KO] choppy/sideways (ADX 24.8) -> mean-reversion strategy | Signal: HOLD | Shares held: 0.0 | Last price: $86.12
2026-10-01 19:19:34,853 | [KO] ACTION: No trade.
2026-10-01 19:19:34,873 | [KR] choppy/sideways (ADX 17.1) -> mean-reversion strategy | Signal: HOLD | Shares held: 0.0 | Last price: $59.76
2026-10-01 19:19:34,873 | [KR] ACTION: No trade.
2026-10-01 19:19:34,899 | [KVUE] trending (ADX 38.1) -> trend-following strategy | Signal: HOLD | Shares held: 0.0 | Last price: $17.31
2026-10-01 19:19:34,899 | [KVUE] ACTION: No trade.
2026-10-01 19:19:34,919 | [L] trending (ADX 26.5) -> trend-following strategy | Signal: HOLD | Shares held: 0.0 | Last price: $105.23
2026-10-01 19:19:34,919 | [L] ACTION: No trade.
2026-10-01 19:19:34,939 | [LDOS] choppy/sideways (ADX 18.6) -> mean-reversion strategy | Signal: HOLD | Shares held: 0.0 | Last price: $122.62
2026-10-01 19:19:34,939 | [LDOS] ACTION: No trade.
2026-10-01 19:19:34,959 | [LEN] trending (ADX 27.1) -> trend-following strategy | Signal: HOLD | Shares held: 0.0 | Last price: $82.12
2026-10-01 19:19:34,959 | [LEN] ACTION: No trade.
2026-10-01 19:19:34,979 | [LH] trending (ADX 38.5) -> trend-following strategy | Signal: HOLD | Shares held: 0.0 | Last price: $305.36
2026-10-01 19:19:34,979 | [LH] ACTION: No trade.
2026-10-01 19:19:34,999 | [LHX] choppy/sideways (ADX 11.5) -> mean-reversion strategy | Signal: HOLD | Shares held: 0.0 | Last price: $237.86
2026-10-01 19:19:34,999 | [LHX] ACTION: No trade.
2026-10-01 19:19:35,018 | [LII] choppy/sideways (ADX 23.2) -> mean-reversion strategy | Signal: HOLD | Shares held: 0.0 | Last price: $360.43
2026-10-01 19:19:35,018 | [LII] ACTION: No trade.
2026-10-01 19:19:35,038 | [LIN] trending (ADX 25.9) -> trend-following strategy | Signal: HOLD | Shares held: 0.0 | Last price: $469.99
2026-10-01 19:19:35,038 | [LIN] ACTION: No trade.
2026-10-01 19:19:35,059 | [LITE] trending (ADX 41.2) -> trend-following strategy | Signal: HOLD | Shares held: 0.0 | Last price: $1048.03
2026-10-01 19:19:35,059 | [LITE] ACTION: No trade.
2026-10-01 19:19:35,078 | [LLY] trending (ADX 26.5) -> trend-following strategy | Signal: HOLD | Shares held: 0.0 | Last price: $1152.78
2026-10-01 19:19:35,078 | [LLY] ACTION: No trade.
2026-10-01 19:19:35,098 | [LMT] choppy/sideways (ADX 14.0) -> mean-reversion strategy | Signal: HOLD | Shares held: 0.0 | Last price: $504.41
2026-10-01 19:19:35,098 | [LMT] ACTION: No trade.
2026-10-01 19:19:35,118 | [LNT] choppy/sideways (ADX 13.4) -> mean-reversion strategy | Signal: HOLD | Shares held: 0.0 | Last price: $63.70
2026-10-01 19:19:35,118 | [LNT] ACTION: No trade.
2026-10-01 19:19:35,138 | [LOW] choppy/sideways (ADX 20.4) -> mean-reversion strategy | Signal: HOLD | Shares held: 0.0 | Last price: $182.64
2026-10-01 19:19:35,139 | [LOW] ACTION: No trade.
2026-10-01 19:19:35,159 | [LRCX] trending (ADX 40.1) -> trend-following strategy | Signal: HOLD | Shares held: 0.0 | Last price: $338.33
2026-10-01 19:19:35,159 | [LRCX] ACTION: No trade.
2026-10-01 19:19:35,179 | [LULU] choppy/sideways (ADX 17.7) -> mean-reversion strategy | Signal: HOLD | Shares held: 0.0 | Last price: $97.61
2026-10-01 19:19:35,179 | [LULU] ACTION: No trade.
2026-10-01 19:19:35,199 | [LUV] choppy/sideways (ADX 10.8) -> mean-reversion strategy | Signal: HOLD | Shares held: 0.0 | Last price: $41.88
2026-10-01 19:19:35,199 | [LUV] ACTION: No trade.
2026-10-01 19:19:35,219 | [LVS] trending (ADX 39.6) -> trend-following strategy | Signal: HOLD | Shares held: 0.0 | Last price: $36.80
2026-10-01 19:19:35,219 | [LVS] ACTION: No trade.
2026-10-01 19:19:35,239 | [LYB] choppy/sideways (ADX 19.6) -> mean-reversion strategy | Signal: HOLD | Shares held: 0.0 | Last price: $58.02
2026-10-01 19:19:35,239 | [LYB] ACTION: No trade.
2026-10-01 19:19:35,259 | [LYV] trending (ADX 34.2) -> trend-following strategy | Signal: HOLD | Shares held: 0.0 | Last price: $167.85
2026-10-01 19:19:35,259 | [LYV] ACTION: No trade.
2026-10-01 19:19:35,279 | [MA] choppy/sideways (ADX 20.3) -> mean-reversion strategy | Signal: HOLD | Shares held: 0.0 | Last price: $551.77
2026-10-01 19:19:35,279 | [MA] ACTION: No trade.
2026-10-01 19:19:35,299 | [MAA] trending (ADX 29.0) -> trend-following strategy | Signal: HOLD | Shares held: 0.0 | Last price: $116.41
2026-10-01 19:19:35,300 | [MAA] ACTION: No trade.
2026-10-01 19:19:35,320 | [MAR] choppy/sideways (ADX 21.5) -> mean-reversion strategy | Signal: HOLD | Shares held: 0.0 | Last price: $354.97
2026-10-01 19:19:35,320 | [MAR] ACTION: No trade.
2026-10-01 19:19:35,339 | [MAS] trending (ADX 38.8) -> trend-following strategy | Signal: HOLD | Shares held: 0.0 | Last price: $68.24
2026-10-01 19:19:35,339 | [MAS] ACTION: No trade.
2026-10-01 19:19:35,359 | [MCD] choppy/sideways (ADX 20.9) -> mean-reversion strategy | Signal: HOLD | Shares held: 0.0 | Last price: $231.70
2026-10-01 19:19:35,359 | [MCD] ACTION: No trade.
2026-10-01 19:19:35,379 | [MCHP] choppy/sideways (ADX 21.7) -> mean-reversion strategy | Signal: HOLD | Shares held: 0.0 | Last price: $78.75
2026-10-01 19:19:35,380 | [MCHP] ACTION: No trade.
2026-10-01 19:19:35,400 | [MCK] trending (ADX 42.9) -> trend-following strategy | Signal: HOLD | Shares held: 0.0 | Last price: $893.82
2026-10-01 19:19:35,400 | [MCK] ACTION: No trade.
2026-10-01 19:19:35,419 | [MCO] choppy/sideways (ADX 14.0) -> mean-reversion strategy | Signal: HOLD | Shares held: 0.0 | Last price: $447.71
2026-10-01 19:19:35,419 | [MCO] ACTION: No trade.
2026-10-01 19:19:35,439 | [MDLZ] choppy/sideways (ADX 22.0) -> mean-reversion strategy | Signal: HOLD | Shares held: 0.0 | Last price: $57.84
2026-10-01 19:19:35,439 | [MDLZ] ACTION: No trade.
2026-10-01 19:19:35,459 | [MDT] trending (ADX 25.2) -> trend-following strategy | Signal: HOLD | Shares held: 0.0 | Last price: $86.61
2026-10-01 19:19:35,459 | [MDT] ACTION: No trade.
2026-10-01 19:19:35,479 | [MET] trending (ADX 29.2) -> trend-following strategy | Signal: HOLD | Shares held: 0.0 | Last price: $93.63
2026-10-01 19:19:35,479 | [MET] ACTION: No trade.
2026-10-01 19:19:35,499 | [META] choppy/sideways (ADX 12.2) -> mean-reversion strategy | Signal: HOLD | Shares held: 0.0 | Last price: $728.21
2026-10-01 19:19:35,499 | [META] ACTION: No trade.
2026-10-01 19:19:35,519 | [MGM] trending (ADX 31.9) -> trend-following strategy | Signal: HOLD | Shares held: 0.0 | Last price: $30.38
2026-10-01 19:19:35,519 | [MGM] ACTION: No trade.
2026-10-01 19:19:35,539 | [MKC] trending (ADX 27.2) -> trend-following strategy | Signal: HOLD | Shares held: 0.0 | Last price: $44.95
2026-10-01 19:19:35,539 | [MKC] ACTION: No trade.
2026-10-01 19:19:35,559 | [MLM] choppy/sideways (ADX 21.2) -> mean-reversion strategy | Signal: HOLD | Shares held: 0.0 | Last price: $480.76
2026-10-01 19:19:35,559 | [MLM] ACTION: No trade.
2026-10-01 19:19:35,579 | [MMM] trending (ADX 33.1) -> trend-following strategy | Signal: HOLD | Shares held: 0.0 | Last price: $163.54
2026-10-01 19:19:35,579 | [MMM] ACTION: No trade.
2026-10-01 19:19:35,598 | [MNST] choppy/sideways (ADX 11.3) -> mean-reversion strategy | Signal: HOLD | Shares held: 0.0 | Last price: $42.16
2026-10-01 19:19:35,598 | [MNST] ACTION: No trade.
2026-10-01 19:19:35,618 | [MO] choppy/sideways (ADX 22.8) -> mean-reversion strategy | Signal: HOLD | Shares held: 0.0 | Last price: $66.94
2026-10-01 19:19:35,618 | [MO] ACTION: No trade.
2026-10-01 19:19:35,638 | [MOS] trending (ADX 34.2) -> trend-following strategy | Signal: HOLD | Shares held: 0.0 | Last price: $21.41
2026-10-01 19:19:35,638 | [MOS] ACTION: No trade.
2026-10-01 19:19:35,658 | [MPC] trending (ADX 39.7) -> trend-following strategy | Signal: HOLD | Shares held: 0.0 | Last price: $418.26
2026-10-01 19:19:35,658 | [MPC] ACTION: No trade.
2026-10-01 19:19:35,677 | [MPWR] choppy/sideways (ADX 14.0) -> mean-reversion strategy | Signal: HOLD | Shares held: 0.0 | Last price: $1354.37
2026-10-01 19:19:35,678 | [MPWR] ACTION: No trade.
2026-10-01 19:19:35,697 | [MRK] trending (ADX 35.2) -> trend-following strategy | Signal: HOLD | Shares held: 0.0 | Last price: $143.78
2026-10-01 19:19:35,697 | [MRK] ACTION: No trade.
2026-10-01 19:19:35,718 | [MRNA] choppy/sideways (ADX 18.2) -> mean-reversion strategy | Signal: HOLD | Shares held: 0.0 | Last price: $191.47
2026-10-01 19:19:35,718 | [MRNA] ACTION: No trade.
2026-10-01 19:19:35,783 | [MRSH] choppy/sideways (ADX 11.6) -> mean-reversion strategy | Signal: HOLD | Shares held: 0.0 | Last price: $171.50
2026-10-01 19:19:35,783 | [MRSH] ACTION: No trade.
2026-10-01 19:19:35,804 | [MRVL] choppy/sideways (ADX 12.5) -> mean-reversion strategy | Signal: HOLD | Shares held: 0.0 | Last price: $266.39
2026-10-01 19:19:35,804 | [MRVL] ACTION: No trade.
2026-10-01 19:19:35,824 | [MS] trending (ADX 36.3) -> trend-following strategy | Signal: HOLD | Shares held: 0.0 | Last price: $187.35
2026-10-01 19:19:35,824 | [MS] ACTION: No trade.
2026-10-01 19:19:35,843 | [MSCI] trending (ADX 34.7) -> trend-following strategy | Signal: HOLD | Shares held: 0.0 | Last price: $548.80
2026-10-01 19:19:35,843 | [MSCI] ACTION: No trade.
2026-10-01 19:19:35,863 | [MSFT] choppy/sideways (ADX 10.7) -> mean-reversion strategy | Signal: HOLD | Shares held: 0.0 | Last price: $516.09
2026-10-01 19:19:35,863 | [MSFT] ACTION: No trade.
2026-10-01 19:19:35,883 | [MSI] choppy/sideways (ADX 16.0) -> mean-reversion strategy | Signal: HOLD | Shares held: 0.0 | Last price: $449.41
2026-10-01 19:19:35,883 | [MSI] ACTION: No trade.
2026-10-01 19:19:35,903 | [MTB] choppy/sideways (ADX 17.9) -> mean-reversion strategy | Signal: HOLD | Shares held: 0.0 | Last price: $215.98
2026-10-01 19:19:35,903 | [MTB] ACTION: No trade.
2026-10-01 19:19:35,923 | [MTD] trending (ADX 30.2) -> trend-following strategy | Signal: HOLD | Shares held: 0.0 | Last price: $1487.23
2026-10-01 19:19:35,923 | [MTD] ACTION: No trade.
2026-10-01 19:19:35,943 | [MU] choppy/sideways (ADX 24.9) -> mean-reversion strategy | Signal: HOLD | Shares held: 0.0 | Last price: $1084.44
2026-10-01 19:19:35,943 | [MU] ACTION: No trade.
2026-10-01 19:19:35,963 | [NCLH] choppy/sideways (ADX 23.2) -> mean-reversion strategy | Signal: HOLD | Shares held: 0.0 | Last price: $14.62
2026-10-01 19:19:35,963 | [NCLH] ACTION: No trade.
2026-10-01 19:19:35,984 | [NDAQ] choppy/sideways (ADX 20.2) -> mean-reversion strategy | Signal: HOLD | Shares held: 0.0 | Last price: $91.70
2026-10-01 19:19:35,984 | [NDAQ] ACTION: No trade.
2026-10-01 19:19:36,004 | [NDSN] choppy/sideways (ADX 10.4) -> mean-reversion strategy | Signal: HOLD | Shares held: 0.0 | Last price: $328.26
2026-10-01 19:19:36,004 | [NDSN] ACTION: No trade.
2026-10-01 19:19:36,024 | [NEE] choppy/sideways (ADX 24.7) -> mean-reversion strategy | Signal: HOLD | Shares held: 0.0 | Last price: $76.34
2026-10-01 19:19:36,024 | [NEE] ACTION: No trade.
2026-10-01 19:19:36,044 | [NEM] choppy/sideways (ADX 20.6) -> mean-reversion strategy | Signal: HOLD | Shares held: 0.0 | Last price: $114.91
2026-10-01 19:19:36,044 | [NEM] ACTION: No trade.
2026-10-01 19:19:36,065 | [NFLX] trending (ADX 37.1) -> trend-following strategy | Signal: HOLD | Shares held: 0.0 | Last price: $68.26
2026-10-01 19:19:36,065 | [NFLX] ACTION: No trade.
2026-10-01 19:19:36,085 | [NI] choppy/sideways (ADX 24.4) -> mean-reversion strategy | Signal: HOLD | Shares held: 0.0 | Last price: $39.49
2026-10-01 19:19:36,085 | [NI] ACTION: No trade.
2026-10-01 19:19:36,105 | [NKE] choppy/sideways (ADX 19.6) -> mean-reversion strategy | Signal: HOLD | Shares held: 0.0 | Last price: $36.06
2026-10-01 19:19:36,105 | [NKE] ACTION: No trade.
2026-10-01 19:19:36,125 | [NOC] choppy/sideways (ADX 20.3) -> mean-reversion strategy | Signal: HOLD | Shares held: 0.0 | Last price: $482.32
2026-10-01 19:19:36,125 | [NOC] ACTION: No trade.
2026-10-01 19:19:36,145 | [NOW] trending (ADX 28.6) -> trend-following strategy | Signal: HOLD | Shares held: 0.0 | Last price: $138.58
2026-10-01 19:19:36,145 | [NOW] ACTION: No trade.
2026-10-01 19:19:36,165 | [NRG] choppy/sideways (ADX 18.0) -> mean-reversion strategy | Signal: HOLD | Shares held: 0.0 | Last price: $96.73
2026-10-01 19:19:36,165 | [NRG] ACTION: No trade.
2026-10-01 19:19:36,185 | [NSC] trending (ADX 27.4) -> trend-following strategy | Signal: BUY | Shares held: 0.0 | Last price: $310.59
2026-10-01 19:19:36,185 | [NSC] ACTION: No trade (within 90 min of close -- not enough runway left today for a new position).
2026-10-01 19:19:36,205 | [NTAP] choppy/sideways (ADX 18.2) -> mean-reversion strategy | Signal: HOLD | Shares held: 0.0 | Last price: $213.08
2026-10-01 19:19:36,205 | [NTAP] ACTION: No trade.
2026-10-01 19:19:36,225 | [NTRS] choppy/sideways (ADX 24.3) -> mean-reversion strategy | Signal: HOLD | Shares held: 0.0 | Last price: $168.98
2026-10-01 19:19:36,225 | [NTRS] ACTION: No trade.
2026-10-01 19:19:36,245 | [NUE] trending (ADX 26.0) -> trend-following strategy | Signal: HOLD | Shares held: 0.0 | Last price: $235.00
2026-10-01 19:19:36,245 | [NUE] ACTION: No trade.
2026-10-01 19:19:36,266 | [NVDA] choppy/sideways (ADX 20.1) -> mean-reversion strategy | Signal: HOLD | Shares held: 0.0 | Last price: $231.56
2026-10-01 19:19:36,266 | [NVDA] ACTION: No trade.
2026-10-01 19:19:36,286 | [NVR] choppy/sideways (ADX 19.6) -> mean-reversion strategy | Signal: HOLD | Shares held: 0.0 | Last price: $6105.45
2026-10-01 19:19:36,286 | [NVR] ACTION: No trade.
2026-10-01 19:19:36,306 | [NWSA] trending (ADX 31.5) -> trend-following strategy | Signal: HOLD | Shares held: 0.0 | Last price: $28.38
2026-10-01 19:19:36,306 | [NWSA] ACTION: No trade.
2026-10-01 19:19:36,326 | [NXPI] trending (ADX 35.0) -> trend-following strategy | Signal: HOLD | Shares held: 0.0 | Last price: $240.51
2026-10-01 19:19:36,326 | [NXPI] ACTION: No trade.
2026-10-01 19:19:36,346 | [O] trending (ADX 38.8) -> trend-following strategy | Signal: HOLD | Shares held: 0.0 | Last price: $53.74
2026-10-01 19:19:36,346 | [O] ACTION: No trade.
2026-10-01 19:19:36,366 | [ODFL] choppy/sideways (ADX 16.6) -> mean-reversion strategy | Signal: HOLD | Shares held: 0.0 | Last price: $177.21
2026-10-01 19:19:36,366 | [ODFL] ACTION: No trade.
2026-10-01 19:19:36,386 | [OKE] choppy/sideways (ADX 21.7) -> mean-reversion strategy | Signal: HOLD | Shares held: 0.0 | Last price: $86.90
2026-10-01 19:19:36,387 | [OKE] ACTION: No trade.
2026-10-01 19:19:36,406 | [OMC] choppy/sideways (ADX 10.9) -> mean-reversion strategy | Signal: HOLD | Shares held: 0.0 | Last price: $75.04
2026-10-01 19:19:36,407 | [OMC] ACTION: No trade.
2026-10-01 19:19:36,426 | [ON] trending (ADX 28.8) -> trend-following strategy | Signal: HOLD | Shares held: 0.0 | Last price: $79.02
2026-10-01 19:19:36,427 | [ON] ACTION: No trade.
2026-10-01 19:19:36,447 | [ORCL] choppy/sideways (ADX 19.5) -> mean-reversion strategy | Signal: HOLD | Shares held: 0.0 | Last price: $138.00
2026-10-01 19:19:36,447 | [ORCL] ACTION: No trade.
2026-10-01 19:19:36,467 | [ORLY] choppy/sideways (ADX 16.7) -> mean-reversion strategy | Signal: HOLD | Shares held: 0.0 | Last price: $84.80
2026-10-01 19:19:36,467 | [ORLY] ACTION: No trade.
2026-10-01 19:19:36,487 | [OTIS] trending (ADX 27.2) -> trend-following strategy | Signal: HOLD | Shares held: 0.0 | Last price: $64.64
2026-10-01 19:19:36,487 | [OTIS] ACTION: No trade.
2026-10-01 19:19:36,507 | [OXY] trending (ADX 35.7) -> trend-following strategy | Signal: HOLD | Shares held: 0.0 | Last price: $57.76
2026-10-01 19:19:36,507 | [OXY] ACTION: No trade.
2026-10-01 19:19:36,527 | [P] trending (ADX 35.2) -> trend-following strategy | Signal: HOLD | Shares held: 0.0 | Last price: $134.94
2026-10-01 19:19:36,527 | [P] ACTION: No trade.
2026-10-01 19:19:36,548 | [PANW] trending (ADX 35.6) -> trend-following strategy | Signal: HOLD | Shares held: 0.0 | Last price: $393.45
2026-10-01 19:19:36,548 | [PANW] ACTION: No trade.
2026-10-01 19:19:36,568 | [PAYX] choppy/sideways (ADX 23.6) -> mean-reversion strategy | Signal: HOLD | Shares held: 0.0 | Last price: $101.14
2026-10-01 19:19:36,568 | [PAYX] ACTION: No trade.
2026-10-01 19:19:36,588 | [PCAR] choppy/sideways (ADX 19.5) -> mean-reversion strategy | Signal: HOLD | Shares held: 0.0 | Last price: $110.25
2026-10-01 19:19:36,588 | [PCAR] ACTION: No trade.
2026-10-01 19:19:36,608 | [PCG] choppy/sideways (ADX 16.6) -> mean-reversion strategy | Signal: HOLD | Shares held: 0.0 | Last price: $12.18
2026-10-01 19:19:36,608 | [PCG] ACTION: No trade.
2026-10-01 19:19:36,628 | [PEG] choppy/sideways (ADX 16.3) -> mean-reversion strategy | Signal: HOLD | Shares held: 0.0 | Last price: $67.71
2026-10-01 19:19:36,628 | [PEG] ACTION: No trade.
2026-10-01 19:19:36,648 | [PEP] trending (ADX 27.0) -> trend-following strategy | Signal: HOLD | Shares held: 0.0 | Last price: $126.07
2026-10-01 19:19:36,648 | [PEP] ACTION: No trade.
2026-10-01 19:19:36,668 | [PFE] trending (ADX 52.5) -> trend-following strategy | Signal: HOLD | Shares held: 0.0 | Last price: $28.14
2026-10-01 19:19:36,668 | [PFE] ACTION: No trade.
2026-10-01 19:19:36,688 | [PFG] trending (ADX 29.6) -> trend-following strategy | Signal: BUY | Shares held: 0.0 | Last price: $112.05
2026-10-01 19:19:36,688 | [PFG] ACTION: No trade (within 90 min of close -- not enough runway left today for a new position).
2026-10-01 19:19:36,709 | [PG] trending (ADX 30.2) -> trend-following strategy | Signal: HOLD | Shares held: 0.0 | Last price: $144.36
2026-10-01 19:19:36,709 | [PG] ACTION: No trade.
2026-10-01 19:19:36,730 | [PGR] choppy/sideways (ADX 19.5) -> mean-reversion strategy | Signal: HOLD | Shares held: 0.0 | Last price: $210.33
2026-10-01 19:19:36,730 | [PGR] ACTION: No trade.
2026-10-01 19:19:36,750 | [PH] choppy/sideways (ADX 16.1) -> mean-reversion strategy | Signal: HOLD | Shares held: 0.0 | Last price: $963.22
2026-10-01 19:19:36,750 | [PH] ACTION: No trade.
2026-10-01 19:19:36,770 | [PHM] choppy/sideways (ADX 21.2) -> mean-reversion strategy | Signal: HOLD | Shares held: 0.0 | Last price: $115.78
2026-10-01 19:19:36,770 | [PHM] ACTION: No trade.
2026-10-01 19:19:36,790 | [PKG] choppy/sideways (ADX 21.9) -> mean-reversion strategy | Signal: HOLD | Shares held: 0.0 | Last price: $231.30
2026-10-01 19:19:36,790 | [PKG] ACTION: No trade.
2026-10-01 19:19:36,810 | [PLD] trending (ADX 39.5) -> trend-following strategy | Signal: HOLD | Shares held: 0.0 | Last price: $128.47
2026-10-01 19:19:36,810 | [PLD] ACTION: No trade.
2026-10-01 19:19:36,831 | [PLTR] choppy/sideways (ADX 23.3) -> mean-reversion strategy | Signal: HOLD | Shares held: 0.0 | Last price: $190.54
2026-10-01 19:19:36,831 | [PLTR] ACTION: No trade.
2026-10-01 19:19:36,851 | [PM] trending (ADX 34.5) -> trend-following strategy | Signal: HOLD | Shares held: 0.0 | Last price: $188.88
2026-10-01 19:19:36,851 | [PM] ACTION: No trade.
2026-10-01 19:19:36,871 | [PNC] choppy/sideways (ADX 18.6) -> mean-reversion strategy | Signal: HOLD | Shares held: 0.0 | Last price: $219.00
2026-10-01 19:19:36,871 | [PNC] ACTION: No trade.
2026-10-01 19:19:36,891 | [PNR] choppy/sideways (ADX 15.8) -> mean-reversion strategy | Signal: HOLD | Shares held: 0.0 | Last price: $52.92
2026-10-01 19:19:36,891 | [PNR] ACTION: No trade.
2026-10-01 19:19:36,911 | [PNW] trending (ADX 25.6) -> trend-following strategy | Signal: HOLD | Shares held: 0.0 | Last price: $94.14
2026-10-01 19:19:36,911 | [PNW] ACTION: No trade.
2026-10-01 19:19:36,931 | [PODD] choppy/sideways (ADX 11.3) -> mean-reversion strategy | Signal: HOLD | Shares held: 0.0 | Last price: $131.04
2026-10-01 19:19:36,931 | [PODD] ACTION: No trade.
2026-10-01 19:19:36,951 | [PPG] choppy/sideways (ADX 24.0) -> mean-reversion strategy | Signal: HOLD | Shares held: 0.0 | Last price: $104.56
2026-10-01 19:19:36,951 | [PPG] ACTION: No trade.
2026-10-01 19:19:36,971 | [PPL] choppy/sideways (ADX 16.4) -> mean-reversion strategy | Signal: HOLD | Shares held: 0.0 | Last price: $32.77
2026-10-01 19:19:36,971 | [PPL] ACTION: No trade.
2026-10-01 19:19:36,992 | [PRU] choppy/sideways (ADX 24.3) -> mean-reversion strategy | Signal: HOLD | Shares held: 0.0 | Last price: $112.44
2026-10-01 19:19:36,992 | [PRU] ACTION: No trade.
2026-10-01 19:19:37,011 | [PSA] choppy/sideways (ADX 17.2) -> mean-reversion strategy | Signal: HOLD | Shares held: 0.0 | Last price: $285.21
2026-10-01 19:19:37,011 | [PSA] ACTION: No trade.
2026-10-01 19:19:37,031 | [PSX] choppy/sideways (ADX 11.6) -> mean-reversion strategy | Signal: HOLD | Shares held: 0.0 | Last price: $263.79
2026-10-01 19:19:37,031 | [PSX] ACTION: No trade.
2026-10-01 19:19:37,052 | [PTC] trending (ADX 38.3) -> trend-following strategy | Signal: HOLD | Shares held: 0.0 | Last price: $147.41
2026-10-01 19:19:37,052 | [PTC] ACTION: No trade.
2026-10-01 19:19:37,072 | [PWR] choppy/sideways (ADX 13.3) -> mean-reversion strategy | Signal: HOLD | Shares held: 0.0 | Last price: $660.02
2026-10-01 19:19:37,072 | [PWR] ACTION: No trade.
2026-10-01 19:19:37,092 | [PYPL] choppy/sideways (ADX 21.1) -> mean-reversion strategy | Signal: HOLD | Shares held: 0.0 | Last price: $53.44
2026-10-01 19:19:37,092 | [PYPL] ACTION: No trade.
2026-10-01 19:19:37,112 | [Q] choppy/sideways (ADX 12.8) -> mean-reversion strategy | Signal: HOLD | Shares held: 0.0 | Last price: $126.21
2026-10-01 19:19:37,112 | [Q] ACTION: No trade.
2026-10-01 19:19:37,133 | [QCOM] choppy/sideways (ADX 11.7) -> mean-reversion strategy | Signal: HOLD | Shares held: 0.0 | Last price: $183.38
2026-10-01 19:19:37,133 | [QCOM] ACTION: No trade.
2026-10-01 19:19:37,153 | [RCL] trending (ADX 29.2) -> trend-following strategy | Signal: HOLD | Shares held: 0.0 | Last price: $270.10
2026-10-01 19:19:37,153 | [RCL] ACTION: No trade.
2026-10-01 19:19:37,173 | [RDDT] choppy/sideways (ADX 23.2) -> mean-reversion strategy | Signal: HOLD | Shares held: 0.0 | Last price: $149.09
2026-10-01 19:19:37,173 | [RDDT] ACTION: No trade.
2026-10-01 19:19:37,193 | [REGN] choppy/sideways (ADX 15.8) -> mean-reversion strategy | Signal: HOLD | Shares held: 0.0 | Last price: $740.09
2026-10-01 19:19:37,194 | [REGN] ACTION: No trade.
2026-10-01 19:19:37,214 | [RF] choppy/sideways (ADX 18.9) -> mean-reversion strategy | Signal: HOLD | Shares held: 0.0 | Last price: $26.82
2026-10-01 19:19:37,214 | [RF] ACTION: No trade.
2026-10-01 19:19:37,234 | [RJF] choppy/sideways (ADX 22.2) -> mean-reversion strategy | Signal: HOLD | Shares held: 0.0 | Last price: $159.31
2026-10-01 19:19:37,234 | [RJF] ACTION: No trade.
2026-10-01 19:19:37,255 | [RL] choppy/sideways (ADX 24.1) -> mean-reversion strategy | Signal: HOLD | Shares held: 0.0 | Last price: $363.51
2026-10-01 19:19:37,255 | [RL] ACTION: No trade.
2026-10-01 19:19:37,276 | [RMD] choppy/sideways (ADX 12.4) -> mean-reversion strategy | Signal: HOLD | Shares held: 0.0 | Last price: $222.85
2026-10-01 19:19:37,276 | [RMD] ACTION: No trade.
2026-10-01 19:19:37,296 | [ROK] choppy/sideways (ADX 12.9) -> mean-reversion strategy | Signal: HOLD | Shares held: 0.0 | Last price: $438.85
2026-10-01 19:19:37,296 | [ROK] ACTION: No trade.
2026-10-01 19:19:37,316 | [ROL] choppy/sideways (ADX 18.0) -> mean-reversion strategy | Signal: HOLD | Shares held: 0.0 | Last price: $30.41
2026-10-01 19:19:37,316 | [ROL] ACTION: No trade.
2026-10-01 19:19:37,336 | [ROP] trending (ADX 38.3) -> trend-following strategy | Signal: HOLD | Shares held: 0.0 | Last price: $362.90
2026-10-01 19:19:37,337 | [ROP] ACTION: No trade.
2026-10-01 19:19:37,356 | [ROST] choppy/sideways (ADX 20.2) -> mean-reversion strategy | Signal: HOLD | Shares held: 0.0 | Last price: $235.11
2026-10-01 19:19:37,356 | [ROST] ACTION: No trade.
2026-10-01 19:19:37,376 | [RSG] trending (ADX 25.8) -> trend-following strategy | Signal: HOLD | Shares held: 0.0 | Last price: $207.41
2026-10-01 19:19:37,377 | [RSG] ACTION: No trade.
2026-10-01 19:19:37,397 | [RTX] trending (ADX 34.0) -> trend-following strategy | Signal: HOLD | Shares held: 0.0 | Last price: $184.63
2026-10-01 19:19:37,397 | [RTX] ACTION: No trade.
2026-10-01 19:19:37,417 | [RVTY] trending (ADX 28.4) -> trend-following strategy | Signal: HOLD | Shares held: 0.0 | Last price: $150.19
2026-10-01 19:19:37,417 | [RVTY] ACTION: No trade.
2026-10-01 19:19:37,437 | [SBAC] trending (ADX 38.9) -> trend-following strategy | Signal: HOLD | Shares held: 0.0 | Last price: $159.10
2026-10-01 19:19:37,437 | [SBAC] ACTION: No trade.
2026-10-01 19:19:37,458 | [SBUX] choppy/sideways (ADX 18.4) -> mean-reversion strategy | Signal: HOLD | Shares held: 0.0 | Last price: $94.38
2026-10-01 19:19:37,458 | [SBUX] ACTION: No trade.
2026-10-01 19:19:37,478 | [SCHW] choppy/sideways (ADX 21.6) -> mean-reversion strategy | Signal: HOLD | Shares held: 0.0 | Last price: $98.29
2026-10-01 19:19:37,478 | [SCHW] ACTION: No trade.
2026-10-01 19:19:37,499 | [SHW] choppy/sideways (ADX 22.7) -> mean-reversion strategy | Signal: HOLD | Shares held: 0.0 | Last price: $320.11
2026-10-01 19:19:37,499 | [SHW] ACTION: No trade.
2026-10-01 19:19:37,519 | [SJM] trending (ADX 46.4) -> trend-following strategy | Signal: HOLD | Shares held: 0.0 | Last price: $116.10
2026-10-01 19:19:37,519 | [SJM] ACTION: No trade.
2026-10-01 19:19:37,540 | [SLB] trending (ADX 28.8) -> trend-following strategy | Signal: HOLD | Shares held: 0.0 | Last price: $48.66
2026-10-01 19:19:37,540 | [SLB] ACTION: No trade.
2026-10-01 19:19:37,561 | [SMCI] choppy/sideways (ADX 23.2) -> mean-reversion strategy | Signal: HOLD | Shares held: 0.0 | Last price: $41.85
2026-10-01 19:19:37,561 | [SMCI] ACTION: No trade.
2026-10-01 19:19:37,582 | [SNA] choppy/sideways (ADX 14.6) -> mean-reversion strategy | Signal: HOLD | Shares held: 0.0 | Last price: $367.41
2026-10-01 19:19:37,582 | [SNA] ACTION: No trade.
2026-10-01 19:19:37,602 | [SNDK] choppy/sideways (ADX 22.3) -> mean-reversion strategy | Signal: HOLD | Shares held: 0.0 | Last price: $1776.96
2026-10-01 19:19:37,602 | [SNDK] ACTION: No trade.
2026-10-01 19:19:37,622 | [SNPS] trending (ADX 53.1) -> trend-following strategy | Signal: HOLD | Shares held: 0.0 | Last price: $490.77
2026-10-01 19:19:37,623 | [SNPS] ACTION: No trade.
2026-10-01 19:19:37,643 | [SO] choppy/sideways (ADX 14.3) -> mean-reversion strategy | Signal: HOLD | Shares held: 0.0 | Last price: $83.44
2026-10-01 19:19:37,643 | [SO] ACTION: No trade.
2026-10-01 19:19:37,664 | [SPG] choppy/sideways (ADX 24.1) -> mean-reversion strategy | Signal: HOLD | Shares held: 0.0 | Last price: $200.12
2026-10-01 19:19:37,664 | [SPG] ACTION: No trade.
2026-10-01 19:19:37,684 | [SPGI] choppy/sideways (ADX 14.5) -> mean-reversion strategy | Signal: HOLD | Shares held: 0.0 | Last price: $389.24
2026-10-01 19:19:37,684 | [SPGI] ACTION: No trade.
2026-10-01 19:19:37,704 | [SRE] choppy/sideways (ADX 15.0) -> mean-reversion strategy | Signal: HOLD | Shares held: 0.0 | Last price: $77.87
2026-10-01 19:19:37,704 | [SRE] ACTION: No trade.
2026-10-01 19:19:37,725 | [STE] trending (ADX 25.8) -> trend-following strategy | Signal: HOLD | Shares held: 0.0 | Last price: $209.18
2026-10-01 19:19:37,725 | [STE] ACTION: No trade.
2026-10-01 19:19:37,745 | [STLD] choppy/sideways (ADX 17.9) -> mean-reversion strategy | Signal: HOLD | Shares held: 0.0 | Last price: $227.18
2026-10-01 19:19:37,745 | [STLD] ACTION: No trade.
2026-10-01 19:19:37,766 | [STT] trending (ADX 40.7) -> trend-following strategy | Signal: HOLD | Shares held: 0.0 | Last price: $173.71
2026-10-01 19:19:37,766 | [STT] ACTION: No trade.
2026-10-01 19:19:37,787 | [STX] choppy/sideways (ADX 16.8) -> mean-reversion strategy | Signal: HOLD | Shares held: 0.0 | Last price: $930.03
2026-10-01 19:19:37,787 | [STX] ACTION: No trade.
2026-10-01 19:19:37,807 | [STZ] choppy/sideways (ADX 16.0) -> mean-reversion strategy | Signal: HOLD | Shares held: 0.0 | Last price: $112.97
2026-10-01 19:19:37,807 | [STZ] ACTION: No trade.
2026-10-01 19:19:37,885 | [SVRN] choppy/sideways (ADX 20.7) -> mean-reversion strategy | Signal: HOLD | Shares held: 0.0 | Last price: $40.20
2026-10-01 19:19:37,885 | [SVRN] ACTION: No trade.
2026-10-01 19:19:37,906 | [SW] choppy/sideways (ADX 19.1) -> mean-reversion strategy | Signal: HOLD | Shares held: 0.0 | Last price: $43.45
2026-10-01 19:19:37,906 | [SW] ACTION: No trade.
2026-10-01 19:19:37,926 | [SWK] choppy/sideways (ADX 19.9) -> mean-reversion strategy | Signal: HOLD | Shares held: 0.0 | Last price: $89.02
2026-10-01 19:19:37,927 | [SWK] ACTION: No trade.
2026-10-01 19:19:37,947 | [SWKS] trending (ADX 27.5) -> trend-following strategy | Signal: HOLD | Shares held: 0.0 | Last price: $82.98
2026-10-01 19:19:37,947 | [SWKS] ACTION: No trade.
2026-10-01 19:19:37,967 | [SYF] choppy/sideways (ADX 21.7) -> mean-reversion strategy | Signal: HOLD | Shares held: 0.0 | Last price: $71.19
2026-10-01 19:19:37,967 | [SYF] ACTION: No trade.
2026-10-01 19:19:37,988 | [SYK] choppy/sideways (ADX 21.9) -> mean-reversion strategy | Signal: HOLD | Shares held: 0.0 | Last price: $273.94
2026-10-01 19:19:37,988 | [SYK] ACTION: No trade.
2026-10-01 19:19:38,009 | [SYY] choppy/sideways (ADX 21.1) -> mean-reversion strategy | Signal: HOLD | Shares held: 0.0 | Last price: $77.86
2026-10-01 19:19:38,009 | [SYY] ACTION: No trade.
2026-10-01 19:19:38,030 | [T] choppy/sideways (ADX 21.9) -> mean-reversion strategy | Signal: HOLD | Shares held: 0.0 | Last price: $24.38
2026-10-01 19:19:38,030 | [T] ACTION: No trade.
2026-10-01 19:19:38,051 | [TDG] trending (ADX 26.7) -> trend-following strategy | Signal: HOLD | Shares held: 0.0 | Last price: $1095.55
2026-10-01 19:19:38,051 | [TDG] ACTION: No trade.
2026-10-01 19:19:38,072 | [TDY] choppy/sideways (ADX 21.3) -> mean-reversion strategy | Signal: HOLD | Shares held: 0.0 | Last price: $613.78
2026-10-01 19:19:38,072 | [TDY] ACTION: No trade.
2026-10-01 19:19:38,093 | [TECH] choppy/sideways (ADX 12.1) -> mean-reversion strategy | Signal: HOLD | Shares held: 0.0 | Last price: $72.47
2026-10-01 19:19:38,093 | [TECH] ACTION: No trade.
2026-10-01 19:19:38,114 | [TEL] choppy/sideways (ADX 22.5) -> mean-reversion strategy | Signal: HOLD | Shares held: 0.0 | Last price: $217.74
2026-10-01 19:19:38,114 | [TEL] ACTION: No trade.
2026-10-01 19:19:38,135 | [TER] trending (ADX 32.7) -> trend-following strategy | Signal: HOLD | Shares held: 0.0 | Last price: $413.88
2026-10-01 19:19:38,136 | [TER] ACTION: No trade.
2026-10-01 19:19:38,157 | [TFC] choppy/sideways (ADX 18.8) -> mean-reversion strategy | Signal: HOLD | Shares held: 0.0 | Last price: $46.02
2026-10-01 19:19:38,157 | [TFC] ACTION: No trade.
2026-10-01 19:19:38,177 | [TGT] choppy/sideways (ADX 15.4) -> mean-reversion strategy | Signal: HOLD | Shares held: 0.0 | Last price: $156.73
2026-10-01 19:19:38,178 | [TGT] ACTION: No trade.
2026-10-01 19:19:38,198 | [TJX] choppy/sideways (ADX 18.5) -> mean-reversion strategy | Signal: HOLD | Shares held: 0.0 | Last price: $133.37
2026-10-01 19:19:38,198 | [TJX] ACTION: No trade.
2026-10-01 19:19:38,219 | [TKO] trending (ADX 35.8) -> trend-following strategy | Signal: HOLD | Shares held: 0.0 | Last price: $175.14
2026-10-01 19:19:38,219 | [TKO] ACTION: No trade.
2026-10-01 19:19:38,240 | [TMO] trending (ADX 56.9) -> trend-following strategy | Signal: HOLD | Shares held: 0.0 | Last price: $658.32
2026-10-01 19:19:38,240 | [TMO] ACTION: No trade.
2026-10-01 19:19:38,261 | [TMUS] trending (ADX 33.3) -> trend-following strategy | Signal: HOLD | Shares held: 0.0 | Last price: $161.69
2026-10-01 19:19:38,261 | [TMUS] ACTION: No trade.
2026-10-01 19:19:38,282 | [TPR] trending (ADX 29.2) -> trend-following strategy | Signal: HOLD | Shares held: 0.0 | Last price: $119.03
2026-10-01 19:19:38,282 | [TPR] ACTION: No trade.
2026-10-01 19:19:38,303 | [TRGP] trending (ADX 34.9) -> trend-following strategy | Signal: HOLD | Shares held: 0.0 | Last price: $278.13
2026-10-01 19:19:38,303 | [TRGP] ACTION: No trade.
2026-10-01 19:19:38,324 | [TRMB] choppy/sideways (ADX 21.3) -> mean-reversion strategy | Signal: HOLD | Shares held: 0.0 | Last price: $58.01
2026-10-01 19:19:38,325 | [TRMB] ACTION: No trade.
2026-10-01 19:19:38,346 | [TROW] trending (ADX 48.7) -> trend-following strategy | Signal: HOLD | Shares held: 0.0 | Last price: $106.05
2026-10-01 19:19:38,346 | [TROW] ACTION: No trade.
2026-10-01 19:19:38,366 | [TRV] choppy/sideways (ADX 23.1) -> mean-reversion strategy | Signal: HOLD | Shares held: 0.0 | Last price: $361.50
2026-10-01 19:19:38,366 | [TRV] ACTION: No trade.
2026-10-01 19:19:38,386 | [TSCO] choppy/sideways (ADX 16.0) -> mean-reversion strategy | Signal: HOLD | Shares held: 0.0 | Last price: $31.66
2026-10-01 19:19:38,386 | [TSCO] ACTION: No trade.
2026-10-01 19:19:38,407 | [TSLA] choppy/sideways (ADX 15.4) -> mean-reversion strategy | Signal: HOLD | Shares held: 0.0 | Last price: $357.20
2026-10-01 19:19:38,407 | [TSLA] ACTION: No trade.
2026-10-01 19:19:38,427 | [TSN] choppy/sideways (ADX 24.0) -> mean-reversion strategy | Signal: HOLD | Shares held: 0.0 | Last price: $50.27
2026-10-01 19:19:38,427 | [TSN] ACTION: No trade.
2026-10-01 19:19:38,448 | [TT] choppy/sideways (ADX 21.5) -> mean-reversion strategy | Signal: HOLD | Shares held: 0.0 | Last price: $459.60
2026-10-01 19:19:38,448 | [TT] ACTION: No trade.
2026-10-01 19:19:38,469 | [TTWO] choppy/sideways (ADX 20.6) -> mean-reversion strategy | Signal: HOLD | Shares held: 0.0 | Last price: $204.60
2026-10-01 19:19:38,469 | [TTWO] ACTION: No trade.
2026-10-01 19:19:38,489 | [TXN] choppy/sideways (ADX 18.8) -> mean-reversion strategy | Signal: HOLD | Shares held: 0.0 | Last price: $282.08
2026-10-01 19:19:38,489 | [TXN] ACTION: No trade.
2026-10-01 19:19:38,510 | [TXT] choppy/sideways (ADX 23.5) -> mean-reversion strategy | Signal: HOLD | Shares held: 0.0 | Last price: $77.03
2026-10-01 19:19:38,510 | [TXT] ACTION: No trade.
2026-10-01 19:19:38,531 | [TYL] trending (ADX 40.8) -> trend-following strategy | Signal: HOLD | Shares held: 0.0 | Last price: $333.57
2026-10-01 19:19:38,531 | [TYL] ACTION: No trade.
2026-10-01 19:19:38,552 | [UAL] choppy/sideways (ADX 20.4) -> mean-reversion strategy | Signal: HOLD | Shares held: 0.0 | Last price: $111.39
2026-10-01 19:19:38,553 | [UAL] ACTION: No trade.
2026-10-01 19:19:38,580 | [UBER] choppy/sideways (ADX 24.8) -> mean-reversion strategy | Signal: HOLD | Shares held: 0.0 | Last price: $67.98
2026-10-01 19:19:38,580 | [UBER] ACTION: No trade.
2026-10-01 19:19:38,602 | [UDR] choppy/sideways (ADX 12.1) -> mean-reversion strategy | Signal: HOLD | Shares held: 0.0 | Last price: $33.56
2026-10-01 19:19:38,603 | [UDR] ACTION: No trade.
2026-10-01 19:19:38,622 | [UHS] choppy/sideways (ADX 17.6) -> mean-reversion strategy | Signal: HOLD | Shares held: 0.0 | Last price: $174.84
2026-10-01 19:19:38,622 | [UHS] ACTION: No trade.
2026-10-01 19:19:38,643 | [ULTA] choppy/sideways (ADX 15.2) -> mean-reversion strategy | Signal: HOLD | Shares held: 0.0 | Last price: $537.49
2026-10-01 19:19:38,643 | [ULTA] ACTION: No trade.
2026-10-01 19:19:38,664 | [UNH] choppy/sideways (ADX 21.3) -> mean-reversion strategy | Signal: HOLD | Shares held: 0.0 | Last price: $363.93
2026-10-01 19:19:38,664 | [UNH] ACTION: No trade.
2026-10-01 19:19:38,684 | [UNP] trending (ADX 28.3) -> trend-following strategy | Signal: HOLD | Shares held: 0.0 | Last price: $271.99
2026-10-01 19:19:38,684 | [UNP] ACTION: No trade.
2026-10-01 19:19:38,704 | [UPS] choppy/sideways (ADX 17.1) -> mean-reversion strategy | Signal: HOLD | Shares held: 0.0 | Last price: $93.90
2026-10-01 19:19:38,704 | [UPS] ACTION: No trade.
2026-10-01 19:19:38,724 | [URI] choppy/sideways (ADX 22.6) -> mean-reversion strategy | Signal: HOLD | Shares held: 0.0 | Last price: $1030.59
2026-10-01 19:19:38,724 | [URI] ACTION: No trade.
2026-10-01 19:19:38,745 | [USB] trending (ADX 29.9) -> trend-following strategy | Signal: HOLD | Shares held: 0.0 | Last price: $56.98
2026-10-01 19:19:38,745 | [USB] ACTION: No trade.
2026-10-01 19:19:38,766 | [V] choppy/sideways (ADX 14.1) -> mean-reversion strategy | Signal: HOLD | Shares held: 0.0 | Last price: $360.11
2026-10-01 19:19:38,766 | [V] ACTION: No trade.
2026-10-01 19:19:38,786 | [VEEV] choppy/sideways (ADX 21.6) -> mean-reversion strategy | Signal: HOLD | Shares held: 0.0 | Last price: $284.63
2026-10-01 19:19:38,786 | [VEEV] ACTION: No trade.
2026-10-01 19:19:38,807 | [VICI] trending (ADX 31.1) -> trend-following strategy | Signal: HOLD | Shares held: 0.0 | Last price: $22.76
2026-10-01 19:19:38,807 | [VICI] ACTION: No trade.
2026-10-01 19:19:38,828 | [VLO] trending (ADX 28.0) -> trend-following strategy | Signal: HOLD | Shares held: 0.0 | Last price: $406.29
2026-10-01 19:19:38,828 | [VLO] ACTION: No trade.
2026-10-01 19:19:38,848 | [VLTO] choppy/sideways (ADX 21.3) -> mean-reversion strategy | Signal: HOLD | Shares held: 0.0 | Last price: $94.89
2026-10-01 19:19:38,848 | [VLTO] ACTION: No trade.
2026-10-01 19:19:38,868 | [VMC] choppy/sideways (ADX 23.2) -> mean-reversion strategy | Signal: HOLD | Shares held: 0.0 | Last price: $243.09
2026-10-01 19:19:38,868 | [VMC] ACTION: No trade.
2026-10-01 19:19:38,889 | [VMRK] trending (ADX 29.4) -> trend-following strategy | Signal: HOLD | Shares held: 0.0 | Last price: $60.24
2026-10-01 19:19:38,889 | [VMRK] ACTION: No trade.
2026-10-01 19:19:38,909 | [VRSK] trending (ADX 25.1) -> trend-following strategy | Signal: HOLD | Shares held: 0.0 | Last price: $169.40
2026-10-01 19:19:38,909 | [VRSK] ACTION: No trade.
2026-10-01 19:19:38,930 | [VRSN] choppy/sideways (ADX 21.6) -> mean-reversion strategy | Signal: HOLD | Shares held: 0.0 | Last price: $287.19
2026-10-01 19:19:38,930 | [VRSN] ACTION: No trade.
2026-10-01 19:19:38,950 | [VRT] trending (ADX 26.2) -> trend-following strategy | Signal: HOLD | Shares held: 0.0 | Last price: $247.66
2026-10-01 19:19:38,950 | [VRT] ACTION: No trade.
2026-10-01 19:19:38,970 | [VRTX] trending (ADX 48.5) -> trend-following strategy | Signal: HOLD | Shares held: 0.0 | Last price: $506.00
2026-10-01 19:19:38,971 | [VRTX] ACTION: No trade.
2026-10-01 19:19:38,991 | [VST] choppy/sideways (ADX 24.2) -> mean-reversion strategy | Signal: HOLD | Shares held: 0.0 | Last price: $139.29
2026-10-01 19:19:38,991 | [VST] ACTION: No trade.
2026-10-01 19:19:39,011 | [VTR] trending (ADX 49.1) -> trend-following strategy | Signal: HOLD | Shares held: 0.0 | Last price: $83.44
2026-10-01 19:19:39,011 | [VTR] ACTION: No trade.
2026-10-01 19:19:39,032 | [VTRS] trending (ADX 28.2) -> trend-following strategy | Signal: HOLD | Shares held: 0.0 | Last price: $17.54
2026-10-01 19:19:39,032 | [VTRS] ACTION: No trade.
2026-10-01 19:19:39,118 | [VZ] choppy/sideways (ADX 10.2) -> mean-reversion strategy | Signal: HOLD | Shares held: 0.0 | Last price: $45.98
2026-10-01 19:19:39,118 | [VZ] ACTION: No trade.
2026-10-01 19:19:39,138 | [WAB] choppy/sideways (ADX 22.3) -> mean-reversion strategy | Signal: HOLD | Shares held: 0.0 | Last price: $287.39
2026-10-01 19:19:39,139 | [WAB] ACTION: No trade.
2026-10-01 19:19:39,159 | [WAT] trending (ADX 44.3) -> trend-following strategy | Signal: HOLD | Shares held: 0.0 | Last price: $429.18
2026-10-01 19:19:39,159 | [WAT] ACTION: No trade.
2026-10-01 19:19:39,180 | [WBD] trending (ADX 37.7) -> trend-following strategy | Signal: HOLD | Shares held: 0.0 | Last price: $30.94
2026-10-01 19:19:39,180 | [WBD] ACTION: No trade.
2026-10-01 19:19:39,200 | [WDAY] choppy/sideways (ADX 14.1) -> mean-reversion strategy | Signal: HOLD | Shares held: 0.0 | Last price: $186.81
2026-10-01 19:19:39,200 | [WDAY] ACTION: No trade.
2026-10-01 19:19:39,220 | [WDC] trending (ADX 26.1) -> trend-following strategy | Signal: HOLD | Shares held: 0.0 | Last price: $455.90
2026-10-01 19:19:39,220 | [WDC] ACTION: No trade.
2026-10-01 19:19:39,240 | [WEC] choppy/sideways (ADX 11.8) -> mean-reversion strategy | Signal: HOLD | Shares held: 0.0 | Last price: $101.54
2026-10-01 19:19:39,240 | [WEC] ACTION: No trade.
2026-10-01 19:19:39,261 | [WELL] trending (ADX 32.7) -> trend-following strategy | Signal: HOLD | Shares held: 0.0 | Last price: $227.15
2026-10-01 19:19:39,261 | [WELL] ACTION: No trade.
2026-10-01 19:19:39,281 | [WFC] choppy/sideways (ADX 22.3) -> mean-reversion strategy | Signal: HOLD | Shares held: 0.0 | Last price: $79.78
2026-10-01 19:19:39,281 | [WFC] ACTION: No trade.
2026-10-01 19:19:39,302 | [WM] trending (ADX 39.8) -> trend-following strategy | Signal: HOLD | Shares held: 0.0 | Last price: $202.03
2026-10-01 19:19:39,302 | [WM] ACTION: No trade.
2026-10-01 19:19:39,323 | [WMB] trending (ADX 27.6) -> trend-following strategy | Signal: HOLD | Shares held: 0.0 | Last price: $69.08
2026-10-01 19:19:39,323 | [WMB] ACTION: No trade.
2026-10-01 19:19:39,343 | [WMT] choppy/sideways (ADX 24.7) -> mean-reversion strategy | Signal: HOLD | Shares held: 0.0 | Last price: $104.74
2026-10-01 19:19:39,343 | [WMT] ACTION: No trade.
2026-10-01 19:19:39,363 | [WRB] choppy/sideways (ADX 11.3) -> mean-reversion strategy | Signal: HOLD | Shares held: 0.0 | Last price: $68.89
2026-10-01 19:19:39,363 | [WRB] ACTION: No trade.
2026-10-01 19:19:39,383 | [WSM] choppy/sideways (ADX 19.6) -> mean-reversion strategy | Signal: HOLD | Shares held: 0.0 | Last price: $229.81
2026-10-01 19:19:39,383 | [WSM] ACTION: No trade.
2026-10-01 19:19:39,403 | [WST] trending (ADX 33.0) -> trend-following strategy | Signal: HOLD | Shares held: 0.0 | Last price: $366.11
2026-10-01 19:19:39,404 | [WST] ACTION: No trade.
2026-10-01 19:19:39,425 | [WTW] choppy/sideways (ADX 14.9) -> mean-reversion strategy | Signal: HOLD | Shares held: 0.0 | Last price: $292.12
2026-10-01 19:19:39,425 | [WTW] ACTION: No trade.
2026-10-01 19:19:39,445 | [WY] trending (ADX 37.5) -> trend-following strategy | Signal: HOLD | Shares held: 0.0 | Last price: $18.54
2026-10-01 19:19:39,445 | [WY] ACTION: No trade.
2026-10-01 19:19:39,465 | [WYNN] trending (ADX 31.5) -> trend-following strategy | Signal: HOLD | Shares held: 0.0 | Last price: $77.04
2026-10-01 19:19:39,465 | [WYNN] ACTION: No trade.
2026-10-01 19:19:39,486 | [XEL] choppy/sideways (ADX 16.5) -> mean-reversion strategy | Signal: HOLD | Shares held: 0.0 | Last price: $70.54
2026-10-01 19:19:39,486 | [XEL] ACTION: No trade.
2026-10-01 19:19:39,507 | [XOM] choppy/sideways (ADX 15.5) -> mean-reversion strategy | Signal: HOLD | Shares held: 0.0 | Last price: $163.71
2026-10-01 19:19:39,507 | [XOM] ACTION: No trade.
2026-10-01 19:19:39,529 | [XYL] choppy/sideways (ADX 15.9) -> mean-reversion strategy | Signal: HOLD | Shares held: 0.0 | Last price: $100.55
2026-10-01 19:19:39,529 | [XYL] ACTION: No trade.
2026-10-01 19:19:39,549 | [XYZ] choppy/sideways (ADX 18.7) -> mean-reversion strategy | Signal: HOLD | Shares held: 0.0 | Last price: $74.05
2026-10-01 19:19:39,549 | [XYZ] ACTION: No trade.
2026-10-01 19:19:39,569 | [YUM] trending (ADX 25.3) -> trend-following strategy | Signal: HOLD | Shares held: 0.0 | Last price: $137.01
2026-10-01 19:19:39,569 | [YUM] ACTION: No trade.
2026-10-01 19:19:39,590 | [ZBH] trending (ADX 39.9) -> trend-following strategy | Signal: HOLD | Shares held: 0.0 | Last price: $88.01
2026-10-01 19:19:39,590 | [ZBH] ACTION: No trade.
2026-10-01 19:19:39,611 | [ZBRA] choppy/sideways (ADX 16.3) -> mean-reversion strategy | Signal: HOLD | Shares held: 0.0 | Last price: $375.97
2026-10-01 19:19:39,611 | [ZBRA] ACTION: No trade.
2026-10-01 19:19:39,631 | [ZTS] choppy/sideways (ADX 13.8) -> mean-reversion strategy | Signal: HOLD | Shares held: 0.0 | Last price: $69.77
2026-10-01 19:19:39,632 | [ZTS] ACTION: No trade.
2026-10-01 19:34:39,943 | Market is open (closes 2026-10-01 22:00:00 CEST your local time). Checking 491 symbols: A, AAPL, ABBV, ABNB, ABT, ACGL, ACN, ADBE, ADI, ADM, ADP, ADSK, AEE, AEP, AES, AFL, AIG, AJG, AKAM, ALB, ALGN, ALL, ALLE, AMAT, AMCR, AMD, AME, AMGN, AMP, AMT, AMZN, ANET, AON, AOS, APA, APD, APH, APO, APP, APTV, ARE, ARES, ATO, AVGO, AVY, AWK, AXON, AXP, AZO, BA, BAC, BALL, BAX, BBY, BDX, BE, BEN, BG, BIIB, BKNG, BKR, BLK, BMY, BNY, BR, BRK.B, BRO, BSX, BX, C, CAH, CARR, CASY, CAT, CB, CBOE, CBRE, CCI, CCL, CDNS, CDW, CEG, CF, CFG, CHD, CHRW, CHTR, CI, CIEN, CINF, CL, CLX, CMCSA, CME, CMG, CMI, CMS, CNC, CNP, COF, COHR, COIN, COO, COP, COR, COST, CPAY, CPRT, CPT, CRH, CRL, CRM, CRWD, CSCO, CSGP, CSX, CTAS, CTSH, CTVA, CVNA, CVS, CVX, D, DAL, DASH, DD, DDOG, DE, DECK, DELL, DG, DGX, DHI, DHR, DIS, DLR, DLTR, DOC, DOV, DOW, DPZ, DRI, DTE, DUK, DVA, DVN, DXCM, EBAY, ECHO, ECL, ED, EFX, EG, EIX, EL, ELV, EME, EMR, EOG, EQIX, EQT, ES, ESS, ETN, ETR, EVRG, EW, EXC, EXE, EXPD, EXPE, EXR, F, FANG, FAST, FCX, FDS, FDX, FDXF, FE, FERG, FFIV, FICO, FIS, FISV, FITB, FIX, FLEX, FOXA, FRT, FSLR, FTNT, FTV, GD, GDDY, GE, GEHC, GEN, GEV, GILD, GIS, GLW, GM, GNRC, GOOG, GOOGL, GPC, GPN, GRMN, GS, GWW, HAL, HAS, HBAN, HCA, HD, HIG, HII, HLT, HON, HONA, HOOD, HPE, HPQ, HST, HSY, HUBB, HUM, HWM, IBKR, IBM, ICE, IDXX, IEX, IFF, ILMN, INCY, INTC, INTU, INVH, IP, IQV, IR, IRM, ISRG, IT, ITW, IVZ, J, JBHT, JBL, JCI, JKHY, JNJ, JPM, KDP, KEY, KEYS, KHC, KIM, KKR, KLAC, KMB, KMI, KO, KR, KVUE, L, LDOS, LEN, LH, LHX, LII, LIN, LITE, LLY, LMT, LNT, LOW, LRCX, LULU, LUV, LVS, LYB, LYV, MA, MAA, MAR, MAS, MCD, MCHP, MCK, MCO, MDLZ, MDT, MET, META, MGM, MKC, MLM, MMM, MNST, MO, MOS, MPC, MPWR, MRK, MRNA, MRSH, MRVL, MS, MSCI, MSFT, MSI, MTB, MTD, MU, NCLH, NDAQ, NDSN, NEE, NEM, NFLX, NI, NKE, NOC, NOW, NRG, NSC, NTAP, NTRS, NUE, NVDA, NVR, NWSA, NXPI, O, ODFL, OKE, OMC, ON, ORCL, ORLY, OTIS, OXY, P, PANW, PAYX, PCAR, PCG, PEG, PEP, PFE, PFG, PG, PGR, PH, PHM, PKG, PLD, PLTR, PM, PNC, PNR, PNW, PODD, PPG, PPL, PRU, PSA, PSX, PTC, PWR, PYPL, Q, QCOM, RCL, RDDT, REGN, RF, RJF, RL, RMD, ROK, ROL, ROP, ROST, RSG, RTX, RVTY, SBAC, SBUX, SCHW, SHW, SJM, SLB, SMCI, SNA, SNDK, SNPS, SO, SPG, SPGI, SRE, STE, STLD, STT, STX, STZ, SVRN, SW, SWK, SWKS, SYF, SYK, SYY, T, TDG, TDY, TECH, TEL, TER, TFC, TGT, TJX, TKO, TMO, TMUS, TPR, TRGP, TRMB, TROW, TRV, TSCO, TSLA, TSN, TT, TTWO, TXN, TXT, TYL, UAL, UBER, UDR, UHS, ULTA, UNH, UNP, UPS, URI, USB, V, VEEV, VICI, VLO, VLTO, VMC, VMRK, VRSK, VRSN, VRT, VRTX, VST, VTR, VTRS, VZ, WAB, WAT, WBD, WDAY, WDC, WEC, WELL, WFC, WM, WMB, WMT, WRB, WSM, WST, WTW, WY, WYNN, XEL, XOM, XYL, XYZ, YUM, ZBH, ZBRA, ZTS (within 90 min of close -- not enough runway left today for a new position)
2026-10-01 19:35:54,486 | [A] trending (ADX 53.6) -> trend-following strategy | Signal: HOLD | Shares held: 0.0 | Last price: $168.09
2026-10-01 19:35:54,486 | [A] ACTION: No trade.
2026-10-01 19:35:54,506 | [AAPL] trending (ADX 35.9) -> trend-following strategy | Signal: HOLD | Shares held: 0.0 | Last price: $329.80
2026-10-01 19:35:54,506 | [AAPL] ACTION: No trade.
2026-10-01 19:35:54,526 | [ABBV] trending (ADX 29.9) -> trend-following strategy | Signal: HOLD | Shares held: 0.0 | Last price: $260.33
2026-10-01 19:35:54,526 | [ABBV] ACTION: No trade.
2026-10-01 19:35:54,546 | [ABNB] choppy/sideways (ADX 22.6) -> mean-reversion strategy | Signal: HOLD | Shares held: 0.0 | Last price: $160.43
2026-10-01 19:35:54,546 | [ABNB] ACTION: No trade.
2026-10-01 19:35:54,566 | [ABT] trending (ADX 29.6) -> trend-following strategy | Signal: HOLD | Shares held: 0.0 | Last price: $97.11
2026-10-01 19:35:54,566 | [ABT] ACTION: No trade.
2026-10-01 19:35:54,585 | [ACGL] choppy/sideways (ADX 16.8) -> mean-reversion strategy | Signal: HOLD | Shares held: 0.0 | Last price: $93.94
2026-10-01 19:35:54,585 | [ACGL] ACTION: No trade.
2026-10-01 19:35:54,605 | [ACN] trending (ADX 45.6) -> trend-following strategy | Signal: HOLD | Shares held: 0.0 | Last price: $216.41
2026-10-01 19:35:54,606 | [ACN] ACTION: No trade.
2026-10-01 19:35:54,625 | [ADBE] trending (ADX 28.5) -> trend-following strategy | Signal: HOLD | Shares held: 0.0 | Last price: $242.21
2026-10-01 19:35:54,625 | [ADBE] ACTION: No trade.
2026-10-01 19:35:54,645 | [ADI] choppy/sideways (ADX 23.6) -> mean-reversion strategy | Signal: HOLD | Shares held: 0.0 | Last price: $403.84
2026-10-01 19:35:54,645 | [ADI] ACTION: No trade.
2026-10-01 19:35:54,665 | [ADM] trending (ADX 28.4) -> trend-following strategy | Signal: HOLD | Shares held: 0.0 | Last price: $79.36
2026-10-01 19:35:54,665 | [ADM] ACTION: No trade.
2026-10-01 19:35:54,685 | [ADP] choppy/sideways (ADX 18.6) -> mean-reversion strategy | Signal: HOLD | Shares held: 0.0 | Last price: $264.78
2026-10-01 19:35:54,685 | [ADP] ACTION: No trade.
2026-10-01 19:35:54,705 | [ADSK] trending (ADX 33.4) -> trend-following strategy | Signal: HOLD | Shares held: 0.0 | Last price: $213.71
2026-10-01 19:35:54,705 | [ADSK] ACTION: No trade.
2026-10-01 19:35:54,725 | [AEE] choppy/sideways (ADX 9.1) -> mean-reversion strategy | Signal: HOLD | Shares held: 0.0 | Last price: $99.51
2026-10-01 19:35:54,725 | [AEE] ACTION: No trade.
2026-10-01 19:35:54,744 | [AEP] choppy/sideways (ADX 17.3) -> mean-reversion strategy | Signal: HOLD | Shares held: 0.0 | Last price: $119.64
2026-10-01 19:35:54,744 | [AEP] ACTION: No trade.
2026-10-01 19:35:54,764 | [AES] trending (ADX 57.3) -> trend-following strategy | Signal: HOLD | Shares held: 0.0 | Last price: $14.93
2026-10-01 19:35:54,764 | [AES] ACTION: No trade.
2026-10-01 19:35:54,784 | [AFL] trending (ADX 50.9) -> trend-following strategy | Signal: HOLD | Shares held: 0.0 | Last price: $111.14
2026-10-01 19:35:54,784 | [AFL] ACTION: No trade.
2026-10-01 19:35:54,804 | [AIG] choppy/sideways (ADX 10.5) -> mean-reversion strategy | Signal: HOLD | Shares held: 0.0 | Last price: $75.22
2026-10-01 19:35:54,804 | [AIG] ACTION: No trade.
2026-10-01 19:35:54,823 | [AJG] trending (ADX 30.8) -> trend-following strategy | Signal: HOLD | Shares held: 0.0 | Last price: $232.49
2026-10-01 19:35:54,823 | [AJG] ACTION: No trade.
2026-10-01 19:35:54,843 | [AKAM] choppy/sideways (ADX 19.3) -> mean-reversion strategy | Signal: HOLD | Shares held: 0.0 | Last price: $106.95
2026-10-01 19:35:54,843 | [AKAM] ACTION: No trade.
2026-10-01 19:35:54,863 | [ALB] choppy/sideways (ADX 24.7) -> mean-reversion strategy | Signal: HOLD | Shares held: 0.0 | Last price: $105.30
2026-10-01 19:35:54,863 | [ALB] ACTION: No trade.
2026-10-01 19:35:54,882 | [ALGN] choppy/sideways (ADX 16.2) -> mean-reversion strategy | Signal: HOLD | Shares held: 0.0 | Last price: $145.44
2026-10-01 19:35:54,882 | [ALGN] ACTION: No trade.
2026-10-01 19:35:54,902 | [ALL] choppy/sideways (ADX 14.3) -> mean-reversion strategy | Signal: HOLD | Shares held: 0.0 | Last price: $224.39
2026-10-01 19:35:54,902 | [ALL] ACTION: No trade.
2026-10-01 19:35:54,922 | [ALLE] choppy/sideways (ADX 24.1) -> mean-reversion strategy | Signal: HOLD | Shares held: 0.0 | Last price: $154.07
2026-10-01 19:35:54,922 | [ALLE] ACTION: No trade.
2026-10-01 19:35:54,942 | [AMAT] trending (ADX 27.2) -> trend-following strategy | Signal: HOLD | Shares held: 0.0 | Last price: $529.25
2026-10-01 19:35:54,942 | [AMAT] ACTION: No trade.
2026-10-01 19:35:54,961 | [AMCR] choppy/sideways (ADX 21.4) -> mean-reversion strategy | Signal: HOLD | Shares held: 0.0 | Last price: $42.03
2026-10-01 19:35:54,961 | [AMCR] ACTION: No trade.
2026-10-01 19:35:54,981 | [AMD] choppy/sideways (ADX 14.1) -> mean-reversion strategy | Signal: HOLD | Shares held: 0.0 | Last price: $615.18
2026-10-01 19:35:54,981 | [AMD] ACTION: No trade.
2026-10-01 19:35:55,001 | [AME] choppy/sideways (ADX 19.1) -> mean-reversion strategy | Signal: HOLD | Shares held: 0.0 | Last price: $249.19
2026-10-01 19:35:55,001 | [AME] ACTION: No trade.
2026-10-01 19:35:55,021 | [AMGN] trending (ADX 44.1) -> trend-following strategy | Signal: HOLD | Shares held: 0.0 | Last price: $410.55
2026-10-01 19:35:55,021 | [AMGN] ACTION: No trade.
2026-10-01 19:35:55,041 | [AMP] choppy/sideways (ADX 19.3) -> mean-reversion strategy | Signal: HOLD | Shares held: 0.0 | Last price: $496.99
2026-10-01 19:35:55,041 | [AMP] ACTION: No trade.
2026-10-01 19:35:55,061 | [AMT] trending (ADX 32.6) -> trend-following strategy | Signal: HOLD | Shares held: 0.0 | Last price: $161.84
2026-10-01 19:35:55,061 | [AMT] ACTION: No trade.
2026-10-01 19:35:55,081 | [AMZN] choppy/sideways (ADX 19.8) -> mean-reversion strategy | Signal: HOLD | Shares held: 0.0 | Last price: $248.74
2026-10-01 19:35:55,081 | [AMZN] ACTION: No trade.
2026-10-01 19:35:55,100 | [ANET] choppy/sideways (ADX 10.6) -> mean-reversion strategy | Signal: HOLD | Shares held: 0.0 | Last price: $205.77
2026-10-01 19:35:55,101 | [ANET] ACTION: No trade.
2026-10-01 19:35:55,120 | [AON] choppy/sideways (ADX 19.7) -> mean-reversion strategy | Signal: HOLD | Shares held: 0.0 | Last price: $276.49
2026-10-01 19:35:55,121 | [AON] ACTION: No trade.
2026-10-01 19:35:55,140 | [AOS] trending (ADX 26.5) -> trend-following strategy | Signal: HOLD | Shares held: 0.0 | Last price: $56.69
2026-10-01 19:35:55,140 | [AOS] ACTION: No trade.
2026-10-01 19:35:55,160 | [APA] choppy/sideways (ADX 21.1) -> mean-reversion strategy | Signal: HOLD | Shares held: 0.0 | Last price: $43.38
2026-10-01 19:35:55,160 | [APA] ACTION: No trade.
2026-10-01 19:35:55,180 | [APD] trending (ADX 30.8) -> trend-following strategy | Signal: HOLD | Shares held: 0.0 | Last price: $271.79
2026-10-01 19:35:55,180 | [APD] ACTION: No trade.
2026-10-01 19:35:55,200 | [APH] trending (ADX 38.4) -> trend-following strategy | Signal: HOLD | Shares held: 0.0 | Last price: $86.36
2026-10-01 19:35:55,200 | [APH] ACTION: No trade.
2026-10-01 19:35:55,219 | [APO] choppy/sideways (ADX 15.5) -> mean-reversion strategy | Signal: HOLD | Shares held: 0.0 | Last price: $114.39
2026-10-01 19:35:55,219 | [APO] ACTION: No trade.
2026-10-01 19:35:55,239 | [APP] trending (ADX 46.8) -> trend-following strategy | Signal: HOLD | Shares held: 0.0 | Last price: $281.74
2026-10-01 19:35:55,239 | [APP] ACTION: No trade.
2026-10-01 19:35:55,259 | [APTV] trending (ADX 34.3) -> trend-following strategy | Signal: HOLD | Shares held: 0.0 | Last price: $44.17
2026-10-01 19:35:55,259 | [APTV] ACTION: No trade.
2026-10-01 19:35:55,279 | [ARE] trending (ADX 32.1) -> trend-following strategy | Signal: HOLD | Shares held: 0.0 | Last price: $46.56
2026-10-01 19:35:55,279 | [ARE] ACTION: No trade.
2026-10-01 19:35:55,299 | [ARES] choppy/sideways (ADX 19.1) -> mean-reversion strategy | Signal: HOLD | Shares held: 0.0 | Last price: $116.50
2026-10-01 19:35:55,299 | [ARES] ACTION: No trade.
2026-10-01 19:35:55,319 | [ATO] choppy/sideways (ADX 15.5) -> mean-reversion strategy | Signal: HOLD | Shares held: 0.0 | Last price: $156.38
2026-10-01 19:35:55,319 | [ATO] ACTION: No trade.
2026-10-01 19:35:55,338 | [AVGO] choppy/sideways (ADX 21.4) -> mean-reversion strategy | Signal: HOLD | Shares held: 0.0 | Last price: $346.76
2026-10-01 19:35:55,338 | [AVGO] ACTION: No trade.
2026-10-01 19:35:55,358 | [AVY] choppy/sideways (ADX 23.7) -> mean-reversion strategy | Signal: HOLD | Shares held: 0.0 | Last price: $172.31
2026-10-01 19:35:55,358 | [AVY] ACTION: No trade.
2026-10-01 19:35:55,378 | [AWK] choppy/sideways (ADX 24.5) -> mean-reversion strategy | Signal: HOLD | Shares held: 0.0 | Last price: $127.86
2026-10-01 19:35:55,378 | [AWK] ACTION: No trade.
2026-10-01 19:35:55,398 | [AXON] choppy/sideways (ADX 21.0) -> mean-reversion strategy | Signal: HOLD | Shares held: 0.0 | Last price: $424.01
2026-10-01 19:35:55,398 | [AXON] ACTION: No trade.
2026-10-01 19:35:55,418 | [AXP] trending (ADX 32.4) -> trend-following strategy | Signal: HOLD | Shares held: 0.0 | Last price: $300.57
2026-10-01 19:35:55,418 | [AXP] ACTION: No trade.
2026-10-01 19:35:55,437 | [AZO] choppy/sideways (ADX 23.4) -> mean-reversion strategy | Signal: HOLD | Shares held: 0.0 | Last price: $2793.04
2026-10-01 19:35:55,438 | [AZO] ACTION: No trade.
2026-10-01 19:35:55,457 | [BA] choppy/sideways (ADX 16.7) -> mean-reversion strategy | Signal: HOLD | Shares held: 0.0 | Last price: $190.00
2026-10-01 19:35:55,457 | [BA] ACTION: No trade.
2026-10-01 19:35:55,477 | [BAC] trending (ADX 35.0) -> trend-following strategy | Signal: HOLD | Shares held: 0.0 | Last price: $53.60
2026-10-01 19:35:55,477 | [BAC] ACTION: No trade.
2026-10-01 19:35:55,497 | [BALL] choppy/sideways (ADX 15.2) -> mean-reversion strategy | Signal: HOLD | Shares held: 0.0 | Last price: $56.48
2026-10-01 19:35:55,497 | [BALL] ACTION: No trade.
2026-10-01 19:35:55,517 | [BAX] choppy/sideways (ADX 23.5) -> mean-reversion strategy | Signal: HOLD | Shares held: 0.0 | Last price: $23.68
2026-10-01 19:35:55,517 | [BAX] ACTION: No trade.
2026-10-01 19:35:55,537 | [BBY] choppy/sideways (ADX 18.2) -> mean-reversion strategy | Signal: HOLD | Shares held: 0.0 | Last price: $87.23
2026-10-01 19:35:55,537 | [BBY] ACTION: No trade.
2026-10-01 19:35:55,557 | [BDX] trending (ADX 26.1) -> trend-following strategy | Signal: HOLD | Shares held: 0.0 | Last price: $178.80
2026-10-01 19:35:55,557 | [BDX] ACTION: No trade.
2026-10-01 19:35:55,576 | [BE] choppy/sideways (ADX 9.5) -> mean-reversion strategy | Signal: HOLD | Shares held: 0.0 | Last price: $275.74
2026-10-01 19:35:55,576 | [BE] ACTION: No trade.
2026-10-01 19:35:55,596 | [BEN] trending (ADX 26.0) -> trend-following strategy | Signal: HOLD | Shares held: 0.0 | Last price: $32.35
2026-10-01 19:35:55,596 | [BEN] ACTION: No trade.
2026-10-01 19:35:55,616 | [BG] trending (ADX 27.4) -> trend-following strategy | Signal: HOLD | Shares held: 0.0 | Last price: $106.63
2026-10-01 19:35:55,616 | [BG] ACTION: No trade.
2026-10-01 19:35:55,636 | [BIIB] choppy/sideways (ADX 20.7) -> mean-reversion strategy | Signal: HOLD | Shares held: 0.0 | Last price: $225.02
2026-10-01 19:35:55,636 | [BIIB] ACTION: No trade.
2026-10-01 19:35:55,656 | [BKNG] choppy/sideways (ADX 12.6) -> mean-reversion strategy | Signal: HOLD | Shares held: 0.0 | Last price: $160.68
2026-10-01 19:35:55,656 | [BKNG] ACTION: No trade.
2026-10-01 19:35:55,676 | [BKR] choppy/sideways (ADX 24.0) -> mean-reversion strategy | Signal: HOLD | Shares held: 0.0 | Last price: $55.77
2026-10-01 19:35:55,676 | [BKR] ACTION: No trade.
2026-10-01 19:35:55,696 | [BLK] choppy/sideways (ADX 14.6) -> mean-reversion strategy | Signal: HOLD | Shares held: 0.0 | Last price: $1062.37
2026-10-01 19:35:55,696 | [BLK] ACTION: No trade.
2026-10-01 19:35:55,716 | [BMY] trending (ADX 35.8) -> trend-following strategy | Signal: HOLD | Shares held: 0.0 | Last price: $61.38
2026-10-01 19:35:55,716 | [BMY] ACTION: No trade.
2026-10-01 19:35:55,736 | [BNY] trending (ADX 36.4) -> trend-following strategy | Signal: HOLD | Shares held: 0.0 | Last price: $143.29
2026-10-01 19:35:55,736 | [BNY] ACTION: No trade.
2026-10-01 19:35:55,756 | [BR] choppy/sideways (ADX 14.6) -> mean-reversion strategy | Signal: HOLD | Shares held: 0.0 | Last price: $161.91
2026-10-01 19:35:55,756 | [BR] ACTION: No trade.
2026-10-01 19:35:55,776 | [BRK.B] choppy/sideways (ADX 17.9) -> mean-reversion strategy | Signal: HOLD | Shares held: 0.0 | Last price: $499.80
2026-10-01 19:35:55,776 | [BRK.B] ACTION: No trade.
2026-10-01 19:35:55,796 | [BRO] trending (ADX 31.5) -> trend-following strategy | Signal: HOLD | Shares held: 0.0 | Last price: $61.98
2026-10-01 19:35:55,796 | [BRO] ACTION: No trade.
2026-10-01 19:35:55,816 | [BSX] trending (ADX 28.9) -> trend-following strategy | Signal: HOLD | Shares held: 0.0 | Last price: $43.30
2026-10-01 19:35:55,816 | [BSX] ACTION: No trade.
2026-10-01 19:35:55,835 | [BX] choppy/sideways (ADX 20.5) -> mean-reversion strategy | Signal: HOLD | Shares held: 0.0 | Last price: $111.91
2026-10-01 19:35:55,835 | [BX] ACTION: No trade.
2026-10-01 19:35:55,855 | [C] trending (ADX 31.8) -> trend-following strategy | Signal: HOLD | Shares held: 0.0 | Last price: $126.80
2026-10-01 19:35:55,855 | [C] ACTION: No trade.
2026-10-01 19:35:55,875 | [CAH] trending (ADX 37.3) -> trend-following strategy | Signal: HOLD | Shares held: 0.0 | Last price: $229.82
2026-10-01 19:35:55,876 | [CAH] ACTION: No trade.
2026-10-01 19:35:55,895 | [CARR] choppy/sideways (ADX 19.6) -> mean-reversion strategy | Signal: HOLD | Shares held: 0.0 | Last price: $55.09
2026-10-01 19:35:55,895 | [CARR] ACTION: No trade.
2026-10-01 19:35:55,915 | [CASY] choppy/sideways (ADX 17.5) -> mean-reversion strategy | Signal: HOLD | Shares held: 0.0 | Last price: $618.80
2026-10-01 19:35:55,915 | [CASY] ACTION: No trade.
2026-10-01 19:35:55,935 | [CAT] choppy/sideways (ADX 18.4) -> mean-reversion strategy | Signal: HOLD | Shares held: 0.0 | Last price: $824.70
2026-10-01 19:35:55,935 | [CAT] ACTION: No trade.
2026-10-01 19:35:55,955 | [CB] choppy/sideways (ADX 19.2) -> mean-reversion strategy | Signal: HOLD | Shares held: 0.0 | Last price: $330.83
2026-10-01 19:35:55,955 | [CB] ACTION: No trade.
2026-10-01 19:35:55,975 | [CBOE] choppy/sideways (ADX 15.2) -> mean-reversion strategy | Signal: HOLD | Shares held: 0.0 | Last price: $278.00
2026-10-01 19:35:55,975 | [CBOE] ACTION: No trade.
2026-10-01 19:35:55,995 | [CBRE] trending (ADX 38.1) -> trend-following strategy | Signal: HOLD | Shares held: 0.0 | Last price: $130.63
2026-10-01 19:35:55,995 | [CBRE] ACTION: No trade.
2026-10-01 19:35:56,015 | [CCI] choppy/sideways (ADX 10.8) -> mean-reversion strategy | Signal: HOLD | Shares held: 0.0 | Last price: $66.61
2026-10-01 19:35:56,015 | [CCI] ACTION: No trade.
2026-10-01 19:35:56,035 | [CCL] trending (ADX 25.7) -> trend-following strategy | Signal: HOLD | Shares held: 0.0 | Last price: $25.00
2026-10-01 19:35:56,035 | [CCL] ACTION: No trade.
2026-10-01 19:35:56,055 | [CDNS] trending (ADX 30.3) -> trend-following strategy | Signal: HOLD | Shares held: 0.0 | Last price: $350.03
2026-10-01 19:35:56,055 | [CDNS] ACTION: No trade.
2026-10-01 19:35:56,074 | [CDW] trending (ADX 40.7) -> trend-following strategy | Signal: HOLD | Shares held: 0.0 | Last price: $138.20
2026-10-01 19:35:56,074 | [CDW] ACTION: No trade.
2026-10-01 19:35:56,094 | [CEG] choppy/sideways (ADX 23.9) -> mean-reversion strategy | Signal: HOLD | Shares held: 0.0 | Last price: $257.38
2026-10-01 19:35:56,094 | [CEG] ACTION: No trade.
2026-10-01 19:35:56,114 | [CF] choppy/sideways (ADX 20.2) -> mean-reversion strategy | Signal: HOLD | Shares held: 0.0 | Last price: $114.58
2026-10-01 19:35:56,114 | [CF] ACTION: No trade.
2026-10-01 19:35:56,134 | [CFG] choppy/sideways (ADX 18.8) -> mean-reversion strategy | Signal: HOLD | Shares held: 0.0 | Last price: $63.32
2026-10-01 19:35:56,134 | [CFG] ACTION: No trade.
2026-10-01 19:35:56,154 | [CHD] choppy/sideways (ADX 12.2) -> mean-reversion strategy | Signal: HOLD | Shares held: 0.0 | Last price: $94.17
2026-10-01 19:35:56,154 | [CHD] ACTION: No trade.
2026-10-01 19:35:56,173 | [CHRW] trending (ADX 39.8) -> trend-following strategy | Signal: HOLD | Shares held: 0.0 | Last price: $152.98
2026-10-01 19:35:56,174 | [CHRW] ACTION: No trade.
2026-10-01 19:35:56,193 | [CHTR] choppy/sideways (ADX 22.8) -> mean-reversion strategy | Signal: HOLD | Shares held: 0.0 | Last price: $111.58
2026-10-01 19:35:56,193 | [CHTR] ACTION: No trade.
2026-10-01 19:35:56,213 | [CI] choppy/sideways (ADX 20.9) -> mean-reversion strategy | Signal: HOLD | Shares held: 0.0 | Last price: $267.51
2026-10-01 19:35:56,213 | [CI] ACTION: No trade.
2026-10-01 19:35:56,233 | [CIEN] trending (ADX 60.8) -> trend-following strategy | Signal: HOLD | Shares held: 0.0 | Last price: $378.43
2026-10-01 19:35:56,233 | [CIEN] ACTION: No trade.
2026-10-01 19:35:56,253 | [CINF] choppy/sideways (ADX 24.3) -> mean-reversion strategy | Signal: HOLD | Shares held: 0.0 | Last price: $161.70
2026-10-01 19:35:56,253 | [CINF] ACTION: No trade.
2026-10-01 19:35:56,273 | [CL] trending (ADX 29.0) -> trend-following strategy | Signal: HOLD | Shares held: 0.0 | Last price: $84.54
2026-10-01 19:35:56,273 | [CL] ACTION: No trade.
2026-10-01 19:35:56,293 | [CLX] choppy/sideways (ADX 15.6) -> mean-reversion strategy | Signal: HOLD | Shares held: 0.0 | Last price: $80.36
2026-10-01 19:35:56,293 | [CLX] ACTION: No trade.
2026-10-01 19:35:56,312 | [CMCSA] choppy/sideways (ADX 18.9) -> mean-reversion strategy | Signal: HOLD | Shares held: 0.0 | Last price: $21.71
2026-10-01 19:35:56,312 | [CMCSA] ACTION: No trade.
2026-10-01 19:35:56,332 | [CME] choppy/sideways (ADX 21.9) -> mean-reversion strategy | Signal: HOLD | Shares held: 0.0 | Last price: $264.91
2026-10-01 19:35:56,332 | [CME] ACTION: No trade.
2026-10-01 19:35:56,352 | [CMG] choppy/sideways (ADX 12.0) -> mean-reversion strategy | Signal: HOLD | Shares held: 0.0 | Last price: $32.03
2026-10-01 19:35:56,352 | [CMG] ACTION: No trade.
2026-10-01 19:35:56,372 | [CMI] trending (ADX 29.6) -> trend-following strategy | Signal: HOLD | Shares held: 0.0 | Last price: $515.63
2026-10-01 19:35:56,372 | [CMI] ACTION: No trade.
2026-10-01 19:35:56,391 | [CMS] choppy/sideways (ADX 19.0) -> mean-reversion strategy | Signal: HOLD | Shares held: 0.0 | Last price: $63.44
2026-10-01 19:35:56,391 | [CMS] ACTION: No trade.
2026-10-01 19:35:56,411 | [CNC] choppy/sideways (ADX 13.0) -> mean-reversion strategy | Signal: HOLD | Shares held: 0.0 | Last price: $61.16
2026-10-01 19:35:56,411 | [CNC] ACTION: No trade.
2026-10-01 19:35:56,430 | [CNP] choppy/sideways (ADX 20.9) -> mean-reversion strategy | Signal: HOLD | Shares held: 0.0 | Last price: $37.06
2026-10-01 19:35:56,430 | [CNP] ACTION: No trade.
2026-10-01 19:35:56,450 | [COF] choppy/sideways (ADX 21.2) -> mean-reversion strategy | Signal: HOLD | Shares held: 0.0 | Last price: $193.89
2026-10-01 19:35:56,450 | [COF] ACTION: No trade.
2026-10-01 19:35:56,470 | [COHR] trending (ADX 50.6) -> trend-following strategy | Signal: HOLD | Shares held: 0.0 | Last price: $318.56
2026-10-01 19:35:56,470 | [COHR] ACTION: No trade.
2026-10-01 19:35:56,490 | [COIN] trending (ADX 31.6) -> trend-following strategy | Signal: HOLD | Shares held: 0.0 | Last price: $189.69
2026-10-01 19:35:56,490 | [COIN] ACTION: No trade.
2026-10-01 19:35:56,509 | [COO] choppy/sideways (ADX 17.1) -> mean-reversion strategy | Signal: HOLD | Shares held: 0.0 | Last price: $57.33
2026-10-01 19:35:56,510 | [COO] ACTION: No trade.
2026-10-01 19:35:56,529 | [COP] choppy/sideways (ADX 13.1) -> mean-reversion strategy | Signal: HOLD | Shares held: 0.0 | Last price: $126.97
2026-10-01 19:35:56,529 | [COP] ACTION: No trade.
2026-10-01 19:35:56,549 | [COR] trending (ADX 43.7) -> trend-following strategy | Signal: HOLD | Shares held: 0.0 | Last price: $311.62
2026-10-01 19:35:56,549 | [COR] ACTION: No trade.
2026-10-01 19:35:56,569 | [COST] choppy/sideways (ADX 13.6) -> mean-reversion strategy | Signal: HOLD | Shares held: 0.0 | Last price: $916.52
2026-10-01 19:35:56,569 | [COST] ACTION: No trade.
2026-10-01 19:35:56,588 | [CPAY] choppy/sideways (ADX 22.8) -> mean-reversion strategy | Signal: HOLD | Shares held: 0.0 | Last price: $391.55
2026-10-01 19:35:56,588 | [CPAY] ACTION: No trade.
2026-10-01 19:35:56,608 | [CPRT] choppy/sideways (ADX 21.6) -> mean-reversion strategy | Signal: HOLD | Shares held: 0.0 | Last price: $27.34
2026-10-01 19:35:56,608 | [CPRT] ACTION: No trade.
2026-10-01 19:35:56,628 | [CPT] trending (ADX 30.9) -> trend-following strategy | Signal: HOLD | Shares held: 0.0 | Last price: $96.47
2026-10-01 19:35:56,628 | [CPT] ACTION: No trade.
2026-10-01 19:35:56,648 | [CRH] trending (ADX 26.2) -> trend-following strategy | Signal: HOLD | Shares held: 0.0 | Last price: $81.83
2026-10-01 19:35:56,648 | [CRH] ACTION: No trade.
2026-10-01 19:35:56,668 | [CRL] trending (ADX 40.0) -> trend-following strategy | Signal: HOLD | Shares held: 0.0 | Last price: $288.12
2026-10-01 19:35:56,668 | [CRL] ACTION: No trade.
2026-10-01 19:35:56,688 | [CRM] trending (ADX 27.9) -> trend-following strategy | Signal: HOLD | Shares held: 0.0 | Last price: $236.16
2026-10-01 19:35:56,688 | [CRM] ACTION: No trade.
2026-10-01 19:35:56,708 | [CRWD] choppy/sideways (ADX 20.2) -> mean-reversion strategy | Signal: HOLD | Shares held: 0.0 | Last price: $268.05
2026-10-01 19:35:56,708 | [CRWD] ACTION: No trade.
2026-10-01 19:35:56,728 | [CSCO] choppy/sideways (ADX 11.9) -> mean-reversion strategy | Signal: HOLD | Shares held: 0.0 | Last price: $108.62
2026-10-01 19:35:56,728 | [CSCO] ACTION: No trade.
2026-10-01 19:35:56,748 | [CSGP] choppy/sideways (ADX 22.5) -> mean-reversion strategy | Signal: HOLD | Shares held: 0.0 | Last price: $27.77
2026-10-01 19:35:56,748 | [CSGP] ACTION: No trade.
2026-10-01 19:35:56,767 | [CSX] trending (ADX 42.2) -> trend-following strategy | Signal: HOLD | Shares held: 0.0 | Last price: $46.30
2026-10-01 19:35:56,768 | [CSX] ACTION: No trade.
2026-10-01 19:35:56,787 | [CTAS] choppy/sideways (ADX 15.9) -> mean-reversion strategy | Signal: HOLD | Shares held: 0.0 | Last price: $195.50
2026-10-01 19:35:56,787 | [CTAS] ACTION: No trade.
2026-10-01 19:35:56,807 | [CTSH] trending (ADX 33.3) -> trend-following strategy | Signal: HOLD | Shares held: 0.0 | Last price: $62.01
2026-10-01 19:35:56,807 | [CTSH] ACTION: No trade.
2026-10-01 19:35:56,827 | [CTVA] trending (ADX 83.2) -> trend-following strategy | Signal: HOLD | Shares held: 0.0 | Last price: $12.27
2026-10-01 19:35:56,827 | [CTVA] ACTION: No trade.
2026-10-01 19:35:56,847 | [CVNA] trending (ADX 25.4) -> trend-following strategy | Signal: HOLD | Shares held: 0.0 | Last price: $62.65
2026-10-01 19:35:56,847 | [CVNA] ACTION: No trade.
2026-10-01 19:35:56,867 | [CVS] choppy/sideways (ADX 21.3) -> mean-reversion strategy | Signal: HOLD | Shares held: 0.0 | Last price: $84.99
2026-10-01 19:35:56,867 | [CVS] ACTION: No trade.
2026-10-01 19:35:56,887 | [CVX] choppy/sideways (ADX 10.2) -> mean-reversion strategy | Signal: HOLD | Shares held: 0.0 | Last price: $206.97
2026-10-01 19:35:56,887 | [CVX] ACTION: No trade.
2026-10-01 19:35:56,906 | [D] choppy/sideways (ADX 18.9) -> mean-reversion strategy | Signal: HOLD | Shares held: 0.0 | Last price: $60.66
2026-10-01 19:35:56,906 | [D] ACTION: No trade.
2026-10-01 19:35:56,926 | [DAL] choppy/sideways (ADX 13.9) -> mean-reversion strategy | Signal: HOLD | Shares held: 0.0 | Last price: $83.92
2026-10-01 19:35:56,926 | [DAL] ACTION: No trade.
2026-10-01 19:35:56,946 | [DASH] choppy/sideways (ADX 12.9) -> mean-reversion strategy | Signal: HOLD | Shares held: 0.0 | Last price: $181.01
2026-10-01 19:35:56,946 | [DASH] ACTION: No trade.
2026-10-01 19:35:56,994 | [DD] choppy/sideways (ADX 18.0) -> mean-reversion strategy | Signal: HOLD | Shares held: 0.0 | Last price: $129.63
2026-10-01 19:35:56,994 | [DD] ACTION: No trade.
2026-10-01 19:35:57,014 | [DDOG] choppy/sideways (ADX 21.8) -> mean-reversion strategy | Signal: HOLD | Shares held: 0.0 | Last price: $279.59
2026-10-01 19:35:57,014 | [DDOG] ACTION: No trade.
2026-10-01 19:35:57,034 | [DE] trending (ADX 31.9) -> trend-following strategy | Signal: HOLD | Shares held: 0.0 | Last price: $662.47
2026-10-01 19:35:57,034 | [DE] ACTION: No trade.
2026-10-01 19:35:57,054 | [DECK] trending (ADX 31.5) -> trend-following strategy | Signal: HOLD | Shares held: 0.0 | Last price: $79.34
2026-10-01 19:35:57,054 | [DECK] ACTION: No trade.
2026-10-01 19:35:57,073 | [DELL] choppy/sideways (ADX 15.5) -> mean-reversion strategy | Signal: HOLD | Shares held: 0.0 | Last price: $539.25
2026-10-01 19:35:57,073 | [DELL] ACTION: No trade.
2026-10-01 19:35:57,093 | [DG] choppy/sideways (ADX 18.4) -> mean-reversion strategy | Signal: HOLD | Shares held: 0.0 | Last price: $119.04
2026-10-01 19:35:57,093 | [DG] ACTION: No trade.
2026-10-01 19:35:57,113 | [DGX] trending (ADX 33.7) -> trend-following strategy | Signal: HOLD | Shares held: 0.0 | Last price: $231.73
2026-10-01 19:35:57,113 | [DGX] ACTION: No trade.
2026-10-01 19:35:57,133 | [DHI] trending (ADX 29.5) -> trend-following strategy | Signal: HOLD | Shares held: 0.0 | Last price: $137.02
2026-10-01 19:35:57,133 | [DHI] ACTION: No trade.
2026-10-01 19:35:57,152 | [DHR] trending (ADX 62.5) -> trend-following strategy | Signal: HOLD | Shares held: 0.0 | Last price: $212.58
2026-10-01 19:35:57,152 | [DHR] ACTION: No trade.
2026-10-01 19:35:57,172 | [DIS] trending (ADX 63.0) -> trend-following strategy | Signal: HOLD | Shares held: 0.0 | Last price: $101.76
2026-10-01 19:35:57,172 | [DIS] ACTION: No trade.
2026-10-01 19:35:57,192 | [DLR] choppy/sideways (ADX 24.1) -> mean-reversion strategy | Signal: HOLD | Shares held: 0.0 | Last price: $176.07
2026-10-01 19:35:57,192 | [DLR] ACTION: No trade.
2026-10-01 19:35:57,212 | [DLTR] trending (ADX 28.0) -> trend-following strategy | Signal: HOLD | Shares held: 0.0 | Last price: $114.42
2026-10-01 19:35:57,212 | [DLTR] ACTION: No trade.
2026-10-01 19:35:57,231 | [DOC] trending (ADX 42.2) -> trend-following strategy | Signal: HOLD | Shares held: 0.0 | Last price: $19.43
2026-10-01 19:35:57,232 | [DOC] ACTION: No trade.
2026-10-01 19:35:57,251 | [DOV] choppy/sideways (ADX 20.1) -> mean-reversion strategy | Signal: HOLD | Shares held: 0.0 | Last price: $188.25
2026-10-01 19:35:57,251 | [DOV] ACTION: No trade.
2026-10-01 19:35:57,271 | [DOW] choppy/sideways (ADX 20.3) -> mean-reversion strategy | Signal: HOLD | Shares held: 0.0 | Last price: $27.55
2026-10-01 19:35:57,271 | [DOW] ACTION: No trade.
2026-10-01 19:35:57,291 | [DPZ] choppy/sideways (ADX 16.8) -> mean-reversion strategy | Signal: HOLD | Shares held: 0.0 | Last price: $295.90
2026-10-01 19:35:57,291 | [DPZ] ACTION: No trade.
2026-10-01 19:35:57,310 | [DRI] choppy/sideways (ADX 17.5) -> mean-reversion strategy | Signal: HOLD | Shares held: 0.0 | Last price: $195.63
2026-10-01 19:35:57,311 | [DRI] ACTION: No trade.
2026-10-01 19:35:57,330 | [DTE] choppy/sideways (ADX 19.6) -> mean-reversion strategy | Signal: HOLD | Shares held: 0.0 | Last price: $123.06
2026-10-01 19:35:57,330 | [DTE] ACTION: No trade.
2026-10-01 19:35:57,350 | [DUK] choppy/sideways (ADX 11.1) -> mean-reversion strategy | Signal: HOLD | Shares held: 0.0 | Last price: $113.66
2026-10-01 19:35:57,350 | [DUK] ACTION: No trade.
2026-10-01 19:35:57,370 | [DVA] choppy/sideways (ADX 21.2) -> mean-reversion strategy | Signal: HOLD | Shares held: 0.0 | Last price: $177.07
2026-10-01 19:35:57,370 | [DVA] ACTION: No trade.
2026-10-01 19:35:57,390 | [DVN] choppy/sideways (ADX 14.8) -> mean-reversion strategy | Signal: HOLD | Shares held: 0.0 | Last price: $47.09
2026-10-01 19:35:57,390 | [DVN] ACTION: No trade.
2026-10-01 19:35:57,409 | [DXCM] choppy/sideways (ADX 9.0) -> mean-reversion strategy | Signal: HOLD | Shares held: 0.0 | Last price: $86.59
2026-10-01 19:35:57,409 | [DXCM] ACTION: No trade.
2026-10-01 19:35:57,429 | [EBAY] choppy/sideways (ADX 18.3) -> mean-reversion strategy | Signal: HOLD | Shares held: 0.0 | Last price: $106.05
2026-10-01 19:35:57,429 | [EBAY] ACTION: No trade.
2026-10-01 19:35:57,449 | [ECHO] choppy/sideways (ADX 15.7) -> mean-reversion strategy | Signal: HOLD | Shares held: 0.0 | Last price: $88.41
2026-10-01 19:35:57,449 | [ECHO] ACTION: No trade.
2026-10-01 19:35:57,469 | [ECL] trending (ADX 29.7) -> trend-following strategy | Signal: HOLD | Shares held: 0.0 | Last price: $271.22
2026-10-01 19:35:57,469 | [ECL] ACTION: No trade.
2026-10-01 19:35:57,489 | [ED] choppy/sideways (ADX 11.0) -> mean-reversion strategy | Signal: HOLD | Shares held: 0.0 | Last price: $103.31
2026-10-01 19:35:57,489 | [ED] ACTION: No trade.
2026-10-01 19:35:57,508 | [EFX] trending (ADX 29.1) -> trend-following strategy | Signal: HOLD | Shares held: 0.0 | Last price: $140.17
2026-10-01 19:35:57,508 | [EFX] ACTION: No trade.
2026-10-01 19:35:57,528 | [EG] choppy/sideways (ADX 13.8) -> mean-reversion strategy | Signal: HOLD | Shares held: 0.0 | Last price: $369.01
2026-10-01 19:35:57,528 | [EG] ACTION: No trade.
2026-10-01 19:35:57,548 | [EIX] choppy/sideways (ADX 22.3) -> mean-reversion strategy | Signal: HOLD | Shares held: 0.0 | Last price: $53.80
2026-10-01 19:35:57,548 | [EIX] ACTION: No trade.
2026-10-01 19:35:57,568 | [EL] trending (ADX 38.5) -> trend-following strategy | Signal: HOLD | Shares held: 0.0 | Last price: $90.38
2026-10-01 19:35:57,568 | [EL] ACTION: No trade.
2026-10-01 19:35:57,587 | [ELV] trending (ADX 39.0) -> trend-following strategy | Signal: HOLD | Shares held: 0.0 | Last price: $381.07
2026-10-01 19:35:57,587 | [ELV] ACTION: No trade.
2026-10-01 19:35:57,607 | [EME] choppy/sideways (ADX 10.7) -> mean-reversion strategy | Signal: HOLD | Shares held: 0.0 | Last price: $763.20
2026-10-01 19:35:57,607 | [EME] ACTION: No trade.
2026-10-01 19:35:57,626 | [EMR] choppy/sideways (ADX 13.8) -> mean-reversion strategy | Signal: HOLD | Shares held: 0.0 | Last price: $158.73
2026-10-01 19:35:57,627 | [EMR] ACTION: No trade.
2026-10-01 19:35:57,646 | [EOG] trending (ADX 27.7) -> trend-following strategy | Signal: HOLD | Shares held: 0.0 | Last price: $141.57
2026-10-01 19:35:57,646 | [EOG] ACTION: No trade.
2026-10-01 19:35:57,666 | [EQIX] choppy/sideways (ADX 20.3) -> mean-reversion strategy | Signal: HOLD | Shares held: 0.0 | Last price: $1013.64
2026-10-01 19:35:57,666 | [EQIX] ACTION: No trade.
2026-10-01 19:35:57,686 | [EQT] choppy/sideways (ADX 24.7) -> mean-reversion strategy | Signal: HOLD | Shares held: 0.0 | Last price: $49.94
2026-10-01 19:35:57,686 | [EQT] ACTION: No trade.
2026-10-01 19:35:57,706 | [ES] choppy/sideways (ADX 19.8) -> mean-reversion strategy | Signal: HOLD | Shares held: 0.0 | Last price: $64.17
2026-10-01 19:35:57,706 | [ES] ACTION: No trade.
2026-10-01 19:35:57,725 | [ESS] choppy/sideways (ADX 18.0) -> mean-reversion strategy | Signal: HOLD | Shares held: 0.0 | Last price: $269.19
2026-10-01 19:35:57,726 | [ESS] ACTION: No trade.
2026-10-01 19:35:57,745 | [ETN] choppy/sideways (ADX 24.6) -> mean-reversion strategy | Signal: HOLD | Shares held: 0.0 | Last price: $437.52
2026-10-01 19:35:57,745 | [ETN] ACTION: No trade.
2026-10-01 19:35:57,765 | [ETR] choppy/sideways (ADX 22.2) -> mean-reversion strategy | Signal: HOLD | Shares held: 0.0 | Last price: $100.34
2026-10-01 19:35:57,765 | [ETR] ACTION: No trade.
2026-10-01 19:35:57,784 | [EVRG] choppy/sideways (ADX 15.0) -> mean-reversion strategy | Signal: HOLD | Shares held: 0.0 | Last price: $78.65
2026-10-01 19:35:57,784 | [EVRG] ACTION: No trade.
2026-10-01 19:35:57,804 | [EW] trending (ADX 35.6) -> trend-following strategy | Signal: HOLD | Shares held: 0.0 | Last price: $85.38
2026-10-01 19:35:57,804 | [EW] ACTION: No trade.
2026-10-01 19:35:57,824 | [EXC] choppy/sideways (ADX 14.9) -> mean-reversion strategy | Signal: HOLD | Shares held: 0.0 | Last price: $40.40
2026-10-01 19:35:57,824 | [EXC] ACTION: No trade.
2026-10-01 19:35:57,844 | [EXE] choppy/sideways (ADX 24.3) -> mean-reversion strategy | Signal: HOLD | Shares held: 0.0 | Last price: $85.86
2026-10-01 19:35:57,844 | [EXE] ACTION: No trade.
2026-10-01 19:35:57,863 | [EXPD] choppy/sideways (ADX 13.5) -> mean-reversion strategy | Signal: HOLD | Shares held: 0.0 | Last price: $188.29
2026-10-01 19:35:57,863 | [EXPD] ACTION: No trade.
2026-10-01 19:35:57,883 | [EXPE] choppy/sideways (ADX 17.7) -> mean-reversion strategy | Signal: HOLD | Shares held: 0.0 | Last price: $263.07
2026-10-01 19:35:57,883 | [EXPE] ACTION: No trade.
2026-10-01 19:35:57,903 | [EXR] choppy/sideways (ADX 15.9) -> mean-reversion strategy | Signal: HOLD | Shares held: 0.0 | Last price: $132.84
2026-10-01 19:35:57,903 | [EXR] ACTION: No trade.
2026-10-01 19:35:57,922 | [F] trending (ADX 29.2) -> trend-following strategy | Signal: HOLD | Shares held: 0.0 | Last price: $12.23
2026-10-01 19:35:57,923 | [F] ACTION: No trade.
2026-10-01 19:35:57,942 | [FANG] choppy/sideways (ADX 17.4) -> mean-reversion strategy | Signal: HOLD | Shares held: 0.0 | Last price: $185.21
2026-10-01 19:35:57,943 | [FANG] ACTION: No trade.
2026-10-01 19:35:57,962 | [FAST] choppy/sideways (ADX 16.8) -> mean-reversion strategy | Signal: HOLD | Shares held: 0.0 | Last price: $49.94
2026-10-01 19:35:57,962 | [FAST] ACTION: No trade.
2026-10-01 19:35:57,982 | [FCX] choppy/sideways (ADX 19.5) -> mean-reversion strategy | Signal: HOLD | Shares held: 0.0 | Last price: $69.15
2026-10-01 19:35:57,982 | [FCX] ACTION: No trade.
2026-10-01 19:35:58,002 | [FDS] trending (ADX 29.8) -> trend-following strategy | Signal: HOLD | Shares held: 0.0 | Last price: $280.52
2026-10-01 19:35:58,002 | [FDS] ACTION: No trade.
2026-10-01 19:35:58,022 | [FDX] choppy/sideways (ADX 19.2) -> mean-reversion strategy | Signal: HOLD | Shares held: 0.0 | Last price: $286.57
2026-10-01 19:35:58,022 | [FDX] ACTION: No trade.
2026-10-01 19:35:58,041 | [FDXF] choppy/sideways (ADX 18.4) -> mean-reversion strategy | Signal: HOLD | Shares held: 0.0 | Last price: $111.17
2026-10-01 19:35:58,041 | [FDXF] ACTION: No trade.
2026-10-01 19:35:58,061 | [FE] choppy/sideways (ADX 13.4) -> mean-reversion strategy | Signal: HOLD | Shares held: 0.0 | Last price: $43.33
2026-10-01 19:35:58,061 | [FE] ACTION: No trade.
2026-10-01 19:35:58,081 | [FERG] choppy/sideways (ADX 22.3) -> mean-reversion strategy | Signal: HOLD | Shares held: 0.0 | Last price: $222.79
2026-10-01 19:35:58,081 | [FERG] ACTION: No trade.
2026-10-01 19:35:58,100 | [FFIV] choppy/sideways (ADX 16.7) -> mean-reversion strategy | Signal: HOLD | Shares held: 0.0 | Last price: $446.58
2026-10-01 19:35:58,100 | [FFIV] ACTION: No trade.
2026-10-01 19:35:58,120 | [FICO] trending (ADX 49.2) -> trend-following strategy | Signal: HOLD | Shares held: 0.0 | Last price: $668.36
2026-10-01 19:35:58,120 | [FICO] ACTION: No trade.
2026-10-01 19:35:58,140 | [FIS] trending (ADX 27.5) -> trend-following strategy | Signal: HOLD | Shares held: 0.0 | Last price: $33.22
2026-10-01 19:35:58,140 | [FIS] ACTION: No trade.
2026-10-01 19:35:58,160 | [FISV] choppy/sideways (ADX 15.5) -> mean-reversion strategy | Signal: HOLD | Shares held: 0.0 | Last price: $45.56
2026-10-01 19:35:58,160 | [FISV] ACTION: No trade.
2026-10-01 19:35:58,180 | [FITB] trending (ADX 26.0) -> trend-following strategy | Signal: HOLD | Shares held: 0.0 | Last price: $50.23
2026-10-01 19:35:58,180 | [FITB] ACTION: No trade.
2026-10-01 19:35:58,200 | [FIX] choppy/sideways (ADX 13.5) -> mean-reversion strategy | Signal: HOLD | Shares held: 0.0 | Last price: $1675.43
2026-10-01 19:35:58,200 | [FIX] ACTION: No trade.
2026-10-01 19:35:58,219 | [FLEX] choppy/sideways (ADX 21.0) -> mean-reversion strategy | Signal: HOLD | Shares held: 0.0 | Last price: $112.50
2026-10-01 19:35:58,220 | [FLEX] ACTION: No trade.
2026-10-01 19:35:58,239 | [FOXA] trending (ADX 43.6) -> trend-following strategy | Signal: HOLD | Shares held: 0.0 | Last price: $61.06
2026-10-01 19:35:58,239 | [FOXA] ACTION: No trade.
2026-10-01 19:35:58,259 | [FRT] choppy/sideways (ADX 19.2) -> mean-reversion strategy | Signal: HOLD | Shares held: 0.0 | Last price: $107.84
2026-10-01 19:35:58,259 | [FRT] ACTION: No trade.
2026-10-01 19:35:58,278 | [FSLR] choppy/sideways (ADX 18.0) -> mean-reversion strategy | Signal: HOLD | Shares held: 0.0 | Last price: $172.01
2026-10-01 19:35:58,278 | [FSLR] ACTION: No trade.
2026-10-01 19:35:58,298 | [FTNT] trending (ADX 31.1) -> trend-following strategy | Signal: BUY | Shares held: 0.0 | Last price: $179.21
2026-10-01 19:35:58,298 | [FTNT] ACTION: No trade (within 90 min of close -- not enough runway left today for a new position).
2026-10-01 19:35:58,318 | [FTV] choppy/sideways (ADX 19.4) -> mean-reversion strategy | Signal: HOLD | Shares held: 0.0 | Last price: $55.49
2026-10-01 19:35:58,318 | [FTV] ACTION: No trade.
2026-10-01 19:35:58,338 | [GD] choppy/sideways (ADX 18.2) -> mean-reversion strategy | Signal: HOLD | Shares held: 0.0 | Last price: $333.38
2026-10-01 19:35:58,338 | [GD] ACTION: No trade.
2026-10-01 19:35:58,357 | [GDDY] trending (ADX 29.6) -> trend-following strategy | Signal: HOLD | Shares held: 0.0 | Last price: $97.24
2026-10-01 19:35:58,357 | [GDDY] ACTION: No trade.
2026-10-01 19:35:58,377 | [GE] choppy/sideways (ADX 21.5) -> mean-reversion strategy | Signal: HOLD | Shares held: 0.0 | Last price: $312.51
2026-10-01 19:35:58,377 | [GE] ACTION: No trade.
2026-10-01 19:35:58,397 | [GEHC] trending (ADX 39.6) -> trend-following strategy | Signal: HOLD | Shares held: 0.0 | Last price: $64.23
2026-10-01 19:35:58,397 | [GEHC] ACTION: No trade.
2026-10-01 19:35:58,417 | [GEN] choppy/sideways (ADX 18.6) -> mean-reversion strategy | Signal: HOLD | Shares held: 0.0 | Last price: $22.34
2026-10-01 19:35:58,417 | [GEN] ACTION: No trade.
2026-10-01 19:35:58,436 | [GEV] trending (ADX 34.6) -> trend-following strategy | Signal: HOLD | Shares held: 0.0 | Last price: $981.78
2026-10-01 19:35:58,436 | [GEV] ACTION: No trade.
2026-10-01 19:35:58,456 | [GILD] trending (ADX 26.7) -> trend-following strategy | Signal: HOLD | Shares held: 0.0 | Last price: $147.32
2026-10-01 19:35:58,456 | [GILD] ACTION: No trade.
2026-10-01 19:35:58,476 | [GIS] trending (ADX 43.4) -> trend-following strategy | Signal: HOLD | Shares held: 0.0 | Last price: $31.60
2026-10-01 19:35:58,476 | [GIS] ACTION: No trade.
2026-10-01 19:35:58,496 | [GLW] trending (ADX 27.4) -> trend-following strategy | Signal: HOLD | Shares held: 0.0 | Last price: $160.59
2026-10-01 19:35:58,496 | [GLW] ACTION: No trade.
2026-10-01 19:35:58,516 | [GM] trending (ADX 35.2) -> trend-following strategy | Signal: HOLD | Shares held: 0.0 | Last price: $79.05
2026-10-01 19:35:58,516 | [GM] ACTION: No trade.
2026-10-01 19:35:58,535 | [GNRC] choppy/sideways (ADX 14.7) -> mean-reversion strategy | Signal: HOLD | Shares held: 0.0 | Last price: $206.68
2026-10-01 19:35:58,535 | [GNRC] ACTION: No trade.
2026-10-01 19:35:58,555 | [GOOG] trending (ADX 32.3) -> trend-following strategy | Signal: HOLD | Shares held: 0.0 | Last price: $336.03
2026-10-01 19:35:58,555 | [GOOG] ACTION: No trade.
2026-10-01 19:35:58,575 | [GOOGL] trending (ADX 32.3) -> trend-following strategy | Signal: HOLD | Shares held: 0.0 | Last price: $339.14
2026-10-01 19:35:58,575 | [GOOGL] ACTION: No trade.
2026-10-01 19:35:58,595 | [GPC] trending (ADX 31.2) -> trend-following strategy | Signal: HOLD | Shares held: 0.0 | Last price: $125.18
2026-10-01 19:35:58,595 | [GPC] ACTION: No trade.
2026-10-01 19:35:58,614 | [GPN] choppy/sideways (ADX 18.1) -> mean-reversion strategy | Signal: HOLD | Shares held: 0.0 | Last price: $80.51
2026-10-01 19:35:58,614 | [GPN] ACTION: No trade.
2026-10-01 19:35:58,634 | [GRMN] choppy/sideways (ADX 15.5) -> mean-reversion strategy | Signal: HOLD | Shares held: 0.0 | Last price: $286.57
2026-10-01 19:35:58,634 | [GRMN] ACTION: No trade.
2026-10-01 19:35:58,654 | [GS] trending (ADX 27.0) -> trend-following strategy | Signal: HOLD | Shares held: 0.0 | Last price: $894.56
2026-10-01 19:35:58,654 | [GS] ACTION: No trade.
2026-10-01 19:35:58,674 | [GWW] trending (ADX 28.5) -> trend-following strategy | Signal: HOLD | Shares held: 0.0 | Last price: $1275.02
2026-10-01 19:35:58,674 | [GWW] ACTION: No trade.
2026-10-01 19:35:58,694 | [HAL] choppy/sideways (ADX 21.8) -> mean-reversion strategy | Signal: HOLD | Shares held: 0.0 | Last price: $31.84
2026-10-01 19:35:58,694 | [HAL] ACTION: No trade.
2026-10-01 19:35:58,713 | [HAS] trending (ADX 36.4) -> trend-following strategy | Signal: HOLD | Shares held: 0.0 | Last price: $90.17
2026-10-01 19:35:58,713 | [HAS] ACTION: No trade.
2026-10-01 19:35:58,733 | [HBAN] choppy/sideways (ADX 16.1) -> mean-reversion strategy | Signal: HOLD | Shares held: 0.0 | Last price: $15.15
2026-10-01 19:35:58,733 | [HBAN] ACTION: No trade.
2026-10-01 19:35:58,753 | [HCA] choppy/sideways (ADX 18.5) -> mean-reversion strategy | Signal: HOLD | Shares held: 0.0 | Last price: $425.58
2026-10-01 19:35:58,753 | [HCA] ACTION: No trade.
2026-10-01 19:35:58,773 | [HD] choppy/sideways (ADX 18.0) -> mean-reversion strategy | Signal: HOLD | Shares held: 0.0 | Last price: $281.94
2026-10-01 19:35:58,773 | [HD] ACTION: No trade.
2026-10-01 19:35:58,792 | [HIG] trending (ADX 30.7) -> trend-following strategy | Signal: HOLD | Shares held: 0.0 | Last price: $125.01
2026-10-01 19:35:58,792 | [HIG] ACTION: No trade.
2026-10-01 19:35:58,812 | [HII] trending (ADX 40.4) -> trend-following strategy | Signal: HOLD | Shares held: 0.0 | Last price: $271.79
2026-10-01 19:35:58,812 | [HII] ACTION: No trade.
2026-10-01 19:35:58,832 | [HLT] choppy/sideways (ADX 20.9) -> mean-reversion strategy | Signal: HOLD | Shares held: 0.0 | Last price: $315.92
2026-10-01 19:35:58,832 | [HLT] ACTION: No trade.
2026-10-01 19:35:58,851 | [HON] choppy/sideways (ADX 22.0) -> mean-reversion strategy | Signal: HOLD | Shares held: 0.0 | Last price: $214.44
2026-10-01 19:35:58,852 | [HON] ACTION: No trade.
2026-10-01 19:35:58,871 | [HONA] choppy/sideways (ADX 13.5) -> mean-reversion strategy | Signal: HOLD | Shares held: 0.0 | Last price: $154.55
2026-10-01 19:35:58,871 | [HONA] ACTION: No trade.
2026-10-01 19:35:58,891 | [HOOD] choppy/sideways (ADX 12.4) -> mean-reversion strategy | Signal: HOLD | Shares held: 0.0 | Last price: $111.81
2026-10-01 19:35:58,891 | [HOOD] ACTION: No trade.
2026-10-01 19:35:58,911 | [HPE] choppy/sideways (ADX 23.5) -> mean-reversion strategy | Signal: HOLD | Shares held: 0.0 | Last price: $64.84
2026-10-01 19:35:58,911 | [HPE] ACTION: No trade.
2026-10-01 19:35:58,930 | [HPQ] trending (ADX 31.8) -> trend-following strategy | Signal: HOLD | Shares held: 0.0 | Last price: $32.20
2026-10-01 19:35:58,931 | [HPQ] ACTION: No trade.
2026-10-01 19:35:58,950 | [HST] choppy/sideways (ADX 23.7) -> mean-reversion strategy | Signal: HOLD | Shares held: 0.0 | Last price: $22.50
2026-10-01 19:35:58,950 | [HST] ACTION: No trade.
2026-10-01 19:35:58,970 | [HSY] choppy/sideways (ADX 10.9) -> mean-reversion strategy | Signal: HOLD | Shares held: 0.0 | Last price: $159.67
2026-10-01 19:35:58,970 | [HSY] ACTION: No trade.
2026-10-01 19:35:58,990 | [HUBB] trending (ADX 28.0) -> trend-following strategy | Signal: HOLD | Shares held: 0.0 | Last price: $465.53
2026-10-01 19:35:58,990 | [HUBB] ACTION: No trade.
2026-10-01 19:35:59,009 | [HUM] choppy/sideways (ADX 21.6) -> mean-reversion strategy | Signal: HOLD | Shares held: 0.0 | Last price: $378.30
2026-10-01 19:35:59,009 | [HUM] ACTION: No trade.
2026-10-01 19:35:59,029 | [HWM] choppy/sideways (ADX 11.5) -> mean-reversion strategy | Signal: HOLD | Shares held: 0.0 | Last price: $228.76
2026-10-01 19:35:59,029 | [HWM] ACTION: No trade.
2026-10-01 19:35:59,049 | [IBKR] trending (ADX 25.5) -> trend-following strategy | Signal: HOLD | Shares held: 0.0 | Last price: $86.28
2026-10-01 19:35:59,049 | [IBKR] ACTION: No trade.
2026-10-01 19:35:59,069 | [IBM] trending (ADX 31.6) -> trend-following strategy | Signal: HOLD | Shares held: 0.0 | Last price: $227.74
2026-10-01 19:35:59,069 | [IBM] ACTION: No trade.
2026-10-01 19:35:59,088 | [ICE] choppy/sideways (ADX 13.1) -> mean-reversion strategy | Signal: HOLD | Shares held: 0.0 | Last price: $151.12
2026-10-01 19:35:59,089 | [ICE] ACTION: No trade.
2026-10-01 19:35:59,108 | [IDXX] trending (ADX 29.3) -> trend-following strategy | Signal: HOLD | Shares held: 0.0 | Last price: $521.14
2026-10-01 19:35:59,108 | [IDXX] ACTION: No trade.
2026-10-01 19:35:59,129 | [IEX] choppy/sideways (ADX 14.8) -> mean-reversion strategy | Signal: HOLD | Shares held: 0.0 | Last price: $231.25
2026-10-01 19:35:59,129 | [IEX] ACTION: No trade.
2026-10-01 19:35:59,150 | [IFF] trending (ADX 26.1) -> trend-following strategy | Signal: HOLD | Shares held: 0.0 | Last price: $83.00
2026-10-01 19:35:59,150 | [IFF] ACTION: No trade.
2026-10-01 19:35:59,170 | [ILMN] choppy/sideways (ADX 20.5) -> mean-reversion strategy | Signal: HOLD | Shares held: 0.0 | Last price: $270.92
2026-10-01 19:35:59,170 | [ILMN] ACTION: No trade.
2026-10-01 19:35:59,190 | [INCY] trending (ADX 53.5) -> trend-following strategy | Signal: HOLD | Shares held: 0.0 | Last price: $117.58
2026-10-01 19:35:59,190 | [INCY] ACTION: No trade.
2026-10-01 19:35:59,210 | [INTC] choppy/sideways (ADX 14.5) -> mean-reversion strategy | Signal: HOLD | Shares held: 0.0 | Last price: $120.50
2026-10-01 19:35:59,210 | [INTC] ACTION: No trade.
2026-10-01 19:35:59,230 | [INTU] trending (ADX 35.5) -> trend-following strategy | Signal: HOLD | Shares held: 0.0 | Last price: $282.21
2026-10-01 19:35:59,230 | [INTU] ACTION: No trade.
2026-10-01 19:35:59,250 | [INVH] choppy/sideways (ADX 13.0) -> mean-reversion strategy | Signal: HOLD | Shares held: 0.0 | Last price: $26.43
2026-10-01 19:35:59,250 | [INVH] ACTION: No trade.
2026-10-01 19:35:59,269 | [IP] choppy/sideways (ADX 16.6) -> mean-reversion strategy | Signal: HOLD | Shares held: 0.0 | Last price: $32.62
2026-10-01 19:35:59,269 | [IP] ACTION: No trade.
2026-10-01 19:35:59,289 | [IQV] trending (ADX 47.7) -> trend-following strategy | Signal: HOLD | Shares held: 0.0 | Last price: $261.70
2026-10-01 19:35:59,289 | [IQV] ACTION: No trade.
2026-10-01 19:35:59,309 | [IR] choppy/sideways (ADX 19.5) -> mean-reversion strategy | Signal: HOLD | Shares held: 0.0 | Last price: $75.48
2026-10-01 19:35:59,309 | [IR] ACTION: No trade.
2026-10-01 19:35:59,329 | [IRM] choppy/sideways (ADX 24.1) -> mean-reversion strategy | Signal: HOLD | Shares held: 0.0 | Last price: $111.15
2026-10-01 19:35:59,329 | [IRM] ACTION: No trade.
2026-10-01 19:35:59,349 | [ISRG] trending (ADX 39.1) -> trend-following strategy | Signal: HOLD | Shares held: 0.0 | Last price: $401.90
2026-10-01 19:35:59,349 | [ISRG] ACTION: No trade.
2026-10-01 19:35:59,369 | [IT] trending (ADX 33.8) -> trend-following strategy | Signal: HOLD | Shares held: 0.0 | Last price: $195.66
2026-10-01 19:35:59,369 | [IT] ACTION: No trade.
2026-10-01 19:35:59,389 | [ITW] trending (ADX 26.3) -> trend-following strategy | Signal: HOLD | Shares held: 0.0 | Last price: $260.86
2026-10-01 19:35:59,389 | [ITW] ACTION: No trade.
2026-10-01 19:35:59,408 | [IVZ] choppy/sideways (ADX 20.1) -> mean-reversion strategy | Signal: HOLD | Shares held: 0.0 | Last price: $30.19
2026-10-01 19:35:59,409 | [IVZ] ACTION: No trade.
2026-10-01 19:35:59,428 | [J] choppy/sideways (ADX 24.8) -> mean-reversion strategy | Signal: HOLD | Shares held: 0.0 | Last price: $139.90
2026-10-01 19:35:59,428 | [J] ACTION: No trade.
2026-10-01 19:35:59,448 | [JBHT] choppy/sideways (ADX 18.3) -> mean-reversion strategy | Signal: HOLD | Shares held: 0.0 | Last price: $227.22
2026-10-01 19:35:59,448 | [JBHT] ACTION: No trade.
2026-10-01 19:35:59,468 | [JBL] trending (ADX 27.1) -> trend-following strategy | Signal: HOLD | Shares held: 0.0 | Last price: $298.47
2026-10-01 19:35:59,468 | [JBL] ACTION: No trade.
2026-10-01 19:35:59,488 | [JCI] choppy/sideways (ADX 12.4) -> mean-reversion strategy | Signal: HOLD | Shares held: 0.0 | Last price: $151.25
2026-10-01 19:35:59,488 | [JCI] ACTION: No trade.
2026-10-01 19:35:59,507 | [JKHY] choppy/sideways (ADX 10.6) -> mean-reversion strategy | Signal: HOLD | Shares held: 0.0 | Last price: $144.14
2026-10-01 19:35:59,507 | [JKHY] ACTION: No trade.
2026-10-01 19:35:59,527 | [JNJ] trending (ADX 53.0) -> trend-following strategy | Signal: HOLD | Shares held: 0.0 | Last price: $259.24
2026-10-01 19:35:59,527 | [JNJ] ACTION: No trade.
2026-10-01 19:35:59,547 | [JPM] trending (ADX 25.5) -> trend-following strategy | Signal: HOLD | Shares held: 0.0 | Last price: $332.66
2026-10-01 19:35:59,547 | [JPM] ACTION: No trade.
2026-10-01 19:35:59,567 | [KDP] choppy/sideways (ADX 14.7) -> mean-reversion strategy | Signal: HOLD | Shares held: 0.0 | Last price: $30.55
2026-10-01 19:35:59,567 | [KDP] ACTION: No trade.
2026-10-01 19:35:59,587 | [KEY] choppy/sideways (ADX 18.6) -> mean-reversion strategy | Signal: HOLD | Shares held: 0.0 | Last price: $19.93
2026-10-01 19:35:59,587 | [KEY] ACTION: No trade.
2026-10-01 19:35:59,606 | [KEYS] trending (ADX 39.8) -> trend-following strategy | Signal: HOLD | Shares held: 0.0 | Last price: $373.76
2026-10-01 19:35:59,606 | [KEYS] ACTION: No trade.
2026-10-01 19:35:59,662 | [KHC] trending (ADX 36.8) -> trend-following strategy | Signal: HOLD | Shares held: 0.0 | Last price: $22.26
2026-10-01 19:35:59,662 | [KHC] ACTION: No trade.
2026-10-01 19:35:59,681 | [KIM] choppy/sideways (ADX 11.7) -> mean-reversion strategy | Signal: HOLD | Shares held: 0.0 | Last price: $22.21
2026-10-01 19:35:59,682 | [KIM] ACTION: No trade.
2026-10-01 19:35:59,701 | [KKR] choppy/sideways (ADX 18.2) -> mean-reversion strategy | Signal: HOLD | Shares held: 0.0 | Last price: $90.90
2026-10-01 19:35:59,701 | [KKR] ACTION: No trade.
2026-10-01 19:35:59,721 | [KLAC] choppy/sideways (ADX 21.5) -> mean-reversion strategy | Signal: HOLD | Shares held: 0.0 | Last price: $200.00
2026-10-01 19:35:59,721 | [KLAC] ACTION: No trade.
2026-10-01 19:35:59,741 | [KMB] trending (ADX 39.9) -> trend-following strategy | Signal: HOLD | Shares held: 0.0 | Last price: $94.64
2026-10-01 19:35:59,741 | [KMB] ACTION: No trade.
2026-10-01 19:35:59,761 | [KMI] choppy/sideways (ADX 16.8) -> mean-reversion strategy | Signal: HOLD | Shares held: 0.0 | Last price: $30.59
2026-10-01 19:35:59,761 | [KMI] ACTION: No trade.
2026-10-01 19:35:59,780 | [KO] trending (ADX 25.1) -> trend-following strategy | Signal: HOLD | Shares held: 0.0 | Last price: $85.98
2026-10-01 19:35:59,780 | [KO] ACTION: No trade.
2026-10-01 19:35:59,800 | [KR] choppy/sideways (ADX 17.5) -> mean-reversion strategy | Signal: HOLD | Shares held: 0.0 | Last price: $59.59
2026-10-01 19:35:59,800 | [KR] ACTION: No trade.
2026-10-01 19:35:59,820 | [KVUE] trending (ADX 39.0) -> trend-following strategy | Signal: HOLD | Shares held: 0.0 | Last price: $17.27
2026-10-01 19:35:59,820 | [KVUE] ACTION: No trade.
2026-10-01 19:35:59,840 | [L] trending (ADX 25.8) -> trend-following strategy | Signal: HOLD | Shares held: 0.0 | Last price: $105.28
2026-10-01 19:35:59,840 | [L] ACTION: No trade.
2026-10-01 19:35:59,859 | [LDOS] choppy/sideways (ADX 19.3) -> mean-reversion strategy | Signal: HOLD | Shares held: 0.0 | Last price: $122.48
2026-10-01 19:35:59,859 | [LDOS] ACTION: No trade.
2026-10-01 19:35:59,879 | [LEN] trending (ADX 27.0) -> trend-following strategy | Signal: HOLD | Shares held: 0.0 | Last price: $82.05
2026-10-01 19:35:59,879 | [LEN] ACTION: No trade.
2026-10-01 19:35:59,899 | [LH] trending (ADX 39.4) -> trend-following strategy | Signal: HOLD | Shares held: 0.0 | Last price: $305.48
2026-10-01 19:35:59,899 | [LH] ACTION: No trade.
2026-10-01 19:35:59,919 | [LHX] choppy/sideways (ADX 11.7) -> mean-reversion strategy | Signal: HOLD | Shares held: 0.0 | Last price: $238.12
2026-10-01 19:35:59,919 | [LHX] ACTION: No trade.
2026-10-01 19:35:59,939 | [LII] choppy/sideways (ADX 23.5) -> mean-reversion strategy | Signal: HOLD | Shares held: 0.0 | Last price: $361.30
2026-10-01 19:35:59,939 | [LII] ACTION: No trade.
2026-10-01 19:35:59,958 | [LIN] trending (ADX 25.1) -> trend-following strategy | Signal: HOLD | Shares held: 0.0 | Last price: $469.92
2026-10-01 19:35:59,958 | [LIN] ACTION: No trade.
2026-10-01 19:35:59,978 | [LITE] trending (ADX 40.5) -> trend-following strategy | Signal: HOLD | Shares held: 0.0 | Last price: $1046.17
2026-10-01 19:35:59,978 | [LITE] ACTION: No trade.
2026-10-01 19:35:59,998 | [LLY] choppy/sideways (ADX 24.8) -> mean-reversion strategy | Signal: HOLD | Shares held: 0.0 | Last price: $1154.19
2026-10-01 19:35:59,998 | [LLY] ACTION: No trade.
2026-10-01 19:36:00,017 | [LMT] choppy/sideways (ADX 13.9) -> mean-reversion strategy | Signal: HOLD | Shares held: 0.0 | Last price: $504.84
2026-10-01 19:36:00,017 | [LMT] ACTION: No trade.
2026-10-01 19:36:00,037 | [LNT] choppy/sideways (ADX 12.6) -> mean-reversion strategy | Signal: HOLD | Shares held: 0.0 | Last price: $63.63
2026-10-01 19:36:00,037 | [LNT] ACTION: No trade.
2026-10-01 19:36:00,057 | [LOW] choppy/sideways (ADX 19.8) -> mean-reversion strategy | Signal: HOLD | Shares held: 0.0 | Last price: $182.21
2026-10-01 19:36:00,057 | [LOW] ACTION: No trade.
2026-10-01 19:36:00,077 | [LRCX] trending (ADX 39.9) -> trend-following strategy | Signal: HOLD | Shares held: 0.0 | Last price: $338.31
2026-10-01 19:36:00,077 | [LRCX] ACTION: No trade.
2026-10-01 19:36:00,096 | [LULU] choppy/sideways (ADX 18.0) -> mean-reversion strategy | Signal: HOLD | Shares held: 0.0 | Last price: $96.92
2026-10-01 19:36:00,096 | [LULU] ACTION: No trade.
2026-10-01 19:36:00,116 | [LUV] choppy/sideways (ADX 11.0) -> mean-reversion strategy | Signal: HOLD | Shares held: 0.0 | Last price: $41.84
2026-10-01 19:36:00,116 | [LUV] ACTION: No trade.
2026-10-01 19:36:00,136 | [LVS] trending (ADX 38.0) -> trend-following strategy | Signal: HOLD | Shares held: 0.0 | Last price: $36.74
2026-10-01 19:36:00,136 | [LVS] ACTION: No trade.
2026-10-01 19:36:00,156 | [LYB] choppy/sideways (ADX 19.4) -> mean-reversion strategy | Signal: HOLD | Shares held: 0.0 | Last price: $57.93
2026-10-01 19:36:00,156 | [LYB] ACTION: No trade.
2026-10-01 19:36:00,175 | [LYV] trending (ADX 31.9) -> trend-following strategy | Signal: HOLD | Shares held: 0.0 | Last price: $166.47
2026-10-01 19:36:00,176 | [LYV] ACTION: No trade.
2026-10-01 19:36:00,195 | [MA] choppy/sideways (ADX 19.4) -> mean-reversion strategy | Signal: HOLD | Shares held: 0.0 | Last price: $551.84
2026-10-01 19:36:00,195 | [MA] ACTION: No trade.
2026-10-01 19:36:00,214 | [MAA] trending (ADX 27.1) -> trend-following strategy | Signal: HOLD | Shares held: 0.0 | Last price: $116.77
2026-10-01 19:36:00,215 | [MAA] ACTION: No trade.
2026-10-01 19:36:00,234 | [MAR] choppy/sideways (ADX 20.6) -> mean-reversion strategy | Signal: HOLD | Shares held: 0.0 | Last price: $354.83
2026-10-01 19:36:00,234 | [MAR] ACTION: No trade.
2026-10-01 19:36:00,254 | [MAS] trending (ADX 39.3) -> trend-following strategy | Signal: HOLD | Shares held: 0.0 | Last price: $68.25
2026-10-01 19:36:00,254 | [MAS] ACTION: No trade.
2026-10-01 19:36:00,273 | [MCD] choppy/sideways (ADX 19.6) -> mean-reversion strategy | Signal: HOLD | Shares held: 0.0 | Last price: $231.22
2026-10-01 19:36:00,274 | [MCD] ACTION: No trade.
2026-10-01 19:36:00,293 | [MCHP] choppy/sideways (ADX 20.7) -> mean-reversion strategy | Signal: HOLD | Shares held: 0.0 | Last price: $78.72
2026-10-01 19:36:00,293 | [MCHP] ACTION: No trade.
2026-10-01 19:36:00,313 | [MCK] trending (ADX 43.7) -> trend-following strategy | Signal: HOLD | Shares held: 0.0 | Last price: $899.13
2026-10-01 19:36:00,313 | [MCK] ACTION: No trade.
2026-10-01 19:36:00,333 | [MCO] choppy/sideways (ADX 13.1) -> mean-reversion strategy | Signal: HOLD | Shares held: 0.0 | Last price: $447.60
2026-10-01 19:36:00,333 | [MCO] ACTION: No trade.
2026-10-01 19:36:00,352 | [MDLZ] choppy/sideways (ADX 21.8) -> mean-reversion strategy | Signal: HOLD | Shares held: 0.0 | Last price: $57.73
2026-10-01 19:36:00,352 | [MDLZ] ACTION: No trade.
2026-10-01 19:36:00,372 | [MDT] trending (ADX 25.1) -> trend-following strategy | Signal: HOLD | Shares held: 0.0 | Last price: $86.53
2026-10-01 19:36:00,372 | [MDT] ACTION: No trade.
2026-10-01 19:36:00,392 | [MET] trending (ADX 27.6) -> trend-following strategy | Signal: HOLD | Shares held: 0.0 | Last price: $93.82
2026-10-01 19:36:00,392 | [MET] ACTION: No trade.
2026-10-01 19:36:00,412 | [META] choppy/sideways (ADX 11.7) -> mean-reversion strategy | Signal: HOLD | Shares held: 0.0 | Last price: $729.62
2026-10-01 19:36:00,412 | [META] ACTION: No trade.
2026-10-01 19:36:00,431 | [MGM] trending (ADX 29.9) -> trend-following strategy | Signal: HOLD | Shares held: 0.0 | Last price: $30.41
2026-10-01 19:36:00,431 | [MGM] ACTION: No trade.
2026-10-01 19:36:00,451 | [MKC] trending (ADX 27.0) -> trend-following strategy | Signal: HOLD | Shares held: 0.0 | Last price: $44.68
2026-10-01 19:36:00,451 | [MKC] ACTION: No trade.
2026-10-01 19:36:00,470 | [MLM] choppy/sideways (ADX 21.3) -> mean-reversion strategy | Signal: HOLD | Shares held: 0.0 | Last price: $481.37
2026-10-01 19:36:00,471 | [MLM] ACTION: No trade.
2026-10-01 19:36:00,490 | [MMM] trending (ADX 31.9) -> trend-following strategy | Signal: HOLD | Shares held: 0.0 | Last price: $162.78
2026-10-01 19:36:00,490 | [MMM] ACTION: No trade.
2026-10-01 19:36:00,510 | [MNST] choppy/sideways (ADX 11.8) -> mean-reversion strategy | Signal: HOLD | Shares held: 0.0 | Last price: $42.13
2026-10-01 19:36:00,510 | [MNST] ACTION: No trade.
2026-10-01 19:36:00,529 | [MO] choppy/sideways (ADX 22.3) -> mean-reversion strategy | Signal: HOLD | Shares held: 0.0 | Last price: $66.83
2026-10-01 19:36:00,530 | [MO] ACTION: No trade.
2026-10-01 19:36:00,549 | [MOS] trending (ADX 33.4) -> trend-following strategy | Signal: HOLD | Shares held: 0.0 | Last price: $21.41
2026-10-01 19:36:00,549 | [MOS] ACTION: No trade.
2026-10-01 19:36:00,569 | [MPC] trending (ADX 40.5) -> trend-following strategy | Signal: HOLD | Shares held: 0.0 | Last price: $418.06
2026-10-01 19:36:00,569 | [MPC] ACTION: No trade.
2026-10-01 19:36:00,589 | [MPWR] choppy/sideways (ADX 13.5) -> mean-reversion strategy | Signal: HOLD | Shares held: 0.0 | Last price: $1358.40
2026-10-01 19:36:00,589 | [MPWR] ACTION: No trade.
2026-10-01 19:36:00,608 | [MRK] trending (ADX 35.1) -> trend-following strategy | Signal: HOLD | Shares held: 0.0 | Last price: $143.50
2026-10-01 19:36:00,609 | [MRK] ACTION: No trade.
2026-10-01 19:36:00,628 | [MRNA] choppy/sideways (ADX 18.5) -> mean-reversion strategy | Signal: HOLD | Shares held: 0.0 | Last price: $191.94
2026-10-01 19:36:00,628 | [MRNA] ACTION: No trade.
2026-10-01 19:36:00,648 | [MRSH] choppy/sideways (ADX 11.7) -> mean-reversion strategy | Signal: HOLD | Shares held: 0.0 | Last price: $171.61
2026-10-01 19:36:00,648 | [MRSH] ACTION: No trade.
2026-10-01 19:36:00,668 | [MRVL] choppy/sideways (ADX 11.6) -> mean-reversion strategy | Signal: HOLD | Shares held: 0.0 | Last price: $266.79
2026-10-01 19:36:00,668 | [MRVL] ACTION: No trade.
2026-10-01 19:36:00,687 | [MS] trending (ADX 34.3) -> trend-following strategy | Signal: HOLD | Shares held: 0.0 | Last price: $187.15
2026-10-01 19:36:00,688 | [MS] ACTION: No trade.
2026-10-01 19:36:00,707 | [MSCI] trending (ADX 35.9) -> trend-following strategy | Signal: HOLD | Shares held: 0.0 | Last price: $549.17
2026-10-01 19:36:00,707 | [MSCI] ACTION: No trade.
2026-10-01 19:36:00,727 | [MSFT] choppy/sideways (ADX 10.4) -> mean-reversion strategy | Signal: HOLD | Shares held: 0.0 | Last price: $515.52
2026-10-01 19:36:00,727 | [MSFT] ACTION: No trade.
2026-10-01 19:36:00,747 | [MSI] choppy/sideways (ADX 16.6) -> mean-reversion strategy | Signal: HOLD | Shares held: 0.0 | Last price: $449.22
2026-10-01 19:36:00,747 | [MSI] ACTION: No trade.
2026-10-01 19:36:00,766 | [MTB] choppy/sideways (ADX 18.2) -> mean-reversion strategy | Signal: HOLD | Shares held: 0.0 | Last price: $216.24
2026-10-01 19:36:00,766 | [MTB] ACTION: No trade.
2026-10-01 19:36:00,786 | [MTD] trending (ADX 29.7) -> trend-following strategy | Signal: HOLD | Shares held: 0.0 | Last price: $1485.36
2026-10-01 19:36:00,786 | [MTD] ACTION: No trade.
2026-10-01 19:36:00,806 | [MU] trending (ADX 25.2) -> trend-following strategy | Signal: HOLD | Shares held: 0.0 | Last price: $1089.10
2026-10-01 19:36:00,806 | [MU] ACTION: No trade.
2026-10-01 19:36:00,826 | [NCLH] choppy/sideways (ADX 22.3) -> mean-reversion strategy | Signal: HOLD | Shares held: 0.0 | Last price: $14.61
2026-10-01 19:36:00,826 | [NCLH] ACTION: No trade.
2026-10-01 19:36:00,845 | [NDAQ] choppy/sideways (ADX 19.1) -> mean-reversion strategy | Signal: HOLD | Shares held: 0.0 | Last price: $91.50
2026-10-01 19:36:00,846 | [NDAQ] ACTION: No trade.
2026-10-01 19:36:00,865 | [NDSN] choppy/sideways (ADX 10.3) -> mean-reversion strategy | Signal: HOLD | Shares held: 0.0 | Last price: $328.79
2026-10-01 19:36:00,865 | [NDSN] ACTION: No trade.
2026-10-01 19:36:00,885 | [NEE] choppy/sideways (ADX 25.0) -> mean-reversion strategy | Signal: HOLD | Shares held: 0.0 | Last price: $76.14
2026-10-01 19:36:00,885 | [NEE] ACTION: No trade.
2026-10-01 19:36:00,905 | [NEM] choppy/sideways (ADX 20.5) -> mean-reversion strategy | Signal: HOLD | Shares held: 0.0 | Last price: $114.64
2026-10-01 19:36:00,905 | [NEM] ACTION: No trade.
2026-10-01 19:36:00,925 | [NFLX] trending (ADX 36.4) -> trend-following strategy | Signal: HOLD | Shares held: 0.0 | Last price: $68.08
2026-10-01 19:36:00,925 | [NFLX] ACTION: No trade.
2026-10-01 19:36:00,944 | [NI] trending (ADX 25.5) -> trend-following strategy | Signal: HOLD | Shares held: 0.0 | Last price: $39.48
2026-10-01 19:36:00,944 | [NI] ACTION: No trade.
2026-10-01 19:36:00,964 | [NKE] choppy/sideways (ADX 20.4) -> mean-reversion strategy | Signal: HOLD | Shares held: 0.0 | Last price: $35.56
2026-10-01 19:36:00,964 | [NKE] ACTION: No trade.
2026-10-01 19:36:00,984 | [NOC] choppy/sideways (ADX 20.2) -> mean-reversion strategy | Signal: HOLD | Shares held: 0.0 | Last price: $482.26
2026-10-01 19:36:00,984 | [NOC] ACTION: No trade.
2026-10-01 19:36:01,004 | [NOW] trending (ADX 29.3) -> trend-following strategy | Signal: HOLD | Shares held: 0.0 | Last price: $138.56
2026-10-01 19:36:01,004 | [NOW] ACTION: No trade.
2026-10-01 19:36:01,023 | [NRG] choppy/sideways (ADX 17.0) -> mean-reversion strategy | Signal: HOLD | Shares held: 0.0 | Last price: $96.26
2026-10-01 19:36:01,023 | [NRG] ACTION: No trade.
2026-10-01 19:36:01,043 | [NSC] trending (ADX 25.9) -> trend-following strategy | Signal: HOLD | Shares held: 0.0 | Last price: $310.56
2026-10-01 19:36:01,043 | [NSC] ACTION: No trade.
2026-10-01 19:36:01,063 | [NTAP] choppy/sideways (ADX 17.9) -> mean-reversion strategy | Signal: HOLD | Shares held: 0.0 | Last price: $213.90
2026-10-01 19:36:01,063 | [NTAP] ACTION: No trade.
2026-10-01 19:36:01,083 | [NTRS] choppy/sideways (ADX 22.6) -> mean-reversion strategy | Signal: HOLD | Shares held: 0.0 | Last price: $169.18
2026-10-01 19:36:01,083 | [NTRS] ACTION: No trade.
2026-10-01 19:36:01,102 | [NUE] choppy/sideways (ADX 24.9) -> mean-reversion strategy | Signal: HOLD | Shares held: 0.0 | Last price: $234.47
2026-10-01 19:36:01,102 | [NUE] ACTION: No trade.
2026-10-01 19:36:01,122 | [NVDA] choppy/sideways (ADX 20.6) -> mean-reversion strategy | Signal: HOLD | Shares held: 0.0 | Last price: $231.44
2026-10-01 19:36:01,122 | [NVDA] ACTION: No trade.
2026-10-01 19:36:01,142 | [NVR] choppy/sideways (ADX 18.8) -> mean-reversion strategy | Signal: HOLD | Shares held: 0.0 | Last price: $6120.14
2026-10-01 19:36:01,142 | [NVR] ACTION: No trade.
2026-10-01 19:36:01,161 | [NWSA] trending (ADX 29.5) -> trend-following strategy | Signal: HOLD | Shares held: 0.0 | Last price: $28.41
2026-10-01 19:36:01,162 | [NWSA] ACTION: No trade.
2026-10-01 19:36:01,181 | [NXPI] trending (ADX 34.9) -> trend-following strategy | Signal: HOLD | Shares held: 0.0 | Last price: $240.16
2026-10-01 19:36:01,181 | [NXPI] ACTION: No trade.
2026-10-01 19:36:01,201 | [O] trending (ADX 37.6) -> trend-following strategy | Signal: HOLD | Shares held: 0.0 | Last price: $53.73
2026-10-01 19:36:01,201 | [O] ACTION: No trade.
2026-10-01 19:36:01,221 | [ODFL] choppy/sideways (ADX 17.8) -> mean-reversion strategy | Signal: HOLD | Shares held: 0.0 | Last price: $177.69
2026-10-01 19:36:01,221 | [ODFL] ACTION: No trade.
2026-10-01 19:36:01,241 | [OKE] choppy/sideways (ADX 21.2) -> mean-reversion strategy | Signal: HOLD | Shares held: 0.0 | Last price: $86.78
2026-10-01 19:36:01,241 | [OKE] ACTION: No trade.
2026-10-01 19:36:01,261 | [OMC] choppy/sideways (ADX 10.9) -> mean-reversion strategy | Signal: HOLD | Shares held: 0.0 | Last price: $75.09
2026-10-01 19:36:01,261 | [OMC] ACTION: No trade.
2026-10-01 19:36:01,280 | [ON] trending (ADX 30.4) -> trend-following strategy | Signal: HOLD | Shares held: 0.0 | Last price: $79.68
2026-10-01 19:36:01,280 | [ON] ACTION: No trade.
2026-10-01 19:36:01,300 | [ORCL] choppy/sideways (ADX 20.1) -> mean-reversion strategy | Signal: HOLD | Shares held: 0.0 | Last price: $138.09
2026-10-01 19:36:01,300 | [ORCL] ACTION: No trade.
2026-10-01 19:36:01,320 | [ORLY] choppy/sideways (ADX 16.9) -> mean-reversion strategy | Signal: HOLD | Shares held: 0.0 | Last price: $84.69
2026-10-01 19:36:01,320 | [ORLY] ACTION: No trade.
2026-10-01 19:36:01,340 | [OTIS] trending (ADX 26.3) -> trend-following strategy | Signal: HOLD | Shares held: 0.0 | Last price: $64.51
2026-10-01 19:36:01,340 | [OTIS] ACTION: No trade.
2026-10-01 19:36:01,359 | [OXY] trending (ADX 36.4) -> trend-following strategy | Signal: HOLD | Shares held: 0.0 | Last price: $57.70
2026-10-01 19:36:01,359 | [OXY] ACTION: No trade.
2026-10-01 19:36:01,379 | [P] trending (ADX 34.5) -> trend-following strategy | Signal: HOLD | Shares held: 0.0 | Last price: $134.79
2026-10-01 19:36:01,379 | [P] ACTION: No trade.
2026-10-01 19:36:01,399 | [PANW] trending (ADX 34.1) -> trend-following strategy | Signal: HOLD | Shares held: 0.0 | Last price: $396.81
2026-10-01 19:36:01,399 | [PANW] ACTION: No trade.
2026-10-01 19:36:01,419 | [PAYX] choppy/sideways (ADX 24.1) -> mean-reversion strategy | Signal: HOLD | Shares held: 0.0 | Last price: $100.91
2026-10-01 19:36:01,419 | [PAYX] ACTION: No trade.
2026-10-01 19:36:01,439 | [PCAR] choppy/sideways (ADX 19.0) -> mean-reversion strategy | Signal: HOLD | Shares held: 0.0 | Last price: $110.19
2026-10-01 19:36:01,439 | [PCAR] ACTION: No trade.
2026-10-01 19:36:01,458 | [PCG] choppy/sideways (ADX 16.9) -> mean-reversion strategy | Signal: HOLD | Shares held: 0.0 | Last price: $12.15
2026-10-01 19:36:01,458 | [PCG] ACTION: No trade.
2026-10-01 19:36:01,478 | [PEG] choppy/sideways (ADX 16.0) -> mean-reversion strategy | Signal: HOLD | Shares held: 0.0 | Last price: $67.66
2026-10-01 19:36:01,478 | [PEG] ACTION: No trade.
2026-10-01 19:36:01,498 | [PEP] trending (ADX 26.8) -> trend-following strategy | Signal: HOLD | Shares held: 0.0 | Last price: $125.79
2026-10-01 19:36:01,498 | [PEP] ACTION: No trade.
2026-10-01 19:36:01,518 | [PFE] trending (ADX 53.0) -> trend-following strategy | Signal: HOLD | Shares held: 0.0 | Last price: $28.15
2026-10-01 19:36:01,518 | [PFE] ACTION: No trade.
2026-10-01 19:36:01,538 | [PFG] trending (ADX 27.8) -> trend-following strategy | Signal: HOLD | Shares held: 0.0 | Last price: $112.14
2026-10-01 19:36:01,538 | [PFG] ACTION: No trade.
2026-10-01 19:36:01,558 | [PG] trending (ADX 29.1) -> trend-following strategy | Signal: HOLD | Shares held: 0.0 | Last price: $144.06
2026-10-01 19:36:01,558 | [PG] ACTION: No trade.
2026-10-01 19:36:01,578 | [PGR] choppy/sideways (ADX 21.1) -> mean-reversion strategy | Signal: HOLD | Shares held: 0.0 | Last price: $210.19
2026-10-01 19:36:01,578 | [PGR] ACTION: No trade.
2026-10-01 19:36:01,597 | [PH] choppy/sideways (ADX 15.7) -> mean-reversion strategy | Signal: HOLD | Shares held: 0.0 | Last price: $963.33
2026-10-01 19:36:01,598 | [PH] ACTION: No trade.
2026-10-01 19:36:01,617 | [PHM] choppy/sideways (ADX 20.4) -> mean-reversion strategy | Signal: HOLD | Shares held: 0.0 | Last price: $115.91
2026-10-01 19:36:01,617 | [PHM] ACTION: No trade.
2026-10-01 19:36:01,637 | [PKG] choppy/sideways (ADX 22.4) -> mean-reversion strategy | Signal: HOLD | Shares held: 0.0 | Last price: $230.85
2026-10-01 19:36:01,637 | [PKG] ACTION: No trade.
2026-10-01 19:36:01,657 | [PLD] trending (ADX 38.5) -> trend-following strategy | Signal: HOLD | Shares held: 0.0 | Last price: $128.42
2026-10-01 19:36:01,657 | [PLD] ACTION: No trade.
2026-10-01 19:36:01,677 | [PLTR] choppy/sideways (ADX 24.2) -> mean-reversion strategy | Signal: HOLD | Shares held: 0.0 | Last price: $190.87
2026-10-01 19:36:01,677 | [PLTR] ACTION: No trade.
2026-10-01 19:36:01,697 | [PM] trending (ADX 32.0) -> trend-following strategy | Signal: HOLD | Shares held: 0.0 | Last price: $188.35
2026-10-01 19:36:01,697 | [PM] ACTION: No trade.
2026-10-01 19:36:01,717 | [PNC] choppy/sideways (ADX 18.0) -> mean-reversion strategy | Signal: HOLD | Shares held: 0.0 | Last price: $219.10
2026-10-01 19:36:01,717 | [PNC] ACTION: No trade.
2026-10-01 19:36:01,737 | [PNR] choppy/sideways (ADX 16.1) -> mean-reversion strategy | Signal: HOLD | Shares held: 0.0 | Last price: $52.77
2026-10-01 19:36:01,737 | [PNR] ACTION: No trade.
2026-10-01 19:36:01,757 | [PNW] trending (ADX 26.2) -> trend-following strategy | Signal: HOLD | Shares held: 0.0 | Last price: $94.09
2026-10-01 19:36:01,757 | [PNW] ACTION: No trade.
2026-10-01 19:36:01,776 | [PODD] choppy/sideways (ADX 10.6) -> mean-reversion strategy | Signal: HOLD | Shares held: 0.0 | Last price: $131.01
2026-10-01 19:36:01,777 | [PODD] ACTION: No trade.
2026-10-01 19:36:01,796 | [PPG] choppy/sideways (ADX 24.0) -> mean-reversion strategy | Signal: HOLD | Shares held: 0.0 | Last price: $104.72
2026-10-01 19:36:01,796 | [PPG] ACTION: No trade.
2026-10-01 19:36:01,816 | [PPL] choppy/sideways (ADX 16.3) -> mean-reversion strategy | Signal: HOLD | Shares held: 0.0 | Last price: $32.72
2026-10-01 19:36:01,816 | [PPL] ACTION: No trade.
2026-10-01 19:36:01,836 | [PRU] choppy/sideways (ADX 22.8) -> mean-reversion strategy | Signal: HOLD | Shares held: 0.0 | Last price: $112.67
2026-10-01 19:36:01,836 | [PRU] ACTION: No trade.
2026-10-01 19:36:01,855 | [PSA] choppy/sideways (ADX 16.6) -> mean-reversion strategy | Signal: HOLD | Shares held: 0.0 | Last price: $284.79
2026-10-01 19:36:01,856 | [PSA] ACTION: No trade.
2026-10-01 19:36:01,875 | [PSX] choppy/sideways (ADX 11.6) -> mean-reversion strategy | Signal: HOLD | Shares held: 0.0 | Last price: $263.88
2026-10-01 19:36:01,875 | [PSX] ACTION: No trade.
2026-10-01 19:36:01,895 | [PTC] trending (ADX 38.6) -> trend-following strategy | Signal: HOLD | Shares held: 0.0 | Last price: $147.60
2026-10-01 19:36:01,895 | [PTC] ACTION: No trade.
2026-10-01 19:36:01,914 | [PWR] choppy/sideways (ADX 13.1) -> mean-reversion strategy | Signal: HOLD | Shares held: 0.0 | Last price: $659.11
2026-10-01 19:36:01,915 | [PWR] ACTION: No trade.
2026-10-01 19:36:01,934 | [PYPL] choppy/sideways (ADX 22.4) -> mean-reversion strategy | Signal: HOLD | Shares held: 0.0 | Last price: $53.51
2026-10-01 19:36:01,934 | [PYPL] ACTION: No trade.
2026-10-01 19:36:01,954 | [Q] choppy/sideways (ADX 12.5) -> mean-reversion strategy | Signal: HOLD | Shares held: 0.0 | Last price: $126.64
2026-10-01 19:36:01,954 | [Q] ACTION: No trade.
2026-10-01 19:36:01,973 | [QCOM] choppy/sideways (ADX 11.4) -> mean-reversion strategy | Signal: HOLD | Shares held: 0.0 | Last price: $183.41
2026-10-01 19:36:01,973 | [QCOM] ACTION: No trade.
2026-10-01 19:36:01,993 | [RCL] trending (ADX 29.5) -> trend-following strategy | Signal: HOLD | Shares held: 0.0 | Last price: $269.24
2026-10-01 19:36:01,993 | [RCL] ACTION: No trade.
2026-10-01 19:36:02,013 | [RDDT] choppy/sideways (ADX 24.5) -> mean-reversion strategy | Signal: HOLD | Shares held: 0.0 | Last price: $149.23
2026-10-01 19:36:02,013 | [RDDT] ACTION: No trade.
2026-10-01 19:36:02,032 | [REGN] choppy/sideways (ADX 15.3) -> mean-reversion strategy | Signal: HOLD | Shares held: 0.0 | Last price: $740.13
2026-10-01 19:36:02,033 | [REGN] ACTION: No trade.
2026-10-01 19:36:02,052 | [RF] choppy/sideways (ADX 19.5) -> mean-reversion strategy | Signal: HOLD | Shares held: 0.0 | Last price: $26.84
2026-10-01 19:36:02,052 | [RF] ACTION: No trade.
2026-10-01 19:36:02,072 | [RJF] choppy/sideways (ADX 22.9) -> mean-reversion strategy | Signal: HOLD | Shares held: 0.0 | Last price: $159.21
2026-10-01 19:36:02,072 | [RJF] ACTION: No trade.
2026-10-01 19:36:02,092 | [RL] choppy/sideways (ADX 23.5) -> mean-reversion strategy | Signal: HOLD | Shares held: 0.0 | Last price: $363.03
2026-10-01 19:36:02,092 | [RL] ACTION: No trade.
2026-10-01 19:36:02,111 | [RMD] choppy/sideways (ADX 11.7) -> mean-reversion strategy | Signal: HOLD | Shares held: 0.0 | Last price: $222.97
2026-10-01 19:36:02,111 | [RMD] ACTION: No trade.
2026-10-01 19:36:02,130 | [ROK] choppy/sideways (ADX 13.1) -> mean-reversion strategy | Signal: HOLD | Shares held: 0.0 | Last price: $438.38
2026-10-01 19:36:02,131 | [ROK] ACTION: No trade.
2026-10-01 19:36:02,150 | [ROL] choppy/sideways (ADX 18.0) -> mean-reversion strategy | Signal: HOLD | Shares held: 0.0 | Last price: $30.45
2026-10-01 19:36:02,150 | [ROL] ACTION: No trade.
2026-10-01 19:36:02,170 | [ROP] trending (ADX 39.2) -> trend-following strategy | Signal: HOLD | Shares held: 0.0 | Last price: $362.50
2026-10-01 19:36:02,170 | [ROP] ACTION: No trade.
2026-10-01 19:36:02,189 | [ROST] choppy/sideways (ADX 20.6) -> mean-reversion strategy | Signal: HOLD | Shares held: 0.0 | Last price: $235.28
2026-10-01 19:36:02,190 | [ROST] ACTION: No trade.
2026-10-01 19:36:02,209 | [RSG] trending (ADX 25.2) -> trend-following strategy | Signal: HOLD | Shares held: 0.0 | Last price: $207.75
2026-10-01 19:36:02,209 | [RSG] ACTION: No trade.
2026-10-01 19:36:02,229 | [RTX] trending (ADX 34.4) -> trend-following strategy | Signal: HOLD | Shares held: 0.0 | Last price: $184.50
2026-10-01 19:36:02,229 | [RTX] ACTION: No trade.
2026-10-01 19:36:02,248 | [RVTY] trending (ADX 29.7) -> trend-following strategy | Signal: HOLD | Shares held: 0.0 | Last price: $149.37
2026-10-01 19:36:02,248 | [RVTY] ACTION: No trade.
2026-10-01 19:36:02,268 | [SBAC] trending (ADX 37.2) -> trend-following strategy | Signal: HOLD | Shares held: 0.0 | Last price: $158.89
2026-10-01 19:36:02,268 | [SBAC] ACTION: No trade.
2026-10-01 19:36:02,288 | [SBUX] choppy/sideways (ADX 18.4) -> mean-reversion strategy | Signal: HOLD | Shares held: 0.0 | Last price: $94.30
2026-10-01 19:36:02,288 | [SBUX] ACTION: No trade.
2026-10-01 19:36:02,307 | [SCHW] choppy/sideways (ADX 20.5) -> mean-reversion strategy | Signal: HOLD | Shares held: 0.0 | Last price: $98.28
2026-10-01 19:36:02,307 | [SCHW] ACTION: No trade.
2026-10-01 19:36:02,327 | [SHW] choppy/sideways (ADX 21.2) -> mean-reversion strategy | Signal: HOLD | Shares held: 0.0 | Last price: $320.17
2026-10-01 19:36:02,327 | [SHW] ACTION: No trade.
2026-10-01 19:36:02,348 | [SJM] trending (ADX 45.6) -> trend-following strategy | Signal: HOLD | Shares held: 0.0 | Last price: $115.98
2026-10-01 19:36:02,348 | [SJM] ACTION: No trade.
2026-10-01 19:36:02,367 | [SLB] trending (ADX 27.2) -> trend-following strategy | Signal: HOLD | Shares held: 0.0 | Last price: $48.61
2026-10-01 19:36:02,367 | [SLB] ACTION: No trade.
2026-10-01 19:36:02,387 | [SMCI] choppy/sideways (ADX 23.8) -> mean-reversion strategy | Signal: HOLD | Shares held: 0.0 | Last price: $41.90
2026-10-01 19:36:02,387 | [SMCI] ACTION: No trade.
2026-10-01 19:36:02,407 | [SNA] choppy/sideways (ADX 14.6) -> mean-reversion strategy | Signal: HOLD | Shares held: 0.0 | Last price: $367.25
2026-10-01 19:36:02,407 | [SNA] ACTION: No trade.
2026-10-01 19:36:02,426 | [SNDK] choppy/sideways (ADX 21.3) -> mean-reversion strategy | Signal: HOLD | Shares held: 0.0 | Last price: $1784.87
2026-10-01 19:36:02,427 | [SNDK] ACTION: No trade.
2026-10-01 19:36:02,446 | [SNPS] trending (ADX 52.7) -> trend-following strategy | Signal: HOLD | Shares held: 0.0 | Last price: $492.25
2026-10-01 19:36:02,446 | [SNPS] ACTION: No trade.
2026-10-01 19:36:02,466 | [SO] choppy/sideways (ADX 14.9) -> mean-reversion strategy | Signal: HOLD | Shares held: 0.0 | Last price: $83.41
2026-10-01 19:36:02,466 | [SO] ACTION: No trade.
2026-10-01 19:36:02,485 | [SPG] choppy/sideways (ADX 23.2) -> mean-reversion strategy | Signal: HOLD | Shares held: 0.0 | Last price: $200.74
2026-10-01 19:36:02,485 | [SPG] ACTION: No trade.
2026-10-01 19:36:02,506 | [SPGI] choppy/sideways (ADX 13.9) -> mean-reversion strategy | Signal: HOLD | Shares held: 0.0 | Last price: $389.32
2026-10-01 19:36:02,506 | [SPGI] ACTION: No trade.
2026-10-01 19:36:02,525 | [SRE] choppy/sideways (ADX 15.2) -> mean-reversion strategy | Signal: HOLD | Shares held: 0.0 | Last price: $77.97
2026-10-01 19:36:02,526 | [SRE] ACTION: No trade.
2026-10-01 19:36:02,545 | [STE] choppy/sideways (ADX 24.2) -> mean-reversion strategy | Signal: HOLD | Shares held: 0.0 | Last price: $209.48
2026-10-01 19:36:02,545 | [STE] ACTION: No trade.
2026-10-01 19:36:02,565 | [STLD] choppy/sideways (ADX 17.1) -> mean-reversion strategy | Signal: HOLD | Shares held: 0.0 | Last price: $226.75
2026-10-01 19:36:02,565 | [STLD] ACTION: No trade.
2026-10-01 19:36:02,585 | [STT] trending (ADX 38.7) -> trend-following strategy | Signal: HOLD | Shares held: 0.0 | Last price: $173.63
2026-10-01 19:36:02,585 | [STT] ACTION: No trade.
2026-10-01 19:36:02,605 | [STX] choppy/sideways (ADX 15.6) -> mean-reversion strategy | Signal: HOLD | Shares held: 0.0 | Last price: $931.69
2026-10-01 19:36:02,605 | [STX] ACTION: No trade.
2026-10-01 19:36:02,624 | [STZ] choppy/sideways (ADX 16.5) -> mean-reversion strategy | Signal: HOLD | Shares held: 0.0 | Last price: $112.98
2026-10-01 19:36:02,624 | [STZ] ACTION: No trade.
2026-10-01 19:36:02,644 | [SVRN] choppy/sideways (ADX 20.7) -> mean-reversion strategy | Signal: HOLD | Shares held: 0.0 | Last price: $39.33
2026-10-01 19:36:02,644 | [SVRN] ACTION: No trade.
2026-10-01 19:36:02,664 | [SW] choppy/sideways (ADX 18.4) -> mean-reversion strategy | Signal: HOLD | Shares held: 0.0 | Last price: $43.34
2026-10-01 19:36:02,664 | [SW] ACTION: No trade.
2026-10-01 19:36:02,684 | [SWK] choppy/sideways (ADX 19.8) -> mean-reversion strategy | Signal: HOLD | Shares held: 0.0 | Last price: $89.13
2026-10-01 19:36:02,684 | [SWK] ACTION: No trade.
2026-10-01 19:36:02,704 | [SWKS] trending (ADX 27.9) -> trend-following strategy | Signal: HOLD | Shares held: 0.0 | Last price: $83.25
2026-10-01 19:36:02,704 | [SWKS] ACTION: No trade.
2026-10-01 19:36:02,724 | [SYF] choppy/sideways (ADX 22.2) -> mean-reversion strategy | Signal: HOLD | Shares held: 0.0 | Last price: $71.14
2026-10-01 19:36:02,724 | [SYF] ACTION: No trade.
2026-10-01 19:36:02,744 | [SYK] choppy/sideways (ADX 20.8) -> mean-reversion strategy | Signal: HOLD | Shares held: 0.0 | Last price: $273.71
2026-10-01 19:36:02,744 | [SYK] ACTION: No trade.
2026-10-01 19:36:02,805 | [SYY] choppy/sideways (ADX 20.9) -> mean-reversion strategy | Signal: HOLD | Shares held: 0.0 | Last price: $77.90
2026-10-01 19:36:02,805 | [SYY] ACTION: No trade.
2026-10-01 19:36:02,825 | [T] choppy/sideways (ADX 21.9) -> mean-reversion strategy | Signal: HOLD | Shares held: 0.0 | Last price: $24.36
2026-10-01 19:36:02,825 | [T] ACTION: No trade.
2026-10-01 19:36:02,845 | [TDG] trending (ADX 26.7) -> trend-following strategy | Signal: HOLD | Shares held: 0.0 | Last price: $1096.72
2026-10-01 19:36:02,845 | [TDG] ACTION: No trade.
2026-10-01 19:36:02,865 | [TDY] choppy/sideways (ADX 21.3) -> mean-reversion strategy | Signal: HOLD | Shares held: 0.0 | Last price: $613.11
2026-10-01 19:36:02,865 | [TDY] ACTION: No trade.
2026-10-01 19:36:02,884 | [TECH] choppy/sideways (ADX 11.5) -> mean-reversion strategy | Signal: HOLD | Shares held: 0.0 | Last price: $72.45
2026-10-01 19:36:02,884 | [TECH] ACTION: No trade.
2026-10-01 19:36:02,904 | [TEL] choppy/sideways (ADX 22.8) -> mean-reversion strategy | Signal: HOLD | Shares held: 0.0 | Last price: $218.17
2026-10-01 19:36:02,904 | [TEL] ACTION: No trade.
2026-10-01 19:36:02,924 | [TER] trending (ADX 32.7) -> trend-following strategy | Signal: HOLD | Shares held: 0.0 | Last price: $414.88
2026-10-01 19:36:02,924 | [TER] ACTION: No trade.
2026-10-01 19:36:02,944 | [TFC] choppy/sideways (ADX 18.5) -> mean-reversion strategy | Signal: HOLD | Shares held: 0.0 | Last price: $46.05
2026-10-01 19:36:02,944 | [TFC] ACTION: No trade.
2026-10-01 19:36:02,963 | [TGT] choppy/sideways (ADX 17.0) -> mean-reversion strategy | Signal: HOLD | Shares held: 0.0 | Last price: $156.47
2026-10-01 19:36:02,963 | [TGT] ACTION: No trade.
2026-10-01 19:36:02,983 | [TJX] choppy/sideways (ADX 20.0) -> mean-reversion strategy | Signal: HOLD | Shares held: 0.0 | Last price: $133.47
2026-10-01 19:36:02,983 | [TJX] ACTION: No trade.
2026-10-01 19:36:03,003 | [TKO] trending (ADX 33.5) -> trend-following strategy | Signal: HOLD | Shares held: 0.0 | Last price: $175.18
2026-10-01 19:36:03,003 | [TKO] ACTION: No trade.
2026-10-01 19:36:03,023 | [TMO] trending (ADX 56.4) -> trend-following strategy | Signal: HOLD | Shares held: 0.0 | Last price: $657.55
2026-10-01 19:36:03,023 | [TMO] ACTION: No trade.
2026-10-01 19:36:03,042 | [TMUS] trending (ADX 33.8) -> trend-following strategy | Signal: HOLD | Shares held: 0.0 | Last price: $161.60
2026-10-01 19:36:03,043 | [TMUS] ACTION: No trade.
2026-10-01 19:36:03,062 | [TPR] trending (ADX 29.8) -> trend-following strategy | Signal: HOLD | Shares held: 0.0 | Last price: $118.91
2026-10-01 19:36:03,062 | [TPR] ACTION: No trade.
2026-10-01 19:36:03,082 | [TRGP] trending (ADX 36.2) -> trend-following strategy | Signal: HOLD | Shares held: 0.0 | Last price: $278.21
2026-10-01 19:36:03,082 | [TRGP] ACTION: No trade.
2026-10-01 19:36:03,102 | [TRMB] choppy/sideways (ADX 21.8) -> mean-reversion strategy | Signal: HOLD | Shares held: 0.0 | Last price: $58.07
2026-10-01 19:36:03,102 | [TRMB] ACTION: No trade.
2026-10-01 19:36:03,122 | [TROW] trending (ADX 49.0) -> trend-following strategy | Signal: HOLD | Shares held: 0.0 | Last price: $105.92
2026-10-01 19:36:03,122 | [TROW] ACTION: No trade.
2026-10-01 19:36:03,142 | [TRV] choppy/sideways (ADX 23.7) -> mean-reversion strategy | Signal: HOLD | Shares held: 0.0 | Last price: $361.43
2026-10-01 19:36:03,142 | [TRV] ACTION: No trade.
2026-10-01 19:36:03,162 | [TSCO] choppy/sideways (ADX 16.8) -> mean-reversion strategy | Signal: HOLD | Shares held: 0.0 | Last price: $31.52
2026-10-01 19:36:03,162 | [TSCO] ACTION: No trade.
2026-10-01 19:36:03,182 | [TSLA] choppy/sideways (ADX 15.1) -> mean-reversion strategy | Signal: HOLD | Shares held: 0.0 | Last price: $357.13
2026-10-01 19:36:03,182 | [TSLA] ACTION: No trade.
2026-10-01 19:36:03,202 | [TSN] choppy/sideways (ADX 23.1) -> mean-reversion strategy | Signal: HOLD | Shares held: 0.0 | Last price: $50.18
2026-10-01 19:36:03,202 | [TSN] ACTION: No trade.
2026-10-01 19:36:03,221 | [TT] choppy/sideways (ADX 20.4) -> mean-reversion strategy | Signal: HOLD | Shares held: 0.0 | Last price: $459.25
2026-10-01 19:36:03,221 | [TT] ACTION: No trade.
2026-10-01 19:36:03,241 | [TTWO] choppy/sideways (ADX 19.8) -> mean-reversion strategy | Signal: HOLD | Shares held: 0.0 | Last price: $204.42
2026-10-01 19:36:03,241 | [TTWO] ACTION: No trade.
2026-10-01 19:36:03,261 | [TXN] choppy/sideways (ADX 17.6) -> mean-reversion strategy | Signal: HOLD | Shares held: 0.0 | Last price: $281.90
2026-10-01 19:36:03,261 | [TXN] ACTION: No trade.
2026-10-01 19:36:03,281 | [TXT] choppy/sideways (ADX 24.5) -> mean-reversion strategy | Signal: HOLD | Shares held: 0.0 | Last price: $77.01
2026-10-01 19:36:03,281 | [TXT] ACTION: No trade.
2026-10-01 19:36:03,300 | [TYL] trending (ADX 41.8) -> trend-following strategy | Signal: HOLD | Shares held: 0.0 | Last price: $332.83
2026-10-01 19:36:03,300 | [TYL] ACTION: No trade.
2026-10-01 19:36:03,320 | [UAL] choppy/sideways (ADX 21.5) -> mean-reversion strategy | Signal: HOLD | Shares held: 0.0 | Last price: $111.58
2026-10-01 19:36:03,320 | [UAL] ACTION: No trade.
2026-10-01 19:36:03,340 | [UBER] choppy/sideways (ADX 23.3) -> mean-reversion strategy | Signal: HOLD | Shares held: 0.0 | Last price: $67.84
2026-10-01 19:36:03,340 | [UBER] ACTION: No trade.
2026-10-01 19:36:03,360 | [UDR] choppy/sideways (ADX 13.2) -> mean-reversion strategy | Signal: HOLD | Shares held: 0.0 | Last price: $33.63
2026-10-01 19:36:03,360 | [UDR] ACTION: No trade.
2026-10-01 19:36:03,379 | [UHS] choppy/sideways (ADX 16.4) -> mean-reversion strategy | Signal: HOLD | Shares held: 0.0 | Last price: $175.80
2026-10-01 19:36:03,379 | [UHS] ACTION: No trade.
2026-10-01 19:36:03,399 | [ULTA] choppy/sideways (ADX 16.9) -> mean-reversion strategy | Signal: HOLD | Shares held: 0.0 | Last price: $537.13
2026-10-01 19:36:03,399 | [ULTA] ACTION: No trade.
2026-10-01 19:36:03,419 | [UNH] choppy/sideways (ADX 21.1) -> mean-reversion strategy | Signal: HOLD | Shares held: 0.0 | Last price: $364.18
2026-10-01 19:36:03,419 | [UNH] ACTION: No trade.
2026-10-01 19:36:03,439 | [UNP] trending (ADX 26.3) -> trend-following strategy | Signal: HOLD | Shares held: 0.0 | Last price: $271.85
2026-10-01 19:36:03,439 | [UNP] ACTION: No trade.
2026-10-01 19:36:03,458 | [UPS] choppy/sideways (ADX 16.8) -> mean-reversion strategy | Signal: HOLD | Shares held: 0.0 | Last price: $94.05
2026-10-01 19:36:03,458 | [UPS] ACTION: No trade.
2026-10-01 19:36:03,478 | [URI] choppy/sideways (ADX 23.1) -> mean-reversion strategy | Signal: HOLD | Shares held: 0.0 | Last price: $1029.65
2026-10-01 19:36:03,478 | [URI] ACTION: No trade.
2026-10-01 19:36:03,497 | [USB] trending (ADX 28.0) -> trend-following strategy | Signal: BUY | Shares held: 0.0 | Last price: $57.03
2026-10-01 19:36:03,497 | [USB] ACTION: No trade (within 90 min of close -- not enough runway left today for a new position).
2026-10-01 19:36:03,518 | [V] choppy/sideways (ADX 14.0) -> mean-reversion strategy | Signal: HOLD | Shares held: 0.0 | Last price: $360.03
2026-10-01 19:36:03,518 | [V] ACTION: No trade.
2026-10-01 19:36:03,537 | [VEEV] choppy/sideways (ADX 20.8) -> mean-reversion strategy | Signal: HOLD | Shares held: 0.0 | Last price: $284.89
2026-10-01 19:36:03,537 | [VEEV] ACTION: No trade.
2026-10-01 19:36:03,557 | [VICI] trending (ADX 29.1) -> trend-following strategy | Signal: HOLD | Shares held: 0.0 | Last price: $22.75
2026-10-01 19:36:03,557 | [VICI] ACTION: No trade.
2026-10-01 19:36:03,577 | [VLO] trending (ADX 28.8) -> trend-following strategy | Signal: HOLD | Shares held: 0.0 | Last price: $407.05
2026-10-01 19:36:03,577 | [VLO] ACTION: No trade.
2026-10-01 19:36:03,597 | [VLTO] choppy/sideways (ADX 20.1) -> mean-reversion strategy | Signal: HOLD | Shares held: 0.0 | Last price: $94.83
2026-10-01 19:36:03,597 | [VLTO] ACTION: No trade.
2026-10-01 19:36:03,616 | [VMC] choppy/sideways (ADX 23.5) -> mean-reversion strategy | Signal: HOLD | Shares held: 0.0 | Last price: $244.02
2026-10-01 19:36:03,616 | [VMC] ACTION: No trade.
2026-10-01 19:36:03,636 | [VMRK] trending (ADX 27.7) -> trend-following strategy | Signal: HOLD | Shares held: 0.0 | Last price: $60.31
2026-10-01 19:36:03,636 | [VMRK] ACTION: No trade.
2026-10-01 19:36:03,656 | [VRSK] choppy/sideways (ADX 24.6) -> mean-reversion strategy | Signal: HOLD | Shares held: 0.0 | Last price: $169.16
2026-10-01 19:36:03,656 | [VRSK] ACTION: No trade.
2026-10-01 19:36:03,676 | [VRSN] choppy/sideways (ADX 20.9) -> mean-reversion strategy | Signal: HOLD | Shares held: 0.0 | Last price: $287.47
2026-10-01 19:36:03,676 | [VRSN] ACTION: No trade.
2026-10-01 19:36:03,696 | [VRT] trending (ADX 25.9) -> trend-following strategy | Signal: HOLD | Shares held: 0.0 | Last price: $246.65
2026-10-01 19:36:03,696 | [VRT] ACTION: No trade.
2026-10-01 19:36:03,715 | [VRTX] trending (ADX 48.9) -> trend-following strategy | Signal: HOLD | Shares held: 0.0 | Last price: $506.38
2026-10-01 19:36:03,715 | [VRTX] ACTION: No trade.
2026-10-01 19:36:03,735 | [VST] choppy/sideways (ADX 23.1) -> mean-reversion strategy | Signal: HOLD | Shares held: 0.0 | Last price: $138.55
2026-10-01 19:36:03,735 | [VST] ACTION: No trade.
2026-10-01 19:36:03,755 | [VTR] trending (ADX 48.1) -> trend-following strategy | Signal: HOLD | Shares held: 0.0 | Last price: $83.68
2026-10-01 19:36:03,755 | [VTR] ACTION: No trade.
2026-10-01 19:36:03,775 | [VTRS] trending (ADX 28.5) -> trend-following strategy | Signal: HOLD | Shares held: 0.0 | Last price: $17.57
2026-10-01 19:36:03,775 | [VTRS] ACTION: No trade.
2026-10-01 19:36:03,795 | [VZ] choppy/sideways (ADX 9.6) -> mean-reversion strategy | Signal: HOLD | Shares held: 0.0 | Last price: $45.91
2026-10-01 19:36:03,795 | [VZ] ACTION: No trade.
2026-10-01 19:36:03,814 | [WAB] choppy/sideways (ADX 21.4) -> mean-reversion strategy | Signal: HOLD | Shares held: 0.0 | Last price: $287.93
2026-10-01 19:36:03,814 | [WAB] ACTION: No trade.
2026-10-01 19:36:03,834 | [WAT] trending (ADX 43.9) -> trend-following strategy | Signal: HOLD | Shares held: 0.0 | Last price: $428.05
2026-10-01 19:36:03,834 | [WAT] ACTION: No trade.
2026-10-01 19:36:03,854 | [WBD] trending (ADX 37.7) -> trend-following strategy | Signal: HOLD | Shares held: 0.0 | Last price: $30.95
2026-10-01 19:36:03,855 | [WBD] ACTION: No trade.
2026-10-01 19:36:03,874 | [WDAY] choppy/sideways (ADX 13.6) -> mean-reversion strategy | Signal: HOLD | Shares held: 0.0 | Last price: $186.38
2026-10-01 19:36:03,874 | [WDAY] ACTION: No trade.
2026-10-01 19:36:03,894 | [WDC] choppy/sideways (ADX 24.8) -> mean-reversion strategy | Signal: HOLD | Shares held: 0.0 | Last price: $456.67
2026-10-01 19:36:03,894 | [WDC] ACTION: No trade.
2026-10-01 19:36:03,914 | [WEC] choppy/sideways (ADX 11.2) -> mean-reversion strategy | Signal: HOLD | Shares held: 0.0 | Last price: $101.46
2026-10-01 19:36:03,914 | [WEC] ACTION: No trade.
2026-10-01 19:36:03,934 | [WELL] trending (ADX 31.6) -> trend-following strategy | Signal: HOLD | Shares held: 0.0 | Last price: $227.62
2026-10-01 19:36:03,934 | [WELL] ACTION: No trade.
2026-10-01 19:36:03,954 | [WFC] choppy/sideways (ADX 21.8) -> mean-reversion strategy | Signal: HOLD | Shares held: 0.0 | Last price: $79.86
2026-10-01 19:36:03,954 | [WFC] ACTION: No trade.
2026-10-01 19:36:03,973 | [WM] trending (ADX 38.2) -> trend-following strategy | Signal: HOLD | Shares held: 0.0 | Last price: $202.54
2026-10-01 19:36:03,973 | [WM] ACTION: No trade.
2026-10-01 19:36:03,993 | [WMB] trending (ADX 28.0) -> trend-following strategy | Signal: HOLD | Shares held: 0.0 | Last price: $69.20
2026-10-01 19:36:03,993 | [WMB] ACTION: No trade.
2026-10-01 19:36:04,013 | [WMT] trending (ADX 25.1) -> trend-following strategy | Signal: HOLD | Shares held: 0.0 | Last price: $104.34
2026-10-01 19:36:04,014 | [WMT] ACTION: No trade.
2026-10-01 19:36:04,033 | [WRB] choppy/sideways (ADX 10.6) -> mean-reversion strategy | Signal: HOLD | Shares held: 0.0 | Last price: $68.88
2026-10-01 19:36:04,033 | [WRB] ACTION: No trade.
2026-10-01 19:36:04,053 | [WSM] choppy/sideways (ADX 20.5) -> mean-reversion strategy | Signal: HOLD | Shares held: 0.0 | Last price: $231.41
2026-10-01 19:36:04,053 | [WSM] ACTION: No trade.
2026-10-01 19:36:04,073 | [WST] trending (ADX 32.1) -> trend-following strategy | Signal: HOLD | Shares held: 0.0 | Last price: $365.72
2026-10-01 19:36:04,073 | [WST] ACTION: No trade.
2026-10-01 19:36:04,093 | [WTW] choppy/sideways (ADX 15.5) -> mean-reversion strategy | Signal: HOLD | Shares held: 0.0 | Last price: $292.18
2026-10-01 19:36:04,093 | [WTW] ACTION: No trade.
2026-10-01 19:36:04,113 | [WY] trending (ADX 36.0) -> trend-following strategy | Signal: HOLD | Shares held: 0.0 | Last price: $18.49
2026-10-01 19:36:04,113 | [WY] ACTION: No trade.
2026-10-01 19:36:04,132 | [WYNN] trending (ADX 30.3) -> trend-following strategy | Signal: HOLD | Shares held: 0.0 | Last price: $77.15
2026-10-01 19:36:04,132 | [WYNN] ACTION: No trade.
2026-10-01 19:36:04,152 | [XEL] choppy/sideways (ADX 15.4) -> mean-reversion strategy | Signal: HOLD | Shares held: 0.0 | Last price: $70.47
2026-10-01 19:36:04,152 | [XEL] ACTION: No trade.
2026-10-01 19:36:04,172 | [XOM] choppy/sideways (ADX 15.4) -> mean-reversion strategy | Signal: HOLD | Shares held: 0.0 | Last price: $163.50
2026-10-01 19:36:04,172 | [XOM] ACTION: No trade.
2026-10-01 19:36:04,192 | [XYL] choppy/sideways (ADX 15.4) -> mean-reversion strategy | Signal: HOLD | Shares held: 0.0 | Last price: $100.71
2026-10-01 19:36:04,192 | [XYL] ACTION: No trade.
2026-10-01 19:36:04,211 | [XYZ] choppy/sideways (ADX 19.7) -> mean-reversion strategy | Signal: HOLD | Shares held: 0.0 | Last price: $74.03
2026-10-01 19:36:04,212 | [XYZ] ACTION: No trade.
2026-10-01 19:36:04,231 | [YUM] choppy/sideways (ADX 25.0) -> mean-reversion strategy | Signal: HOLD | Shares held: 0.0 | Last price: $136.94
2026-10-01 19:36:04,231 | [YUM] ACTION: No trade.
2026-10-01 19:36:04,251 | [ZBH] trending (ADX 38.1) -> trend-following strategy | Signal: HOLD | Shares held: 0.0 | Last price: $88.05
2026-10-01 19:36:04,251 | [ZBH] ACTION: No trade.
2026-10-01 19:36:04,271 | [ZBRA] choppy/sideways (ADX 16.1) -> mean-reversion strategy | Signal: HOLD | Shares held: 0.0 | Last price: $377.44
2026-10-01 19:36:04,271 | [ZBRA] ACTION: No trade.
2026-10-01 19:36:04,291 | [ZTS] choppy/sideways (ADX 13.5) -> mean-reversion strategy | Signal: HOLD | Shares held: 0.0 | Last price: $69.56
2026-10-01 19:36:04,291 | [ZTS] ACTION: No trade.
2026-10-01 19:50:02,228 | Within 10 min of close -- flattening all positions for the day.
2026-10-01 19:50:02,285 | EOD FLATTEN: no open positions to close.
2026-10-01 20:00:02,081 | Market is closed. Next open: 2026-10-02 15:30:00 CEST (your local time) -- in 17.5 hours.
2026-10-01 20:00:02,135 | Market is closed for the day -- exiting early instead of idling.
2026-10-01 20:00:02,135 | Duration window finished.
2026-10-01 20:01:19,832 | === Adaptive Intraday Trading Bot starting (PAPER TRADING MODE) ===
2026-10-01 20:01:19,832 | Watchlist mode: AUTOMATIC SCANNER (refreshes every 0.5h, up to 50 movers + S&P 500 backstop, 500 watchlist slots total, min price $10, max extension 20%, leveraged ETFs excluded: True, news filter: True). Fallback list: TSLA, NVDA, COIN, AMD, PLTR
2026-10-01 20:01:19,832 | Scanner minimum listing age: ON -- requires >= 100 trading days of daily bar history (real cases this catches: ALMR ~80d, EROC ~43d)
2026-10-01 20:01:19,833 | Bar size: 15min | Check interval while market open: 15min
2026-10-01 20:01:19,833 | Active strategies: gap_continuation, trend_following, mean_reversion (regime-switched by ADX)
2026-10-01 20:01:19,833 | Trend strategy: EMA 9/21 crossover | Range strategy: RSI 14 (25.0/75.0) | Switched by ADX 14 (threshold 25.0)
2026-10-01 20:01:19,833 | No new entries between 210-270 min after the open (historically weak window in backtesting)
2026-10-01 20:01:19,833 | Scanner opening-range blackout: ON -- no new scanner-pick (non-S&P-500) entries in the first 45 min after the open (real-money-confirmed, additive to the lunch-window blackout above, not a replacement for it)
2026-10-01 20:01:19,833 | Risk management: fixed stop-loss -5% / take-profit +10% on every buy
2026-10-01 20:01:19,833 | Position sizing: flat $500 per trade
2026-10-01 20:01:19,833 | Graduated conviction sizing: ON -- qualifying strategies: none yet (real evidence-gated, see strategy.py). 1 of 3 confirming signals (strategy match / ADX >= 35 / volume >= 2.5x avg) sizes at $5000; 2 or more signals sizes at up to the full remaining $25,000/day pool (volatility-based size-down always wins when a trade qualifies for both)
2026-10-01 20:01:19,833 | Position limits: max 18 concurrent positions | max 5.0% aggregate portfolio risk | daily loss circuit breaker at -3% (pauses new entries only)
2026-10-01 20:01:19,833 | Portfolio heat cap: max $2,000 aggregate $-at-risk across all open positions
2026-10-01 20:01:19,833 | Sector concentration cap: max 2 open positions per sector (new entries only; symbols with no known sector are exempt)
2026-10-01 20:01:19,833 | End-of-day mode: positions will be auto-closed 10 min before market close.
2026-10-01 20:01:19,833 | Loaded saved watchlist from previous run: SVRN, MU, NVDA, META, AAPL, TSLA, SNDK, INTC, AMD, MSFT, GOOGL, AMZN, AVGO, GOOG, LITE, BE, ORCL, MRVL, MDT, DELL, AMAT, LLY, ACN, MRNA, PLTR, WDC, CRM, JPM, V, STX, LRCX, MA, TMO, COST, NFLX, PANW, WMT, BRK.B, AZO, HOOD, BA, JNJ, GEV, COHR, WBD, GS, BAC, CRWD, XOM, CAT, HD, QCOM, C, MS, DHR, SNPS, TJX, TXN, MRK, CSCO, AMGN, FICO, UNH, DE, WFC, ABBV, APP, CVX, GE, VLO, DASH, PG, ADI, KLAC, URI, APH, SPGI, DIS, MPC, NOW, ALL, NKE, SLB, AXP, REGN, CDNS, IBM, ETN, LIN, KO, COIN, ILMN, COP, MCD, HPE, DDOG, TT, GILD, PSX, BMY, SCHW, PGR, ABT, SMCI, SYK, CRH, COF, NEE, PEP, PM, LOW, UNP, INTU, BKNG, CI, MCK, AIG, RCL, ANET, GLW, CCL, ISRG, EXPE, UBER, ADBE, WELL, BNY, SHW, TMUS, CMI, EQIX, PLD, SO, PH, NXPI, CVS, PWR, BLK, BX, ABNB, RTX, BSX, JBL, VZ, CIEN, MMM, KR, ADP, HLT, MRSH, FCX, VRT, MAR, ITW, EMR, CB, MPWR, NTAP, ELV, COR, CEG, TER, HCA, T, IR, GM, MLM, WMB, AON, MCO, TGT, HUM, USB, PNC, TDG, DUK, AMT, JCI, CBOE, HWM, GD, APO, PFE, MDLZ, CSX, DHI, ACGL, KKR, CVNA, VRTX, VMC, TEL, MCHP, CTVA, ROST, HBAN, IQV, FERG, AJG, GWW, ON, NEM, HON, CTSH, AME, SBUX, FDX, LMT, MNST, VST, CME, FITB, EBAY, CAH, CASY, FIX, AKAM, RVTY, STT, A, EOG, WM, EXC, ICE, RDDT, FTNT, LEN, HONA, CMS, CMG, LYV, DAL, XEL, SWKS, ECL, TRV, CL, AEP, WDAY, VEEV, ETR, P, AXON, WEC, EW, LHX, WAT, FAST, CBRE, ORLY, ODFL, TRGP, CTAS, MSCI, TFC, PCAR, KVUE, TTWO, BIIB, PCG, NUE, KDP, KEYS, ADSK, CMCSA, PPL, RF, AMP, SYY, OTIS, FANG, APD, MSI, CARR, BKR, BDX, DTE, PAYX, ROL, OXY, NOC, KMB, CFG, TPR, FDS, KEY, PYPL, SRE, UAL, COO, ED, ROK, MO, DLR, ROP, F, EFX, NDAQ, VMRK, TSCO, MET, DOV, DRI, DGX, UPS, PSA, HIG, DG, O, HAL, EXE, LNT, DXCM, DLTR, HPQ, XYZ, PEG, OKE, EL, EME, CF, FSLR, CPAY, IDXX, FISV, YUM, AWK, STLD, CHTR, DVN, LULU, KMI, NI, ARES, GIS, FOXA, EIX, TECH, IBKR, EVRG, RSG, CNC, AEE, HSY, D, MTD, BBY, SPG, XYL, EQT, FFIV, DECK, FLEX, CNP, GEN, ZTS, VRSK, WAB, NRG, MTB, ECHO, APA, RMD, NVR, WSM, SW, CCI, DPZ, CRL, NSC, JBHT, INCY, WST, HUBB, SYF, ULTA, VTR, PHM, ES, GRMN, LII, ADM, HST, NCLH, LH, CHD, RL, TYL, IP, TKO, PPG, AFL, DOW, HAS, OMC, LUV, PODD, FE, CDW, ZBRA, TROW, FDXF, BG, MKC, PRU, EXPD, KHC, VRSN, WYNN, FIS, LYB, ALB, GPN, EXR, LVS, NTRS, GEHC, WTW, ZBH, CPRT, IRM, CLX, PTC, STZ, VICI, GNRC, BAX, IFF, CHRW, RJF, GDDY, SWK, IEX, PNW, IT, ALLE, MAA, ATO, TSN, TDY, VTRS, ESS, WRB, VLTO, SJM, HII, BRO, AES, TXT, MGM, BEN, Q, CSGP, EG, TRMB, IVZ, MAS, MOS, NWSA, CPT, FRT, WY, APTV, PFG, SBAC, UDR, BR, PKG, JKHY, ALGN, INVH, J, LDOS, BALL, PNR, L, CINF, UHS, NDSN, DD, FTV, AVY, KIM, AMCR, STE, AOS, DOC, GPC, DVA, SNA, ARE
2026-10-01 20:01:19,833 | Restored daily risk state from previous run: day 2026-10-01, breaker tripped: False
2026-10-01 20:01:19,834 | Restored open-position context for 2 symbol(s) from previous run.
2026-10-01 20:01:19,834 | Running in --duration-minutes mode: cycling for 150 minutes, then exiting.
2026-10-01 20:01:20,031 | Market is closed. Next open: 2026-10-02 15:30:00 CEST (your local time) -- in 17.5 hours.
2026-10-01 20:01:20,086 | Market is closed for the day -- exiting early instead of idling.
2026-10-01 20:01:20,087 | Duration window finished.
