2026-09-25 19:18:53,087 | === Adaptive Intraday Trading Bot starting (PAPER TRADING MODE) ===
2026-09-25 19:18:53,087 | Watchlist mode: AUTOMATIC SCANNER (refreshes every 0.5h, up to 50 movers + S&P 500 backstop, 500 watchlist slots total, min price $10, max extension 20%, leveraged ETFs excluded: True, news filter: True). Fallback list: TSLA, NVDA, COIN, AMD, PLTR
2026-09-25 19:18:53,088 | Scanner minimum listing age: ON -- requires >= 100 trading days of daily bar history (real cases this catches: ALMR ~80d, EROC ~43d)
2026-09-25 19:18:53,088 | Bar size: 15min | Check interval while market open: 15min
2026-09-25 19:18:53,088 | Active strategies: gap_continuation, trend_following, mean_reversion (regime-switched by ADX)
2026-09-25 19:18:53,088 | Trend strategy: EMA 9/21 crossover | Range strategy: RSI 14 (25.0/75.0) | Switched by ADX 14 (threshold 25.0)
2026-09-25 19:18:53,088 | No new entries between 210-270 min after the open (historically weak window in backtesting)
2026-09-25 19:18:53,088 | Scanner opening-range blackout: ON -- no new scanner-pick (non-S&P-500) entries in the first 45 min after the open (real-money-confirmed, additive to the lunch-window blackout above, not a replacement for it)
2026-09-25 19:18:53,088 | Risk management: fixed stop-loss -5% / take-profit +10% on every buy
2026-09-25 19:18:53,088 | Position sizing: flat $500 per trade
2026-09-25 19:18:53,088 | Graduated conviction sizing: ON -- qualifying strategies: none yet (real evidence-gated, see strategy.py). 1 of 3 confirming signals (strategy match / ADX >= 35 / volume >= 2.5x avg) sizes at $5000; 2 or more signals sizes at up to the full remaining $25,000/day pool (volatility-based size-down always wins when a trade qualifies for both)
2026-09-25 19:18:53,088 | Position limits: max 18 concurrent positions | max 5.0% aggregate portfolio risk | daily loss circuit breaker at -3% (pauses new entries only)
2026-09-25 19:18:53,088 | Portfolio heat cap: max $2,000 aggregate $-at-risk across all open positions
2026-09-25 19:18:53,088 | Sector concentration cap: max 2 open positions per sector (new entries only; symbols with no known sector are exempt)
2026-09-25 19:18:53,088 | End-of-day mode: positions will be auto-closed 10 min before market close.
2026-09-25 19:18:53,088 | Loaded saved watchlist from previous run: MU, META, NVDA, SNDK, AMD, INTC, TSLA, AAPL, GOOGL, MSFT, AMZN, AVGO, GOOG, ORCL, PLTR, DELL, MRVL, WBD, LITE, STX, MRNA, BE, LLY, WDC, AZO, V, JPM, LRCX, CRWD, AMAT, CRM, TMO, MA, VLO, CSCO, PANW, HOOD, GS, TXN, JNJ, GEV, BRK.B, QCOM, NFLX, WMT, XOM, COST, MCD, BAC, CVX, CAT, MPC, MRK, COHR, TJX, DHR, COIN, C, PM, HD, EXPE, UNP, BKNG, BA, DE, MS, DASH, MDT, UNH, APP, ALL, AMGN, SMCI, KLAC, ADI, LIN, ABNB, RCL, NOW, PGR, ABT, GE, SCHW, TMUS, KO, WFC, GILD, MPWR, IBM, ABBV, MCK, NXPI, NKE, PSX, UBER, COF, AXP, PEP, PG, ACN, ILMN, ADBE, ETN, HON, VZ, CDNS, INTU, SYK, HPE, APH, BMY, T, PCAR, NEE, MLM, HCA, SHW, BNY, PH, ADP, CMI, COP, DIS, AEP, GLW, BLK, HLT, ANET, DDOG, RTX, WELL, P, ORLY, ISRG, FANG, CVS, VRTX, AON, TER, VRT, BSX, HONA, REGN, AMT, CL, A, HWM, LOW, MRSH, EQIX, TRV, ACGL, ELV, SNPS, CB, AMP, FTNT, SBUX, MCHP, ICE, STT, IR, TT, GDDY, CSX, MAR, PNC, SPGI, PFE, TDG, CIEN, CMCSA, ON, GM, MMM, URI, CTAS, ROST, HBAN, PYPL, USB, PAYX, SO, EBAY, MDLZ, CRH, LMT, IQV, DVN, PWR, SLB, FDX, NOC, NEM, CASY, UPS, APD, RDDT, AJG, JCI, GD, CAH, BKR, FSLR, CEG, DUK, MTD, MSI, YUM, AKAM, WM, CI, FCX, DXCM, SYY, APO, TFC, D, BX, WAT, PCG, GWW, CRL, WEC, TTWO, MO, DHI, AME, DAL, VEEV, CME, RVTY, FAST, TGT, VMC, CARR, EMR, FITB, RSG, XEL, DRI, VTR, VMRK, CHTR, ROP, CCL, MCO, WDAY, COR, LYV, NSC, NTAP, FOXA, ADSK, WMB, EOG, SWKS, FIX, EW, TRGP, HUM, KR, MSCI, CTVA, EQT, UAL, F, GEN, KKR, VST, PLD, AXON, KEYS, FERG, TPR, NUE, MNST, HPQ, TEL, CTSH, CBRE, TSCO, LH, BBY, DGX, ODFL, CMG, FICO, KEY, NI, OKE, LEN, CMS, DLTR, PSA, OXY, CF, CFG, EXE, O, LHX, ITW, CHRW, WST, JBL, LULU, ETR, NDAQ, DLR, KMI, XYL, KMB, EXR, ROK, ARES, EFX, AIG, RJF, ECL, CNC, ECHO, DTE, CNP, VRSN, KVUE, KDP, AWK, EL, BDX, GIS, RF, SRE, RL, FLEX, TECH, CVNA, MET, BIIB, WAB, PSKY, CCI, OTIS, EXC, NVR, ROL, PEG, WSM, RMD, ULTA, EXPD, IBKR, EME, XYZ, AFL, IDXX, DOV, HIG, CBOE, FFIV, COO, NRG, TDY, GRMN, BAX, JBHT, CPRT, CDW, HAL, KHC, MGM, TYL, HUBB, FISV, PTC, DPZ, ZBH, ZBRA, TKO, ED, DG, HSY, ALB, SYF, OMC, ZTS, CPAY, SPG, GPN, DECK, APA, STZ, MTB, WRB, SW, AEE, BG, VRSK, PHM, LUV, GEHC, DOW, LNT, STLD, INCY, FDXF, PPG, HST, ATO, ESS, VLTO, PPL, CLX, ADM, LYB, FDS, HAS, BRO, IRM, GNRC, PRU, ALLE, EVRG, ES, LVS, NTRS, MAA, NWSA, UHS, TSN, FIS, PFG, NCLH, SBAC, PODD, MOS, MAS, ALGN, TROW, JKHY, LII, IT, EIX, BEN, Q, IP, FE, IVZ, TPL, CHD, AIZ, UDR, INVH, LDOS, SJM, BR, APTV, CSGP, VICI, TXT, WTW, L, IFF, WY, AES, WYNN, PNR, AMCR, DOC, IEX, HII, STE, EG, MKC, CPT, SWK, FRT, BALL, J, PNW, DD, PKG, VTRS, REG, DVA, TRMB, AVY, GPC, NDSN, KIM, HSIC
2026-09-25 19:18:53,088 | Restored daily risk state from previous run: day 2026-09-24, breaker tripped: False
2026-09-25 19:18:53,088 | Restored open-position context for 2 symbol(s) from previous run.
2026-09-25 19:18:53,088 | Running in --duration-minutes mode: cycling for 150 minutes, then exiting.
2026-09-25 19:18:53,457 | Daily loss circuit breaker: tracking from starting equity $99,331.58 (limit -3%).
2026-09-25 19:18:53,457 | Daily conviction-sizing pool reset: $25,000 available today.
2026-09-25 19:18:53,457 | SCANNER: refreshing watchlist...
2026-09-25 19:18:53,969 | SCANNER: excluded 3 leveraged/inverse ETF(s) from 4 candidate(s).
2026-09-25 19:18:54,409 | SCANNER: 1 candidate(s) passed price/extension filters but none met the $10,000,000 average dollar-volume bar.
2026-09-25 19:18:54,504 | S&P 500: refreshed constituent list (503 symbols).
2026-09-25 19:19:37,005 | S&P 500 liquidity backstop -> MU, META, NVDA, SNDK, AMD, INTC, TSLA, MSFT, AAPL, AMZN, GOOGL, AVGO, GOOG, DELL, ORCL, PLTR, MRVL, LITE, BE, STX, WBD, MRNA, LLY, WDC, LRCX, AZO, JPM, V, COST, TMO, AMAT, CSCO, CRWD, MA, CRM, QCOM, VLO, JNJ, PANW, GS, TXN, HOOD, GEV, BRK.B, WMT, NFLX, XOM, CAT, BAC, CVX, MCD, TJX, DHR, MRK, COHR, MPC, HD, C, SMCI, COIN, BKNG, PM, AMGN, UNH, UNP, MDT, DE, EXPE, MS, AKAM, BA, KLAC, DASH, ADI, GE, ALL, LIN, APP, PGR, WFC, ABNB, GILD, NOW, SCHW, TMUS, NKE, ABBV, PSX, RCL, ABT, KO, NXPI, COF, ILMN, MPWR, MCK, IBM, AXP, PG, ACN, UBER, NEE, CDNS, SYK, DDOG, HON, INTU, SHW, PEP, ETN, VZ, MLM, ADBE, CVS, PH, HPE, BMY, APH, BNY, HCA, ISRG, CMI, ADP, WELL, T, PCAR, COP, HLT, ANET, EQIX, BLK, DIS, RTX, AEP, AON, VRT, SNPS, VRTX, GLW, MRSH, P, BSX, HWM, ORLY, AMT, REGN, A, LOW, TER, FANG, TT, CL, CB, ELV, HONA, CTAS, STT, ACGL, ICE, HBAN, MCHP, SBUX, TRV, MAR, PYPL, AMP, SPGI, ON, IR, CAH, CSX, MMM, GM, PNC, FTNT, ROST, PFE, URI, CMCSA, CIEN, SO, SYY, JCI, CRH, USB, GD, TDG, IQV, PAYX, DVN, HUM, EBAY, MDLZ, LMT, FDX, GDDY, PWR, AJG, SLB, CASY, GWW, YUM, UPS, VEEV, CME, FCX, WM, MSI, DUK, CI, BKR, BX, TFC, APD, FSLR, AME, NOC, WAT, WEC, DAL, NEM, XEL, CEG, TGT, FAST, KR, DHI, RDDT, MTD, DRI, APO, D, PCG, CHTR, CRL, VMC, RVTY, WMB, CARR, EMR, MO, DXCM, ADSK, MCO, SWKS, TTWO, ROP, COR, FITB, EOG, AXON, KEYS, RSG, VTR, PLD, EW, GEN, LYV, CTVA, FIX, WDAY, NTAP, VST, TRGP, FOXA, CCL, VMRK, MNST, FERG, EQT, MSCI, NSC, UAL, EFX, F, NUE, LH, KKR, TEL, KEY, CBRE, TSCO, TPR, HPQ, CTSH, OKE, BBY, ODFL, ITW, O, ETR, CMG, CMS, DGX, FICO, CFG, DLR, NI, LEN, JBL, LHX, OXY, NDAQ, EXE, DLTR, FLEX, PSA, KMB, ECL, KMI, CF, EL, DOV, LULU, BDX, ECHO, MET, WST, XYL, CHRW, GIS, AIG, CNC, DTE, RL, RF, SRE, ARES, ROK, VRSN, EXC, RJF, KDP, JBHT, EXR, KVUE, CBOE, CNP, CCI, TECH, BIIB, AWK, WAB, EME, NVR, PEG, ROL, WSM, OTIS, CVNA, NRG, AFL, EXPD, FFIV, IBKR, COO, GRMN, HIG, XYZ, IDXX, FISV, HAL, DG, RMD, ED, TDY, ULTA, PSKY, CPRT, MGM, ZBRA, GEHC, BAX, CDW, KHC, TKO, SYF, HUBB, VRSK, DPZ, ALB, TYL, ZBH, PTC, LUV, OMC, CPAY, SPG, HSY, AEE, SW, APA, GPN, DECK, ZTS, DOW, PPL, WRB, MTB, PPG, STZ, INCY, PHM, BG, ATO, ADM, LNT, FDXF, ES, ESS, VLTO, STLD, HST, LYB, HAS, GNRC, MOS, FDS, PRU, IVZ, NTRS, LVS, IRM, ALLE, BRO, IT, FIS, MAA, SBAC, PODD, CLX, LII, UHS, CSGP, EVRG, PFG, TSN, EIX, FE, MAS, IP, ALGN, NCLH, TROW, BEN, INVH, IFF, BR, NWSA, UDR, LDOS, JKHY, AIZ, TXT, Q, VICI, WTW, SJM, APTV, CHD, TPL, CPT, IEX, WYNN, L, VTRS, AMCR, DOC, PNR, EG, SWK, BALL, WY, PKG, AES, STE, HII, FRT, PNW, MKC, J, DD, REG, DVA, TRMB, HSIC, AVY, NDSN, FTV, GPC
2026-09-25 19:19:37,007 | SCANNER: new watchlist -> MU, META, NVDA, SNDK, AMD, INTC, TSLA, MSFT, AAPL, AMZN, GOOGL, AVGO, GOOG, DELL, ORCL, PLTR, MRVL, LITE, BE, STX, WBD, MRNA, LLY, WDC, LRCX, AZO, JPM, V, COST, TMO, AMAT, CSCO, CRWD, MA, CRM, QCOM, VLO, JNJ, PANW, GS, TXN, HOOD, GEV, BRK.B, WMT, NFLX, XOM, CAT, BAC, CVX, MCD, TJX, DHR, MRK, COHR, MPC, HD, C, SMCI, COIN, BKNG, PM, AMGN, UNH, UNP, MDT, DE, EXPE, MS, AKAM, BA, KLAC, DASH, ADI, GE, ALL, LIN, APP, PGR, WFC, ABNB, GILD, NOW, SCHW, TMUS, NKE, ABBV, PSX, RCL, ABT, KO, NXPI, COF, ILMN, MPWR, MCK, IBM, AXP, PG, ACN, UBER, NEE, CDNS, SYK, DDOG, HON, INTU, SHW, PEP, ETN, VZ, MLM, ADBE, CVS, PH, HPE, BMY, APH, BNY, HCA, ISRG, CMI, ADP, WELL, T, PCAR, COP, HLT, ANET, EQIX, BLK, DIS, RTX, AEP, AON, VRT, SNPS, VRTX, GLW, MRSH, P, BSX, HWM, ORLY, AMT, REGN, A, LOW, TER, FANG, TT, CL, CB, ELV, HONA, CTAS, STT, ACGL, ICE, HBAN, MCHP, SBUX, TRV, MAR, PYPL, AMP, SPGI, ON, IR, CAH, CSX, MMM, GM, PNC, FTNT, ROST, PFE, URI, CMCSA, CIEN, SO, SYY, JCI, CRH, USB, GD, TDG, IQV, PAYX, DVN, HUM, EBAY, MDLZ, LMT, FDX, GDDY, PWR, AJG, SLB, CASY, GWW, YUM, UPS, VEEV, CME, FCX, WM, MSI, DUK, CI, BKR, BX, TFC, APD, FSLR, AME, NOC, WAT, WEC, DAL, NEM, XEL, CEG, TGT, FAST, KR, DHI, RDDT, MTD, DRI, APO, D, PCG, CHTR, CRL, VMC, RVTY, WMB, CARR, EMR, MO, DXCM, ADSK, MCO, SWKS, TTWO, ROP, COR, FITB, EOG, AXON, KEYS, RSG, VTR, PLD, EW, GEN, LYV, CTVA, FIX, WDAY, NTAP, VST, TRGP, FOXA, CCL, VMRK, MNST, FERG, EQT, MSCI, NSC, UAL, EFX, F, NUE, LH, KKR, TEL, KEY, CBRE, TSCO, TPR, HPQ, CTSH, OKE, BBY, ODFL, ITW, O, ETR, CMG, CMS, DGX, FICO, CFG, DLR, NI, LEN, JBL, LHX, OXY, NDAQ, EXE, DLTR, FLEX, PSA, KMB, ECL, KMI, CF, EL, DOV, LULU, BDX, ECHO, MET, WST, XYL, CHRW, GIS, AIG, CNC, DTE, RL, RF, SRE, ARES, ROK, VRSN, EXC, RJF, KDP, JBHT, EXR, KVUE, CBOE, CNP, CCI, TECH, BIIB, AWK, WAB, EME, NVR, PEG, ROL, WSM, OTIS, CVNA, NRG, AFL, EXPD, FFIV, IBKR, COO, GRMN, HIG, XYZ, IDXX, FISV, HAL, DG, RMD, ED, TDY, ULTA, PSKY, CPRT, MGM, ZBRA, GEHC, BAX, CDW, KHC, TKO, SYF, HUBB, VRSK, DPZ, ALB, TYL, ZBH, PTC, LUV, OMC, CPAY, SPG, HSY, AEE, SW, APA, GPN, DECK, ZTS, DOW, PPL, WRB, MTB, PPG, STZ, INCY, PHM, BG, ATO, ADM, LNT, FDXF, ES, ESS, VLTO, STLD, HST, LYB, HAS, GNRC, MOS, FDS, PRU, IVZ, NTRS, LVS, IRM, ALLE, BRO, IT, FIS, MAA, SBAC, PODD, CLX, LII, UHS, CSGP, EVRG, PFG, TSN, EIX, FE, MAS, IP, ALGN, NCLH, TROW, BEN, INVH, IFF, BR, NWSA, UDR, LDOS, JKHY, AIZ, TXT, Q, VICI, WTW, SJM, APTV, CHD, TPL, CPT, IEX, WYNN, L, VTRS, AMCR, DOC, PNR, EG, SWK, BALL, WY, PKG, AES, STE, HII, FRT, PNW, MKC, J, DD, REG, DVA, TRMB, HSIC, AVY, NDSN, FTV, GPC
2026-09-25 19:19:37,064 | Market is open (closes 2026-09-25 22:00:00 CEST your local time). Checking 490 symbols: A, AAPL, ABBV, ABNB, ABT, ACGL, ACN, ADBE, ADI, ADM, ADP, ADSK, AEE, AEP, AES, AFL, AIG, AIZ, AJG, AKAM, ALB, ALGN, ALL, ALLE, AMAT, AMCR, AMD, AME, AMGN, AMP, AMT, AMZN, ANET, AON, APA, APD, APH, APO, APP, APTV, ARES, ATO, AVGO, AVY, AWK, AXON, AXP, AZO, BA, BAC, BALL, BAX, BBY, BDX, BE, BEN, BG, BIIB, BKNG, BKR, BLK, BMY, BNY, BR, BRK.B, BRO, BSX, BX, C, CAH, CARR, CASY, CAT, CB, CBOE, CBRE, CCI, CCL, CDNS, CDW, CEG, CF, CFG, CHD, CHRW, CHTR, CI, CIEN, CL, CLX, CMCSA, CME, CMG, CMI, CMS, CNC, CNP, COF, COHR, COIN, COO, COP, COR, COST, CPAY, CPRT, CPT, CRH, CRL, CRM, CRWD, CSCO, CSGP, CSX, CTAS, CTSH, CTVA, CVNA, CVS, CVX, D, DAL, DASH, DD, DDOG, DE, DECK, DELL, DG, DGX, DHI, DHR, DIS, DLR, DLTR, DOC, DOV, DOW, DPZ, DRI, DTE, DUK, DVA, DVN, DXCM, EBAY, ECHO, ECL, ED, EFX, EG, EIX, EL, ELV, EME, EMR, EOG, EQIX, EQT, ES, ESS, ETN, ETR, EVRG, EW, EXC, EXE, EXPD, EXPE, EXR, F, FANG, FAST, FCX, FDS, FDX, FDXF, FE, FERG, FFIV, FICO, FIS, FISV, FITB, FIX, FLEX, FOXA, FRT, FSLR, FTNT, FTV, GD, GDDY, GE, GEHC, GEN, GEV, GILD, GIS, GLW, GM, GNRC, GOOG, GOOGL, GPC, GPN, GRMN, GS, GWW, HAL, HAS, HBAN, HCA, HD, HIG, HII, HLT, HON, HONA, HOOD, HPE, HPQ, HSIC, HST, HSY, HUBB, HUM, HWM, IBKR, IBM, ICE, IDXX, IEX, IFF, ILMN, INCY, INTC, INTU, INVH, IP, IQV, IR, IRM, ISRG, IT, ITW, IVZ, J, JBHT, JBL, JCI, JKHY, JNJ, JPM, KDP, KEY, KEYS, KHC, KKR, KLAC, KMB, KMI, KO, KR, KVUE, L, LDOS, LEN, LH, LHX, LII, LIN, LITE, LLY, LMT, LNT, LOW, LRCX, LULU, LUV, LVS, LYB, LYV, MA, MAA, MAR, MAS, MCD, MCHP, MCK, MCO, MDLZ, MDT, MET, META, MGM, MKC, MLM, MMM, MNST, MO, MOS, MPC, MPWR, MRK, MRNA, MRSH, MRVL, MS, MSCI, MSFT, MSI, MTB, MTD, MU, NCLH, NDAQ, NDSN, NEE, NEM, NFLX, NI, NKE, NOC, NOW, NRG, NSC, NTAP, NTRS, NUE, NVDA, NVR, NWSA, NXPI, O, ODFL, OKE, OMC, ON, ORCL, ORLY, OTIS, OXY, P, PANW, PAYX, PCAR, PCG, PEG, PEP, PFE, PFG, PG, PGR, PH, PHM, PKG, PLD, PLTR, PM, PNC, PNR, PNW, PODD, PPG, PPL, PRU, PSA, PSKY, PSX, PTC, PWR, PYPL, Q, QCOM, RCL, RDDT, REG, REGN, RF, RJF, RL, RMD, ROK, ROL, ROP, ROST, RSG, RTX, RVTY, SBAC, SBUX, SCHW, SHW, SJM, SLB, SMCI, SNDK, SNPS, SO, SPG, SPGI, SRE, STE, STLD, STT, STX, STZ, SW, SWK, SWKS, SYF, SYK, SYY, T, TDG, TDY, TECH, TEL, TER, TFC, TGT, TJX, TKO, TMO, TMUS, TPL, TPR, TRGP, TRMB, TROW, TRV, TSCO, TSLA, TSN, TT, TTWO, TXN, TXT, TYL, UAL, UBER, UDR, UHS, ULTA, UNH, UNP, UPS, URI, USB, V, VEEV, VICI, VLO, VLTO, VMC, VMRK, VRSK, VRSN, VRT, VRTX, VST, VTR, VTRS, VZ, WAB, WAT, WBD, WDAY, WDC, WEC, WELL, WFC, WM, WMB, WMT, WRB, WSM, WST, WTW, WY, WYNN, XEL, XOM, XYL, XYZ, YUM, ZBH, ZBRA, ZTS (within 90 min of close -- not enough runway left today for a new position)
2026-09-25 19:20:52,768 | [A] choppy/sideways (ADX 18.5) -> mean-reversion strategy | Signal: HOLD | Shares held: 0.0 | Last price: $171.62
2026-09-25 19:20:52,768 | [A] ACTION: No trade.
2026-09-25 19:20:52,790 | [AAPL] choppy/sideways (ADX 20.5) -> mean-reversion strategy | Signal: HOLD | Shares held: 0.0 | Last price: $340.39
2026-09-25 19:20:52,791 | [AAPL] ACTION: No trade.
2026-09-25 19:20:52,811 | [ABBV] choppy/sideways (ADX 11.9) -> mean-reversion strategy | Signal: HOLD | Shares held: 0.0 | Last price: $264.50
2026-09-25 19:20:52,811 | [ABBV] ACTION: No trade.
2026-09-25 19:20:52,892 | [ABNB] trending (ADX 47.2) -> trend-following strategy | Signal: HOLD | Shares held: 0.0 | Last price: $157.33
2026-09-25 19:20:52,892 | [ABNB] ACTION: No trade.
2026-09-25 19:20:52,912 | [ABT] trending (ADX 29.6) -> trend-following strategy | Signal: HOLD | Shares held: 0.0 | Last price: $101.14
2026-09-25 19:20:52,912 | [ABT] ACTION: No trade.
2026-09-25 19:20:52,990 | [ACGL] choppy/sideways (ADX 21.1) -> mean-reversion strategy | Signal: HOLD | Shares held: 0.0 | Last price: $95.00
2026-09-25 19:20:52,990 | [ACGL] ACTION: No trade.
2026-09-25 19:20:53,069 | [ACN] trending (ADX 33.3) -> trend-following strategy | Signal: HOLD | Shares held: 0.0 | Last price: $177.08
2026-09-25 19:20:53,069 | [ACN] ACTION: No trade.
2026-09-25 19:20:53,089 | [ADBE] choppy/sideways (ADX 22.9) -> mean-reversion strategy | Signal: HOLD | Shares held: 0.0 | Last price: $235.77
2026-09-25 19:20:53,089 | [ADBE] ACTION: No trade.
2026-09-25 19:20:53,166 | [ADI] trending (ADX 31.7) -> trend-following strategy | Signal: HOLD | Shares held: 0.0 | Last price: $394.07
2026-09-25 19:20:53,166 | [ADI] ACTION: No trade.
2026-09-25 19:20:53,243 | [ADM] choppy/sideways (ADX 23.8) -> mean-reversion strategy | Signal: HOLD | Shares held: 0.0 | Last price: $81.45
2026-09-25 19:20:53,243 | [ADM] ACTION: No trade.
2026-09-25 19:20:53,321 | [ADP] choppy/sideways (ADX 10.8) -> mean-reversion strategy | Signal: HOLD | Shares held: 0.0 | Last price: $263.42
2026-09-25 19:20:53,321 | [ADP] ACTION: No trade.
2026-09-25 19:20:53,398 | [ADSK] trending (ADX 41.5) -> trend-following strategy | Signal: HOLD | Shares held: 0.0 | Last price: $211.14
2026-09-25 19:20:53,398 | [ADSK] ACTION: No trade.
2026-09-25 19:20:53,476 | [AEE] choppy/sideways (ADX 15.8) -> mean-reversion strategy | Signal: HOLD | Shares held: 0.0 | Last price: $99.11
2026-09-25 19:20:53,476 | [AEE] ACTION: No trade.
2026-09-25 19:20:53,554 | [AEP] choppy/sideways (ADX 22.7) -> mean-reversion strategy | Signal: HOLD | Shares held: 0.0 | Last price: $117.87
2026-09-25 19:20:53,554 | [AEP] ACTION: No trade.
2026-09-25 19:20:53,632 | [AES] choppy/sideways (ADX 24.2) -> mean-reversion strategy | Signal: HOLD | Shares held: 0.0 | Last price: $14.88
2026-09-25 19:20:53,632 | [AES] ACTION: No trade.
2026-09-25 19:20:53,709 | [AFL] trending (ADX 38.2) -> trend-following strategy | Signal: HOLD | Shares held: 0.0 | Last price: $113.53
2026-09-25 19:20:53,710 | [AFL] ACTION: No trade.
2026-09-25 19:20:53,787 | [AIG] trending (ADX 28.1) -> trend-following strategy | Signal: HOLD | Shares held: 0.0 | Last price: $74.30
2026-09-25 19:20:53,787 | [AIG] ACTION: No trade.
2026-09-25 19:20:53,864 | [AIZ] trending (ADX 26.3) -> trend-following strategy | Signal: HOLD | Shares held: 0.0 | Last price: $266.05
2026-09-25 19:20:53,864 | [AIZ] ACTION: No trade.
2026-09-25 19:20:53,941 | [AJG] trending (ADX 27.2) -> trend-following strategy | Signal: HOLD | Shares held: 0.0 | Last price: $230.77
2026-09-25 19:20:53,941 | [AJG] ACTION: No trade.
2026-09-25 19:20:54,020 | [AKAM] choppy/sideways (ADX 15.8) -> mean-reversion strategy | Signal: HOLD | Shares held: 0.0 | Last price: $115.41
2026-09-25 19:20:54,020 | [AKAM] ACTION: No trade.
2026-09-25 19:20:54,097 | [ALB] choppy/sideways (ADX 19.9) -> mean-reversion strategy | Signal: HOLD | Shares held: 0.0 | Last price: $110.36
2026-09-25 19:20:54,097 | [ALB] ACTION: No trade.
2026-09-25 19:20:54,174 | [ALGN] choppy/sideways (ADX 12.7) -> mean-reversion strategy | Signal: HOLD | Shares held: 0.0 | Last price: $146.71
2026-09-25 19:20:54,174 | [ALGN] ACTION: No trade.
2026-09-25 19:20:54,251 | [ALL] choppy/sideways (ADX 13.7) -> mean-reversion strategy | Signal: HOLD | Shares held: 0.0 | Last price: $228.82
2026-09-25 19:20:54,252 | [ALL] ACTION: No trade.
2026-09-25 19:20:54,328 | [ALLE] trending (ADX 29.0) -> trend-following strategy | Signal: HOLD | Shares held: 0.0 | Last price: $154.92
2026-09-25 19:20:54,329 | [ALLE] ACTION: No trade.
2026-09-25 19:20:54,349 | [AMAT] trending (ADX 34.5) -> trend-following strategy | Signal: HOLD | Shares held: 0.0 | Last price: $485.60
2026-09-25 19:20:54,349 | [AMAT] ACTION: No trade.
2026-09-25 19:20:54,435 | [AMCR] trending (ADX 25.3) -> trend-following strategy | Signal: HOLD | Shares held: 0.0 | Last price: $42.36
2026-09-25 19:20:54,435 | [AMCR] ACTION: No trade.
2026-09-25 19:20:54,456 | [AMD] choppy/sideways (ADX 14.5) -> mean-reversion strategy | Signal: HOLD | Shares held: 0.0 | Last price: $629.87
2026-09-25 19:20:54,456 | [AMD] ACTION: No trade.
2026-09-25 19:20:54,533 | [AME] trending (ADX 26.0) -> trend-following strategy | Signal: HOLD | Shares held: 0.0 | Last price: $250.76
2026-09-25 19:20:54,533 | [AME] ACTION: No trade.
2026-09-25 19:20:54,613 | [AMGN] choppy/sideways (ADX 21.8) -> mean-reversion strategy | Signal: HOLD | Shares held: 0.0 | Last price: $414.36
2026-09-25 19:20:54,613 | [AMGN] ACTION: No trade.
2026-09-25 19:20:54,689 | [AMP] choppy/sideways (ADX 21.4) -> mean-reversion strategy | Signal: HOLD | Shares held: 0.0 | Last price: $500.11
2026-09-25 19:20:54,689 | [AMP] ACTION: No trade.
2026-09-25 19:20:54,767 | [AMT] choppy/sideways (ADX 15.4) -> mean-reversion strategy | Signal: HOLD | Shares held: 0.0 | Last price: $168.47
2026-09-25 19:20:54,767 | [AMT] ACTION: No trade.
2026-09-25 19:20:54,787 | [AMZN] choppy/sideways (ADX 16.8) -> mean-reversion strategy | Signal: HOLD | Shares held: 0.0 | Last price: $249.65
2026-09-25 19:20:54,787 | [AMZN] ACTION: No trade.
2026-09-25 19:20:54,865 | [ANET] choppy/sideways (ADX 18.9) -> mean-reversion strategy | Signal: HOLD | Shares held: 0.0 | Last price: $207.57
2026-09-25 19:20:54,865 | [ANET] ACTION: No trade.
2026-09-25 19:20:54,942 | [AON] choppy/sideways (ADX 19.2) -> mean-reversion strategy | Signal: HOLD | Shares held: 0.0 | Last price: $278.92
2026-09-25 19:20:54,942 | [AON] ACTION: No trade.
2026-09-25 19:20:55,018 | [APA] trending (ADX 40.1) -> trend-following strategy | Signal: HOLD | Shares held: 0.0 | Last price: $42.80
2026-09-25 19:20:55,018 | [APA] ACTION: No trade.
2026-09-25 19:20:55,095 | [APD] trending (ADX 44.9) -> trend-following strategy | Signal: HOLD | Shares held: 0.0 | Last price: $281.78
2026-09-25 19:20:55,095 | [APD] ACTION: No trade.
2026-09-25 19:20:55,172 | [APH] trending (ADX 26.4) -> trend-following strategy | Signal: HOLD | Shares held: 0.0 | Last price: $84.16
2026-09-25 19:20:55,172 | [APH] ACTION: No trade.
2026-09-25 19:20:55,249 | [APO] choppy/sideways (ADX 17.2) -> mean-reversion strategy | Signal: HOLD | Shares held: 0.0 | Last price: $121.68
2026-09-25 19:20:55,250 | [APO] ACTION: No trade.
2026-09-25 19:20:55,326 | [APP] choppy/sideways (ADX 17.2) -> mean-reversion strategy | Signal: HOLD | Shares held: 0.0 | Last price: $311.68
2026-09-25 19:20:55,327 | [APP] ACTION: No trade.
2026-09-25 19:20:55,404 | [APTV] trending (ADX 33.1) -> trend-following strategy | Signal: HOLD | Shares held: 0.0 | Last price: $44.92
2026-09-25 19:20:55,404 | [APTV] ACTION: No trade.
2026-09-25 19:20:55,480 | [ARES] trending (ADX 30.2) -> trend-following strategy | Signal: HOLD | Shares held: 0.0 | Last price: $121.95
2026-09-25 19:20:55,481 | [ARES] ACTION: No trade.
2026-09-25 19:20:55,557 | [ATO] choppy/sideways (ADX 24.8) -> mean-reversion strategy | Signal: HOLD | Shares held: 0.0 | Last price: $157.16
2026-09-25 19:20:55,558 | [ATO] ACTION: No trade.
2026-09-25 19:20:55,578 | [AVGO] choppy/sideways (ADX 21.6) -> mean-reversion strategy | Signal: HOLD | Shares held: 0.0 | Last price: $352.27
2026-09-25 19:20:55,578 | [AVGO] ACTION: No trade.
2026-09-25 19:20:55,655 | [AVY] trending (ADX 26.6) -> trend-following strategy | Signal: HOLD | Shares held: 0.0 | Last price: $170.28
2026-09-25 19:20:55,655 | [AVY] ACTION: No trade.
2026-09-25 19:20:55,732 | [AWK] choppy/sideways (ADX 24.0) -> mean-reversion strategy | Signal: HOLD | Shares held: 0.0 | Last price: $130.75
2026-09-25 19:20:55,732 | [AWK] ACTION: No trade.
2026-09-25 19:20:55,808 | [AXON] trending (ADX 32.8) -> trend-following strategy | Signal: HOLD | Shares held: 0.0 | Last price: $433.75
2026-09-25 19:20:55,808 | [AXON] ACTION: No trade.
2026-09-25 19:20:55,828 | [AXP] trending (ADX 63.5) -> trend-following strategy | Signal: HOLD | Shares held: 0.0 | Last price: $309.64
2026-09-25 19:20:55,828 | [AXP] ACTION: No trade.
2026-09-25 19:20:55,910 | [AZO] choppy/sideways (ADX 18.2) -> mean-reversion strategy | Signal: HOLD | Shares held: 0.0 | Last price: $2882.24
2026-09-25 19:20:55,910 | [AZO] ACTION: No trade.
2026-09-25 19:20:55,930 | [BA] choppy/sideways (ADX 18.7) -> mean-reversion strategy | Signal: HOLD | Shares held: 0.0 | Last price: $198.94
2026-09-25 19:20:55,931 | [BA] ACTION: No trade.
2026-09-25 19:20:55,951 | [BAC] choppy/sideways (ADX 22.1) -> mean-reversion strategy | Signal: HOLD | Shares held: 0.0 | Last price: $56.72
2026-09-25 19:20:55,951 | [BAC] ACTION: No trade.
2026-09-25 19:20:56,027 | [BALL] trending (ADX 31.6) -> trend-following strategy | Signal: HOLD | Shares held: 0.0 | Last price: $56.51
2026-09-25 19:20:56,028 | [BALL] ACTION: No trade.
2026-09-25 19:20:56,110 | [BAX] choppy/sideways (ADX 13.7) -> mean-reversion strategy | Signal: HOLD | Shares held: 0.0 | Last price: $23.43
2026-09-25 19:20:56,110 | [BAX] ACTION: No trade.
2026-09-25 19:20:56,187 | [BBY] choppy/sideways (ADX 17.0) -> mean-reversion strategy | Signal: HOLD | Shares held: 0.0 | Last price: $90.89
2026-09-25 19:20:56,187 | [BBY] ACTION: No trade.
2026-09-25 19:20:56,263 | [BDX] trending (ADX 26.5) -> trend-following strategy | Signal: HOLD | Shares held: 0.0 | Last price: $183.21
2026-09-25 19:20:56,263 | [BDX] ACTION: No trade.
2026-09-25 19:20:56,342 | [BE] trending (ADX 33.1) -> trend-following strategy | Signal: HOLD | Shares held: 0.0 | Last price: $288.96
2026-09-25 19:20:56,342 | [BE] ACTION: No trade.
2026-09-25 19:20:56,421 | [BEN] trending (ADX 29.9) -> trend-following strategy | Signal: HOLD | Shares held: 0.0 | Last price: $33.16
2026-09-25 19:20:56,421 | [BEN] ACTION: No trade.
2026-09-25 19:20:56,498 | [BG] trending (ADX 29.9) -> trend-following strategy | Signal: HOLD | Shares held: 0.0 | Last price: $109.96
2026-09-25 19:20:56,498 | [BG] ACTION: No trade.
2026-09-25 19:20:56,575 | [BIIB] choppy/sideways (ADX 17.4) -> mean-reversion strategy | Signal: HOLD | Shares held: 0.0 | Last price: $228.15
2026-09-25 19:20:56,575 | [BIIB] ACTION: No trade.
2026-09-25 19:20:56,595 | [BKNG] trending (ADX 44.6) -> trend-following strategy | Signal: HOLD | Shares held: 0.0 | Last price: $163.69
2026-09-25 19:20:56,595 | [BKNG] ACTION: No trade.
2026-09-25 19:20:56,672 | [BKR] trending (ADX 29.2) -> trend-following strategy | Signal: HOLD | Shares held: 0.0 | Last price: $57.59
2026-09-25 19:20:56,672 | [BKR] ACTION: No trade.
2026-09-25 19:20:56,750 | [BLK] choppy/sideways (ADX 24.9) -> mean-reversion strategy | Signal: HOLD | Shares held: 0.0 | Last price: $1081.60
2026-09-25 19:20:56,750 | [BLK] ACTION: No trade.
2026-09-25 19:20:56,829 | [BMY] trending (ADX 47.4) -> trend-following strategy | Signal: HOLD | Shares held: 0.0 | Last price: $62.70
2026-09-25 19:20:56,829 | [BMY] ACTION: No trade.
2026-09-25 19:20:56,907 | [BNY] choppy/sideways (ADX 9.4) -> mean-reversion strategy | Signal: HOLD | Shares held: 0.0 | Last price: $150.15
2026-09-25 19:20:56,907 | [BNY] ACTION: No trade.
2026-09-25 19:20:56,984 | [BR] choppy/sideways (ADX 19.8) -> mean-reversion strategy | Signal: HOLD | Shares held: 0.0 | Last price: $164.49
2026-09-25 19:20:56,984 | [BR] ACTION: No trade.
2026-09-25 19:20:57,059 | [BRK.B] choppy/sideways (ADX 12.9) -> mean-reversion strategy | Signal: HOLD | Shares held: 0.0 | Last price: $504.80
2026-09-25 19:20:57,060 | [BRK.B] ACTION: No trade.
2026-09-25 19:20:57,140 | [BRO] choppy/sideways (ADX 21.8) -> mean-reversion strategy | Signal: HOLD | Shares held: 0.0 | Last price: $61.06
2026-09-25 19:20:57,140 | [BRO] ACTION: No trade.
2026-09-25 19:20:57,217 | [BSX] trending (ADX 45.9) -> trend-following strategy | Signal: HOLD | Shares held: 0.0 | Last price: $44.05
2026-09-25 19:20:57,217 | [BSX] ACTION: No trade.
2026-09-25 19:20:57,294 | [BX] choppy/sideways (ADX 20.5) -> mean-reversion strategy | Signal: HOLD | Shares held: 0.0 | Last price: $118.50
2026-09-25 19:20:57,294 | [BX] ACTION: No trade.
2026-09-25 19:20:57,314 | [C] choppy/sideways (ADX 15.0) -> mean-reversion strategy | Signal: HOLD | Shares held: 0.0 | Last price: $134.63
2026-09-25 19:20:57,314 | [C] ACTION: No trade.
2026-09-25 19:20:57,394 | [CAH] choppy/sideways (ADX 16.1) -> mean-reversion strategy | Signal: HOLD | Shares held: 0.0 | Last price: $221.01
2026-09-25 19:20:57,394 | [CAH] ACTION: No trade.
2026-09-25 19:20:57,471 | [CARR] trending (ADX 34.7) -> trend-following strategy | Signal: HOLD | Shares held: 0.0 | Last price: $56.37
2026-09-25 19:20:57,471 | [CARR] ACTION: No trade.
2026-09-25 19:20:57,547 | [CASY] choppy/sideways (ADX 17.0) -> mean-reversion strategy | Signal: HOLD | Shares held: 0.0 | Last price: $597.89
2026-09-25 19:20:57,547 | [CASY] ACTION: No trade.
2026-09-25 19:20:57,568 | [CAT] choppy/sideways (ADX 23.7) -> mean-reversion strategy | Signal: HOLD | Shares held: 0.0 | Last price: $818.93
2026-09-25 19:20:57,568 | [CAT] ACTION: No trade.
2026-09-25 19:20:57,645 | [CB] choppy/sideways (ADX 23.5) -> mean-reversion strategy | Signal: HOLD | Shares held: 0.0 | Last price: $334.34
2026-09-25 19:20:57,645 | [CB] ACTION: No trade.
2026-09-25 19:20:57,722 | [CBOE] trending (ADX 38.7) -> trend-following strategy | Signal: HOLD | Shares held: 0.0 | Last price: $257.56
2026-09-25 19:20:57,722 | [CBOE] ACTION: No trade.
2026-09-25 19:20:57,798 | [CBRE] choppy/sideways (ADX 19.0) -> mean-reversion strategy | Signal: HOLD | Shares held: 0.0 | Last price: $135.46
2026-09-25 19:20:57,798 | [CBRE] ACTION: No trade.
2026-09-25 19:20:57,876 | [CCI] choppy/sideways (ADX 22.1) -> mean-reversion strategy | Signal: HOLD | Shares held: 0.0 | Last price: $67.61
2026-09-25 19:20:57,876 | [CCI] ACTION: No trade.
2026-09-25 19:20:57,954 | [CCL] trending (ADX 35.4) -> trend-following strategy | Signal: HOLD | Shares held: 0.0 | Last price: $22.32
2026-09-25 19:20:57,954 | [CCL] ACTION: No trade.
2026-09-25 19:20:58,030 | [CDNS] trending (ADX 25.6) -> trend-following strategy | Signal: HOLD | Shares held: 0.0 | Last price: $324.61
2026-09-25 19:20:58,030 | [CDNS] ACTION: No trade.
2026-09-25 19:20:58,108 | [CDW] trending (ADX 33.3) -> trend-following strategy | Signal: HOLD | Shares held: 0.0 | Last price: $137.33
2026-09-25 19:20:58,108 | [CDW] ACTION: No trade.
2026-09-25 19:20:58,188 | [CEG] choppy/sideways (ADX 13.4) -> mean-reversion strategy | Signal: HOLD | Shares held: 0.0 | Last price: $263.61
2026-09-25 19:20:58,188 | [CEG] ACTION: No trade.
2026-09-25 19:20:58,264 | [CF] trending (ADX 43.0) -> trend-following strategy | Signal: HOLD | Shares held: 0.0 | Last price: $115.23
2026-09-25 19:20:58,264 | [CF] ACTION: No trade.
2026-09-25 19:20:58,342 | [CFG] trending (ADX 38.6) -> trend-following strategy | Signal: HOLD | Shares held: 0.0 | Last price: $65.69
2026-09-25 19:20:58,342 | [CFG] ACTION: No trade.
2026-09-25 19:20:58,418 | [CHD] choppy/sideways (ADX 20.9) -> mean-reversion strategy | Signal: HOLD | Shares held: 0.0 | Last price: $96.33
2026-09-25 19:20:58,418 | [CHD] ACTION: No trade.
2026-09-25 19:20:58,495 | [CHRW] trending (ADX 25.6) -> trend-following strategy | Signal: HOLD | Shares held: 0.0 | Last price: $146.81
2026-09-25 19:20:58,495 | [CHRW] ACTION: No trade.
2026-09-25 19:20:58,573 | [CHTR] trending (ADX 30.6) -> trend-following strategy | Signal: HOLD | Shares held: 0.0 | Last price: $113.03
2026-09-25 19:20:58,573 | [CHTR] ACTION: No trade.
2026-09-25 19:20:58,649 | [CI] choppy/sideways (ADX 24.5) -> mean-reversion strategy | Signal: HOLD | Shares held: 0.0 | Last price: $273.08
2026-09-25 19:20:58,649 | [CI] ACTION: No trade.
2026-09-25 19:20:58,727 | [CIEN] choppy/sideways (ADX 8.4) -> mean-reversion strategy | Signal: HOLD | Shares held: 0.0 | Last price: $355.96
2026-09-25 19:20:58,727 | [CIEN] ACTION: No trade.
2026-09-25 19:20:58,809 | [CL] choppy/sideways (ADX 21.0) -> mean-reversion strategy | Signal: HOLD | Shares held: 0.0 | Last price: $85.90
2026-09-25 19:20:58,809 | [CL] ACTION: No trade.
2026-09-25 19:20:58,887 | [CLX] choppy/sideways (ADX 22.1) -> mean-reversion strategy | Signal: HOLD | Shares held: 0.0 | Last price: $82.97
2026-09-25 19:20:58,887 | [CLX] ACTION: No trade.
2026-09-25 19:20:58,966 | [CMCSA] trending (ADX 28.0) -> trend-following strategy | Signal: HOLD | Shares held: 0.0 | Last price: $21.80
2026-09-25 19:20:58,966 | [CMCSA] ACTION: No trade.
2026-09-25 19:20:59,047 | [CME] trending (ADX 35.5) -> trend-following strategy | Signal: HOLD | Shares held: 0.0 | Last price: $263.24
2026-09-25 19:20:59,047 | [CME] ACTION: No trade.
2026-09-25 19:20:59,123 | [CMG] choppy/sideways (ADX 19.8) -> mean-reversion strategy | Signal: HOLD | Shares held: 0.0 | Last price: $31.38
2026-09-25 19:20:59,123 | [CMG] ACTION: No trade.
2026-09-25 19:20:59,200 | [CMI] choppy/sideways (ADX 13.9) -> mean-reversion strategy | Signal: HOLD | Shares held: 0.0 | Last price: $522.76
2026-09-25 19:20:59,200 | [CMI] ACTION: No trade.
2026-09-25 19:20:59,277 | [CMS] choppy/sideways (ADX 14.6) -> mean-reversion strategy | Signal: HOLD | Shares held: 0.0 | Last price: $62.91
2026-09-25 19:20:59,277 | [CMS] ACTION: No trade.
2026-09-25 19:20:59,357 | [CNC] choppy/sideways (ADX 20.3) -> mean-reversion strategy | Signal: HOLD | Shares held: 0.0 | Last price: $62.34
2026-09-25 19:20:59,357 | [CNC] ACTION: No trade.
2026-09-25 19:20:59,434 | [CNP] trending (ADX 30.1) -> trend-following strategy | Signal: HOLD | Shares held: 0.0 | Last price: $36.73
2026-09-25 19:20:59,434 | [CNP] ACTION: No trade.
2026-09-25 19:20:59,512 | [COF] trending (ADX 43.5) -> trend-following strategy | Signal: HOLD | Shares held: 0.0 | Last price: $200.92
2026-09-25 19:20:59,512 | [COF] ACTION: No trade.
2026-09-25 19:20:59,590 | [COHR] choppy/sideways (ADX 24.4) -> mean-reversion strategy | Signal: HOLD | Shares held: 0.0 | Last price: $296.80
2026-09-25 19:20:59,590 | [COHR] ACTION: No trade.
2026-09-25 19:20:59,610 | [COIN] choppy/sideways (ADX 16.6) -> mean-reversion strategy | Signal: HOLD | Shares held: 0.0 | Last price: $195.65
2026-09-25 19:20:59,610 | [COIN] ACTION: No trade.
2026-09-25 19:20:59,686 | [COO] choppy/sideways (ADX 19.6) -> mean-reversion strategy | Signal: HOLD | Shares held: 0.0 | Last price: $55.22
2026-09-25 19:20:59,687 | [COO] ACTION: No trade.
2026-09-25 19:20:59,707 | [COP] trending (ADX 32.6) -> trend-following strategy | Signal: HOLD | Shares held: 0.0 | Last price: $127.56
2026-09-25 19:20:59,707 | [COP] ACTION: No trade.
2026-09-25 19:20:59,784 | [COR] trending (ADX 29.2) -> trend-following strategy | Signal: HOLD | Shares held: 0.0 | Last price: $307.27
2026-09-25 19:20:59,784 | [COR] ACTION: No trade.
2026-09-25 19:20:59,805 | [COST] trending (ADX 42.0) -> trend-following strategy | Signal: HOLD | Shares held: 0.0 | Last price: $920.77
2026-09-25 19:20:59,805 | [COST] ACTION: No trade.
2026-09-25 19:20:59,884 | [CPAY] choppy/sideways (ADX 15.2) -> mean-reversion strategy | Signal: HOLD | Shares held: 0.0 | Last price: $399.24
2026-09-25 19:20:59,884 | [CPAY] ACTION: No trade.
2026-09-25 19:20:59,961 | [CPRT] choppy/sideways (ADX 18.1) -> mean-reversion strategy | Signal: HOLD | Shares held: 0.0 | Last price: $27.64
2026-09-25 19:20:59,961 | [CPRT] ACTION: No trade.
2026-09-25 19:21:00,037 | [CPT] choppy/sideways (ADX 20.1) -> mean-reversion strategy | Signal: HOLD | Shares held: 0.0 | Last price: $98.34
2026-09-25 19:21:00,037 | [CPT] ACTION: No trade.
2026-09-25 19:21:00,117 | [CRH] trending (ADX 25.3) -> trend-following strategy | Signal: HOLD | Shares held: 0.0 | Last price: $85.38
2026-09-25 19:21:00,118 | [CRH] ACTION: No trade.
2026-09-25 19:21:00,195 | [CRL] choppy/sideways (ADX 18.1) -> mean-reversion strategy | Signal: HOLD | Shares held: 0.0 | Last price: $292.63
2026-09-25 19:21:00,195 | [CRL] ACTION: No trade.
2026-09-25 19:21:00,215 | [CRM] trending (ADX 42.6) -> trend-following strategy | Signal: HOLD | Shares held: 0.0 | Last price: $234.13
2026-09-25 19:21:00,215 | [CRM] ACTION: No trade.
2026-09-25 19:21:00,292 | [CRWD] trending (ADX 31.0) -> trend-following strategy | Signal: HOLD | Shares held: 0.0 | Last price: $253.73
2026-09-25 19:21:00,292 | [CRWD] ACTION: No trade.
2026-09-25 19:21:00,313 | [CSCO] choppy/sideways (ADX 23.5) -> mean-reversion strategy | Signal: HOLD | Shares held: 0.0 | Last price: $106.81
2026-09-25 19:21:00,313 | [CSCO] ACTION: No trade.
2026-09-25 19:21:00,390 | [CSGP] trending (ADX 26.4) -> trend-following strategy | Signal: HOLD | Shares held: 0.0 | Last price: $28.37
2026-09-25 19:21:00,390 | [CSGP] ACTION: No trade.
2026-09-25 19:21:00,467 | [CSX] choppy/sideways (ADX 14.5) -> mean-reversion strategy | Signal: HOLD | Shares held: 0.0 | Last price: $46.67
2026-09-25 19:21:00,468 | [CSX] ACTION: No trade.
2026-09-25 19:21:00,544 | [CTAS] choppy/sideways (ADX 23.8) -> mean-reversion strategy | Signal: HOLD | Shares held: 0.0 | Last price: $200.17
2026-09-25 19:21:00,544 | [CTAS] ACTION: No trade.
2026-09-25 19:21:00,656 | [CTSH] choppy/sideways (ADX 16.4) -> mean-reversion strategy | Signal: HOLD | Shares held: 0.0 | Last price: $57.66
2026-09-25 19:21:00,656 | [CTSH] ACTION: No trade.
2026-09-25 19:21:00,732 | [CTVA] choppy/sideways (ADX 21.2) -> mean-reversion strategy | Signal: HOLD | Shares held: 0.0 | Last price: $78.20
2026-09-25 19:21:00,732 | [CTVA] ACTION: No trade.
2026-09-25 19:21:00,811 | [CVNA] choppy/sideways (ADX 22.6) -> mean-reversion strategy | Signal: HOLD | Shares held: 0.0 | Last price: $64.59
2026-09-25 19:21:00,812 | [CVNA] ACTION: No trade.
2026-09-25 19:21:00,888 | [CVS] trending (ADX 52.8) -> trend-following strategy | Signal: HOLD | Shares held: 0.0 | Last price: $89.16
2026-09-25 19:21:00,888 | [CVS] ACTION: No trade.
2026-09-25 19:21:00,909 | [CVX] trending (ADX 28.3) -> trend-following strategy | Signal: HOLD | Shares held: 0.0 | Last price: $204.65
2026-09-25 19:21:00,909 | [CVX] ACTION: No trade.
2026-09-25 19:21:00,988 | [D] choppy/sideways (ADX 19.2) -> mean-reversion strategy | Signal: HOLD | Shares held: 0.0 | Last price: $60.79
2026-09-25 19:21:00,988 | [D] ACTION: No trade.
2026-09-25 19:21:01,065 | [DAL] trending (ADX 39.1) -> trend-following strategy | Signal: HOLD | Shares held: 0.0 | Last price: $85.04
2026-09-25 19:21:01,065 | [DAL] ACTION: No trade.
2026-09-25 19:21:01,143 | [DASH] trending (ADX 37.6) -> trend-following strategy | Signal: HOLD | Shares held: 0.0 | Last price: $191.70
2026-09-25 19:21:01,143 | [DASH] ACTION: No trade.
2026-09-25 19:21:01,224 | [DD] choppy/sideways (ADX 17.4) -> mean-reversion strategy | Signal: HOLD | Shares held: 0.0 | Last price: $131.49
2026-09-25 19:21:01,224 | [DD] ACTION: No trade.
2026-09-25 19:21:01,300 | [DDOG] trending (ADX 29.2) -> trend-following strategy | Signal: HOLD | Shares held: 0.0 | Last price: $269.26
2026-09-25 19:21:01,300 | [DDOG] ACTION: No trade.
2026-09-25 19:21:01,376 | [DE] trending (ADX 36.0) -> trend-following strategy | Signal: HOLD | Shares held: 0.0 | Last price: $683.39
2026-09-25 19:21:01,376 | [DE] ACTION: No trade.
2026-09-25 19:21:01,453 | [DECK] choppy/sideways (ADX 18.8) -> mean-reversion strategy | Signal: HOLD | Shares held: 0.0 | Last price: $78.74
2026-09-25 19:21:01,453 | [DECK] ACTION: No trade.
2026-09-25 19:21:01,534 | [DELL] trending (ADX 42.3) -> trend-following strategy | Signal: HOLD | Shares held: 0.0 | Last price: $565.90
2026-09-25 19:21:01,534 | [DELL] ACTION: No trade.
2026-09-25 19:21:01,612 | [DG] trending (ADX 27.1) -> trend-following strategy | Signal: HOLD | Shares held: 0.0 | Last price: $124.90
2026-09-25 19:21:01,612 | [DG] ACTION: No trade.
2026-09-25 19:21:01,688 | [DGX] choppy/sideways (ADX 17.2) -> mean-reversion strategy | Signal: HOLD | Shares held: 0.0 | Last price: $237.55
2026-09-25 19:21:01,688 | [DGX] ACTION: No trade.
2026-09-25 19:21:01,764 | [DHI] trending (ADX 25.8) -> trend-following strategy | Signal: HOLD | Shares held: 0.0 | Last price: $141.03
2026-09-25 19:21:01,765 | [DHI] ACTION: No trade.
2026-09-25 19:21:01,785 | [DHR] choppy/sideways (ADX 12.0) -> mean-reversion strategy | Signal: HOLD | Shares held: 0.0 | Last price: $224.27
2026-09-25 19:21:01,785 | [DHR] ACTION: No trade.
2026-09-25 19:21:01,805 | [DIS] choppy/sideways (ADX 16.8) -> mean-reversion strategy | Signal: HOLD | Shares held: 0.0 | Last price: $105.34
2026-09-25 19:21:01,805 | [DIS] ACTION: No trade.
2026-09-25 19:21:01,882 | [DLR] trending (ADX 29.1) -> trend-following strategy | Signal: HOLD | Shares held: 0.0 | Last price: $178.92
2026-09-25 19:21:01,882 | [DLR] ACTION: No trade.
2026-09-25 19:21:01,960 | [DLTR] choppy/sideways (ADX 19.0) -> mean-reversion strategy | Signal: HOLD | Shares held: 0.0 | Last price: $113.78
2026-09-25 19:21:01,960 | [DLTR] ACTION: No trade.
2026-09-25 19:21:02,038 | [DOC] trending (ADX 31.0) -> trend-following strategy | Signal: HOLD | Shares held: 0.0 | Last price: $20.21
2026-09-25 19:21:02,038 | [DOC] ACTION: No trade.
2026-09-25 19:21:02,115 | [DOV] trending (ADX 29.6) -> trend-following strategy | Signal: HOLD | Shares held: 0.0 | Last price: $192.10
2026-09-25 19:21:02,115 | [DOV] ACTION: No trade.
2026-09-25 19:21:02,192 | [DOW] trending (ADX 41.3) -> trend-following strategy | Signal: HOLD | Shares held: 0.0 | Last price: $27.81
2026-09-25 19:21:02,193 | [DOW] ACTION: No trade.
2026-09-25 19:21:02,269 | [DPZ] choppy/sideways (ADX 21.9) -> mean-reversion strategy | Signal: HOLD | Shares held: 0.0 | Last price: $288.52
2026-09-25 19:21:02,270 | [DPZ] ACTION: No trade.
2026-09-25 19:21:02,353 | [DRI] trending (ADX 52.8) -> trend-following strategy | Signal: HOLD | Shares held: 0.0 | Last price: $199.79
2026-09-25 19:21:02,353 | [DRI] ACTION: No trade.
2026-09-25 19:21:02,430 | [DTE] choppy/sideways (ADX 15.5) -> mean-reversion strategy | Signal: HOLD | Shares held: 0.0 | Last price: $121.20
2026-09-25 19:21:02,430 | [DTE] ACTION: No trade.
2026-09-25 19:21:02,507 | [DUK] choppy/sideways (ADX 20.8) -> mean-reversion strategy | Signal: HOLD | Shares held: 0.0 | Last price: $113.11
2026-09-25 19:21:02,507 | [DUK] ACTION: No trade.
2026-09-25 19:21:02,584 | [DVA] choppy/sideways (ADX 15.1) -> mean-reversion strategy | Signal: HOLD | Shares held: 0.0 | Last price: $178.50
2026-09-25 19:21:02,584 | [DVA] ACTION: No trade.
2026-09-25 19:21:02,667 | [DVN] trending (ADX 30.8) -> trend-following strategy | Signal: HOLD | Shares held: 0.0 | Last price: $47.25
2026-09-25 19:21:02,667 | [DVN] ACTION: No trade.
2026-09-25 19:21:02,743 | [DXCM] choppy/sideways (ADX 20.1) -> mean-reversion strategy | Signal: HOLD | Shares held: 0.0 | Last price: $87.11
2026-09-25 19:21:02,744 | [DXCM] ACTION: No trade.
2026-09-25 19:21:02,819 | [EBAY] choppy/sideways (ADX 13.0) -> mean-reversion strategy | Signal: HOLD | Shares held: 0.0 | Last price: $108.04
2026-09-25 19:21:02,820 | [EBAY] ACTION: No trade.
2026-09-25 19:21:02,899 | [ECHO] choppy/sideways (ADX 12.4) -> mean-reversion strategy | Signal: HOLD | Shares held: 0.0 | Last price: $90.39
2026-09-25 19:21:02,899 | [ECHO] ACTION: No trade.
2026-09-25 19:21:02,976 | [ECL] trending (ADX 32.7) -> trend-following strategy | Signal: HOLD | Shares held: 0.0 | Last price: $279.52
2026-09-25 19:21:02,976 | [ECL] ACTION: No trade.
2026-09-25 19:21:03,057 | [ED] choppy/sideways (ADX 13.2) -> mean-reversion strategy | Signal: HOLD | Shares held: 0.0 | Last price: $102.84
2026-09-25 19:21:03,057 | [ED] ACTION: No trade.
2026-09-25 19:21:03,134 | [EFX] trending (ADX 36.3) -> trend-following strategy | Signal: HOLD | Shares held: 0.0 | Last price: $146.95
2026-09-25 19:21:03,134 | [EFX] ACTION: No trade.
2026-09-25 19:21:03,210 | [EG] choppy/sideways (ADX 14.0) -> mean-reversion strategy | Signal: HOLD | Shares held: 0.0 | Last price: $372.26
2026-09-25 19:21:03,210 | [EG] ACTION: No trade.
2026-09-25 19:21:03,288 | [EIX] choppy/sideways (ADX 17.4) -> mean-reversion strategy | Signal: HOLD | Shares held: 0.0 | Last price: $52.56
2026-09-25 19:21:03,288 | [EIX] ACTION: No trade.
2026-09-25 19:21:03,366 | [EL] trending (ADX 34.7) -> trend-following strategy | Signal: HOLD | Shares held: 0.0 | Last price: $94.48
2026-09-25 19:21:03,366 | [EL] ACTION: No trade.
2026-09-25 19:21:03,444 | [ELV] choppy/sideways (ADX 24.9) -> mean-reversion strategy | Signal: HOLD | Shares held: 0.0 | Last price: $398.22
2026-09-25 19:21:03,444 | [ELV] ACTION: No trade.
2026-09-25 19:21:03,521 | [EME] choppy/sideways (ADX 20.7) -> mean-reversion strategy | Signal: HOLD | Shares held: 0.0 | Last price: $759.95
2026-09-25 19:21:03,521 | [EME] ACTION: No trade.
2026-09-25 19:21:03,597 | [EMR] trending (ADX 27.2) -> trend-following strategy | Signal: HOLD | Shares held: 0.0 | Last price: $158.76
2026-09-25 19:21:03,598 | [EMR] ACTION: No trade.
2026-09-25 19:21:03,675 | [EOG] trending (ADX 30.2) -> trend-following strategy | Signal: HOLD | Shares held: 0.0 | Last price: $140.58
2026-09-25 19:21:03,676 | [EOG] ACTION: No trade.
2026-09-25 19:21:03,754 | [EQIX] trending (ADX 31.9) -> trend-following strategy | Signal: HOLD | Shares held: 0.0 | Last price: $1014.24
2026-09-25 19:21:03,754 | [EQIX] ACTION: No trade.
2026-09-25 19:21:03,835 | [EQT] choppy/sideways (ADX 15.1) -> mean-reversion strategy | Signal: HOLD | Shares held: 0.0 | Last price: $50.88
2026-09-25 19:21:03,835 | [EQT] ACTION: No trade.
2026-09-25 19:21:03,919 | [ES] trending (ADX 35.2) -> trend-following strategy | Signal: HOLD | Shares held: 0.0 | Last price: $63.48
2026-09-25 19:21:03,919 | [ES] ACTION: No trade.
2026-09-25 19:21:03,995 | [ESS] choppy/sideways (ADX 20.1) -> mean-reversion strategy | Signal: HOLD | Shares held: 0.0 | Last price: $271.20
2026-09-25 19:21:03,996 | [ESS] ACTION: No trade.
2026-09-25 19:21:04,073 | [ETN] choppy/sideways (ADX 12.9) -> mean-reversion strategy | Signal: HOLD | Shares held: 0.0 | Last price: $438.44
2026-09-25 19:21:04,074 | [ETN] ACTION: No trade.
2026-09-25 19:21:04,150 | [ETR] choppy/sideways (ADX 24.2) -> mean-reversion strategy | Signal: HOLD | Shares held: 0.0 | Last price: $98.21
2026-09-25 19:21:04,150 | [ETR] ACTION: No trade.
2026-09-25 19:21:04,227 | [EVRG] choppy/sideways (ADX 23.1) -> mean-reversion strategy | Signal: HOLD | Shares held: 0.0 | Last price: $77.89
2026-09-25 19:21:04,227 | [EVRG] ACTION: No trade.
2026-09-25 19:21:04,304 | [EW] choppy/sideways (ADX 12.9) -> mean-reversion strategy | Signal: HOLD | Shares held: 0.0 | Last price: $86.39
2026-09-25 19:21:04,304 | [EW] ACTION: No trade.
2026-09-25 19:21:04,382 | [EXC] choppy/sideways (ADX 20.4) -> mean-reversion strategy | Signal: HOLD | Shares held: 0.0 | Last price: $40.17
2026-09-25 19:21:04,382 | [EXC] ACTION: No trade.
2026-09-25 19:21:04,458 | [EXE] choppy/sideways (ADX 8.8) -> mean-reversion strategy | Signal: HOLD | Shares held: 0.0 | Last price: $87.10
2026-09-25 19:21:04,458 | [EXE] ACTION: No trade.
2026-09-25 19:21:04,538 | [EXPD] trending (ADX 35.3) -> trend-following strategy | Signal: HOLD | Shares held: 0.0 | Last price: $188.04
2026-09-25 19:21:04,538 | [EXPD] ACTION: No trade.
2026-09-25 19:21:04,615 | [EXPE] choppy/sideways (ADX 21.7) -> mean-reversion strategy | Signal: HOLD | Shares held: 0.0 | Last price: $266.64
2026-09-25 19:21:04,615 | [EXPE] ACTION: No trade.
2026-09-25 19:21:04,693 | [EXR] choppy/sideways (ADX 15.6) -> mean-reversion strategy | Signal: HOLD | Shares held: 0.0 | Last price: $133.03
2026-09-25 19:21:04,693 | [EXR] ACTION: No trade.
2026-09-25 19:21:04,769 | [F] choppy/sideways (ADX 11.3) -> mean-reversion strategy | Signal: HOLD | Shares held: 0.0 | Last price: $12.73
2026-09-25 19:21:04,770 | [F] ACTION: No trade.
2026-09-25 19:21:04,847 | [FANG] choppy/sideways (ADX 24.8) -> mean-reversion strategy | Signal: HOLD | Shares held: 0.0 | Last price: $186.87
2026-09-25 19:21:04,847 | [FANG] ACTION: No trade.
2026-09-25 19:21:04,923 | [FAST] choppy/sideways (ADX 14.2) -> mean-reversion strategy | Signal: HOLD | Shares held: 0.0 | Last price: $50.59
2026-09-25 19:21:04,923 | [FAST] ACTION: No trade.
2026-09-25 19:21:05,002 | [FCX] choppy/sideways (ADX 9.5) -> mean-reversion strategy | Signal: HOLD | Shares held: 0.0 | Last price: $72.26
2026-09-25 19:21:05,003 | [FCX] ACTION: No trade.
2026-09-25 19:21:05,080 | [FDS] choppy/sideways (ADX 11.7) -> mean-reversion strategy | Signal: HOLD | Shares held: 0.0 | Last price: $273.54
2026-09-25 19:21:05,080 | [FDS] ACTION: No trade.
2026-09-25 19:21:05,157 | [FDX] trending (ADX 33.3) -> trend-following strategy | Signal: HOLD | Shares held: 0.0 | Last price: $285.50
2026-09-25 19:21:05,157 | [FDX] ACTION: No trade.
2026-09-25 19:21:05,234 | [FDXF] choppy/sideways (ADX 17.9) -> mean-reversion strategy | Signal: HOLD | Shares held: 0.0 | Last price: $115.27
2026-09-25 19:21:05,234 | [FDXF] ACTION: No trade.
2026-09-25 19:21:05,313 | [FE] choppy/sideways (ADX 21.5) -> mean-reversion strategy | Signal: HOLD | Shares held: 0.0 | Last price: $43.22
2026-09-25 19:21:05,313 | [FE] ACTION: No trade.
2026-09-25 19:21:05,390 | [FERG] choppy/sideways (ADX 14.4) -> mean-reversion strategy | Signal: HOLD | Shares held: 0.0 | Last price: $221.33
2026-09-25 19:21:05,390 | [FERG] ACTION: No trade.
2026-09-25 19:21:05,469 | [FFIV] trending (ADX 30.9) -> trend-following strategy | Signal: HOLD | Shares held: 0.0 | Last price: $444.31
2026-09-25 19:21:05,470 | [FFIV] ACTION: No trade.
2026-09-25 19:21:05,548 | [FICO] choppy/sideways (ADX 16.2) -> mean-reversion strategy | Signal: HOLD | Shares held: 0.0 | Last price: $862.80
2026-09-25 19:21:05,548 | [FICO] ACTION: No trade.
2026-09-25 19:21:05,628 | [FIS] trending (ADX 46.0) -> trend-following strategy | Signal: HOLD | Shares held: 0.0 | Last price: $35.58
2026-09-25 19:21:05,628 | [FIS] ACTION: No trade.
2026-09-25 19:21:05,705 | [FISV] trending (ADX 30.8) -> trend-following strategy | Signal: HOLD | Shares held: 0.0 | Last price: $46.57
2026-09-25 19:21:05,705 | [FISV] ACTION: No trade.
2026-09-25 19:21:05,782 | [FITB] trending (ADX 33.9) -> trend-following strategy | Signal: HOLD | Shares held: 0.0 | Last price: $52.16
2026-09-25 19:21:05,782 | [FITB] ACTION: No trade.
2026-09-25 19:21:05,858 | [FIX] choppy/sideways (ADX 10.1) -> mean-reversion strategy | Signal: HOLD | Shares held: 0.0 | Last price: $1645.05
2026-09-25 19:21:05,858 | [FIX] ACTION: No trade.
2026-09-25 19:21:05,935 | [FLEX] trending (ADX 28.9) -> trend-following strategy | Signal: HOLD | Shares held: 0.0 | Last price: $115.19
2026-09-25 19:21:05,935 | [FLEX] ACTION: No trade.
2026-09-25 19:21:06,013 | [FOXA] choppy/sideways (ADX 19.7) -> mean-reversion strategy | Signal: HOLD | Shares held: 0.0 | Last price: $62.98
2026-09-25 19:21:06,013 | [FOXA] ACTION: No trade.
2026-09-25 19:21:06,096 | [FRT] choppy/sideways (ADX 14.3) -> mean-reversion strategy | Signal: HOLD | Shares held: 0.0 | Last price: $110.46
2026-09-25 19:21:06,097 | [FRT] ACTION: No trade.
2026-09-25 19:21:06,175 | [FSLR] choppy/sideways (ADX 18.9) -> mean-reversion strategy | Signal: HOLD | Shares held: 0.0 | Last price: $176.82
2026-09-25 19:21:06,175 | [FSLR] ACTION: No trade.
2026-09-25 19:21:06,254 | [FTNT] trending (ADX 42.1) -> trend-following strategy | Signal: HOLD | Shares held: 0.0 | Last price: $173.84
2026-09-25 19:21:06,254 | [FTNT] ACTION: No trade.
2026-09-25 19:21:06,331 | [FTV] choppy/sideways (ADX 11.7) -> mean-reversion strategy | Signal: HOLD | Shares held: 0.0 | Last price: $56.25
2026-09-25 19:21:06,331 | [FTV] ACTION: No trade.
2026-09-25 19:21:06,407 | [GD] trending (ADX 32.9) -> trend-following strategy | Signal: HOLD | Shares held: 0.0 | Last price: $338.12
2026-09-25 19:21:06,408 | [GD] ACTION: No trade.
2026-09-25 19:21:06,485 | [GDDY] choppy/sideways (ADX 21.4) -> mean-reversion strategy | Signal: HOLD | Shares held: 0.0 | Last price: $97.85
2026-09-25 19:21:06,485 | [GDDY] ACTION: No trade.
2026-09-25 19:21:06,505 | [GE] choppy/sideways (ADX 21.1) -> mean-reversion strategy | Signal: HOLD | Shares held: 0.0 | Last price: $325.54
2026-09-25 19:21:06,505 | [GE] ACTION: No trade.
2026-09-25 19:21:06,582 | [GEHC] choppy/sideways (ADX 14.7) -> mean-reversion strategy | Signal: HOLD | Shares held: 0.0 | Last price: $66.58
2026-09-25 19:21:06,582 | [GEHC] ACTION: No trade.
2026-09-25 19:21:06,688 | [GEN] trending (ADX 48.2) -> trend-following strategy | Signal: HOLD | Shares held: 0.0 | Last price: $21.59
2026-09-25 19:21:06,688 | [GEN] ACTION: No trade.
2026-09-25 19:21:06,766 | [GEV] choppy/sideways (ADX 12.1) -> mean-reversion strategy | Signal: HOLD | Shares held: 0.0 | Last price: $952.14
2026-09-25 19:21:06,766 | [GEV] ACTION: No trade.
2026-09-25 19:21:06,843 | [GILD] choppy/sideways (ADX 22.2) -> mean-reversion strategy | Signal: HOLD | Shares held: 0.0 | Last price: $149.84
2026-09-25 19:21:06,843 | [GILD] ACTION: No trade.
2026-09-25 19:21:06,919 | [GIS] trending (ADX 51.8) -> trend-following strategy | Signal: HOLD | Shares held: 0.0 | Last price: $33.64
2026-09-25 19:21:06,920 | [GIS] ACTION: No trade.
2026-09-25 19:21:06,997 | [GLW] choppy/sideways (ADX 18.9) -> mean-reversion strategy | Signal: HOLD | Shares held: 0.0 | Last price: $156.56
2026-09-25 19:21:06,997 | [GLW] ACTION: No trade.
2026-09-25 19:21:07,073 | [GM] choppy/sideways (ADX 22.9) -> mean-reversion strategy | Signal: HOLD | Shares held: 0.0 | Last price: $82.66
2026-09-25 19:21:07,073 | [GM] ACTION: No trade.
2026-09-25 19:21:07,150 | [GNRC] trending (ADX 49.9) -> trend-following strategy | Signal: HOLD | Shares held: 0.0 | Last price: $208.25
2026-09-25 19:21:07,150 | [GNRC] ACTION: No trade.
2026-09-25 19:21:07,170 | [GOOG] trending (ADX 27.3) -> trend-following strategy | Signal: HOLD | Shares held: 0.0 | Last price: $341.49
2026-09-25 19:21:07,170 | [GOOG] ACTION: No trade.
2026-09-25 19:21:07,191 | [GOOGL] trending (ADX 25.7) -> trend-following strategy | Signal: HOLD | Shares held: 0.0 | Last price: $344.39
2026-09-25 19:21:07,191 | [GOOGL] ACTION: No trade.
2026-09-25 19:21:07,269 | [GPC] choppy/sideways (ADX 18.9) -> mean-reversion strategy | Signal: HOLD | Shares held: 0.0 | Last price: $129.97
2026-09-25 19:21:07,269 | [GPC] ACTION: No trade.
2026-09-25 19:21:07,346 | [GPN] trending (ADX 33.3) -> trend-following strategy | Signal: HOLD | Shares held: 0.0 | Last price: $86.14
2026-09-25 19:21:07,346 | [GPN] ACTION: No trade.
2026-09-25 19:21:07,425 | [GRMN] choppy/sideways (ADX 22.6) -> mean-reversion strategy | Signal: HOLD | Shares held: 0.0 | Last price: $292.99
2026-09-25 19:21:07,425 | [GRMN] ACTION: No trade.
2026-09-25 19:21:07,446 | [GS] choppy/sideways (ADX 23.4) -> mean-reversion strategy | Signal: HOLD | Shares held: 0.0 | Last price: $932.77
2026-09-25 19:21:07,446 | [GS] ACTION: No trade.
2026-09-25 19:21:07,533 | [GWW] trending (ADX 30.6) -> trend-following strategy | Signal: HOLD | Shares held: 0.0 | Last price: $1244.38
2026-09-25 19:21:07,533 | [GWW] ACTION: No trade.
2026-09-25 19:21:07,612 | [HAL] trending (ADX 36.9) -> trend-following strategy | Signal: HOLD | Shares held: 0.0 | Last price: $32.60
2026-09-25 19:21:07,612 | [HAL] ACTION: No trade.
2026-09-25 19:21:07,693 | [HAS] choppy/sideways (ADX 11.2) -> mean-reversion strategy | Signal: HOLD | Shares held: 0.0 | Last price: $87.56
2026-09-25 19:21:07,693 | [HAS] ACTION: No trade.
2026-09-25 19:21:07,772 | [HBAN] trending (ADX 35.1) -> trend-following strategy | Signal: HOLD | Shares held: 0.0 | Last price: $15.72
2026-09-25 19:21:07,772 | [HBAN] ACTION: No trade.
2026-09-25 19:21:07,852 | [HCA] choppy/sideways (ADX 15.9) -> mean-reversion strategy | Signal: HOLD | Shares held: 0.0 | Last price: $432.75
2026-09-25 19:21:07,852 | [HCA] ACTION: No trade.
2026-09-25 19:21:07,872 | [HD] choppy/sideways (ADX 15.2) -> mean-reversion strategy | Signal: HOLD | Shares held: 0.0 | Last price: $293.74
2026-09-25 19:21:07,872 | [HD] ACTION: No trade.
2026-09-25 19:21:07,951 | [HIG] trending (ADX 38.6) -> trend-following strategy | Signal: HOLD | Shares held: 0.0 | Last price: $124.61
2026-09-25 19:21:07,951 | [HIG] ACTION: No trade.
2026-09-25 19:21:08,028 | [HII] choppy/sideways (ADX 22.8) -> mean-reversion strategy | Signal: HOLD | Shares held: 0.0 | Last price: $263.60
2026-09-25 19:21:08,028 | [HII] ACTION: No trade.
2026-09-25 19:21:08,113 | [HLT] choppy/sideways (ADX 21.3) -> mean-reversion strategy | Signal: HOLD | Shares held: 0.0 | Last price: $314.16
2026-09-25 19:21:08,114 | [HLT] ACTION: No trade.
2026-09-25 19:21:08,134 | [HON] choppy/sideways (ADX 9.9) -> mean-reversion strategy | Signal: HOLD | Shares held: 0.0 | Last price: $212.32
2026-09-25 19:21:08,134 | [HON] ACTION: No trade.
2026-09-25 19:21:08,215 | [HONA] trending (ADX 30.5) -> trend-following strategy | Signal: HOLD | Shares held: 0.0 | Last price: $156.88
2026-09-25 19:21:08,215 | [HONA] ACTION: No trade.
2026-09-25 19:21:08,295 | [HOOD] choppy/sideways (ADX 18.7) -> mean-reversion strategy | Signal: HOLD | Shares held: 0.0 | Last price: $119.30
2026-09-25 19:21:08,295 | [HOOD] ACTION: No trade.
2026-09-25 19:21:08,378 | [HPE] choppy/sideways (ADX 12.9) -> mean-reversion strategy | Signal: HOLD | Shares held: 0.0 | Last price: $63.52
2026-09-25 19:21:08,378 | [HPE] ACTION: No trade.
2026-09-25 19:21:08,455 | [HPQ] trending (ADX 28.2) -> trend-following strategy | Signal: HOLD | Shares held: 0.0 | Last price: $31.39
2026-09-25 19:21:08,455 | [HPQ] ACTION: No trade.
2026-09-25 19:21:08,534 | [HSIC] trending (ADX 35.8) -> trend-following strategy | Signal: HOLD | Shares held: 0.0 | Last price: $86.28
2026-09-25 19:21:08,534 | [HSIC] ACTION: No trade.
2026-09-25 19:21:08,611 | [HST] choppy/sideways (ADX 23.3) -> mean-reversion strategy | Signal: HOLD | Shares held: 0.0 | Last price: $22.39
2026-09-25 19:21:08,611 | [HST] ACTION: No trade.
2026-09-25 19:21:08,691 | [HSY] choppy/sideways (ADX 13.1) -> mean-reversion strategy | Signal: HOLD | Shares held: 0.0 | Last price: $166.47
2026-09-25 19:21:08,691 | [HSY] ACTION: No trade.
2026-09-25 19:21:08,768 | [HUBB] choppy/sideways (ADX 11.6) -> mean-reversion strategy | Signal: HOLD | Shares held: 0.0 | Last price: $465.50
2026-09-25 19:21:08,768 | [HUBB] ACTION: No trade.
2026-09-25 19:21:08,856 | [HUM] trending (ADX 40.5) -> trend-following strategy | Signal: HOLD | Shares held: 0.0 | Last price: $401.42
2026-09-25 19:21:08,856 | [HUM] ACTION: No trade.
2026-09-25 19:21:08,933 | [HWM] choppy/sideways (ADX 22.3) -> mean-reversion strategy | Signal: HOLD | Shares held: 0.0 | Last price: $231.94
2026-09-25 19:21:08,933 | [HWM] ACTION: No trade.
2026-09-25 19:21:09,012 | [IBKR] choppy/sideways (ADX 12.8) -> mean-reversion strategy | Signal: HOLD | Shares held: 0.0 | Last price: $89.98
2026-09-25 19:21:09,012 | [IBKR] ACTION: No trade.
2026-09-25 19:21:09,033 | [IBM] trending (ADX 30.9) -> trend-following strategy | Signal: HOLD | Shares held: 0.0 | Last price: $226.67
2026-09-25 19:21:09,033 | [IBM] ACTION: No trade.
2026-09-25 19:21:09,110 | [ICE] choppy/sideways (ADX 16.7) -> mean-reversion strategy | Signal: HOLD | Shares held: 0.0 | Last price: $154.29
2026-09-25 19:21:09,110 | [ICE] ACTION: No trade.
2026-09-25 19:21:09,188 | [IDXX] choppy/sideways (ADX 18.3) -> mean-reversion strategy | Signal: HOLD | Shares held: 0.0 | Last price: $516.54
2026-09-25 19:21:09,188 | [IDXX] ACTION: No trade.
2026-09-25 19:21:09,264 | [IEX] choppy/sideways (ADX 12.8) -> mean-reversion strategy | Signal: HOLD | Shares held: 0.0 | Last price: $230.12
2026-09-25 19:21:09,264 | [IEX] ACTION: No trade.
2026-09-25 19:21:09,341 | [IFF] choppy/sideways (ADX 9.6) -> mean-reversion strategy | Signal: HOLD | Shares held: 0.0 | Last price: $85.67
2026-09-25 19:21:09,341 | [IFF] ACTION: No trade.
2026-09-25 19:21:09,422 | [ILMN] choppy/sideways (ADX 21.2) -> mean-reversion strategy | Signal: HOLD | Shares held: 0.0 | Last price: $274.50
2026-09-25 19:21:09,423 | [ILMN] ACTION: No trade.
2026-09-25 19:21:09,502 | [INCY] choppy/sideways (ADX 18.9) -> mean-reversion strategy | Signal: HOLD | Shares held: 0.0 | Last price: $124.57
2026-09-25 19:21:09,502 | [INCY] ACTION: No trade.
2026-09-25 19:21:09,522 | [INTC] choppy/sideways (ADX 17.4) -> mean-reversion strategy | Signal: HOLD | Shares held: 0.0 | Last price: $124.92
2026-09-25 19:21:09,522 | [INTC] ACTION: No trade.
2026-09-25 19:21:09,599 | [INTU] trending (ADX 32.6) -> trend-following strategy | Signal: HOLD | Shares held: 0.0 | Last price: $276.85
2026-09-25 19:21:09,600 | [INTU] ACTION: No trade.
2026-09-25 19:21:09,677 | [INVH] choppy/sideways (ADX 16.8) -> mean-reversion strategy | Signal: HOLD | Shares held: 0.0 | Last price: $26.52
2026-09-25 19:21:09,677 | [INVH] ACTION: No trade.
2026-09-25 19:21:09,753 | [IP] choppy/sideways (ADX 11.2) -> mean-reversion strategy | Signal: HOLD | Shares held: 0.0 | Last price: $35.10
2026-09-25 19:21:09,753 | [IP] ACTION: No trade.
2026-09-25 19:21:09,830 | [IQV] choppy/sideways (ADX 14.3) -> mean-reversion strategy | Signal: HOLD | Shares held: 0.0 | Last price: $271.49
2026-09-25 19:21:09,830 | [IQV] ACTION: No trade.
2026-09-25 19:21:09,906 | [IR] choppy/sideways (ADX 22.3) -> mean-reversion strategy | Signal: HOLD | Shares held: 0.0 | Last price: $76.20
2026-09-25 19:21:09,906 | [IR] ACTION: No trade.
2026-09-25 19:21:09,985 | [IRM] trending (ADX 45.9) -> trend-following strategy | Signal: HOLD | Shares held: 0.0 | Last price: $111.33
2026-09-25 19:21:09,985 | [IRM] ACTION: No trade.
2026-09-25 19:21:10,062 | [ISRG] choppy/sideways (ADX 12.1) -> mean-reversion strategy | Signal: HOLD | Shares held: 0.0 | Last price: $403.09
2026-09-25 19:21:10,063 | [ISRG] ACTION: No trade.
2026-09-25 19:21:10,140 | [IT] trending (ADX 53.6) -> trend-following strategy | Signal: HOLD | Shares held: 0.0 | Last price: $188.47
2026-09-25 19:21:10,140 | [IT] ACTION: No trade.
2026-09-25 19:21:10,217 | [ITW] trending (ADX 26.0) -> trend-following strategy | Signal: HOLD | Shares held: 0.0 | Last price: $273.88
2026-09-25 19:21:10,217 | [ITW] ACTION: No trade.
2026-09-25 19:21:10,293 | [IVZ] trending (ADX 25.4) -> trend-following strategy | Signal: HOLD | Shares held: 0.0 | Last price: $31.04
2026-09-25 19:21:10,294 | [IVZ] ACTION: No trade.
2026-09-25 19:21:10,371 | [J] choppy/sideways (ADX 18.0) -> mean-reversion strategy | Signal: HOLD | Shares held: 0.0 | Last price: $138.08
2026-09-25 19:21:10,371 | [J] ACTION: No trade.
2026-09-25 19:21:10,482 | [JBHT] trending (ADX 42.7) -> trend-following strategy | Signal: HOLD | Shares held: 0.0 | Last price: $225.70
2026-09-25 19:21:10,482 | [JBHT] ACTION: No trade.
2026-09-25 19:21:10,559 | [JBL] choppy/sideways (ADX 20.1) -> mean-reversion strategy | Signal: HOLD | Shares held: 0.0 | Last price: $317.50
2026-09-25 19:21:10,559 | [JBL] ACTION: No trade.
2026-09-25 19:21:10,636 | [JCI] trending (ADX 39.0) -> trend-following strategy | Signal: HOLD | Shares held: 0.0 | Last price: $149.70
2026-09-25 19:21:10,636 | [JCI] ACTION: No trade.
2026-09-25 19:21:10,714 | [JKHY] choppy/sideways (ADX 10.1) -> mean-reversion strategy | Signal: HOLD | Shares held: 0.0 | Last price: $147.75
2026-09-25 19:21:10,715 | [JKHY] ACTION: No trade.
2026-09-25 19:21:10,735 | [JNJ] choppy/sideways (ADX 15.1) -> mean-reversion strategy | Signal: HOLD | Shares held: 0.0 | Last price: $270.62
2026-09-25 19:21:10,735 | [JNJ] ACTION: No trade.
2026-09-25 19:21:10,755 | [JPM] trending (ADX 35.0) -> trend-following strategy | Signal: HOLD | Shares held: 0.0 | Last price: $342.31
2026-09-25 19:21:10,755 | [JPM] ACTION: No trade.
2026-09-25 19:21:10,832 | [KDP] trending (ADX 27.9) -> trend-following strategy | Signal: HOLD | Shares held: 0.0 | Last price: $31.71
2026-09-25 19:21:10,832 | [KDP] ACTION: No trade.
2026-09-25 19:21:10,911 | [KEY] trending (ADX 49.6) -> trend-following strategy | Signal: HOLD | Shares held: 0.0 | Last price: $20.66
2026-09-25 19:21:10,911 | [KEY] ACTION: No trade.
2026-09-25 19:21:10,987 | [KEYS] trending (ADX 29.0) -> trend-following strategy | Signal: HOLD | Shares held: 0.0 | Last price: $362.84
2026-09-25 19:21:10,987 | [KEYS] ACTION: No trade.
2026-09-25 19:21:11,064 | [KHC] choppy/sideways (ADX 23.1) -> mean-reversion strategy | Signal: HOLD | Shares held: 0.0 | Last price: $23.54
2026-09-25 19:21:11,064 | [KHC] ACTION: No trade.
2026-09-25 19:21:11,141 | [KKR] choppy/sideways (ADX 12.7) -> mean-reversion strategy | Signal: HOLD | Shares held: 0.0 | Last price: $96.84
2026-09-25 19:21:11,141 | [KKR] ACTION: No trade.
2026-09-25 19:21:11,220 | [KLAC] choppy/sideways (ADX 20.4) -> mean-reversion strategy | Signal: HOLD | Shares held: 0.0 | Last price: $188.01
2026-09-25 19:21:11,220 | [KLAC] ACTION: No trade.
2026-09-25 19:21:11,298 | [KMB] trending (ADX 26.5) -> trend-following strategy | Signal: HOLD | Shares held: 0.0 | Last price: $98.19
2026-09-25 19:21:11,298 | [KMB] ACTION: No trade.
2026-09-25 19:21:11,375 | [KMI] trending (ADX 49.4) -> trend-following strategy | Signal: HOLD | Shares held: 0.0 | Last price: $30.68
2026-09-25 19:21:11,375 | [KMI] ACTION: No trade.
2026-09-25 19:21:11,396 | [KO] trending (ADX 25.4) -> trend-following strategy | Signal: HOLD | Shares held: 0.0 | Last price: $87.72
2026-09-25 19:21:11,396 | [KO] ACTION: No trade.
2026-09-25 19:21:11,473 | [KR] trending (ADX 25.4) -> trend-following strategy | Signal: HOLD | Shares held: 0.0 | Last price: $58.54
2026-09-25 19:21:11,473 | [KR] ACTION: No trade.
2026-09-25 19:21:11,549 | [KVUE] choppy/sideways (ADX 24.8) -> mean-reversion strategy | Signal: HOLD | Shares held: 0.0 | Last price: $17.77
2026-09-25 19:21:11,549 | [KVUE] ACTION: No trade.
2026-09-25 19:21:11,626 | [L] choppy/sideways (ADX 18.8) -> mean-reversion strategy | Signal: HOLD | Shares held: 0.0 | Last price: $105.04
2026-09-25 19:21:11,626 | [L] ACTION: No trade.
2026-09-25 19:21:11,703 | [LDOS] choppy/sideways (ADX 14.3) -> mean-reversion strategy | Signal: HOLD | Shares held: 0.0 | Last price: $123.76
2026-09-25 19:21:11,703 | [LDOS] ACTION: No trade.
2026-09-25 19:21:11,779 | [LEN] trending (ADX 26.7) -> trend-following strategy | Signal: HOLD | Shares held: 0.0 | Last price: $81.59
2026-09-25 19:21:11,780 | [LEN] ACTION: No trade.
2026-09-25 19:21:11,857 | [LH] choppy/sideways (ADX 21.9) -> mean-reversion strategy | Signal: HOLD | Shares held: 0.0 | Last price: $311.23
2026-09-25 19:21:11,857 | [LH] ACTION: No trade.
2026-09-25 19:21:11,934 | [LHX] choppy/sideways (ADX 21.8) -> mean-reversion strategy | Signal: HOLD | Shares held: 0.0 | Last price: $237.24
2026-09-25 19:21:11,934 | [LHX] ACTION: No trade.
2026-09-25 19:21:12,013 | [LII] choppy/sideways (ADX 20.4) -> mean-reversion strategy | Signal: HOLD | Shares held: 0.0 | Last price: $373.06
2026-09-25 19:21:12,013 | [LII] ACTION: No trade.
2026-09-25 19:21:12,090 | [LIN] choppy/sideways (ADX 11.3) -> mean-reversion strategy | Signal: HOLD | Shares held: 0.0 | Last price: $468.08
2026-09-25 19:21:12,090 | [LIN] ACTION: No trade.
2026-09-25 19:21:12,170 | [LITE] choppy/sideways (ADX 19.2) -> mean-reversion strategy | Signal: HOLD | Shares held: 0.0 | Last price: $944.12
2026-09-25 19:21:12,170 | [LITE] ACTION: No trade.
2026-09-25 19:21:12,190 | [LLY] trending (ADX 27.9) -> trend-following strategy | Signal: HOLD | Shares held: 0.0 | Last price: $1183.07
2026-09-25 19:21:12,190 | [LLY] ACTION: No trade.
2026-09-25 19:21:12,211 | [LMT] trending (ADX 29.1) -> trend-following strategy | Signal: HOLD | Shares held: 0.0 | Last price: $517.23
2026-09-25 19:21:12,211 | [LMT] ACTION: No trade.
2026-09-25 19:21:12,290 | [LNT] choppy/sideways (ADX 19.8) -> mean-reversion strategy | Signal: HOLD | Shares held: 0.0 | Last price: $63.26
2026-09-25 19:21:12,290 | [LNT] ACTION: No trade.
2026-09-25 19:21:12,310 | [LOW] choppy/sideways (ADX 16.2) -> mean-reversion strategy | Signal: HOLD | Shares held: 0.0 | Last price: $188.27
2026-09-25 19:21:12,310 | [LOW] ACTION: No trade.
2026-09-25 19:21:12,389 | [LRCX] trending (ADX 37.2) -> trend-following strategy | Signal: HOLD | Shares held: 0.0 | Last price: $314.71
2026-09-25 19:21:12,389 | [LRCX] ACTION: No trade.
2026-09-25 19:21:12,468 | [LULU] choppy/sideways (ADX 21.6) -> mean-reversion strategy | Signal: HOLD | Shares held: 0.0 | Last price: $99.88
2026-09-25 19:21:12,468 | [LULU] ACTION: No trade.
2026-09-25 19:21:12,546 | [LUV] trending (ADX 37.0) -> trend-following strategy | Signal: HOLD | Shares held: 0.0 | Last price: $42.73
2026-09-25 19:21:12,546 | [LUV] ACTION: No trade.
2026-09-25 19:21:12,623 | [LVS] choppy/sideways (ADX 19.4) -> mean-reversion strategy | Signal: HOLD | Shares held: 0.0 | Last price: $39.09
2026-09-25 19:21:12,623 | [LVS] ACTION: No trade.
2026-09-25 19:21:12,700 | [LYB] trending (ADX 48.1) -> trend-following strategy | Signal: HOLD | Shares held: 0.0 | Last price: $57.97
2026-09-25 19:21:12,700 | [LYB] ACTION: No trade.
2026-09-25 19:21:12,782 | [LYV] choppy/sideways (ADX 24.6) -> mean-reversion strategy | Signal: HOLD | Shares held: 0.0 | Last price: $170.53
2026-09-25 19:21:12,782 | [LYV] ACTION: No trade.
2026-09-25 19:21:12,803 | [MA] trending (ADX 32.6) -> trend-following strategy | Signal: HOLD | Shares held: 0.0 | Last price: $566.83
2026-09-25 19:21:12,803 | [MA] ACTION: No trade.
2026-09-25 19:21:12,880 | [MAA] choppy/sideways (ADX 20.5) -> mean-reversion strategy | Signal: HOLD | Shares held: 0.0 | Last price: $118.46
2026-09-25 19:21:12,880 | [MAA] ACTION: No trade.
2026-09-25 19:21:12,960 | [MAR] choppy/sideways (ADX 14.6) -> mean-reversion strategy | Signal: HOLD | Shares held: 0.0 | Last price: $351.41
2026-09-25 19:21:12,960 | [MAR] ACTION: No trade.
2026-09-25 19:21:13,038 | [MAS] trending (ADX 33.3) -> trend-following strategy | Signal: HOLD | Shares held: 0.0 | Last price: $68.85
2026-09-25 19:21:13,038 | [MAS] ACTION: No trade.
2026-09-25 19:21:13,058 | [MCD] choppy/sideways (ADX 20.6) -> mean-reversion strategy | Signal: HOLD | Shares held: 0.0 | Last price: $236.86
2026-09-25 19:21:13,058 | [MCD] ACTION: No trade.
2026-09-25 19:21:13,135 | [MCHP] trending (ADX 39.7) -> trend-following strategy | Signal: HOLD | Shares held: 0.0 | Last price: $78.58
2026-09-25 19:21:13,135 | [MCHP] ACTION: No trade.
2026-09-25 19:21:13,214 | [MCK] trending (ADX 29.8) -> trend-following strategy | Signal: HOLD | Shares held: 0.0 | Last price: $865.63
2026-09-25 19:21:13,214 | [MCK] ACTION: No trade.
2026-09-25 19:21:13,291 | [MCO] choppy/sideways (ADX 13.1) -> mean-reversion strategy | Signal: HOLD | Shares held: 0.0 | Last price: $467.55
2026-09-25 19:21:13,291 | [MCO] ACTION: No trade.
2026-09-25 19:21:13,368 | [MDLZ] trending (ADX 27.2) -> trend-following strategy | Signal: HOLD | Shares held: 0.0 | Last price: $60.06
2026-09-25 19:21:13,369 | [MDLZ] ACTION: No trade.
2026-09-25 19:21:13,445 | [MDT] choppy/sideways (ADX 11.9) -> mean-reversion strategy | Signal: HOLD | Shares held: 0.0 | Last price: $88.34
2026-09-25 19:21:13,445 | [MDT] ACTION: No trade.
2026-09-25 19:21:13,523 | [MET] choppy/sideways (ADX 23.1) -> mean-reversion strategy | Signal: HOLD | Shares held: 0.0 | Last price: $98.34
2026-09-25 19:21:13,523 | [MET] ACTION: No trade.
2026-09-25 19:21:13,543 | [META] trending (ADX 31.4) -> trend-following strategy | Signal: HOLD | Shares held: 0.0 | Last price: $751.63
2026-09-25 19:21:13,543 | [META] ACTION: No trade.
2026-09-25 19:21:13,622 | [MGM] trending (ADX 36.6) -> trend-following strategy | Signal: HOLD | Shares held: 0.0 | Last price: $32.49
2026-09-25 19:21:13,623 | [MGM] ACTION: No trade.
2026-09-25 19:21:13,700 | [MKC] trending (ADX 36.3) -> trend-following strategy | Signal: HOLD | Shares held: 0.0 | Last price: $47.68
2026-09-25 19:21:13,700 | [MKC] ACTION: No trade.
2026-09-25 19:21:13,776 | [MLM] choppy/sideways (ADX 17.4) -> mean-reversion strategy | Signal: HOLD | Shares held: 0.0 | Last price: $483.06
2026-09-25 19:21:13,776 | [MLM] ACTION: No trade.
2026-09-25 19:21:13,796 | [MMM] choppy/sideways (ADX 19.8) -> mean-reversion strategy | Signal: HOLD | Shares held: 0.0 | Last price: $169.46
2026-09-25 19:21:13,797 | [MMM] ACTION: No trade.
2026-09-25 19:21:13,873 | [MNST] choppy/sideways (ADX 18.0) -> mean-reversion strategy | Signal: HOLD | Shares held: 0.0 | Last price: $42.97
2026-09-25 19:21:13,873 | [MNST] ACTION: No trade.
2026-09-25 19:21:13,950 | [MO] choppy/sideways (ADX 13.9) -> mean-reversion strategy | Signal: HOLD | Shares held: 0.0 | Last price: $68.75
2026-09-25 19:21:13,950 | [MO] ACTION: No trade.
2026-09-25 19:21:14,029 | [MOS] trending (ADX 25.1) -> trend-following strategy | Signal: HOLD | Shares held: 0.0 | Last price: $23.12
2026-09-25 19:21:14,029 | [MOS] ACTION: No trade.
2026-09-25 19:21:14,106 | [MPC] choppy/sideways (ADX 22.0) -> mean-reversion strategy | Signal: HOLD | Shares held: 0.0 | Last price: $394.12
2026-09-25 19:21:14,106 | [MPC] ACTION: No trade.
2026-09-25 19:21:14,182 | [MPWR] choppy/sideways (ADX 15.1) -> mean-reversion strategy | Signal: HOLD | Shares held: 0.0 | Last price: $1364.72
2026-09-25 19:21:14,182 | [MPWR] ACTION: No trade.
2026-09-25 19:21:14,202 | [MRK] choppy/sideways (ADX 13.4) -> mean-reversion strategy | Signal: HOLD | Shares held: 0.0 | Last price: $148.24
2026-09-25 19:21:14,202 | [MRK] ACTION: No trade.
2026-09-25 19:21:14,279 | [MRNA] trending (ADX 42.9) -> trend-following strategy | Signal: HOLD | Shares held: 0.0 | Last price: $197.76
2026-09-25 19:21:14,279 | [MRNA] ACTION: No trade.
2026-09-25 19:21:14,356 | [MRSH] trending (ADX 29.0) -> trend-following strategy | Signal: HOLD | Shares held: 0.0 | Last price: $171.90
2026-09-25 19:21:14,356 | [MRSH] ACTION: No trade.
2026-09-25 19:21:14,432 | [MRVL] choppy/sideways (ADX 12.1) -> mean-reversion strategy | Signal: HOLD | Shares held: 0.0 | Last price: $264.09
2026-09-25 19:21:14,433 | [MRVL] ACTION: No trade.
2026-09-25 19:21:14,453 | [MS] choppy/sideways (ADX 23.3) -> mean-reversion strategy | Signal: HOLD | Shares held: 0.0 | Last price: $197.14
2026-09-25 19:21:14,453 | [MS] ACTION: No trade.
2026-09-25 19:21:14,530 | [MSCI] trending (ADX 25.4) -> trend-following strategy | Signal: HOLD | Shares held: 0.0 | Last price: $550.59
2026-09-25 19:21:14,530 | [MSCI] ACTION: No trade.
2026-09-25 19:21:14,550 | [MSFT] trending (ADX 44.8) -> trend-following strategy | Signal: HOLD | Shares held: 0.0 | Last price: $516.08
2026-09-25 19:21:14,550 | [MSFT] ACTION: No trade.
2026-09-25 19:21:14,628 | [MSI] choppy/sideways (ADX 16.8) -> mean-reversion strategy | Signal: HOLD | Shares held: 0.0 | Last price: $457.23
2026-09-25 19:21:14,628 | [MSI] ACTION: No trade.
2026-09-25 19:21:14,704 | [MTB] trending (ADX 28.5) -> trend-following strategy | Signal: HOLD | Shares held: 0.0 | Last price: $221.36
2026-09-25 19:21:14,704 | [MTB] ACTION: No trade.
2026-09-25 19:21:14,782 | [MTD] choppy/sideways (ADX 21.2) -> mean-reversion strategy | Signal: HOLD | Shares held: 0.0 | Last price: $1501.46
2026-09-25 19:21:14,782 | [MTD] ACTION: No trade.
2026-09-25 19:21:14,802 | [MU] choppy/sideways (ADX 21.4) -> mean-reversion strategy | Signal: HOLD | Shares held: 0.0 | Last price: $1085.13
2026-09-25 19:21:14,802 | [MU] ACTION: No trade.
2026-09-25 19:21:14,880 | [NCLH] trending (ADX 28.0) -> trend-following strategy | Signal: HOLD | Shares held: 0.0 | Last price: $14.61
2026-09-25 19:21:14,880 | [NCLH] ACTION: No trade.
2026-09-25 19:21:14,959 | [NDAQ] trending (ADX 25.2) -> trend-following strategy | Signal: HOLD | Shares held: 0.0 | Last price: $93.42
2026-09-25 19:21:14,959 | [NDAQ] ACTION: No trade.
2026-09-25 19:21:18,093 | [NDSN] choppy/sideways (ADX 19.8) -> mean-reversion strategy | Signal: HOLD | Shares held: 0.0 | Last price: $325.57
2026-09-25 19:21:18,093 | [NDSN] ACTION: No trade.
2026-09-25 19:21:18,170 | [NEE] choppy/sideways (ADX 19.1) -> mean-reversion strategy | Signal: HOLD | Shares held: 0.0 | Last price: $75.94
2026-09-25 19:21:18,170 | [NEE] ACTION: No trade.
2026-09-25 19:21:18,249 | [NEM] choppy/sideways (ADX 13.3) -> mean-reversion strategy | Signal: HOLD | Shares held: 0.0 | Last price: $121.66
2026-09-25 19:21:18,249 | [NEM] ACTION: No trade.
2026-09-25 19:21:18,270 | [NFLX] choppy/sideways (ADX 14.6) -> mean-reversion strategy | Signal: HOLD | Shares held: 0.0 | Last price: $71.35
2026-09-25 19:21:18,270 | [NFLX] ACTION: No trade.
2026-09-25 19:21:18,346 | [NI] choppy/sideways (ADX 24.5) -> mean-reversion strategy | Signal: HOLD | Shares held: 0.0 | Last price: $39.36
2026-09-25 19:21:18,346 | [NI] ACTION: No trade.
2026-09-25 19:21:18,367 | [NKE] choppy/sideways (ADX 11.0) -> mean-reversion strategy | Signal: HOLD | Shares held: 0.0 | Last price: $35.74
2026-09-25 19:21:18,367 | [NKE] ACTION: No trade.
2026-09-25 19:21:18,445 | [NOC] trending (ADX 30.5) -> trend-following strategy | Signal: HOLD | Shares held: 0.0 | Last price: $508.57
2026-09-25 19:21:18,445 | [NOC] ACTION: No trade.
2026-09-25 19:21:18,466 | [NOW] trending (ADX 33.0) -> trend-following strategy | Signal: HOLD | Shares held: 0.0 | Last price: $136.54
2026-09-25 19:21:18,466 | [NOW] ACTION: No trade.
2026-09-25 19:21:18,543 | [NRG] trending (ADX 26.6) -> trend-following strategy | Signal: HOLD | Shares held: 0.0 | Last price: $100.34
2026-09-25 19:21:18,543 | [NRG] ACTION: No trade.
2026-09-25 19:21:18,620 | [NSC] choppy/sideways (ADX 22.8) -> mean-reversion strategy | Signal: HOLD | Shares held: 0.0 | Last price: $313.08
2026-09-25 19:21:18,620 | [NSC] ACTION: No trade.
2026-09-25 19:21:18,697 | [NTAP] choppy/sideways (ADX 8.0) -> mean-reversion strategy | Signal: HOLD | Shares held: 0.0 | Last price: $199.04
2026-09-25 19:21:18,697 | [NTAP] ACTION: No trade.
2026-09-25 19:21:18,774 | [NTRS] choppy/sideways (ADX 20.0) -> mean-reversion strategy | Signal: HOLD | Shares held: 0.0 | Last price: $175.38
2026-09-25 19:21:18,774 | [NTRS] ACTION: No trade.
2026-09-25 19:21:18,850 | [NUE] choppy/sideways (ADX 13.0) -> mean-reversion strategy | Signal: HOLD | Shares held: 0.0 | Last price: $247.82
2026-09-25 19:21:18,850 | [NUE] ACTION: No trade.
2026-09-25 19:21:18,870 | [NVDA] choppy/sideways (ADX 10.7) -> mean-reversion strategy | Signal: HOLD | Shares held: 0.0 | Last price: $224.19
2026-09-25 19:21:18,870 | [NVDA] ACTION: No trade.
2026-09-25 19:21:18,947 | [NVR] trending (ADX 30.7) -> trend-following strategy | Signal: HOLD | Shares held: 0.0 | Last price: $6265.30
2026-09-25 19:21:18,947 | [NVR] ACTION: No trade.
2026-09-25 19:21:19,027 | [NWSA] choppy/sideways (ADX 13.7) -> mean-reversion strategy | Signal: HOLD | Shares held: 0.0 | Last price: $28.55
2026-09-25 19:21:19,027 | [NWSA] ACTION: No trade.
2026-09-25 19:21:19,104 | [NXPI] trending (ADX 29.4) -> trend-following strategy | Signal: HOLD | Shares held: 0.0 | Last price: $237.59
2026-09-25 19:21:19,105 | [NXPI] ACTION: No trade.
2026-09-25 19:21:19,182 | [O] choppy/sideways (ADX 14.0) -> mean-reversion strategy | Signal: HOLD | Shares held: 0.0 | Last price: $55.44
2026-09-25 19:21:19,182 | [O] ACTION: No trade.
2026-09-25 19:21:22,316 | [ODFL] trending (ADX 26.4) -> trend-following strategy | Signal: HOLD | Shares held: 0.0 | Last price: $173.20
2026-09-25 19:21:22,316 | [ODFL] ACTION: No trade.
2026-09-25 19:21:22,393 | [OKE] trending (ADX 43.4) -> trend-following strategy | Signal: HOLD | Shares held: 0.0 | Last price: $88.49
2026-09-25 19:21:22,393 | [OKE] ACTION: No trade.
2026-09-25 19:21:22,471 | [OMC] choppy/sideways (ADX 7.5) -> mean-reversion strategy | Signal: HOLD | Shares held: 0.0 | Last price: $75.75
2026-09-25 19:21:22,471 | [OMC] ACTION: No trade.
2026-09-25 19:21:22,549 | [ON] trending (ADX 45.6) -> trend-following strategy | Signal: HOLD | Shares held: 0.0 | Last price: $77.12
2026-09-25 19:21:22,549 | [ON] ACTION: No trade.
2026-09-25 19:21:22,569 | [ORCL] choppy/sideways (ADX 24.5) -> mean-reversion strategy | Signal: HOLD | Shares held: 0.0 | Last price: $137.90
2026-09-25 19:21:22,569 | [ORCL] ACTION: No trade.
2026-09-25 19:21:22,646 | [ORLY] choppy/sideways (ADX 13.4) -> mean-reversion strategy | Signal: HOLD | Shares held: 0.0 | Last price: $86.08
2026-09-25 19:21:22,646 | [ORLY] ACTION: No trade.
2026-09-25 19:21:22,723 | [OTIS] trending (ADX 40.9) -> trend-following strategy | Signal: HOLD | Shares held: 0.0 | Last price: $66.08
2026-09-25 19:21:22,723 | [OTIS] ACTION: No trade.
2026-09-25 19:21:22,802 | [OXY] trending (ADX 38.3) -> trend-following strategy | Signal: HOLD | Shares held: 0.0 | Last price: $56.83
2026-09-25 19:21:22,802 | [OXY] ACTION: No trade.
2026-09-25 19:21:22,879 | [P] choppy/sideways (ADX 20.3) -> mean-reversion strategy | Signal: HOLD | Shares held: 0.0 | Last price: $125.60
2026-09-25 19:21:22,880 | [P] ACTION: No trade.
2026-09-25 19:21:22,900 | [PANW] trending (ADX 32.7) -> trend-following strategy | Signal: HOLD | Shares held: 0.0 | Last price: $376.17
2026-09-25 19:21:22,900 | [PANW] ACTION: No trade.
2026-09-25 19:21:22,976 | [PAYX] trending (ADX 27.3) -> trend-following strategy | Signal: HOLD | Shares held: 0.0 | Last price: $101.08
2026-09-25 19:21:22,976 | [PAYX] ACTION: No trade.
2026-09-25 19:21:23,054 | [PCAR] choppy/sideways (ADX 16.3) -> mean-reversion strategy | Signal: HOLD | Shares held: 0.0 | Last price: $111.30
2026-09-25 19:21:23,054 | [PCAR] ACTION: No trade.
2026-09-25 19:21:23,131 | [PCG] choppy/sideways (ADX 15.6) -> mean-reversion strategy | Signal: HOLD | Shares held: 0.0 | Last price: $12.34
2026-09-25 19:21:23,131 | [PCG] ACTION: No trade.
2026-09-25 19:21:23,208 | [PEG] choppy/sideways (ADX 20.0) -> mean-reversion strategy | Signal: HOLD | Shares held: 0.0 | Last price: $66.84
2026-09-25 19:21:23,208 | [PEG] ACTION: No trade.
2026-09-25 19:21:23,229 | [PEP] choppy/sideways (ADX 18.8) -> mean-reversion strategy | Signal: HOLD | Shares held: 0.0 | Last price: $128.42
2026-09-25 19:21:23,229 | [PEP] ACTION: No trade.
2026-09-25 19:21:23,249 | [PFE] choppy/sideways (ADX 12.3) -> mean-reversion strategy | Signal: HOLD | Shares held: 0.0 | Last price: $28.43
2026-09-25 19:21:23,249 | [PFE] ACTION: No trade.
2026-09-25 19:21:23,331 | [PFG] choppy/sideways (ADX 11.4) -> mean-reversion strategy | Signal: HOLD | Shares held: 0.0 | Last price: $115.14
2026-09-25 19:21:23,331 | [PFG] ACTION: No trade.
2026-09-25 19:21:23,351 | [PG] choppy/sideways (ADX 21.5) -> mean-reversion strategy | Signal: HOLD | Shares held: 0.0 | Last price: $145.96
2026-09-25 19:21:23,352 | [PG] ACTION: No trade.
2026-09-25 19:21:23,429 | [PGR] trending (ADX 33.6) -> trend-following strategy | Signal: HOLD | Shares held: 0.0 | Last price: $205.03
2026-09-25 19:21:23,429 | [PGR] ACTION: No trade.
2026-09-25 19:21:26,563 | [PH] choppy/sideways (ADX 9.5) -> mean-reversion strategy | Signal: HOLD | Shares held: 0.0 | Last price: $976.50
2026-09-25 19:21:26,563 | [PH] ACTION: No trade.
2026-09-25 19:21:26,640 | [PHM] trending (ADX 33.2) -> trend-following strategy | Signal: HOLD | Shares held: 0.0 | Last price: $119.62
2026-09-25 19:21:26,640 | [PHM] ACTION: No trade.
2026-09-25 19:21:26,718 | [PKG] choppy/sideways (ADX 15.4) -> mean-reversion strategy | Signal: HOLD | Shares held: 0.0 | Last price: $237.06
2026-09-25 19:21:26,718 | [PKG] ACTION: No trade.
2026-09-25 19:21:26,795 | [PLD] choppy/sideways (ADX 18.3) -> mean-reversion strategy | Signal: HOLD | Shares held: 0.0 | Last price: $133.14
2026-09-25 19:21:26,795 | [PLD] ACTION: No trade.
2026-09-25 19:21:26,815 | [PLTR] choppy/sideways (ADX 22.3) -> mean-reversion strategy | Signal: HOLD | Shares held: 0.0 | Last price: $191.26
2026-09-25 19:21:26,815 | [PLTR] ACTION: No trade.
2026-09-25 19:21:26,835 | [PM] choppy/sideways (ADX 23.0) -> mean-reversion strategy | Signal: HOLD | Shares held: 0.0 | Last price: $189.55
2026-09-25 19:21:26,835 | [PM] ACTION: No trade.
2026-09-25 19:21:26,913 | [PNC] trending (ADX 31.2) -> trend-following strategy | Signal: HOLD | Shares held: 0.0 | Last price: $226.19
2026-09-25 19:21:26,913 | [PNC] ACTION: No trade.
2026-09-25 19:21:26,989 | [PNR] choppy/sideways (ADX 16.3) -> mean-reversion strategy | Signal: HOLD | Shares held: 0.0 | Last price: $53.78
2026-09-25 19:21:26,990 | [PNR] ACTION: No trade.
2026-09-25 19:21:27,066 | [PNW] choppy/sideways (ADX 18.0) -> mean-reversion strategy | Signal: HOLD | Shares held: 0.0 | Last price: $91.40
2026-09-25 19:21:27,066 | [PNW] ACTION: No trade.
2026-09-25 19:21:27,144 | [PODD] choppy/sideways (ADX 22.4) -> mean-reversion strategy | Signal: HOLD | Shares held: 0.0 | Last price: $136.25
2026-09-25 19:21:27,144 | [PODD] ACTION: No trade.
2026-09-25 19:21:27,221 | [PPG] choppy/sideways (ADX 16.0) -> mean-reversion strategy | Signal: HOLD | Shares held: 0.0 | Last price: $107.51
2026-09-25 19:21:27,221 | [PPG] ACTION: No trade.
2026-09-25 19:21:27,297 | [PPL] choppy/sideways (ADX 16.5) -> mean-reversion strategy | Signal: HOLD | Shares held: 0.0 | Last price: $31.93
2026-09-25 19:21:27,297 | [PPL] ACTION: No trade.
2026-09-25 19:21:27,374 | [PRU] choppy/sideways (ADX 13.2) -> mean-reversion strategy | Signal: HOLD | Shares held: 0.0 | Last price: $119.42
2026-09-25 19:21:27,375 | [PRU] ACTION: No trade.
2026-09-25 19:21:27,452 | [PSA] choppy/sideways (ADX 21.1) -> mean-reversion strategy | Signal: HOLD | Shares held: 0.0 | Last price: $288.01
2026-09-25 19:21:27,452 | [PSA] ACTION: No trade.
2026-09-25 19:21:27,528 | [PSKY] choppy/sideways (ADX 11.0) -> mean-reversion strategy | Signal: HOLD | Shares held: 0.0 | Last price: $10.02
2026-09-25 19:21:27,528 | [PSKY] ACTION: No trade.
2026-09-25 19:21:27,604 | [PSX] trending (ADX 30.0) -> trend-following strategy | Signal: BUY | Shares held: 0.0 | Last price: $257.10
2026-09-25 19:21:27,605 | [PSX] ACTION: No trade (within 90 min of close -- not enough runway left today for a new position).
2026-09-25 19:21:30,740 | [PTC] choppy/sideways (ADX 12.8) -> mean-reversion strategy | Signal: HOLD | Shares held: 0.0 | Last price: $138.32
2026-09-25 19:21:30,740 | [PTC] ACTION: No trade.
2026-09-25 19:21:30,820 | [PWR] choppy/sideways (ADX 17.7) -> mean-reversion strategy | Signal: HOLD | Shares held: 0.0 | Last price: $647.39
2026-09-25 19:21:30,820 | [PWR] ACTION: No trade.
2026-09-25 19:21:30,896 | [PYPL] trending (ADX 52.9) -> trend-following strategy | Signal: HOLD | Shares held: 0.0 | Last price: $55.34
2026-09-25 19:21:30,896 | [PYPL] ACTION: No trade.
2026-09-25 19:21:30,974 | [Q] choppy/sideways (ADX 21.8) -> mean-reversion strategy | Signal: HOLD | Shares held: 0.0 | Last price: $124.27
2026-09-25 19:21:30,974 | [Q] ACTION: No trade.
2026-09-25 19:21:30,995 | [QCOM] trending (ADX 29.8) -> trend-following strategy | Signal: HOLD | Shares held: 0.0 | Last price: $203.25
2026-09-25 19:21:30,995 | [QCOM] ACTION: No trade.
2026-09-25 19:21:31,073 | [RCL] trending (ADX 29.9) -> trend-following strategy | Signal: HOLD | Shares held: 0.0 | Last price: $243.23
2026-09-25 19:21:31,074 | [RCL] ACTION: No trade.
2026-09-25 19:21:31,149 | [RDDT] choppy/sideways (ADX 9.2) -> mean-reversion strategy | Signal: HOLD | Shares held: 0.0 | Last price: $152.19
2026-09-25 19:21:31,149 | [RDDT] ACTION: No trade.
2026-09-25 19:21:31,227 | [REG] choppy/sideways (ADX 20.7) -> mean-reversion strategy | Signal: HOLD | Shares held: 0.0 | Last price: $73.06
2026-09-25 19:21:31,227 | [REG] ACTION: No trade.
2026-09-25 19:21:31,304 | [REGN] choppy/sideways (ADX 13.6) -> mean-reversion strategy | Signal: HOLD | Shares held: 0.0 | Last price: $789.94
2026-09-25 19:21:31,304 | [REGN] ACTION: No trade.
2026-09-25 19:21:31,385 | [RF] trending (ADX 36.9) -> trend-following strategy | Signal: HOLD | Shares held: 0.0 | Last price: $27.68
2026-09-25 19:21:31,385 | [RF] ACTION: No trade.
2026-09-25 19:21:31,462 | [RJF] choppy/sideways (ADX 17.7) -> mean-reversion strategy | Signal: HOLD | Shares held: 0.0 | Last price: $160.39
2026-09-25 19:21:31,462 | [RJF] ACTION: No trade.
2026-09-25 19:21:31,542 | [RL] choppy/sideways (ADX 18.7) -> mean-reversion strategy | Signal: HOLD | Shares held: 0.0 | Last price: $353.79
2026-09-25 19:21:31,542 | [RL] ACTION: No trade.
2026-09-25 19:21:31,620 | [RMD] choppy/sideways (ADX 12.5) -> mean-reversion strategy | Signal: HOLD | Shares held: 0.0 | Last price: $222.41
2026-09-25 19:21:31,620 | [RMD] ACTION: No trade.
2026-09-25 19:21:31,697 | [ROK] choppy/sideways (ADX 12.8) -> mean-reversion strategy | Signal: HOLD | Shares held: 0.0 | Last price: $433.25
2026-09-25 19:21:31,697 | [ROK] ACTION: No trade.
2026-09-25 19:21:31,776 | [ROL] trending (ADX 29.9) -> trend-following strategy | Signal: HOLD | Shares held: 0.0 | Last price: $30.09
2026-09-25 19:21:31,776 | [ROL] ACTION: No trade.
2026-09-25 19:21:34,908 | [ROP] trending (ADX 25.0) -> trend-following strategy | Signal: HOLD | Shares held: 0.0 | Last price: $358.78
2026-09-25 19:21:34,909 | [ROP] ACTION: No trade.
2026-09-25 19:21:34,986 | [ROST] choppy/sideways (ADX 10.6) -> mean-reversion strategy | Signal: HOLD | Shares held: 0.0 | Last price: $235.39
2026-09-25 19:21:34,986 | [ROST] ACTION: No trade.
2026-09-25 19:21:35,063 | [RSG] choppy/sideways (ADX 11.2) -> mean-reversion strategy | Signal: HOLD | Shares held: 0.0 | Last price: $212.48
2026-09-25 19:21:35,063 | [RSG] ACTION: No trade.
2026-09-25 19:21:35,084 | [RTX] trending (ADX 35.6) -> trend-following strategy | Signal: HOLD | Shares held: 0.0 | Last price: $188.35
2026-09-25 19:21:35,084 | [RTX] ACTION: No trade.
2026-09-25 19:21:35,160 | [RVTY] choppy/sideways (ADX 21.0) -> mean-reversion strategy | Signal: HOLD | Shares held: 0.0 | Last price: $148.17
2026-09-25 19:21:35,160 | [RVTY] ACTION: No trade.
2026-09-25 19:21:35,243 | [SBAC] choppy/sideways (ADX 24.6) -> mean-reversion strategy | Signal: HOLD | Shares held: 0.0 | Last price: $165.83
2026-09-25 19:21:35,243 | [SBAC] ACTION: No trade.
2026-09-25 19:21:35,264 | [SBUX] choppy/sideways (ADX 10.4) -> mean-reversion strategy | Signal: HOLD | Shares held: 0.0 | Last price: $94.21
2026-09-25 19:21:35,264 | [SBUX] ACTION: No trade.
2026-09-25 19:21:35,285 | [SCHW] choppy/sideways (ADX 22.5) -> mean-reversion strategy | Signal: HOLD | Shares held: 0.0 | Last price: $99.78
2026-09-25 19:21:35,286 | [SCHW] ACTION: No trade.
2026-09-25 19:21:35,408 | [SHW] trending (ADX 33.4) -> trend-following strategy | Signal: HOLD | Shares held: 0.0 | Last price: $329.13
2026-09-25 19:21:35,408 | [SHW] ACTION: No trade.
2026-09-25 19:21:35,487 | [SJM] trending (ADX 27.5) -> trend-following strategy | Signal: HOLD | Shares held: 0.0 | Last price: $120.80
2026-09-25 19:21:35,487 | [SJM] ACTION: No trade.
2026-09-25 19:21:35,507 | [SLB] trending (ADX 34.5) -> trend-following strategy | Signal: HOLD | Shares held: 0.0 | Last price: $51.64
2026-09-25 19:21:35,507 | [SLB] ACTION: No trade.
2026-09-25 19:21:35,528 | [SMCI] choppy/sideways (ADX 22.6) -> mean-reversion strategy | Signal: HOLD | Shares held: 0.0 | Last price: $43.13
2026-09-25 19:21:35,528 | [SMCI] ACTION: No trade.
2026-09-25 19:21:35,606 | [SNDK] choppy/sideways (ADX 20.9) -> mean-reversion strategy | Signal: HOLD | Shares held: 0.0 | Last price: $1780.96
2026-09-25 19:21:35,606 | [SNDK] ACTION: No trade.
2026-09-25 19:21:35,683 | [SNPS] choppy/sideways (ADX 21.8) -> mean-reversion strategy | Signal: HOLD | Shares held: 0.0 | Last price: $426.14
2026-09-25 19:21:35,683 | [SNPS] ACTION: No trade.
2026-09-25 19:21:35,760 | [SO] choppy/sideways (ADX 17.2) -> mean-reversion strategy | Signal: HOLD | Shares held: 0.0 | Last price: $82.74
2026-09-25 19:21:35,760 | [SO] ACTION: No trade.
2026-09-25 19:21:35,841 | [SPG] trending (ADX 26.8) -> trend-following strategy | Signal: HOLD | Shares held: 0.0 | Last price: $205.09
2026-09-25 19:21:35,841 | [SPG] ACTION: No trade.
2026-09-25 19:21:35,918 | [SPGI] choppy/sideways (ADX 18.9) -> mean-reversion strategy | Signal: HOLD | Shares held: 0.0 | Last price: $402.27
2026-09-25 19:21:35,918 | [SPGI] ACTION: No trade.
2026-09-25 19:21:35,995 | [SRE] choppy/sideways (ADX 23.9) -> mean-reversion strategy | Signal: HOLD | Shares held: 0.0 | Last price: $77.59
2026-09-25 19:21:35,995 | [SRE] ACTION: No trade.
2026-09-25 19:21:36,077 | [STE] choppy/sideways (ADX 21.1) -> mean-reversion strategy | Signal: HOLD | Shares held: 0.0 | Last price: $207.50
2026-09-25 19:21:36,077 | [STE] ACTION: No trade.
2026-09-25 19:21:39,210 | [STLD] choppy/sideways (ADX 12.0) -> mean-reversion strategy | Signal: HOLD | Shares held: 0.0 | Last price: $234.59
2026-09-25 19:21:39,210 | [STLD] ACTION: No trade.
2026-09-25 19:21:39,292 | [STT] choppy/sideways (ADX 12.4) -> mean-reversion strategy | Signal: HOLD | Shares held: 0.0 | Last price: $181.41
2026-09-25 19:21:39,292 | [STT] ACTION: No trade.
2026-09-25 19:21:39,369 | [STX] choppy/sideways (ADX 21.9) -> mean-reversion strategy | Signal: HOLD | Shares held: 0.0 | Last price: $918.85
2026-09-25 19:21:39,369 | [STX] ACTION: No trade.
2026-09-25 19:21:39,446 | [STZ] trending (ADX 25.7) -> trend-following strategy | Signal: HOLD | Shares held: 0.0 | Last price: $113.76
2026-09-25 19:21:39,446 | [STZ] ACTION: No trade.
2026-09-25 19:21:39,524 | [SW] choppy/sideways (ADX 22.7) -> mean-reversion strategy | Signal: HOLD | Shares held: 0.0 | Last price: $46.52
2026-09-25 19:21:39,524 | [SW] ACTION: No trade.
2026-09-25 19:21:39,603 | [SWK] choppy/sideways (ADX 15.4) -> mean-reversion strategy | Signal: HOLD | Shares held: 0.0 | Last price: $91.51
2026-09-25 19:21:39,603 | [SWK] ACTION: No trade.
2026-09-25 19:21:39,680 | [SWKS] choppy/sideways (ADX 14.5) -> mean-reversion strategy | Signal: HOLD | Shares held: 0.0 | Last price: $89.32
2026-09-25 19:21:39,680 | [SWKS] ACTION: No trade.
2026-09-25 19:21:39,757 | [SYF] trending (ADX 44.4) -> trend-following strategy | Signal: HOLD | Shares held: 0.0 | Last price: $73.46
2026-09-25 19:21:39,757 | [SYF] ACTION: No trade.
2026-09-25 19:21:39,834 | [SYK] choppy/sideways (ADX 20.1) -> mean-reversion strategy | Signal: HOLD | Shares held: 0.0 | Last price: $272.72
2026-09-25 19:21:39,834 | [SYK] ACTION: No trade.
2026-09-25 19:21:39,915 | [SYY] trending (ADX 26.2) -> trend-following strategy | Signal: HOLD | Shares held: 0.0 | Last price: $78.49
2026-09-25 19:21:39,915 | [SYY] ACTION: No trade.
2026-09-25 19:21:39,935 | [T] choppy/sideways (ADX 20.0) -> mean-reversion strategy | Signal: HOLD | Shares held: 0.0 | Last price: $25.39
2026-09-25 19:21:39,935 | [T] ACTION: No trade.
2026-09-25 19:21:40,015 | [TDG] choppy/sideways (ADX 14.1) -> mean-reversion strategy | Signal: HOLD | Shares held: 0.0 | Last price: $1112.84
2026-09-25 19:21:40,015 | [TDG] ACTION: No trade.
2026-09-25 19:21:40,093 | [TDY] choppy/sideways (ADX 17.8) -> mean-reversion strategy | Signal: HOLD | Shares held: 0.0 | Last price: $613.31
2026-09-25 19:21:40,093 | [TDY] ACTION: No trade.
2026-09-25 19:21:40,170 | [TECH] trending (ADX 38.0) -> trend-following strategy | Signal: HOLD | Shares held: 0.0 | Last price: $72.59
2026-09-25 19:21:40,170 | [TECH] ACTION: No trade.
2026-09-25 19:21:40,247 | [TEL] trending (ADX 29.7) -> trend-following strategy | Signal: HOLD | Shares held: 0.0 | Last price: $218.89
2026-09-25 19:21:40,247 | [TEL] ACTION: No trade.
2026-09-25 19:21:40,328 | [TER] trending (ADX 43.8) -> trend-following strategy | Signal: HOLD | Shares held: 0.0 | Last price: $399.17
2026-09-25 19:21:40,328 | [TER] ACTION: No trade.
2026-09-25 19:21:43,470 | [TFC] trending (ADX 29.0) -> trend-following strategy | Signal: HOLD | Shares held: 0.0 | Last price: $47.82
2026-09-25 19:21:43,470 | [TFC] ACTION: No trade.
2026-09-25 19:21:43,547 | [TGT] choppy/sideways (ADX 14.8) -> mean-reversion strategy | Signal: HOLD | Shares held: 0.0 | Last price: $156.88
2026-09-25 19:21:43,547 | [TGT] ACTION: No trade.
2026-09-25 19:21:43,624 | [TJX] choppy/sideways (ADX 20.3) -> mean-reversion strategy | Signal: HOLD | Shares held: 0.0 | Last price: $129.88
2026-09-25 19:21:43,624 | [TJX] ACTION: No trade.
2026-09-25 19:21:43,701 | [TKO] choppy/sideways (ADX 19.6) -> mean-reversion strategy | Signal: HOLD | Shares held: 0.0 | Last price: $181.57
2026-09-25 19:21:43,701 | [TKO] ACTION: No trade.
2026-09-25 19:21:43,721 | [TMO] choppy/sideways (ADX 9.7) -> mean-reversion strategy | Signal: HOLD | Shares held: 0.0 | Last price: $672.38
2026-09-25 19:21:43,721 | [TMO] ACTION: No trade.
2026-09-25 19:21:43,742 | [TMUS] choppy/sideways (ADX 15.9) -> mean-reversion strategy | Signal: HOLD | Shares held: 0.0 | Last price: $165.74
2026-09-25 19:21:43,742 | [TMUS] ACTION: No trade.
2026-09-25 19:21:43,819 | [TPL] choppy/sideways (ADX 14.6) -> mean-reversion strategy | Signal: HOLD | Shares held: 0.0 | Last price: $342.64
2026-09-25 19:21:43,819 | [TPL] ACTION: No trade.
2026-09-25 19:21:43,898 | [TPR] trending (ADX 28.4) -> trend-following strategy | Signal: HOLD | Shares held: 0.0 | Last price: $113.59
2026-09-25 19:21:43,898 | [TPR] ACTION: No trade.
2026-09-25 19:21:43,977 | [TRGP] trending (ADX 45.0) -> trend-following strategy | Signal: HOLD | Shares held: 0.0 | Last price: $278.56
2026-09-25 19:21:43,977 | [TRGP] ACTION: No trade.
2026-09-25 19:21:44,056 | [TRMB] trending (ADX 45.7) -> trend-following strategy | Signal: HOLD | Shares held: 0.0 | Last price: $57.53
2026-09-25 19:21:44,057 | [TRMB] ACTION: No trade.
2026-09-25 19:21:44,134 | [TROW] choppy/sideways (ADX 25.0) -> mean-reversion strategy | Signal: HOLD | Shares held: 0.0 | Last price: $105.29
2026-09-25 19:21:44,134 | [TROW] ACTION: No trade.
2026-09-25 19:21:44,214 | [TRV] choppy/sideways (ADX 18.7) -> mean-reversion strategy | Signal: HOLD | Shares held: 0.0 | Last price: $362.91
2026-09-25 19:21:44,214 | [TRV] ACTION: No trade.
2026-09-25 19:21:44,290 | [TSCO] trending (ADX 28.8) -> trend-following strategy | Signal: HOLD | Shares held: 0.0 | Last price: $32.22
2026-09-25 19:21:44,290 | [TSCO] ACTION: No trade.
2026-09-25 19:21:44,310 | [TSLA] trending (ADX 26.0) -> trend-following strategy | Signal: HOLD | Shares held: 0.0 | Last price: $372.14
2026-09-25 19:21:44,311 | [TSLA] ACTION: No trade.
2026-09-25 19:21:44,388 | [TSN] choppy/sideways (ADX 11.6) -> mean-reversion strategy | Signal: HOLD | Shares held: 0.0 | Last price: $50.81
2026-09-25 19:21:44,388 | [TSN] ACTION: No trade.
2026-09-25 19:21:44,466 | [TT] trending (ADX 41.5) -> trend-following strategy | Signal: HOLD | Shares held: 0.0 | Last price: $453.31
2026-09-25 19:21:44,466 | [TT] ACTION: No trade.
2026-09-25 19:21:44,549 | [TTWO] trending (ADX 32.7) -> trend-following strategy | Signal: HOLD | Shares held: 0.0 | Last price: $202.06
2026-09-25 19:21:44,549 | [TTWO] ACTION: No trade.
2026-09-25 19:21:44,570 | [TXN] trending (ADX 29.4) -> trend-following strategy | Signal: HOLD | Shares held: 0.0 | Last price: $277.03
2026-09-25 19:21:44,570 | [TXN] ACTION: No trade.
2026-09-25 19:21:47,703 | [TXT] choppy/sideways (ADX 9.7) -> mean-reversion strategy | Signal: HOLD | Shares held: 0.0 | Last price: $76.74
2026-09-25 19:21:47,703 | [TXT] ACTION: No trade.
2026-09-25 19:21:47,791 | [TYL] choppy/sideways (ADX 11.1) -> mean-reversion strategy | Signal: HOLD | Shares held: 0.0 | Last price: $329.13
2026-09-25 19:21:47,791 | [TYL] ACTION: No trade.
2026-09-25 19:21:47,869 | [UAL] trending (ADX 33.2) -> trend-following strategy | Signal: HOLD | Shares held: 0.0 | Last price: $114.09
2026-09-25 19:21:47,869 | [UAL] ACTION: No trade.
2026-09-25 19:21:47,946 | [UBER] choppy/sideways (ADX 8.0) -> mean-reversion strategy | Signal: HOLD | Shares held: 0.0 | Last price: $69.43
2026-09-25 19:21:47,946 | [UBER] ACTION: No trade.
2026-09-25 19:21:48,029 | [UDR] choppy/sideways (ADX 20.6) -> mean-reversion strategy | Signal: HOLD | Shares held: 0.0 | Last price: $33.77
2026-09-25 19:21:48,030 | [UDR] ACTION: No trade.
2026-09-25 19:21:48,107 | [UHS] choppy/sideways (ADX 15.3) -> mean-reversion strategy | Signal: HOLD | Shares held: 0.0 | Last price: $179.08
2026-09-25 19:21:48,107 | [UHS] ACTION: No trade.
2026-09-25 19:21:48,184 | [ULTA] choppy/sideways (ADX 12.5) -> mean-reversion strategy | Signal: HOLD | Shares held: 0.0 | Last price: $545.94
2026-09-25 19:21:48,184 | [ULTA] ACTION: No trade.
2026-09-25 19:21:48,205 | [UNH] trending (ADX 34.2) -> trend-following strategy | Signal: HOLD | Shares held: 0.0 | Last price: $378.64
2026-09-25 19:21:48,205 | [UNH] ACTION: No trade.
2026-09-25 19:21:48,284 | [UNP] choppy/sideways (ADX 14.6) -> mean-reversion strategy | Signal: HOLD | Shares held: 0.0 | Last price: $272.64
2026-09-25 19:21:48,284 | [UNP] ACTION: No trade.
2026-09-25 19:21:48,305 | [UPS] choppy/sideways (ADX 21.5) -> mean-reversion strategy | Signal: HOLD | Shares held: 0.0 | Last price: $93.45
2026-09-25 19:21:48,305 | [UPS] ACTION: No trade.
2026-09-25 19:21:48,382 | [URI] trending (ADX 29.3) -> trend-following strategy | Signal: HOLD | Shares held: 0.0 | Last price: $1043.05
2026-09-25 19:21:48,382 | [URI] ACTION: No trade.
2026-09-25 19:21:48,461 | [USB] trending (ADX 36.8) -> trend-following strategy | Signal: HOLD | Shares held: 0.0 | Last price: $59.48
2026-09-25 19:21:48,461 | [USB] ACTION: No trade.
2026-09-25 19:21:48,481 | [V] choppy/sideways (ADX 18.9) -> mean-reversion strategy | Signal: HOLD | Shares held: 0.0 | Last price: $367.21
2026-09-25 19:21:48,482 | [V] ACTION: No trade.
2026-09-25 19:21:48,559 | [VEEV] trending (ADX 36.0) -> trend-following strategy | Signal: HOLD | Shares held: 0.0 | Last price: $280.48
2026-09-25 19:21:48,559 | [VEEV] ACTION: No trade.
2026-09-25 19:21:48,636 | [VICI] choppy/sideways (ADX 21.5) -> mean-reversion strategy | Signal: HOLD | Shares held: 0.0 | Last price: $23.48
2026-09-25 19:21:48,636 | [VICI] ACTION: No trade.
2026-09-25 19:21:48,714 | [VLO] choppy/sideways (ADX 17.8) -> mean-reversion strategy | Signal: HOLD | Shares held: 0.0 | Last price: $388.28
2026-09-25 19:21:48,714 | [VLO] ACTION: No trade.
2026-09-25 19:21:48,793 | [VLTO] choppy/sideways (ADX 21.7) -> mean-reversion strategy | Signal: HOLD | Shares held: 0.0 | Last price: $96.86
2026-09-25 19:21:48,793 | [VLTO] ACTION: No trade.
2026-09-25 19:21:51,926 | [VMC] choppy/sideways (ADX 19.7) -> mean-reversion strategy | Signal: HOLD | Shares held: 0.0 | Last price: $245.36
2026-09-25 19:21:51,927 | [VMC] ACTION: No trade.
2026-09-25 19:21:52,004 | [VMRK] choppy/sideways (ADX 18.0) -> mean-reversion strategy | Signal: HOLD | Shares held: 0.0 | Last price: $61.44
2026-09-25 19:21:52,004 | [VMRK] ACTION: No trade.
2026-09-25 19:21:52,081 | [VRSK] choppy/sideways (ADX 21.5) -> mean-reversion strategy | Signal: HOLD | Shares held: 0.0 | Last price: $168.44
2026-09-25 19:21:52,081 | [VRSK] ACTION: No trade.
2026-09-25 19:21:52,158 | [VRSN] trending (ADX 30.8) -> trend-following strategy | Signal: HOLD | Shares held: 0.0 | Last price: $288.76
2026-09-25 19:21:52,158 | [VRSN] ACTION: No trade.
2026-09-25 19:21:52,235 | [VRT] trending (ADX 35.7) -> trend-following strategy | Signal: HOLD | Shares held: 0.0 | Last price: $252.42
2026-09-25 19:21:52,235 | [VRT] ACTION: No trade.
2026-09-25 19:21:52,312 | [VRTX] choppy/sideways (ADX 23.9) -> mean-reversion strategy | Signal: HOLD | Shares held: 0.0 | Last price: $526.12
2026-09-25 19:21:52,312 | [VRTX] ACTION: No trade.
2026-09-25 19:21:52,391 | [VST] choppy/sideways (ADX 18.5) -> mean-reversion strategy | Signal: HOLD | Shares held: 0.0 | Last price: $138.07
2026-09-25 19:21:52,391 | [VST] ACTION: No trade.
2026-09-25 19:21:52,468 | [VTR] trending (ADX 38.2) -> trend-following strategy | Signal: HOLD | Shares held: 0.0 | Last price: $86.11
2026-09-25 19:21:52,468 | [VTR] ACTION: No trade.
2026-09-25 19:21:52,549 | [VTRS] trending (ADX 41.0) -> trend-following strategy | Signal: HOLD | Shares held: 0.0 | Last price: $17.86
2026-09-25 19:21:52,549 | [VTRS] ACTION: No trade.
2026-09-25 19:21:52,570 | [VZ] choppy/sideways (ADX 23.0) -> mean-reversion strategy | Signal: HOLD | Shares held: 0.0 | Last price: $47.10
2026-09-25 19:21:52,570 | [VZ] ACTION: No trade.
2026-09-25 19:21:52,651 | [WAB] choppy/sideways (ADX 18.3) -> mean-reversion strategy | Signal: HOLD | Shares held: 0.0 | Last price: $287.11
2026-09-25 19:21:52,651 | [WAB] ACTION: No trade.
2026-09-25 19:21:52,728 | [WAT] trending (ADX 29.2) -> trend-following strategy | Signal: HOLD | Shares held: 0.0 | Last price: $434.62
2026-09-25 19:21:52,728 | [WAT] ACTION: No trade.
2026-09-25 19:21:52,805 | [WBD] choppy/sideways (ADX 21.4) -> mean-reversion strategy | Signal: HOLD | Shares held: 0.0 | Last price: $30.85
2026-09-25 19:21:52,806 | [WBD] ACTION: No trade.
2026-09-25 19:21:52,883 | [WDAY] trending (ADX 32.4) -> trend-following strategy | Signal: HOLD | Shares held: 0.0 | Last price: $190.35
2026-09-25 19:21:52,883 | [WDAY] ACTION: No trade.
2026-09-25 19:21:52,960 | [WDC] trending (ADX 33.0) -> trend-following strategy | Signal: HOLD | Shares held: 0.0 | Last price: $457.20
2026-09-25 19:21:52,960 | [WDC] ACTION: No trade.
2026-09-25 19:21:56,094 | [WEC] choppy/sideways (ADX 14.1) -> mean-reversion strategy | Signal: HOLD | Shares held: 0.0 | Last price: $101.12
2026-09-25 19:21:56,094 | [WEC] ACTION: No trade.
2026-09-25 19:21:56,171 | [WELL] choppy/sideways (ADX 14.2) -> mean-reversion strategy | Signal: HOLD | Shares held: 0.0 | Last price: $230.71
2026-09-25 19:21:56,171 | [WELL] ACTION: No trade.
2026-09-25 19:21:56,191 | [WFC] choppy/sideways (ADX 24.7) -> mean-reversion strategy | Signal: HOLD | Shares held: 0.0 | Last price: $82.94
2026-09-25 19:21:56,191 | [WFC] ACTION: No trade.
2026-09-25 19:21:56,268 | [WM] choppy/sideways (ADX 14.6) -> mean-reversion strategy | Signal: HOLD | Shares held: 0.0 | Last price: $206.76
2026-09-25 19:21:56,268 | [WM] ACTION: No trade.
2026-09-25 19:21:56,346 | [WMB] trending (ADX 59.5) -> trend-following strategy | Signal: HOLD | Shares held: 0.0 | Last price: $69.06
2026-09-25 19:21:56,346 | [WMB] ACTION: No trade.
2026-09-25 19:21:56,366 | [WMT] choppy/sideways (ADX 21.3) -> mean-reversion strategy | Signal: HOLD | Shares held: 0.0 | Last price: $107.86
2026-09-25 19:21:56,367 | [WMT] ACTION: No trade.
2026-09-25 19:21:56,445 | [WRB] trending (ADX 40.0) -> trend-following strategy | Signal: HOLD | Shares held: 0.0 | Last price: $66.81
2026-09-25 19:21:56,445 | [WRB] ACTION: No trade.
2026-09-25 19:21:56,527 | [WSM] trending (ADX 26.5) -> trend-following strategy | Signal: HOLD | Shares held: 0.0 | Last price: $231.27
2026-09-25 19:21:56,527 | [WSM] ACTION: No trade.
2026-09-25 19:21:56,609 | [WST] choppy/sideways (ADX 15.7) -> mean-reversion strategy | Signal: HOLD | Shares held: 0.0 | Last price: $370.51
2026-09-25 19:21:56,609 | [WST] ACTION: No trade.
2026-09-25 19:21:56,686 | [WTW] choppy/sideways (ADX 10.5) -> mean-reversion strategy | Signal: HOLD | Shares held: 0.0 | Last price: $294.98
2026-09-25 19:21:56,686 | [WTW] ACTION: No trade.
2026-09-25 19:21:56,765 | [WY] trending (ADX 44.9) -> trend-following strategy | Signal: HOLD | Shares held: 0.0 | Last price: $19.96
2026-09-25 19:21:56,765 | [WY] ACTION: No trade.
2026-09-25 19:21:56,842 | [WYNN] trending (ADX 27.3) -> trend-following strategy | Signal: HOLD | Shares held: 0.0 | Last price: $81.43
2026-09-25 19:21:56,842 | [WYNN] ACTION: No trade.
2026-09-25 19:21:56,918 | [XEL] choppy/sideways (ADX 22.5) -> mean-reversion strategy | Signal: HOLD | Shares held: 0.0 | Last price: $69.35
2026-09-25 19:21:56,918 | [XEL] ACTION: No trade.
2026-09-25 19:21:56,940 | [XOM] trending (ADX 29.2) -> trend-following strategy | Signal: HOLD | Shares held: 0.0 | Last price: $160.67
2026-09-25 19:21:56,940 | [XOM] ACTION: No trade.
2026-09-25 19:21:57,017 | [XYL] trending (ADX 29.9) -> trend-following strategy | Signal: HOLD | Shares held: 0.0 | Last price: $102.43
2026-09-25 19:21:57,017 | [XYL] ACTION: No trade.
2026-09-25 19:21:57,094 | [XYZ] choppy/sideways (ADX 8.9) -> mean-reversion strategy | Signal: HOLD | Shares held: 0.0 | Last price: $76.87
2026-09-25 19:21:57,094 | [XYZ] ACTION: No trade.
2026-09-25 19:21:57,171 | [YUM] choppy/sideways (ADX 20.9) -> mean-reversion strategy | Signal: HOLD | Shares held: 0.0 | Last price: $138.52
2026-09-25 19:21:57,172 | [YUM] ACTION: No trade.
2026-09-25 19:22:00,308 | [ZBH] trending (ADX 30.0) -> trend-following strategy | Signal: HOLD | Shares held: 0.0 | Last price: $91.10
2026-09-25 19:22:00,308 | [ZBH] ACTION: No trade.
2026-09-25 19:22:00,386 | [ZBRA] choppy/sideways (ADX 13.2) -> mean-reversion strategy | Signal: HOLD | Shares held: 0.0 | Last price: $372.13
2026-09-25 19:22:00,387 | [ZBRA] ACTION: No trade.
2026-09-25 19:22:00,464 | [ZTS] choppy/sideways (ADX 23.3) -> mean-reversion strategy | Signal: HOLD | Shares held: 0.0 | Last price: $70.42
2026-09-25 19:22:00,464 | [ZTS] ACTION: No trade.
2026-09-25 19:37:00,806 | Market is open (closes 2026-09-25 22:00:00 CEST your local time). Checking 490 symbols: A, AAPL, ABBV, ABNB, ABT, ACGL, ACN, ADBE, ADI, ADM, ADP, ADSK, AEE, AEP, AES, AFL, AIG, AIZ, AJG, AKAM, ALB, ALGN, ALL, ALLE, AMAT, AMCR, AMD, AME, AMGN, AMP, AMT, AMZN, ANET, AON, APA, APD, APH, APO, APP, APTV, ARES, ATO, AVGO, AVY, AWK, AXON, AXP, AZO, BA, BAC, BALL, BAX, BBY, BDX, BE, BEN, BG, BIIB, BKNG, BKR, BLK, BMY, BNY, BR, BRK.B, BRO, BSX, BX, C, CAH, CARR, CASY, CAT, CB, CBOE, CBRE, CCI, CCL, CDNS, CDW, CEG, CF, CFG, CHD, CHRW, CHTR, CI, CIEN, CL, CLX, CMCSA, CME, CMG, CMI, CMS, CNC, CNP, COF, COHR, COIN, COO, COP, COR, COST, CPAY, CPRT, CPT, CRH, CRL, CRM, CRWD, CSCO, CSGP, CSX, CTAS, CTSH, CTVA, CVNA, CVS, CVX, D, DAL, DASH, DD, DDOG, DE, DECK, DELL, DG, DGX, DHI, DHR, DIS, DLR, DLTR, DOC, DOV, DOW, DPZ, DRI, DTE, DUK, DVA, DVN, DXCM, EBAY, ECHO, ECL, ED, EFX, EG, EIX, EL, ELV, EME, EMR, EOG, EQIX, EQT, ES, ESS, ETN, ETR, EVRG, EW, EXC, EXE, EXPD, EXPE, EXR, F, FANG, FAST, FCX, FDS, FDX, FDXF, FE, FERG, FFIV, FICO, FIS, FISV, FITB, FIX, FLEX, FOXA, FRT, FSLR, FTNT, FTV, GD, GDDY, GE, GEHC, GEN, GEV, GILD, GIS, GLW, GM, GNRC, GOOG, GOOGL, GPC, GPN, GRMN, GS, GWW, HAL, HAS, HBAN, HCA, HD, HIG, HII, HLT, HON, HONA, HOOD, HPE, HPQ, HSIC, HST, HSY, HUBB, HUM, HWM, IBKR, IBM, ICE, IDXX, IEX, IFF, ILMN, INCY, INTC, INTU, INVH, IP, IQV, IR, IRM, ISRG, IT, ITW, IVZ, J, JBHT, JBL, JCI, JKHY, JNJ, JPM, KDP, KEY, KEYS, KHC, KKR, KLAC, KMB, KMI, KO, KR, KVUE, L, LDOS, LEN, LH, LHX, LII, LIN, LITE, LLY, LMT, LNT, LOW, LRCX, LULU, LUV, LVS, LYB, LYV, MA, MAA, MAR, MAS, MCD, MCHP, MCK, MCO, MDLZ, MDT, MET, META, MGM, MKC, MLM, MMM, MNST, MO, MOS, MPC, MPWR, MRK, MRNA, MRSH, MRVL, MS, MSCI, MSFT, MSI, MTB, MTD, MU, NCLH, NDAQ, NDSN, NEE, NEM, NFLX, NI, NKE, NOC, NOW, NRG, NSC, NTAP, NTRS, NUE, NVDA, NVR, NWSA, NXPI, O, ODFL, OKE, OMC, ON, ORCL, ORLY, OTIS, OXY, P, PANW, PAYX, PCAR, PCG, PEG, PEP, PFE, PFG, PG, PGR, PH, PHM, PKG, PLD, PLTR, PM, PNC, PNR, PNW, PODD, PPG, PPL, PRU, PSA, PSKY, PSX, PTC, PWR, PYPL, Q, QCOM, RCL, RDDT, REG, REGN, RF, RJF, RL, RMD, ROK, ROL, ROP, ROST, RSG, RTX, RVTY, SBAC, SBUX, SCHW, SHW, SJM, SLB, SMCI, SNDK, SNPS, SO, SPG, SPGI, SRE, STE, STLD, STT, STX, STZ, SW, SWK, SWKS, SYF, SYK, SYY, T, TDG, TDY, TECH, TEL, TER, TFC, TGT, TJX, TKO, TMO, TMUS, TPL, TPR, TRGP, TRMB, TROW, TRV, TSCO, TSLA, TSN, TT, TTWO, TXN, TXT, TYL, UAL, UBER, UDR, UHS, ULTA, UNH, UNP, UPS, URI, USB, V, VEEV, VICI, VLO, VLTO, VMC, VMRK, VRSK, VRSN, VRT, VRTX, VST, VTR, VTRS, VZ, WAB, WAT, WBD, WDAY, WDC, WEC, WELL, WFC, WM, WMB, WMT, WRB, WSM, WST, WTW, WY, WYNN, XEL, XOM, XYL, XYZ, YUM, ZBH, ZBRA, ZTS (within 90 min of close -- not enough runway left today for a new position)
2026-09-25 19:37:54,701 | [A] choppy/sideways (ADX 17.6) -> mean-reversion strategy | Signal: HOLD | Shares held: 0.0 | Last price: $170.95
2026-09-25 19:37:54,701 | [A] ACTION: No trade.
2026-09-25 19:37:54,721 | [AAPL] choppy/sideways (ADX 20.3) -> mean-reversion strategy | Signal: HOLD | Shares held: 0.0 | Last price: $340.02
2026-09-25 19:37:54,721 | [AAPL] ACTION: No trade.
2026-09-25 19:37:54,742 | [ABBV] choppy/sideways (ADX 11.8) -> mean-reversion strategy | Signal: HOLD | Shares held: 0.0 | Last price: $263.97
2026-09-25 19:37:54,742 | [ABBV] ACTION: No trade.
2026-09-25 19:37:54,763 | [ABNB] trending (ADX 46.8) -> trend-following strategy | Signal: HOLD | Shares held: 0.0 | Last price: $157.06
2026-09-25 19:37:54,763 | [ABNB] ACTION: No trade.
2026-09-25 19:37:54,783 | [ABT] trending (ADX 29.1) -> trend-following strategy | Signal: HOLD | Shares held: 0.0 | Last price: $101.09
2026-09-25 19:37:54,783 | [ABT] ACTION: No trade.
2026-09-25 19:37:54,803 | [ACGL] choppy/sideways (ADX 20.9) -> mean-reversion strategy | Signal: HOLD | Shares held: 0.0 | Last price: $94.89
2026-09-25 19:37:54,803 | [ACGL] ACTION: No trade.
2026-09-25 19:37:54,823 | [ACN] trending (ADX 33.4) -> trend-following strategy | Signal: HOLD | Shares held: 0.0 | Last price: $176.07
2026-09-25 19:37:54,824 | [ACN] ACTION: No trade.
2026-09-25 19:37:54,844 | [ADBE] choppy/sideways (ADX 24.1) -> mean-reversion strategy | Signal: HOLD | Shares held: 0.0 | Last price: $235.09
2026-09-25 19:37:54,844 | [ADBE] ACTION: No trade.
2026-09-25 19:37:54,864 | [ADI] trending (ADX 31.4) -> trend-following strategy | Signal: HOLD | Shares held: 0.0 | Last price: $393.99
2026-09-25 19:37:54,864 | [ADI] ACTION: No trade.
2026-09-25 19:37:54,885 | [ADM] choppy/sideways (ADX 23.9) -> mean-reversion strategy | Signal: HOLD | Shares held: 0.0 | Last price: $80.63
2026-09-25 19:37:54,885 | [ADM] ACTION: No trade.
2026-09-25 19:37:54,905 | [ADP] choppy/sideways (ADX 10.1) -> mean-reversion strategy | Signal: HOLD | Shares held: 0.0 | Last price: $263.21
2026-09-25 19:37:54,905 | [ADP] ACTION: No trade.
2026-09-25 19:37:54,925 | [ADSK] trending (ADX 42.8) -> trend-following strategy | Signal: HOLD | Shares held: 0.0 | Last price: $209.81
2026-09-25 19:37:54,925 | [ADSK] ACTION: No trade.
2026-09-25 19:37:54,945 | [AEE] choppy/sideways (ADX 15.6) -> mean-reversion strategy | Signal: HOLD | Shares held: 0.0 | Last price: $99.20
2026-09-25 19:37:54,945 | [AEE] ACTION: No trade.
2026-09-25 19:37:54,965 | [AEP] choppy/sideways (ADX 23.5) -> mean-reversion strategy | Signal: HOLD | Shares held: 0.0 | Last price: $117.98
2026-09-25 19:37:54,965 | [AEP] ACTION: No trade.
2026-09-25 19:37:54,986 | [AES] trending (ADX 27.0) -> trend-following strategy | Signal: HOLD | Shares held: 0.0 | Last price: $14.89
2026-09-25 19:37:54,986 | [AES] ACTION: No trade.
2026-09-25 19:37:55,006 | [AFL] trending (ADX 36.4) -> trend-following strategy | Signal: HOLD | Shares held: 0.0 | Last price: $113.52
2026-09-25 19:37:55,006 | [AFL] ACTION: No trade.
2026-09-25 19:37:55,026 | [AIG] trending (ADX 27.8) -> trend-following strategy | Signal: HOLD | Shares held: 0.0 | Last price: $74.06
2026-09-25 19:37:55,026 | [AIG] ACTION: No trade.
2026-09-25 19:37:55,047 | [AIZ] choppy/sideways (ADX 24.9) -> mean-reversion strategy | Signal: HOLD | Shares held: 0.0 | Last price: $265.53
2026-09-25 19:37:55,047 | [AIZ] ACTION: No trade.
2026-09-25 19:37:55,067 | [AJG] trending (ADX 26.2) -> trend-following strategy | Signal: HOLD | Shares held: 0.0 | Last price: $230.22
2026-09-25 19:37:55,067 | [AJG] ACTION: No trade.
2026-09-25 19:37:55,087 | [AKAM] choppy/sideways (ADX 15.3) -> mean-reversion strategy | Signal: HOLD | Shares held: 0.0 | Last price: $114.37
2026-09-25 19:37:55,087 | [AKAM] ACTION: No trade.
2026-09-25 19:37:55,108 | [ALB] choppy/sideways (ADX 18.6) -> mean-reversion strategy | Signal: HOLD | Shares held: 0.0 | Last price: $110.17
2026-09-25 19:37:55,108 | [ALB] ACTION: No trade.
2026-09-25 19:37:55,128 | [ALGN] choppy/sideways (ADX 13.9) -> mean-reversion strategy | Signal: HOLD | Shares held: 0.0 | Last price: $146.00
2026-09-25 19:37:55,128 | [ALGN] ACTION: No trade.
2026-09-25 19:37:55,148 | [ALL] choppy/sideways (ADX 14.1) -> mean-reversion strategy | Signal: HOLD | Shares held: 0.0 | Last price: $228.46
2026-09-25 19:37:55,148 | [ALL] ACTION: No trade.
2026-09-25 19:37:55,168 | [ALLE] trending (ADX 26.9) -> trend-following strategy | Signal: HOLD | Shares held: 0.0 | Last price: $154.81
2026-09-25 19:37:55,168 | [ALLE] ACTION: No trade.
2026-09-25 19:37:55,189 | [AMAT] trending (ADX 34.4) -> trend-following strategy | Signal: HOLD | Shares held: 0.0 | Last price: $485.51
2026-09-25 19:37:55,189 | [AMAT] ACTION: No trade.
2026-09-25 19:37:55,209 | [AMCR] choppy/sideways (ADX 25.0) -> mean-reversion strategy | Signal: HOLD | Shares held: 0.0 | Last price: $42.29
2026-09-25 19:37:55,209 | [AMCR] ACTION: No trade.
2026-09-25 19:37:55,229 | [AMD] choppy/sideways (ADX 13.8) -> mean-reversion strategy | Signal: HOLD | Shares held: 0.0 | Last price: $629.92
2026-09-25 19:37:55,229 | [AMD] ACTION: No trade.
2026-09-25 19:37:55,249 | [AME] choppy/sideways (ADX 24.6) -> mean-reversion strategy | Signal: HOLD | Shares held: 0.0 | Last price: $250.62
2026-09-25 19:37:55,249 | [AME] ACTION: No trade.
2026-09-25 19:37:55,270 | [AMGN] choppy/sideways (ADX 23.8) -> mean-reversion strategy | Signal: HOLD | Shares held: 0.0 | Last price: $413.87
2026-09-25 19:37:55,270 | [AMGN] ACTION: No trade.
2026-09-25 19:37:55,290 | [AMP] choppy/sideways (ADX 20.4) -> mean-reversion strategy | Signal: HOLD | Shares held: 0.0 | Last price: $496.68
2026-09-25 19:37:55,290 | [AMP] ACTION: No trade.
2026-09-25 19:37:55,310 | [AMT] choppy/sideways (ADX 15.7) -> mean-reversion strategy | Signal: HOLD | Shares held: 0.0 | Last price: $168.73
2026-09-25 19:37:55,310 | [AMT] ACTION: No trade.
2026-09-25 19:37:55,330 | [AMZN] choppy/sideways (ADX 15.9) -> mean-reversion strategy | Signal: HOLD | Shares held: 0.0 | Last price: $249.83
2026-09-25 19:37:55,330 | [AMZN] ACTION: No trade.
2026-09-25 19:37:55,350 | [ANET] choppy/sideways (ADX 17.8) -> mean-reversion strategy | Signal: HOLD | Shares held: 0.0 | Last price: $207.18
2026-09-25 19:37:55,350 | [ANET] ACTION: No trade.
2026-09-25 19:37:55,370 | [AON] choppy/sideways (ADX 18.5) -> mean-reversion strategy | Signal: HOLD | Shares held: 0.0 | Last price: $278.33
2026-09-25 19:37:55,370 | [AON] ACTION: No trade.
2026-09-25 19:37:55,390 | [APA] trending (ADX 37.6) -> trend-following strategy | Signal: HOLD | Shares held: 0.0 | Last price: $42.80
2026-09-25 19:37:55,390 | [APA] ACTION: No trade.
2026-09-25 19:37:55,411 | [APD] trending (ADX 45.2) -> trend-following strategy | Signal: HOLD | Shares held: 0.0 | Last price: $281.85
2026-09-25 19:37:55,411 | [APD] ACTION: No trade.
2026-09-25 19:37:55,431 | [APH] trending (ADX 25.4) -> trend-following strategy | Signal: HOLD | Shares held: 0.0 | Last price: $84.14
2026-09-25 19:37:55,431 | [APH] ACTION: No trade.
2026-09-25 19:37:55,451 | [APO] choppy/sideways (ADX 17.0) -> mean-reversion strategy | Signal: HOLD | Shares held: 0.0 | Last price: $121.58
2026-09-25 19:37:55,451 | [APO] ACTION: No trade.
2026-09-25 19:37:55,471 | [APP] choppy/sideways (ADX 17.5) -> mean-reversion strategy | Signal: HOLD | Shares held: 0.0 | Last price: $311.35
2026-09-25 19:37:55,471 | [APP] ACTION: No trade.
2026-09-25 19:37:55,491 | [APTV] trending (ADX 33.0) -> trend-following strategy | Signal: HOLD | Shares held: 0.0 | Last price: $44.78
2026-09-25 19:37:55,491 | [APTV] ACTION: No trade.
2026-09-25 19:37:55,512 | [ARES] trending (ADX 30.4) -> trend-following strategy | Signal: HOLD | Shares held: 0.0 | Last price: $122.03
2026-09-25 19:37:55,512 | [ARES] ACTION: No trade.
2026-09-25 19:37:55,532 | [ATO] trending (ADX 25.7) -> trend-following strategy | Signal: HOLD | Shares held: 0.0 | Last price: $157.04
2026-09-25 19:37:55,532 | [ATO] ACTION: No trade.
2026-09-25 19:37:55,551 | [AVGO] choppy/sideways (ADX 20.6) -> mean-reversion strategy | Signal: HOLD | Shares held: 0.0 | Last price: $351.97
2026-09-25 19:37:55,552 | [AVGO] ACTION: No trade.
2026-09-25 19:37:55,572 | [AVY] trending (ADX 25.0) -> trend-following strategy | Signal: SELL | Shares held: 0.0 | Last price: $170.08
2026-09-25 19:37:55,572 | [AVY] ACTION: No trade.
2026-09-25 19:37:55,591 | [AWK] choppy/sideways (ADX 23.7) -> mean-reversion strategy | Signal: HOLD | Shares held: 0.0 | Last price: $130.58
2026-09-25 19:37:55,592 | [AWK] ACTION: No trade.
2026-09-25 19:37:55,612 | [AXON] trending (ADX 33.5) -> trend-following strategy | Signal: HOLD | Shares held: 0.0 | Last price: $432.99
2026-09-25 19:37:55,612 | [AXON] ACTION: No trade.
2026-09-25 19:37:55,632 | [AXP] trending (ADX 62.7) -> trend-following strategy | Signal: HOLD | Shares held: 0.0 | Last price: $309.44
2026-09-25 19:37:55,632 | [AXP] ACTION: No trade.
2026-09-25 19:37:55,652 | [AZO] choppy/sideways (ADX 17.1) -> mean-reversion strategy | Signal: HOLD | Shares held: 0.0 | Last price: $2881.99
2026-09-25 19:37:55,652 | [AZO] ACTION: No trade.
2026-09-25 19:37:55,672 | [BA] choppy/sideways (ADX 17.6) -> mean-reversion strategy | Signal: HOLD | Shares held: 0.0 | Last price: $198.85
2026-09-25 19:37:55,672 | [BA] ACTION: No trade.
2026-09-25 19:37:55,692 | [BAC] choppy/sideways (ADX 23.2) -> mean-reversion strategy | Signal: HOLD | Shares held: 0.0 | Last price: $56.59
2026-09-25 19:37:55,692 | [BAC] ACTION: No trade.
2026-09-25 19:37:55,712 | [BALL] trending (ADX 32.4) -> trend-following strategy | Signal: HOLD | Shares held: 0.0 | Last price: $56.50
2026-09-25 19:37:55,712 | [BALL] ACTION: No trade.
2026-09-25 19:37:55,731 | [BAX] choppy/sideways (ADX 14.0) -> mean-reversion strategy | Signal: HOLD | Shares held: 0.0 | Last price: $23.34
2026-09-25 19:37:55,732 | [BAX] ACTION: No trade.
2026-09-25 19:37:55,751 | [BBY] choppy/sideways (ADX 17.5) -> mean-reversion strategy | Signal: HOLD | Shares held: 0.0 | Last price: $90.36
2026-09-25 19:37:55,751 | [BBY] ACTION: No trade.
2026-09-25 19:37:55,771 | [BDX] trending (ADX 27.0) -> trend-following strategy | Signal: HOLD | Shares held: 0.0 | Last price: $183.28
2026-09-25 19:37:55,771 | [BDX] ACTION: No trade.
2026-09-25 19:37:55,791 | [BE] trending (ADX 32.5) -> trend-following strategy | Signal: HOLD | Shares held: 0.0 | Last price: $290.16
2026-09-25 19:37:55,792 | [BE] ACTION: No trade.
2026-09-25 19:37:55,812 | [BEN] trending (ADX 29.1) -> trend-following strategy | Signal: HOLD | Shares held: 0.0 | Last price: $33.05
2026-09-25 19:37:55,812 | [BEN] ACTION: No trade.
2026-09-25 19:37:55,832 | [BG] trending (ADX 28.9) -> trend-following strategy | Signal: HOLD | Shares held: 0.0 | Last price: $108.98
2026-09-25 19:37:55,833 | [BG] ACTION: No trade.
2026-09-25 19:37:55,853 | [BIIB] choppy/sideways (ADX 17.8) -> mean-reversion strategy | Signal: HOLD | Shares held: 0.0 | Last price: $227.65
2026-09-25 19:37:55,853 | [BIIB] ACTION: No trade.
2026-09-25 19:37:55,873 | [BKNG] trending (ADX 44.9) -> trend-following strategy | Signal: HOLD | Shares held: 0.0 | Last price: $163.38
2026-09-25 19:37:55,873 | [BKNG] ACTION: No trade.
2026-09-25 19:37:55,893 | [BKR] trending (ADX 29.0) -> trend-following strategy | Signal: HOLD | Shares held: 0.0 | Last price: $57.49
2026-09-25 19:37:55,893 | [BKR] ACTION: No trade.
2026-09-25 19:37:55,913 | [BLK] trending (ADX 25.1) -> trend-following strategy | Signal: HOLD | Shares held: 0.0 | Last price: $1081.39
2026-09-25 19:37:55,913 | [BLK] ACTION: No trade.
2026-09-25 19:37:55,933 | [BMY] trending (ADX 48.8) -> trend-following strategy | Signal: HOLD | Shares held: 0.0 | Last price: $62.63
2026-09-25 19:37:55,933 | [BMY] ACTION: No trade.
2026-09-25 19:37:55,954 | [BNY] choppy/sideways (ADX 9.6) -> mean-reversion strategy | Signal: HOLD | Shares held: 0.0 | Last price: $149.81
2026-09-25 19:37:55,954 | [BNY] ACTION: No trade.
2026-09-25 19:37:55,974 | [BR] choppy/sideways (ADX 19.7) -> mean-reversion strategy | Signal: HOLD | Shares held: 0.0 | Last price: $163.76
2026-09-25 19:37:55,974 | [BR] ACTION: No trade.
2026-09-25 19:37:55,994 | [BRK.B] choppy/sideways (ADX 12.9) -> mean-reversion strategy | Signal: HOLD | Shares held: 0.0 | Last price: $504.56
2026-09-25 19:37:55,994 | [BRK.B] ACTION: No trade.
2026-09-25 19:37:56,013 | [BRO] choppy/sideways (ADX 21.6) -> mean-reversion strategy | Signal: HOLD | Shares held: 0.0 | Last price: $60.88
2026-09-25 19:37:56,014 | [BRO] ACTION: No trade.
2026-09-25 19:37:56,033 | [BSX] trending (ADX 44.0) -> trend-following strategy | Signal: HOLD | Shares held: 0.0 | Last price: $43.95
2026-09-25 19:37:56,033 | [BSX] ACTION: No trade.
2026-09-25 19:37:56,053 | [BX] choppy/sideways (ADX 19.5) -> mean-reversion strategy | Signal: HOLD | Shares held: 0.0 | Last price: $118.33
2026-09-25 19:37:56,053 | [BX] ACTION: No trade.
2026-09-25 19:37:56,073 | [C] choppy/sideways (ADX 15.8) -> mean-reversion strategy | Signal: HOLD | Shares held: 0.0 | Last price: $134.45
2026-09-25 19:37:56,073 | [C] ACTION: No trade.
2026-09-25 19:37:56,093 | [CAH] choppy/sideways (ADX 16.5) -> mean-reversion strategy | Signal: HOLD | Shares held: 0.0 | Last price: $220.88
2026-09-25 19:37:56,093 | [CAH] ACTION: No trade.
2026-09-25 19:37:56,113 | [CARR] trending (ADX 35.0) -> trend-following strategy | Signal: HOLD | Shares held: 0.0 | Last price: $56.27
2026-09-25 19:37:56,113 | [CARR] ACTION: No trade.
2026-09-25 19:37:56,134 | [CASY] choppy/sideways (ADX 17.5) -> mean-reversion strategy | Signal: HOLD | Shares held: 0.0 | Last price: $596.75
2026-09-25 19:37:56,134 | [CASY] ACTION: No trade.
2026-09-25 19:37:56,154 | [CAT] choppy/sideways (ADX 24.1) -> mean-reversion strategy | Signal: HOLD | Shares held: 0.0 | Last price: $817.96
2026-09-25 19:37:56,154 | [CAT] ACTION: No trade.
2026-09-25 19:37:56,174 | [CB] choppy/sideways (ADX 23.6) -> mean-reversion strategy | Signal: HOLD | Shares held: 0.0 | Last price: $333.65
2026-09-25 19:37:56,174 | [CB] ACTION: No trade.
2026-09-25 19:37:56,194 | [CBOE] trending (ADX 36.3) -> trend-following strategy | Signal: HOLD | Shares held: 0.0 | Last price: $257.35
2026-09-25 19:37:56,194 | [CBOE] ACTION: No trade.
2026-09-25 19:37:56,214 | [CBRE] choppy/sideways (ADX 20.1) -> mean-reversion strategy | Signal: HOLD | Shares held: 0.0 | Last price: $135.09
2026-09-25 19:37:56,214 | [CBRE] ACTION: No trade.
2026-09-25 19:37:56,234 | [CCI] choppy/sideways (ADX 20.7) -> mean-reversion strategy | Signal: HOLD | Shares held: 0.0 | Last price: $67.76
2026-09-25 19:37:56,234 | [CCI] ACTION: No trade.
2026-09-25 19:37:56,254 | [CCL] trending (ADX 35.3) -> trend-following strategy | Signal: HOLD | Shares held: 0.0 | Last price: $22.26
2026-09-25 19:37:56,254 | [CCL] ACTION: No trade.
2026-09-25 19:37:56,273 | [CDNS] choppy/sideways (ADX 24.2) -> mean-reversion strategy | Signal: HOLD | Shares held: 0.0 | Last price: $324.92
2026-09-25 19:37:56,273 | [CDNS] ACTION: No trade.
2026-09-25 19:37:56,293 | [CDW] trending (ADX 35.0) -> trend-following strategy | Signal: HOLD | Shares held: 0.0 | Last price: $136.87
2026-09-25 19:37:56,293 | [CDW] ACTION: No trade.
2026-09-25 19:37:56,314 | [CEG] choppy/sideways (ADX 14.2) -> mean-reversion strategy | Signal: HOLD | Shares held: 0.0 | Last price: $263.14
2026-09-25 19:37:56,314 | [CEG] ACTION: No trade.
2026-09-25 19:37:56,334 | [CF] trending (ADX 41.6) -> trend-following strategy | Signal: HOLD | Shares held: 0.0 | Last price: $115.05
2026-09-25 19:37:56,334 | [CF] ACTION: No trade.
2026-09-25 19:37:56,354 | [CFG] trending (ADX 39.5) -> trend-following strategy | Signal: HOLD | Shares held: 0.0 | Last price: $65.61
2026-09-25 19:37:56,355 | [CFG] ACTION: No trade.
2026-09-25 19:37:56,375 | [CHD] choppy/sideways (ADX 20.8) -> mean-reversion strategy | Signal: HOLD | Shares held: 0.0 | Last price: $96.31
2026-09-25 19:37:56,375 | [CHD] ACTION: No trade.
2026-09-25 19:37:56,395 | [CHRW] choppy/sideways (ADX 23.8) -> mean-reversion strategy | Signal: HOLD | Shares held: 0.0 | Last price: $146.79
2026-09-25 19:37:56,395 | [CHRW] ACTION: No trade.
2026-09-25 19:37:56,415 | [CHTR] trending (ADX 30.4) -> trend-following strategy | Signal: HOLD | Shares held: 0.0 | Last price: $113.08
2026-09-25 19:37:56,415 | [CHTR] ACTION: No trade.
2026-09-25 19:37:56,435 | [CI] trending (ADX 26.2) -> trend-following strategy | Signal: HOLD | Shares held: 0.0 | Last price: $272.42
2026-09-25 19:37:56,435 | [CI] ACTION: No trade.
2026-09-25 19:37:56,455 | [CIEN] choppy/sideways (ADX 9.1) -> mean-reversion strategy | Signal: HOLD | Shares held: 0.0 | Last price: $356.08
2026-09-25 19:37:56,455 | [CIEN] ACTION: No trade.
2026-09-25 19:37:56,475 | [CL] choppy/sideways (ADX 20.0) -> mean-reversion strategy | Signal: HOLD | Shares held: 0.0 | Last price: $85.78
2026-09-25 19:37:56,475 | [CL] ACTION: No trade.
2026-09-25 19:37:56,495 | [CLX] choppy/sideways (ADX 22.2) -> mean-reversion strategy | Signal: HOLD | Shares held: 0.0 | Last price: $83.10
2026-09-25 19:37:56,495 | [CLX] ACTION: No trade.
2026-09-25 19:37:56,515 | [CMCSA] trending (ADX 27.3) -> trend-following strategy | Signal: HOLD | Shares held: 0.0 | Last price: $21.76
2026-09-25 19:37:56,515 | [CMCSA] ACTION: No trade.
2026-09-25 19:37:56,535 | [CME] trending (ADX 33.9) -> trend-following strategy | Signal: HOLD | Shares held: 0.0 | Last price: $262.68
2026-09-25 19:37:56,535 | [CME] ACTION: No trade.
2026-09-25 19:37:56,555 | [CMG] choppy/sideways (ADX 20.5) -> mean-reversion strategy | Signal: HOLD | Shares held: 0.0 | Last price: $31.42
2026-09-25 19:37:56,555 | [CMG] ACTION: No trade.
2026-09-25 19:37:56,575 | [CMI] choppy/sideways (ADX 13.0) -> mean-reversion strategy | Signal: HOLD | Shares held: 0.0 | Last price: $523.00
2026-09-25 19:37:56,575 | [CMI] ACTION: No trade.
2026-09-25 19:37:56,595 | [CMS] choppy/sideways (ADX 14.9) -> mean-reversion strategy | Signal: HOLD | Shares held: 0.0 | Last price: $62.92
2026-09-25 19:37:56,595 | [CMS] ACTION: No trade.
2026-09-25 19:37:56,615 | [CNC] choppy/sideways (ADX 19.4) -> mean-reversion strategy | Signal: HOLD | Shares held: 0.0 | Last price: $61.94
2026-09-25 19:37:56,616 | [CNC] ACTION: No trade.
2026-09-25 19:37:56,635 | [CNP] trending (ADX 28.2) -> trend-following strategy | Signal: HOLD | Shares held: 0.0 | Last price: $36.74
2026-09-25 19:37:56,636 | [CNP] ACTION: No trade.
2026-09-25 19:37:56,655 | [COF] trending (ADX 43.6) -> trend-following strategy | Signal: HOLD | Shares held: 0.0 | Last price: $200.98
2026-09-25 19:37:56,655 | [COF] ACTION: No trade.
2026-09-25 19:37:56,675 | [COHR] choppy/sideways (ADX 22.8) -> mean-reversion strategy | Signal: HOLD | Shares held: 0.0 | Last price: $296.94
2026-09-25 19:37:56,675 | [COHR] ACTION: No trade.
2026-09-25 19:37:56,695 | [COIN] choppy/sideways (ADX 15.9) -> mean-reversion strategy | Signal: HOLD | Shares held: 0.0 | Last price: $195.57
2026-09-25 19:37:56,695 | [COIN] ACTION: No trade.
2026-09-25 19:37:56,715 | [COO] choppy/sideways (ADX 20.3) -> mean-reversion strategy | Signal: HOLD | Shares held: 0.0 | Last price: $55.36
2026-09-25 19:37:56,715 | [COO] ACTION: No trade.
2026-09-25 19:37:56,735 | [COP] trending (ADX 31.4) -> trend-following strategy | Signal: HOLD | Shares held: 0.0 | Last price: $127.33
2026-09-25 19:37:56,735 | [COP] ACTION: No trade.
2026-09-25 19:37:56,755 | [COR] trending (ADX 27.3) -> trend-following strategy | Signal: HOLD | Shares held: 0.0 | Last price: $306.99
2026-09-25 19:37:56,755 | [COR] ACTION: No trade.
2026-09-25 19:37:56,775 | [COST] trending (ADX 41.6) -> trend-following strategy | Signal: HOLD | Shares held: 0.0 | Last price: $919.50
2026-09-25 19:37:56,775 | [COST] ACTION: No trade.
2026-09-25 19:37:56,795 | [CPAY] choppy/sideways (ADX 15.4) -> mean-reversion strategy | Signal: HOLD | Shares held: 0.0 | Last price: $399.35
2026-09-25 19:37:56,795 | [CPAY] ACTION: No trade.
2026-09-25 19:37:56,815 | [CPRT] choppy/sideways (ADX 18.7) -> mean-reversion strategy | Signal: HOLD | Shares held: 0.0 | Last price: $27.59
2026-09-25 19:37:56,815 | [CPRT] ACTION: No trade.
2026-09-25 19:37:56,835 | [CPT] choppy/sideways (ADX 21.2) -> mean-reversion strategy | Signal: HOLD | Shares held: 0.0 | Last price: $98.19
2026-09-25 19:37:56,835 | [CPT] ACTION: No trade.
2026-09-25 19:37:56,855 | [CRH] trending (ADX 25.2) -> trend-following strategy | Signal: HOLD | Shares held: 0.0 | Last price: $85.36
2026-09-25 19:37:56,855 | [CRH] ACTION: No trade.
2026-09-25 19:37:56,875 | [CRL] choppy/sideways (ADX 17.2) -> mean-reversion strategy | Signal: HOLD | Shares held: 0.0 | Last price: $292.19
2026-09-25 19:37:56,875 | [CRL] ACTION: No trade.
2026-09-25 19:37:56,895 | [CRM] trending (ADX 43.0) -> trend-following strategy | Signal: HOLD | Shares held: 0.0 | Last price: $233.57
2026-09-25 19:37:56,895 | [CRM] ACTION: No trade.
2026-09-25 19:37:56,915 | [CRWD] trending (ADX 31.9) -> trend-following strategy | Signal: HOLD | Shares held: 0.0 | Last price: $252.50
2026-09-25 19:37:56,915 | [CRWD] ACTION: No trade.
2026-09-25 19:37:56,935 | [CSCO] choppy/sideways (ADX 24.2) -> mean-reversion strategy | Signal: HOLD | Shares held: 0.0 | Last price: $106.56
2026-09-25 19:37:56,935 | [CSCO] ACTION: No trade.
2026-09-25 19:37:56,955 | [CSGP] trending (ADX 25.9) -> trend-following strategy | Signal: HOLD | Shares held: 0.0 | Last price: $28.25
2026-09-25 19:37:56,955 | [CSGP] ACTION: No trade.
2026-09-25 19:37:56,975 | [CSX] choppy/sideways (ADX 15.6) -> mean-reversion strategy | Signal: HOLD | Shares held: 0.0 | Last price: $46.65
2026-09-25 19:37:56,975 | [CSX] ACTION: No trade.
2026-09-25 19:37:56,995 | [CTAS] choppy/sideways (ADX 22.8) -> mean-reversion strategy | Signal: HOLD | Shares held: 0.0 | Last price: $199.85
2026-09-25 19:37:56,995 | [CTAS] ACTION: No trade.
2026-09-25 19:37:57,015 | [CTSH] choppy/sideways (ADX 15.7) -> mean-reversion strategy | Signal: HOLD | Shares held: 0.0 | Last price: $57.38
2026-09-25 19:37:57,015 | [CTSH] ACTION: No trade.
2026-09-25 19:37:57,035 | [CTVA] choppy/sideways (ADX 20.9) -> mean-reversion strategy | Signal: HOLD | Shares held: 0.0 | Last price: $78.30
2026-09-25 19:37:57,035 | [CTVA] ACTION: No trade.
2026-09-25 19:37:57,054 | [CVNA] choppy/sideways (ADX 22.5) -> mean-reversion strategy | Signal: HOLD | Shares held: 0.0 | Last price: $64.54
2026-09-25 19:37:57,054 | [CVNA] ACTION: No trade.
2026-09-25 19:37:57,074 | [CVS] trending (ADX 53.4) -> trend-following strategy | Signal: HOLD | Shares held: 0.0 | Last price: $89.11
2026-09-25 19:37:57,074 | [CVS] ACTION: No trade.
2026-09-25 19:37:57,094 | [CVX] trending (ADX 27.1) -> trend-following strategy | Signal: HOLD | Shares held: 0.0 | Last price: $204.35
2026-09-25 19:37:57,094 | [CVX] ACTION: No trade.
2026-09-25 19:37:57,114 | [D] choppy/sideways (ADX 18.6) -> mean-reversion strategy | Signal: HOLD | Shares held: 0.0 | Last price: $60.78
2026-09-25 19:37:57,114 | [D] ACTION: No trade.
2026-09-25 19:37:57,134 | [DAL] trending (ADX 38.5) -> trend-following strategy | Signal: HOLD | Shares held: 0.0 | Last price: $84.86
2026-09-25 19:37:57,134 | [DAL] ACTION: No trade.
2026-09-25 19:37:57,154 | [DASH] trending (ADX 37.6) -> trend-following strategy | Signal: HOLD | Shares held: 0.0 | Last price: $192.16
2026-09-25 19:37:57,154 | [DASH] ACTION: No trade.
2026-09-25 19:37:57,174 | [DD] choppy/sideways (ADX 16.9) -> mean-reversion strategy | Signal: HOLD | Shares held: 0.0 | Last price: $131.25
2026-09-25 19:37:57,174 | [DD] ACTION: No trade.
2026-09-25 19:37:57,194 | [DDOG] trending (ADX 27.3) -> trend-following strategy | Signal: HOLD | Shares held: 0.0 | Last price: $268.20
2026-09-25 19:37:57,194 | [DDOG] ACTION: No trade.
2026-09-25 19:37:57,214 | [DE] trending (ADX 34.9) -> trend-following strategy | Signal: HOLD | Shares held: 0.0 | Last price: $683.72
2026-09-25 19:37:57,214 | [DE] ACTION: No trade.
2026-09-25 19:37:57,234 | [DECK] choppy/sideways (ADX 18.1) -> mean-reversion strategy | Signal: HOLD | Shares held: 0.0 | Last price: $78.58
2026-09-25 19:37:57,234 | [DECK] ACTION: No trade.
2026-09-25 19:37:57,254 | [DELL] trending (ADX 40.4) -> trend-following strategy | Signal: HOLD | Shares held: 0.0 | Last price: $565.50
2026-09-25 19:37:57,254 | [DELL] ACTION: No trade.
2026-09-25 19:37:57,273 | [DG] trending (ADX 26.2) -> trend-following strategy | Signal: HOLD | Shares held: 0.0 | Last price: $124.81
2026-09-25 19:37:57,273 | [DG] ACTION: No trade.
2026-09-25 19:37:57,293 | [DGX] choppy/sideways (ADX 16.7) -> mean-reversion strategy | Signal: HOLD | Shares held: 0.0 | Last price: $236.98
2026-09-25 19:37:57,293 | [DGX] ACTION: No trade.
2026-09-25 19:37:57,313 | [DHI] trending (ADX 25.3) -> trend-following strategy | Signal: HOLD | Shares held: 0.0 | Last price: $141.16
2026-09-25 19:37:57,313 | [DHI] ACTION: No trade.
2026-09-25 19:37:57,333 | [DHR] choppy/sideways (ADX 11.9) -> mean-reversion strategy | Signal: HOLD | Shares held: 0.0 | Last price: $223.70
2026-09-25 19:37:57,333 | [DHR] ACTION: No trade.
2026-09-25 19:37:57,353 | [DIS] choppy/sideways (ADX 15.7) -> mean-reversion strategy | Signal: HOLD | Shares held: 0.0 | Last price: $105.20
2026-09-25 19:37:57,353 | [DIS] ACTION: No trade.
2026-09-25 19:37:57,372 | [DLR] trending (ADX 28.7) -> trend-following strategy | Signal: HOLD | Shares held: 0.0 | Last price: $179.03
2026-09-25 19:37:57,373 | [DLR] ACTION: No trade.
2026-09-25 19:37:57,392 | [DLTR] choppy/sideways (ADX 18.7) -> mean-reversion strategy | Signal: HOLD | Shares held: 0.0 | Last price: $113.54
2026-09-25 19:37:57,392 | [DLTR] ACTION: No trade.
2026-09-25 19:37:57,412 | [DOC] trending (ADX 29.3) -> trend-following strategy | Signal: HOLD | Shares held: 0.0 | Last price: $20.21
2026-09-25 19:37:57,412 | [DOC] ACTION: No trade.
2026-09-25 19:37:57,432 | [DOV] trending (ADX 30.6) -> trend-following strategy | Signal: HOLD | Shares held: 0.0 | Last price: $192.19
2026-09-25 19:37:57,432 | [DOV] ACTION: No trade.
2026-09-25 19:37:57,452 | [DOW] trending (ADX 40.0) -> trend-following strategy | Signal: HOLD | Shares held: 0.0 | Last price: $27.84
2026-09-25 19:37:57,452 | [DOW] ACTION: No trade.
2026-09-25 19:37:57,472 | [DPZ] choppy/sideways (ADX 20.7) -> mean-reversion strategy | Signal: HOLD | Shares held: 0.0 | Last price: $290.38
2026-09-25 19:37:57,472 | [DPZ] ACTION: No trade.
2026-09-25 19:37:57,492 | [DRI] trending (ADX 54.2) -> trend-following strategy | Signal: HOLD | Shares held: 0.0 | Last price: $198.55
2026-09-25 19:37:57,492 | [DRI] ACTION: No trade.
2026-09-25 19:37:57,512 | [DTE] choppy/sideways (ADX 15.3) -> mean-reversion strategy | Signal: HOLD | Shares held: 0.0 | Last price: $121.04
2026-09-25 19:37:57,512 | [DTE] ACTION: No trade.
2026-09-25 19:37:57,531 | [DUK] choppy/sideways (ADX 19.8) -> mean-reversion strategy | Signal: HOLD | Shares held: 0.0 | Last price: $113.11
2026-09-25 19:37:57,531 | [DUK] ACTION: No trade.
2026-09-25 19:37:57,551 | [DVA] choppy/sideways (ADX 14.9) -> mean-reversion strategy | Signal: HOLD | Shares held: 0.0 | Last price: $178.51
2026-09-25 19:37:57,551 | [DVA] ACTION: No trade.
2026-09-25 19:37:57,571 | [DVN] trending (ADX 30.7) -> trend-following strategy | Signal: HOLD | Shares held: 0.0 | Last price: $47.18
2026-09-25 19:37:57,571 | [DVN] ACTION: No trade.
2026-09-25 19:37:57,591 | [DXCM] choppy/sideways (ADX 20.4) -> mean-reversion strategy | Signal: HOLD | Shares held: 0.0 | Last price: $86.91
2026-09-25 19:37:57,591 | [DXCM] ACTION: No trade.
2026-09-25 19:37:57,611 | [EBAY] choppy/sideways (ADX 12.7) -> mean-reversion strategy | Signal: HOLD | Shares held: 0.0 | Last price: $108.05
2026-09-25 19:37:57,611 | [EBAY] ACTION: No trade.
2026-09-25 19:37:57,631 | [ECHO] choppy/sideways (ADX 11.8) -> mean-reversion strategy | Signal: HOLD | Shares held: 0.0 | Last price: $90.27
2026-09-25 19:37:57,631 | [ECHO] ACTION: No trade.
2026-09-25 19:37:57,651 | [ECL] trending (ADX 32.7) -> trend-following strategy | Signal: HOLD | Shares held: 0.0 | Last price: $279.35
2026-09-25 19:37:57,651 | [ECL] ACTION: No trade.
2026-09-25 19:37:57,671 | [ED] choppy/sideways (ADX 13.1) -> mean-reversion strategy | Signal: HOLD | Shares held: 0.0 | Last price: $102.85
2026-09-25 19:37:57,671 | [ED] ACTION: No trade.
2026-09-25 19:37:57,691 | [EFX] trending (ADX 37.2) -> trend-following strategy | Signal: HOLD | Shares held: 0.0 | Last price: $146.91
2026-09-25 19:37:57,691 | [EFX] ACTION: No trade.
2026-09-25 19:37:57,711 | [EG] choppy/sideways (ADX 13.0) -> mean-reversion strategy | Signal: HOLD | Shares held: 0.0 | Last price: $371.01
2026-09-25 19:37:57,711 | [EG] ACTION: No trade.
2026-09-25 19:37:57,730 | [EIX] choppy/sideways (ADX 16.8) -> mean-reversion strategy | Signal: HOLD | Shares held: 0.0 | Last price: $52.64
2026-09-25 19:37:57,731 | [EIX] ACTION: No trade.
2026-09-25 19:37:57,750 | [EL] trending (ADX 34.1) -> trend-following strategy | Signal: HOLD | Shares held: 0.0 | Last price: $94.53
2026-09-25 19:37:57,750 | [EL] ACTION: No trade.
2026-09-25 19:37:57,770 | [ELV] choppy/sideways (ADX 24.5) -> mean-reversion strategy | Signal: HOLD | Shares held: 0.0 | Last price: $395.80
2026-09-25 19:37:57,770 | [ELV] ACTION: No trade.
2026-09-25 19:37:57,790 | [EME] choppy/sideways (ADX 20.2) -> mean-reversion strategy | Signal: HOLD | Shares held: 0.0 | Last price: $760.25
2026-09-25 19:37:57,790 | [EME] ACTION: No trade.
2026-09-25 19:37:57,810 | [EMR] trending (ADX 25.6) -> trend-following strategy | Signal: HOLD | Shares held: 0.0 | Last price: $158.41
2026-09-25 19:37:57,810 | [EMR] ACTION: No trade.
2026-09-25 19:37:57,830 | [EOG] trending (ADX 28.6) -> trend-following strategy | Signal: HOLD | Shares held: 0.0 | Last price: $140.47
2026-09-25 19:37:57,830 | [EOG] ACTION: No trade.
2026-09-25 19:37:57,850 | [EQIX] trending (ADX 32.3) -> trend-following strategy | Signal: HOLD | Shares held: 0.0 | Last price: $1013.40
2026-09-25 19:37:57,850 | [EQIX] ACTION: No trade.
2026-09-25 19:37:57,870 | [EQT] choppy/sideways (ADX 14.1) -> mean-reversion strategy | Signal: HOLD | Shares held: 0.0 | Last price: $50.88
2026-09-25 19:37:57,870 | [EQT] ACTION: No trade.
2026-09-25 19:37:57,890 | [ES] trending (ADX 32.8) -> trend-following strategy | Signal: HOLD | Shares held: 0.0 | Last price: $63.56
2026-09-25 19:37:57,890 | [ES] ACTION: No trade.
2026-09-25 19:37:57,910 | [ESS] choppy/sideways (ADX 19.1) -> mean-reversion strategy | Signal: HOLD | Shares held: 0.0 | Last price: $271.43
2026-09-25 19:37:57,910 | [ESS] ACTION: No trade.
2026-09-25 19:37:57,930 | [ETN] choppy/sideways (ADX 13.3) -> mean-reversion strategy | Signal: HOLD | Shares held: 0.0 | Last price: $439.34
2026-09-25 19:37:57,930 | [ETN] ACTION: No trade.
2026-09-25 19:37:57,950 | [ETR] choppy/sideways (ADX 23.2) -> mean-reversion strategy | Signal: HOLD | Shares held: 0.0 | Last price: $98.32
2026-09-25 19:37:57,950 | [ETR] ACTION: No trade.
2026-09-25 19:37:57,970 | [EVRG] choppy/sideways (ADX 22.6) -> mean-reversion strategy | Signal: HOLD | Shares held: 0.0 | Last price: $77.88
2026-09-25 19:37:57,970 | [EVRG] ACTION: No trade.
2026-09-25 19:37:57,990 | [EW] choppy/sideways (ADX 13.6) -> mean-reversion strategy | Signal: HOLD | Shares held: 0.0 | Last price: $86.28
2026-09-25 19:37:57,990 | [EW] ACTION: No trade.
2026-09-25 19:37:58,010 | [EXC] choppy/sideways (ADX 20.0) -> mean-reversion strategy | Signal: HOLD | Shares held: 0.0 | Last price: $40.17
2026-09-25 19:37:58,010 | [EXC] ACTION: No trade.
2026-09-25 19:37:58,030 | [EXE] choppy/sideways (ADX 8.9) -> mean-reversion strategy | Signal: HOLD | Shares held: 0.0 | Last price: $87.11
2026-09-25 19:37:58,030 | [EXE] ACTION: No trade.
2026-09-25 19:37:58,050 | [EXPD] trending (ADX 36.3) -> trend-following strategy | Signal: HOLD | Shares held: 0.0 | Last price: $188.11
2026-09-25 19:37:58,050 | [EXPD] ACTION: No trade.
2026-09-25 19:37:58,070 | [EXPE] choppy/sideways (ADX 20.9) -> mean-reversion strategy | Signal: HOLD | Shares held: 0.0 | Last price: $265.83
2026-09-25 19:37:58,070 | [EXPE] ACTION: No trade.
2026-09-25 19:37:58,089 | [EXR] choppy/sideways (ADX 15.0) -> mean-reversion strategy | Signal: HOLD | Shares held: 0.0 | Last price: $133.02
2026-09-25 19:37:58,089 | [EXR] ACTION: No trade.
2026-09-25 19:37:58,109 | [F] choppy/sideways (ADX 11.1) -> mean-reversion strategy | Signal: HOLD | Shares held: 0.0 | Last price: $12.72
2026-09-25 19:37:58,110 | [F] ACTION: No trade.
2026-09-25 19:37:58,129 | [FANG] choppy/sideways (ADX 23.9) -> mean-reversion strategy | Signal: HOLD | Shares held: 0.0 | Last price: $186.62
2026-09-25 19:37:58,129 | [FANG] ACTION: No trade.
2026-09-25 19:37:58,149 | [FAST] choppy/sideways (ADX 15.2) -> mean-reversion strategy | Signal: HOLD | Shares held: 0.0 | Last price: $50.45
2026-09-25 19:37:58,149 | [FAST] ACTION: No trade.
2026-09-25 19:37:58,169 | [FCX] choppy/sideways (ADX 9.0) -> mean-reversion strategy | Signal: HOLD | Shares held: 0.0 | Last price: $72.24
2026-09-25 19:37:58,169 | [FCX] ACTION: No trade.
2026-09-25 19:37:58,189 | [FDS] choppy/sideways (ADX 12.0) -> mean-reversion strategy | Signal: HOLD | Shares held: 0.0 | Last price: $273.39
2026-09-25 19:37:58,189 | [FDS] ACTION: No trade.
2026-09-25 19:37:58,209 | [FDX] trending (ADX 31.8) -> trend-following strategy | Signal: HOLD | Shares held: 0.0 | Last price: $284.37
2026-09-25 19:37:58,209 | [FDX] ACTION: No trade.
2026-09-25 19:37:58,229 | [FDXF] choppy/sideways (ADX 18.1) -> mean-reversion strategy | Signal: HOLD | Shares held: 0.0 | Last price: $115.19
2026-09-25 19:37:58,229 | [FDXF] ACTION: No trade.
2026-09-25 19:37:58,248 | [FE] choppy/sideways (ADX 20.7) -> mean-reversion strategy | Signal: HOLD | Shares held: 0.0 | Last price: $43.22
2026-09-25 19:37:58,249 | [FE] ACTION: No trade.
2026-09-25 19:37:58,268 | [FERG] choppy/sideways (ADX 14.9) -> mean-reversion strategy | Signal: HOLD | Shares held: 0.0 | Last price: $220.99
2026-09-25 19:37:58,268 | [FERG] ACTION: No trade.
2026-09-25 19:37:58,288 | [FFIV] trending (ADX 32.4) -> trend-following strategy | Signal: HOLD | Shares held: 0.0 | Last price: $443.09
2026-09-25 19:37:58,288 | [FFIV] ACTION: No trade.
2026-09-25 19:37:58,308 | [FICO] choppy/sideways (ADX 15.5) -> mean-reversion strategy | Signal: HOLD | Shares held: 0.0 | Last price: $862.74
2026-09-25 19:37:58,308 | [FICO] ACTION: No trade.
2026-09-25 19:37:58,328 | [FIS] trending (ADX 46.5) -> trend-following strategy | Signal: HOLD | Shares held: 0.0 | Last price: $35.55
2026-09-25 19:37:58,328 | [FIS] ACTION: No trade.
2026-09-25 19:37:58,348 | [FISV] trending (ADX 29.7) -> trend-following strategy | Signal: HOLD | Shares held: 0.0 | Last price: $46.64
2026-09-25 19:37:58,348 | [FISV] ACTION: No trade.
2026-09-25 19:37:58,368 | [FITB] trending (ADX 33.5) -> trend-following strategy | Signal: HOLD | Shares held: 0.0 | Last price: $52.12
2026-09-25 19:37:58,368 | [FITB] ACTION: No trade.
2026-09-25 19:37:58,388 | [FIX] choppy/sideways (ADX 10.2) -> mean-reversion strategy | Signal: HOLD | Shares held: 0.0 | Last price: $1650.94
2026-09-25 19:37:58,388 | [FIX] ACTION: No trade.
2026-09-25 19:37:58,408 | [FLEX] trending (ADX 27.4) -> trend-following strategy | Signal: SELL | Shares held: 0.0 | Last price: $115.09
2026-09-25 19:37:58,408 | [FLEX] ACTION: No trade.
2026-09-25 19:37:58,428 | [FOXA] choppy/sideways (ADX 19.6) -> mean-reversion strategy | Signal: HOLD | Shares held: 0.0 | Last price: $63.03
2026-09-25 19:37:58,428 | [FOXA] ACTION: No trade.
2026-09-25 19:37:58,447 | [FRT] choppy/sideways (ADX 13.8) -> mean-reversion strategy | Signal: HOLD | Shares held: 0.0 | Last price: $110.17
2026-09-25 19:37:58,447 | [FRT] ACTION: No trade.
2026-09-25 19:37:58,467 | [FSLR] choppy/sideways (ADX 17.8) -> mean-reversion strategy | Signal: HOLD | Shares held: 0.0 | Last price: $177.55
2026-09-25 19:37:58,467 | [FSLR] ACTION: No trade.
2026-09-25 19:37:58,487 | [FTNT] trending (ADX 43.2) -> trend-following strategy | Signal: HOLD | Shares held: 0.0 | Last price: $173.14
2026-09-25 19:37:58,487 | [FTNT] ACTION: No trade.
2026-09-25 19:37:58,507 | [FTV] choppy/sideways (ADX 11.5) -> mean-reversion strategy | Signal: HOLD | Shares held: 0.0 | Last price: $56.15
2026-09-25 19:37:58,507 | [FTV] ACTION: No trade.
2026-09-25 19:37:58,527 | [GD] trending (ADX 32.4) -> trend-following strategy | Signal: HOLD | Shares held: 0.0 | Last price: $337.30
2026-09-25 19:37:58,527 | [GD] ACTION: No trade.
2026-09-25 19:37:58,547 | [GDDY] choppy/sideways (ADX 20.8) -> mean-reversion strategy | Signal: HOLD | Shares held: 0.0 | Last price: $97.92
2026-09-25 19:37:58,547 | [GDDY] ACTION: No trade.
2026-09-25 19:37:58,567 | [GE] choppy/sideways (ADX 20.2) -> mean-reversion strategy | Signal: HOLD | Shares held: 0.0 | Last price: $325.95
2026-09-25 19:37:58,567 | [GE] ACTION: No trade.
2026-09-25 19:37:58,587 | [GEHC] choppy/sideways (ADX 13.8) -> mean-reversion strategy | Signal: HOLD | Shares held: 0.0 | Last price: $66.52
2026-09-25 19:37:58,587 | [GEHC] ACTION: No trade.
2026-09-25 19:37:58,607 | [GEN] trending (ADX 48.5) -> trend-following strategy | Signal: HOLD | Shares held: 0.0 | Last price: $21.57
2026-09-25 19:37:58,607 | [GEN] ACTION: No trade.
2026-09-25 19:37:58,627 | [GEV] choppy/sideways (ADX 12.0) -> mean-reversion strategy | Signal: HOLD | Shares held: 0.0 | Last price: $952.44
2026-09-25 19:37:58,627 | [GEV] ACTION: No trade.
2026-09-25 19:37:58,647 | [GILD] choppy/sideways (ADX 21.3) -> mean-reversion strategy | Signal: HOLD | Shares held: 0.0 | Last price: $149.66
2026-09-25 19:37:58,647 | [GILD] ACTION: No trade.
2026-09-25 19:37:58,667 | [GIS] trending (ADX 53.3) -> trend-following strategy | Signal: HOLD | Shares held: 0.0 | Last price: $33.70
2026-09-25 19:37:58,667 | [GIS] ACTION: No trade.
2026-09-25 19:37:58,687 | [GLW] choppy/sideways (ADX 18.7) -> mean-reversion strategy | Signal: HOLD | Shares held: 0.0 | Last price: $156.21
2026-09-25 19:37:58,687 | [GLW] ACTION: No trade.
2026-09-25 19:37:58,707 | [GM] choppy/sideways (ADX 21.4) -> mean-reversion strategy | Signal: HOLD | Shares held: 0.0 | Last price: $82.62
2026-09-25 19:37:58,707 | [GM] ACTION: No trade.
2026-09-25 19:37:58,727 | [GNRC] trending (ADX 48.6) -> trend-following strategy | Signal: HOLD | Shares held: 0.0 | Last price: $207.53
2026-09-25 19:37:58,727 | [GNRC] ACTION: No trade.
2026-09-25 19:37:58,747 | [GOOG] trending (ADX 27.0) -> trend-following strategy | Signal: HOLD | Shares held: 0.0 | Last price: $340.91
2026-09-25 19:37:58,747 | [GOOG] ACTION: No trade.
2026-09-25 19:37:58,767 | [GOOGL] trending (ADX 25.3) -> trend-following strategy | Signal: HOLD | Shares held: 0.0 | Last price: $343.78
2026-09-25 19:37:58,767 | [GOOGL] ACTION: No trade.
2026-09-25 19:37:58,787 | [GPC] choppy/sideways (ADX 17.8) -> mean-reversion strategy | Signal: HOLD | Shares held: 0.0 | Last price: $129.77
2026-09-25 19:37:58,787 | [GPC] ACTION: No trade.
2026-09-25 19:37:58,807 | [GPN] trending (ADX 33.1) -> trend-following strategy | Signal: HOLD | Shares held: 0.0 | Last price: $86.22
2026-09-25 19:37:58,807 | [GPN] ACTION: No trade.
2026-09-25 19:37:58,827 | [GRMN] choppy/sideways (ADX 21.2) -> mean-reversion strategy | Signal: HOLD | Shares held: 0.0 | Last price: $293.00
2026-09-25 19:37:58,827 | [GRMN] ACTION: No trade.
2026-09-25 19:37:58,847 | [GS] choppy/sideways (ADX 24.0) -> mean-reversion strategy | Signal: HOLD | Shares held: 0.0 | Last price: $932.07
2026-09-25 19:37:58,848 | [GS] ACTION: No trade.
2026-09-25 19:37:58,867 | [GWW] trending (ADX 31.3) -> trend-following strategy | Signal: HOLD | Shares held: 0.0 | Last price: $1241.86
2026-09-25 19:37:58,867 | [GWW] ACTION: No trade.
2026-09-25 19:37:58,887 | [HAL] trending (ADX 34.6) -> trend-following strategy | Signal: HOLD | Shares held: 0.0 | Last price: $32.55
2026-09-25 19:37:58,887 | [HAL] ACTION: No trade.
2026-09-25 19:37:58,907 | [HAS] choppy/sideways (ADX 10.6) -> mean-reversion strategy | Signal: HOLD | Shares held: 0.0 | Last price: $87.51
2026-09-25 19:37:58,907 | [HAS] ACTION: No trade.
2026-09-25 19:37:58,927 | [HBAN] trending (ADX 36.0) -> trend-following strategy | Signal: HOLD | Shares held: 0.0 | Last price: $15.72
2026-09-25 19:37:58,927 | [HBAN] ACTION: No trade.
2026-09-25 19:37:58,947 | [HCA] choppy/sideways (ADX 15.6) -> mean-reversion strategy | Signal: HOLD | Shares held: 0.0 | Last price: $433.08
2026-09-25 19:37:58,947 | [HCA] ACTION: No trade.
2026-09-25 19:37:58,967 | [HD] choppy/sideways (ADX 14.2) -> mean-reversion strategy | Signal: HOLD | Shares held: 0.0 | Last price: $293.63
2026-09-25 19:37:58,967 | [HD] ACTION: No trade.
2026-09-25 19:37:58,987 | [HIG] trending (ADX 38.2) -> trend-following strategy | Signal: HOLD | Shares held: 0.0 | Last price: $124.37
2026-09-25 19:37:58,987 | [HIG] ACTION: No trade.
2026-09-25 19:37:59,007 | [HII] choppy/sideways (ADX 22.4) -> mean-reversion strategy | Signal: HOLD | Shares held: 0.0 | Last price: $263.31
2026-09-25 19:37:59,007 | [HII] ACTION: No trade.
2026-09-25 19:37:59,027 | [HLT] choppy/sideways (ADX 21.5) -> mean-reversion strategy | Signal: HOLD | Shares held: 0.0 | Last price: $313.96
2026-09-25 19:37:59,027 | [HLT] ACTION: No trade.
2026-09-25 19:37:59,047 | [HON] choppy/sideways (ADX 9.4) -> mean-reversion strategy | Signal: HOLD | Shares held: 0.0 | Last price: $212.20
2026-09-25 19:37:59,047 | [HON] ACTION: No trade.
2026-09-25 19:37:59,067 | [HONA] trending (ADX 31.4) -> trend-following strategy | Signal: HOLD | Shares held: 0.0 | Last price: $156.99
2026-09-25 19:37:59,067 | [HONA] ACTION: No trade.
2026-09-25 19:37:59,087 | [HOOD] choppy/sideways (ADX 18.1) -> mean-reversion strategy | Signal: HOLD | Shares held: 0.0 | Last price: $119.22
2026-09-25 19:37:59,087 | [HOOD] ACTION: No trade.
2026-09-25 19:37:59,107 | [HPE] choppy/sideways (ADX 13.7) -> mean-reversion strategy | Signal: HOLD | Shares held: 0.0 | Last price: $62.97
2026-09-25 19:37:59,107 | [HPE] ACTION: No trade.
2026-09-25 19:37:59,127 | [HPQ] trending (ADX 27.9) -> trend-following strategy | Signal: HOLD | Shares held: 0.0 | Last price: $31.32
2026-09-25 19:37:59,127 | [HPQ] ACTION: No trade.
2026-09-25 19:37:59,147 | [HSIC] trending (ADX 35.2) -> trend-following strategy | Signal: HOLD | Shares held: 0.0 | Last price: $86.04
2026-09-25 19:37:59,147 | [HSIC] ACTION: No trade.
2026-09-25 19:37:59,167 | [HST] choppy/sideways (ADX 23.7) -> mean-reversion strategy | Signal: HOLD | Shares held: 0.0 | Last price: $22.36
2026-09-25 19:37:59,167 | [HST] ACTION: No trade.
2026-09-25 19:37:59,187 | [HSY] choppy/sideways (ADX 13.5) -> mean-reversion strategy | Signal: HOLD | Shares held: 0.0 | Last price: $166.26
2026-09-25 19:37:59,187 | [HSY] ACTION: No trade.
2026-09-25 19:37:59,206 | [HUBB] choppy/sideways (ADX 10.8) -> mean-reversion strategy | Signal: HOLD | Shares held: 0.0 | Last price: $465.63
2026-09-25 19:37:59,206 | [HUBB] ACTION: No trade.
2026-09-25 19:37:59,226 | [HUM] trending (ADX 37.9) -> trend-following strategy | Signal: HOLD | Shares held: 0.0 | Last price: $400.11
2026-09-25 19:37:59,226 | [HUM] ACTION: No trade.
2026-09-25 19:37:59,246 | [HWM] choppy/sideways (ADX 21.5) -> mean-reversion strategy | Signal: HOLD | Shares held: 0.0 | Last price: $231.81
2026-09-25 19:37:59,247 | [HWM] ACTION: No trade.
2026-09-25 19:37:59,296 | [IBKR] choppy/sideways (ADX 12.5) -> mean-reversion strategy | Signal: HOLD | Shares held: 0.0 | Last price: $89.78
2026-09-25 19:37:59,296 | [IBKR] ACTION: No trade.
2026-09-25 19:37:59,316 | [IBM] trending (ADX 30.8) -> trend-following strategy | Signal: HOLD | Shares held: 0.0 | Last price: $226.08
2026-09-25 19:37:59,316 | [IBM] ACTION: No trade.
2026-09-25 19:37:59,336 | [ICE] choppy/sideways (ADX 16.2) -> mean-reversion strategy | Signal: HOLD | Shares held: 0.0 | Last price: $154.24
2026-09-25 19:37:59,336 | [ICE] ACTION: No trade.
2026-09-25 19:37:59,356 | [IDXX] choppy/sideways (ADX 18.2) -> mean-reversion strategy | Signal: HOLD | Shares held: 0.0 | Last price: $516.27
2026-09-25 19:37:59,356 | [IDXX] ACTION: No trade.
2026-09-25 19:37:59,375 | [IEX] choppy/sideways (ADX 13.3) -> mean-reversion strategy | Signal: HOLD | Shares held: 0.0 | Last price: $229.80
2026-09-25 19:37:59,375 | [IEX] ACTION: No trade.
2026-09-25 19:37:59,395 | [IFF] choppy/sideways (ADX 9.8) -> mean-reversion strategy | Signal: HOLD | Shares held: 0.0 | Last price: $85.57
2026-09-25 19:37:59,395 | [IFF] ACTION: No trade.
2026-09-25 19:37:59,415 | [ILMN] choppy/sideways (ADX 20.3) -> mean-reversion strategy | Signal: HOLD | Shares held: 0.0 | Last price: $272.32
2026-09-25 19:37:59,415 | [ILMN] ACTION: No trade.
2026-09-25 19:37:59,435 | [INCY] choppy/sideways (ADX 19.2) -> mean-reversion strategy | Signal: HOLD | Shares held: 0.0 | Last price: $124.15
2026-09-25 19:37:59,435 | [INCY] ACTION: No trade.
2026-09-25 19:37:59,454 | [INTC] choppy/sideways (ADX 17.1) -> mean-reversion strategy | Signal: HOLD | Shares held: 0.0 | Last price: $124.47
2026-09-25 19:37:59,455 | [INTC] ACTION: No trade.
2026-09-25 19:37:59,474 | [INTU] trending (ADX 31.6) -> trend-following strategy | Signal: HOLD | Shares held: 0.0 | Last price: $276.16
2026-09-25 19:37:59,474 | [INTU] ACTION: No trade.
2026-09-25 19:37:59,494 | [INVH] choppy/sideways (ADX 17.1) -> mean-reversion strategy | Signal: HOLD | Shares held: 0.0 | Last price: $26.46
2026-09-25 19:37:59,494 | [INVH] ACTION: No trade.
2026-09-25 19:37:59,514 | [IP] choppy/sideways (ADX 10.6) -> mean-reversion strategy | Signal: HOLD | Shares held: 0.0 | Last price: $35.05
2026-09-25 19:37:59,514 | [IP] ACTION: No trade.
2026-09-25 19:37:59,534 | [IQV] choppy/sideways (ADX 15.4) -> mean-reversion strategy | Signal: HOLD | Shares held: 0.0 | Last price: $269.63
2026-09-25 19:37:59,534 | [IQV] ACTION: No trade.
2026-09-25 19:37:59,554 | [IR] choppy/sideways (ADX 21.2) -> mean-reversion strategy | Signal: HOLD | Shares held: 0.0 | Last price: $76.36
2026-09-25 19:37:59,554 | [IR] ACTION: No trade.
2026-09-25 19:37:59,574 | [IRM] trending (ADX 45.0) -> trend-following strategy | Signal: HOLD | Shares held: 0.0 | Last price: $111.51
2026-09-25 19:37:59,574 | [IRM] ACTION: No trade.
2026-09-25 19:37:59,594 | [ISRG] choppy/sideways (ADX 12.2) -> mean-reversion strategy | Signal: HOLD | Shares held: 0.0 | Last price: $403.08
2026-09-25 19:37:59,594 | [ISRG] ACTION: No trade.
2026-09-25 19:37:59,614 | [IT] trending (ADX 53.2) -> trend-following strategy | Signal: HOLD | Shares held: 0.0 | Last price: $187.60
2026-09-25 19:37:59,614 | [IT] ACTION: No trade.
2026-09-25 19:37:59,634 | [ITW] choppy/sideways (ADX 24.3) -> mean-reversion strategy | Signal: HOLD | Shares held: 0.0 | Last price: $273.84
2026-09-25 19:37:59,634 | [ITW] ACTION: No trade.
2026-09-25 19:37:59,654 | [IVZ] choppy/sideways (ADX 24.2) -> mean-reversion strategy | Signal: HOLD | Shares held: 0.0 | Last price: $30.89
2026-09-25 19:37:59,654 | [IVZ] ACTION: No trade.
2026-09-25 19:37:59,674 | [J] choppy/sideways (ADX 17.1) -> mean-reversion strategy | Signal: HOLD | Shares held: 0.0 | Last price: $137.97
2026-09-25 19:37:59,674 | [J] ACTION: No trade.
2026-09-25 19:37:59,694 | [JBHT] trending (ADX 43.9) -> trend-following strategy | Signal: HOLD | Shares held: 0.0 | Last price: $225.08
2026-09-25 19:37:59,694 | [JBHT] ACTION: No trade.
2026-09-25 19:37:59,714 | [JBL] choppy/sideways (ADX 18.8) -> mean-reversion strategy | Signal: HOLD | Shares held: 0.0 | Last price: $317.73
2026-09-25 19:37:59,714 | [JBL] ACTION: No trade.
2026-09-25 19:37:59,733 | [JCI] trending (ADX 38.1) -> trend-following strategy | Signal: HOLD | Shares held: 0.0 | Last price: $149.86
2026-09-25 19:37:59,734 | [JCI] ACTION: No trade.
2026-09-25 19:37:59,753 | [JKHY] choppy/sideways (ADX 10.1) -> mean-reversion strategy | Signal: HOLD | Shares held: 0.0 | Last price: $147.66
2026-09-25 19:37:59,753 | [JKHY] ACTION: No trade.
2026-09-25 19:37:59,773 | [JNJ] choppy/sideways (ADX 14.6) -> mean-reversion strategy | Signal: HOLD | Shares held: 0.0 | Last price: $270.56
2026-09-25 19:37:59,773 | [JNJ] ACTION: No trade.
2026-09-25 19:37:59,793 | [JPM] trending (ADX 35.3) -> trend-following strategy | Signal: HOLD | Shares held: 0.0 | Last price: $342.04
2026-09-25 19:37:59,793 | [JPM] ACTION: No trade.
2026-09-25 19:37:59,813 | [KDP] trending (ADX 29.8) -> trend-following strategy | Signal: HOLD | Shares held: 0.0 | Last price: $31.71
2026-09-25 19:37:59,813 | [KDP] ACTION: No trade.
2026-09-25 19:37:59,833 | [KEY] trending (ADX 50.3) -> trend-following strategy | Signal: HOLD | Shares held: 0.0 | Last price: $20.62
2026-09-25 19:37:59,833 | [KEY] ACTION: No trade.
2026-09-25 19:37:59,853 | [KEYS] trending (ADX 27.2) -> trend-following strategy | Signal: HOLD | Shares held: 0.0 | Last price: $362.36
2026-09-25 19:37:59,853 | [KEYS] ACTION: No trade.
2026-09-25 19:37:59,872 | [KHC] choppy/sideways (ADX 23.5) -> mean-reversion strategy | Signal: HOLD | Shares held: 0.0 | Last price: $23.53
2026-09-25 19:37:59,872 | [KHC] ACTION: No trade.
2026-09-25 19:37:59,892 | [KKR] choppy/sideways (ADX 13.4) -> mean-reversion strategy | Signal: HOLD | Shares held: 0.0 | Last price: $96.77
2026-09-25 19:37:59,892 | [KKR] ACTION: No trade.
2026-09-25 19:37:59,912 | [KLAC] choppy/sideways (ADX 21.3) -> mean-reversion strategy | Signal: HOLD | Shares held: 0.0 | Last price: $187.86
2026-09-25 19:37:59,912 | [KLAC] ACTION: No trade.
2026-09-25 19:37:59,932 | [KMB] trending (ADX 27.2) -> trend-following strategy | Signal: HOLD | Shares held: 0.0 | Last price: $98.19
2026-09-25 19:37:59,932 | [KMB] ACTION: No trade.
2026-09-25 19:37:59,952 | [KMI] trending (ADX 49.1) -> trend-following strategy | Signal: HOLD | Shares held: 0.0 | Last price: $30.70
2026-09-25 19:37:59,952 | [KMI] ACTION: No trade.
2026-09-25 19:37:59,971 | [KO] trending (ADX 26.2) -> trend-following strategy | Signal: HOLD | Shares held: 0.0 | Last price: $87.65
2026-09-25 19:37:59,972 | [KO] ACTION: No trade.
2026-09-25 19:37:59,991 | [KR] choppy/sideways (ADX 23.8) -> mean-reversion strategy | Signal: HOLD | Shares held: 0.0 | Last price: $58.71
2026-09-25 19:37:59,991 | [KR] ACTION: No trade.
2026-09-25 19:38:00,011 | [KVUE] trending (ADX 25.3) -> trend-following strategy | Signal: HOLD | Shares held: 0.0 | Last price: $17.78
2026-09-25 19:38:00,011 | [KVUE] ACTION: No trade.
2026-09-25 19:38:00,031 | [L] choppy/sideways (ADX 17.5) -> mean-reversion strategy | Signal: HOLD | Shares held: 0.0 | Last price: $104.86
2026-09-25 19:38:00,031 | [L] ACTION: No trade.
2026-09-25 19:38:00,051 | [LDOS] choppy/sideways (ADX 13.4) -> mean-reversion strategy | Signal: HOLD | Shares held: 0.0 | Last price: $123.64
2026-09-25 19:38:00,051 | [LDOS] ACTION: No trade.
2026-09-25 19:38:00,071 | [LEN] trending (ADX 27.9) -> trend-following strategy | Signal: HOLD | Shares held: 0.0 | Last price: $81.95
2026-09-25 19:38:00,071 | [LEN] ACTION: No trade.
2026-09-25 19:38:00,090 | [LH] choppy/sideways (ADX 21.7) -> mean-reversion strategy | Signal: HOLD | Shares held: 0.0 | Last price: $310.08
2026-09-25 19:38:00,090 | [LH] ACTION: No trade.
2026-09-25 19:38:00,110 | [LHX] choppy/sideways (ADX 23.4) -> mean-reversion strategy | Signal: HOLD | Shares held: 0.0 | Last price: $237.08
2026-09-25 19:38:00,110 | [LHX] ACTION: No trade.
2026-09-25 19:38:00,130 | [LII] choppy/sideways (ADX 19.3) -> mean-reversion strategy | Signal: HOLD | Shares held: 0.0 | Last price: $373.88
2026-09-25 19:38:00,130 | [LII] ACTION: No trade.
2026-09-25 19:38:00,150 | [LIN] choppy/sideways (ADX 10.8) -> mean-reversion strategy | Signal: HOLD | Shares held: 0.0 | Last price: $467.99
2026-09-25 19:38:00,150 | [LIN] ACTION: No trade.
2026-09-25 19:38:00,170 | [LITE] choppy/sideways (ADX 18.1) -> mean-reversion strategy | Signal: HOLD | Shares held: 0.0 | Last price: $943.77
2026-09-25 19:38:00,170 | [LITE] ACTION: No trade.
2026-09-25 19:38:00,190 | [LLY] trending (ADX 28.5) -> trend-following strategy | Signal: HOLD | Shares held: 0.0 | Last price: $1184.23
2026-09-25 19:38:00,190 | [LLY] ACTION: No trade.
2026-09-25 19:38:00,209 | [LMT] trending (ADX 29.8) -> trend-following strategy | Signal: HOLD | Shares held: 0.0 | Last price: $516.64
2026-09-25 19:38:00,210 | [LMT] ACTION: No trade.
2026-09-25 19:38:00,229 | [LNT] choppy/sideways (ADX 19.8) -> mean-reversion strategy | Signal: HOLD | Shares held: 0.0 | Last price: $63.36
2026-09-25 19:38:00,229 | [LNT] ACTION: No trade.
2026-09-25 19:38:00,249 | [LOW] choppy/sideways (ADX 15.5) -> mean-reversion strategy | Signal: HOLD | Shares held: 0.0 | Last price: $188.13
2026-09-25 19:38:00,250 | [LOW] ACTION: No trade.
2026-09-25 19:38:00,270 | [LRCX] trending (ADX 37.3) -> trend-following strategy | Signal: HOLD | Shares held: 0.0 | Last price: $315.25
2026-09-25 19:38:00,270 | [LRCX] ACTION: No trade.
2026-09-25 19:38:00,289 | [LULU] choppy/sideways (ADX 22.5) -> mean-reversion strategy | Signal: HOLD | Shares held: 0.0 | Last price: $99.60
2026-09-25 19:38:00,289 | [LULU] ACTION: No trade.
2026-09-25 19:38:00,309 | [LUV] trending (ADX 37.5) -> trend-following strategy | Signal: HOLD | Shares held: 0.0 | Last price: $42.67
2026-09-25 19:38:00,309 | [LUV] ACTION: No trade.
2026-09-25 19:38:00,329 | [LVS] choppy/sideways (ADX 20.1) -> mean-reversion strategy | Signal: HOLD | Shares held: 0.0 | Last price: $39.08
2026-09-25 19:38:00,329 | [LVS] ACTION: No trade.
2026-09-25 19:38:00,349 | [LYB] trending (ADX 49.0) -> trend-following strategy | Signal: HOLD | Shares held: 0.0 | Last price: $57.95
2026-09-25 19:38:00,349 | [LYB] ACTION: No trade.
2026-09-25 19:38:00,369 | [LYV] trending (ADX 26.0) -> trend-following strategy | Signal: HOLD | Shares held: 0.0 | Last price: $170.50
2026-09-25 19:38:00,369 | [LYV] ACTION: No trade.
2026-09-25 19:38:00,389 | [MA] trending (ADX 31.4) -> trend-following strategy | Signal: HOLD | Shares held: 0.0 | Last price: $567.23
2026-09-25 19:38:00,389 | [MA] ACTION: No trade.
2026-09-25 19:38:00,409 | [MAA] choppy/sideways (ADX 21.3) -> mean-reversion strategy | Signal: HOLD | Shares held: 0.0 | Last price: $118.48
2026-09-25 19:38:00,409 | [MAA] ACTION: No trade.
2026-09-25 19:38:00,429 | [MAR] choppy/sideways (ADX 14.2) -> mean-reversion strategy | Signal: HOLD | Shares held: 0.0 | Last price: $351.21
2026-09-25 19:38:00,429 | [MAR] ACTION: No trade.
2026-09-25 19:38:00,449 | [MAS] trending (ADX 33.6) -> trend-following strategy | Signal: HOLD | Shares held: 0.0 | Last price: $68.75
2026-09-25 19:38:00,449 | [MAS] ACTION: No trade.
2026-09-25 19:38:00,468 | [MCD] choppy/sideways (ADX 20.0) -> mean-reversion strategy | Signal: HOLD | Shares held: 0.0 | Last price: $236.73
2026-09-25 19:38:00,469 | [MCD] ACTION: No trade.
2026-09-25 19:38:00,489 | [MCHP] trending (ADX 40.0) -> trend-following strategy | Signal: HOLD | Shares held: 0.0 | Last price: $78.67
2026-09-25 19:38:00,489 | [MCHP] ACTION: No trade.
2026-09-25 19:38:00,509 | [MCK] trending (ADX 28.1) -> trend-following strategy | Signal: HOLD | Shares held: 0.0 | Last price: $865.46
2026-09-25 19:38:00,509 | [MCK] ACTION: No trade.
2026-09-25 19:38:00,528 | [MCO] choppy/sideways (ADX 12.5) -> mean-reversion strategy | Signal: HOLD | Shares held: 0.0 | Last price: $467.62
2026-09-25 19:38:00,528 | [MCO] ACTION: No trade.
2026-09-25 19:38:00,550 | [MDLZ] trending (ADX 27.8) -> trend-following strategy | Signal: HOLD | Shares held: 0.0 | Last price: $60.01
2026-09-25 19:38:00,550 | [MDLZ] ACTION: No trade.
2026-09-25 19:38:00,570 | [MDT] choppy/sideways (ADX 12.0) -> mean-reversion strategy | Signal: HOLD | Shares held: 0.0 | Last price: $88.25
2026-09-25 19:38:00,570 | [MDT] ACTION: No trade.
2026-09-25 19:38:00,590 | [MET] choppy/sideways (ADX 22.7) -> mean-reversion strategy | Signal: HOLD | Shares held: 0.0 | Last price: $98.13
2026-09-25 19:38:00,590 | [MET] ACTION: No trade.
2026-09-25 19:38:00,610 | [META] trending (ADX 30.8) -> trend-following strategy | Signal: HOLD | Shares held: 0.0 | Last price: $750.27
2026-09-25 19:38:00,610 | [META] ACTION: No trade.
2026-09-25 19:38:00,630 | [MGM] trending (ADX 36.5) -> trend-following strategy | Signal: HOLD | Shares held: 0.0 | Last price: $32.37
2026-09-25 19:38:00,630 | [MGM] ACTION: No trade.
2026-09-25 19:38:00,650 | [MKC] trending (ADX 36.8) -> trend-following strategy | Signal: HOLD | Shares held: 0.0 | Last price: $47.70
2026-09-25 19:38:00,650 | [MKC] ACTION: No trade.
2026-09-25 19:38:00,670 | [MLM] choppy/sideways (ADX 16.7) -> mean-reversion strategy | Signal: HOLD | Shares held: 0.0 | Last price: $483.75
2026-09-25 19:38:00,670 | [MLM] ACTION: No trade.
2026-09-25 19:38:00,690 | [MMM] choppy/sideways (ADX 18.5) -> mean-reversion strategy | Signal: HOLD | Shares held: 0.0 | Last price: $169.33
2026-09-25 19:38:00,690 | [MMM] ACTION: No trade.
2026-09-25 19:38:00,709 | [MNST] choppy/sideways (ADX 17.4) -> mean-reversion strategy | Signal: HOLD | Shares held: 0.0 | Last price: $42.95
2026-09-25 19:38:00,710 | [MNST] ACTION: No trade.
2026-09-25 19:38:00,730 | [MO] choppy/sideways (ADX 13.1) -> mean-reversion strategy | Signal: HOLD | Shares held: 0.0 | Last price: $68.67
2026-09-25 19:38:00,730 | [MO] ACTION: No trade.
2026-09-25 19:38:00,750 | [MOS] choppy/sideways (ADX 23.5) -> mean-reversion strategy | Signal: HOLD | Shares held: 0.0 | Last price: $23.06
2026-09-25 19:38:00,750 | [MOS] ACTION: No trade.
2026-09-25 19:38:00,770 | [MPC] choppy/sideways (ADX 22.5) -> mean-reversion strategy | Signal: HOLD | Shares held: 0.0 | Last price: $394.41
2026-09-25 19:38:00,770 | [MPC] ACTION: No trade.
2026-09-25 19:38:00,790 | [MPWR] choppy/sideways (ADX 14.0) -> mean-reversion strategy | Signal: HOLD | Shares held: 0.0 | Last price: $1360.67
2026-09-25 19:38:00,790 | [MPWR] ACTION: No trade.
2026-09-25 19:38:00,809 | [MRK] choppy/sideways (ADX 13.7) -> mean-reversion strategy | Signal: HOLD | Shares held: 0.0 | Last price: $148.43
2026-09-25 19:38:00,809 | [MRK] ACTION: No trade.
2026-09-25 19:38:00,829 | [MRNA] trending (ADX 42.8) -> trend-following strategy | Signal: HOLD | Shares held: 0.0 | Last price: $198.34
2026-09-25 19:38:00,829 | [MRNA] ACTION: No trade.
2026-09-25 19:38:00,849 | [MRSH] trending (ADX 27.8) -> trend-following strategy | Signal: HOLD | Shares held: 0.0 | Last price: $171.77
2026-09-25 19:38:00,849 | [MRSH] ACTION: No trade.
2026-09-25 19:38:00,869 | [MRVL] choppy/sideways (ADX 11.4) -> mean-reversion strategy | Signal: HOLD | Shares held: 0.0 | Last price: $263.82
2026-09-25 19:38:00,869 | [MRVL] ACTION: No trade.
2026-09-25 19:38:00,889 | [MS] choppy/sideways (ADX 23.5) -> mean-reversion strategy | Signal: HOLD | Shares held: 0.0 | Last price: $196.56
2026-09-25 19:38:00,889 | [MS] ACTION: No trade.
2026-09-25 19:38:00,908 | [MSCI] trending (ADX 25.1) -> trend-following strategy | Signal: HOLD | Shares held: 0.0 | Last price: $550.62
2026-09-25 19:38:00,908 | [MSCI] ACTION: No trade.
2026-09-25 19:38:00,928 | [MSFT] trending (ADX 43.8) -> trend-following strategy | Signal: HOLD | Shares held: 0.0 | Last price: $516.11
2026-09-25 19:38:00,928 | [MSFT] ACTION: No trade.
2026-09-25 19:38:00,948 | [MSI] choppy/sideways (ADX 17.9) -> mean-reversion strategy | Signal: HOLD | Shares held: 0.0 | Last price: $455.93
2026-09-25 19:38:00,948 | [MSI] ACTION: No trade.
2026-09-25 19:38:00,968 | [MTB] trending (ADX 29.0) -> trend-following strategy | Signal: HOLD | Shares held: 0.0 | Last price: $221.23
2026-09-25 19:38:00,968 | [MTB] ACTION: No trade.
2026-09-25 19:38:00,988 | [MTD] choppy/sideways (ADX 22.8) -> mean-reversion strategy | Signal: HOLD | Shares held: 0.0 | Last price: $1498.13
2026-09-25 19:38:00,988 | [MTD] ACTION: No trade.
2026-09-25 19:38:01,008 | [MU] choppy/sideways (ADX 21.5) -> mean-reversion strategy | Signal: HOLD | Shares held: 0.0 | Last price: $1084.40
2026-09-25 19:38:01,008 | [MU] ACTION: No trade.
2026-09-25 19:38:01,027 | [NCLH] trending (ADX 27.4) -> trend-following strategy | Signal: HOLD | Shares held: 0.0 | Last price: $14.54
2026-09-25 19:38:01,027 | [NCLH] ACTION: No trade.
2026-09-25 19:38:01,047 | [NDAQ] choppy/sideways (ADX 23.9) -> mean-reversion strategy | Signal: HOLD | Shares held: 0.0 | Last price: $93.46
2026-09-25 19:38:01,047 | [NDAQ] ACTION: No trade.
2026-09-25 19:38:01,067 | [NDSN] choppy/sideways (ADX 18.6) -> mean-reversion strategy | Signal: HOLD | Shares held: 0.0 | Last price: $325.14
2026-09-25 19:38:01,067 | [NDSN] ACTION: No trade.
2026-09-25 19:38:01,086 | [NEE] choppy/sideways (ADX 18.0) -> mean-reversion strategy | Signal: HOLD | Shares held: 0.0 | Last price: $75.98
2026-09-25 19:38:01,087 | [NEE] ACTION: No trade.
2026-09-25 19:38:01,107 | [NEM] choppy/sideways (ADX 12.5) -> mean-reversion strategy | Signal: HOLD | Shares held: 0.0 | Last price: $121.37
2026-09-25 19:38:01,107 | [NEM] ACTION: No trade.
2026-09-25 19:38:01,127 | [NFLX] choppy/sideways (ADX 14.9) -> mean-reversion strategy | Signal: HOLD | Shares held: 0.0 | Last price: $71.27
2026-09-25 19:38:01,127 | [NFLX] ACTION: No trade.
2026-09-25 19:38:01,146 | [NI] choppy/sideways (ADX 25.0) -> mean-reversion strategy | Signal: HOLD | Shares held: 0.0 | Last price: $39.38
2026-09-25 19:38:01,146 | [NI] ACTION: No trade.
2026-09-25 19:38:01,166 | [NKE] choppy/sideways (ADX 11.2) -> mean-reversion strategy | Signal: HOLD | Shares held: 0.0 | Last price: $35.70
2026-09-25 19:38:01,166 | [NKE] ACTION: No trade.
2026-09-25 19:38:01,186 | [NOC] trending (ADX 31.6) -> trend-following strategy | Signal: HOLD | Shares held: 0.0 | Last price: $507.90
2026-09-25 19:38:01,186 | [NOC] ACTION: No trade.
2026-09-25 19:38:01,206 | [NOW] trending (ADX 33.4) -> trend-following strategy | Signal: HOLD | Shares held: 0.0 | Last price: $136.11
2026-09-25 19:38:01,206 | [NOW] ACTION: No trade.
2026-09-25 19:38:01,226 | [NRG] trending (ADX 27.4) -> trend-following strategy | Signal: HOLD | Shares held: 0.0 | Last price: $100.17
2026-09-25 19:38:01,226 | [NRG] ACTION: No trade.
2026-09-25 19:38:01,246 | [NSC] choppy/sideways (ADX 23.3) -> mean-reversion strategy | Signal: HOLD | Shares held: 0.0 | Last price: $312.92
2026-09-25 19:38:01,246 | [NSC] ACTION: No trade.
2026-09-25 19:38:01,265 | [NTAP] choppy/sideways (ADX 8.7) -> mean-reversion strategy | Signal: HOLD | Shares held: 0.0 | Last price: $199.23
2026-09-25 19:38:01,266 | [NTAP] ACTION: No trade.
2026-09-25 19:38:01,285 | [NTRS] choppy/sideways (ADX 19.4) -> mean-reversion strategy | Signal: HOLD | Shares held: 0.0 | Last price: $175.16
2026-09-25 19:38:01,285 | [NTRS] ACTION: No trade.
2026-09-25 19:38:01,305 | [NUE] choppy/sideways (ADX 13.0) -> mean-reversion strategy | Signal: HOLD | Shares held: 0.0 | Last price: $247.64
2026-09-25 19:38:01,305 | [NUE] ACTION: No trade.
2026-09-25 19:38:01,325 | [NVDA] choppy/sideways (ADX 11.3) -> mean-reversion strategy | Signal: HOLD | Shares held: 0.0 | Last price: $223.79
2026-09-25 19:38:01,325 | [NVDA] ACTION: No trade.
2026-09-25 19:38:01,345 | [NVR] trending (ADX 30.0) -> trend-following strategy | Signal: HOLD | Shares held: 0.0 | Last price: $6282.14
2026-09-25 19:38:01,345 | [NVR] ACTION: No trade.
2026-09-25 19:38:01,364 | [NWSA] choppy/sideways (ADX 14.1) -> mean-reversion strategy | Signal: HOLD | Shares held: 0.0 | Last price: $28.53
2026-09-25 19:38:01,364 | [NWSA] ACTION: No trade.
2026-09-25 19:38:01,384 | [NXPI] trending (ADX 29.3) -> trend-following strategy | Signal: HOLD | Shares held: 0.0 | Last price: $237.97
2026-09-25 19:38:01,384 | [NXPI] ACTION: No trade.
2026-09-25 19:38:01,404 | [O] choppy/sideways (ADX 14.6) -> mean-reversion strategy | Signal: HOLD | Shares held: 0.0 | Last price: $55.35
2026-09-25 19:38:01,404 | [O] ACTION: No trade.
2026-09-25 19:38:01,424 | [ODFL] trending (ADX 28.1) -> trend-following strategy | Signal: HOLD | Shares held: 0.0 | Last price: $172.78
2026-09-25 19:38:01,424 | [ODFL] ACTION: No trade.
2026-09-25 19:38:01,444 | [OKE] trending (ADX 42.8) -> trend-following strategy | Signal: HOLD | Shares held: 0.0 | Last price: $88.44
2026-09-25 19:38:01,444 | [OKE] ACTION: No trade.
2026-09-25 19:38:01,464 | [OMC] choppy/sideways (ADX 7.4) -> mean-reversion strategy | Signal: HOLD | Shares held: 0.0 | Last price: $75.66
2026-09-25 19:38:01,464 | [OMC] ACTION: No trade.
2026-09-25 19:38:01,484 | [ON] trending (ADX 44.4) -> trend-following strategy | Signal: HOLD | Shares held: 0.0 | Last price: $77.12
2026-09-25 19:38:01,484 | [ON] ACTION: No trade.
2026-09-25 19:38:01,504 | [ORCL] trending (ADX 25.2) -> trend-following strategy | Signal: HOLD | Shares held: 0.0 | Last price: $137.52
2026-09-25 19:38:01,504 | [ORCL] ACTION: No trade.
2026-09-25 19:38:01,524 | [ORLY] choppy/sideways (ADX 12.9) -> mean-reversion strategy | Signal: HOLD | Shares held: 0.0 | Last price: $86.23
2026-09-25 19:38:01,524 | [ORLY] ACTION: No trade.
2026-09-25 19:38:01,544 | [OTIS] trending (ADX 41.3) -> trend-following strategy | Signal: HOLD | Shares held: 0.0 | Last price: $66.07
2026-09-25 19:38:01,544 | [OTIS] ACTION: No trade.
2026-09-25 19:38:01,563 | [OXY] trending (ADX 36.7) -> trend-following strategy | Signal: HOLD | Shares held: 0.0 | Last price: $56.85
2026-09-25 19:38:01,563 | [OXY] ACTION: No trade.
2026-09-25 19:38:01,583 | [P] choppy/sideways (ADX 19.7) -> mean-reversion strategy | Signal: HOLD | Shares held: 0.0 | Last price: $125.00
2026-09-25 19:38:01,583 | [P] ACTION: No trade.
2026-09-25 19:38:01,603 | [PANW] trending (ADX 33.2) -> trend-following strategy | Signal: HOLD | Shares held: 0.0 | Last price: $374.76
2026-09-25 19:38:01,603 | [PANW] ACTION: No trade.
2026-09-25 19:38:01,623 | [PAYX] trending (ADX 28.5) -> trend-following strategy | Signal: HOLD | Shares held: 0.0 | Last price: $100.74
2026-09-25 19:38:01,623 | [PAYX] ACTION: No trade.
2026-09-25 19:38:01,642 | [PCAR] choppy/sideways (ADX 16.8) -> mean-reversion strategy | Signal: HOLD | Shares held: 0.0 | Last price: $110.92
2026-09-25 19:38:01,642 | [PCAR] ACTION: No trade.
2026-09-25 19:38:01,662 | [PCG] choppy/sideways (ADX 17.4) -> mean-reversion strategy | Signal: HOLD | Shares held: 0.0 | Last price: $12.35
2026-09-25 19:38:01,662 | [PCG] ACTION: No trade.
2026-09-25 19:38:01,682 | [PEG] choppy/sideways (ADX 20.6) -> mean-reversion strategy | Signal: HOLD | Shares held: 0.0 | Last price: $66.84
2026-09-25 19:38:01,682 | [PEG] ACTION: No trade.
2026-09-25 19:38:01,702 | [PEP] choppy/sideways (ADX 17.7) -> mean-reversion strategy | Signal: HOLD | Shares held: 0.0 | Last price: $128.38
2026-09-25 19:38:01,702 | [PEP] ACTION: No trade.
2026-09-25 19:38:01,723 | [PFE] choppy/sideways (ADX 13.3) -> mean-reversion strategy | Signal: HOLD | Shares held: 0.0 | Last price: $28.46
2026-09-25 19:38:01,723 | [PFE] ACTION: No trade.
2026-09-25 19:38:01,743 | [PFG] choppy/sideways (ADX 11.5) -> mean-reversion strategy | Signal: HOLD | Shares held: 0.0 | Last price: $115.00
2026-09-25 19:38:01,743 | [PFG] ACTION: No trade.
2026-09-25 19:38:01,763 | [PG] choppy/sideways (ADX 21.1) -> mean-reversion strategy | Signal: HOLD | Shares held: 0.0 | Last price: $145.83
2026-09-25 19:38:01,763 | [PG] ACTION: No trade.
2026-09-25 19:38:01,782 | [PGR] trending (ADX 32.8) -> trend-following strategy | Signal: HOLD | Shares held: 0.0 | Last price: $204.74
2026-09-25 19:38:01,783 | [PGR] ACTION: No trade.
2026-09-25 19:38:01,802 | [PH] choppy/sideways (ADX 9.0) -> mean-reversion strategy | Signal: HOLD | Shares held: 0.0 | Last price: $976.56
2026-09-25 19:38:01,802 | [PH] ACTION: No trade.
2026-09-25 19:38:01,822 | [PHM] trending (ADX 33.0) -> trend-following strategy | Signal: HOLD | Shares held: 0.0 | Last price: $119.63
2026-09-25 19:38:01,822 | [PHM] ACTION: No trade.
2026-09-25 19:38:01,842 | [PKG] choppy/sideways (ADX 16.1) -> mean-reversion strategy | Signal: HOLD | Shares held: 0.0 | Last price: $236.60
2026-09-25 19:38:01,842 | [PKG] ACTION: No trade.
2026-09-25 19:38:01,862 | [PLD] choppy/sideways (ADX 18.9) -> mean-reversion strategy | Signal: HOLD | Shares held: 0.0 | Last price: $133.01
2026-09-25 19:38:01,862 | [PLD] ACTION: No trade.
2026-09-25 19:38:01,882 | [PLTR] choppy/sideways (ADX 23.1) -> mean-reversion strategy | Signal: HOLD | Shares held: 0.0 | Last price: $190.68
2026-09-25 19:38:01,882 | [PLTR] ACTION: No trade.
2026-09-25 19:38:01,901 | [PM] choppy/sideways (ADX 22.4) -> mean-reversion strategy | Signal: HOLD | Shares held: 0.0 | Last price: $189.18
2026-09-25 19:38:01,901 | [PM] ACTION: No trade.
2026-09-25 19:38:01,921 | [PNC] trending (ADX 31.5) -> trend-following strategy | Signal: HOLD | Shares held: 0.0 | Last price: $225.70
2026-09-25 19:38:01,921 | [PNC] ACTION: No trade.
2026-09-25 19:38:01,941 | [PNR] choppy/sideways (ADX 15.2) -> mean-reversion strategy | Signal: HOLD | Shares held: 0.0 | Last price: $53.80
2026-09-25 19:38:01,941 | [PNR] ACTION: No trade.
2026-09-25 19:38:01,961 | [PNW] choppy/sideways (ADX 19.0) -> mean-reversion strategy | Signal: HOLD | Shares held: 0.0 | Last price: $91.48
2026-09-25 19:38:01,961 | [PNW] ACTION: No trade.
2026-09-25 19:38:01,981 | [PODD] choppy/sideways (ADX 22.1) -> mean-reversion strategy | Signal: HOLD | Shares held: 0.0 | Last price: $135.84
2026-09-25 19:38:01,981 | [PODD] ACTION: No trade.
2026-09-25 19:38:02,001 | [PPG] choppy/sideways (ADX 15.0) -> mean-reversion strategy | Signal: HOLD | Shares held: 0.0 | Last price: $107.29
2026-09-25 19:38:02,001 | [PPG] ACTION: No trade.
2026-09-25 19:38:02,020 | [PPL] choppy/sideways (ADX 16.2) -> mean-reversion strategy | Signal: HOLD | Shares held: 0.0 | Last price: $31.93
2026-09-25 19:38:02,020 | [PPL] ACTION: No trade.
2026-09-25 19:38:02,040 | [PRU] choppy/sideways (ADX 13.8) -> mean-reversion strategy | Signal: HOLD | Shares held: 0.0 | Last price: $119.15
2026-09-25 19:38:02,040 | [PRU] ACTION: No trade.
2026-09-25 19:38:02,060 | [PSA] choppy/sideways (ADX 21.1) -> mean-reversion strategy | Signal: HOLD | Shares held: 0.0 | Last price: $287.88
2026-09-25 19:38:02,060 | [PSA] ACTION: No trade.
2026-09-25 19:38:02,080 | [PSKY] choppy/sideways (ADX 12.0) -> mean-reversion strategy | Signal: HOLD | Shares held: 0.0 | Last price: $9.96
2026-09-25 19:38:02,080 | [PSKY] ACTION: No trade.
2026-09-25 19:38:02,100 | [PSX] trending (ADX 29.3) -> trend-following strategy | Signal: HOLD | Shares held: 0.0 | Last price: $256.44
2026-09-25 19:38:02,100 | [PSX] ACTION: No trade.
2026-09-25 19:38:02,120 | [PTC] choppy/sideways (ADX 12.3) -> mean-reversion strategy | Signal: HOLD | Shares held: 0.0 | Last price: $137.86
2026-09-25 19:38:02,120 | [PTC] ACTION: No trade.
2026-09-25 19:38:02,139 | [PWR] choppy/sideways (ADX 17.1) -> mean-reversion strategy | Signal: HOLD | Shares held: 0.0 | Last price: $646.62
2026-09-25 19:38:02,139 | [PWR] ACTION: No trade.
2026-09-25 19:38:02,159 | [PYPL] trending (ADX 53.1) -> trend-following strategy | Signal: HOLD | Shares held: 0.0 | Last price: $55.29
2026-09-25 19:38:02,159 | [PYPL] ACTION: No trade.
2026-09-25 19:38:02,215 | [Q] choppy/sideways (ADX 21.9) -> mean-reversion strategy | Signal: HOLD | Shares held: 0.0 | Last price: $124.49
2026-09-25 19:38:02,215 | [Q] ACTION: No trade.
2026-09-25 19:38:02,235 | [QCOM] trending (ADX 27.9) -> trend-following strategy | Signal: HOLD | Shares held: 0.0 | Last price: $202.86
2026-09-25 19:38:02,235 | [QCOM] ACTION: No trade.
2026-09-25 19:38:02,254 | [RCL] trending (ADX 29.8) -> trend-following strategy | Signal: HOLD | Shares held: 0.0 | Last price: $242.81
2026-09-25 19:38:02,254 | [RCL] ACTION: No trade.
2026-09-25 19:38:02,274 | [RDDT] choppy/sideways (ADX 9.2) -> mean-reversion strategy | Signal: HOLD | Shares held: 0.0 | Last price: $151.80
2026-09-25 19:38:02,274 | [RDDT] ACTION: No trade.
2026-09-25 19:38:02,294 | [REG] choppy/sideways (ADX 22.2) -> mean-reversion strategy | Signal: HOLD | Shares held: 0.0 | Last price: $73.05
2026-09-25 19:38:02,294 | [REG] ACTION: No trade.
2026-09-25 19:38:02,313 | [REGN] choppy/sideways (ADX 13.4) -> mean-reversion strategy | Signal: HOLD | Shares held: 0.0 | Last price: $789.50
2026-09-25 19:38:02,314 | [REGN] ACTION: No trade.
2026-09-25 19:38:02,333 | [RF] trending (ADX 37.1) -> trend-following strategy | Signal: HOLD | Shares held: 0.0 | Last price: $27.63
2026-09-25 19:38:02,333 | [RF] ACTION: No trade.
2026-09-25 19:38:02,353 | [RJF] choppy/sideways (ADX 16.5) -> mean-reversion strategy | Signal: HOLD | Shares held: 0.0 | Last price: $159.78
2026-09-25 19:38:02,353 | [RJF] ACTION: No trade.
2026-09-25 19:38:02,373 | [RL] choppy/sideways (ADX 19.8) -> mean-reversion strategy | Signal: HOLD | Shares held: 0.0 | Last price: $354.32
2026-09-25 19:38:02,373 | [RL] ACTION: No trade.
2026-09-25 19:38:02,392 | [RMD] choppy/sideways (ADX 12.0) -> mean-reversion strategy | Signal: HOLD | Shares held: 0.0 | Last price: $222.40
2026-09-25 19:38:02,393 | [RMD] ACTION: No trade.
2026-09-25 19:38:02,412 | [ROK] choppy/sideways (ADX 13.2) -> mean-reversion strategy | Signal: HOLD | Shares held: 0.0 | Last price: $433.58
2026-09-25 19:38:02,412 | [ROK] ACTION: No trade.
2026-09-25 19:38:02,432 | [ROL] trending (ADX 28.1) -> trend-following strategy | Signal: HOLD | Shares held: 0.0 | Last price: $30.04
2026-09-25 19:38:02,432 | [ROL] ACTION: No trade.
2026-09-25 19:38:02,452 | [ROP] trending (ADX 26.6) -> trend-following strategy | Signal: HOLD | Shares held: 0.0 | Last price: $357.89
2026-09-25 19:38:02,452 | [ROP] ACTION: No trade.
2026-09-25 19:38:02,472 | [ROST] choppy/sideways (ADX 10.7) -> mean-reversion strategy | Signal: HOLD | Shares held: 0.0 | Last price: $235.18
2026-09-25 19:38:02,472 | [ROST] ACTION: No trade.
2026-09-25 19:38:02,492 | [RSG] choppy/sideways (ADX 10.7) -> mean-reversion strategy | Signal: HOLD | Shares held: 0.0 | Last price: $212.18
2026-09-25 19:38:02,492 | [RSG] ACTION: No trade.
2026-09-25 19:38:02,512 | [RTX] trending (ADX 36.0) -> trend-following strategy | Signal: HOLD | Shares held: 0.0 | Last price: $187.91
2026-09-25 19:38:02,512 | [RTX] ACTION: No trade.
2026-09-25 19:38:02,532 | [RVTY] choppy/sideways (ADX 20.3) -> mean-reversion strategy | Signal: HOLD | Shares held: 0.0 | Last price: $147.98
2026-09-25 19:38:02,532 | [RVTY] ACTION: No trade.
2026-09-25 19:38:02,552 | [SBAC] choppy/sideways (ADX 23.2) -> mean-reversion strategy | Signal: HOLD | Shares held: 0.0 | Last price: $166.41
2026-09-25 19:38:02,552 | [SBAC] ACTION: No trade.
2026-09-25 19:38:02,572 | [SBUX] choppy/sideways (ADX 9.7) -> mean-reversion strategy | Signal: HOLD | Shares held: 0.0 | Last price: $94.27
2026-09-25 19:38:02,572 | [SBUX] ACTION: No trade.
2026-09-25 19:38:02,592 | [SCHW] choppy/sideways (ADX 22.1) -> mean-reversion strategy | Signal: HOLD | Shares held: 0.0 | Last price: $99.21
2026-09-25 19:38:02,592 | [SCHW] ACTION: No trade.
2026-09-25 19:38:02,611 | [SHW] trending (ADX 33.7) -> trend-following strategy | Signal: HOLD | Shares held: 0.0 | Last price: $328.73
2026-09-25 19:38:02,611 | [SHW] ACTION: No trade.
2026-09-25 19:38:02,631 | [SJM] trending (ADX 27.6) -> trend-following strategy | Signal: HOLD | Shares held: 0.0 | Last price: $120.64
2026-09-25 19:38:02,631 | [SJM] ACTION: No trade.
2026-09-25 19:38:02,651 | [SLB] trending (ADX 33.9) -> trend-following strategy | Signal: HOLD | Shares held: 0.0 | Last price: $51.52
2026-09-25 19:38:02,651 | [SLB] ACTION: No trade.
2026-09-25 19:38:02,672 | [SMCI] choppy/sideways (ADX 21.5) -> mean-reversion strategy | Signal: HOLD | Shares held: 0.0 | Last price: $43.06
2026-09-25 19:38:02,672 | [SMCI] ACTION: No trade.
2026-09-25 19:38:02,692 | [SNDK] choppy/sideways (ADX 20.6) -> mean-reversion strategy | Signal: HOLD | Shares held: 0.0 | Last price: $1775.62
2026-09-25 19:38:02,692 | [SNDK] ACTION: No trade.
2026-09-25 19:38:02,712 | [SNPS] choppy/sideways (ADX 20.6) -> mean-reversion strategy | Signal: HOLD | Shares held: 0.0 | Last price: $427.64
2026-09-25 19:38:02,712 | [SNPS] ACTION: No trade.
2026-09-25 19:38:02,731 | [SO] choppy/sideways (ADX 16.8) -> mean-reversion strategy | Signal: HOLD | Shares held: 0.0 | Last price: $82.71
2026-09-25 19:38:02,731 | [SO] ACTION: No trade.
2026-09-25 19:38:02,751 | [SPG] trending (ADX 26.3) -> trend-following strategy | Signal: HOLD | Shares held: 0.0 | Last price: $204.82
2026-09-25 19:38:02,751 | [SPG] ACTION: No trade.
2026-09-25 19:38:02,771 | [SPGI] choppy/sideways (ADX 19.2) -> mean-reversion strategy | Signal: HOLD | Shares held: 0.0 | Last price: $402.23
2026-09-25 19:38:02,771 | [SPGI] ACTION: No trade.
2026-09-25 19:38:02,791 | [SRE] choppy/sideways (ADX 22.4) -> mean-reversion strategy | Signal: HOLD | Shares held: 0.0 | Last price: $77.59
2026-09-25 19:38:02,791 | [SRE] ACTION: No trade.
2026-09-25 19:38:02,810 | [STE] choppy/sideways (ADX 22.5) -> mean-reversion strategy | Signal: HOLD | Shares held: 0.0 | Last price: $207.37
2026-09-25 19:38:02,810 | [STE] ACTION: No trade.
2026-09-25 19:38:02,830 | [STLD] choppy/sideways (ADX 11.4) -> mean-reversion strategy | Signal: HOLD | Shares held: 0.0 | Last price: $234.43
2026-09-25 19:38:02,830 | [STLD] ACTION: No trade.
2026-09-25 19:38:02,850 | [STT] choppy/sideways (ADX 12.1) -> mean-reversion strategy | Signal: HOLD | Shares held: 0.0 | Last price: $181.07
2026-09-25 19:38:02,850 | [STT] ACTION: No trade.
2026-09-25 19:38:02,870 | [STX] choppy/sideways (ADX 21.0) -> mean-reversion strategy | Signal: HOLD | Shares held: 0.0 | Last price: $916.43
2026-09-25 19:38:02,870 | [STX] ACTION: No trade.
2026-09-25 19:38:02,890 | [STZ] trending (ADX 26.0) -> trend-following strategy | Signal: HOLD | Shares held: 0.0 | Last price: $113.75
2026-09-25 19:38:02,890 | [STZ] ACTION: No trade.
2026-09-25 19:38:02,909 | [SW] choppy/sideways (ADX 22.4) -> mean-reversion strategy | Signal: HOLD | Shares held: 0.0 | Last price: $46.39
2026-09-25 19:38:02,910 | [SW] ACTION: No trade.
2026-09-25 19:38:02,929 | [SWK] choppy/sideways (ADX 14.5) -> mean-reversion strategy | Signal: HOLD | Shares held: 0.0 | Last price: $91.50
2026-09-25 19:38:02,929 | [SWK] ACTION: No trade.
2026-09-25 19:38:02,949 | [SWKS] choppy/sideways (ADX 13.8) -> mean-reversion strategy | Signal: HOLD | Shares held: 0.0 | Last price: $89.60
2026-09-25 19:38:02,949 | [SWKS] ACTION: No trade.
2026-09-25 19:38:02,969 | [SYF] trending (ADX 44.8) -> trend-following strategy | Signal: HOLD | Shares held: 0.0 | Last price: $73.36
2026-09-25 19:38:02,969 | [SYF] ACTION: No trade.
2026-09-25 19:38:02,989 | [SYK] choppy/sideways (ADX 20.7) -> mean-reversion strategy | Signal: HOLD | Shares held: 0.0 | Last price: $272.67
2026-09-25 19:38:02,989 | [SYK] ACTION: No trade.
2026-09-25 19:38:03,008 | [SYY] trending (ADX 25.2) -> trend-following strategy | Signal: HOLD | Shares held: 0.0 | Last price: $78.33
2026-09-25 19:38:03,008 | [SYY] ACTION: No trade.
2026-09-25 19:38:03,028 | [T] choppy/sideways (ADX 19.0) -> mean-reversion strategy | Signal: HOLD | Shares held: 0.0 | Last price: $25.38
2026-09-25 19:38:03,028 | [T] ACTION: No trade.
2026-09-25 19:38:03,048 | [TDG] choppy/sideways (ADX 13.7) -> mean-reversion strategy | Signal: HOLD | Shares held: 0.0 | Last price: $1113.58
2026-09-25 19:38:03,048 | [TDG] ACTION: No trade.
2026-09-25 19:38:03,068 | [TDY] choppy/sideways (ADX 17.6) -> mean-reversion strategy | Signal: HOLD | Shares held: 0.0 | Last price: $613.50
2026-09-25 19:38:03,068 | [TDY] ACTION: No trade.
2026-09-25 19:38:03,088 | [TECH] trending (ADX 36.5) -> trend-following strategy | Signal: HOLD | Shares held: 0.0 | Last price: $72.58
2026-09-25 19:38:03,088 | [TECH] ACTION: No trade.
2026-09-25 19:38:03,108 | [TEL] trending (ADX 30.7) -> trend-following strategy | Signal: HOLD | Shares held: 0.0 | Last price: $219.38
2026-09-25 19:38:03,108 | [TEL] ACTION: No trade.
2026-09-25 19:38:03,128 | [TER] trending (ADX 43.8) -> trend-following strategy | Signal: HOLD | Shares held: 0.0 | Last price: $398.74
2026-09-25 19:38:03,128 | [TER] ACTION: No trade.
2026-09-25 19:38:03,148 | [TFC] trending (ADX 28.9) -> trend-following strategy | Signal: HOLD | Shares held: 0.0 | Last price: $47.71
2026-09-25 19:38:03,148 | [TFC] ACTION: No trade.
2026-09-25 19:38:03,168 | [TGT] choppy/sideways (ADX 15.5) -> mean-reversion strategy | Signal: HOLD | Shares held: 0.0 | Last price: $156.70
2026-09-25 19:38:03,168 | [TGT] ACTION: No trade.
2026-09-25 19:38:03,188 | [TJX] choppy/sideways (ADX 20.6) -> mean-reversion strategy | Signal: HOLD | Shares held: 0.0 | Last price: $129.73
2026-09-25 19:38:03,188 | [TJX] ACTION: No trade.
2026-09-25 19:38:03,208 | [TKO] choppy/sideways (ADX 19.1) -> mean-reversion strategy | Signal: HOLD | Shares held: 0.0 | Last price: $181.44
2026-09-25 19:38:03,208 | [TKO] ACTION: No trade.
2026-09-25 19:38:03,228 | [TMO] choppy/sideways (ADX 10.2) -> mean-reversion strategy | Signal: HOLD | Shares held: 0.0 | Last price: $669.86
2026-09-25 19:38:03,228 | [TMO] ACTION: No trade.
2026-09-25 19:38:03,248 | [TMUS] choppy/sideways (ADX 16.4) -> mean-reversion strategy | Signal: HOLD | Shares held: 0.0 | Last price: $165.63
2026-09-25 19:38:03,248 | [TMUS] ACTION: No trade.
2026-09-25 19:38:03,267 | [TPL] choppy/sideways (ADX 15.7) -> mean-reversion strategy | Signal: HOLD | Shares held: 0.0 | Last price: $341.54
2026-09-25 19:38:03,267 | [TPL] ACTION: No trade.
2026-09-25 19:38:03,287 | [TPR] trending (ADX 28.1) -> trend-following strategy | Signal: HOLD | Shares held: 0.0 | Last price: $113.25
2026-09-25 19:38:03,287 | [TPR] ACTION: No trade.
2026-09-25 19:38:03,307 | [TRGP] trending (ADX 42.2) -> trend-following strategy | Signal: HOLD | Shares held: 0.0 | Last price: $278.22
2026-09-25 19:38:03,307 | [TRGP] ACTION: No trade.
2026-09-25 19:38:03,327 | [TRMB] trending (ADX 45.3) -> trend-following strategy | Signal: HOLD | Shares held: 0.0 | Last price: $57.49
2026-09-25 19:38:03,327 | [TRMB] ACTION: No trade.
2026-09-25 19:38:03,347 | [TROW] choppy/sideways (ADX 24.3) -> mean-reversion strategy | Signal: HOLD | Shares held: 0.0 | Last price: $105.22
2026-09-25 19:38:03,347 | [TROW] ACTION: No trade.
2026-09-25 19:38:03,367 | [TRV] choppy/sideways (ADX 17.8) -> mean-reversion strategy | Signal: HOLD | Shares held: 0.0 | Last price: $362.62
2026-09-25 19:38:03,367 | [TRV] ACTION: No trade.
2026-09-25 19:38:03,387 | [TSCO] trending (ADX 28.0) -> trend-following strategy | Signal: HOLD | Shares held: 0.0 | Last price: $32.18
2026-09-25 19:38:03,387 | [TSCO] ACTION: No trade.
2026-09-25 19:38:03,407 | [TSLA] trending (ADX 25.9) -> trend-following strategy | Signal: HOLD | Shares held: 0.0 | Last price: $371.43
2026-09-25 19:38:03,407 | [TSLA] ACTION: No trade.
2026-09-25 19:38:03,427 | [TSN] choppy/sideways (ADX 11.0) -> mean-reversion strategy | Signal: HOLD | Shares held: 0.0 | Last price: $50.82
2026-09-25 19:38:03,427 | [TSN] ACTION: No trade.
2026-09-25 19:38:03,447 | [TT] trending (ADX 41.7) -> trend-following strategy | Signal: HOLD | Shares held: 0.0 | Last price: $453.88
2026-09-25 19:38:03,447 | [TT] ACTION: No trade.
2026-09-25 19:38:03,467 | [TTWO] trending (ADX 31.6) -> trend-following strategy | Signal: HOLD | Shares held: 0.0 | Last price: $201.47
2026-09-25 19:38:03,467 | [TTWO] ACTION: No trade.
2026-09-25 19:38:03,487 | [TXN] trending (ADX 29.3) -> trend-following strategy | Signal: HOLD | Shares held: 0.0 | Last price: $277.43
2026-09-25 19:38:03,487 | [TXN] ACTION: No trade.
2026-09-25 19:38:03,506 | [TXT] choppy/sideways (ADX 9.2) -> mean-reversion strategy | Signal: HOLD | Shares held: 0.0 | Last price: $76.66
2026-09-25 19:38:03,506 | [TXT] ACTION: No trade.
2026-09-25 19:38:03,526 | [TYL] choppy/sideways (ADX 10.9) -> mean-reversion strategy | Signal: HOLD | Shares held: 0.0 | Last price: $328.14
2026-09-25 19:38:03,526 | [TYL] ACTION: No trade.
2026-09-25 19:38:03,546 | [UAL] trending (ADX 32.2) -> trend-following strategy | Signal: HOLD | Shares held: 0.0 | Last price: $113.79
2026-09-25 19:38:03,546 | [UAL] ACTION: No trade.
2026-09-25 19:38:03,566 | [UBER] choppy/sideways (ADX 8.3) -> mean-reversion strategy | Signal: HOLD | Shares held: 0.0 | Last price: $69.44
2026-09-25 19:38:03,566 | [UBER] ACTION: No trade.
2026-09-25 19:38:03,585 | [UDR] choppy/sideways (ADX 21.4) -> mean-reversion strategy | Signal: HOLD | Shares held: 0.0 | Last price: $33.76
2026-09-25 19:38:03,585 | [UDR] ACTION: No trade.
2026-09-25 19:38:03,605 | [UHS] choppy/sideways (ADX 14.7) -> mean-reversion strategy | Signal: HOLD | Shares held: 0.0 | Last price: $179.31
2026-09-25 19:38:03,605 | [UHS] ACTION: No trade.
2026-09-25 19:38:03,625 | [ULTA] choppy/sideways (ADX 12.5) -> mean-reversion strategy | Signal: HOLD | Shares held: 0.0 | Last price: $546.48
2026-09-25 19:38:03,625 | [ULTA] ACTION: No trade.
2026-09-25 19:38:03,645 | [UNH] trending (ADX 33.6) -> trend-following strategy | Signal: HOLD | Shares held: 0.0 | Last price: $377.98
2026-09-25 19:38:03,645 | [UNH] ACTION: No trade.
2026-09-25 19:38:03,665 | [UNP] choppy/sideways (ADX 15.2) -> mean-reversion strategy | Signal: HOLD | Shares held: 0.0 | Last price: $272.75
2026-09-25 19:38:03,665 | [UNP] ACTION: No trade.
2026-09-25 19:38:03,685 | [UPS] choppy/sideways (ADX 21.5) -> mean-reversion strategy | Signal: HOLD | Shares held: 0.0 | Last price: $93.52
2026-09-25 19:38:03,685 | [UPS] ACTION: No trade.
2026-09-25 19:38:03,704 | [URI] trending (ADX 28.9) -> trend-following strategy | Signal: HOLD | Shares held: 0.0 | Last price: $1044.63
2026-09-25 19:38:03,705 | [URI] ACTION: No trade.
2026-09-25 19:38:03,724 | [USB] trending (ADX 37.6) -> trend-following strategy | Signal: HOLD | Shares held: 0.0 | Last price: $59.41
2026-09-25 19:38:03,724 | [USB] ACTION: No trade.
2026-09-25 19:38:03,744 | [V] choppy/sideways (ADX 17.6) -> mean-reversion strategy | Signal: HOLD | Shares held: 0.0 | Last price: $366.97
2026-09-25 19:38:03,744 | [V] ACTION: No trade.
2026-09-25 19:38:03,764 | [VEEV] trending (ADX 36.6) -> trend-following strategy | Signal: HOLD | Shares held: 0.0 | Last price: $280.89
2026-09-25 19:38:03,764 | [VEEV] ACTION: No trade.
2026-09-25 19:38:03,784 | [VICI] choppy/sideways (ADX 22.6) -> mean-reversion strategy | Signal: HOLD | Shares held: 0.0 | Last price: $23.45
2026-09-25 19:38:03,784 | [VICI] ACTION: No trade.
2026-09-25 19:38:03,804 | [VLO] choppy/sideways (ADX 19.0) -> mean-reversion strategy | Signal: HOLD | Shares held: 0.0 | Last price: $388.67
2026-09-25 19:38:03,804 | [VLO] ACTION: No trade.
2026-09-25 19:38:03,824 | [VLTO] choppy/sideways (ADX 20.2) -> mean-reversion strategy | Signal: HOLD | Shares held: 0.0 | Last price: $96.83
2026-09-25 19:38:03,824 | [VLTO] ACTION: No trade.
2026-09-25 19:38:03,844 | [VMC] choppy/sideways (ADX 19.6) -> mean-reversion strategy | Signal: HOLD | Shares held: 0.0 | Last price: $245.56
2026-09-25 19:38:03,844 | [VMC] ACTION: No trade.
2026-09-25 19:38:03,864 | [VMRK] choppy/sideways (ADX 19.8) -> mean-reversion strategy | Signal: HOLD | Shares held: 0.0 | Last price: $61.49
2026-09-25 19:38:03,864 | [VMRK] ACTION: No trade.
2026-09-25 19:38:03,884 | [VRSK] choppy/sideways (ADX 22.6) -> mean-reversion strategy | Signal: HOLD | Shares held: 0.0 | Last price: $168.76
2026-09-25 19:38:03,884 | [VRSK] ACTION: No trade.
2026-09-25 19:38:03,903 | [VRSN] trending (ADX 32.4) -> trend-following strategy | Signal: HOLD | Shares held: 0.0 | Last price: $287.81
2026-09-25 19:38:03,904 | [VRSN] ACTION: No trade.
2026-09-25 19:38:03,923 | [VRT] trending (ADX 36.3) -> trend-following strategy | Signal: HOLD | Shares held: 0.0 | Last price: $252.88
2026-09-25 19:38:03,924 | [VRT] ACTION: No trade.
2026-09-25 19:38:03,943 | [VRTX] trending (ADX 25.5) -> trend-following strategy | Signal: HOLD | Shares held: 0.0 | Last price: $525.73
2026-09-25 19:38:03,943 | [VRTX] ACTION: No trade.
2026-09-25 19:38:03,963 | [VST] choppy/sideways (ADX 18.5) -> mean-reversion strategy | Signal: HOLD | Shares held: 0.0 | Last price: $138.09
2026-09-25 19:38:03,963 | [VST] ACTION: No trade.
2026-09-25 19:38:03,983 | [VTR] trending (ADX 36.4) -> trend-following strategy | Signal: HOLD | Shares held: 0.0 | Last price: $86.22
2026-09-25 19:38:03,983 | [VTR] ACTION: No trade.
2026-09-25 19:38:04,003 | [VTRS] trending (ADX 42.3) -> trend-following strategy | Signal: HOLD | Shares held: 0.0 | Last price: $17.81
2026-09-25 19:38:04,003 | [VTRS] ACTION: No trade.
2026-09-25 19:38:04,023 | [VZ] choppy/sideways (ADX 21.6) -> mean-reversion strategy | Signal: HOLD | Shares held: 0.0 | Last price: $47.05
2026-09-25 19:38:04,023 | [VZ] ACTION: No trade.
2026-09-25 19:38:04,043 | [WAB] choppy/sideways (ADX 20.0) -> mean-reversion strategy | Signal: HOLD | Shares held: 0.0 | Last price: $287.28
2026-09-25 19:38:04,043 | [WAB] ACTION: No trade.
2026-09-25 19:38:04,063 | [WAT] trending (ADX 28.1) -> trend-following strategy | Signal: HOLD | Shares held: 0.0 | Last price: $432.87
2026-09-25 19:38:04,063 | [WAT] ACTION: No trade.
2026-09-25 19:38:04,083 | [WBD] choppy/sideways (ADX 21.0) -> mean-reversion strategy | Signal: HOLD | Shares held: 0.0 | Last price: $30.84
2026-09-25 19:38:04,083 | [WBD] ACTION: No trade.
2026-09-25 19:38:04,103 | [WDAY] trending (ADX 31.9) -> trend-following strategy | Signal: HOLD | Shares held: 0.0 | Last price: $189.77
2026-09-25 19:38:04,103 | [WDAY] ACTION: No trade.
2026-09-25 19:38:04,123 | [WDC] trending (ADX 32.4) -> trend-following strategy | Signal: HOLD | Shares held: 0.0 | Last price: $457.07
2026-09-25 19:38:04,123 | [WDC] ACTION: No trade.
2026-09-25 19:38:04,143 | [WEC] choppy/sideways (ADX 14.1) -> mean-reversion strategy | Signal: HOLD | Shares held: 0.0 | Last price: $101.17
2026-09-25 19:38:04,143 | [WEC] ACTION: No trade.
2026-09-25 19:38:04,163 | [WELL] choppy/sideways (ADX 13.4) -> mean-reversion strategy | Signal: HOLD | Shares held: 0.0 | Last price: $230.91
2026-09-25 19:38:04,163 | [WELL] ACTION: No trade.
2026-09-25 19:38:04,183 | [WFC] trending (ADX 25.5) -> trend-following strategy | Signal: HOLD | Shares held: 0.0 | Last price: $82.84
2026-09-25 19:38:04,183 | [WFC] ACTION: No trade.
2026-09-25 19:38:04,203 | [WM] choppy/sideways (ADX 15.7) -> mean-reversion strategy | Signal: HOLD | Shares held: 0.0 | Last price: $206.65
2026-09-25 19:38:04,203 | [WM] ACTION: No trade.
2026-09-25 19:38:04,223 | [WMB] trending (ADX 58.5) -> trend-following strategy | Signal: HOLD | Shares held: 0.0 | Last price: $69.04
2026-09-25 19:38:04,223 | [WMB] ACTION: No trade.
2026-09-25 19:38:04,243 | [WMT] choppy/sideways (ADX 20.1) -> mean-reversion strategy | Signal: HOLD | Shares held: 0.0 | Last price: $107.80
2026-09-25 19:38:04,243 | [WMT] ACTION: No trade.
2026-09-25 19:38:04,263 | [WRB] trending (ADX 38.5) -> trend-following strategy | Signal: HOLD | Shares held: 0.0 | Last price: $66.86
2026-09-25 19:38:04,263 | [WRB] ACTION: No trade.
2026-09-25 19:38:04,283 | [WSM] trending (ADX 25.2) -> trend-following strategy | Signal: HOLD | Shares held: 0.0 | Last price: $231.47
2026-09-25 19:38:04,283 | [WSM] ACTION: No trade.
2026-09-25 19:38:04,303 | [WST] choppy/sideways (ADX 16.4) -> mean-reversion strategy | Signal: HOLD | Shares held: 0.0 | Last price: $369.63
2026-09-25 19:38:04,303 | [WST] ACTION: No trade.
2026-09-25 19:38:04,323 | [WTW] choppy/sideways (ADX 10.5) -> mean-reversion strategy | Signal: HOLD | Shares held: 0.0 | Last price: $294.37
2026-09-25 19:38:04,323 | [WTW] ACTION: No trade.
2026-09-25 19:38:04,342 | [WY] trending (ADX 45.3) -> trend-following strategy | Signal: HOLD | Shares held: 0.0 | Last price: $19.95
2026-09-25 19:38:04,342 | [WY] ACTION: No trade.
2026-09-25 19:38:04,362 | [WYNN] trending (ADX 26.9) -> trend-following strategy | Signal: HOLD | Shares held: 0.0 | Last price: $81.11
2026-09-25 19:38:04,363 | [WYNN] ACTION: No trade.
2026-09-25 19:38:04,382 | [XEL] choppy/sideways (ADX 21.5) -> mean-reversion strategy | Signal: HOLD | Shares held: 0.0 | Last price: $69.36
2026-09-25 19:38:04,383 | [XEL] ACTION: No trade.
2026-09-25 19:38:04,402 | [XOM] trending (ADX 28.5) -> trend-following strategy | Signal: HOLD | Shares held: 0.0 | Last price: $160.41
2026-09-25 19:38:04,402 | [XOM] ACTION: No trade.
2026-09-25 19:38:04,422 | [XYL] trending (ADX 29.2) -> trend-following strategy | Signal: HOLD | Shares held: 0.0 | Last price: $102.41
2026-09-25 19:38:04,422 | [XYL] ACTION: No trade.
2026-09-25 19:38:04,442 | [XYZ] choppy/sideways (ADX 8.5) -> mean-reversion strategy | Signal: HOLD | Shares held: 0.0 | Last price: $76.75
2026-09-25 19:38:04,442 | [XYZ] ACTION: No trade.
2026-09-25 19:38:04,462 | [YUM] choppy/sideways (ADX 21.7) -> mean-reversion strategy | Signal: HOLD | Shares held: 0.0 | Last price: $138.29
2026-09-25 19:38:04,462 | [YUM] ACTION: No trade.
2026-09-25 19:38:04,482 | [ZBH] trending (ADX 28.5) -> trend-following strategy | Signal: HOLD | Shares held: 0.0 | Last price: $90.92
2026-09-25 19:38:04,482 | [ZBH] ACTION: No trade.
2026-09-25 19:38:04,502 | [ZBRA] choppy/sideways (ADX 13.1) -> mean-reversion strategy | Signal: HOLD | Shares held: 0.0 | Last price: $371.90
2026-09-25 19:38:04,502 | [ZBRA] ACTION: No trade.
2026-09-25 19:38:04,522 | [ZTS] choppy/sideways (ADX 23.4) -> mean-reversion strategy | Signal: HOLD | Shares held: 0.0 | Last price: $70.53
2026-09-25 19:38:04,522 | [ZTS] ACTION: No trade.
2026-09-25 19:50:02,543 | Within 10 min of close -- flattening all positions for the day.
2026-09-25 19:50:02,606 | EOD FLATTEN: no open positions to close.
2026-09-25 20:00:02,081 | Market is closed. Next open: 2026-09-28 15:30:00 CEST (your local time) -- in 65.5 hours.
2026-09-25 20:00:02,137 | Market is closed for the day -- exiting early instead of idling.
2026-09-25 20:00:02,137 | Duration window finished.
