2026-10-06 20:00:38,786 | === Adaptive Intraday Trading Bot starting (PAPER TRADING MODE) ===
2026-10-06 20:00:38,786 | Watchlist mode: AUTOMATIC SCANNER (refreshes every 0.5h, up to 50 movers + S&P 500 backstop, 500 watchlist slots total, min price $10, max extension 20%, leveraged ETFs excluded: True, news filter: True). Fallback list: TSLA, NVDA, COIN, AMD, PLTR
2026-10-06 20:00:38,786 | Scanner minimum listing age: ON -- requires >= 100 trading days of daily bar history (real cases this catches: ALMR ~80d, EROC ~43d)
2026-10-06 20:00:38,786 | Bar size: 15min | Check interval while market open: 15min
2026-10-06 20:00:38,786 | Active strategies: gap_continuation, trend_following, mean_reversion (regime-switched by ADX)
2026-10-06 20:00:38,786 | Trend strategy: EMA 9/21 crossover | Range strategy: RSI 14 (25.0/75.0) | Switched by ADX 14 (threshold 25.0)
2026-10-06 20:00:38,786 | No new entries between 210-270 min after the open (historically weak window in backtesting)
2026-10-06 20:00:38,786 | Scanner opening-range blackout: ON -- no new scanner-pick (non-S&P-500) entries in the first 45 min after the open (real-money-confirmed, additive to the lunch-window blackout above, not a replacement for it)
2026-10-06 20:00:38,786 | Risk management: fixed stop-loss -5% / take-profit +10% on every buy
2026-10-06 20:00:38,786 | Position sizing: flat $500 per trade
2026-10-06 20:00:38,786 | Graduated conviction sizing: ON -- qualifying strategies: none yet (real evidence-gated, see strategy.py). 1 of 3 confirming signals (strategy match / ADX >= 35 / volume >= 2.5x avg) sizes at $5000; 2 or more signals sizes at up to the full remaining $25,000/day pool (volatility-based size-down always wins when a trade qualifies for both)
2026-10-06 20:00:38,786 | Position limits: max 18 concurrent positions | max 5.0% aggregate portfolio risk | daily loss circuit breaker at -3% (pauses new entries only)
2026-10-06 20:00:38,786 | Portfolio heat cap: max $2,000 aggregate $-at-risk across all open positions
2026-10-06 20:00:38,786 | Sector concentration cap: max 2 open positions per sector (new entries only; symbols with no known sector are exempt)
2026-10-06 20:00:38,786 | End-of-day mode: positions will be auto-closed 10 min before market close.
2026-10-06 20:00:38,786 | Loaded saved watchlist from previous run: IART, MU, NVDA, TSLA, META, SNDK, AAPL, INTC, AMD, MSFT, GOOGL, AMZN, AVGO, GOOG, LITE, STX, BE, ORCL, WDC, MRVL, MDT, DELL, PLTR, AMAT, ACN, LLY, CRM, JPM, MRNA, LRCX, COST, V, MA, TMO, NFLX, HOOD, BA, PANW, BRK.B, JNJ, WMT, NKE, GEV, COHR, BAC, CAT, GS, XOM, AZO, CRWD, DHR, QCOM, WBD, TXN, SNPS, MRK, ABBV, HD, TJX, CSCO, MS, C, APP, AMGN, DE, FICO, CVX, GE, VLO, UNH, WFC, ADI, PG, KLAC, COIN, DASH, SPGI, LIN, IBM, URI, MPC, APH, KO, HPE, NOW, SMCI, ETN, ALL, CDNS, NEE, MCK, DIS, SLB, AXP, COP, MCD, ILMN, TT, GILD, SCHW, REGN, UNP, PSX, PGR, ABT, DDOG, PM, BKNG, SYK, RCL, CRH, GLW, COF, PEP, WELL, INTU, ANET, BMY, CI, CVS, ISRG, ADBE, UBER, LOW, TER, AIG, ON, NTAP, SO, CMI, TMUS, NXPI, PWR, MMM, BLK, BNY, EQIX, MPWR, SHW, EXPE, BSX, VZ, CCL, CB, PLD, EMR, MCO, FCX, PH, CIEN, RTX, BX, HLT, COR, ADP, GM, TGT, MRSH, CEG, ABNB, VRT, KR, MAR, HCA, AON, ITW, HWM, ELV, CSX, WMB, JBL, USB, VRTX, MLM, VST, AMT, IR, PFE, CTVA, FERG, PNC, T, JCI, DUK, CBOE, KKR, AJG, NOC, ROST, GD, TDG, MDLZ, MCHP, AME, APO, DHI, HUM, VMC, IQV, AEP, LEN, HBAN, HON, GWW, CME, TEL, SBUX, EXC, CTSH, A, CVNA, FDX, EOG, ACGL, NEM, WM, MNST, CASY, EBAY, LMT, FIX, FTNT, PCAR, CAH, RVTY, FITB, STT, AKAM, ECL, ICE, RDDT, KEYS, CL, HONA, SWKS, LYV, CMG, CMS, P, CTAS, ETR, TRV, LHX, XEL, WAT, DAL, CARR, VEEV, TRGP, WDAY, AXON, ADSK, ODFL, WEC, ORLY, TFC, NUE, SYY, CBRE, OTIS, TPR, KDP, FANG, PCG, APD, FAST, MSCI, EW, MSI, RF, BIIB, AMP, PYPL, CFG, BDX, PAYX, TTWO, KMB, CMCSA, PPL, DTE, OXY, UAL, BKR, EFX, KVUE, ED, FDS, ROK, DLR, ROP, F, SRE, ROL, KEY, LNT, MET, VMRK, UPS, TSCO, NDAQ, HIG, MO, COO, DRI, DGX, OKE, PEG, HPQ, PSA, EXE, LULU, GIS, EME, AWK, FSLR, CNP, ARES, XYZ, O, DOV, DG, YUM, FOXA, CHTR, DLTR, CPAY, AEE, IBKR, DXCM, KMI, ECHO, EL, RSG, NSC, CNC, HAL, CF, EQT, NI, FISV, EVRG, HSY, FFIV, D, STLD, DVN, IDXX, EIX, BBY, ZTS, WAB, XYL, MTD, TECH, SPG, WSM, NRG, NVR, HUBB, FLEX, MTB, INCY, GEN, EXPD, CCI, GRMN, PODD, JBHT, VRSK, SW, APA, FE, VTR, ULTA, RMD, DPZ, NCLH, SYF, DECK, WST, CHD, PHM, RL, LII, CRL, ES, HST, AFL, TYL, IP, FDXF, LUV, GPN, HAS, TKO, DOW, PPG, KHC, OMC, CDW, TROW, BG, CHRW, LH, NTRS, MKC, VRSN, PRU, ADM, ALB, LYB, GEHC, ZBRA, LVS, ZBH, IRM, PTC, GNRC, FIS, STZ, EXR, PNW, CPRT, RJF, BAX, WTW, WYNN, IEX, TSN, ALLE, SWK, CLX, MAA, BRO, IFF, ATO, VICI, HII, GDDY, ESS, SJM, TDY, WRB, IT, TRMB, EG, VTRS, VLTO, TXT, Q, BEN, IVZ, PFG, AES, CPT, MOS, FRT, PKG, SBAC, NWSA, CSGP, MGM, MAS, PNR, UDR, APTV, BALL, WY, J, INVH, BR, JKHY, LDOS, ALGN, NDSN, CINF, STE, FTV, L, AVY, DD, UHS, KIM, AMCR, GPC, DOC, DVA, AOS, SNA, ARE
2026-10-06 20:00:38,787 | Restored daily risk state from previous run: day 2026-10-02, breaker tripped: False
2026-10-06 20:00:38,787 | Restored open-position context for 2 symbol(s) from previous run.
2026-10-06 20:00:38,787 | Running in --duration-minutes mode: cycling for 150 minutes, then exiting.
2026-10-06 20:00:39,075 | Market is closed. Next open: 2026-10-07 15:30:00 CEST (your local time) -- in 17.5 hours.
2026-10-06 20:00:39,130 | Market is closed for the day -- exiting early instead of idling.
2026-10-06 20:00:39,131 | Duration window finished.
2026-10-06 18:04:08,906 | === Adaptive Intraday Trading Bot starting (PAPER TRADING MODE) ===
2026-10-06 18:04:08,906 | Watchlist mode: AUTOMATIC SCANNER (refreshes every 0.5h, up to 50 movers + S&P 500 backstop, 500 watchlist slots total, min price $10, max extension 20%, leveraged ETFs excluded: True, news filter: True). Fallback list: TSLA, NVDA, COIN, AMD, PLTR
2026-10-06 18:04:08,906 | Scanner minimum listing age: ON -- requires >= 100 trading days of daily bar history (real cases this catches: ALMR ~80d, EROC ~43d)
2026-10-06 18:04:08,906 | Bar size: 15min | Check interval while market open: 15min
2026-10-06 18:04:08,906 | Active strategies: gap_continuation, trend_following, mean_reversion (regime-switched by ADX)
2026-10-06 18:04:08,906 | Trend strategy: EMA 9/21 crossover | Range strategy: RSI 14 (25.0/75.0) | Switched by ADX 14 (threshold 25.0)
2026-10-06 18:04:08,906 | No new entries between 210-270 min after the open (historically weak window in backtesting)
2026-10-06 18:04:08,906 | Scanner opening-range blackout: ON -- no new scanner-pick (non-S&P-500) entries in the first 45 min after the open (real-money-confirmed, additive to the lunch-window blackout above, not a replacement for it)
2026-10-06 18:04:08,906 | Risk management: fixed stop-loss -5% / take-profit +10% on every buy
2026-10-06 18:04:08,906 | Position sizing: flat $500 per trade
2026-10-06 18:04:08,907 | Graduated conviction sizing: ON -- qualifying strategies: none yet (real evidence-gated, see strategy.py). 1 of 3 confirming signals (strategy match / ADX >= 35 / volume >= 2.5x avg) sizes at $5000; 2 or more signals sizes at up to the full remaining $25,000/day pool (volatility-based size-down always wins when a trade qualifies for both)
2026-10-06 18:04:08,907 | Position limits: max 18 concurrent positions | max 5.0% aggregate portfolio risk | daily loss circuit breaker at -3% (pauses new entries only)
2026-10-06 18:04:08,907 | Portfolio heat cap: max $2,000 aggregate $-at-risk across all open positions
2026-10-06 18:04:08,907 | Sector concentration cap: max 2 open positions per sector (new entries only; symbols with no known sector are exempt)
2026-10-06 18:04:08,907 | End-of-day mode: positions will be auto-closed 10 min before market close.
2026-10-06 18:04:08,907 | Loaded saved watchlist from previous run: IART, MU, NVDA, TSLA, META, SNDK, AAPL, INTC, AMD, MSFT, GOOGL, AMZN, AVGO, GOOG, LITE, STX, BE, ORCL, WDC, MRVL, MDT, DELL, PLTR, AMAT, ACN, LLY, CRM, JPM, MRNA, LRCX, COST, V, MA, TMO, NFLX, HOOD, BA, PANW, BRK.B, JNJ, WMT, NKE, GEV, COHR, BAC, CAT, GS, XOM, AZO, CRWD, DHR, QCOM, WBD, TXN, SNPS, MRK, ABBV, HD, TJX, CSCO, MS, C, APP, AMGN, DE, FICO, CVX, GE, VLO, UNH, WFC, ADI, PG, KLAC, COIN, DASH, SPGI, LIN, IBM, URI, MPC, APH, KO, HPE, NOW, SMCI, ETN, ALL, CDNS, NEE, MCK, DIS, SLB, AXP, COP, MCD, ILMN, TT, GILD, SCHW, REGN, UNP, PSX, PGR, ABT, DDOG, PM, BKNG, SYK, RCL, CRH, GLW, COF, PEP, WELL, INTU, ANET, BMY, CI, CVS, ISRG, ADBE, UBER, LOW, TER, AIG, ON, NTAP, SO, CMI, TMUS, NXPI, PWR, MMM, BLK, BNY, EQIX, MPWR, SHW, EXPE, BSX, VZ, CCL, CB, PLD, EMR, MCO, FCX, PH, CIEN, RTX, BX, HLT, COR, ADP, GM, TGT, MRSH, CEG, ABNB, VRT, KR, MAR, HCA, AON, ITW, HWM, ELV, CSX, WMB, JBL, USB, VRTX, MLM, VST, AMT, IR, PFE, CTVA, FERG, PNC, T, JCI, DUK, CBOE, KKR, AJG, NOC, ROST, GD, TDG, MDLZ, MCHP, AME, APO, DHI, HUM, VMC, IQV, AEP, LEN, HBAN, HON, GWW, CME, TEL, SBUX, EXC, CTSH, A, CVNA, FDX, EOG, ACGL, NEM, WM, MNST, CASY, EBAY, LMT, FIX, FTNT, PCAR, CAH, RVTY, FITB, STT, AKAM, ECL, ICE, RDDT, KEYS, CL, HONA, SWKS, LYV, CMG, CMS, P, CTAS, ETR, TRV, LHX, XEL, WAT, DAL, CARR, VEEV, TRGP, WDAY, AXON, ADSK, ODFL, WEC, ORLY, TFC, NUE, SYY, CBRE, OTIS, TPR, KDP, FANG, PCG, APD, FAST, MSCI, EW, MSI, RF, BIIB, AMP, PYPL, CFG, BDX, PAYX, TTWO, KMB, CMCSA, PPL, DTE, OXY, UAL, BKR, EFX, KVUE, ED, FDS, ROK, DLR, ROP, F, SRE, ROL, KEY, LNT, MET, VMRK, UPS, TSCO, NDAQ, HIG, MO, COO, DRI, DGX, OKE, PEG, HPQ, PSA, EXE, LULU, GIS, EME, AWK, FSLR, CNP, ARES, XYZ, O, DOV, DG, YUM, FOXA, CHTR, DLTR, CPAY, AEE, IBKR, DXCM, KMI, ECHO, EL, RSG, NSC, CNC, HAL, CF, EQT, NI, FISV, EVRG, HSY, FFIV, D, STLD, DVN, IDXX, EIX, BBY, ZTS, WAB, XYL, MTD, TECH, SPG, WSM, NRG, NVR, HUBB, FLEX, MTB, INCY, GEN, EXPD, CCI, GRMN, PODD, JBHT, VRSK, SW, APA, FE, VTR, ULTA, RMD, DPZ, NCLH, SYF, DECK, WST, CHD, PHM, RL, LII, CRL, ES, HST, AFL, TYL, IP, FDXF, LUV, GPN, HAS, TKO, DOW, PPG, KHC, OMC, CDW, TROW, BG, CHRW, LH, NTRS, MKC, VRSN, PRU, ADM, ALB, LYB, GEHC, ZBRA, LVS, ZBH, IRM, PTC, GNRC, FIS, STZ, EXR, PNW, CPRT, RJF, BAX, WTW, WYNN, IEX, TSN, ALLE, SWK, CLX, MAA, BRO, IFF, ATO, VICI, HII, GDDY, ESS, SJM, TDY, WRB, IT, TRMB, EG, VTRS, VLTO, TXT, Q, BEN, IVZ, PFG, AES, CPT, MOS, FRT, PKG, SBAC, NWSA, CSGP, MGM, MAS, PNR, UDR, APTV, BALL, WY, J, INVH, BR, JKHY, LDOS, ALGN, NDSN, CINF, STE, FTV, L, AVY, DD, UHS, KIM, AMCR, GPC, DOC, DVA, AOS, SNA, ARE
2026-10-06 18:04:08,907 | Restored daily risk state from previous run: day 2026-10-02, breaker tripped: False
2026-10-06 18:04:08,907 | Restored open-position context for 2 symbol(s) from previous run.
2026-10-06 18:04:08,907 | Running in --duration-minutes mode: cycling for 150 minutes, then exiting.
2026-10-06 18:04:09,190 | Daily loss circuit breaker: tracking from starting equity $99,331.58 (limit -3%).
2026-10-06 18:04:09,190 | Daily conviction-sizing pool reset: $25,000 available today.
2026-10-06 18:04:09,190 | SCANNER: refreshing watchlist...
2026-10-06 18:04:09,463 | SCANNER: no candidates survived the price/extension filters.
2026-10-06 18:04:09,463 | SCANNER: every candidate this cycle was a leveraged/inverse ETF.
2026-10-06 18:04:09,562 | S&P 500: refreshed constituent list (503 symbols).
2026-10-06 18:04:30,208 | S&P 500 liquidity backstop -> NVDA, MU, TSLA, SNDK, AMD, INTC, MSFT, AAPL, AVGO, META, AMZN, GOOGL, MRVL, STX, WBD, WDC, MDT, GOOG, LITE, PTC, ORCL, NKE, PLTR, MRNA, BE, LLY, JNJ, DELL, TMO, ABBV, LRCX, AMAT, COST, PANW, NFLX, HOOD, GEV, MA, BRK.B, CAT, XOM, COHR, ACN, V, WMT, BA, JPM, CRM, LIN, TJX, CSCO, QCOM, BAC, MRK, VST, SWKS, APP, GS, TXN, AMGN, SNPS, CEG, DHR, UNH, CRWD, CVX, ILMN, KLAC, GE, MCK, COIN, PG, IBM, MS, NEE, VLO, UNP, KO, PM, ADI, CIEN, TT, CVS, CB, ON, MPC, HPE, ABT, HD, NTAP, MCD, SMCI, GILD, CTVA, NOC, DE, SPGI, ANET, SYK, SO, TER, TGT, GLW, CDNS, COF, BKNG, VZ, AZO, ETN, BLK, WELL, WFC, PGR, C, COP, PWR, MPWR, NOW, PEP, APH, HWM, FICO, UBER, DASH, CHRW, BMY, TMUS, MCO, URI, PSX, RCL, JCI, SBUX, DDOG, SCHW, CMI, ROST, DHI, AEP, AXP, GM, NXPI, PNC, INTU, HCA, VRTX, VRT, RTX, EMR, HUM, MMM, WMB, FCX, ORLY, ISRG, WM, REGN, ADP, SHW, CL, EQIX, LYV, ALL, HLT, FANG, BNY, PEG, ADBE, ABNB, FTNT, DIS, PFE, ECHO, CASY, MRSH, EOG, CSX, FIX, FDX, PLD, AMT, MDLZ, CI, ADSK, GD, KKR, KEYS, BSX, TFC, LOW, CME, USB, CRH, EXC, PCAR, TRGP, LEN, MET, DUK, EXPE, HON, CAH, WAT, T, IQV, APO, SLB, P, MLM, VTR, SYY, AJG, AME, AIG, BX, COR, MAR, IR, AON, A, PH, FERG, DAL, ITW, NUE, CMG, ECL, RDDT, TPR, XEL, VMRK, TDG, TSCO, BDX, HBAN, ODFL, MCHP, UAL, MSI, OTIS, ICE, EBAY, VRSN, GWW, YUM, EFX, LMT, CBOE, CMS, ELV, MNST, TRV, STT, WDAY, RVTY, ETR, CCL, CNP, NEM, DLR, CRL, PODD, APD, CARR, AXON, CTAS, FOXA, TEL, KDP, WSM, WEC, EXPD, LULU, FITB, VEEV, HONA, VMC, AMP, NSC, ROP, EQT, CFG, CMCSA, KMB, KR, CTSH, PSA, EME, ED, DVN, RF, OKE, ROK, HIG, MO, PYPL, NDAQ, IBKR, NRG, LHX, FAST, ACGL, RSG, NVR, WAB, TTWO, AWK, UPS, MSCI, PCG, PAYX, KMI, CVNA, OXY, JBL, EW, SRE, KEY, INCY, AEE, F, CNC, ARES, CBRE, DGX, BKR, AKAM, DTE, BBY, GIS, LNT, MTD, HSY, SPG, ZTS, HUBB, HPQ, D, BIIB, GRMN, FFIV, DRI, XYZ, IDXX, STZ, CHTR, EIX, FE, STLD, CF, PPL, EXE, CPAY, FLEX, DLTR, DXCM, XYL, GEHC, MTB, AFL, HAS, NCLH, COO, EL, BG, FSLR, CCI, KHC, NI, WST, CHD, TKO, GPN, JBHT, RL, DG, ULTA, O, HST, ZBH, RMD, LH, IRM, TECH, PHM, FDS, ROL, LUV, DPZ, IP, HAL, KVUE, PNW, GEN, CPRT, TROW, EVRG, DOV, GNRC, LYB, LII, ADM, Q, FTV, HII, NTRS, EXR, FDXF, SYF, MKC, PRU, RJF, FISV, OMC, VLTO, ALB, TSN, TYL, SW, BAX, MAA, DECK, VRSK, WRB, ES, IEX, CDW, FIS, TRMB, DOW, LVS, PPG, APA, ATO, EG, BRO, PFG, IFF, LDOS, ZBRA, STE, SWK, BEN, WTW, BALL, TXT, ESS, ALGN, SBAC, CLX, ALLE, IVZ, GDDY, INVH, PNR, SJM, AVY, HSIC, UDR, AES, PKG, AMCR, IT, WY, CSGP, TDY, APTV, MOS, VICI, JKHY, KIM, NDSN, CPT, J, VTRS, DOC, MAS, NWSA, WYNN, ARE, BR, GPC, TPL, L, DD, FRT, UHS, MGM, CINF, AIZ
2026-10-06 18:04:30,212 | SCANNER: new watchlist -> NVDA, MU, TSLA, SNDK, AMD, INTC, MSFT, AAPL, AVGO, META, AMZN, GOOGL, MRVL, STX, WBD, WDC, MDT, GOOG, LITE, PTC, ORCL, NKE, PLTR, MRNA, BE, LLY, JNJ, DELL, TMO, ABBV, LRCX, AMAT, COST, PANW, NFLX, HOOD, GEV, MA, BRK.B, CAT, XOM, COHR, ACN, V, WMT, BA, JPM, CRM, LIN, TJX, CSCO, QCOM, BAC, MRK, VST, SWKS, APP, GS, TXN, AMGN, SNPS, CEG, DHR, UNH, CRWD, CVX, ILMN, KLAC, GE, MCK, COIN, PG, IBM, MS, NEE, VLO, UNP, KO, PM, ADI, CIEN, TT, CVS, CB, ON, MPC, HPE, ABT, HD, NTAP, MCD, SMCI, GILD, CTVA, NOC, DE, SPGI, ANET, SYK, SO, TER, TGT, GLW, CDNS, COF, BKNG, VZ, AZO, ETN, BLK, WELL, WFC, PGR, C, COP, PWR, MPWR, NOW, PEP, APH, HWM, FICO, UBER, DASH, CHRW, BMY, TMUS, MCO, URI, PSX, RCL, JCI, SBUX, DDOG, SCHW, CMI, ROST, DHI, AEP, AXP, GM, NXPI, PNC, INTU, HCA, VRTX, VRT, RTX, EMR, HUM, MMM, WMB, FCX, ORLY, ISRG, WM, REGN, ADP, SHW, CL, EQIX, LYV, ALL, HLT, FANG, BNY, PEG, ADBE, ABNB, FTNT, DIS, PFE, ECHO, CASY, MRSH, EOG, CSX, FIX, FDX, PLD, AMT, MDLZ, CI, ADSK, GD, KKR, KEYS, BSX, TFC, LOW, CME, USB, CRH, EXC, PCAR, TRGP, LEN, MET, DUK, EXPE, HON, CAH, WAT, T, IQV, APO, SLB, P, MLM, VTR, SYY, AJG, AME, AIG, BX, COR, MAR, IR, AON, A, PH, FERG, DAL, ITW, NUE, CMG, ECL, RDDT, TPR, XEL, VMRK, TDG, TSCO, BDX, HBAN, ODFL, MCHP, UAL, MSI, OTIS, ICE, EBAY, VRSN, GWW, YUM, EFX, LMT, CBOE, CMS, ELV, MNST, TRV, STT, WDAY, RVTY, ETR, CCL, CNP, NEM, DLR, CRL, PODD, APD, CARR, AXON, CTAS, FOXA, TEL, KDP, WSM, WEC, EXPD, LULU, FITB, VEEV, HONA, VMC, AMP, NSC, ROP, EQT, CFG, CMCSA, KMB, KR, CTSH, PSA, EME, ED, DVN, RF, OKE, ROK, HIG, MO, PYPL, NDAQ, IBKR, NRG, LHX, FAST, ACGL, RSG, NVR, WAB, TTWO, AWK, UPS, MSCI, PCG, PAYX, KMI, CVNA, OXY, JBL, EW, SRE, KEY, INCY, AEE, F, CNC, ARES, CBRE, DGX, BKR, AKAM, DTE, BBY, GIS, LNT, MTD, HSY, SPG, ZTS, HUBB, HPQ, D, BIIB, GRMN, FFIV, DRI, XYZ, IDXX, STZ, CHTR, EIX, FE, STLD, CF, PPL, EXE, CPAY, FLEX, DLTR, DXCM, XYL, GEHC, MTB, AFL, HAS, NCLH, COO, EL, BG, FSLR, CCI, KHC, NI, WST, CHD, TKO, GPN, JBHT, RL, DG, ULTA, O, HST, ZBH, RMD, LH, IRM, TECH, PHM, FDS, ROL, LUV, DPZ, IP, HAL, KVUE, PNW, GEN, CPRT, TROW, EVRG, DOV, GNRC, LYB, LII, ADM, Q, FTV, HII, NTRS, EXR, FDXF, SYF, MKC, PRU, RJF, FISV, OMC, VLTO, ALB, TSN, TYL, SW, BAX, MAA, DECK, VRSK, WRB, ES, IEX, CDW, FIS, TRMB, DOW, LVS, PPG, APA, ATO, EG, BRO, PFG, IFF, LDOS, ZBRA, STE, SWK, BEN, WTW, BALL, TXT, ESS, ALGN, SBAC, CLX, ALLE, IVZ, GDDY, INVH, PNR, SJM, AVY, HSIC, UDR, AES, PKG, AMCR, IT, WY, CSGP, TDY, APTV, MOS, VICI, JKHY, KIM, NDSN, CPT, J, VTRS, DOC, MAS, NWSA, WYNN, ARE, BR, GPC, TPL, L, DD, FRT, UHS, MGM, CINF, AIZ
2026-10-06 18:04:30,324 | Market is open (closes 2026-10-06 22:00:00 CEST your local time). Checking 490 symbols: A, AAPL, ABBV, ABNB, ABT, ACGL, ACN, ADBE, ADI, ADM, ADP, ADSK, AEE, AEP, AES, AFL, AIG, AIZ, AJG, AKAM, ALB, ALGN, ALL, ALLE, AMAT, AMCR, AMD, AME, AMGN, AMP, AMT, AMZN, ANET, AON, APA, APD, APH, APO, APP, APTV, ARE, ARES, ATO, AVGO, AVY, AWK, AXON, AXP, AZO, BA, BAC, BALL, BAX, BBY, BDX, BE, BEN, BG, BIIB, BKNG, BKR, BLK, BMY, BNY, BR, BRK.B, BRO, BSX, BX, C, CAH, CARR, CASY, CAT, CB, CBOE, CBRE, CCI, CCL, CDNS, CDW, CEG, CF, CFG, CHD, CHRW, CHTR, CI, CIEN, CINF, CL, CLX, CMCSA, CME, CMG, CMI, CMS, CNC, CNP, COF, COHR, COIN, COO, COP, COR, COST, CPAY, CPRT, CPT, CRH, CRL, CRM, CRWD, CSCO, CSGP, CSX, CTAS, CTSH, CTVA, CVNA, CVS, CVX, D, DAL, DASH, DD, DDOG, DE, DECK, DELL, DG, DGX, DHI, DHR, DIS, DLR, DLTR, DOC, DOV, DOW, DPZ, DRI, DTE, DUK, DVN, DXCM, EBAY, ECHO, ECL, ED, EFX, EG, EIX, EL, ELV, EME, EMR, EOG, EQIX, EQT, ES, ESS, ETN, ETR, EVRG, EW, EXC, EXE, EXPD, EXPE, EXR, F, FANG, FAST, FCX, FDS, FDX, FDXF, FE, FERG, FFIV, FICO, FIS, FISV, FITB, FIX, FLEX, FOXA, FRT, FSLR, FTNT, FTV, GD, GDDY, GE, GEHC, GEN, GEV, GILD, GIS, GLW, GM, GNRC, GOOG, GOOGL, GPC, GPN, GRMN, GS, GWW, HAL, HAS, HBAN, HCA, HD, HIG, HII, HLT, HON, HONA, HOOD, HPE, HPQ, HSIC, HST, HSY, HUBB, HUM, HWM, IBKR, IBM, ICE, IDXX, IEX, IFF, ILMN, INCY, INTC, INTU, INVH, IP, IQV, IR, IRM, ISRG, IT, ITW, IVZ, J, JBHT, JBL, JCI, JKHY, JNJ, JPM, KDP, KEY, KEYS, KHC, KIM, KKR, KLAC, KMB, KMI, KO, KR, KVUE, L, LDOS, LEN, LH, LHX, LII, LIN, LITE, LLY, LMT, LNT, LOW, LRCX, LULU, LUV, LVS, LYB, LYV, MA, MAA, MAR, MAS, MCD, MCHP, MCK, MCO, MDLZ, MDT, MET, META, MGM, MKC, MLM, MMM, MNST, MO, MOS, MPC, MPWR, MRK, MRNA, MRSH, MRVL, MS, MSCI, MSFT, MSI, MTB, MTD, MU, NCLH, NDAQ, NDSN, NEE, NEM, NFLX, NI, NKE, NOC, NOW, NRG, NSC, NTAP, NTRS, NUE, NVDA, NVR, NWSA, NXPI, O, ODFL, OKE, OMC, ON, ORCL, ORLY, OTIS, OXY, P, PANW, PAYX, PCAR, PCG, PEG, PEP, PFE, PFG, PG, PGR, PH, PHM, PKG, PLD, PLTR, PM, PNC, PNR, PNW, PODD, PPG, PPL, PRU, PSA, PSX, PTC, PWR, PYPL, Q, QCOM, RCL, RDDT, REGN, RF, RJF, RL, RMD, ROK, ROL, ROP, ROST, RSG, RTX, RVTY, SBAC, SBUX, SCHW, SHW, SJM, SLB, SMCI, SNDK, SNPS, SO, SPG, SPGI, SRE, STE, STLD, STT, STX, STZ, SW, SWK, SWKS, SYF, SYK, SYY, T, TDG, TDY, TECH, TEL, TER, TFC, TGT, TJX, TKO, TMO, TMUS, TPL, TPR, TRGP, TRMB, TROW, TRV, TSCO, TSLA, TSN, TT, TTWO, TXN, TXT, TYL, UAL, UBER, UDR, UHS, ULTA, UNH, UNP, UPS, URI, USB, V, VEEV, VICI, VLO, VLTO, VMC, VMRK, VRSK, VRSN, VRT, VRTX, VST, VTR, VTRS, VZ, WAB, WAT, WBD, WDAY, WDC, WEC, WELL, WFC, WM, WMB, WMT, WRB, WSM, WST, WTW, WY, WYNN, XEL, XOM, XYL, XYZ, YUM, ZBH, ZBRA, ZTS
2026-10-06 18:05:18,832 | [A] choppy/sideways (ADX 13.0) -> mean-reversion strategy | Signal: HOLD | Shares held: 0.0 | Last price: $169.69
2026-10-06 18:05:18,832 | [A] ACTION: No trade.
2026-10-06 18:05:18,865 | [AAPL] choppy/sideways (ADX 16.8) -> mean-reversion strategy | Signal: HOLD | Shares held: 0.0 | Last price: $332.60
2026-10-06 18:05:18,865 | [AAPL] ACTION: No trade.
2026-10-06 18:05:18,898 | [ABBV] choppy/sideways (ADX 20.2) -> mean-reversion strategy | Signal: HOLD | Shares held: 0.0 | Last price: $265.89
2026-10-06 18:05:18,898 | [ABBV] ACTION: No trade.
2026-10-06 18:05:18,985 | [ABNB] trending (ADX 37.7) -> trend-following strategy | Signal: HOLD | Shares held: 0.0 | Last price: $159.58
2026-10-06 18:05:18,985 | [ABNB] ACTION: No trade.
2026-10-06 18:05:19,017 | [ABT] trending (ADX 26.5) -> trend-following strategy | Signal: HOLD | Shares held: 0.0 | Last price: $98.63
2026-10-06 18:05:19,017 | [ABT] ACTION: No trade.
2026-10-06 18:05:19,104 | [ACGL] choppy/sideways (ADX 20.8) -> mean-reversion strategy | Signal: HOLD | Shares held: 0.0 | Last price: $94.55
2026-10-06 18:05:19,104 | [ACGL] ACTION: No trade.
2026-10-06 18:05:19,193 | [ACN] trending (ADX 26.4) -> trend-following strategy | Signal: HOLD | Shares held: 0.0 | Last price: $193.94
2026-10-06 18:05:19,193 | [ACN] ACTION: No trade.
2026-10-06 18:05:19,226 | [ADBE] choppy/sideways (ADX 17.0) -> mean-reversion strategy | Signal: HOLD | Shares held: 0.0 | Last price: $237.08
2026-10-06 18:05:19,227 | [ADBE] ACTION: No trade.
2026-10-06 18:05:19,313 | [ADI] trending (ADX 29.8) -> trend-following strategy | Signal: HOLD | Shares held: 0.0 | Last price: $420.57
2026-10-06 18:05:19,313 | [ADI] ACTION: No trade.
2026-10-06 18:05:19,400 | [ADM] choppy/sideways (ADX 14.3) -> mean-reversion strategy | Signal: HOLD | Shares held: 0.0 | Last price: $82.57
2026-10-06 18:05:19,400 | [ADM] ACTION: No trade.
2026-10-06 18:05:19,488 | [ADP] choppy/sideways (ADX 21.1) -> mean-reversion strategy | Signal: HOLD | Shares held: 0.0 | Last price: $262.52
2026-10-06 18:05:19,488 | [ADP] ACTION: No trade.
2026-10-06 18:05:19,575 | [ADSK] trending (ADX 37.8) -> trend-following strategy | Signal: HOLD | Shares held: 0.0 | Last price: $226.74
2026-10-06 18:05:19,575 | [ADSK] ACTION: No trade.
2026-10-06 18:05:19,666 | [AEE] trending (ADX 33.3) -> trend-following strategy | Signal: HOLD | Shares held: 0.0 | Last price: $100.86
2026-10-06 18:05:19,667 | [AEE] ACTION: No trade.
2026-10-06 18:05:19,754 | [AEP] choppy/sideways (ADX 17.9) -> mean-reversion strategy | Signal: HOLD | Shares held: 0.0 | Last price: $120.83
2026-10-06 18:05:19,755 | [AEP] ACTION: No trade.
2026-10-06 18:05:19,841 | [AES] choppy/sideways (ADX 19.3) -> mean-reversion strategy | Signal: HOLD | Shares held: 0.0 | Last price: $14.91
2026-10-06 18:05:19,841 | [AES] ACTION: No trade.
2026-10-06 18:05:19,928 | [AFL] trending (ADX 26.5) -> trend-following strategy | Signal: HOLD | Shares held: 0.0 | Last price: $113.41
2026-10-06 18:05:19,929 | [AFL] ACTION: No trade.
2026-10-06 18:05:20,018 | [AIG] choppy/sideways (ADX 18.5) -> mean-reversion strategy | Signal: HOLD | Shares held: 0.0 | Last price: $75.08
2026-10-06 18:05:20,018 | [AIG] ACTION: No trade.
2026-10-06 18:05:20,104 | [AIZ] choppy/sideways (ADX 10.5) -> mean-reversion strategy | Signal: HOLD | Shares held: 0.0 | Last price: $268.88
2026-10-06 18:05:20,105 | [AIZ] ACTION: No trade.
2026-10-06 18:05:20,192 | [AJG] choppy/sideways (ADX 13.8) -> mean-reversion strategy | Signal: HOLD | Shares held: 0.0 | Last price: $228.94
2026-10-06 18:05:20,192 | [AJG] ACTION: No trade.
2026-10-06 18:05:20,278 | [AKAM] choppy/sideways (ADX 18.4) -> mean-reversion strategy | Signal: HOLD | Shares held: 0.0 | Last price: $108.06
2026-10-06 18:05:20,278 | [AKAM] ACTION: No trade.
2026-10-06 18:05:20,365 | [ALB] trending (ADX 36.0) -> trend-following strategy | Signal: HOLD | Shares held: 0.0 | Last price: $106.83
2026-10-06 18:05:20,366 | [ALB] ACTION: No trade.
2026-10-06 18:05:20,452 | [ALGN] choppy/sideways (ADX 15.9) -> mean-reversion strategy | Signal: HOLD | Shares held: 0.0 | Last price: $142.47
2026-10-06 18:05:20,453 | [ALGN] ACTION: No trade.
2026-10-06 18:05:20,542 | [ALL] choppy/sideways (ADX 23.8) -> mean-reversion strategy | Signal: HOLD | Shares held: 0.0 | Last price: $222.49
2026-10-06 18:05:20,542 | [ALL] ACTION: No trade.
2026-10-06 18:05:20,629 | [ALLE] choppy/sideways (ADX 13.1) -> mean-reversion strategy | Signal: HOLD | Shares held: 0.0 | Last price: $155.03
2026-10-06 18:05:20,629 | [ALLE] ACTION: No trade.
2026-10-06 18:05:20,662 | [AMAT] choppy/sideways (ADX 13.7) -> mean-reversion strategy | Signal: HOLD | Shares held: 0.0 | Last price: $532.11
2026-10-06 18:05:20,662 | [AMAT] ACTION: No trade.
2026-10-06 18:05:20,749 | [AMCR] choppy/sideways (ADX 18.7) -> mean-reversion strategy | Signal: HOLD | Shares held: 0.0 | Last price: $42.02
2026-10-06 18:05:20,750 | [AMCR] ACTION: No trade.
2026-10-06 18:05:20,782 | [AMD] trending (ADX 48.5) -> trend-following strategy | Signal: HOLD | Shares held: 0.0 | Last price: $654.28
2026-10-06 18:05:20,782 | [AMD] ACTION: No trade.
2026-10-06 18:05:20,868 | [AME] choppy/sideways (ADX 10.4) -> mean-reversion strategy | Signal: HOLD | Shares held: 0.0 | Last price: $254.16
2026-10-06 18:05:20,868 | [AME] ACTION: No trade.
2026-10-06 18:05:20,954 | [AMGN] choppy/sideways (ADX 16.0) -> mean-reversion strategy | Signal: HOLD | Shares held: 0.0 | Last price: $400.97
2026-10-06 18:05:20,954 | [AMGN] ACTION: No trade.
2026-10-06 18:05:21,040 | [AMP] choppy/sideways (ADX 22.9) -> mean-reversion strategy | Signal: HOLD | Shares held: 0.0 | Last price: $491.75
2026-10-06 18:05:21,040 | [AMP] ACTION: No trade.
2026-10-06 18:05:21,127 | [AMT] choppy/sideways (ADX 22.9) -> mean-reversion strategy | Signal: HOLD | Shares held: 0.0 | Last price: $165.00
2026-10-06 18:05:21,127 | [AMT] ACTION: No trade.
2026-10-06 18:05:21,160 | [AMZN] trending (ADX 30.7) -> trend-following strategy | Signal: HOLD | Shares held: 0.0 | Last price: $255.46
2026-10-06 18:05:21,160 | [AMZN] ACTION: No trade.
2026-10-06 18:05:21,249 | [ANET] trending (ADX 27.7) -> trend-following strategy | Signal: HOLD | Shares held: 0.0 | Last price: $213.26
2026-10-06 18:05:21,249 | [ANET] ACTION: No trade.
2026-10-06 18:05:21,336 | [AON] choppy/sideways (ADX 24.0) -> mean-reversion strategy | Signal: HOLD | Shares held: 0.0 | Last price: $273.21
2026-10-06 18:05:21,337 | [AON] ACTION: No trade.
2026-10-06 18:05:21,426 | [APA] choppy/sideways (ADX 13.0) -> mean-reversion strategy | Signal: HOLD | Shares held: 0.0 | Last price: $44.27
2026-10-06 18:05:21,426 | [APA] ACTION: No trade.
2026-10-06 18:05:21,513 | [APD] choppy/sideways (ADX 20.0) -> mean-reversion strategy | Signal: HOLD | Shares held: 0.0 | Last price: $281.64
2026-10-06 18:05:21,513 | [APD] ACTION: No trade.
2026-10-06 18:05:21,599 | [APH] trending (ADX 28.6) -> trend-following strategy | Signal: HOLD | Shares held: 0.0 | Last price: $89.27
2026-10-06 18:05:21,599 | [APH] ACTION: No trade.
2026-10-06 18:05:21,688 | [APO] choppy/sideways (ADX 19.0) -> mean-reversion strategy | Signal: HOLD | Shares held: 0.0 | Last price: $115.69
2026-10-06 18:05:21,688 | [APO] ACTION: No trade.
2026-10-06 18:05:21,773 | [APP] trending (ADX 30.0) -> trend-following strategy | Signal: HOLD | Shares held: 0.0 | Last price: $278.06
2026-10-06 18:05:21,773 | [APP] ACTION: No trade.
2026-10-06 18:05:21,860 | [APTV] choppy/sideways (ADX 22.1) -> mean-reversion strategy | Signal: HOLD | Shares held: 0.0 | Last price: $44.45
2026-10-06 18:05:21,860 | [APTV] ACTION: No trade.
2026-10-06 18:05:21,946 | [ARE] choppy/sideways (ADX 13.0) -> mean-reversion strategy | Signal: HOLD | Shares held: 0.0 | Last price: $46.16
2026-10-06 18:05:21,946 | [ARE] ACTION: No trade.
2026-10-06 18:05:22,034 | [ARES] choppy/sideways (ADX 11.2) -> mean-reversion strategy | Signal: HOLD | Shares held: 0.0 | Last price: $118.11
2026-10-06 18:05:22,034 | [ARES] ACTION: No trade.
2026-10-06 18:05:22,120 | [ATO] trending (ADX 25.3) -> trend-following strategy | Signal: HOLD | Shares held: 0.0 | Last price: $159.28
2026-10-06 18:05:22,120 | [ATO] ACTION: No trade.
2026-10-06 18:05:22,153 | [AVGO] trending (ADX 59.2) -> trend-following strategy | Signal: HOLD | Shares held: 0.0 | Last price: $379.38
2026-10-06 18:05:22,153 | [AVGO] ACTION: No trade.
2026-10-06 18:05:22,239 | [AVY] choppy/sideways (ADX 17.9) -> mean-reversion strategy | Signal: HOLD | Shares held: 0.0 | Last price: $170.06
2026-10-06 18:05:22,240 | [AVY] ACTION: No trade.
2026-10-06 18:05:22,326 | [AWK] choppy/sideways (ADX 18.9) -> mean-reversion strategy | Signal: HOLD | Shares held: 0.0 | Last price: $127.83
2026-10-06 18:05:22,327 | [AWK] ACTION: No trade.
2026-10-06 18:05:22,413 | [AXON] choppy/sideways (ADX 19.8) -> mean-reversion strategy | Signal: HOLD | Shares held: 0.0 | Last price: $419.08
2026-10-06 18:05:22,413 | [AXON] ACTION: No trade.
2026-10-06 18:05:22,456 | [AXP] choppy/sideways (ADX 17.9) -> mean-reversion strategy | Signal: HOLD | Shares held: 0.0 | Last price: $304.22
2026-10-06 18:05:22,456 | [AXP] ACTION: No trade.
2026-10-06 18:05:22,545 | [AZO] trending (ADX 35.2) -> trend-following strategy | Signal: HOLD | Shares held: 0.0 | Last price: $2915.01
2026-10-06 18:05:22,545 | [AZO] ACTION: No trade.
2026-10-06 18:05:22,577 | [BA] choppy/sideways (ADX 21.9) -> mean-reversion strategy | Signal: HOLD | Shares held: 0.0 | Last price: $190.80
2026-10-06 18:05:22,578 | [BA] ACTION: No trade.
2026-10-06 18:05:22,610 | [BAC] choppy/sideways (ADX 18.2) -> mean-reversion strategy | Signal: HOLD | Shares held: 0.0 | Last price: $54.08
2026-10-06 18:05:22,611 | [BAC] ACTION: No trade.
2026-10-06 18:05:22,698 | [BALL] trending (ADX 29.5) -> trend-following strategy | Signal: HOLD | Shares held: 0.0 | Last price: $57.58
2026-10-06 18:05:22,698 | [BALL] ACTION: No trade.
2026-10-06 18:05:22,784 | [BAX] choppy/sideways (ADX 19.7) -> mean-reversion strategy | Signal: HOLD | Shares held: 0.0 | Last price: $24.23
2026-10-06 18:05:22,785 | [BAX] ACTION: No trade.
2026-10-06 18:05:22,872 | [BBY] choppy/sideways (ADX 14.8) -> mean-reversion strategy | Signal: HOLD | Shares held: 0.0 | Last price: $85.54
2026-10-06 18:05:22,872 | [BBY] ACTION: No trade.
2026-10-06 18:05:22,959 | [BDX] trending (ADX 26.2) -> trend-following strategy | Signal: HOLD | Shares held: 0.0 | Last price: $181.33
2026-10-06 18:05:22,959 | [BDX] ACTION: No trade.
2026-10-06 18:05:23,047 | [BE] trending (ADX 27.9) -> trend-following strategy | Signal: HOLD | Shares held: 0.0 | Last price: $298.90
2026-10-06 18:05:23,047 | [BE] ACTION: No trade.
2026-10-06 18:05:23,199 | [BEN] trending (ADX 31.9) -> trend-following strategy | Signal: HOLD | Shares held: 0.0 | Last price: $32.60
2026-10-06 18:05:23,199 | [BEN] ACTION: No trade.
2026-10-06 18:05:23,285 | [BG] choppy/sideways (ADX 13.4) -> mean-reversion strategy | Signal: HOLD | Shares held: 0.0 | Last price: $107.63
2026-10-06 18:05:23,286 | [BG] ACTION: No trade.
2026-10-06 18:05:23,380 | [BIIB] choppy/sideways (ADX 15.9) -> mean-reversion strategy | Signal: HOLD | Shares held: 0.0 | Last price: $221.80
2026-10-06 18:05:23,380 | [BIIB] ACTION: No trade.
2026-10-06 18:05:23,412 | [BKNG] choppy/sideways (ADX 23.3) -> mean-reversion strategy | Signal: HOLD | Shares held: 0.0 | Last price: $155.94
2026-10-06 18:05:23,413 | [BKNG] ACTION: No trade.
2026-10-06 18:05:23,512 | [BKR] choppy/sideways (ADX 14.2) -> mean-reversion strategy | Signal: HOLD | Shares held: 0.0 | Last price: $57.47
2026-10-06 18:05:23,513 | [BKR] ACTION: No trade.
2026-10-06 18:05:23,601 | [BLK] choppy/sideways (ADX 20.2) -> mean-reversion strategy | Signal: HOLD | Shares held: 0.0 | Last price: $1081.10
2026-10-06 18:05:23,601 | [BLK] ACTION: No trade.
2026-10-06 18:05:23,700 | [BMY] choppy/sideways (ADX 12.2) -> mean-reversion strategy | Signal: HOLD | Shares held: 0.0 | Last price: $59.13
2026-10-06 18:05:23,700 | [BMY] ACTION: No trade.
2026-10-06 18:05:23,793 | [BNY] choppy/sideways (ADX 24.0) -> mean-reversion strategy | Signal: HOLD | Shares held: 0.0 | Last price: $143.89
2026-10-06 18:05:23,794 | [BNY] ACTION: No trade.
2026-10-06 18:05:23,879 | [BR] choppy/sideways (ADX 16.0) -> mean-reversion strategy | Signal: HOLD | Shares held: 0.0 | Last price: $159.62
2026-10-06 18:05:23,880 | [BR] ACTION: No trade.
2026-10-06 18:05:23,968 | [BRK.B] choppy/sideways (ADX 23.5) -> mean-reversion strategy | Signal: HOLD | Shares held: 0.0 | Last price: $505.48
2026-10-06 18:05:23,968 | [BRK.B] ACTION: No trade.
2026-10-06 18:05:24,057 | [BRO] choppy/sideways (ADX 11.9) -> mean-reversion strategy | Signal: HOLD | Shares held: 0.0 | Last price: $60.88
2026-10-06 18:05:24,057 | [BRO] ACTION: No trade.
2026-10-06 18:05:24,144 | [BSX] choppy/sideways (ADX 19.5) -> mean-reversion strategy | Signal: HOLD | Shares held: 0.0 | Last price: $42.30
2026-10-06 18:05:24,144 | [BSX] ACTION: No trade.
2026-10-06 18:05:24,231 | [BX] choppy/sideways (ADX 11.7) -> mean-reversion strategy | Signal: HOLD | Shares held: 0.0 | Last price: $112.67
2026-10-06 18:05:24,232 | [BX] ACTION: No trade.
2026-10-06 18:05:24,264 | [C] choppy/sideways (ADX 18.5) -> mean-reversion strategy | Signal: HOLD | Shares held: 0.0 | Last price: $128.28
2026-10-06 18:05:24,264 | [C] ACTION: No trade.
2026-10-06 18:05:24,353 | [CAH] trending (ADX 25.5) -> trend-following strategy | Signal: BUY | Shares held: 0.0 | Last price: $232.89
2026-10-06 18:05:24,353 | [CAH] ACTION: No trade (within the historically weak 210-270 min-since-open entry window).
2026-10-06 18:05:24,439 | [CARR] trending (ADX 32.3) -> trend-following strategy | Signal: HOLD | Shares held: 0.0 | Last price: $56.57
2026-10-06 18:05:24,439 | [CARR] ACTION: No trade.
2026-10-06 18:05:24,527 | [CASY] choppy/sideways (ADX 20.8) -> mean-reversion strategy | Signal: HOLD | Shares held: 0.0 | Last price: $613.26
2026-10-06 18:05:24,527 | [CASY] ACTION: No trade.
2026-10-06 18:05:24,559 | [CAT] choppy/sideways (ADX 20.8) -> mean-reversion strategy | Signal: HOLD | Shares held: 0.0 | Last price: $864.47
2026-10-06 18:05:24,559 | [CAT] ACTION: No trade.
2026-10-06 18:05:24,645 | [CB] choppy/sideways (ADX 16.8) -> mean-reversion strategy | Signal: HOLD | Shares held: 0.0 | Last price: $334.25
2026-10-06 18:05:24,646 | [CB] ACTION: No trade.
2026-10-06 18:05:24,733 | [CBOE] choppy/sideways (ADX 14.1) -> mean-reversion strategy | Signal: HOLD | Shares held: 0.0 | Last price: $276.62
2026-10-06 18:05:24,733 | [CBOE] ACTION: No trade.
2026-10-06 18:05:24,820 | [CBRE] choppy/sideways (ADX 22.8) -> mean-reversion strategy | Signal: HOLD | Shares held: 0.0 | Last price: $131.21
2026-10-06 18:05:24,820 | [CBRE] ACTION: No trade.
2026-10-06 18:05:24,908 | [CCI] trending (ADX 34.7) -> trend-following strategy | Signal: HOLD | Shares held: 0.0 | Last price: $68.52
2026-10-06 18:05:24,908 | [CCI] ACTION: No trade.
2026-10-06 18:05:24,995 | [CCL] trending (ADX 36.3) -> trend-following strategy | Signal: HOLD | Shares held: 0.0 | Last price: $26.50
2026-10-06 18:05:24,995 | [CCL] ACTION: No trade.
2026-10-06 18:05:25,082 | [CDNS] trending (ADX 26.7) -> trend-following strategy | Signal: HOLD | Shares held: 0.0 | Last price: $359.66
2026-10-06 18:05:25,082 | [CDNS] ACTION: No trade.
2026-10-06 18:05:25,173 | [CDW] choppy/sideways (ADX 18.3) -> mean-reversion strategy | Signal: HOLD | Shares held: 0.0 | Last price: $135.32
2026-10-06 18:05:25,173 | [CDW] ACTION: No trade.
2026-10-06 18:05:25,260 | [CEG] trending (ADX 59.2) -> trend-following strategy | Signal: HOLD | Shares held: 0.0 | Last price: $305.41
2026-10-06 18:05:25,260 | [CEG] ACTION: No trade.
2026-10-06 18:05:25,348 | [CF] choppy/sideways (ADX 17.1) -> mean-reversion strategy | Signal: HOLD | Shares held: 0.0 | Last price: $116.58
2026-10-06 18:05:25,348 | [CF] ACTION: No trade.
2026-10-06 18:05:25,435 | [CFG] trending (ADX 30.5) -> trend-following strategy | Signal: HOLD | Shares held: 0.0 | Last price: $63.97
2026-10-06 18:05:25,435 | [CFG] ACTION: No trade.
2026-10-06 18:05:25,521 | [CHD] trending (ADX 37.3) -> trend-following strategy | Signal: HOLD | Shares held: 0.0 | Last price: $96.58
2026-10-06 18:05:25,521 | [CHD] ACTION: No trade.
2026-10-06 18:05:25,608 | [CHRW] trending (ADX 41.5) -> trend-following strategy | Signal: HOLD | Shares held: 0.0 | Last price: $135.22
2026-10-06 18:05:25,608 | [CHRW] ACTION: No trade.
2026-10-06 18:05:25,695 | [CHTR] trending (ADX 27.3) -> trend-following strategy | Signal: HOLD | Shares held: 0.0 | Last price: $108.72
2026-10-06 18:05:25,695 | [CHTR] ACTION: No trade.
2026-10-06 18:05:25,782 | [CI] choppy/sideways (ADX 12.7) -> mean-reversion strategy | Signal: HOLD | Shares held: 0.0 | Last price: $270.85
2026-10-06 18:05:25,782 | [CI] ACTION: No trade.
2026-10-06 18:05:25,868 | [CIEN] trending (ADX 48.3) -> trend-following strategy | Signal: HOLD | Shares held: 0.0 | Last price: $437.90
2026-10-06 18:05:25,868 | [CIEN] ACTION: No trade.
2026-10-06 18:05:25,957 | [CINF] choppy/sideways (ADX 24.4) -> mean-reversion strategy | Signal: HOLD | Shares held: 0.0 | Last price: $162.24
2026-10-06 18:05:25,957 | [CINF] ACTION: No trade.
2026-10-06 18:05:26,045 | [CL] trending (ADX 53.1) -> trend-following strategy | Signal: HOLD | Shares held: 0.0 | Last price: $87.31
2026-10-06 18:05:26,045 | [CL] ACTION: No trade.
2026-10-06 18:05:26,135 | [CLX] trending (ADX 56.6) -> trend-following strategy | Signal: HOLD | Shares held: 0.0 | Last price: $83.80
2026-10-06 18:05:26,136 | [CLX] ACTION: No trade.
2026-10-06 18:05:26,222 | [CMCSA] choppy/sideways (ADX 15.4) -> mean-reversion strategy | Signal: HOLD | Shares held: 0.0 | Last price: $21.48
2026-10-06 18:05:26,222 | [CMCSA] ACTION: No trade.
2026-10-06 18:05:26,308 | [CME] choppy/sideways (ADX 19.9) -> mean-reversion strategy | Signal: HOLD | Shares held: 0.0 | Last price: $269.94
2026-10-06 18:05:26,309 | [CME] ACTION: No trade.
2026-10-06 18:05:26,395 | [CMG] choppy/sideways (ADX 22.0) -> mean-reversion strategy | Signal: HOLD | Shares held: 0.0 | Last price: $30.93
2026-10-06 18:05:26,395 | [CMG] ACTION: No trade.
2026-10-06 18:05:26,481 | [CMI] choppy/sideways (ADX 10.5) -> mean-reversion strategy | Signal: HOLD | Shares held: 0.0 | Last price: $532.94
2026-10-06 18:05:26,481 | [CMI] ACTION: No trade.
2026-10-06 18:05:26,569 | [CMS] trending (ADX 35.7) -> trend-following strategy | Signal: HOLD | Shares held: 0.0 | Last price: $64.74
2026-10-06 18:05:26,569 | [CMS] ACTION: No trade.
2026-10-06 18:05:26,655 | [CNC] trending (ADX 27.2) -> trend-following strategy | Signal: HOLD | Shares held: 0.0 | Last price: $63.91
2026-10-06 18:05:26,655 | [CNC] ACTION: No trade.
2026-10-06 18:05:26,741 | [CNP] trending (ADX 37.4) -> trend-following strategy | Signal: HOLD | Shares held: 0.0 | Last price: $38.48
2026-10-06 18:05:26,741 | [CNP] ACTION: No trade.
2026-10-06 18:05:26,826 | [COF] choppy/sideways (ADX 15.6) -> mean-reversion strategy | Signal: HOLD | Shares held: 0.0 | Last price: $196.16
2026-10-06 18:05:26,826 | [COF] ACTION: No trade.
2026-10-06 18:05:26,911 | [COHR] choppy/sideways (ADX 22.5) -> mean-reversion strategy | Signal: HOLD | Shares held: 0.0 | Last price: $335.59
2026-10-06 18:05:26,911 | [COHR] ACTION: No trade.
2026-10-06 18:05:26,942 | [COIN] choppy/sideways (ADX 22.0) -> mean-reversion strategy | Signal: HOLD | Shares held: 0.0 | Last price: $188.26
2026-10-06 18:05:26,942 | [COIN] ACTION: No trade.
2026-10-06 18:05:27,028 | [COO] choppy/sideways (ADX 16.2) -> mean-reversion strategy | Signal: HOLD | Shares held: 0.0 | Last price: $56.13
2026-10-06 18:05:27,028 | [COO] ACTION: No trade.
2026-10-06 18:05:27,058 | [COP] choppy/sideways (ADX 21.5) -> mean-reversion strategy | Signal: HOLD | Shares held: 0.0 | Last price: $129.66
2026-10-06 18:05:27,059 | [COP] ACTION: No trade.
2026-10-06 18:05:27,144 | [COR] choppy/sideways (ADX 13.2) -> mean-reversion strategy | Signal: HOLD | Shares held: 0.0 | Last price: $314.01
2026-10-06 18:05:27,144 | [COR] ACTION: No trade.
2026-10-06 18:05:27,175 | [COST] trending (ADX 41.1) -> trend-following strategy | Signal: HOLD | Shares held: 0.0 | Last price: $931.57
2026-10-06 18:05:27,175 | [COST] ACTION: No trade.
2026-10-06 18:05:27,261 | [CPAY] choppy/sideways (ADX 22.9) -> mean-reversion strategy | Signal: HOLD | Shares held: 0.0 | Last price: $402.76
2026-10-06 18:05:27,261 | [CPAY] ACTION: No trade.
2026-10-06 18:05:27,347 | [CPRT] trending (ADX 28.4) -> trend-following strategy | Signal: HOLD | Shares held: 0.0 | Last price: $26.95
2026-10-06 18:05:27,347 | [CPRT] ACTION: No trade.
2026-10-06 18:05:27,432 | [CPT] choppy/sideways (ADX 24.4) -> mean-reversion strategy | Signal: HOLD | Shares held: 0.0 | Last price: $97.92
2026-10-06 18:05:27,433 | [CPT] ACTION: No trade.
2026-10-06 18:05:27,524 | [CRH] trending (ADX 42.1) -> trend-following strategy | Signal: HOLD | Shares held: 0.0 | Last price: $83.92
2026-10-06 18:05:27,525 | [CRH] ACTION: No trade.
2026-10-06 18:05:27,610 | [CRL] trending (ADX 25.7) -> trend-following strategy | Signal: HOLD | Shares held: 0.0 | Last price: $307.17
2026-10-06 18:05:27,610 | [CRL] ACTION: No trade.
2026-10-06 18:05:27,641 | [CRM] trending (ADX 26.7) -> trend-following strategy | Signal: HOLD | Shares held: 0.0 | Last price: $225.47
2026-10-06 18:05:27,641 | [CRM] ACTION: No trade.
2026-10-06 18:05:27,727 | [CRWD] trending (ADX 33.2) -> trend-following strategy | Signal: HOLD | Shares held: 0.0 | Last price: $279.39
2026-10-06 18:05:27,728 | [CRWD] ACTION: No trade.
2026-10-06 18:05:27,758 | [CSCO] trending (ADX 53.0) -> trend-following strategy | Signal: HOLD | Shares held: 0.0 | Last price: $116.76
2026-10-06 18:05:27,759 | [CSCO] ACTION: No trade.
2026-10-06 18:05:27,846 | [CSGP] trending (ADX 40.6) -> trend-following strategy | Signal: HOLD | Shares held: 0.0 | Last price: $27.90
2026-10-06 18:05:27,846 | [CSGP] ACTION: No trade.
2026-10-06 18:05:27,931 | [CSX] choppy/sideways (ADX 13.6) -> mean-reversion strategy | Signal: HOLD | Shares held: 0.0 | Last price: $47.47
2026-10-06 18:05:27,931 | [CSX] ACTION: No trade.
2026-10-06 18:05:28,016 | [CTAS] choppy/sideways (ADX 24.7) -> mean-reversion strategy | Signal: HOLD | Shares held: 0.0 | Last price: $196.26
2026-10-06 18:05:28,016 | [CTAS] ACTION: No trade.
2026-10-06 18:05:28,102 | [CTSH] trending (ADX 43.8) -> trend-following strategy | Signal: HOLD | Shares held: 0.0 | Last price: $57.32
2026-10-06 18:05:28,102 | [CTSH] ACTION: No trade.
2026-10-06 18:05:28,190 | [CTVA] trending (ADX 47.7) -> trend-following strategy | Signal: HOLD | Shares held: 0.0 | Last price: $13.87
2026-10-06 18:05:28,190 | [CTVA] ACTION: No trade.
2026-10-06 18:05:28,275 | [CVNA] choppy/sideways (ADX 19.3) -> mean-reversion strategy | Signal: HOLD | Shares held: 0.0 | Last price: $63.04
2026-10-06 18:05:28,275 | [CVNA] ACTION: No trade.
2026-10-06 18:05:28,360 | [CVS] choppy/sideways (ADX 16.6) -> mean-reversion strategy | Signal: HOLD | Shares held: 0.0 | Last price: $85.95
2026-10-06 18:05:28,360 | [CVS] ACTION: No trade.
2026-10-06 18:05:28,392 | [CVX] trending (ADX 25.9) -> trend-following strategy | Signal: HOLD | Shares held: 0.0 | Last price: $208.49
2026-10-06 18:05:28,392 | [CVX] ACTION: No trade.
2026-10-06 18:05:28,477 | [D] choppy/sideways (ADX 23.5) -> mean-reversion strategy | Signal: HOLD | Shares held: 0.0 | Last price: $61.54
2026-10-06 18:05:28,477 | [D] ACTION: No trade.
2026-10-06 18:05:28,562 | [DAL] choppy/sideways (ADX 17.1) -> mean-reversion strategy | Signal: HOLD | Shares held: 0.0 | Last price: $83.23
2026-10-06 18:05:28,563 | [DAL] ACTION: No trade.
2026-10-06 18:05:28,648 | [DASH] choppy/sideways (ADX 17.8) -> mean-reversion strategy | Signal: HOLD | Shares held: 0.0 | Last price: $192.02
2026-10-06 18:05:28,648 | [DASH] ACTION: No trade.
2026-10-06 18:05:28,735 | [DD] trending (ADX 39.7) -> trend-following strategy | Signal: HOLD | Shares held: 0.0 | Last price: $133.64
2026-10-06 18:05:28,735 | [DD] ACTION: No trade.
2026-10-06 18:05:28,821 | [DDOG] choppy/sideways (ADX 9.9) -> mean-reversion strategy | Signal: HOLD | Shares held: 0.0 | Last price: $277.59
2026-10-06 18:05:28,821 | [DDOG] ACTION: No trade.
2026-10-06 18:05:28,907 | [DE] choppy/sideways (ADX 22.4) -> mean-reversion strategy | Signal: HOLD | Shares held: 0.0 | Last price: $681.85
2026-10-06 18:05:28,907 | [DE] ACTION: No trade.
2026-10-06 18:05:28,995 | [DECK] trending (ADX 28.7) -> trend-following strategy | Signal: HOLD | Shares held: 0.0 | Last price: $81.40
2026-10-06 18:05:28,995 | [DECK] ACTION: No trade.
2026-10-06 18:05:29,113 | [DELL] trending (ADX 29.0) -> trend-following strategy | Signal: HOLD | Shares held: 0.0 | Last price: $575.48
2026-10-06 18:05:29,114 | [DELL] ACTION: No trade.
2026-10-06 18:05:29,200 | [DG] trending (ADX 29.4) -> trend-following strategy | Signal: HOLD | Shares held: 0.0 | Last price: $121.97
2026-10-06 18:05:29,200 | [DG] ACTION: No trade.
2026-10-06 18:05:29,285 | [DGX] trending (ADX 34.0) -> trend-following strategy | Signal: HOLD | Shares held: 0.0 | Last price: $227.09
2026-10-06 18:05:29,285 | [DGX] ACTION: No trade.
2026-10-06 18:05:29,371 | [DHI] trending (ADX 29.6) -> trend-following strategy | Signal: HOLD | Shares held: 0.0 | Last price: $136.97
2026-10-06 18:05:29,371 | [DHI] ACTION: No trade.
2026-10-06 18:05:29,402 | [DHR] choppy/sideways (ADX 15.0) -> mean-reversion strategy | Signal: HOLD | Shares held: 0.0 | Last price: $217.41
2026-10-06 18:05:29,402 | [DHR] ACTION: No trade.
2026-10-06 18:05:29,433 | [DIS] choppy/sideways (ADX 24.1) -> mean-reversion strategy | Signal: HOLD | Shares held: 0.0 | Last price: $103.81
2026-10-06 18:05:29,433 | [DIS] ACTION: No trade.
2026-10-06 18:05:29,518 | [DLR] trending (ADX 47.2) -> trend-following strategy | Signal: HOLD | Shares held: 0.0 | Last price: $184.78
2026-10-06 18:05:29,518 | [DLR] ACTION: No trade.
2026-10-06 18:05:29,604 | [DLTR] trending (ADX 33.1) -> trend-following strategy | Signal: HOLD | Shares held: 0.0 | Last price: $115.47
2026-10-06 18:05:29,604 | [DLTR] ACTION: No trade.
2026-10-06 18:05:29,691 | [DOC] trending (ADX 29.2) -> trend-following strategy | Signal: HOLD | Shares held: 0.0 | Last price: $18.95
2026-10-06 18:05:29,691 | [DOC] ACTION: No trade.
2026-10-06 18:05:29,777 | [DOV] trending (ADX 29.7) -> trend-following strategy | Signal: HOLD | Shares held: 0.0 | Last price: $193.14
2026-10-06 18:05:29,777 | [DOV] ACTION: No trade.
2026-10-06 18:05:29,863 | [DOW] choppy/sideways (ADX 11.9) -> mean-reversion strategy | Signal: HOLD | Shares held: 0.0 | Last price: $28.34
2026-10-06 18:05:29,863 | [DOW] ACTION: No trade.
2026-10-06 18:05:29,950 | [DPZ] choppy/sideways (ADX 24.0) -> mean-reversion strategy | Signal: HOLD | Shares held: 0.0 | Last price: $302.25
2026-10-06 18:05:29,950 | [DPZ] ACTION: No trade.
2026-10-06 18:05:30,036 | [DRI] trending (ADX 36.2) -> trend-following strategy | Signal: HOLD | Shares held: 0.0 | Last price: $201.30
2026-10-06 18:05:30,036 | [DRI] ACTION: No trade.
2026-10-06 18:05:30,125 | [DTE] trending (ADX 31.7) -> trend-following strategy | Signal: HOLD | Shares held: 0.0 | Last price: $127.03
2026-10-06 18:05:30,126 | [DTE] ACTION: No trade.
2026-10-06 18:05:30,212 | [DUK] choppy/sideways (ADX 22.1) -> mean-reversion strategy | Signal: HOLD | Shares held: 0.0 | Last price: $114.75
2026-10-06 18:05:30,212 | [DUK] ACTION: No trade.
2026-10-06 18:05:30,299 | [DVN] trending (ADX 25.4) -> trend-following strategy | Signal: HOLD | Shares held: 0.0 | Last price: $48.01
2026-10-06 18:05:30,299 | [DVN] ACTION: No trade.
2026-10-06 18:05:30,385 | [DXCM] trending (ADX 47.4) -> trend-following strategy | Signal: HOLD | Shares held: 0.0 | Last price: $83.54
2026-10-06 18:05:30,385 | [DXCM] ACTION: No trade.
2026-10-06 18:05:30,472 | [EBAY] choppy/sideways (ADX 19.4) -> mean-reversion strategy | Signal: HOLD | Shares held: 0.0 | Last price: $105.48
2026-10-06 18:05:30,473 | [EBAY] ACTION: No trade.
2026-10-06 18:05:30,645 | [ECHO] trending (ADX 26.6) -> trend-following strategy | Signal: HOLD | Shares held: 0.0 | Last price: $98.22
2026-10-06 18:05:30,645 | [ECHO] ACTION: No trade.
2026-10-06 18:05:30,731 | [ECL] choppy/sideways (ADX 21.3) -> mean-reversion strategy | Signal: HOLD | Shares held: 0.0 | Last price: $280.70
2026-10-06 18:05:30,731 | [ECL] ACTION: No trade.
2026-10-06 18:05:30,819 | [ED] trending (ADX 29.2) -> trend-following strategy | Signal: HOLD | Shares held: 0.0 | Last price: $104.58
2026-10-06 18:05:30,819 | [ED] ACTION: No trade.
2026-10-06 18:05:30,906 | [EFX] choppy/sideways (ADX 17.6) -> mean-reversion strategy | Signal: HOLD | Shares held: 0.0 | Last price: $143.43
2026-10-06 18:05:30,906 | [EFX] ACTION: No trade.
2026-10-06 18:05:31,022 | [EG] choppy/sideways (ADX 16.5) -> mean-reversion strategy | Signal: HOLD | Shares held: 0.0 | Last price: $367.54
2026-10-06 18:05:31,022 | [EG] ACTION: No trade.
2026-10-06 18:05:31,107 | [EIX] trending (ADX 27.7) -> trend-following strategy | Signal: HOLD | Shares held: 0.0 | Last price: $53.73
2026-10-06 18:05:31,107 | [EIX] ACTION: No trade.
2026-10-06 18:05:31,194 | [EL] choppy/sideways (ADX 21.9) -> mean-reversion strategy | Signal: HOLD | Shares held: 0.0 | Last price: $93.54
2026-10-06 18:05:31,194 | [EL] ACTION: No trade.
2026-10-06 18:05:31,280 | [ELV] trending (ADX 49.8) -> trend-following strategy | Signal: HOLD | Shares held: 0.0 | Last price: $397.42
2026-10-06 18:05:31,280 | [ELV] ACTION: No trade.
2026-10-06 18:05:31,410 | [EME] trending (ADX 43.7) -> trend-following strategy | Signal: HOLD | Shares held: 0.0 | Last price: $825.54
2026-10-06 18:05:31,410 | [EME] ACTION: No trade.
2026-10-06 18:05:31,495 | [EMR] choppy/sideways (ADX 18.4) -> mean-reversion strategy | Signal: HOLD | Shares held: 0.0 | Last price: $162.78
2026-10-06 18:05:31,495 | [EMR] ACTION: No trade.
2026-10-06 18:05:31,581 | [EOG] choppy/sideways (ADX 16.9) -> mean-reversion strategy | Signal: HOLD | Shares held: 0.0 | Last price: $144.96
2026-10-06 18:05:31,581 | [EOG] ACTION: No trade.
2026-10-06 18:05:31,667 | [EQIX] trending (ADX 31.2) -> trend-following strategy | Signal: HOLD | Shares held: 0.0 | Last price: $1047.93
2026-10-06 18:05:31,667 | [EQIX] ACTION: No trade.
2026-10-06 18:05:31,753 | [EQT] trending (ADX 36.0) -> trend-following strategy | Signal: HOLD | Shares held: 0.0 | Last price: $52.12
2026-10-06 18:05:31,753 | [EQT] ACTION: No trade.
2026-10-06 18:05:31,839 | [ES] choppy/sideways (ADX 11.0) -> mean-reversion strategy | Signal: HOLD | Shares held: 0.0 | Last price: $64.75
2026-10-06 18:05:31,839 | [ES] ACTION: No trade.
2026-10-06 18:05:31,926 | [ESS] trending (ADX 30.0) -> trend-following strategy | Signal: HOLD | Shares held: 0.0 | Last price: $274.33
2026-10-06 18:05:31,926 | [ESS] ACTION: No trade.
2026-10-06 18:05:32,012 | [ETN] choppy/sideways (ADX 17.1) -> mean-reversion strategy | Signal: HOLD | Shares held: 0.0 | Last price: $444.35
2026-10-06 18:05:32,012 | [ETN] ACTION: No trade.
2026-10-06 18:05:32,098 | [ETR] trending (ADX 37.2) -> trend-following strategy | Signal: HOLD | Shares held: 0.0 | Last price: $102.64
2026-10-06 18:05:32,098 | [ETR] ACTION: No trade.
2026-10-06 18:05:32,184 | [EVRG] trending (ADX 26.8) -> trend-following strategy | Signal: HOLD | Shares held: 0.0 | Last price: $80.08
2026-10-06 18:05:32,184 | [EVRG] ACTION: No trade.
2026-10-06 18:05:32,271 | [EW] choppy/sideways (ADX 19.5) -> mean-reversion strategy | Signal: HOLD | Shares held: 0.0 | Last price: $86.72
2026-10-06 18:05:32,271 | [EW] ACTION: No trade.
2026-10-06 18:05:32,357 | [EXC] trending (ADX 30.2) -> trend-following strategy | Signal: HOLD | Shares held: 0.0 | Last price: $41.30
2026-10-06 18:05:32,357 | [EXC] ACTION: No trade.
2026-10-06 18:05:32,442 | [EXE] trending (ADX 27.5) -> trend-following strategy | Signal: HOLD | Shares held: 0.0 | Last price: $87.91
2026-10-06 18:05:32,442 | [EXE] ACTION: No trade.
2026-10-06 18:05:32,530 | [EXPD] choppy/sideways (ADX 18.5) -> mean-reversion strategy | Signal: HOLD | Shares held: 0.0 | Last price: $191.63
2026-10-06 18:05:32,530 | [EXPD] ACTION: No trade.
2026-10-06 18:05:32,615 | [EXPE] trending (ADX 27.5) -> trend-following strategy | Signal: HOLD | Shares held: 0.0 | Last price: $256.47
2026-10-06 18:05:32,615 | [EXPE] ACTION: No trade.
2026-10-06 18:05:32,701 | [EXR] trending (ADX 31.3) -> trend-following strategy | Signal: HOLD | Shares held: 0.0 | Last price: $134.86
2026-10-06 18:05:32,701 | [EXR] ACTION: No trade.
2026-10-06 18:05:32,786 | [F] choppy/sideways (ADX 20.5) -> mean-reversion strategy | Signal: HOLD | Shares held: 0.0 | Last price: $12.15
2026-10-06 18:05:32,787 | [F] ACTION: No trade.
2026-10-06 18:05:32,872 | [FANG] choppy/sideways (ADX 15.8) -> mean-reversion strategy | Signal: HOLD | Shares held: 0.0 | Last price: $185.22
2026-10-06 18:05:32,873 | [FANG] ACTION: No trade.
2026-10-06 18:05:32,958 | [FAST] choppy/sideways (ADX 13.9) -> mean-reversion strategy | Signal: HOLD | Shares held: 0.0 | Last price: $51.09
2026-10-06 18:05:32,958 | [FAST] ACTION: No trade.
2026-10-06 18:05:33,044 | [FCX] choppy/sideways (ADX 21.2) -> mean-reversion strategy | Signal: HOLD | Shares held: 0.0 | Last price: $73.02
2026-10-06 18:05:33,044 | [FCX] ACTION: No trade.
2026-10-06 18:05:33,130 | [FDS] trending (ADX 36.7) -> trend-following strategy | Signal: HOLD | Shares held: 0.0 | Last price: $274.74
2026-10-06 18:05:33,130 | [FDS] ACTION: No trade.
2026-10-06 18:05:33,215 | [FDX] choppy/sideways (ADX 13.7) -> mean-reversion strategy | Signal: HOLD | Shares held: 0.0 | Last price: $287.58
2026-10-06 18:05:33,215 | [FDX] ACTION: No trade.
2026-10-06 18:05:33,302 | [FDXF] choppy/sideways (ADX 17.4) -> mean-reversion strategy | Signal: HOLD | Shares held: 0.0 | Last price: $109.67
2026-10-06 18:05:33,302 | [FDXF] ACTION: No trade.
2026-10-06 18:05:33,388 | [FE] trending (ADX 30.3) -> trend-following strategy | Signal: HOLD | Shares held: 0.0 | Last price: $44.05
2026-10-06 18:05:33,388 | [FE] ACTION: No trade.
2026-10-06 18:05:33,474 | [FERG] choppy/sideways (ADX 12.9) -> mean-reversion strategy | Signal: HOLD | Shares held: 0.0 | Last price: $226.15
2026-10-06 18:05:33,474 | [FERG] ACTION: No trade.
2026-10-06 18:05:33,561 | [FFIV] choppy/sideways (ADX 14.6) -> mean-reversion strategy | Signal: HOLD | Shares held: 0.0 | Last price: $466.57
2026-10-06 18:05:33,561 | [FFIV] ACTION: No trade.
2026-10-06 18:05:33,647 | [FICO] choppy/sideways (ADX 17.4) -> mean-reversion strategy | Signal: HOLD | Shares held: 0.0 | Last price: $683.11
2026-10-06 18:05:33,647 | [FICO] ACTION: No trade.
2026-10-06 18:05:33,734 | [FIS] trending (ADX 36.0) -> trend-following strategy | Signal: HOLD | Shares held: 0.0 | Last price: $33.48
2026-10-06 18:05:33,734 | [FIS] ACTION: No trade.
2026-10-06 18:05:33,820 | [FISV] trending (ADX 27.2) -> trend-following strategy | Signal: HOLD | Shares held: 0.0 | Last price: $45.52
2026-10-06 18:05:33,820 | [FISV] ACTION: No trade.
2026-10-06 18:05:33,905 | [FITB] choppy/sideways (ADX 17.4) -> mean-reversion strategy | Signal: HOLD | Shares held: 0.0 | Last price: $50.74
2026-10-06 18:05:33,906 | [FITB] ACTION: No trade.
2026-10-06 18:05:33,992 | [FIX] trending (ADX 43.7) -> trend-following strategy | Signal: HOLD | Shares held: 0.0 | Last price: $1815.42
2026-10-06 18:05:33,992 | [FIX] ACTION: No trade.
2026-10-06 18:05:34,078 | [FLEX] choppy/sideways (ADX 16.7) -> mean-reversion strategy | Signal: HOLD | Shares held: 0.0 | Last price: $119.01
2026-10-06 18:05:34,078 | [FLEX] ACTION: No trade.
2026-10-06 18:05:34,168 | [FOXA] trending (ADX 27.3) -> trend-following strategy | Signal: HOLD | Shares held: 0.0 | Last price: $61.71
2026-10-06 18:05:34,168 | [FOXA] ACTION: No trade.
2026-10-06 18:05:34,254 | [FRT] choppy/sideways (ADX 19.4) -> mean-reversion strategy | Signal: HOLD | Shares held: 0.0 | Last price: $106.19
2026-10-06 18:05:34,254 | [FRT] ACTION: No trade.
2026-10-06 18:05:34,346 | [FSLR] trending (ADX 39.6) -> trend-following strategy | Signal: HOLD | Shares held: 0.0 | Last price: $180.26
2026-10-06 18:05:34,346 | [FSLR] ACTION: No trade.
2026-10-06 18:05:34,431 | [FTNT] trending (ADX 40.9) -> trend-following strategy | Signal: HOLD | Shares held: 0.0 | Last price: $189.74
2026-10-06 18:05:34,431 | [FTNT] ACTION: No trade.
2026-10-06 18:05:34,516 | [FTV] choppy/sideways (ADX 19.5) -> mean-reversion strategy | Signal: HOLD | Shares held: 0.0 | Last price: $57.94
2026-10-06 18:05:34,516 | [FTV] ACTION: No trade.
2026-10-06 18:05:34,603 | [GD] choppy/sideways (ADX 13.2) -> mean-reversion strategy | Signal: HOLD | Shares held: 0.0 | Last price: $331.77
2026-10-06 18:05:34,603 | [GD] ACTION: No trade.
2026-10-06 18:05:34,691 | [GDDY] choppy/sideways (ADX 23.1) -> mean-reversion strategy | Signal: HOLD | Shares held: 0.0 | Last price: $97.70
2026-10-06 18:05:34,691 | [GDDY] ACTION: No trade.
2026-10-06 18:05:34,722 | [GE] choppy/sideways (ADX 15.0) -> mean-reversion strategy | Signal: HOLD | Shares held: 0.0 | Last price: $309.03
2026-10-06 18:05:34,723 | [GE] ACTION: No trade.
2026-10-06 18:05:34,808 | [GEHC] choppy/sideways (ADX 20.4) -> mean-reversion strategy | Signal: HOLD | Shares held: 0.0 | Last price: $65.14
2026-10-06 18:05:34,809 | [GEHC] ACTION: No trade.
2026-10-06 18:05:34,894 | [GEN] trending (ADX 30.3) -> trend-following strategy | Signal: HOLD | Shares held: 0.0 | Last price: $22.62
2026-10-06 18:05:34,894 | [GEN] ACTION: No trade.
2026-10-06 18:05:34,981 | [GEV] trending (ADX 37.6) -> trend-following strategy | Signal: HOLD | Shares held: 0.0 | Last price: $1042.82
2026-10-06 18:05:34,981 | [GEV] ACTION: No trade.
2026-10-06 18:05:35,070 | [GILD] choppy/sideways (ADX 14.9) -> mean-reversion strategy | Signal: HOLD | Shares held: 0.0 | Last price: $143.50
2026-10-06 18:05:35,070 | [GILD] ACTION: No trade.
2026-10-06 18:05:35,156 | [GIS] choppy/sideways (ADX 19.5) -> mean-reversion strategy | Signal: HOLD | Shares held: 0.0 | Last price: $32.15
2026-10-06 18:05:35,157 | [GIS] ACTION: No trade.
2026-10-06 18:05:35,243 | [GLW] trending (ADX 41.5) -> trend-following strategy | Signal: HOLD | Shares held: 0.0 | Last price: $170.20
2026-10-06 18:05:35,243 | [GLW] ACTION: No trade.
2026-10-06 18:05:35,330 | [GM] trending (ADX 36.3) -> trend-following strategy | Signal: HOLD | Shares held: 0.0 | Last price: $81.50
2026-10-06 18:05:35,330 | [GM] ACTION: No trade.
2026-10-06 18:05:35,416 | [GNRC] trending (ADX 36.8) -> trend-following strategy | Signal: HOLD | Shares held: 0.0 | Last price: $224.35
2026-10-06 18:05:35,416 | [GNRC] ACTION: No trade.
2026-10-06 18:05:35,447 | [GOOG] trending (ADX 30.4) -> trend-following strategy | Signal: HOLD | Shares held: 0.0 | Last price: $344.19
2026-10-06 18:05:35,448 | [GOOG] ACTION: No trade.
2026-10-06 18:05:35,479 | [GOOGL] trending (ADX 29.2) -> trend-following strategy | Signal: HOLD | Shares held: 0.0 | Last price: $347.52
2026-10-06 18:05:35,479 | [GOOGL] ACTION: No trade.
2026-10-06 18:05:35,564 | [GPC] trending (ADX 25.2) -> trend-following strategy | Signal: HOLD | Shares held: 0.0 | Last price: $128.19
2026-10-06 18:05:35,564 | [GPC] ACTION: No trade.
2026-10-06 18:05:35,650 | [GPN] trending (ADX 37.1) -> trend-following strategy | Signal: HOLD | Shares held: 0.0 | Last price: $81.59
2026-10-06 18:05:35,650 | [GPN] ACTION: No trade.
2026-10-06 18:05:35,737 | [GRMN] trending (ADX 44.7) -> trend-following strategy | Signal: HOLD | Shares held: 0.0 | Last price: $279.00
2026-10-06 18:05:35,737 | [GRMN] ACTION: No trade.
2026-10-06 18:05:35,767 | [GS] choppy/sideways (ADX 12.4) -> mean-reversion strategy | Signal: HOLD | Shares held: 0.0 | Last price: $898.19
2026-10-06 18:05:35,767 | [GS] ACTION: No trade.
2026-10-06 18:05:35,860 | [GWW] trending (ADX 31.8) -> trend-following strategy | Signal: HOLD | Shares held: 0.0 | Last price: $1281.17
2026-10-06 18:05:35,860 | [GWW] ACTION: No trade.
2026-10-06 18:05:35,946 | [HAL] choppy/sideways (ADX 15.9) -> mean-reversion strategy | Signal: HOLD | Shares held: 0.0 | Last price: $32.62
2026-10-06 18:05:35,946 | [HAL] ACTION: No trade.
2026-10-06 18:05:36,031 | [HAS] choppy/sideways (ADX 21.1) -> mean-reversion strategy | Signal: HOLD | Shares held: 0.0 | Last price: $91.08
2026-10-06 18:05:36,031 | [HAS] ACTION: No trade.
2026-10-06 18:05:36,117 | [HBAN] choppy/sideways (ADX 15.3) -> mean-reversion strategy | Signal: HOLD | Shares held: 0.0 | Last price: $15.29
2026-10-06 18:05:36,117 | [HBAN] ACTION: No trade.
2026-10-06 18:05:36,202 | [HCA] choppy/sideways (ADX 20.4) -> mean-reversion strategy | Signal: HOLD | Shares held: 0.0 | Last price: $433.94
2026-10-06 18:05:36,202 | [HCA] ACTION: No trade.
2026-10-06 18:05:36,233 | [HD] trending (ADX 31.2) -> trend-following strategy | Signal: HOLD | Shares held: 0.0 | Last price: $285.08
2026-10-06 18:05:36,233 | [HD] ACTION: No trade.
2026-10-06 18:05:36,319 | [HIG] choppy/sideways (ADX 20.9) -> mean-reversion strategy | Signal: HOLD | Shares held: 0.0 | Last price: $126.73
2026-10-06 18:05:36,319 | [HIG] ACTION: No trade.
2026-10-06 18:05:36,405 | [HII] choppy/sideways (ADX 13.4) -> mean-reversion strategy | Signal: HOLD | Shares held: 0.0 | Last price: $265.03
2026-10-06 18:05:36,406 | [HII] ACTION: No trade.
2026-10-06 18:05:36,491 | [HLT] choppy/sideways (ADX 22.1) -> mean-reversion strategy | Signal: HOLD | Shares held: 0.0 | Last price: $321.56
2026-10-06 18:05:36,491 | [HLT] ACTION: No trade.
2026-10-06 18:05:36,522 | [HON] choppy/sideways (ADX 12.1) -> mean-reversion strategy | Signal: HOLD | Shares held: 0.0 | Last price: $212.84
2026-10-06 18:05:36,522 | [HON] ACTION: No trade.
2026-10-06 18:05:36,611 | [HONA] choppy/sideways (ADX 13.4) -> mean-reversion strategy | Signal: HOLD | Shares held: 0.0 | Last price: $157.21
2026-10-06 18:05:36,611 | [HONA] ACTION: No trade.
2026-10-06 18:05:36,700 | [HOOD] choppy/sideways (ADX 17.5) -> mean-reversion strategy | Signal: HOLD | Shares held: 0.0 | Last price: $112.98
2026-10-06 18:05:36,701 | [HOOD] ACTION: No trade.
2026-10-06 18:05:36,788 | [HPE] trending (ADX 36.2) -> trend-following strategy | Signal: HOLD | Shares held: 0.0 | Last price: $70.81
2026-10-06 18:05:36,788 | [HPE] ACTION: No trade.
2026-10-06 18:05:36,872 | [HPQ] trending (ADX 27.4) -> trend-following strategy | Signal: HOLD | Shares held: 0.0 | Last price: $31.96
2026-10-06 18:05:36,873 | [HPQ] ACTION: No trade.
2026-10-06 18:05:36,958 | [HSIC] choppy/sideways (ADX 21.0) -> mean-reversion strategy | Signal: HOLD | Shares held: 0.0 | Last price: $84.80
2026-10-06 18:05:36,958 | [HSIC] ACTION: No trade.
2026-10-06 18:05:37,043 | [HST] choppy/sideways (ADX 22.5) -> mean-reversion strategy | Signal: HOLD | Shares held: 0.0 | Last price: $22.52
2026-10-06 18:05:37,043 | [HST] ACTION: No trade.
2026-10-06 18:05:37,128 | [HSY] choppy/sideways (ADX 20.2) -> mean-reversion strategy | Signal: HOLD | Shares held: 0.0 | Last price: $160.06
2026-10-06 18:05:37,128 | [HSY] ACTION: No trade.
2026-10-06 18:05:37,219 | [HUBB] trending (ADX 31.8) -> trend-following strategy | Signal: HOLD | Shares held: 0.0 | Last price: $487.85
2026-10-06 18:05:37,219 | [HUBB] ACTION: No trade.
2026-10-06 18:05:37,307 | [HUM] trending (ADX 26.1) -> trend-following strategy | Signal: HOLD | Shares held: 0.0 | Last price: $399.64
2026-10-06 18:05:37,308 | [HUM] ACTION: No trade.
2026-10-06 18:05:37,393 | [HWM] choppy/sideways (ADX 16.5) -> mean-reversion strategy | Signal: HOLD | Shares held: 0.0 | Last price: $230.06
2026-10-06 18:05:37,393 | [HWM] ACTION: No trade.
2026-10-06 18:05:37,480 | [IBKR] trending (ADX 41.9) -> trend-following strategy | Signal: HOLD | Shares held: 0.0 | Last price: $91.33
2026-10-06 18:05:37,480 | [IBKR] ACTION: No trade.
2026-10-06 18:05:37,512 | [IBM] choppy/sideways (ADX 16.2) -> mean-reversion strategy | Signal: HOLD | Shares held: 0.0 | Last price: $222.27
2026-10-06 18:05:37,512 | [IBM] ACTION: No trade.
2026-10-06 18:05:37,599 | [ICE] trending (ADX 30.8) -> trend-following strategy | Signal: HOLD | Shares held: 0.0 | Last price: $153.93
2026-10-06 18:05:37,599 | [ICE] ACTION: No trade.
2026-10-06 18:05:37,689 | [IDXX] choppy/sideways (ADX 16.5) -> mean-reversion strategy | Signal: HOLD | Shares held: 0.0 | Last price: $518.04
2026-10-06 18:05:37,689 | [IDXX] ACTION: No trade.
2026-10-06 18:05:37,779 | [IEX] choppy/sideways (ADX 20.0) -> mean-reversion strategy | Signal: HOLD | Shares held: 0.0 | Last price: $238.68
2026-10-06 18:05:37,779 | [IEX] ACTION: No trade.
2026-10-06 18:05:37,866 | [IFF] choppy/sideways (ADX 16.5) -> mean-reversion strategy | Signal: HOLD | Shares held: 0.0 | Last price: $84.24
2026-10-06 18:05:37,866 | [IFF] ACTION: No trade.
2026-10-06 18:05:37,953 | [ILMN] trending (ADX 26.3) -> trend-following strategy | Signal: HOLD | Shares held: 0.0 | Last price: $277.46
2026-10-06 18:05:37,953 | [ILMN] ACTION: No trade.
2026-10-06 18:05:38,039 | [INCY] trending (ADX 26.3) -> trend-following strategy | Signal: HOLD | Shares held: 0.0 | Last price: $113.17
2026-10-06 18:05:38,039 | [INCY] ACTION: No trade.
2026-10-06 18:05:38,071 | [INTC] choppy/sideways (ADX 21.5) -> mean-reversion strategy | Signal: HOLD | Shares held: 0.0 | Last price: $114.74
2026-10-06 18:05:38,071 | [INTC] ACTION: No trade.
2026-10-06 18:05:38,158 | [INTU] trending (ADX 28.1) -> trend-following strategy | Signal: HOLD | Shares held: 0.0 | Last price: $287.55
2026-10-06 18:05:38,158 | [INTU] ACTION: No trade.
2026-10-06 18:05:38,245 | [INVH] trending (ADX 28.5) -> trend-following strategy | Signal: HOLD | Shares held: 0.0 | Last price: $26.52
2026-10-06 18:05:38,245 | [INVH] ACTION: No trade.
2026-10-06 18:05:38,332 | [IP] choppy/sideways (ADX 14.2) -> mean-reversion strategy | Signal: HOLD | Shares held: 0.0 | Last price: $32.19
2026-10-06 18:05:38,332 | [IP] ACTION: No trade.
2026-10-06 18:05:38,418 | [IQV] choppy/sideways (ADX 18.9) -> mean-reversion strategy | Signal: HOLD | Shares held: 0.0 | Last price: $263.05
2026-10-06 18:05:38,418 | [IQV] ACTION: No trade.
2026-10-06 18:05:38,504 | [IR] trending (ADX 34.1) -> trend-following strategy | Signal: HOLD | Shares held: 0.0 | Last price: $79.99
2026-10-06 18:05:38,504 | [IR] ACTION: No trade.
2026-10-06 18:05:38,590 | [IRM] trending (ADX 36.9) -> trend-following strategy | Signal: HOLD | Shares held: 0.0 | Last price: $117.25
2026-10-06 18:05:38,590 | [IRM] ACTION: No trade.
2026-10-06 18:05:38,675 | [ISRG] trending (ADX 25.3) -> trend-following strategy | Signal: HOLD | Shares held: 0.0 | Last price: $405.14
2026-10-06 18:05:38,675 | [ISRG] ACTION: No trade.
2026-10-06 18:05:38,763 | [IT] choppy/sideways (ADX 20.3) -> mean-reversion strategy | Signal: HOLD | Shares held: 0.0 | Last price: $186.24
2026-10-06 18:05:38,763 | [IT] ACTION: No trade.
2026-10-06 18:05:38,850 | [ITW] choppy/sideways (ADX 22.9) -> mean-reversion strategy | Signal: HOLD | Shares held: 0.0 | Last price: $268.69
2026-10-06 18:05:38,850 | [ITW] ACTION: No trade.
2026-10-06 18:05:38,938 | [IVZ] choppy/sideways (ADX 18.5) -> mean-reversion strategy | Signal: HOLD | Shares held: 0.0 | Last price: $30.34
2026-10-06 18:05:38,939 | [IVZ] ACTION: No trade.
2026-10-06 18:05:39,034 | [J] choppy/sideways (ADX 20.8) -> mean-reversion strategy | Signal: HOLD | Shares held: 0.0 | Last price: $140.12
2026-10-06 18:05:39,034 | [J] ACTION: No trade.
2026-10-06 18:05:39,122 | [JBHT] choppy/sideways (ADX 16.2) -> mean-reversion strategy | Signal: HOLD | Shares held: 0.0 | Last price: $226.53
2026-10-06 18:05:39,122 | [JBHT] ACTION: No trade.
2026-10-06 18:05:39,209 | [JBL] choppy/sideways (ADX 12.8) -> mean-reversion strategy | Signal: HOLD | Shares held: 0.0 | Last price: $304.96
2026-10-06 18:05:39,209 | [JBL] ACTION: No trade.
2026-10-06 18:05:39,296 | [JCI] trending (ADX 31.5) -> trend-following strategy | Signal: HOLD | Shares held: 0.0 | Last price: $159.69
2026-10-06 18:05:39,296 | [JCI] ACTION: No trade.
2026-10-06 18:05:39,384 | [JKHY] choppy/sideways (ADX 9.7) -> mean-reversion strategy | Signal: HOLD | Shares held: 0.0 | Last price: $144.07
2026-10-06 18:05:39,385 | [JKHY] ACTION: No trade.
2026-10-06 18:05:39,416 | [JNJ] choppy/sideways (ADX 22.1) -> mean-reversion strategy | Signal: HOLD | Shares held: 0.0 | Last price: $254.65
2026-10-06 18:05:39,416 | [JNJ] ACTION: No trade.
2026-10-06 18:05:39,447 | [JPM] choppy/sideways (ADX 20.4) -> mean-reversion strategy | Signal: HOLD | Shares held: 0.0 | Last price: $331.25
2026-10-06 18:05:39,447 | [JPM] ACTION: No trade.
2026-10-06 18:05:39,534 | [KDP] trending (ADX 30.8) -> trend-following strategy | Signal: HOLD | Shares held: 0.0 | Last price: $31.14
2026-10-06 18:05:39,535 | [KDP] ACTION: No trade.
2026-10-06 18:05:39,621 | [KEY] choppy/sideways (ADX 21.4) -> mean-reversion strategy | Signal: HOLD | Shares held: 0.0 | Last price: $20.09
2026-10-06 18:05:39,621 | [KEY] ACTION: No trade.
2026-10-06 18:05:39,720 | [KEYS] choppy/sideways (ADX 12.9) -> mean-reversion strategy | Signal: HOLD | Shares held: 0.0 | Last price: $385.56
2026-10-06 18:05:39,720 | [KEYS] ACTION: No trade.
2026-10-06 18:05:39,811 | [KHC] trending (ADX 29.0) -> trend-following strategy | Signal: HOLD | Shares held: 0.0 | Last price: $22.05
2026-10-06 18:05:39,811 | [KHC] ACTION: No trade.
2026-10-06 18:05:39,899 | [KIM] choppy/sideways (ADX 24.9) -> mean-reversion strategy | Signal: HOLD | Shares held: 0.0 | Last price: $22.07
2026-10-06 18:05:39,899 | [KIM] ACTION: No trade.
2026-10-06 18:05:39,985 | [KKR] choppy/sideways (ADX 15.8) -> mean-reversion strategy | Signal: HOLD | Shares held: 0.0 | Last price: $90.53
2026-10-06 18:05:39,985 | [KKR] ACTION: No trade.
2026-10-06 18:05:40,070 | [KLAC] trending (ADX 27.4) -> trend-following strategy | Signal: HOLD | Shares held: 0.0 | Last price: $198.15
2026-10-06 18:05:40,070 | [KLAC] ACTION: No trade.
2026-10-06 18:05:40,157 | [KMB] trending (ADX 33.5) -> trend-following strategy | Signal: HOLD | Shares held: 0.0 | Last price: $96.09
2026-10-06 18:05:40,157 | [KMB] ACTION: No trade.
2026-10-06 18:05:40,244 | [KMI] trending (ADX 36.9) -> trend-following strategy | Signal: HOLD | Shares held: 0.0 | Last price: $32.16
2026-10-06 18:05:40,244 | [KMI] ACTION: No trade.
2026-10-06 18:05:40,275 | [KO] trending (ADX 29.6) -> trend-following strategy | Signal: HOLD | Shares held: 0.0 | Last price: $86.85
2026-10-06 18:05:40,276 | [KO] ACTION: No trade.
2026-10-06 18:05:40,361 | [KR] trending (ADX 34.3) -> trend-following strategy | Signal: HOLD | Shares held: 0.0 | Last price: $57.91
2026-10-06 18:05:40,361 | [KR] ACTION: No trade.
2026-10-06 18:05:40,447 | [KVUE] trending (ADX 35.6) -> trend-following strategy | Signal: HOLD | Shares held: 0.0 | Last price: $17.48
2026-10-06 18:05:40,447 | [KVUE] ACTION: No trade.
2026-10-06 18:05:40,532 | [L] choppy/sideways (ADX 18.4) -> mean-reversion strategy | Signal: HOLD | Shares held: 0.0 | Last price: $106.33
2026-10-06 18:05:40,532 | [L] ACTION: No trade.
2026-10-06 18:05:40,618 | [LDOS] choppy/sideways (ADX 19.9) -> mean-reversion strategy | Signal: HOLD | Shares held: 0.0 | Last price: $117.23
2026-10-06 18:05:40,618 | [LDOS] ACTION: No trade.
2026-10-06 18:05:40,704 | [LEN] trending (ADX 38.0) -> trend-following strategy | Signal: HOLD | Shares held: 0.0 | Last price: $77.53
2026-10-06 18:05:40,704 | [LEN] ACTION: No trade.
2026-10-06 18:05:40,789 | [LH] choppy/sideways (ADX 12.3) -> mean-reversion strategy | Signal: HOLD | Shares held: 0.0 | Last price: $307.45
2026-10-06 18:05:40,789 | [LH] ACTION: No trade.
2026-10-06 18:05:40,875 | [LHX] choppy/sideways (ADX 15.6) -> mean-reversion strategy | Signal: HOLD | Shares held: 0.0 | Last price: $239.28
2026-10-06 18:05:40,875 | [LHX] ACTION: No trade.
2026-10-06 18:05:40,960 | [LII] trending (ADX 26.9) -> trend-following strategy | Signal: HOLD | Shares held: 0.0 | Last price: $367.94
2026-10-06 18:05:40,960 | [LII] ACTION: No trade.
2026-10-06 18:05:41,045 | [LIN] trending (ADX 34.9) -> trend-following strategy | Signal: HOLD | Shares held: 0.0 | Last price: $491.37
2026-10-06 18:05:41,046 | [LIN] ACTION: No trade.
2026-10-06 18:05:41,131 | [LITE] trending (ADX 41.1) -> trend-following strategy | Signal: HOLD | Shares held: 0.0 | Last price: $1134.20
2026-10-06 18:05:41,131 | [LITE] ACTION: No trade.
2026-10-06 18:05:41,162 | [LLY] choppy/sideways (ADX 13.3) -> mean-reversion strategy | Signal: HOLD | Shares held: 0.0 | Last price: $1157.96
2026-10-06 18:05:41,162 | [LLY] ACTION: No trade.
2026-10-06 18:05:41,194 | [LMT] choppy/sideways (ADX 22.4) -> mean-reversion strategy | Signal: HOLD | Shares held: 0.0 | Last price: $510.14
2026-10-06 18:05:41,194 | [LMT] ACTION: No trade.
2026-10-06 18:05:41,280 | [LNT] trending (ADX 29.1) -> trend-following strategy | Signal: HOLD | Shares held: 0.0 | Last price: $65.03
2026-10-06 18:05:41,280 | [LNT] ACTION: No trade.
2026-10-06 18:05:41,311 | [LOW] trending (ADX 36.1) -> trend-following strategy | Signal: HOLD | Shares held: 0.0 | Last price: $182.75
2026-10-06 18:05:41,311 | [LOW] ACTION: No trade.
2026-10-06 18:05:41,399 | [LRCX] trending (ADX 38.0) -> trend-following strategy | Signal: HOLD | Shares held: 0.0 | Last price: $333.18
2026-10-06 18:05:41,399 | [LRCX] ACTION: No trade.
2026-10-06 18:05:41,484 | [LULU] trending (ADX 30.7) -> trend-following strategy | Signal: HOLD | Shares held: 0.0 | Last price: $93.93
2026-10-06 18:05:41,485 | [LULU] ACTION: No trade.
2026-10-06 18:05:41,576 | [LUV] choppy/sideways (ADX 20.5) -> mean-reversion strategy | Signal: HOLD | Shares held: 0.0 | Last price: $41.89
2026-10-06 18:05:41,576 | [LUV] ACTION: No trade.
2026-10-06 18:05:41,661 | [LVS] choppy/sideways (ADX 10.7) -> mean-reversion strategy | Signal: HOLD | Shares held: 0.0 | Last price: $36.42
2026-10-06 18:05:41,661 | [LVS] ACTION: No trade.
2026-10-06 18:05:41,749 | [LYB] choppy/sideways (ADX 12.9) -> mean-reversion strategy | Signal: HOLD | Shares held: 0.0 | Last price: $59.14
2026-10-06 18:05:41,749 | [LYB] ACTION: No trade.
2026-10-06 18:05:41,834 | [LYV] choppy/sideways (ADX 16.8) -> mean-reversion strategy | Signal: HOLD | Shares held: 0.0 | Last price: $172.48
2026-10-06 18:05:41,834 | [LYV] ACTION: No trade.
2026-10-06 18:05:41,865 | [MA] choppy/sideways (ADX 22.8) -> mean-reversion strategy | Signal: HOLD | Shares held: 0.0 | Last price: $565.42
2026-10-06 18:05:41,865 | [MA] ACTION: No trade.
2026-10-06 18:05:41,951 | [MAA] trending (ADX 27.5) -> trend-following strategy | Signal: HOLD | Shares held: 0.0 | Last price: $117.72
2026-10-06 18:05:41,951 | [MAA] ACTION: No trade.
2026-10-06 18:05:42,039 | [MAR] choppy/sideways (ADX 23.4) -> mean-reversion strategy | Signal: HOLD | Shares held: 0.0 | Last price: $359.85
2026-10-06 18:05:42,039 | [MAR] ACTION: No trade.
2026-10-06 18:05:42,182 | [MAS] trending (ADX 27.9) -> trend-following strategy | Signal: HOLD | Shares held: 0.0 | Last price: $69.69
2026-10-06 18:05:42,183 | [MAS] ACTION: No trade.
2026-10-06 18:05:42,215 | [MCD] choppy/sideways (ADX 14.8) -> mean-reversion strategy | Signal: HOLD | Shares held: 0.0 | Last price: $232.49
2026-10-06 18:05:42,215 | [MCD] ACTION: No trade.
2026-10-06 18:05:42,306 | [MCHP] choppy/sideways (ADX 13.8) -> mean-reversion strategy | Signal: HOLD | Shares held: 0.0 | Last price: $81.28
2026-10-06 18:05:42,306 | [MCHP] ACTION: No trade.
2026-10-06 18:05:42,392 | [MCK] trending (ADX 25.8) -> trend-following strategy | Signal: HOLD | Shares held: 0.0 | Last price: $921.23
2026-10-06 18:05:42,392 | [MCK] ACTION: No trade.
2026-10-06 18:05:42,478 | [MCO] trending (ADX 32.3) -> trend-following strategy | Signal: HOLD | Shares held: 0.0 | Last price: $454.38
2026-10-06 18:05:42,478 | [MCO] ACTION: No trade.
2026-10-06 18:05:42,564 | [MDLZ] trending (ADX 34.4) -> trend-following strategy | Signal: HOLD | Shares held: 0.0 | Last price: $59.26
2026-10-06 18:05:42,564 | [MDLZ] ACTION: No trade.
2026-10-06 18:05:42,650 | [MDT] trending (ADX 25.1) -> trend-following strategy | Signal: HOLD | Shares held: 0.0 | Last price: $86.94
2026-10-06 18:05:42,651 | [MDT] ACTION: No trade.
2026-10-06 18:05:42,737 | [MET] trending (ADX 30.8) -> trend-following strategy | Signal: HOLD | Shares held: 0.0 | Last price: $97.57
2026-10-06 18:05:42,737 | [MET] ACTION: No trade.
2026-10-06 18:05:42,768 | [META] choppy/sideways (ADX 21.7) -> mean-reversion strategy | Signal: HOLD | Shares held: 0.0 | Last price: $742.75
2026-10-06 18:05:42,768 | [META] ACTION: No trade.
2026-10-06 18:05:42,860 | [MGM] choppy/sideways (ADX 24.9) -> mean-reversion strategy | Signal: HOLD | Shares held: 0.0 | Last price: $30.59
2026-10-06 18:05:42,860 | [MGM] ACTION: No trade.
2026-10-06 18:05:42,946 | [MKC] trending (ADX 35.4) -> trend-following strategy | Signal: HOLD | Shares held: 0.0 | Last price: $45.71
2026-10-06 18:05:42,947 | [MKC] ACTION: No trade.
2026-10-06 18:05:43,034 | [MLM] trending (ADX 31.3) -> trend-following strategy | Signal: HOLD | Shares held: 0.0 | Last price: $490.90
2026-10-06 18:05:43,034 | [MLM] ACTION: No trade.
2026-10-06 18:05:43,065 | [MMM] choppy/sideways (ADX 15.8) -> mean-reversion strategy | Signal: HOLD | Shares held: 0.0 | Last price: $163.52
2026-10-06 18:05:43,065 | [MMM] ACTION: No trade.
2026-10-06 18:05:43,150 | [MNST] trending (ADX 36.7) -> trend-following strategy | Signal: HOLD | Shares held: 0.0 | Last price: $43.02
2026-10-06 18:05:43,150 | [MNST] ACTION: No trade.
2026-10-06 18:05:43,234 | [MO] trending (ADX 27.6) -> trend-following strategy | Signal: HOLD | Shares held: 0.0 | Last price: $68.41
2026-10-06 18:05:43,234 | [MO] ACTION: No trade.
2026-10-06 18:05:43,321 | [MOS] trending (ADX 25.4) -> trend-following strategy | Signal: HOLD | Shares held: 0.0 | Last price: $21.05
2026-10-06 18:05:43,321 | [MOS] ACTION: No trade.
2026-10-06 18:05:43,407 | [MPC] choppy/sideways (ADX 19.4) -> mean-reversion strategy | Signal: HOLD | Shares held: 0.0 | Last price: $434.07
2026-10-06 18:05:43,408 | [MPC] ACTION: No trade.
2026-10-06 18:05:43,494 | [MPWR] trending (ADX 30.5) -> trend-following strategy | Signal: HOLD | Shares held: 0.0 | Last price: $1474.44
2026-10-06 18:05:43,494 | [MPWR] ACTION: No trade.
2026-10-06 18:05:43,527 | [MRK] choppy/sideways (ADX 18.7) -> mean-reversion strategy | Signal: HOLD | Shares held: 0.0 | Last price: $140.67
2026-10-06 18:05:43,527 | [MRK] ACTION: No trade.
2026-10-06 18:05:43,612 | [MRNA] choppy/sideways (ADX 17.4) -> mean-reversion strategy | Signal: HOLD | Shares held: 0.0 | Last price: $190.16
2026-10-06 18:05:43,612 | [MRNA] ACTION: No trade.
2026-10-06 18:05:43,698 | [MRSH] choppy/sideways (ADX 13.2) -> mean-reversion strategy | Signal: HOLD | Shares held: 0.0 | Last price: $171.71
2026-10-06 18:05:43,698 | [MRSH] ACTION: No trade.
2026-10-06 18:05:43,785 | [MRVL] trending (ADX 35.0) -> trend-following strategy | Signal: HOLD | Shares held: 0.0 | Last price: $288.81
2026-10-06 18:05:43,785 | [MRVL] ACTION: No trade.
2026-10-06 18:05:43,817 | [MS] choppy/sideways (ADX 12.7) -> mean-reversion strategy | Signal: HOLD | Shares held: 0.0 | Last price: $191.26
2026-10-06 18:05:43,817 | [MS] ACTION: No trade.
2026-10-06 18:05:43,904 | [MSCI] trending (ADX 42.5) -> trend-following strategy | Signal: HOLD | Shares held: 0.0 | Last price: $556.32
2026-10-06 18:05:43,905 | [MSCI] ACTION: No trade.
2026-10-06 18:05:43,936 | [MSFT] choppy/sideways (ADX 23.3) -> mean-reversion strategy | Signal: HOLD | Shares held: 0.0 | Last price: $531.71
2026-10-06 18:05:43,936 | [MSFT] ACTION: No trade.
2026-10-06 18:05:44,024 | [MSI] choppy/sideways (ADX 21.0) -> mean-reversion strategy | Signal: HOLD | Shares held: 0.0 | Last price: $455.56
2026-10-06 18:05:44,024 | [MSI] ACTION: No trade.
2026-10-06 18:05:44,114 | [MTB] choppy/sideways (ADX 23.5) -> mean-reversion strategy | Signal: HOLD | Shares held: 0.0 | Last price: $218.56
2026-10-06 18:05:44,114 | [MTB] ACTION: No trade.
2026-10-06 18:05:44,199 | [MTD] trending (ADX 28.8) -> trend-following strategy | Signal: HOLD | Shares held: 0.0 | Last price: $1535.87
2026-10-06 18:05:44,199 | [MTD] ACTION: No trade.
2026-10-06 18:05:44,231 | [MU] choppy/sideways (ADX 24.7) -> mean-reversion strategy | Signal: HOLD | Shares held: 0.0 | Last price: $1066.30
2026-10-06 18:05:44,231 | [MU] ACTION: No trade.
2026-10-06 18:05:44,316 | [NCLH] trending (ADX 34.4) -> trend-following strategy | Signal: HOLD | Shares held: 0.0 | Last price: $15.52
2026-10-06 18:05:44,317 | [NCLH] ACTION: No trade.
2026-10-06 18:05:44,403 | [NDAQ] trending (ADX 28.4) -> trend-following strategy | Signal: HOLD | Shares held: 0.0 | Last price: $93.16
2026-10-06 18:05:44,403 | [NDAQ] ACTION: No trade.
2026-10-06 18:05:44,488 | [NDSN] choppy/sideways (ADX 20.9) -> mean-reversion strategy | Signal: HOLD | Shares held: 0.0 | Last price: $336.78
2026-10-06 18:05:44,488 | [NDSN] ACTION: No trade.
2026-10-06 18:05:44,574 | [NEE] trending (ADX 31.6) -> trend-following strategy | Signal: HOLD | Shares held: 0.0 | Last price: $77.34
2026-10-06 18:05:44,575 | [NEE] ACTION: No trade.
2026-10-06 18:05:44,660 | [NEM] choppy/sideways (ADX 20.9) -> mean-reversion strategy | Signal: HOLD | Shares held: 0.0 | Last price: $116.97
2026-10-06 18:05:44,660 | [NEM] ACTION: No trade.
2026-10-06 18:05:44,691 | [NFLX] trending (ADX 34.6) -> trend-following strategy | Signal: HOLD | Shares held: 0.0 | Last price: $68.11
2026-10-06 18:05:44,692 | [NFLX] ACTION: No trade.
2026-10-06 18:05:44,778 | [NI] trending (ADX 53.5) -> trend-following strategy | Signal: HOLD | Shares held: 0.0 | Last price: $40.48
2026-10-06 18:05:44,778 | [NI] ACTION: No trade.
2026-10-06 18:05:44,809 | [NKE] choppy/sideways (ADX 22.1) -> mean-reversion strategy | Signal: HOLD | Shares held: 0.0 | Last price: $34.35
2026-10-06 18:05:44,809 | [NKE] ACTION: No trade.
2026-10-06 18:05:44,895 | [NOC] choppy/sideways (ADX 24.1) -> mean-reversion strategy | Signal: HOLD | Shares held: 0.0 | Last price: $485.51
2026-10-06 18:05:44,895 | [NOC] ACTION: No trade.
2026-10-06 18:05:44,926 | [NOW] choppy/sideways (ADX 18.9) -> mean-reversion strategy | Signal: HOLD | Shares held: 0.0 | Last price: $136.91
2026-10-06 18:05:44,926 | [NOW] ACTION: No trade.
2026-10-06 18:05:45,022 | [NRG] trending (ADX 51.1) -> trend-following strategy | Signal: HOLD | Shares held: 0.0 | Last price: $105.02
2026-10-06 18:05:45,022 | [NRG] ACTION: No trade.
2026-10-06 18:05:45,108 | [NSC] choppy/sideways (ADX 17.9) -> mean-reversion strategy | Signal: HOLD | Shares held: 0.0 | Last price: $315.16
2026-10-06 18:05:45,108 | [NSC] ACTION: No trade.
2026-10-06 18:05:45,196 | [NTAP] trending (ADX 31.7) -> trend-following strategy | Signal: HOLD | Shares held: 0.0 | Last price: $229.35
2026-10-06 18:05:45,196 | [NTAP] ACTION: No trade.
2026-10-06 18:05:45,286 | [NTRS] choppy/sideways (ADX 25.0) -> mean-reversion strategy | Signal: HOLD | Shares held: 0.0 | Last price: $169.64
2026-10-06 18:05:45,286 | [NTRS] ACTION: No trade.
2026-10-06 18:05:45,372 | [NUE] trending (ADX 26.4) -> trend-following strategy | Signal: HOLD | Shares held: 0.0 | Last price: $252.43
2026-10-06 18:05:45,372 | [NUE] ACTION: No trade.
2026-10-06 18:05:45,405 | [NVDA] trending (ADX 27.4) -> trend-following strategy | Signal: HOLD | Shares held: 0.0 | Last price: $239.97
2026-10-06 18:05:45,405 | [NVDA] ACTION: No trade.
2026-10-06 18:05:45,491 | [NVR] choppy/sideways (ADX 14.8) -> mean-reversion strategy | Signal: HOLD | Shares held: 0.0 | Last price: $6022.22
2026-10-06 18:05:45,492 | [NVR] ACTION: No trade.
2026-10-06 18:05:45,578 | [NWSA] trending (ADX 27.7) -> trend-following strategy | Signal: HOLD | Shares held: 0.0 | Last price: $28.42
2026-10-06 18:05:45,578 | [NWSA] ACTION: No trade.
2026-10-06 18:05:45,665 | [NXPI] choppy/sideways (ADX 24.7) -> mean-reversion strategy | Signal: HOLD | Shares held: 0.0 | Last price: $243.31
2026-10-06 18:05:45,665 | [NXPI] ACTION: No trade.
2026-10-06 18:05:45,752 | [O] choppy/sideways (ADX 9.4) -> mean-reversion strategy | Signal: HOLD | Shares held: 0.0 | Last price: $54.05
2026-10-06 18:05:45,752 | [O] ACTION: No trade.
2026-10-06 18:05:48,892 | [ODFL] choppy/sideways (ADX 20.9) -> mean-reversion strategy | Signal: HOLD | Shares held: 0.0 | Last price: $179.06
2026-10-06 18:05:48,893 | [ODFL] ACTION: No trade.
2026-10-06 18:05:48,978 | [OKE] choppy/sideways (ADX 20.8) -> mean-reversion strategy | Signal: HOLD | Shares held: 0.0 | Last price: $89.96
2026-10-06 18:05:48,978 | [OKE] ACTION: No trade.
2026-10-06 18:05:49,064 | [OMC] choppy/sideways (ADX 18.1) -> mean-reversion strategy | Signal: HOLD | Shares held: 0.0 | Last price: $74.69
2026-10-06 18:05:49,064 | [OMC] ACTION: No trade.
2026-10-06 18:05:49,149 | [ON] trending (ADX 34.2) -> trend-following strategy | Signal: HOLD | Shares held: 0.0 | Last price: $86.33
2026-10-06 18:05:49,149 | [ON] ACTION: No trade.
2026-10-06 18:05:49,180 | [ORCL] trending (ADX 32.1) -> trend-following strategy | Signal: HOLD | Shares held: 0.0 | Last price: $146.28
2026-10-06 18:05:49,181 | [ORCL] ACTION: No trade.
2026-10-06 18:05:49,267 | [ORLY] choppy/sideways (ADX 16.4) -> mean-reversion strategy | Signal: HOLD | Shares held: 0.0 | Last price: $85.16
2026-10-06 18:05:49,268 | [ORLY] ACTION: No trade.
2026-10-06 18:05:49,353 | [OTIS] trending (ADX 35.1) -> trend-following strategy | Signal: HOLD | Shares held: 0.0 | Last price: $66.25
2026-10-06 18:05:49,354 | [OTIS] ACTION: No trade.
2026-10-06 18:05:49,439 | [OXY] choppy/sideways (ADX 13.9) -> mean-reversion strategy | Signal: HOLD | Shares held: 0.0 | Last price: $58.76
2026-10-06 18:05:49,440 | [OXY] ACTION: No trade.
2026-10-06 18:05:49,526 | [P] trending (ADX 41.5) -> trend-following strategy | Signal: HOLD | Shares held: 0.0 | Last price: $147.69
2026-10-06 18:05:49,526 | [P] ACTION: No trade.
2026-10-06 18:05:49,557 | [PANW] trending (ADX 28.4) -> trend-following strategy | Signal: HOLD | Shares held: 0.0 | Last price: $419.12
2026-10-06 18:05:49,557 | [PANW] ACTION: No trade.
2026-10-06 18:05:49,644 | [PAYX] trending (ADX 26.0) -> trend-following strategy | Signal: HOLD | Shares held: 0.0 | Last price: $100.59
2026-10-06 18:05:49,644 | [PAYX] ACTION: No trade.
2026-10-06 18:05:49,731 | [PCAR] choppy/sideways (ADX 19.2) -> mean-reversion strategy | Signal: HOLD | Shares held: 0.0 | Last price: $109.04
2026-10-06 18:05:49,731 | [PCAR] ACTION: No trade.
2026-10-06 18:05:49,817 | [PCG] choppy/sideways (ADX 17.9) -> mean-reversion strategy | Signal: HOLD | Shares held: 0.0 | Last price: $12.43
2026-10-06 18:05:49,817 | [PCG] ACTION: No trade.
2026-10-06 18:05:49,905 | [PEG] trending (ADX 62.8) -> trend-following strategy | Signal: HOLD | Shares held: 0.0 | Last price: $71.55
2026-10-06 18:05:49,905 | [PEG] ACTION: No trade.
2026-10-06 18:05:49,937 | [PEP] trending (ADX 31.1) -> trend-following strategy | Signal: HOLD | Shares held: 0.0 | Last price: $125.47
2026-10-06 18:05:49,937 | [PEP] ACTION: No trade.
2026-10-06 18:05:49,969 | [PFE] choppy/sideways (ADX 18.1) -> mean-reversion strategy | Signal: HOLD | Shares held: 0.0 | Last price: $27.31
2026-10-06 18:05:49,969 | [PFE] ACTION: No trade.
2026-10-06 18:05:50,058 | [PFG] trending (ADX 32.0) -> trend-following strategy | Signal: HOLD | Shares held: 0.0 | Last price: $110.42
2026-10-06 18:05:50,059 | [PFG] ACTION: No trade.
2026-10-06 18:05:50,091 | [PG] trending (ADX 50.5) -> trend-following strategy | Signal: HOLD | Shares held: 0.0 | Last price: $148.67
2026-10-06 18:05:50,091 | [PG] ACTION: No trade.
2026-10-06 18:05:50,176 | [PGR] trending (ADX 27.7) -> trend-following strategy | Signal: HOLD | Shares held: 0.0 | Last price: $212.35
2026-10-06 18:05:50,176 | [PGR] ACTION: No trade.
2026-10-06 18:05:50,261 | [PH] choppy/sideways (ADX 20.5) -> mean-reversion strategy | Signal: HOLD | Shares held: 0.0 | Last price: $989.65
2026-10-06 18:05:50,261 | [PH] ACTION: No trade.
2026-10-06 18:05:53,400 | [PHM] trending (ADX 29.5) -> trend-following strategy | Signal: HOLD | Shares held: 0.0 | Last price: $116.12
2026-10-06 18:05:53,400 | [PHM] ACTION: No trade.
2026-10-06 18:05:53,486 | [PKG] choppy/sideways (ADX 22.7) -> mean-reversion strategy | Signal: HOLD | Shares held: 0.0 | Last price: $230.44
2026-10-06 18:05:53,486 | [PKG] ACTION: No trade.
2026-10-06 18:05:53,574 | [PLD] choppy/sideways (ADX 15.2) -> mean-reversion strategy | Signal: HOLD | Shares held: 0.0 | Last price: $129.31
2026-10-06 18:05:53,574 | [PLD] ACTION: No trade.
2026-10-06 18:05:53,606 | [PLTR] choppy/sideways (ADX 20.0) -> mean-reversion strategy | Signal: HOLD | Shares held: 0.0 | Last price: $192.38
2026-10-06 18:05:53,606 | [PLTR] ACTION: No trade.
2026-10-06 18:05:53,638 | [PM] choppy/sideways (ADX 16.6) -> mean-reversion strategy | Signal: HOLD | Shares held: 0.0 | Last price: $190.58
2026-10-06 18:05:53,638 | [PM] ACTION: No trade.
2026-10-06 18:05:53,724 | [PNC] choppy/sideways (ADX 17.2) -> mean-reversion strategy | Signal: HOLD | Shares held: 0.0 | Last price: $219.75
2026-10-06 18:05:53,724 | [PNC] ACTION: No trade.
2026-10-06 18:05:53,811 | [PNR] choppy/sideways (ADX 14.8) -> mean-reversion strategy | Signal: HOLD | Shares held: 0.0 | Last price: $53.05
2026-10-06 18:05:53,811 | [PNR] ACTION: No trade.
2026-10-06 18:05:53,897 | [PNW] trending (ADX 35.4) -> trend-following strategy | Signal: HOLD | Shares held: 0.0 | Last price: $97.78
2026-10-06 18:05:53,897 | [PNW] ACTION: No trade.
2026-10-06 18:05:53,982 | [PODD] trending (ADX 35.5) -> trend-following strategy | Signal: HOLD | Shares held: 0.0 | Last price: $135.44
2026-10-06 18:05:53,982 | [PODD] ACTION: No trade.
2026-10-06 18:05:54,068 | [PPG] trending (ADX 30.5) -> trend-following strategy | Signal: HOLD | Shares held: 0.0 | Last price: $106.44
2026-10-06 18:05:54,068 | [PPG] ACTION: No trade.
2026-10-06 18:05:54,155 | [PPL] trending (ADX 44.8) -> trend-following strategy | Signal: HOLD | Shares held: 0.0 | Last price: $33.54
2026-10-06 18:05:54,155 | [PPL] ACTION: No trade.
2026-10-06 18:05:54,246 | [PRU] choppy/sideways (ADX 22.1) -> mean-reversion strategy | Signal: HOLD | Shares held: 0.0 | Last price: $113.84
2026-10-06 18:05:54,246 | [PRU] ACTION: No trade.
2026-10-06 18:05:54,332 | [PSA] trending (ADX 26.2) -> trend-following strategy | Signal: HOLD | Shares held: 0.0 | Last price: $286.72
2026-10-06 18:05:54,333 | [PSA] ACTION: No trade.
2026-10-06 18:05:54,419 | [PSX] choppy/sideways (ADX 13.1) -> mean-reversion strategy | Signal: HOLD | Shares held: 0.0 | Last price: $271.06
2026-10-06 18:05:54,419 | [PSX] ACTION: No trade.
2026-10-06 18:05:54,505 | [PTC] trending (ADX 67.6) -> trend-following strategy | Signal: HOLD | Shares held: 0.0 | Last price: $193.12
2026-10-06 18:05:54,505 | [PTC] ACTION: No trade.
2026-10-06 18:05:54,591 | [PWR] trending (ADX 37.8) -> trend-following strategy | Signal: HOLD | Shares held: 0.0 | Last price: $717.11
2026-10-06 18:05:54,591 | [PWR] ACTION: No trade.
2026-10-06 18:05:57,731 | [PYPL] trending (ADX 25.5) -> trend-following strategy | Signal: HOLD | Shares held: 0.0 | Last price: $54.73
2026-10-06 18:05:57,731 | [PYPL] ACTION: No trade.
2026-10-06 18:05:57,817 | [Q] choppy/sideways (ADX 15.7) -> mean-reversion strategy | Signal: HOLD | Shares held: 0.0 | Last price: $132.13
2026-10-06 18:05:57,817 | [Q] ACTION: No trade.
2026-10-06 18:05:57,848 | [QCOM] trending (ADX 28.1) -> trend-following strategy | Signal: BUY | Shares held: 0.0 | Last price: $181.65
2026-10-06 18:05:57,848 | [QCOM] ACTION: No trade (within the historically weak 210-270 min-since-open entry window).
2026-10-06 18:05:57,934 | [RCL] trending (ADX 44.6) -> trend-following strategy | Signal: HOLD | Shares held: 0.0 | Last price: $286.92
2026-10-06 18:05:57,935 | [RCL] ACTION: No trade.
2026-10-06 18:05:58,020 | [RDDT] choppy/sideways (ADX 11.9) -> mean-reversion strategy | Signal: HOLD | Shares held: 0.0 | Last price: $148.66
2026-10-06 18:05:58,021 | [RDDT] ACTION: No trade.
2026-10-06 18:05:58,106 | [REGN] choppy/sideways (ADX 15.6) -> mean-reversion strategy | Signal: HOLD | Shares held: 0.0 | Last price: $731.10
2026-10-06 18:05:58,106 | [REGN] ACTION: No trade.
2026-10-06 18:05:58,193 | [RF] choppy/sideways (ADX 19.1) -> mean-reversion strategy | Signal: HOLD | Shares held: 0.0 | Last price: $27.07
2026-10-06 18:05:58,193 | [RF] ACTION: No trade.
2026-10-06 18:05:58,279 | [RJF] trending (ADX 27.1) -> trend-following strategy | Signal: HOLD | Shares held: 0.0 | Last price: $159.95
2026-10-06 18:05:58,279 | [RJF] ACTION: No trade.
2026-10-06 18:05:58,367 | [RL] choppy/sideways (ADX 17.7) -> mean-reversion strategy | Signal: HOLD | Shares held: 0.0 | Last price: $364.89
2026-10-06 18:05:58,367 | [RL] ACTION: No trade.
2026-10-06 18:05:58,453 | [RMD] choppy/sideways (ADX 19.3) -> mean-reversion strategy | Signal: HOLD | Shares held: 0.0 | Last price: $221.29
2026-10-06 18:05:58,453 | [RMD] ACTION: No trade.
2026-10-06 18:05:58,538 | [ROK] choppy/sideways (ADX 17.3) -> mean-reversion strategy | Signal: HOLD | Shares held: 0.0 | Last price: $456.79
2026-10-06 18:05:58,538 | [ROK] ACTION: No trade.
2026-10-06 18:05:58,628 | [ROL] trending (ADX 35.8) -> trend-following strategy | Signal: HOLD | Shares held: 0.0 | Last price: $30.21
2026-10-06 18:05:58,628 | [ROL] ACTION: No trade.
2026-10-06 18:05:58,713 | [ROP] choppy/sideways (ADX 20.4) -> mean-reversion strategy | Signal: HOLD | Shares held: 0.0 | Last price: $361.32
2026-10-06 18:05:58,713 | [ROP] ACTION: No trade.
2026-10-06 18:05:58,798 | [ROST] trending (ADX 28.8) -> trend-following strategy | Signal: HOLD | Shares held: 0.0 | Last price: $222.27
2026-10-06 18:05:58,799 | [ROST] ACTION: No trade.
2026-10-06 18:05:58,886 | [RSG] trending (ADX 47.9) -> trend-following strategy | Signal: HOLD | Shares held: 0.0 | Last price: $215.18
2026-10-06 18:05:58,886 | [RSG] ACTION: No trade.
2026-10-06 18:05:58,917 | [RTX] choppy/sideways (ADX 16.4) -> mean-reversion strategy | Signal: HOLD | Shares held: 0.0 | Last price: $183.76
2026-10-06 18:05:58,917 | [RTX] ACTION: No trade.
2026-10-06 18:05:59,004 | [RVTY] choppy/sideways (ADX 14.5) -> mean-reversion strategy | Signal: HOLD | Shares held: 0.0 | Last price: $153.89
2026-10-06 18:05:59,005 | [RVTY] ACTION: No trade.
2026-10-06 18:06:02,144 | [SBAC] trending (ADX 47.6) -> trend-following strategy | Signal: HOLD | Shares held: 0.0 | Last price: $167.63
2026-10-06 18:06:02,144 | [SBAC] ACTION: No trade.
2026-10-06 18:06:02,175 | [SBUX] choppy/sideways (ADX 21.2) -> mean-reversion strategy | Signal: HOLD | Shares held: 0.0 | Last price: $95.76
2026-10-06 18:06:02,175 | [SBUX] ACTION: No trade.
2026-10-06 18:06:02,206 | [SCHW] choppy/sideways (ADX 23.8) -> mean-reversion strategy | Signal: HOLD | Shares held: 0.0 | Last price: $97.12
2026-10-06 18:06:02,206 | [SCHW] ACTION: No trade.
2026-10-06 18:06:02,291 | [SHW] choppy/sideways (ADX 17.8) -> mean-reversion strategy | Signal: HOLD | Shares held: 0.0 | Last price: $321.99
2026-10-06 18:06:02,291 | [SHW] ACTION: No trade.
2026-10-06 18:06:02,383 | [SJM] choppy/sideways (ADX 15.6) -> mean-reversion strategy | Signal: HOLD | Shares held: 0.0 | Last price: $116.76
2026-10-06 18:06:02,383 | [SJM] ACTION: No trade.
2026-10-06 18:06:02,414 | [SLB] choppy/sideways (ADX 19.5) -> mean-reversion strategy | Signal: HOLD | Shares held: 0.0 | Last price: $50.12
2026-10-06 18:06:02,414 | [SLB] ACTION: No trade.
2026-10-06 18:06:02,445 | [SMCI] choppy/sideways (ADX 17.6) -> mean-reversion strategy | Signal: HOLD | Shares held: 0.0 | Last price: $43.60
2026-10-06 18:06:02,445 | [SMCI] ACTION: No trade.
2026-10-06 18:06:02,530 | [SNDK] trending (ADX 33.7) -> trend-following strategy | Signal: HOLD | Shares held: 0.0 | Last price: $1675.85
2026-10-06 18:06:02,531 | [SNDK] ACTION: No trade.
2026-10-06 18:06:02,619 | [SNPS] trending (ADX 34.8) -> trend-following strategy | Signal: HOLD | Shares held: 0.0 | Last price: $503.99
2026-10-06 18:06:02,619 | [SNPS] ACTION: No trade.
2026-10-06 18:06:02,705 | [SO] trending (ADX 30.4) -> trend-following strategy | Signal: HOLD | Shares held: 0.0 | Last price: $84.82
2026-10-06 18:06:02,705 | [SO] ACTION: No trade.
2026-10-06 18:06:02,792 | [SPG] choppy/sideways (ADX 11.6) -> mean-reversion strategy | Signal: HOLD | Shares held: 0.0 | Last price: $201.72
2026-10-06 18:06:02,792 | [SPG] ACTION: No trade.
2026-10-06 18:06:02,877 | [SPGI] trending (ADX 50.0) -> trend-following strategy | Signal: HOLD | Shares held: 0.0 | Last price: $397.06
2026-10-06 18:06:02,877 | [SPGI] ACTION: No trade.
2026-10-06 18:06:02,963 | [SRE] trending (ADX 38.6) -> trend-following strategy | Signal: HOLD | Shares held: 0.0 | Last price: $79.41
2026-10-06 18:06:02,963 | [SRE] ACTION: No trade.
2026-10-06 18:06:03,052 | [STE] choppy/sideways (ADX 18.9) -> mean-reversion strategy | Signal: HOLD | Shares held: 0.0 | Last price: $209.62
2026-10-06 18:06:03,052 | [STE] ACTION: No trade.
2026-10-06 18:06:03,138 | [STLD] choppy/sideways (ADX 24.5) -> mean-reversion strategy | Signal: HOLD | Shares held: 0.0 | Last price: $240.15
2026-10-06 18:06:03,138 | [STLD] ACTION: No trade.
2026-10-06 18:06:03,225 | [STT] choppy/sideways (ADX 24.2) -> mean-reversion strategy | Signal: HOLD | Shares held: 0.0 | Last price: $175.32
2026-10-06 18:06:03,225 | [STT] ACTION: No trade.
2026-10-06 18:06:03,328 | [STX] trending (ADX 50.5) -> trend-following strategy | Signal: HOLD | Shares held: 0.0 | Last price: $804.13
2026-10-06 18:06:03,329 | [STX] ACTION: No trade.
2026-10-06 18:06:03,417 | [STZ] trending (ADX 29.4) -> trend-following strategy | Signal: HOLD | Shares held: 0.0 | Last price: $115.61
2026-10-06 18:06:03,417 | [STZ] ACTION: No trade.
2026-10-06 18:06:06,576 | [SW] choppy/sideways (ADX 12.6) -> mean-reversion strategy | Signal: HOLD | Shares held: 0.0 | Last price: $42.57
2026-10-06 18:06:06,576 | [SW] ACTION: No trade.
2026-10-06 18:06:06,660 | [SWK] choppy/sideways (ADX 12.3) -> mean-reversion strategy | Signal: HOLD | Shares held: 0.0 | Last price: $90.48
2026-10-06 18:06:06,660 | [SWK] ACTION: No trade.
2026-10-06 18:06:06,747 | [SWKS] choppy/sideways (ADX 11.3) -> mean-reversion strategy | Signal: HOLD | Shares held: 0.0 | Last price: $81.41
2026-10-06 18:06:06,747 | [SWKS] ACTION: No trade.
2026-10-06 18:06:06,832 | [SYF] choppy/sideways (ADX 17.6) -> mean-reversion strategy | Signal: HOLD | Shares held: 0.0 | Last price: $71.84
2026-10-06 18:06:06,832 | [SYF] ACTION: No trade.
2026-10-06 18:06:06,920 | [SYK] trending (ADX 43.0) -> trend-following strategy | Signal: HOLD | Shares held: 0.0 | Last price: $279.86
2026-10-06 18:06:06,920 | [SYK] ACTION: No trade.
2026-10-06 18:06:07,006 | [SYY] choppy/sideways (ADX 19.2) -> mean-reversion strategy | Signal: HOLD | Shares held: 0.0 | Last price: $77.06
2026-10-06 18:06:07,006 | [SYY] ACTION: No trade.
2026-10-06 18:06:07,036 | [T] choppy/sideways (ADX 21.5) -> mean-reversion strategy | Signal: HOLD | Shares held: 0.0 | Last price: $24.28
2026-10-06 18:06:07,036 | [T] ACTION: No trade.
2026-10-06 18:06:07,121 | [TDG] choppy/sideways (ADX 22.5) -> mean-reversion strategy | Signal: HOLD | Shares held: 0.0 | Last price: $1107.58
2026-10-06 18:06:07,121 | [TDG] ACTION: No trade.
2026-10-06 18:06:07,207 | [TDY] choppy/sideways (ADX 14.0) -> mean-reversion strategy | Signal: HOLD | Shares held: 0.0 | Last price: $623.84
2026-10-06 18:06:07,207 | [TDY] ACTION: No trade.
2026-10-06 18:06:07,291 | [TECH] choppy/sideways (ADX 17.3) -> mean-reversion strategy | Signal: HOLD | Shares held: 0.0 | Last price: $72.45
2026-10-06 18:06:07,291 | [TECH] ACTION: No trade.
2026-10-06 18:06:07,376 | [TEL] choppy/sideways (ADX 15.5) -> mean-reversion strategy | Signal: HOLD | Shares held: 0.0 | Last price: $221.22
2026-10-06 18:06:07,376 | [TEL] ACTION: No trade.
2026-10-06 18:06:07,461 | [TER] trending (ADX 36.7) -> trend-following strategy | Signal: HOLD | Shares held: 0.0 | Last price: $430.87
2026-10-06 18:06:07,461 | [TER] ACTION: No trade.
2026-10-06 18:06:07,546 | [TFC] choppy/sideways (ADX 17.3) -> mean-reversion strategy | Signal: HOLD | Shares held: 0.0 | Last price: $46.30
2026-10-06 18:06:07,547 | [TFC] ACTION: No trade.
2026-10-06 18:06:07,632 | [TGT] choppy/sideways (ADX 16.1) -> mean-reversion strategy | Signal: HOLD | Shares held: 0.0 | Last price: $153.15
2026-10-06 18:06:07,632 | [TGT] ACTION: No trade.
2026-10-06 18:06:07,718 | [TJX] trending (ADX 27.7) -> trend-following strategy | Signal: HOLD | Shares held: 0.0 | Last price: $135.75
2026-10-06 18:06:07,718 | [TJX] ACTION: No trade.
2026-10-06 18:06:07,802 | [TKO] choppy/sideways (ADX 17.4) -> mean-reversion strategy | Signal: HOLD | Shares held: 0.0 | Last price: $176.31
2026-10-06 18:06:07,803 | [TKO] ACTION: No trade.
2026-10-06 18:06:07,833 | [TMO] choppy/sideways (ADX 16.1) -> mean-reversion strategy | Signal: HOLD | Shares held: 0.0 | Last price: $662.72
2026-10-06 18:06:07,833 | [TMO] ACTION: No trade.
2026-10-06 18:06:07,864 | [TMUS] choppy/sideways (ADX 9.3) -> mean-reversion strategy | Signal: HOLD | Shares held: 0.0 | Last price: $164.08
2026-10-06 18:06:07,864 | [TMUS] ACTION: No trade.
2026-10-06 18:06:07,952 | [TPL] trending (ADX 34.5) -> trend-following strategy | Signal: HOLD | Shares held: 0.0 | Last price: $356.41
2026-10-06 18:06:07,952 | [TPL] ACTION: No trade.
2026-10-06 18:06:11,090 | [TPR] choppy/sideways (ADX 17.6) -> mean-reversion strategy | Signal: HOLD | Shares held: 0.0 | Last price: $115.54
2026-10-06 18:06:11,090 | [TPR] ACTION: No trade.
2026-10-06 18:06:11,174 | [TRGP] choppy/sideways (ADX 25.0) -> mean-reversion strategy | Signal: HOLD | Shares held: 0.0 | Last price: $286.05
2026-10-06 18:06:11,174 | [TRGP] ACTION: No trade.
2026-10-06 18:06:11,260 | [TRMB] trending (ADX 35.4) -> trend-following strategy | Signal: HOLD | Shares held: 0.0 | Last price: $60.84
2026-10-06 18:06:11,260 | [TRMB] ACTION: No trade.
2026-10-06 18:06:11,344 | [TROW] trending (ADX 25.6) -> trend-following strategy | Signal: HOLD | Shares held: 0.0 | Last price: $103.79
2026-10-06 18:06:11,344 | [TROW] ACTION: No trade.
2026-10-06 18:06:11,429 | [TRV] choppy/sideways (ADX 12.9) -> mean-reversion strategy | Signal: HOLD | Shares held: 0.0 | Last price: $360.33
2026-10-06 18:06:11,429 | [TRV] ACTION: No trade.
2026-10-06 18:06:11,516 | [TSCO] trending (ADX 53.1) -> trend-following strategy | Signal: HOLD | Shares held: 0.0 | Last price: $32.37
2026-10-06 18:06:11,516 | [TSCO] ACTION: No trade.
2026-10-06 18:06:11,547 | [TSLA] trending (ADX 28.3) -> trend-following strategy | Signal: HOLD | Shares held: 0.0 | Last price: $380.00
2026-10-06 18:06:11,547 | [TSLA] ACTION: No trade.
2026-10-06 18:06:11,635 | [TSN] choppy/sideways (ADX 24.8) -> mean-reversion strategy | Signal: HOLD | Shares held: 0.0 | Last price: $52.06
2026-10-06 18:06:11,635 | [TSN] ACTION: No trade.
2026-10-06 18:06:11,721 | [TT] trending (ADX 34.7) -> trend-following strategy | Signal: HOLD | Shares held: 0.0 | Last price: $478.02
2026-10-06 18:06:11,721 | [TT] ACTION: No trade.
2026-10-06 18:06:11,806 | [TTWO] choppy/sideways (ADX 21.7) -> mean-reversion strategy | Signal: HOLD | Shares held: 0.0 | Last price: $202.55
2026-10-06 18:06:11,806 | [TTWO] ACTION: No trade.
2026-10-06 18:06:11,837 | [TXN] trending (ADX 46.1) -> trend-following strategy | Signal: HOLD | Shares held: 0.0 | Last price: $297.79
2026-10-06 18:06:11,837 | [TXN] ACTION: No trade.
2026-10-06 18:06:11,925 | [TXT] choppy/sideways (ADX 20.0) -> mean-reversion strategy | Signal: HOLD | Shares held: 0.0 | Last price: $75.48
2026-10-06 18:06:11,925 | [TXT] ACTION: No trade.
2026-10-06 18:06:12,011 | [TYL] trending (ADX 26.9) -> trend-following strategy | Signal: HOLD | Shares held: 0.0 | Last price: $331.43
2026-10-06 18:06:12,011 | [TYL] ACTION: No trade.
2026-10-06 18:06:12,098 | [UAL] choppy/sideways (ADX 18.9) -> mean-reversion strategy | Signal: HOLD | Shares held: 0.0 | Last price: $110.83
2026-10-06 18:06:12,098 | [UAL] ACTION: No trade.
2026-10-06 18:06:12,184 | [UBER] choppy/sideways (ADX 20.3) -> mean-reversion strategy | Signal: HOLD | Shares held: 0.0 | Last price: $68.81
2026-10-06 18:06:12,184 | [UBER] ACTION: No trade.
2026-10-06 18:06:12,270 | [UDR] trending (ADX 31.6) -> trend-following strategy | Signal: HOLD | Shares held: 0.0 | Last price: $33.99
2026-10-06 18:06:12,270 | [UDR] ACTION: No trade.
2026-10-06 18:06:15,426 | [UHS] choppy/sideways (ADX 18.1) -> mean-reversion strategy | Signal: HOLD | Shares held: 0.0 | Last price: $175.57
2026-10-06 18:06:15,426 | [UHS] ACTION: No trade.
2026-10-06 18:06:15,512 | [ULTA] choppy/sideways (ADX 13.1) -> mean-reversion strategy | Signal: HOLD | Shares held: 0.0 | Last price: $543.67
2026-10-06 18:06:15,512 | [ULTA] ACTION: No trade.
2026-10-06 18:06:15,595 | [UNH] choppy/sideways (ADX 13.8) -> mean-reversion strategy | Signal: HOLD | Shares held: 0.0 | Last price: $374.05
2026-10-06 18:06:15,595 | [UNH] ACTION: No trade.
2026-10-06 18:06:15,680 | [UNP] choppy/sideways (ADX 16.1) -> mean-reversion strategy | Signal: HOLD | Shares held: 0.0 | Last price: $276.00
2026-10-06 18:06:15,680 | [UNP] ACTION: No trade.
2026-10-06 18:06:15,711 | [UPS] choppy/sideways (ADX 23.2) -> mean-reversion strategy | Signal: HOLD | Shares held: 0.0 | Last price: $92.80
2026-10-06 18:06:15,711 | [UPS] ACTION: No trade.
2026-10-06 18:06:15,795 | [URI] choppy/sideways (ADX 20.7) -> mean-reversion strategy | Signal: HOLD | Shares held: 0.0 | Last price: $1091.28
2026-10-06 18:06:15,795 | [URI] ACTION: No trade.
2026-10-06 18:06:15,880 | [USB] trending (ADX 27.1) -> trend-following strategy | Signal: HOLD | Shares held: 0.0 | Last price: $57.13
2026-10-06 18:06:15,880 | [USB] ACTION: No trade.
2026-10-06 18:06:15,912 | [V] choppy/sideways (ADX 19.9) -> mean-reversion strategy | Signal: HOLD | Shares held: 0.0 | Last price: $370.00
2026-10-06 18:06:15,912 | [V] ACTION: No trade.
2026-10-06 18:06:15,997 | [VEEV] trending (ADX 34.2) -> trend-following strategy | Signal: HOLD | Shares held: 0.0 | Last price: $283.50
2026-10-06 18:06:15,997 | [VEEV] ACTION: No trade.
2026-10-06 18:06:16,082 | [VICI] choppy/sideways (ADX 15.6) -> mean-reversion strategy | Signal: HOLD | Shares held: 0.0 | Last price: $22.75
2026-10-06 18:06:16,082 | [VICI] ACTION: No trade.
2026-10-06 18:06:16,167 | [VLO] choppy/sideways (ADX 17.9) -> mean-reversion strategy | Signal: HOLD | Shares held: 0.0 | Last price: $420.44
2026-10-06 18:06:16,167 | [VLO] ACTION: No trade.
2026-10-06 18:06:16,252 | [VLTO] choppy/sideways (ADX 23.4) -> mean-reversion strategy | Signal: HOLD | Shares held: 0.0 | Last price: $96.47
2026-10-06 18:06:16,252 | [VLTO] ACTION: No trade.
2026-10-06 18:06:16,338 | [VMC] trending (ADX 41.7) -> trend-following strategy | Signal: HOLD | Shares held: 0.0 | Last price: $249.16
2026-10-06 18:06:16,338 | [VMC] ACTION: No trade.
2026-10-06 18:06:16,433 | [VMRK] choppy/sideways (ADX 20.6) -> mean-reversion strategy | Signal: HOLD | Shares held: 0.0 | Last price: $60.37
2026-10-06 18:06:16,434 | [VMRK] ACTION: No trade.
2026-10-06 18:06:16,519 | [VRSK] trending (ADX 38.3) -> trend-following strategy | Signal: HOLD | Shares held: 0.0 | Last price: $164.36
2026-10-06 18:06:16,519 | [VRSK] ACTION: No trade.
2026-10-06 18:06:16,603 | [VRSN] choppy/sideways (ADX 20.3) -> mean-reversion strategy | Signal: HOLD | Shares held: 0.0 | Last price: $292.11
2026-10-06 18:06:16,604 | [VRSN] ACTION: No trade.
2026-10-06 18:06:16,691 | [VRT] choppy/sideways (ADX 12.6) -> mean-reversion strategy | Signal: HOLD | Shares held: 0.0 | Last price: $254.01
2026-10-06 18:06:16,691 | [VRT] ACTION: No trade.
2026-10-06 18:06:16,777 | [VRTX] choppy/sideways (ADX 9.6) -> mean-reversion strategy | Signal: HOLD | Shares held: 0.0 | Last price: $501.22
2026-10-06 18:06:16,777 | [VRTX] ACTION: No trade.
2026-10-06 18:06:16,862 | [VST] trending (ADX 61.1) -> trend-following strategy | Signal: HOLD | Shares held: 0.0 | Last price: $161.05
2026-10-06 18:06:16,862 | [VST] ACTION: No trade.
2026-10-06 18:06:20,003 | [VTR] trending (ADX 36.6) -> trend-following strategy | Signal: HOLD | Shares held: 0.0 | Last price: $81.74
2026-10-06 18:06:20,003 | [VTR] ACTION: No trade.
2026-10-06 18:06:20,091 | [VTRS] choppy/sideways (ADX 15.6) -> mean-reversion strategy | Signal: HOLD | Shares held: 0.0 | Last price: $17.55
2026-10-06 18:06:20,091 | [VTRS] ACTION: No trade.
2026-10-06 18:06:20,122 | [VZ] choppy/sideways (ADX 20.2) -> mean-reversion strategy | Signal: HOLD | Shares held: 0.0 | Last price: $45.52
2026-10-06 18:06:20,122 | [VZ] ACTION: No trade.
2026-10-06 18:06:20,207 | [WAB] choppy/sideways (ADX 10.8) -> mean-reversion strategy | Signal: HOLD | Shares held: 0.0 | Last price: $293.92
2026-10-06 18:06:20,207 | [WAB] ACTION: No trade.
2026-10-06 18:06:20,297 | [WAT] choppy/sideways (ADX 22.5) -> mean-reversion strategy | Signal: HOLD | Shares held: 0.0 | Last price: $436.07
2026-10-06 18:06:20,297 | [WAT] ACTION: No trade.
2026-10-06 18:06:20,381 | [WBD] trending (ADX 72.2) -> trend-following strategy | Signal: HOLD | Shares held: 0.0 | Last price: $30.97
2026-10-06 18:06:20,382 | [WBD] ACTION: No trade.
2026-10-06 18:06:20,467 | [WDAY] trending (ADX 33.9) -> trend-following strategy | Signal: HOLD | Shares held: 0.0 | Last price: $186.34
2026-10-06 18:06:20,467 | [WDAY] ACTION: No trade.
2026-10-06 18:06:20,556 | [WDC] trending (ADX 34.8) -> trend-following strategy | Signal: HOLD | Shares held: 0.0 | Last price: $409.62
2026-10-06 18:06:20,556 | [WDC] ACTION: No trade.
2026-10-06 18:06:20,641 | [WEC] trending (ADX 34.1) -> trend-following strategy | Signal: HOLD | Shares held: 0.0 | Last price: $102.69
2026-10-06 18:06:20,641 | [WEC] ACTION: No trade.
2026-10-06 18:06:20,725 | [WELL] choppy/sideways (ADX 24.0) -> mean-reversion strategy | Signal: HOLD | Shares held: 0.0 | Last price: $225.19
2026-10-06 18:06:20,725 | [WELL] ACTION: No trade.
2026-10-06 18:06:20,756 | [WFC] choppy/sideways (ADX 16.5) -> mean-reversion strategy | Signal: HOLD | Shares held: 0.0 | Last price: $81.40
2026-10-06 18:06:20,756 | [WFC] ACTION: No trade.
2026-10-06 18:06:20,841 | [WM] trending (ADX 41.4) -> trend-following strategy | Signal: HOLD | Shares held: 0.0 | Last price: $208.16
2026-10-06 18:06:20,841 | [WM] ACTION: No trade.
2026-10-06 18:06:20,927 | [WMB] trending (ADX 35.9) -> trend-following strategy | Signal: HOLD | Shares held: 0.0 | Last price: $72.44
2026-10-06 18:06:20,927 | [WMB] ACTION: No trade.
2026-10-06 18:06:20,958 | [WMT] trending (ADX 48.1) -> trend-following strategy | Signal: HOLD | Shares held: 0.0 | Last price: $106.65
2026-10-06 18:06:20,959 | [WMT] ACTION: No trade.
2026-10-06 18:06:21,044 | [WRB] choppy/sideways (ADX 18.5) -> mean-reversion strategy | Signal: HOLD | Shares held: 0.0 | Last price: $69.81
2026-10-06 18:06:21,044 | [WRB] ACTION: No trade.
2026-10-06 18:06:21,130 | [WSM] trending (ADX 38.6) -> trend-following strategy | Signal: HOLD | Shares held: 0.0 | Last price: $242.90
2026-10-06 18:06:21,130 | [WSM] ACTION: No trade.
2026-10-06 18:06:21,215 | [WST] choppy/sideways (ADX 18.2) -> mean-reversion strategy | Signal: HOLD | Shares held: 0.0 | Last price: $373.65
2026-10-06 18:06:21,215 | [WST] ACTION: No trade.
2026-10-06 18:06:24,355 | [WTW] choppy/sideways (ADX 11.7) -> mean-reversion strategy | Signal: HOLD | Shares held: 0.0 | Last price: $290.50
2026-10-06 18:06:24,355 | [WTW] ACTION: No trade.
2026-10-06 18:06:24,440 | [WY] choppy/sideways (ADX 15.8) -> mean-reversion strategy | Signal: HOLD | Shares held: 0.0 | Last price: $18.43
2026-10-06 18:06:24,440 | [WY] ACTION: No trade.
2026-10-06 18:06:24,524 | [WYNN] choppy/sideways (ADX 21.4) -> mean-reversion strategy | Signal: HOLD | Shares held: 0.0 | Last price: $76.95
2026-10-06 18:06:24,524 | [WYNN] ACTION: No trade.
2026-10-06 18:06:24,608 | [XEL] choppy/sideways (ADX 17.9) -> mean-reversion strategy | Signal: HOLD | Shares held: 0.0 | Last price: $72.04
2026-10-06 18:06:24,608 | [XEL] ACTION: No trade.
2026-10-06 18:06:24,638 | [XOM] choppy/sideways (ADX 19.9) -> mean-reversion strategy | Signal: HOLD | Shares held: 0.0 | Last price: $165.53
2026-10-06 18:06:24,638 | [XOM] ACTION: No trade.
2026-10-06 18:06:24,723 | [XYL] choppy/sideways (ADX 22.3) -> mean-reversion strategy | Signal: HOLD | Shares held: 0.0 | Last price: $104.62
2026-10-06 18:06:24,723 | [XYL] ACTION: No trade.
2026-10-06 18:06:24,808 | [XYZ] choppy/sideways (ADX 24.2) -> mean-reversion strategy | Signal: HOLD | Shares held: 0.0 | Last price: $76.49
2026-10-06 18:06:24,808 | [XYZ] ACTION: No trade.
2026-10-06 18:06:24,895 | [YUM] trending (ADX 33.9) -> trend-following strategy | Signal: HOLD | Shares held: 0.0 | Last price: $138.95
2026-10-06 18:06:24,895 | [YUM] ACTION: No trade.
2026-10-06 18:06:24,979 | [ZBH] trending (ADX 27.1) -> trend-following strategy | Signal: HOLD | Shares held: 0.0 | Last price: $90.42
2026-10-06 18:06:24,980 | [ZBH] ACTION: No trade.
2026-10-06 18:06:25,064 | [ZBRA] choppy/sideways (ADX 21.6) -> mean-reversion strategy | Signal: HOLD | Shares held: 0.0 | Last price: $383.40
2026-10-06 18:06:25,064 | [ZBRA] ACTION: No trade.
2026-10-06 18:06:25,149 | [ZTS] choppy/sideways (ADX 22.2) -> mean-reversion strategy | Signal: HOLD | Shares held: 0.0 | Last price: $70.86
2026-10-06 18:06:25,149 | [ZTS] ACTION: No trade.
2026-10-06 18:21:25,523 | Market is open (closes 2026-10-06 22:00:00 CEST your local time). Checking 490 symbols: A, AAPL, ABBV, ABNB, ABT, ACGL, ACN, ADBE, ADI, ADM, ADP, ADSK, AEE, AEP, AES, AFL, AIG, AIZ, AJG, AKAM, ALB, ALGN, ALL, ALLE, AMAT, AMCR, AMD, AME, AMGN, AMP, AMT, AMZN, ANET, AON, APA, APD, APH, APO, APP, APTV, ARE, ARES, ATO, AVGO, AVY, AWK, AXON, AXP, AZO, BA, BAC, BALL, BAX, BBY, BDX, BE, BEN, BG, BIIB, BKNG, BKR, BLK, BMY, BNY, BR, BRK.B, BRO, BSX, BX, C, CAH, CARR, CASY, CAT, CB, CBOE, CBRE, CCI, CCL, CDNS, CDW, CEG, CF, CFG, CHD, CHRW, CHTR, CI, CIEN, CINF, CL, CLX, CMCSA, CME, CMG, CMI, CMS, CNC, CNP, COF, COHR, COIN, COO, COP, COR, COST, CPAY, CPRT, CPT, CRH, CRL, CRM, CRWD, CSCO, CSGP, CSX, CTAS, CTSH, CTVA, CVNA, CVS, CVX, D, DAL, DASH, DD, DDOG, DE, DECK, DELL, DG, DGX, DHI, DHR, DIS, DLR, DLTR, DOC, DOV, DOW, DPZ, DRI, DTE, DUK, DVN, DXCM, EBAY, ECHO, ECL, ED, EFX, EG, EIX, EL, ELV, EME, EMR, EOG, EQIX, EQT, ES, ESS, ETN, ETR, EVRG, EW, EXC, EXE, EXPD, EXPE, EXR, F, FANG, FAST, FCX, FDS, FDX, FDXF, FE, FERG, FFIV, FICO, FIS, FISV, FITB, FIX, FLEX, FOXA, FRT, FSLR, FTNT, FTV, GD, GDDY, GE, GEHC, GEN, GEV, GILD, GIS, GLW, GM, GNRC, GOOG, GOOGL, GPC, GPN, GRMN, GS, GWW, HAL, HAS, HBAN, HCA, HD, HIG, HII, HLT, HON, HONA, HOOD, HPE, HPQ, HSIC, HST, HSY, HUBB, HUM, HWM, IBKR, IBM, ICE, IDXX, IEX, IFF, ILMN, INCY, INTC, INTU, INVH, IP, IQV, IR, IRM, ISRG, IT, ITW, IVZ, J, JBHT, JBL, JCI, JKHY, JNJ, JPM, KDP, KEY, KEYS, KHC, KIM, KKR, KLAC, KMB, KMI, KO, KR, KVUE, L, LDOS, LEN, LH, LHX, LII, LIN, LITE, LLY, LMT, LNT, LOW, LRCX, LULU, LUV, LVS, LYB, LYV, MA, MAA, MAR, MAS, MCD, MCHP, MCK, MCO, MDLZ, MDT, MET, META, MGM, MKC, MLM, MMM, MNST, MO, MOS, MPC, MPWR, MRK, MRNA, MRSH, MRVL, MS, MSCI, MSFT, MSI, MTB, MTD, MU, NCLH, NDAQ, NDSN, NEE, NEM, NFLX, NI, NKE, NOC, NOW, NRG, NSC, NTAP, NTRS, NUE, NVDA, NVR, NWSA, NXPI, O, ODFL, OKE, OMC, ON, ORCL, ORLY, OTIS, OXY, P, PANW, PAYX, PCAR, PCG, PEG, PEP, PFE, PFG, PG, PGR, PH, PHM, PKG, PLD, PLTR, PM, PNC, PNR, PNW, PODD, PPG, PPL, PRU, PSA, PSX, PTC, PWR, PYPL, Q, QCOM, RCL, RDDT, REGN, RF, RJF, RL, RMD, ROK, ROL, ROP, ROST, RSG, RTX, RVTY, SBAC, SBUX, SCHW, SHW, SJM, SLB, SMCI, SNDK, SNPS, SO, SPG, SPGI, SRE, STE, STLD, STT, STX, STZ, SW, SWK, SWKS, SYF, SYK, SYY, T, TDG, TDY, TECH, TEL, TER, TFC, TGT, TJX, TKO, TMO, TMUS, TPL, TPR, TRGP, TRMB, TROW, TRV, TSCO, TSLA, TSN, TT, TTWO, TXN, TXT, TYL, UAL, UBER, UDR, UHS, ULTA, UNH, UNP, UPS, URI, USB, V, VEEV, VICI, VLO, VLTO, VMC, VMRK, VRSK, VRSN, VRT, VRTX, VST, VTR, VTRS, VZ, WAB, WAT, WBD, WDAY, WDC, WEC, WELL, WFC, WM, WMB, WMT, WRB, WSM, WST, WTW, WY, WYNN, XEL, XOM, XYL, XYZ, YUM, ZBH, ZBRA, ZTS
2026-10-06 18:22:07,938 | [A] choppy/sideways (ADX 12.3) -> mean-reversion strategy | Signal: HOLD | Shares held: 0.0 | Last price: $169.84
2026-10-06 18:22:07,938 | [A] ACTION: No trade.
2026-10-06 18:22:07,969 | [AAPL] choppy/sideways (ADX 17.9) -> mean-reversion strategy | Signal: HOLD | Shares held: 0.0 | Last price: $332.96
2026-10-06 18:22:07,969 | [AAPL] ACTION: No trade.
2026-10-06 18:22:08,000 | [ABBV] choppy/sideways (ADX 18.8) -> mean-reversion strategy | Signal: HOLD | Shares held: 0.0 | Last price: $265.92
2026-10-06 18:22:08,000 | [ABBV] ACTION: No trade.
2026-10-06 18:22:08,030 | [ABNB] trending (ADX 38.5) -> trend-following strategy | Signal: HOLD | Shares held: 0.0 | Last price: $159.62
2026-10-06 18:22:08,030 | [ABNB] ACTION: No trade.
2026-10-06 18:22:08,060 | [ABT] trending (ADX 27.5) -> trend-following strategy | Signal: HOLD | Shares held: 0.0 | Last price: $98.48
2026-10-06 18:22:08,060 | [ABT] ACTION: No trade.
2026-10-06 18:22:08,090 | [ACGL] choppy/sideways (ADX 20.1) -> mean-reversion strategy | Signal: HOLD | Shares held: 0.0 | Last price: $94.63
2026-10-06 18:22:08,090 | [ACGL] ACTION: No trade.
2026-10-06 18:22:08,120 | [ACN] trending (ADX 25.9) -> trend-following strategy | Signal: HOLD | Shares held: 0.0 | Last price: $194.36
2026-10-06 18:22:08,120 | [ACN] ACTION: No trade.
2026-10-06 18:22:08,150 | [ADBE] choppy/sideways (ADX 16.2) -> mean-reversion strategy | Signal: HOLD | Shares held: 0.0 | Last price: $237.82
2026-10-06 18:22:08,151 | [ADBE] ACTION: No trade.
2026-10-06 18:22:08,181 | [ADI] trending (ADX 29.3) -> trend-following strategy | Signal: HOLD | Shares held: 0.0 | Last price: $420.16
2026-10-06 18:22:08,181 | [ADI] ACTION: No trade.
2026-10-06 18:22:08,212 | [ADM] choppy/sideways (ADX 14.0) -> mean-reversion strategy | Signal: HOLD | Shares held: 0.0 | Last price: $82.38
2026-10-06 18:22:08,212 | [ADM] ACTION: No trade.
2026-10-06 18:22:08,242 | [ADP] choppy/sideways (ADX 20.3) -> mean-reversion strategy | Signal: HOLD | Shares held: 0.0 | Last price: $262.71
2026-10-06 18:22:08,243 | [ADP] ACTION: No trade.
2026-10-06 18:22:08,272 | [ADSK] trending (ADX 38.5) -> trend-following strategy | Signal: HOLD | Shares held: 0.0 | Last price: $227.61
2026-10-06 18:22:08,273 | [ADSK] ACTION: No trade.
2026-10-06 18:22:08,302 | [AEE] trending (ADX 34.0) -> trend-following strategy | Signal: HOLD | Shares held: 0.0 | Last price: $100.84
2026-10-06 18:22:08,303 | [AEE] ACTION: No trade.
2026-10-06 18:22:08,332 | [AEP] choppy/sideways (ADX 18.5) -> mean-reversion strategy | Signal: HOLD | Shares held: 0.0 | Last price: $121.01
2026-10-06 18:22:08,332 | [AEP] ACTION: No trade.
2026-10-06 18:22:08,362 | [AES] choppy/sideways (ADX 19.1) -> mean-reversion strategy | Signal: HOLD | Shares held: 0.0 | Last price: $14.91
2026-10-06 18:22:08,362 | [AES] ACTION: No trade.
2026-10-06 18:22:08,392 | [AFL] trending (ADX 25.2) -> trend-following strategy | Signal: HOLD | Shares held: 0.0 | Last price: $113.49
2026-10-06 18:22:08,393 | [AFL] ACTION: No trade.
2026-10-06 18:22:08,423 | [AIG] choppy/sideways (ADX 18.9) -> mean-reversion strategy | Signal: HOLD | Shares held: 0.0 | Last price: $75.22
2026-10-06 18:22:08,423 | [AIG] ACTION: No trade.
2026-10-06 18:22:08,454 | [AIZ] choppy/sideways (ADX 10.2) -> mean-reversion strategy | Signal: HOLD | Shares held: 0.0 | Last price: $268.70
2026-10-06 18:22:08,454 | [AIZ] ACTION: No trade.
2026-10-06 18:22:08,485 | [AJG] choppy/sideways (ADX 13.1) -> mean-reversion strategy | Signal: HOLD | Shares held: 0.0 | Last price: $228.81
2026-10-06 18:22:08,485 | [AJG] ACTION: No trade.
2026-10-06 18:22:08,516 | [AKAM] choppy/sideways (ADX 17.9) -> mean-reversion strategy | Signal: HOLD | Shares held: 0.0 | Last price: $108.45
2026-10-06 18:22:08,516 | [AKAM] ACTION: No trade.
2026-10-06 18:22:08,547 | [ALB] trending (ADX 36.1) -> trend-following strategy | Signal: HOLD | Shares held: 0.0 | Last price: $106.94
2026-10-06 18:22:08,547 | [ALB] ACTION: No trade.
2026-10-06 18:22:08,578 | [ALGN] choppy/sideways (ADX 14.8) -> mean-reversion strategy | Signal: HOLD | Shares held: 0.0 | Last price: $141.74
2026-10-06 18:22:08,578 | [ALGN] ACTION: No trade.
2026-10-06 18:22:08,608 | [ALL] trending (ADX 25.2) -> trend-following strategy | Signal: HOLD | Shares held: 0.0 | Last price: $222.35
2026-10-06 18:22:08,608 | [ALL] ACTION: No trade.
2026-10-06 18:22:08,639 | [ALLE] choppy/sideways (ADX 12.8) -> mean-reversion strategy | Signal: HOLD | Shares held: 0.0 | Last price: $155.24
2026-10-06 18:22:08,639 | [ALLE] ACTION: No trade.
2026-10-06 18:22:08,669 | [AMAT] choppy/sideways (ADX 13.4) -> mean-reversion strategy | Signal: HOLD | Shares held: 0.0 | Last price: $531.05
2026-10-06 18:22:08,670 | [AMAT] ACTION: No trade.
2026-10-06 18:22:08,700 | [AMCR] choppy/sideways (ADX 17.7) -> mean-reversion strategy | Signal: HOLD | Shares held: 0.0 | Last price: $41.96
2026-10-06 18:22:08,701 | [AMCR] ACTION: No trade.
2026-10-06 18:22:08,732 | [AMD] trending (ADX 48.6) -> trend-following strategy | Signal: HOLD | Shares held: 0.0 | Last price: $654.37
2026-10-06 18:22:08,732 | [AMD] ACTION: No trade.
2026-10-06 18:22:08,762 | [AME] choppy/sideways (ADX 11.0) -> mean-reversion strategy | Signal: HOLD | Shares held: 0.0 | Last price: $254.20
2026-10-06 18:22:08,762 | [AME] ACTION: No trade.
2026-10-06 18:22:08,793 | [AMGN] choppy/sideways (ADX 15.5) -> mean-reversion strategy | Signal: HOLD | Shares held: 0.0 | Last price: $400.87
2026-10-06 18:22:08,793 | [AMGN] ACTION: No trade.
2026-10-06 18:22:08,823 | [AMP] choppy/sideways (ADX 21.5) -> mean-reversion strategy | Signal: HOLD | Shares held: 0.0 | Last price: $492.88
2026-10-06 18:22:08,823 | [AMP] ACTION: No trade.
2026-10-06 18:22:08,854 | [AMT] choppy/sideways (ADX 22.9) -> mean-reversion strategy | Signal: HOLD | Shares held: 0.0 | Last price: $165.13
2026-10-06 18:22:08,854 | [AMT] ACTION: No trade.
2026-10-06 18:22:08,884 | [AMZN] trending (ADX 31.4) -> trend-following strategy | Signal: HOLD | Shares held: 0.0 | Last price: $256.11
2026-10-06 18:22:08,884 | [AMZN] ACTION: No trade.
2026-10-06 18:22:08,916 | [ANET] trending (ADX 28.1) -> trend-following strategy | Signal: HOLD | Shares held: 0.0 | Last price: $214.09
2026-10-06 18:22:08,916 | [ANET] ACTION: No trade.
2026-10-06 18:22:08,947 | [AON] choppy/sideways (ADX 23.5) -> mean-reversion strategy | Signal: HOLD | Shares held: 0.0 | Last price: $273.12
2026-10-06 18:22:08,947 | [AON] ACTION: No trade.
2026-10-06 18:22:08,977 | [APA] choppy/sideways (ADX 13.1) -> mean-reversion strategy | Signal: HOLD | Shares held: 0.0 | Last price: $44.24
2026-10-06 18:22:08,977 | [APA] ACTION: No trade.
2026-10-06 18:22:09,007 | [APD] choppy/sideways (ADX 19.9) -> mean-reversion strategy | Signal: HOLD | Shares held: 0.0 | Last price: $281.75
2026-10-06 18:22:09,008 | [APD] ACTION: No trade.
2026-10-06 18:22:09,038 | [APH] trending (ADX 27.4) -> trend-following strategy | Signal: HOLD | Shares held: 0.0 | Last price: $89.12
2026-10-06 18:22:09,038 | [APH] ACTION: No trade.
2026-10-06 18:22:09,068 | [APO] choppy/sideways (ADX 19.7) -> mean-reversion strategy | Signal: HOLD | Shares held: 0.0 | Last price: $115.84
2026-10-06 18:22:09,068 | [APO] ACTION: No trade.
2026-10-06 18:22:09,099 | [APP] trending (ADX 30.3) -> trend-following strategy | Signal: HOLD | Shares held: 0.0 | Last price: $278.06
2026-10-06 18:22:09,099 | [APP] ACTION: No trade.
2026-10-06 18:22:09,129 | [APTV] choppy/sideways (ADX 20.5) -> mean-reversion strategy | Signal: HOLD | Shares held: 0.0 | Last price: $44.45
2026-10-06 18:22:09,129 | [APTV] ACTION: No trade.
2026-10-06 18:22:09,159 | [ARE] choppy/sideways (ADX 13.3) -> mean-reversion strategy | Signal: HOLD | Shares held: 0.0 | Last price: $46.05
2026-10-06 18:22:09,160 | [ARE] ACTION: No trade.
2026-10-06 18:22:09,190 | [ARES] choppy/sideways (ADX 10.6) -> mean-reversion strategy | Signal: HOLD | Shares held: 0.0 | Last price: $118.17
2026-10-06 18:22:09,190 | [ARES] ACTION: No trade.
2026-10-06 18:22:09,221 | [ATO] trending (ADX 26.1) -> trend-following strategy | Signal: HOLD | Shares held: 0.0 | Last price: $159.19
2026-10-06 18:22:09,222 | [ATO] ACTION: No trade.
2026-10-06 18:22:09,253 | [AVGO] trending (ADX 59.8) -> trend-following strategy | Signal: HOLD | Shares held: 0.0 | Last price: $379.17
2026-10-06 18:22:09,253 | [AVGO] ACTION: No trade.
2026-10-06 18:22:09,284 | [AVY] choppy/sideways (ADX 18.4) -> mean-reversion strategy | Signal: HOLD | Shares held: 0.0 | Last price: $169.75
2026-10-06 18:22:09,284 | [AVY] ACTION: No trade.
2026-10-06 18:22:09,314 | [AWK] choppy/sideways (ADX 18.0) -> mean-reversion strategy | Signal: HOLD | Shares held: 0.0 | Last price: $127.75
2026-10-06 18:22:09,315 | [AWK] ACTION: No trade.
2026-10-06 18:22:09,345 | [AXON] choppy/sideways (ADX 19.2) -> mean-reversion strategy | Signal: HOLD | Shares held: 0.0 | Last price: $421.25
2026-10-06 18:22:09,345 | [AXON] ACTION: No trade.
2026-10-06 18:22:09,376 | [AXP] choppy/sideways (ADX 17.9) -> mean-reversion strategy | Signal: HOLD | Shares held: 0.0 | Last price: $303.98
2026-10-06 18:22:09,376 | [AXP] ACTION: No trade.
2026-10-06 18:22:09,406 | [AZO] trending (ADX 35.7) -> trend-following strategy | Signal: HOLD | Shares held: 0.0 | Last price: $2919.92
2026-10-06 18:22:09,406 | [AZO] ACTION: No trade.
2026-10-06 18:22:09,436 | [BA] choppy/sideways (ADX 21.8) -> mean-reversion strategy | Signal: HOLD | Shares held: 0.0 | Last price: $190.67
2026-10-06 18:22:09,437 | [BA] ACTION: No trade.
2026-10-06 18:22:09,467 | [BAC] choppy/sideways (ADX 17.4) -> mean-reversion strategy | Signal: HOLD | Shares held: 0.0 | Last price: $54.09
2026-10-06 18:22:09,467 | [BAC] ACTION: No trade.
2026-10-06 18:22:09,497 | [BALL] trending (ADX 27.8) -> trend-following strategy | Signal: HOLD | Shares held: 0.0 | Last price: $57.41
2026-10-06 18:22:09,497 | [BALL] ACTION: No trade.
2026-10-06 18:22:09,527 | [BAX] choppy/sideways (ADX 19.5) -> mean-reversion strategy | Signal: HOLD | Shares held: 0.0 | Last price: $24.24
2026-10-06 18:22:09,527 | [BAX] ACTION: No trade.
2026-10-06 18:22:09,558 | [BBY] choppy/sideways (ADX 15.4) -> mean-reversion strategy | Signal: HOLD | Shares held: 0.0 | Last price: $85.19
2026-10-06 18:22:09,558 | [BBY] ACTION: No trade.
2026-10-06 18:22:09,589 | [BDX] trending (ADX 25.2) -> trend-following strategy | Signal: HOLD | Shares held: 0.0 | Last price: $181.41
2026-10-06 18:22:09,589 | [BDX] ACTION: No trade.
2026-10-06 18:22:09,619 | [BE] trending (ADX 28.8) -> trend-following strategy | Signal: HOLD | Shares held: 0.0 | Last price: $299.39
2026-10-06 18:22:09,619 | [BE] ACTION: No trade.
2026-10-06 18:22:09,650 | [BEN] trending (ADX 32.1) -> trend-following strategy | Signal: HOLD | Shares held: 0.0 | Last price: $32.55
2026-10-06 18:22:09,650 | [BEN] ACTION: No trade.
2026-10-06 18:22:09,681 | [BG] choppy/sideways (ADX 12.9) -> mean-reversion strategy | Signal: HOLD | Shares held: 0.0 | Last price: $107.59
2026-10-06 18:22:09,681 | [BG] ACTION: No trade.
2026-10-06 18:22:09,712 | [BIIB] choppy/sideways (ADX 15.4) -> mean-reversion strategy | Signal: HOLD | Shares held: 0.0 | Last price: $222.39
2026-10-06 18:22:09,712 | [BIIB] ACTION: No trade.
2026-10-06 18:22:09,743 | [BKNG] choppy/sideways (ADX 23.9) -> mean-reversion strategy | Signal: HOLD | Shares held: 0.0 | Last price: $156.04
2026-10-06 18:22:09,743 | [BKNG] ACTION: No trade.
2026-10-06 18:22:09,774 | [BKR] choppy/sideways (ADX 13.4) -> mean-reversion strategy | Signal: HOLD | Shares held: 0.0 | Last price: $57.42
2026-10-06 18:22:09,774 | [BKR] ACTION: No trade.
2026-10-06 18:22:09,804 | [BLK] choppy/sideways (ADX 19.8) -> mean-reversion strategy | Signal: HOLD | Shares held: 0.0 | Last price: $1082.13
2026-10-06 18:22:09,804 | [BLK] ACTION: No trade.
2026-10-06 18:22:09,834 | [BMY] choppy/sideways (ADX 11.6) -> mean-reversion strategy | Signal: HOLD | Shares held: 0.0 | Last price: $59.19
2026-10-06 18:22:09,834 | [BMY] ACTION: No trade.
2026-10-06 18:22:09,864 | [BNY] choppy/sideways (ADX 24.2) -> mean-reversion strategy | Signal: HOLD | Shares held: 0.0 | Last price: $143.98
2026-10-06 18:22:09,864 | [BNY] ACTION: No trade.
2026-10-06 18:22:09,894 | [BR] choppy/sideways (ADX 15.2) -> mean-reversion strategy | Signal: HOLD | Shares held: 0.0 | Last price: $159.62
2026-10-06 18:22:09,895 | [BR] ACTION: No trade.
2026-10-06 18:22:09,925 | [BRK.B] choppy/sideways (ADX 22.5) -> mean-reversion strategy | Signal: HOLD | Shares held: 0.0 | Last price: $506.21
2026-10-06 18:22:09,925 | [BRK.B] ACTION: No trade.
2026-10-06 18:22:09,955 | [BRO] choppy/sideways (ADX 11.0) -> mean-reversion strategy | Signal: HOLD | Shares held: 0.0 | Last price: $60.91
2026-10-06 18:22:09,955 | [BRO] ACTION: No trade.
2026-10-06 18:22:09,985 | [BSX] choppy/sideways (ADX 20.1) -> mean-reversion strategy | Signal: HOLD | Shares held: 0.0 | Last price: $42.24
2026-10-06 18:22:09,985 | [BSX] ACTION: No trade.
2026-10-06 18:22:10,015 | [BX] choppy/sideways (ADX 11.3) -> mean-reversion strategy | Signal: HOLD | Shares held: 0.0 | Last price: $112.72
2026-10-06 18:22:10,015 | [BX] ACTION: No trade.
2026-10-06 18:22:10,045 | [C] choppy/sideways (ADX 17.9) -> mean-reversion strategy | Signal: HOLD | Shares held: 0.0 | Last price: $128.24
2026-10-06 18:22:10,045 | [C] ACTION: No trade.
2026-10-06 18:22:10,075 | [CAH] trending (ADX 25.6) -> trend-following strategy | Signal: HOLD | Shares held: 0.0 | Last price: $233.00
2026-10-06 18:22:10,076 | [CAH] ACTION: No trade.
2026-10-06 18:22:10,106 | [CARR] trending (ADX 32.0) -> trend-following strategy | Signal: HOLD | Shares held: 0.0 | Last price: $56.47
2026-10-06 18:22:10,106 | [CARR] ACTION: No trade.
2026-10-06 18:22:10,136 | [CASY] choppy/sideways (ADX 20.9) -> mean-reversion strategy | Signal: HOLD | Shares held: 0.0 | Last price: $616.38
2026-10-06 18:22:10,136 | [CASY] ACTION: No trade.
2026-10-06 18:22:10,165 | [CAT] choppy/sideways (ADX 20.5) -> mean-reversion strategy | Signal: HOLD | Shares held: 0.0 | Last price: $866.99
2026-10-06 18:22:10,166 | [CAT] ACTION: No trade.
2026-10-06 18:22:10,196 | [CB] choppy/sideways (ADX 16.4) -> mean-reversion strategy | Signal: HOLD | Shares held: 0.0 | Last price: $334.69
2026-10-06 18:22:10,196 | [CB] ACTION: No trade.
2026-10-06 18:22:10,227 | [CBOE] choppy/sideways (ADX 13.2) -> mean-reversion strategy | Signal: HOLD | Shares held: 0.0 | Last price: $277.95
2026-10-06 18:22:10,227 | [CBOE] ACTION: No trade.
2026-10-06 18:22:10,257 | [CBRE] choppy/sideways (ADX 22.0) -> mean-reversion strategy | Signal: HOLD | Shares held: 0.0 | Last price: $131.00
2026-10-06 18:22:10,257 | [CBRE] ACTION: No trade.
2026-10-06 18:22:10,287 | [CCI] trending (ADX 35.4) -> trend-following strategy | Signal: HOLD | Shares held: 0.0 | Last price: $68.48
2026-10-06 18:22:10,287 | [CCI] ACTION: No trade.
2026-10-06 18:22:10,317 | [CCL] trending (ADX 35.5) -> trend-following strategy | Signal: HOLD | Shares held: 0.0 | Last price: $26.47
2026-10-06 18:22:10,317 | [CCL] ACTION: No trade.
2026-10-06 18:22:10,347 | [CDNS] trending (ADX 26.7) -> trend-following strategy | Signal: HOLD | Shares held: 0.0 | Last price: $360.93
2026-10-06 18:22:10,348 | [CDNS] ACTION: No trade.
2026-10-06 18:22:10,378 | [CDW] choppy/sideways (ADX 18.2) -> mean-reversion strategy | Signal: HOLD | Shares held: 0.0 | Last price: $135.59
2026-10-06 18:22:10,378 | [CDW] ACTION: No trade.
2026-10-06 18:22:10,409 | [CEG] trending (ADX 57.4) -> trend-following strategy | Signal: HOLD | Shares held: 0.0 | Last price: $301.79
2026-10-06 18:22:10,409 | [CEG] ACTION: No trade.
2026-10-06 18:22:10,439 | [CF] choppy/sideways (ADX 16.7) -> mean-reversion strategy | Signal: HOLD | Shares held: 0.0 | Last price: $116.57
2026-10-06 18:22:10,439 | [CF] ACTION: No trade.
2026-10-06 18:22:10,469 | [CFG] trending (ADX 31.4) -> trend-following strategy | Signal: HOLD | Shares held: 0.0 | Last price: $63.85
2026-10-06 18:22:10,469 | [CFG] ACTION: No trade.
2026-10-06 18:22:10,499 | [CHD] trending (ADX 35.3) -> trend-following strategy | Signal: HOLD | Shares held: 0.0 | Last price: $96.53
2026-10-06 18:22:10,499 | [CHD] ACTION: No trade.
2026-10-06 18:22:10,529 | [CHRW] trending (ADX 40.3) -> trend-following strategy | Signal: HOLD | Shares held: 0.0 | Last price: $135.56
2026-10-06 18:22:10,529 | [CHRW] ACTION: No trade.
2026-10-06 18:22:10,560 | [CHTR] trending (ADX 26.0) -> trend-following strategy | Signal: HOLD | Shares held: 0.0 | Last price: $108.75
2026-10-06 18:22:10,560 | [CHTR] ACTION: No trade.
2026-10-06 18:22:10,590 | [CI] choppy/sideways (ADX 12.3) -> mean-reversion strategy | Signal: HOLD | Shares held: 0.0 | Last price: $271.44
2026-10-06 18:22:10,590 | [CI] ACTION: No trade.
2026-10-06 18:22:10,621 | [CIEN] trending (ADX 48.8) -> trend-following strategy | Signal: HOLD | Shares held: 0.0 | Last price: $435.82
2026-10-06 18:22:10,621 | [CIEN] ACTION: No trade.
2026-10-06 18:22:10,651 | [CINF] choppy/sideways (ADX 24.5) -> mean-reversion strategy | Signal: HOLD | Shares held: 0.0 | Last price: $162.37
2026-10-06 18:22:10,651 | [CINF] ACTION: No trade.
2026-10-06 18:22:10,681 | [CL] trending (ADX 51.3) -> trend-following strategy | Signal: HOLD | Shares held: 0.0 | Last price: $87.25
2026-10-06 18:22:10,681 | [CL] ACTION: No trade.
2026-10-06 18:22:10,712 | [CLX] trending (ADX 54.2) -> trend-following strategy | Signal: HOLD | Shares held: 0.0 | Last price: $83.76
2026-10-06 18:22:10,712 | [CLX] ACTION: No trade.
2026-10-06 18:22:10,742 | [CMCSA] choppy/sideways (ADX 14.9) -> mean-reversion strategy | Signal: HOLD | Shares held: 0.0 | Last price: $21.48
2026-10-06 18:22:10,742 | [CMCSA] ACTION: No trade.
2026-10-06 18:22:10,772 | [CME] choppy/sideways (ADX 18.6) -> mean-reversion strategy | Signal: HOLD | Shares held: 0.0 | Last price: $270.38
2026-10-06 18:22:10,772 | [CME] ACTION: No trade.
2026-10-06 18:22:10,802 | [CMG] choppy/sideways (ADX 20.5) -> mean-reversion strategy | Signal: HOLD | Shares held: 0.0 | Last price: $30.87
2026-10-06 18:22:10,802 | [CMG] ACTION: No trade.
2026-10-06 18:22:10,832 | [CMI] choppy/sideways (ADX 9.9) -> mean-reversion strategy | Signal: HOLD | Shares held: 0.0 | Last price: $533.32
2026-10-06 18:22:10,832 | [CMI] ACTION: No trade.
2026-10-06 18:22:10,862 | [CMS] trending (ADX 36.3) -> trend-following strategy | Signal: HOLD | Shares held: 0.0 | Last price: $64.72
2026-10-06 18:22:10,862 | [CMS] ACTION: No trade.
2026-10-06 18:22:10,892 | [CNC] trending (ADX 26.6) -> trend-following strategy | Signal: HOLD | Shares held: 0.0 | Last price: $63.96
2026-10-06 18:22:10,892 | [CNC] ACTION: No trade.
2026-10-06 18:22:10,923 | [CNP] trending (ADX 38.5) -> trend-following strategy | Signal: HOLD | Shares held: 0.0 | Last price: $38.48
2026-10-06 18:22:10,923 | [CNP] ACTION: No trade.
2026-10-06 18:22:10,952 | [COF] choppy/sideways (ADX 16.0) -> mean-reversion strategy | Signal: HOLD | Shares held: 0.0 | Last price: $196.18
2026-10-06 18:22:10,952 | [COF] ACTION: No trade.
2026-10-06 18:22:10,982 | [COHR] choppy/sideways (ADX 22.3) -> mean-reversion strategy | Signal: HOLD | Shares held: 0.0 | Last price: $335.79
2026-10-06 18:22:10,982 | [COHR] ACTION: No trade.
2026-10-06 18:22:11,012 | [COIN] choppy/sideways (ADX 20.5) -> mean-reversion strategy | Signal: HOLD | Shares held: 0.0 | Last price: $187.73
2026-10-06 18:22:11,012 | [COIN] ACTION: No trade.
2026-10-06 18:22:11,042 | [COO] choppy/sideways (ADX 16.2) -> mean-reversion strategy | Signal: HOLD | Shares held: 0.0 | Last price: $56.19
2026-10-06 18:22:11,042 | [COO] ACTION: No trade.
2026-10-06 18:22:11,072 | [COP] choppy/sideways (ADX 20.1) -> mean-reversion strategy | Signal: HOLD | Shares held: 0.0 | Last price: $129.59
2026-10-06 18:22:11,072 | [COP] ACTION: No trade.
2026-10-06 18:22:11,102 | [COR] choppy/sideways (ADX 13.2) -> mean-reversion strategy | Signal: HOLD | Shares held: 0.0 | Last price: $314.36
2026-10-06 18:22:11,102 | [COR] ACTION: No trade.
2026-10-06 18:22:11,133 | [COST] trending (ADX 42.2) -> trend-following strategy | Signal: HOLD | Shares held: 0.0 | Last price: $932.63
2026-10-06 18:22:11,133 | [COST] ACTION: No trade.
2026-10-06 18:22:11,163 | [CPAY] choppy/sideways (ADX 22.0) -> mean-reversion strategy | Signal: HOLD | Shares held: 0.0 | Last price: $404.09
2026-10-06 18:22:11,163 | [CPAY] ACTION: No trade.
2026-10-06 18:22:11,193 | [CPRT] trending (ADX 28.8) -> trend-following strategy | Signal: HOLD | Shares held: 0.0 | Last price: $26.89
2026-10-06 18:22:11,193 | [CPRT] ACTION: No trade.
2026-10-06 18:22:11,223 | [CPT] choppy/sideways (ADX 23.5) -> mean-reversion strategy | Signal: HOLD | Shares held: 0.0 | Last price: $97.79
2026-10-06 18:22:11,223 | [CPT] ACTION: No trade.
2026-10-06 18:22:11,253 | [CRH] trending (ADX 42.7) -> trend-following strategy | Signal: HOLD | Shares held: 0.0 | Last price: $84.08
2026-10-06 18:22:11,253 | [CRH] ACTION: No trade.
2026-10-06 18:22:11,283 | [CRL] choppy/sideways (ADX 24.1) -> mean-reversion strategy | Signal: HOLD | Shares held: 0.0 | Last price: $306.71
2026-10-06 18:22:11,283 | [CRL] ACTION: No trade.
2026-10-06 18:22:11,313 | [CRM] trending (ADX 27.6) -> trend-following strategy | Signal: HOLD | Shares held: 0.0 | Last price: $225.60
2026-10-06 18:22:11,313 | [CRM] ACTION: No trade.
2026-10-06 18:22:11,343 | [CRWD] trending (ADX 32.5) -> trend-following strategy | Signal: HOLD | Shares held: 0.0 | Last price: $279.43
2026-10-06 18:22:11,344 | [CRWD] ACTION: No trade.
2026-10-06 18:22:11,374 | [CSCO] trending (ADX 53.9) -> trend-following strategy | Signal: HOLD | Shares held: 0.0 | Last price: $116.90
2026-10-06 18:22:11,374 | [CSCO] ACTION: No trade.
2026-10-06 18:22:11,404 | [CSGP] trending (ADX 38.1) -> trend-following strategy | Signal: HOLD | Shares held: 0.0 | Last price: $27.86
2026-10-06 18:22:11,404 | [CSGP] ACTION: No trade.
2026-10-06 18:22:11,435 | [CSX] choppy/sideways (ADX 13.0) -> mean-reversion strategy | Signal: HOLD | Shares held: 0.0 | Last price: $47.48
2026-10-06 18:22:11,435 | [CSX] ACTION: No trade.
2026-10-06 18:22:11,465 | [CTAS] choppy/sideways (ADX 23.8) -> mean-reversion strategy | Signal: HOLD | Shares held: 0.0 | Last price: $196.12
2026-10-06 18:22:11,465 | [CTAS] ACTION: No trade.
2026-10-06 18:22:11,495 | [CTSH] trending (ADX 45.5) -> trend-following strategy | Signal: HOLD | Shares held: 0.0 | Last price: $57.16
2026-10-06 18:22:11,496 | [CTSH] ACTION: No trade.
2026-10-06 18:22:11,525 | [CTVA] trending (ADX 48.0) -> trend-following strategy | Signal: HOLD | Shares held: 0.0 | Last price: $13.91
2026-10-06 18:22:11,526 | [CTVA] ACTION: No trade.
2026-10-06 18:22:11,555 | [CVNA] choppy/sideways (ADX 20.5) -> mean-reversion strategy | Signal: HOLD | Shares held: 0.0 | Last price: $62.96
2026-10-06 18:22:11,555 | [CVNA] ACTION: No trade.
2026-10-06 18:22:11,585 | [CVS] choppy/sideways (ADX 15.7) -> mean-reversion strategy | Signal: HOLD | Shares held: 0.0 | Last price: $85.94
2026-10-06 18:22:11,585 | [CVS] ACTION: No trade.
2026-10-06 18:22:11,615 | [CVX] trending (ADX 26.7) -> trend-following strategy | Signal: HOLD | Shares held: 0.0 | Last price: $208.45
2026-10-06 18:22:11,615 | [CVX] ACTION: No trade.
2026-10-06 18:22:11,645 | [D] choppy/sideways (ADX 22.6) -> mean-reversion strategy | Signal: HOLD | Shares held: 0.0 | Last price: $61.58
2026-10-06 18:22:11,645 | [D] ACTION: No trade.
2026-10-06 18:22:11,675 | [DAL] choppy/sideways (ADX 17.7) -> mean-reversion strategy | Signal: HOLD | Shares held: 0.0 | Last price: $83.12
2026-10-06 18:22:11,675 | [DAL] ACTION: No trade.
2026-10-06 18:22:11,706 | [DASH] choppy/sideways (ADX 16.6) -> mean-reversion strategy | Signal: HOLD | Shares held: 0.0 | Last price: $192.49
2026-10-06 18:22:11,706 | [DASH] ACTION: No trade.
2026-10-06 18:22:11,736 | [DD] trending (ADX 38.9) -> trend-following strategy | Signal: HOLD | Shares held: 0.0 | Last price: $133.60
2026-10-06 18:22:11,736 | [DD] ACTION: No trade.
2026-10-06 18:22:11,766 | [DDOG] choppy/sideways (ADX 9.4) -> mean-reversion strategy | Signal: HOLD | Shares held: 0.0 | Last price: $277.92
2026-10-06 18:22:11,766 | [DDOG] ACTION: No trade.
2026-10-06 18:22:11,796 | [DE] choppy/sideways (ADX 22.3) -> mean-reversion strategy | Signal: HOLD | Shares held: 0.0 | Last price: $681.47
2026-10-06 18:22:11,796 | [DE] ACTION: No trade.
2026-10-06 18:22:11,825 | [DECK] trending (ADX 27.7) -> trend-following strategy | Signal: HOLD | Shares held: 0.0 | Last price: $81.34
2026-10-06 18:22:11,826 | [DECK] ACTION: No trade.
2026-10-06 18:22:11,856 | [DELL] trending (ADX 28.0) -> trend-following strategy | Signal: HOLD | Shares held: 0.0 | Last price: $575.23
2026-10-06 18:22:11,856 | [DELL] ACTION: No trade.
2026-10-06 18:22:11,886 | [DG] trending (ADX 28.3) -> trend-following strategy | Signal: HOLD | Shares held: 0.0 | Last price: $122.54
2026-10-06 18:22:11,886 | [DG] ACTION: No trade.
2026-10-06 18:22:11,916 | [DGX] trending (ADX 34.6) -> trend-following strategy | Signal: HOLD | Shares held: 0.0 | Last price: $227.70
2026-10-06 18:22:11,916 | [DGX] ACTION: No trade.
2026-10-06 18:22:11,946 | [DHI] trending (ADX 30.2) -> trend-following strategy | Signal: HOLD | Shares held: 0.0 | Last price: $137.19
2026-10-06 18:22:11,946 | [DHI] ACTION: No trade.
2026-10-06 18:22:11,976 | [DHR] choppy/sideways (ADX 13.9) -> mean-reversion strategy | Signal: HOLD | Shares held: 0.0 | Last price: $217.56
2026-10-06 18:22:11,976 | [DHR] ACTION: No trade.
2026-10-06 18:22:12,005 | [DIS] choppy/sideways (ADX 23.0) -> mean-reversion strategy | Signal: HOLD | Shares held: 0.0 | Last price: $103.68
2026-10-06 18:22:12,006 | [DIS] ACTION: No trade.
2026-10-06 18:22:12,035 | [DLR] trending (ADX 47.0) -> trend-following strategy | Signal: HOLD | Shares held: 0.0 | Last price: $184.43
2026-10-06 18:22:12,036 | [DLR] ACTION: No trade.
2026-10-06 18:22:12,066 | [DLTR] trending (ADX 32.1) -> trend-following strategy | Signal: HOLD | Shares held: 0.0 | Last price: $115.94
2026-10-06 18:22:12,066 | [DLTR] ACTION: No trade.
2026-10-06 18:22:12,096 | [DOC] trending (ADX 29.2) -> trend-following strategy | Signal: HOLD | Shares held: 0.0 | Last price: $18.90
2026-10-06 18:22:12,096 | [DOC] ACTION: No trade.
2026-10-06 18:22:12,126 | [DOV] trending (ADX 28.2) -> trend-following strategy | Signal: HOLD | Shares held: 0.0 | Last price: $192.95
2026-10-06 18:22:12,126 | [DOV] ACTION: No trade.
2026-10-06 18:22:12,156 | [DOW] choppy/sideways (ADX 11.6) -> mean-reversion strategy | Signal: HOLD | Shares held: 0.0 | Last price: $28.30
2026-10-06 18:22:12,156 | [DOW] ACTION: No trade.
2026-10-06 18:22:12,186 | [DPZ] choppy/sideways (ADX 22.6) -> mean-reversion strategy | Signal: HOLD | Shares held: 0.0 | Last price: $302.19
2026-10-06 18:22:12,186 | [DPZ] ACTION: No trade.
2026-10-06 18:22:12,217 | [DRI] trending (ADX 34.6) -> trend-following strategy | Signal: HOLD | Shares held: 0.0 | Last price: $201.51
2026-10-06 18:22:12,217 | [DRI] ACTION: No trade.
2026-10-06 18:22:12,246 | [DTE] trending (ADX 32.4) -> trend-following strategy | Signal: HOLD | Shares held: 0.0 | Last price: $126.94
2026-10-06 18:22:12,247 | [DTE] ACTION: No trade.
2026-10-06 18:22:12,276 | [DUK] choppy/sideways (ADX 22.0) -> mean-reversion strategy | Signal: HOLD | Shares held: 0.0 | Last price: $114.71
2026-10-06 18:22:12,276 | [DUK] ACTION: No trade.
2026-10-06 18:22:12,306 | [DVN] choppy/sideways (ADX 24.9) -> mean-reversion strategy | Signal: HOLD | Shares held: 0.0 | Last price: $48.05
2026-10-06 18:22:12,306 | [DVN] ACTION: No trade.
2026-10-06 18:22:12,336 | [DXCM] trending (ADX 48.2) -> trend-following strategy | Signal: HOLD | Shares held: 0.0 | Last price: $83.68
2026-10-06 18:22:12,336 | [DXCM] ACTION: No trade.
2026-10-06 18:22:12,366 | [EBAY] choppy/sideways (ADX 18.9) -> mean-reversion strategy | Signal: HOLD | Shares held: 0.0 | Last price: $106.10
2026-10-06 18:22:12,366 | [EBAY] ACTION: No trade.
2026-10-06 18:22:12,397 | [ECHO] trending (ADX 25.9) -> trend-following strategy | Signal: HOLD | Shares held: 0.0 | Last price: $98.28
2026-10-06 18:22:12,397 | [ECHO] ACTION: No trade.
2026-10-06 18:22:12,427 | [ECL] choppy/sideways (ADX 20.3) -> mean-reversion strategy | Signal: HOLD | Shares held: 0.0 | Last price: $280.44
2026-10-06 18:22:12,427 | [ECL] ACTION: No trade.
2026-10-06 18:22:12,457 | [ED] trending (ADX 29.8) -> trend-following strategy | Signal: HOLD | Shares held: 0.0 | Last price: $104.61
2026-10-06 18:22:12,457 | [ED] ACTION: No trade.
2026-10-06 18:22:12,487 | [EFX] choppy/sideways (ADX 18.2) -> mean-reversion strategy | Signal: HOLD | Shares held: 0.0 | Last price: $143.21
2026-10-06 18:22:12,487 | [EFX] ACTION: No trade.
2026-10-06 18:22:12,517 | [EG] choppy/sideways (ADX 16.6) -> mean-reversion strategy | Signal: HOLD | Shares held: 0.0 | Last price: $367.95
2026-10-06 18:22:12,517 | [EG] ACTION: No trade.
2026-10-06 18:22:12,547 | [EIX] trending (ADX 26.1) -> trend-following strategy | Signal: HOLD | Shares held: 0.0 | Last price: $53.62
2026-10-06 18:22:12,547 | [EIX] ACTION: No trade.
2026-10-06 18:22:12,578 | [EL] choppy/sideways (ADX 20.6) -> mean-reversion strategy | Signal: HOLD | Shares held: 0.0 | Last price: $93.33
2026-10-06 18:22:12,578 | [EL] ACTION: No trade.
2026-10-06 18:22:12,609 | [ELV] trending (ADX 50.6) -> trend-following strategy | Signal: HOLD | Shares held: 0.0 | Last price: $398.57
2026-10-06 18:22:12,609 | [ELV] ACTION: No trade.
2026-10-06 18:22:12,640 | [EME] trending (ADX 43.6) -> trend-following strategy | Signal: HOLD | Shares held: 0.0 | Last price: $825.45
2026-10-06 18:22:12,640 | [EME] ACTION: No trade.
2026-10-06 18:22:12,670 | [EMR] choppy/sideways (ADX 18.4) -> mean-reversion strategy | Signal: HOLD | Shares held: 0.0 | Last price: $162.77
2026-10-06 18:22:12,670 | [EMR] ACTION: No trade.
2026-10-06 18:22:12,701 | [EOG] choppy/sideways (ADX 16.0) -> mean-reversion strategy | Signal: HOLD | Shares held: 0.0 | Last price: $145.00
2026-10-06 18:22:12,701 | [EOG] ACTION: No trade.
2026-10-06 18:22:12,731 | [EQIX] trending (ADX 31.8) -> trend-following strategy | Signal: HOLD | Shares held: 0.0 | Last price: $1046.22
2026-10-06 18:22:12,731 | [EQIX] ACTION: No trade.
2026-10-06 18:22:12,761 | [EQT] trending (ADX 36.5) -> trend-following strategy | Signal: HOLD | Shares held: 0.0 | Last price: $52.12
2026-10-06 18:22:12,761 | [EQT] ACTION: No trade.
2026-10-06 18:22:12,792 | [ES] choppy/sideways (ADX 11.1) -> mean-reversion strategy | Signal: HOLD | Shares held: 0.0 | Last price: $64.68
2026-10-06 18:22:12,792 | [ES] ACTION: No trade.
2026-10-06 18:22:12,822 | [ESS] trending (ADX 27.9) -> trend-following strategy | Signal: HOLD | Shares held: 0.0 | Last price: $273.95
2026-10-06 18:22:12,822 | [ESS] ACTION: No trade.
2026-10-06 18:22:12,852 | [ETN] choppy/sideways (ADX 16.8) -> mean-reversion strategy | Signal: HOLD | Shares held: 0.0 | Last price: $444.24
2026-10-06 18:22:12,852 | [ETN] ACTION: No trade.
2026-10-06 18:22:12,882 | [ETR] trending (ADX 38.3) -> trend-following strategy | Signal: HOLD | Shares held: 0.0 | Last price: $102.60
2026-10-06 18:22:12,882 | [ETR] ACTION: No trade.
2026-10-06 18:22:12,913 | [EVRG] trending (ADX 27.5) -> trend-following strategy | Signal: HOLD | Shares held: 0.0 | Last price: $80.03
2026-10-06 18:22:12,913 | [EVRG] ACTION: No trade.
2026-10-06 18:22:12,943 | [EW] choppy/sideways (ADX 19.6) -> mean-reversion strategy | Signal: HOLD | Shares held: 0.0 | Last price: $86.69
2026-10-06 18:22:12,943 | [EW] ACTION: No trade.
2026-10-06 18:22:13,010 | [EXC] trending (ADX 30.9) -> trend-following strategy | Signal: HOLD | Shares held: 0.0 | Last price: $41.27
2026-10-06 18:22:13,010 | [EXC] ACTION: No trade.
2026-10-06 18:22:13,040 | [EXE] trending (ADX 27.4) -> trend-following strategy | Signal: HOLD | Shares held: 0.0 | Last price: $87.98
2026-10-06 18:22:13,040 | [EXE] ACTION: No trade.
2026-10-06 18:22:13,070 | [EXPD] choppy/sideways (ADX 18.5) -> mean-reversion strategy | Signal: HOLD | Shares held: 0.0 | Last price: $191.50
2026-10-06 18:22:13,070 | [EXPD] ACTION: No trade.
2026-10-06 18:22:13,101 | [EXPE] trending (ADX 28.2) -> trend-following strategy | Signal: HOLD | Shares held: 0.0 | Last price: $256.44
2026-10-06 18:22:13,101 | [EXPE] ACTION: No trade.
2026-10-06 18:22:13,132 | [EXR] trending (ADX 30.1) -> trend-following strategy | Signal: HOLD | Shares held: 0.0 | Last price: $134.75
2026-10-06 18:22:13,132 | [EXR] ACTION: No trade.
2026-10-06 18:22:13,162 | [F] choppy/sideways (ADX 19.9) -> mean-reversion strategy | Signal: HOLD | Shares held: 0.0 | Last price: $12.16
2026-10-06 18:22:13,162 | [F] ACTION: No trade.
2026-10-06 18:22:13,193 | [FANG] choppy/sideways (ADX 15.2) -> mean-reversion strategy | Signal: HOLD | Shares held: 0.0 | Last price: $185.46
2026-10-06 18:22:13,193 | [FANG] ACTION: No trade.
2026-10-06 18:22:13,224 | [FAST] choppy/sideways (ADX 13.3) -> mean-reversion strategy | Signal: HOLD | Shares held: 0.0 | Last price: $51.12
2026-10-06 18:22:13,224 | [FAST] ACTION: No trade.
2026-10-06 18:22:13,256 | [FCX] choppy/sideways (ADX 21.2) -> mean-reversion strategy | Signal: HOLD | Shares held: 0.0 | Last price: $73.21
2026-10-06 18:22:13,256 | [FCX] ACTION: No trade.
2026-10-06 18:22:13,288 | [FDS] trending (ADX 36.9) -> trend-following strategy | Signal: HOLD | Shares held: 0.0 | Last price: $274.19
2026-10-06 18:22:13,288 | [FDS] ACTION: No trade.
2026-10-06 18:22:13,320 | [FDX] choppy/sideways (ADX 12.8) -> mean-reversion strategy | Signal: HOLD | Shares held: 0.0 | Last price: $288.45
2026-10-06 18:22:13,320 | [FDX] ACTION: No trade.
2026-10-06 18:22:13,353 | [FDXF] choppy/sideways (ADX 18.1) -> mean-reversion strategy | Signal: HOLD | Shares held: 0.0 | Last price: $110.06
2026-10-06 18:22:13,353 | [FDXF] ACTION: No trade.
2026-10-06 18:22:13,384 | [FE] trending (ADX 30.8) -> trend-following strategy | Signal: HOLD | Shares held: 0.0 | Last price: $44.05
2026-10-06 18:22:13,384 | [FE] ACTION: No trade.
2026-10-06 18:22:13,415 | [FERG] choppy/sideways (ADX 12.1) -> mean-reversion strategy | Signal: HOLD | Shares held: 0.0 | Last price: $225.37
2026-10-06 18:22:13,416 | [FERG] ACTION: No trade.
2026-10-06 18:22:13,447 | [FFIV] choppy/sideways (ADX 14.3) -> mean-reversion strategy | Signal: HOLD | Shares held: 0.0 | Last price: $467.10
2026-10-06 18:22:13,447 | [FFIV] ACTION: No trade.
2026-10-06 18:22:13,478 | [FICO] choppy/sideways (ADX 17.0) -> mean-reversion strategy | Signal: HOLD | Shares held: 0.0 | Last price: $681.44
2026-10-06 18:22:13,478 | [FICO] ACTION: No trade.
2026-10-06 18:22:13,509 | [FIS] trending (ADX 33.7) -> trend-following strategy | Signal: HOLD | Shares held: 0.0 | Last price: $33.49
2026-10-06 18:22:13,510 | [FIS] ACTION: No trade.
2026-10-06 18:22:13,540 | [FISV] trending (ADX 27.7) -> trend-following strategy | Signal: HOLD | Shares held: 0.0 | Last price: $45.56
2026-10-06 18:22:13,541 | [FISV] ACTION: No trade.
2026-10-06 18:22:13,572 | [FITB] choppy/sideways (ADX 18.6) -> mean-reversion strategy | Signal: HOLD | Shares held: 0.0 | Last price: $50.73
2026-10-06 18:22:13,572 | [FITB] ACTION: No trade.
2026-10-06 18:22:13,602 | [FIX] trending (ADX 43.2) -> trend-following strategy | Signal: HOLD | Shares held: 0.0 | Last price: $1811.55
2026-10-06 18:22:13,602 | [FIX] ACTION: No trade.
2026-10-06 18:22:13,633 | [FLEX] choppy/sideways (ADX 17.0) -> mean-reversion strategy | Signal: HOLD | Shares held: 0.0 | Last price: $119.34
2026-10-06 18:22:13,633 | [FLEX] ACTION: No trade.
2026-10-06 18:22:13,663 | [FOXA] trending (ADX 27.5) -> trend-following strategy | Signal: HOLD | Shares held: 0.0 | Last price: $61.67
2026-10-06 18:22:13,664 | [FOXA] ACTION: No trade.
2026-10-06 18:22:13,694 | [FRT] choppy/sideways (ADX 19.8) -> mean-reversion strategy | Signal: HOLD | Shares held: 0.0 | Last price: $106.11
2026-10-06 18:22:13,695 | [FRT] ACTION: No trade.
2026-10-06 18:22:13,725 | [FSLR] trending (ADX 39.6) -> trend-following strategy | Signal: HOLD | Shares held: 0.0 | Last price: $180.46
2026-10-06 18:22:13,725 | [FSLR] ACTION: No trade.
2026-10-06 18:22:13,755 | [FTNT] trending (ADX 41.0) -> trend-following strategy | Signal: HOLD | Shares held: 0.0 | Last price: $189.86
2026-10-06 18:22:13,755 | [FTNT] ACTION: No trade.
2026-10-06 18:22:13,786 | [FTV] choppy/sideways (ADX 18.4) -> mean-reversion strategy | Signal: HOLD | Shares held: 0.0 | Last price: $57.87
2026-10-06 18:22:13,786 | [FTV] ACTION: No trade.
2026-10-06 18:22:13,816 | [GD] choppy/sideways (ADX 13.1) -> mean-reversion strategy | Signal: HOLD | Shares held: 0.0 | Last price: $331.38
2026-10-06 18:22:13,816 | [GD] ACTION: No trade.
2026-10-06 18:22:13,846 | [GDDY] choppy/sideways (ADX 24.1) -> mean-reversion strategy | Signal: HOLD | Shares held: 0.0 | Last price: $97.88
2026-10-06 18:22:13,846 | [GDDY] ACTION: No trade.
2026-10-06 18:22:13,875 | [GE] choppy/sideways (ADX 14.5) -> mean-reversion strategy | Signal: HOLD | Shares held: 0.0 | Last price: $308.41
2026-10-06 18:22:13,876 | [GE] ACTION: No trade.
2026-10-06 18:22:13,905 | [GEHC] choppy/sideways (ADX 19.4) -> mean-reversion strategy | Signal: HOLD | Shares held: 0.0 | Last price: $65.12
2026-10-06 18:22:13,905 | [GEHC] ACTION: No trade.
2026-10-06 18:22:13,936 | [GEN] trending (ADX 28.3) -> trend-following strategy | Signal: HOLD | Shares held: 0.0 | Last price: $22.59
2026-10-06 18:22:13,936 | [GEN] ACTION: No trade.
2026-10-06 18:22:13,966 | [GEV] trending (ADX 36.7) -> trend-following strategy | Signal: HOLD | Shares held: 0.0 | Last price: $1039.34
2026-10-06 18:22:13,966 | [GEV] ACTION: No trade.
2026-10-06 18:22:13,999 | [GILD] choppy/sideways (ADX 14.7) -> mean-reversion strategy | Signal: HOLD | Shares held: 0.0 | Last price: $143.67
2026-10-06 18:22:13,999 | [GILD] ACTION: No trade.
2026-10-06 18:22:14,030 | [GIS] choppy/sideways (ADX 19.0) -> mean-reversion strategy | Signal: HOLD | Shares held: 0.0 | Last price: $32.13
2026-10-06 18:22:14,030 | [GIS] ACTION: No trade.
2026-10-06 18:22:14,061 | [GLW] trending (ADX 41.6) -> trend-following strategy | Signal: HOLD | Shares held: 0.0 | Last price: $169.23
2026-10-06 18:22:14,061 | [GLW] ACTION: No trade.
2026-10-06 18:22:14,092 | [GM] trending (ADX 35.1) -> trend-following strategy | Signal: HOLD | Shares held: 0.0 | Last price: $81.60
2026-10-06 18:22:14,092 | [GM] ACTION: No trade.
2026-10-06 18:22:14,122 | [GNRC] trending (ADX 37.6) -> trend-following strategy | Signal: HOLD | Shares held: 0.0 | Last price: $224.35
2026-10-06 18:22:14,122 | [GNRC] ACTION: No trade.
2026-10-06 18:22:14,152 | [GOOG] trending (ADX 30.6) -> trend-following strategy | Signal: HOLD | Shares held: 0.0 | Last price: $344.84
2026-10-06 18:22:14,152 | [GOOG] ACTION: No trade.
2026-10-06 18:22:14,182 | [GOOGL] trending (ADX 29.4) -> trend-following strategy | Signal: HOLD | Shares held: 0.0 | Last price: $348.20
2026-10-06 18:22:14,182 | [GOOGL] ACTION: No trade.
2026-10-06 18:22:14,212 | [GPC] choppy/sideways (ADX 24.5) -> mean-reversion strategy | Signal: HOLD | Shares held: 0.0 | Last price: $127.85
2026-10-06 18:22:14,212 | [GPC] ACTION: No trade.
2026-10-06 18:22:14,244 | [GPN] trending (ADX 35.1) -> trend-following strategy | Signal: HOLD | Shares held: 0.0 | Last price: $81.72
2026-10-06 18:22:14,244 | [GPN] ACTION: No trade.
2026-10-06 18:22:14,275 | [GRMN] trending (ADX 45.5) -> trend-following strategy | Signal: HOLD | Shares held: 0.0 | Last price: $279.39
2026-10-06 18:22:14,275 | [GRMN] ACTION: No trade.
2026-10-06 18:22:14,306 | [GS] choppy/sideways (ADX 12.3) -> mean-reversion strategy | Signal: HOLD | Shares held: 0.0 | Last price: $898.88
2026-10-06 18:22:14,306 | [GS] ACTION: No trade.
2026-10-06 18:22:14,336 | [GWW] trending (ADX 32.7) -> trend-following strategy | Signal: HOLD | Shares held: 0.0 | Last price: $1280.02
2026-10-06 18:22:14,337 | [GWW] ACTION: No trade.
2026-10-06 18:22:14,368 | [HAL] choppy/sideways (ADX 15.9) -> mean-reversion strategy | Signal: HOLD | Shares held: 0.0 | Last price: $32.60
2026-10-06 18:22:14,368 | [HAL] ACTION: No trade.
2026-10-06 18:22:14,399 | [HAS] choppy/sideways (ADX 21.1) -> mean-reversion strategy | Signal: HOLD | Shares held: 0.0 | Last price: $91.16
2026-10-06 18:22:14,399 | [HAS] ACTION: No trade.
2026-10-06 18:22:14,432 | [HBAN] choppy/sideways (ADX 15.7) -> mean-reversion strategy | Signal: HOLD | Shares held: 0.0 | Last price: $15.29
2026-10-06 18:22:14,432 | [HBAN] ACTION: No trade.
2026-10-06 18:22:14,464 | [HCA] choppy/sideways (ADX 19.9) -> mean-reversion strategy | Signal: HOLD | Shares held: 0.0 | Last price: $434.83
2026-10-06 18:22:14,464 | [HCA] ACTION: No trade.
2026-10-06 18:22:14,496 | [HD] trending (ADX 29.8) -> trend-following strategy | Signal: HOLD | Shares held: 0.0 | Last price: $284.92
2026-10-06 18:22:14,496 | [HD] ACTION: No trade.
2026-10-06 18:22:14,529 | [HIG] choppy/sideways (ADX 20.1) -> mean-reversion strategy | Signal: HOLD | Shares held: 0.0 | Last price: $126.69
2026-10-06 18:22:14,529 | [HIG] ACTION: No trade.
2026-10-06 18:22:14,561 | [HII] choppy/sideways (ADX 12.7) -> mean-reversion strategy | Signal: HOLD | Shares held: 0.0 | Last price: $265.21
2026-10-06 18:22:14,561 | [HII] ACTION: No trade.
2026-10-06 18:22:14,593 | [HLT] choppy/sideways (ADX 21.6) -> mean-reversion strategy | Signal: HOLD | Shares held: 0.0 | Last price: $321.51
2026-10-06 18:22:14,593 | [HLT] ACTION: No trade.
2026-10-06 18:22:14,625 | [HON] choppy/sideways (ADX 12.1) -> mean-reversion strategy | Signal: HOLD | Shares held: 0.0 | Last price: $212.47
2026-10-06 18:22:14,625 | [HON] ACTION: No trade.
2026-10-06 18:22:14,656 | [HONA] choppy/sideways (ADX 13.4) -> mean-reversion strategy | Signal: HOLD | Shares held: 0.0 | Last price: $157.55
2026-10-06 18:22:14,656 | [HONA] ACTION: No trade.
2026-10-06 18:22:14,688 | [HOOD] choppy/sideways (ADX 17.2) -> mean-reversion strategy | Signal: HOLD | Shares held: 0.0 | Last price: $112.83
2026-10-06 18:22:14,688 | [HOOD] ACTION: No trade.
2026-10-06 18:22:14,720 | [HPE] trending (ADX 34.0) -> trend-following strategy | Signal: HOLD | Shares held: 0.0 | Last price: $70.66
2026-10-06 18:22:14,720 | [HPE] ACTION: No trade.
2026-10-06 18:22:14,752 | [HPQ] trending (ADX 25.9) -> trend-following strategy | Signal: HOLD | Shares held: 0.0 | Last price: $31.99
2026-10-06 18:22:14,752 | [HPQ] ACTION: No trade.
2026-10-06 18:22:14,784 | [HSIC] choppy/sideways (ADX 20.2) -> mean-reversion strategy | Signal: HOLD | Shares held: 0.0 | Last price: $84.75
2026-10-06 18:22:14,784 | [HSIC] ACTION: No trade.
2026-10-06 18:22:14,816 | [HST] choppy/sideways (ADX 23.1) -> mean-reversion strategy | Signal: HOLD | Shares held: 0.0 | Last price: $22.51
2026-10-06 18:22:14,816 | [HST] ACTION: No trade.
2026-10-06 18:22:14,848 | [HSY] choppy/sideways (ADX 22.0) -> mean-reversion strategy | Signal: HOLD | Shares held: 0.0 | Last price: $159.88
2026-10-06 18:22:14,848 | [HSY] ACTION: No trade.
2026-10-06 18:22:14,880 | [HUBB] trending (ADX 32.1) -> trend-following strategy | Signal: HOLD | Shares held: 0.0 | Last price: $488.72
2026-10-06 18:22:14,880 | [HUBB] ACTION: No trade.
2026-10-06 18:22:14,911 | [HUM] trending (ADX 25.2) -> trend-following strategy | Signal: BUY | Shares held: 0.0 | Last price: $399.61
2026-10-06 18:22:14,911 | [HUM] ACTION: No trade (conviction score 0 below CONVICTION_ENTRY_GATE_MIN_SCORE=2 -- gate is ON).
2026-10-06 18:22:14,942 | [HWM] choppy/sideways (ADX 15.7) -> mean-reversion strategy | Signal: HOLD | Shares held: 0.0 | Last price: $229.72
2026-10-06 18:22:14,942 | [HWM] ACTION: No trade.
2026-10-06 18:22:14,974 | [IBKR] trending (ADX 42.2) -> trend-following strategy | Signal: HOLD | Shares held: 0.0 | Last price: $91.36
2026-10-06 18:22:14,974 | [IBKR] ACTION: No trade.
2026-10-06 18:22:15,006 | [IBM] choppy/sideways (ADX 15.1) -> mean-reversion strategy | Signal: HOLD | Shares held: 0.0 | Last price: $222.59
2026-10-06 18:22:15,006 | [IBM] ACTION: No trade.
2026-10-06 18:22:15,039 | [ICE] trending (ADX 30.4) -> trend-following strategy | Signal: HOLD | Shares held: 0.0 | Last price: $154.21
2026-10-06 18:22:15,039 | [ICE] ACTION: No trade.
2026-10-06 18:22:15,072 | [IDXX] choppy/sideways (ADX 16.4) -> mean-reversion strategy | Signal: HOLD | Shares held: 0.0 | Last price: $516.54
2026-10-06 18:22:15,072 | [IDXX] ACTION: No trade.
2026-10-06 18:22:15,102 | [IEX] choppy/sideways (ADX 19.3) -> mean-reversion strategy | Signal: HOLD | Shares held: 0.0 | Last price: $238.44
2026-10-06 18:22:15,102 | [IEX] ACTION: No trade.
2026-10-06 18:22:15,133 | [IFF] choppy/sideways (ADX 16.2) -> mean-reversion strategy | Signal: HOLD | Shares held: 0.0 | Last price: $84.38
2026-10-06 18:22:15,133 | [IFF] ACTION: No trade.
2026-10-06 18:22:15,162 | [ILMN] choppy/sideways (ADX 24.6) -> mean-reversion strategy | Signal: HOLD | Shares held: 0.0 | Last price: $276.65
2026-10-06 18:22:15,162 | [ILMN] ACTION: No trade.
2026-10-06 18:22:15,193 | [INCY] trending (ADX 26.7) -> trend-following strategy | Signal: HOLD | Shares held: 0.0 | Last price: $112.68
2026-10-06 18:22:15,193 | [INCY] ACTION: No trade.
2026-10-06 18:22:15,223 | [INTC] choppy/sideways (ADX 21.2) -> mean-reversion strategy | Signal: HOLD | Shares held: 0.0 | Last price: $114.98
2026-10-06 18:22:15,223 | [INTC] ACTION: No trade.
2026-10-06 18:22:15,253 | [INTU] trending (ADX 27.1) -> trend-following strategy | Signal: HOLD | Shares held: 0.0 | Last price: $288.75
2026-10-06 18:22:15,253 | [INTU] ACTION: No trade.
2026-10-06 18:22:15,283 | [INVH] trending (ADX 28.1) -> trend-following strategy | Signal: HOLD | Shares held: 0.0 | Last price: $26.50
2026-10-06 18:22:15,283 | [INVH] ACTION: No trade.
2026-10-06 18:22:15,313 | [IP] choppy/sideways (ADX 14.9) -> mean-reversion strategy | Signal: HOLD | Shares held: 0.0 | Last price: $32.05
2026-10-06 18:22:15,313 | [IP] ACTION: No trade.
2026-10-06 18:22:15,345 | [IQV] choppy/sideways (ADX 17.9) -> mean-reversion strategy | Signal: HOLD | Shares held: 0.0 | Last price: $263.29
2026-10-06 18:22:15,345 | [IQV] ACTION: No trade.
2026-10-06 18:22:15,375 | [IR] trending (ADX 31.9) -> trend-following strategy | Signal: HOLD | Shares held: 0.0 | Last price: $79.70
2026-10-06 18:22:15,375 | [IR] ACTION: No trade.
2026-10-06 18:22:15,405 | [IRM] trending (ADX 37.6) -> trend-following strategy | Signal: HOLD | Shares held: 0.0 | Last price: $117.07
2026-10-06 18:22:15,405 | [IRM] ACTION: No trade.
2026-10-06 18:22:15,436 | [ISRG] choppy/sideways (ADX 25.0) -> mean-reversion strategy | Signal: HOLD | Shares held: 0.0 | Last price: $405.77
2026-10-06 18:22:15,436 | [ISRG] ACTION: No trade.
2026-10-06 18:22:15,466 | [IT] choppy/sideways (ADX 19.5) -> mean-reversion strategy | Signal: HOLD | Shares held: 0.0 | Last price: $186.22
2026-10-06 18:22:15,466 | [IT] ACTION: No trade.
2026-10-06 18:22:15,498 | [ITW] choppy/sideways (ADX 22.4) -> mean-reversion strategy | Signal: HOLD | Shares held: 0.0 | Last price: $268.76
2026-10-06 18:22:15,498 | [ITW] ACTION: No trade.
2026-10-06 18:22:15,529 | [IVZ] choppy/sideways (ADX 19.1) -> mean-reversion strategy | Signal: HOLD | Shares held: 0.0 | Last price: $30.34
2026-10-06 18:22:15,529 | [IVZ] ACTION: No trade.
2026-10-06 18:22:15,560 | [J] choppy/sideways (ADX 20.5) -> mean-reversion strategy | Signal: HOLD | Shares held: 0.0 | Last price: $139.77
2026-10-06 18:22:15,560 | [J] ACTION: No trade.
2026-10-06 18:22:15,592 | [JBHT] choppy/sideways (ADX 15.8) -> mean-reversion strategy | Signal: HOLD | Shares held: 0.0 | Last price: $227.04
2026-10-06 18:22:15,592 | [JBHT] ACTION: No trade.
2026-10-06 18:22:15,624 | [JBL] choppy/sideways (ADX 12.5) -> mean-reversion strategy | Signal: HOLD | Shares held: 0.0 | Last price: $304.58
2026-10-06 18:22:15,624 | [JBL] ACTION: No trade.
2026-10-06 18:22:15,655 | [JCI] trending (ADX 32.5) -> trend-following strategy | Signal: HOLD | Shares held: 0.0 | Last price: $160.32
2026-10-06 18:22:15,655 | [JCI] ACTION: No trade.
2026-10-06 18:22:15,686 | [JKHY] choppy/sideways (ADX 9.9) -> mean-reversion strategy | Signal: HOLD | Shares held: 0.0 | Last price: $144.07
2026-10-06 18:22:15,687 | [JKHY] ACTION: No trade.
2026-10-06 18:22:15,718 | [JNJ] choppy/sideways (ADX 21.7) -> mean-reversion strategy | Signal: HOLD | Shares held: 0.0 | Last price: $255.01
2026-10-06 18:22:15,718 | [JNJ] ACTION: No trade.
2026-10-06 18:22:15,749 | [JPM] choppy/sideways (ADX 20.2) -> mean-reversion strategy | Signal: HOLD | Shares held: 0.0 | Last price: $331.38
2026-10-06 18:22:15,749 | [JPM] ACTION: No trade.
2026-10-06 18:22:15,780 | [KDP] trending (ADX 28.7) -> trend-following strategy | Signal: HOLD | Shares held: 0.0 | Last price: $31.09
2026-10-06 18:22:15,781 | [KDP] ACTION: No trade.
2026-10-06 18:22:15,811 | [KEY] choppy/sideways (ADX 22.6) -> mean-reversion strategy | Signal: HOLD | Shares held: 0.0 | Last price: $20.05
2026-10-06 18:22:15,811 | [KEY] ACTION: No trade.
2026-10-06 18:22:15,842 | [KEYS] choppy/sideways (ADX 12.4) -> mean-reversion strategy | Signal: HOLD | Shares held: 0.0 | Last price: $385.18
2026-10-06 18:22:15,842 | [KEYS] ACTION: No trade.
2026-10-06 18:22:15,871 | [KHC] trending (ADX 27.4) -> trend-following strategy | Signal: HOLD | Shares held: 0.0 | Last price: $22.00
2026-10-06 18:22:15,872 | [KHC] ACTION: No trade.
2026-10-06 18:22:15,901 | [KIM] trending (ADX 25.5) -> trend-following strategy | Signal: HOLD | Shares held: 0.0 | Last price: $22.07
2026-10-06 18:22:15,901 | [KIM] ACTION: No trade.
2026-10-06 18:22:15,931 | [KKR] choppy/sideways (ADX 14.8) -> mean-reversion strategy | Signal: HOLD | Shares held: 0.0 | Last price: $90.77
2026-10-06 18:22:15,931 | [KKR] ACTION: No trade.
2026-10-06 18:22:15,961 | [KLAC] trending (ADX 26.9) -> trend-following strategy | Signal: HOLD | Shares held: 0.0 | Last price: $198.42
2026-10-06 18:22:15,961 | [KLAC] ACTION: No trade.
2026-10-06 18:22:15,991 | [KMB] trending (ADX 32.0) -> trend-following strategy | Signal: HOLD | Shares held: 0.0 | Last price: $96.16
2026-10-06 18:22:15,991 | [KMB] ACTION: No trade.
2026-10-06 18:22:16,021 | [KMI] trending (ADX 37.1) -> trend-following strategy | Signal: HOLD | Shares held: 0.0 | Last price: $32.12
2026-10-06 18:22:16,021 | [KMI] ACTION: No trade.
2026-10-06 18:22:16,051 | [KO] trending (ADX 27.9) -> trend-following strategy | Signal: HOLD | Shares held: 0.0 | Last price: $86.70
2026-10-06 18:22:16,051 | [KO] ACTION: No trade.
2026-10-06 18:22:16,081 | [KR] trending (ADX 33.6) -> trend-following strategy | Signal: HOLD | Shares held: 0.0 | Last price: $57.98
2026-10-06 18:22:16,081 | [KR] ACTION: No trade.
2026-10-06 18:22:16,111 | [KVUE] trending (ADX 34.0) -> trend-following strategy | Signal: HOLD | Shares held: 0.0 | Last price: $17.50
2026-10-06 18:22:16,111 | [KVUE] ACTION: No trade.
2026-10-06 18:22:16,141 | [L] choppy/sideways (ADX 19.0) -> mean-reversion strategy | Signal: HOLD | Shares held: 0.0 | Last price: $106.36
2026-10-06 18:22:16,141 | [L] ACTION: No trade.
2026-10-06 18:22:16,171 | [LDOS] choppy/sideways (ADX 20.1) -> mean-reversion strategy | Signal: HOLD | Shares held: 0.0 | Last price: $117.10
2026-10-06 18:22:16,171 | [LDOS] ACTION: No trade.
2026-10-06 18:22:16,201 | [LEN] trending (ADX 38.0) -> trend-following strategy | Signal: HOLD | Shares held: 0.0 | Last price: $77.47
2026-10-06 18:22:16,201 | [LEN] ACTION: No trade.
2026-10-06 18:22:16,233 | [LH] choppy/sideways (ADX 11.7) -> mean-reversion strategy | Signal: HOLD | Shares held: 0.0 | Last price: $309.14
2026-10-06 18:22:16,233 | [LH] ACTION: No trade.
2026-10-06 18:22:16,264 | [LHX] choppy/sideways (ADX 16.3) -> mean-reversion strategy | Signal: HOLD | Shares held: 0.0 | Last price: $238.94
2026-10-06 18:22:16,264 | [LHX] ACTION: No trade.
2026-10-06 18:22:16,295 | [LII] trending (ADX 25.4) -> trend-following strategy | Signal: HOLD | Shares held: 0.0 | Last price: $366.50
2026-10-06 18:22:16,295 | [LII] ACTION: No trade.
2026-10-06 18:22:16,326 | [LIN] trending (ADX 35.5) -> trend-following strategy | Signal: HOLD | Shares held: 0.0 | Last price: $491.61
2026-10-06 18:22:16,326 | [LIN] ACTION: No trade.
2026-10-06 18:22:16,357 | [LITE] trending (ADX 41.6) -> trend-following strategy | Signal: HOLD | Shares held: 0.0 | Last price: $1130.74
2026-10-06 18:22:16,357 | [LITE] ACTION: No trade.
2026-10-06 18:22:16,388 | [LLY] choppy/sideways (ADX 12.7) -> mean-reversion strategy | Signal: HOLD | Shares held: 0.0 | Last price: $1158.19
2026-10-06 18:22:16,388 | [LLY] ACTION: No trade.
2026-10-06 18:22:16,418 | [LMT] choppy/sideways (ADX 22.7) -> mean-reversion strategy | Signal: HOLD | Shares held: 0.0 | Last price: $509.99
2026-10-06 18:22:16,418 | [LMT] ACTION: No trade.
2026-10-06 18:22:16,449 | [LNT] trending (ADX 29.6) -> trend-following strategy | Signal: HOLD | Shares held: 0.0 | Last price: $65.06
2026-10-06 18:22:16,449 | [LNT] ACTION: No trade.
2026-10-06 18:22:16,481 | [LOW] trending (ADX 34.8) -> trend-following strategy | Signal: HOLD | Shares held: 0.0 | Last price: $182.73
2026-10-06 18:22:16,481 | [LOW] ACTION: No trade.
2026-10-06 18:22:16,513 | [LRCX] trending (ADX 38.6) -> trend-following strategy | Signal: HOLD | Shares held: 0.0 | Last price: $332.87
2026-10-06 18:22:16,513 | [LRCX] ACTION: No trade.
2026-10-06 18:22:16,544 | [LULU] trending (ADX 29.8) -> trend-following strategy | Signal: HOLD | Shares held: 0.0 | Last price: $93.62
2026-10-06 18:22:16,545 | [LULU] ACTION: No trade.
2026-10-06 18:22:16,576 | [LUV] choppy/sideways (ADX 20.2) -> mean-reversion strategy | Signal: HOLD | Shares held: 0.0 | Last price: $42.05
2026-10-06 18:22:16,576 | [LUV] ACTION: No trade.
2026-10-06 18:22:16,609 | [LVS] choppy/sideways (ADX 10.9) -> mean-reversion strategy | Signal: HOLD | Shares held: 0.0 | Last price: $36.38
2026-10-06 18:22:16,609 | [LVS] ACTION: No trade.
2026-10-06 18:22:16,639 | [LYB] choppy/sideways (ADX 12.2) -> mean-reversion strategy | Signal: HOLD | Shares held: 0.0 | Last price: $59.03
2026-10-06 18:22:16,640 | [LYB] ACTION: No trade.
2026-10-06 18:22:16,670 | [LYV] choppy/sideways (ADX 16.0) -> mean-reversion strategy | Signal: HOLD | Shares held: 0.0 | Last price: $172.31
2026-10-06 18:22:16,671 | [LYV] ACTION: No trade.
2026-10-06 18:22:16,701 | [MA] choppy/sideways (ADX 22.3) -> mean-reversion strategy | Signal: HOLD | Shares held: 0.0 | Last price: $565.11
2026-10-06 18:22:16,701 | [MA] ACTION: No trade.
2026-10-06 18:22:16,732 | [MAA] trending (ADX 25.8) -> trend-following strategy | Signal: HOLD | Shares held: 0.0 | Last price: $117.62
2026-10-06 18:22:16,732 | [MAA] ACTION: No trade.
2026-10-06 18:22:16,763 | [MAR] choppy/sideways (ADX 22.2) -> mean-reversion strategy | Signal: HOLD | Shares held: 0.0 | Last price: $359.71
2026-10-06 18:22:16,763 | [MAR] ACTION: No trade.
2026-10-06 18:22:16,793 | [MAS] trending (ADX 27.6) -> trend-following strategy | Signal: HOLD | Shares held: 0.0 | Last price: $69.61
2026-10-06 18:22:16,793 | [MAS] ACTION: No trade.
2026-10-06 18:22:16,823 | [MCD] choppy/sideways (ADX 15.3) -> mean-reversion strategy | Signal: HOLD | Shares held: 0.0 | Last price: $232.39
2026-10-06 18:22:16,824 | [MCD] ACTION: No trade.
2026-10-06 18:22:16,854 | [MCHP] choppy/sideways (ADX 13.2) -> mean-reversion strategy | Signal: HOLD | Shares held: 0.0 | Last price: $81.40
2026-10-06 18:22:16,854 | [MCHP] ACTION: No trade.
2026-10-06 18:22:16,885 | [MCK] trending (ADX 25.8) -> trend-following strategy | Signal: HOLD | Shares held: 0.0 | Last price: $921.92
2026-10-06 18:22:16,885 | [MCK] ACTION: No trade.
2026-10-06 18:22:16,915 | [MCO] trending (ADX 32.0) -> trend-following strategy | Signal: HOLD | Shares held: 0.0 | Last price: $453.80
2026-10-06 18:22:16,915 | [MCO] ACTION: No trade.
2026-10-06 18:22:16,946 | [MDLZ] trending (ADX 32.1) -> trend-following strategy | Signal: HOLD | Shares held: 0.0 | Last price: $59.26
2026-10-06 18:22:16,946 | [MDLZ] ACTION: No trade.
2026-10-06 18:22:16,978 | [MDT] trending (ADX 27.1) -> trend-following strategy | Signal: HOLD | Shares held: 0.0 | Last price: $86.78
2026-10-06 18:22:16,978 | [MDT] ACTION: No trade.
2026-10-06 18:22:17,009 | [MET] trending (ADX 28.6) -> trend-following strategy | Signal: HOLD | Shares held: 0.0 | Last price: $97.67
2026-10-06 18:22:17,009 | [MET] ACTION: No trade.
2026-10-06 18:22:17,039 | [META] choppy/sideways (ADX 22.2) -> mean-reversion strategy | Signal: HOLD | Shares held: 0.0 | Last price: $743.53
2026-10-06 18:22:17,040 | [META] ACTION: No trade.
2026-10-06 18:22:17,070 | [MGM] choppy/sideways (ADX 23.2) -> mean-reversion strategy | Signal: HOLD | Shares held: 0.0 | Last price: $30.59
2026-10-06 18:22:17,070 | [MGM] ACTION: No trade.
2026-10-06 18:22:17,100 | [MKC] trending (ADX 34.0) -> trend-following strategy | Signal: HOLD | Shares held: 0.0 | Last price: $45.78
2026-10-06 18:22:17,100 | [MKC] ACTION: No trade.
2026-10-06 18:22:17,177 | [MLM] trending (ADX 31.0) -> trend-following strategy | Signal: HOLD | Shares held: 0.0 | Last price: $490.65
2026-10-06 18:22:17,177 | [MLM] ACTION: No trade.
2026-10-06 18:22:17,208 | [MMM] choppy/sideways (ADX 15.5) -> mean-reversion strategy | Signal: HOLD | Shares held: 0.0 | Last price: $163.72
2026-10-06 18:22:17,208 | [MMM] ACTION: No trade.
2026-10-06 18:22:17,239 | [MNST] trending (ADX 37.3) -> trend-following strategy | Signal: HOLD | Shares held: 0.0 | Last price: $42.95
2026-10-06 18:22:17,239 | [MNST] ACTION: No trade.
2026-10-06 18:22:17,270 | [MO] trending (ADX 26.6) -> trend-following strategy | Signal: HOLD | Shares held: 0.0 | Last price: $68.36
2026-10-06 18:22:17,270 | [MO] ACTION: No trade.
2026-10-06 18:22:17,302 | [MOS] trending (ADX 26.3) -> trend-following strategy | Signal: HOLD | Shares held: 0.0 | Last price: $21.09
2026-10-06 18:22:17,302 | [MOS] ACTION: No trade.
2026-10-06 18:22:17,333 | [MPC] choppy/sideways (ADX 19.1) -> mean-reversion strategy | Signal: HOLD | Shares held: 0.0 | Last price: $434.03
2026-10-06 18:22:17,333 | [MPC] ACTION: No trade.
2026-10-06 18:22:17,363 | [MPWR] trending (ADX 29.4) -> trend-following strategy | Signal: HOLD | Shares held: 0.0 | Last price: $1474.01
2026-10-06 18:22:17,363 | [MPWR] ACTION: No trade.
2026-10-06 18:22:17,393 | [MRK] choppy/sideways (ADX 17.4) -> mean-reversion strategy | Signal: HOLD | Shares held: 0.0 | Last price: $141.18
2026-10-06 18:22:17,393 | [MRK] ACTION: No trade.
2026-10-06 18:22:17,427 | [MRNA] choppy/sideways (ADX 16.6) -> mean-reversion strategy | Signal: HOLD | Shares held: 0.0 | Last price: $190.00
2026-10-06 18:22:17,427 | [MRNA] ACTION: No trade.
2026-10-06 18:22:17,459 | [MRSH] choppy/sideways (ADX 12.7) -> mean-reversion strategy | Signal: HOLD | Shares held: 0.0 | Last price: $171.90
2026-10-06 18:22:17,459 | [MRSH] ACTION: No trade.
2026-10-06 18:22:17,491 | [MRVL] trending (ADX 34.5) -> trend-following strategy | Signal: HOLD | Shares held: 0.0 | Last price: $289.30
2026-10-06 18:22:17,491 | [MRVL] ACTION: No trade.
2026-10-06 18:22:17,521 | [MS] choppy/sideways (ADX 12.2) -> mean-reversion strategy | Signal: HOLD | Shares held: 0.0 | Last price: $191.42
2026-10-06 18:22:17,522 | [MS] ACTION: No trade.
2026-10-06 18:22:17,552 | [MSCI] trending (ADX 39.7) -> trend-following strategy | Signal: HOLD | Shares held: 0.0 | Last price: $554.95
2026-10-06 18:22:17,552 | [MSCI] ACTION: No trade.
2026-10-06 18:22:17,583 | [MSFT] choppy/sideways (ADX 21.9) -> mean-reversion strategy | Signal: HOLD | Shares held: 0.0 | Last price: $531.59
2026-10-06 18:22:17,584 | [MSFT] ACTION: No trade.
2026-10-06 18:22:17,614 | [MSI] choppy/sideways (ADX 20.0) -> mean-reversion strategy | Signal: HOLD | Shares held: 0.0 | Last price: $456.02
2026-10-06 18:22:17,614 | [MSI] ACTION: No trade.
2026-10-06 18:22:17,645 | [MTB] choppy/sideways (ADX 24.5) -> mean-reversion strategy | Signal: HOLD | Shares held: 0.0 | Last price: $218.41
2026-10-06 18:22:17,645 | [MTB] ACTION: No trade.
2026-10-06 18:22:17,676 | [MTD] trending (ADX 28.1) -> trend-following strategy | Signal: HOLD | Shares held: 0.0 | Last price: $1540.66
2026-10-06 18:22:17,676 | [MTD] ACTION: No trade.
2026-10-06 18:22:17,707 | [MU] choppy/sideways (ADX 23.8) -> mean-reversion strategy | Signal: HOLD | Shares held: 0.0 | Last price: $1065.43
2026-10-06 18:22:17,707 | [MU] ACTION: No trade.
2026-10-06 18:22:17,738 | [NCLH] trending (ADX 32.7) -> trend-following strategy | Signal: HOLD | Shares held: 0.0 | Last price: $15.52
2026-10-06 18:22:17,738 | [NCLH] ACTION: No trade.
2026-10-06 18:22:17,769 | [NDAQ] trending (ADX 27.7) -> trend-following strategy | Signal: HOLD | Shares held: 0.0 | Last price: $93.19
2026-10-06 18:22:17,769 | [NDAQ] ACTION: No trade.
2026-10-06 18:22:17,800 | [NDSN] choppy/sideways (ADX 21.3) -> mean-reversion strategy | Signal: HOLD | Shares held: 0.0 | Last price: $336.15
2026-10-06 18:22:17,800 | [NDSN] ACTION: No trade.
2026-10-06 18:22:17,831 | [NEE] trending (ADX 32.6) -> trend-following strategy | Signal: HOLD | Shares held: 0.0 | Last price: $77.39
2026-10-06 18:22:17,831 | [NEE] ACTION: No trade.
2026-10-06 18:22:17,861 | [NEM] choppy/sideways (ADX 22.5) -> mean-reversion strategy | Signal: HOLD | Shares held: 0.0 | Last price: $117.30
2026-10-06 18:22:17,861 | [NEM] ACTION: No trade.
2026-10-06 18:22:17,892 | [NFLX] trending (ADX 34.5) -> trend-following strategy | Signal: HOLD | Shares held: 0.0 | Last price: $68.23
2026-10-06 18:22:17,892 | [NFLX] ACTION: No trade.
2026-10-06 18:22:17,923 | [NI] trending (ADX 55.0) -> trend-following strategy | Signal: HOLD | Shares held: 0.0 | Last price: $40.44
2026-10-06 18:22:17,923 | [NI] ACTION: No trade.
2026-10-06 18:22:17,953 | [NKE] choppy/sideways (ADX 21.4) -> mean-reversion strategy | Signal: HOLD | Shares held: 0.0 | Last price: $34.35
2026-10-06 18:22:17,953 | [NKE] ACTION: No trade.
2026-10-06 18:22:17,984 | [NOC] choppy/sideways (ADX 24.7) -> mean-reversion strategy | Signal: HOLD | Shares held: 0.0 | Last price: $485.06
2026-10-06 18:22:17,984 | [NOC] ACTION: No trade.
2026-10-06 18:22:18,015 | [NOW] choppy/sideways (ADX 18.5) -> mean-reversion strategy | Signal: HOLD | Shares held: 0.0 | Last price: $137.17
2026-10-06 18:22:18,015 | [NOW] ACTION: No trade.
2026-10-06 18:22:18,046 | [NRG] trending (ADX 49.7) -> trend-following strategy | Signal: HOLD | Shares held: 0.0 | Last price: $103.66
2026-10-06 18:22:18,046 | [NRG] ACTION: No trade.
2026-10-06 18:22:18,076 | [NSC] choppy/sideways (ADX 17.6) -> mean-reversion strategy | Signal: HOLD | Shares held: 0.0 | Last price: $315.67
2026-10-06 18:22:18,076 | [NSC] ACTION: No trade.
2026-10-06 18:22:18,106 | [NTAP] trending (ADX 31.1) -> trend-following strategy | Signal: HOLD | Shares held: 0.0 | Last price: $229.27
2026-10-06 18:22:18,107 | [NTAP] ACTION: No trade.
2026-10-06 18:22:18,138 | [NTRS] choppy/sideways (ADX 24.5) -> mean-reversion strategy | Signal: HOLD | Shares held: 0.0 | Last price: $169.81
2026-10-06 18:22:18,138 | [NTRS] ACTION: No trade.
2026-10-06 18:22:18,169 | [NUE] trending (ADX 26.2) -> trend-following strategy | Signal: HOLD | Shares held: 0.0 | Last price: $252.48
2026-10-06 18:22:18,169 | [NUE] ACTION: No trade.
2026-10-06 18:22:18,200 | [NVDA] trending (ADX 25.9) -> trend-following strategy | Signal: HOLD | Shares held: 0.0 | Last price: $240.18
2026-10-06 18:22:18,200 | [NVDA] ACTION: No trade.
2026-10-06 18:22:18,230 | [NVR] choppy/sideways (ADX 14.4) -> mean-reversion strategy | Signal: HOLD | Shares held: 0.0 | Last price: $6034.57
2026-10-06 18:22:18,230 | [NVR] ACTION: No trade.
2026-10-06 18:22:18,261 | [NWSA] trending (ADX 28.5) -> trend-following strategy | Signal: HOLD | Shares held: 0.0 | Last price: $28.39
2026-10-06 18:22:18,261 | [NWSA] ACTION: No trade.
2026-10-06 18:22:18,291 | [NXPI] choppy/sideways (ADX 24.1) -> mean-reversion strategy | Signal: HOLD | Shares held: 0.0 | Last price: $243.45
2026-10-06 18:22:18,291 | [NXPI] ACTION: No trade.
2026-10-06 18:22:18,322 | [O] choppy/sideways (ADX 9.3) -> mean-reversion strategy | Signal: HOLD | Shares held: 0.0 | Last price: $54.01
2026-10-06 18:22:18,322 | [O] ACTION: No trade.
2026-10-06 18:22:18,352 | [ODFL] choppy/sideways (ADX 20.9) -> mean-reversion strategy | Signal: HOLD | Shares held: 0.0 | Last price: $179.54
2026-10-06 18:22:18,352 | [ODFL] ACTION: No trade.
2026-10-06 18:22:18,383 | [OKE] choppy/sideways (ADX 20.5) -> mean-reversion strategy | Signal: HOLD | Shares held: 0.0 | Last price: $89.73
2026-10-06 18:22:18,383 | [OKE] ACTION: No trade.
2026-10-06 18:22:18,414 | [OMC] choppy/sideways (ADX 17.2) -> mean-reversion strategy | Signal: HOLD | Shares held: 0.0 | Last price: $74.80
2026-10-06 18:22:18,414 | [OMC] ACTION: No trade.
2026-10-06 18:22:18,444 | [ON] trending (ADX 33.3) -> trend-following strategy | Signal: HOLD | Shares held: 0.0 | Last price: $86.25
2026-10-06 18:22:18,444 | [ON] ACTION: No trade.
2026-10-06 18:22:18,476 | [ORCL] trending (ADX 32.8) -> trend-following strategy | Signal: HOLD | Shares held: 0.0 | Last price: $146.07
2026-10-06 18:22:18,476 | [ORCL] ACTION: No trade.
2026-10-06 18:22:18,507 | [ORLY] choppy/sideways (ADX 17.1) -> mean-reversion strategy | Signal: HOLD | Shares held: 0.0 | Last price: $85.21
2026-10-06 18:22:18,507 | [ORLY] ACTION: No trade.
2026-10-06 18:22:18,538 | [OTIS] trending (ADX 33.0) -> trend-following strategy | Signal: HOLD | Shares held: 0.0 | Last price: $66.13
2026-10-06 18:22:18,538 | [OTIS] ACTION: No trade.
2026-10-06 18:22:18,569 | [OXY] choppy/sideways (ADX 13.2) -> mean-reversion strategy | Signal: HOLD | Shares held: 0.0 | Last price: $58.70
2026-10-06 18:22:18,569 | [OXY] ACTION: No trade.
2026-10-06 18:22:18,600 | [P] trending (ADX 41.3) -> trend-following strategy | Signal: HOLD | Shares held: 0.0 | Last price: $147.96
2026-10-06 18:22:18,600 | [P] ACTION: No trade.
2026-10-06 18:22:18,630 | [PANW] trending (ADX 28.3) -> trend-following strategy | Signal: HOLD | Shares held: 0.0 | Last price: $418.60
2026-10-06 18:22:18,631 | [PANW] ACTION: No trade.
2026-10-06 18:22:18,661 | [PAYX] trending (ADX 25.3) -> trend-following strategy | Signal: HOLD | Shares held: 0.0 | Last price: $100.63
2026-10-06 18:22:18,661 | [PAYX] ACTION: No trade.
2026-10-06 18:22:18,692 | [PCAR] choppy/sideways (ADX 20.6) -> mean-reversion strategy | Signal: HOLD | Shares held: 0.0 | Last price: $109.02
2026-10-06 18:22:18,693 | [PCAR] ACTION: No trade.
2026-10-06 18:22:18,723 | [PCG] choppy/sideways (ADX 18.4) -> mean-reversion strategy | Signal: HOLD | Shares held: 0.0 | Last price: $12.43
2026-10-06 18:22:18,723 | [PCG] ACTION: No trade.
2026-10-06 18:22:18,754 | [PEG] trending (ADX 62.6) -> trend-following strategy | Signal: HOLD | Shares held: 0.0 | Last price: $71.31
2026-10-06 18:22:18,754 | [PEG] ACTION: No trade.
2026-10-06 18:22:18,785 | [PEP] trending (ADX 31.8) -> trend-following strategy | Signal: HOLD | Shares held: 0.0 | Last price: $125.09
2026-10-06 18:22:18,785 | [PEP] ACTION: No trade.
2026-10-06 18:22:18,815 | [PFE] choppy/sideways (ADX 18.0) -> mean-reversion strategy | Signal: HOLD | Shares held: 0.0 | Last price: $27.34
2026-10-06 18:22:18,815 | [PFE] ACTION: No trade.
2026-10-06 18:22:18,846 | [PFG] trending (ADX 32.2) -> trend-following strategy | Signal: HOLD | Shares held: 0.0 | Last price: $110.56
2026-10-06 18:22:18,846 | [PFG] ACTION: No trade.
2026-10-06 18:22:18,876 | [PG] trending (ADX 48.9) -> trend-following strategy | Signal: HOLD | Shares held: 0.0 | Last price: $148.65
2026-10-06 18:22:18,877 | [PG] ACTION: No trade.
2026-10-06 18:22:18,907 | [PGR] trending (ADX 25.9) -> trend-following strategy | Signal: HOLD | Shares held: 0.0 | Last price: $212.12
2026-10-06 18:22:18,907 | [PGR] ACTION: No trade.
2026-10-06 18:22:18,938 | [PH] choppy/sideways (ADX 19.7) -> mean-reversion strategy | Signal: HOLD | Shares held: 0.0 | Last price: $988.66
2026-10-06 18:22:18,938 | [PH] ACTION: No trade.
2026-10-06 18:22:18,969 | [PHM] trending (ADX 29.9) -> trend-following strategy | Signal: HOLD | Shares held: 0.0 | Last price: $116.30
2026-10-06 18:22:18,969 | [PHM] ACTION: No trade.
2026-10-06 18:22:18,999 | [PKG] choppy/sideways (ADX 21.6) -> mean-reversion strategy | Signal: HOLD | Shares held: 0.0 | Last price: $229.94
2026-10-06 18:22:18,999 | [PKG] ACTION: No trade.
2026-10-06 18:22:19,031 | [PLD] choppy/sideways (ADX 14.8) -> mean-reversion strategy | Signal: HOLD | Shares held: 0.0 | Last price: $129.23
2026-10-06 18:22:19,031 | [PLD] ACTION: No trade.
2026-10-06 18:22:19,061 | [PLTR] choppy/sideways (ADX 19.7) -> mean-reversion strategy | Signal: HOLD | Shares held: 0.0 | Last price: $192.80
2026-10-06 18:22:19,061 | [PLTR] ACTION: No trade.
2026-10-06 18:22:19,092 | [PM] choppy/sideways (ADX 15.4) -> mean-reversion strategy | Signal: HOLD | Shares held: 0.0 | Last price: $190.42
2026-10-06 18:22:19,092 | [PM] ACTION: No trade.
2026-10-06 18:22:19,123 | [PNC] choppy/sideways (ADX 17.2) -> mean-reversion strategy | Signal: HOLD | Shares held: 0.0 | Last price: $219.59
2026-10-06 18:22:19,123 | [PNC] ACTION: No trade.
2026-10-06 18:22:19,154 | [PNR] choppy/sideways (ADX 16.0) -> mean-reversion strategy | Signal: HOLD | Shares held: 0.0 | Last price: $53.03
2026-10-06 18:22:19,154 | [PNR] ACTION: No trade.
2026-10-06 18:22:19,185 | [PNW] trending (ADX 36.2) -> trend-following strategy | Signal: HOLD | Shares held: 0.0 | Last price: $97.73
2026-10-06 18:22:19,185 | [PNW] ACTION: No trade.
2026-10-06 18:22:19,215 | [PODD] trending (ADX 34.7) -> trend-following strategy | Signal: HOLD | Shares held: 0.0 | Last price: $135.38
2026-10-06 18:22:19,216 | [PODD] ACTION: No trade.
2026-10-06 18:22:19,246 | [PPG] trending (ADX 29.8) -> trend-following strategy | Signal: HOLD | Shares held: 0.0 | Last price: $106.47
2026-10-06 18:22:19,246 | [PPG] ACTION: No trade.
2026-10-06 18:22:19,278 | [PPL] trending (ADX 45.4) -> trend-following strategy | Signal: HOLD | Shares held: 0.0 | Last price: $33.52
2026-10-06 18:22:19,278 | [PPL] ACTION: No trade.
2026-10-06 18:22:19,309 | [PRU] choppy/sideways (ADX 21.6) -> mean-reversion strategy | Signal: HOLD | Shares held: 0.0 | Last price: $114.05
2026-10-06 18:22:19,309 | [PRU] ACTION: No trade.
2026-10-06 18:22:19,340 | [PSA] trending (ADX 25.4) -> trend-following strategy | Signal: HOLD | Shares held: 0.0 | Last price: $286.27
2026-10-06 18:22:19,340 | [PSA] ACTION: No trade.
2026-10-06 18:22:19,371 | [PSX] choppy/sideways (ADX 13.7) -> mean-reversion strategy | Signal: HOLD | Shares held: 0.0 | Last price: $270.77
2026-10-06 18:22:19,371 | [PSX] ACTION: No trade.
2026-10-06 18:22:19,401 | [PTC] trending (ADX 67.0) -> trend-following strategy | Signal: HOLD | Shares held: 0.0 | Last price: $193.16
2026-10-06 18:22:19,402 | [PTC] ACTION: No trade.
2026-10-06 18:22:19,432 | [PWR] trending (ADX 37.0) -> trend-following strategy | Signal: HOLD | Shares held: 0.0 | Last price: $718.93
2026-10-06 18:22:19,432 | [PWR] ACTION: No trade.
2026-10-06 18:22:19,463 | [PYPL] trending (ADX 25.2) -> trend-following strategy | Signal: HOLD | Shares held: 0.0 | Last price: $54.77
2026-10-06 18:22:19,464 | [PYPL] ACTION: No trade.
2026-10-06 18:22:19,495 | [Q] choppy/sideways (ADX 15.9) -> mean-reversion strategy | Signal: HOLD | Shares held: 0.0 | Last price: $132.14
2026-10-06 18:22:19,495 | [Q] ACTION: No trade.
2026-10-06 18:22:19,525 | [QCOM] trending (ADX 29.9) -> trend-following strategy | Signal: HOLD | Shares held: 0.0 | Last price: $182.21
2026-10-06 18:22:19,525 | [QCOM] ACTION: No trade.
2026-10-06 18:22:19,555 | [RCL] trending (ADX 45.4) -> trend-following strategy | Signal: HOLD | Shares held: 0.0 | Last price: $286.56
2026-10-06 18:22:19,556 | [RCL] ACTION: No trade.
2026-10-06 18:22:19,587 | [RDDT] choppy/sideways (ADX 11.2) -> mean-reversion strategy | Signal: HOLD | Shares held: 0.0 | Last price: $148.90
2026-10-06 18:22:19,587 | [RDDT] ACTION: No trade.
2026-10-06 18:22:19,617 | [REGN] choppy/sideways (ADX 15.0) -> mean-reversion strategy | Signal: HOLD | Shares held: 0.0 | Last price: $732.45
2026-10-06 18:22:19,617 | [REGN] ACTION: No trade.
2026-10-06 18:22:19,648 | [RF] choppy/sideways (ADX 20.4) -> mean-reversion strategy | Signal: HOLD | Shares held: 0.0 | Last price: $27.05
2026-10-06 18:22:19,648 | [RF] ACTION: No trade.
2026-10-06 18:22:19,680 | [RJF] trending (ADX 26.7) -> trend-following strategy | Signal: HOLD | Shares held: 0.0 | Last price: $160.13
2026-10-06 18:22:19,680 | [RJF] ACTION: No trade.
2026-10-06 18:22:19,711 | [RL] choppy/sideways (ADX 16.6) -> mean-reversion strategy | Signal: HOLD | Shares held: 0.0 | Last price: $365.70
2026-10-06 18:22:19,711 | [RL] ACTION: No trade.
2026-10-06 18:22:19,742 | [RMD] choppy/sideways (ADX 19.8) -> mean-reversion strategy | Signal: HOLD | Shares held: 0.0 | Last price: $221.28
2026-10-06 18:22:19,742 | [RMD] ACTION: No trade.
2026-10-06 18:22:19,773 | [ROK] choppy/sideways (ADX 17.5) -> mean-reversion strategy | Signal: HOLD | Shares held: 0.0 | Last price: $456.32
2026-10-06 18:22:19,773 | [ROK] ACTION: No trade.
2026-10-06 18:22:19,804 | [ROL] trending (ADX 35.4) -> trend-following strategy | Signal: HOLD | Shares held: 0.0 | Last price: $30.25
2026-10-06 18:22:19,804 | [ROL] ACTION: No trade.
2026-10-06 18:22:19,835 | [ROP] choppy/sideways (ADX 20.2) -> mean-reversion strategy | Signal: HOLD | Shares held: 0.0 | Last price: $361.03
2026-10-06 18:22:19,835 | [ROP] ACTION: No trade.
2026-10-06 18:22:19,866 | [ROST] trending (ADX 29.9) -> trend-following strategy | Signal: HOLD | Shares held: 0.0 | Last price: $222.10
2026-10-06 18:22:19,866 | [ROST] ACTION: No trade.
2026-10-06 18:22:19,897 | [RSG] trending (ADX 47.7) -> trend-following strategy | Signal: HOLD | Shares held: 0.0 | Last price: $215.10
2026-10-06 18:22:19,897 | [RSG] ACTION: No trade.
2026-10-06 18:22:19,927 | [RTX] choppy/sideways (ADX 17.5) -> mean-reversion strategy | Signal: HOLD | Shares held: 0.0 | Last price: $183.27
2026-10-06 18:22:19,927 | [RTX] ACTION: No trade.
2026-10-06 18:22:19,958 | [RVTY] choppy/sideways (ADX 13.5) -> mean-reversion strategy | Signal: HOLD | Shares held: 0.0 | Last price: $154.19
2026-10-06 18:22:19,958 | [RVTY] ACTION: No trade.
2026-10-06 18:22:19,989 | [SBAC] trending (ADX 47.8) -> trend-following strategy | Signal: HOLD | Shares held: 0.0 | Last price: $167.99
2026-10-06 18:22:19,990 | [SBAC] ACTION: No trade.
2026-10-06 18:22:20,021 | [SBUX] choppy/sideways (ADX 20.5) -> mean-reversion strategy | Signal: HOLD | Shares held: 0.0 | Last price: $95.69
2026-10-06 18:22:20,021 | [SBUX] ACTION: No trade.
2026-10-06 18:22:20,051 | [SCHW] choppy/sideways (ADX 22.8) -> mean-reversion strategy | Signal: HOLD | Shares held: 0.0 | Last price: $97.25
2026-10-06 18:22:20,052 | [SCHW] ACTION: No trade.
2026-10-06 18:22:20,082 | [SHW] choppy/sideways (ADX 18.1) -> mean-reversion strategy | Signal: HOLD | Shares held: 0.0 | Last price: $322.61
2026-10-06 18:22:20,082 | [SHW] ACTION: No trade.
2026-10-06 18:22:20,113 | [SJM] choppy/sideways (ADX 15.5) -> mean-reversion strategy | Signal: HOLD | Shares held: 0.0 | Last price: $116.83
2026-10-06 18:22:20,113 | [SJM] ACTION: No trade.
2026-10-06 18:22:20,143 | [SLB] choppy/sideways (ADX 19.9) -> mean-reversion strategy | Signal: HOLD | Shares held: 0.0 | Last price: $50.01
2026-10-06 18:22:20,144 | [SLB] ACTION: No trade.
2026-10-06 18:22:20,174 | [SMCI] choppy/sideways (ADX 17.3) -> mean-reversion strategy | Signal: HOLD | Shares held: 0.0 | Last price: $43.54
2026-10-06 18:22:20,174 | [SMCI] ACTION: No trade.
2026-10-06 18:22:20,205 | [SNDK] trending (ADX 33.2) -> trend-following strategy | Signal: HOLD | Shares held: 0.0 | Last price: $1672.72
2026-10-06 18:22:20,205 | [SNDK] ACTION: No trade.
2026-10-06 18:22:20,236 | [SNPS] trending (ADX 35.4) -> trend-following strategy | Signal: HOLD | Shares held: 0.0 | Last price: $505.62
2026-10-06 18:22:20,236 | [SNPS] ACTION: No trade.
2026-10-06 18:22:20,267 | [SO] trending (ADX 30.8) -> trend-following strategy | Signal: HOLD | Shares held: 0.0 | Last price: $84.85
2026-10-06 18:22:20,268 | [SO] ACTION: No trade.
2026-10-06 18:22:20,298 | [SPG] choppy/sideways (ADX 10.8) -> mean-reversion strategy | Signal: HOLD | Shares held: 0.0 | Last price: $201.53
2026-10-06 18:22:20,298 | [SPG] ACTION: No trade.
2026-10-06 18:22:20,329 | [SPGI] trending (ADX 48.0) -> trend-following strategy | Signal: HOLD | Shares held: 0.0 | Last price: $396.62
2026-10-06 18:22:20,329 | [SPGI] ACTION: No trade.
2026-10-06 18:22:20,360 | [SRE] trending (ADX 39.9) -> trend-following strategy | Signal: HOLD | Shares held: 0.0 | Last price: $79.42
2026-10-06 18:22:20,360 | [SRE] ACTION: No trade.
2026-10-06 18:22:20,390 | [STE] choppy/sideways (ADX 18.5) -> mean-reversion strategy | Signal: HOLD | Shares held: 0.0 | Last price: $209.48
2026-10-06 18:22:20,391 | [STE] ACTION: No trade.
2026-10-06 18:22:20,421 | [STLD] choppy/sideways (ADX 23.0) -> mean-reversion strategy | Signal: HOLD | Shares held: 0.0 | Last price: $240.15
2026-10-06 18:22:20,421 | [STLD] ACTION: No trade.
2026-10-06 18:22:20,452 | [STT] choppy/sideways (ADX 22.5) -> mean-reversion strategy | Signal: HOLD | Shares held: 0.0 | Last price: $176.10
2026-10-06 18:22:20,452 | [STT] ACTION: No trade.
2026-10-06 18:22:20,482 | [STX] trending (ADX 51.1) -> trend-following strategy | Signal: HOLD | Shares held: 0.0 | Last price: $804.05
2026-10-06 18:22:20,482 | [STX] ACTION: No trade.
2026-10-06 18:22:20,514 | [STZ] trending (ADX 29.4) -> trend-following strategy | Signal: HOLD | Shares held: 0.0 | Last price: $115.03
2026-10-06 18:22:20,514 | [STZ] ACTION: No trade.
2026-10-06 18:22:20,545 | [SW] choppy/sideways (ADX 13.7) -> mean-reversion strategy | Signal: HOLD | Shares held: 0.0 | Last price: $42.39
2026-10-06 18:22:20,545 | [SW] ACTION: No trade.
2026-10-06 18:22:20,576 | [SWK] choppy/sideways (ADX 12.4) -> mean-reversion strategy | Signal: HOLD | Shares held: 0.0 | Last price: $90.36
2026-10-06 18:22:20,576 | [SWK] ACTION: No trade.
2026-10-06 18:22:20,607 | [SWKS] choppy/sideways (ADX 10.8) -> mean-reversion strategy | Signal: HOLD | Shares held: 0.0 | Last price: $81.14
2026-10-06 18:22:20,607 | [SWKS] ACTION: No trade.
2026-10-06 18:22:20,638 | [SYF] choppy/sideways (ADX 18.6) -> mean-reversion strategy | Signal: HOLD | Shares held: 0.0 | Last price: $71.87
2026-10-06 18:22:20,638 | [SYF] ACTION: No trade.
2026-10-06 18:22:20,669 | [SYK] trending (ADX 43.1) -> trend-following strategy | Signal: HOLD | Shares held: 0.0 | Last price: $280.01
2026-10-06 18:22:20,669 | [SYK] ACTION: No trade.
2026-10-06 18:22:20,700 | [SYY] choppy/sideways (ADX 17.8) -> mean-reversion strategy | Signal: HOLD | Shares held: 0.0 | Last price: $77.04
2026-10-06 18:22:20,701 | [SYY] ACTION: No trade.
2026-10-06 18:22:20,731 | [T] choppy/sideways (ADX 21.5) -> mean-reversion strategy | Signal: HOLD | Shares held: 0.0 | Last price: $24.29
2026-10-06 18:22:20,731 | [T] ACTION: No trade.
2026-10-06 18:22:20,761 | [TDG] choppy/sideways (ADX 23.7) -> mean-reversion strategy | Signal: HOLD | Shares held: 0.0 | Last price: $1107.61
2026-10-06 18:22:20,761 | [TDG] ACTION: No trade.
2026-10-06 18:22:20,792 | [TDY] choppy/sideways (ADX 13.5) -> mean-reversion strategy | Signal: HOLD | Shares held: 0.0 | Last price: $624.15
2026-10-06 18:22:20,792 | [TDY] ACTION: No trade.
2026-10-06 18:22:20,822 | [TECH] choppy/sideways (ADX 16.7) -> mean-reversion strategy | Signal: HOLD | Shares held: 0.0 | Last price: $72.45
2026-10-06 18:22:20,822 | [TECH] ACTION: No trade.
2026-10-06 18:22:20,852 | [TEL] choppy/sideways (ADX 15.0) -> mean-reversion strategy | Signal: HOLD | Shares held: 0.0 | Last price: $220.76
2026-10-06 18:22:20,852 | [TEL] ACTION: No trade.
2026-10-06 18:22:20,882 | [TER] trending (ADX 36.6) -> trend-following strategy | Signal: HOLD | Shares held: 0.0 | Last price: $431.00
2026-10-06 18:22:20,883 | [TER] ACTION: No trade.
2026-10-06 18:22:20,913 | [TFC] choppy/sideways (ADX 18.1) -> mean-reversion strategy | Signal: HOLD | Shares held: 0.0 | Last price: $46.30
2026-10-06 18:22:20,913 | [TFC] ACTION: No trade.
2026-10-06 18:22:20,945 | [TGT] choppy/sideways (ADX 15.7) -> mean-reversion strategy | Signal: HOLD | Shares held: 0.0 | Last price: $153.18
2026-10-06 18:22:20,945 | [TGT] ACTION: No trade.
2026-10-06 18:22:20,976 | [TJX] trending (ADX 26.2) -> trend-following strategy | Signal: HOLD | Shares held: 0.0 | Last price: $135.70
2026-10-06 18:22:20,976 | [TJX] ACTION: No trade.
2026-10-06 18:22:21,007 | [TKO] choppy/sideways (ADX 17.7) -> mean-reversion strategy | Signal: HOLD | Shares held: 0.0 | Last price: $175.78
2026-10-06 18:22:21,007 | [TKO] ACTION: No trade.
2026-10-06 18:22:21,039 | [TMO] choppy/sideways (ADX 15.5) -> mean-reversion strategy | Signal: HOLD | Shares held: 0.0 | Last price: $663.33
2026-10-06 18:22:21,039 | [TMO] ACTION: No trade.
2026-10-06 18:22:21,069 | [TMUS] choppy/sideways (ADX 10.1) -> mean-reversion strategy | Signal: HOLD | Shares held: 0.0 | Last price: $164.07
2026-10-06 18:22:21,070 | [TMUS] ACTION: No trade.
2026-10-06 18:22:21,100 | [TPL] trending (ADX 35.7) -> trend-following strategy | Signal: HOLD | Shares held: 0.0 | Last price: $355.74
2026-10-06 18:22:21,100 | [TPL] ACTION: No trade.
2026-10-06 18:22:21,131 | [TPR] choppy/sideways (ADX 18.1) -> mean-reversion strategy | Signal: HOLD | Shares held: 0.0 | Last price: $115.61
2026-10-06 18:22:21,131 | [TPR] ACTION: No trade.
2026-10-06 18:22:21,162 | [TRGP] choppy/sideways (ADX 24.5) -> mean-reversion strategy | Signal: HOLD | Shares held: 0.0 | Last price: $284.86
2026-10-06 18:22:21,162 | [TRGP] ACTION: No trade.
2026-10-06 18:22:21,192 | [TRMB] trending (ADX 34.9) -> trend-following strategy | Signal: HOLD | Shares held: 0.0 | Last price: $60.84
2026-10-06 18:22:21,193 | [TRMB] ACTION: No trade.
2026-10-06 18:22:21,223 | [TROW] trending (ADX 25.3) -> trend-following strategy | Signal: HOLD | Shares held: 0.0 | Last price: $103.76
2026-10-06 18:22:21,223 | [TROW] ACTION: No trade.
2026-10-06 18:22:21,254 | [TRV] choppy/sideways (ADX 12.8) -> mean-reversion strategy | Signal: HOLD | Shares held: 0.0 | Last price: $360.33
2026-10-06 18:22:21,254 | [TRV] ACTION: No trade.
2026-10-06 18:22:21,285 | [TSCO] trending (ADX 52.9) -> trend-following strategy | Signal: HOLD | Shares held: 0.0 | Last price: $32.24
2026-10-06 18:22:21,285 | [TSCO] ACTION: No trade.
2026-10-06 18:22:21,316 | [TSLA] trending (ADX 27.6) -> trend-following strategy | Signal: HOLD | Shares held: 0.0 | Last price: $380.55
2026-10-06 18:22:21,316 | [TSLA] ACTION: No trade.
2026-10-06 18:22:21,347 | [TSN] choppy/sideways (ADX 24.2) -> mean-reversion strategy | Signal: HOLD | Shares held: 0.0 | Last price: $51.95
2026-10-06 18:22:21,347 | [TSN] ACTION: No trade.
2026-10-06 18:22:21,377 | [TT] trending (ADX 34.9) -> trend-following strategy | Signal: HOLD | Shares held: 0.0 | Last price: $478.39
2026-10-06 18:22:21,377 | [TT] ACTION: No trade.
2026-10-06 18:22:21,408 | [TTWO] choppy/sideways (ADX 20.4) -> mean-reversion strategy | Signal: HOLD | Shares held: 0.0 | Last price: $202.84
2026-10-06 18:22:21,408 | [TTWO] ACTION: No trade.
2026-10-06 18:22:21,439 | [TXN] trending (ADX 46.6) -> trend-following strategy | Signal: HOLD | Shares held: 0.0 | Last price: $298.37
2026-10-06 18:22:21,439 | [TXN] ACTION: No trade.
2026-10-06 18:22:21,470 | [TXT] choppy/sideways (ADX 19.9) -> mean-reversion strategy | Signal: HOLD | Shares held: 0.0 | Last price: $75.52
2026-10-06 18:22:21,470 | [TXT] ACTION: No trade.
2026-10-06 18:22:21,501 | [TYL] trending (ADX 25.8) -> trend-following strategy | Signal: HOLD | Shares held: 0.0 | Last price: $331.12
2026-10-06 18:22:21,501 | [TYL] ACTION: No trade.
2026-10-06 18:22:21,532 | [UAL] choppy/sideways (ADX 18.6) -> mean-reversion strategy | Signal: HOLD | Shares held: 0.0 | Last price: $111.13
2026-10-06 18:22:21,532 | [UAL] ACTION: No trade.
2026-10-06 18:22:21,562 | [UBER] choppy/sideways (ADX 20.8) -> mean-reversion strategy | Signal: HOLD | Shares held: 0.0 | Last price: $68.87
2026-10-06 18:22:21,563 | [UBER] ACTION: No trade.
2026-10-06 18:22:21,594 | [UDR] trending (ADX 29.8) -> trend-following strategy | Signal: HOLD | Shares held: 0.0 | Last price: $33.94
2026-10-06 18:22:21,594 | [UDR] ACTION: No trade.
2026-10-06 18:22:21,625 | [UHS] choppy/sideways (ADX 17.2) -> mean-reversion strategy | Signal: HOLD | Shares held: 0.0 | Last price: $176.54
2026-10-06 18:22:21,626 | [UHS] ACTION: No trade.
2026-10-06 18:22:21,656 | [ULTA] choppy/sideways (ADX 14.0) -> mean-reversion strategy | Signal: HOLD | Shares held: 0.0 | Last price: $544.18
2026-10-06 18:22:21,657 | [ULTA] ACTION: No trade.
2026-10-06 18:22:21,687 | [UNH] choppy/sideways (ADX 12.8) -> mean-reversion strategy | Signal: HOLD | Shares held: 0.0 | Last price: $374.54
2026-10-06 18:22:21,687 | [UNH] ACTION: No trade.
2026-10-06 18:22:21,718 | [UNP] choppy/sideways (ADX 15.9) -> mean-reversion strategy | Signal: HOLD | Shares held: 0.0 | Last price: $276.13
2026-10-06 18:22:21,718 | [UNP] ACTION: No trade.
2026-10-06 18:22:21,749 | [UPS] choppy/sideways (ADX 22.8) -> mean-reversion strategy | Signal: HOLD | Shares held: 0.0 | Last price: $92.92
2026-10-06 18:22:21,749 | [UPS] ACTION: No trade.
2026-10-06 18:22:21,780 | [URI] choppy/sideways (ADX 19.7) -> mean-reversion strategy | Signal: HOLD | Shares held: 0.0 | Last price: $1091.61
2026-10-06 18:22:21,780 | [URI] ACTION: No trade.
2026-10-06 18:22:21,812 | [USB] trending (ADX 27.9) -> trend-following strategy | Signal: HOLD | Shares held: 0.0 | Last price: $57.15
2026-10-06 18:22:21,812 | [USB] ACTION: No trade.
2026-10-06 18:22:21,844 | [V] choppy/sideways (ADX 19.1) -> mean-reversion strategy | Signal: HOLD | Shares held: 0.0 | Last price: $369.82
2026-10-06 18:22:21,844 | [V] ACTION: No trade.
2026-10-06 18:22:21,875 | [VEEV] trending (ADX 33.4) -> trend-following strategy | Signal: HOLD | Shares held: 0.0 | Last price: $284.96
2026-10-06 18:22:21,875 | [VEEV] ACTION: No trade.
2026-10-06 18:22:21,909 | [VICI] choppy/sideways (ADX 14.6) -> mean-reversion strategy | Signal: HOLD | Shares held: 0.0 | Last price: $22.75
2026-10-06 18:22:21,909 | [VICI] ACTION: No trade.
2026-10-06 18:22:21,953 | [VLO] choppy/sideways (ADX 18.0) -> mean-reversion strategy | Signal: HOLD | Shares held: 0.0 | Last price: $420.95
2026-10-06 18:22:21,953 | [VLO] ACTION: No trade.
2026-10-06 18:22:21,984 | [VLTO] choppy/sideways (ADX 21.8) -> mean-reversion strategy | Signal: HOLD | Shares held: 0.0 | Last price: $96.48
2026-10-06 18:22:21,984 | [VLTO] ACTION: No trade.
2026-10-06 18:22:22,016 | [VMC] trending (ADX 42.2) -> trend-following strategy | Signal: HOLD | Shares held: 0.0 | Last price: $249.31
2026-10-06 18:22:22,016 | [VMC] ACTION: No trade.
2026-10-06 18:22:22,110 | [VMRK] choppy/sideways (ADX 19.3) -> mean-reversion strategy | Signal: HOLD | Shares held: 0.0 | Last price: $60.31
2026-10-06 18:22:22,110 | [VMRK] ACTION: No trade.
2026-10-06 18:22:22,141 | [VRSK] trending (ADX 36.9) -> trend-following strategy | Signal: HOLD | Shares held: 0.0 | Last price: $164.63
2026-10-06 18:22:22,141 | [VRSK] ACTION: No trade.
2026-10-06 18:22:22,171 | [VRSN] choppy/sideways (ADX 19.0) -> mean-reversion strategy | Signal: HOLD | Shares held: 0.0 | Last price: $292.31
2026-10-06 18:22:22,171 | [VRSN] ACTION: No trade.
2026-10-06 18:22:22,201 | [VRT] choppy/sideways (ADX 12.8) -> mean-reversion strategy | Signal: HOLD | Shares held: 0.0 | Last price: $253.66
2026-10-06 18:22:22,201 | [VRT] ACTION: No trade.
2026-10-06 18:22:22,231 | [VRTX] choppy/sideways (ADX 9.0) -> mean-reversion strategy | Signal: HOLD | Shares held: 0.0 | Last price: $501.90
2026-10-06 18:22:22,231 | [VRTX] ACTION: No trade.
2026-10-06 18:22:22,261 | [VST] trending (ADX 59.3) -> trend-following strategy | Signal: HOLD | Shares held: 0.0 | Last price: $159.76
2026-10-06 18:22:22,262 | [VST] ACTION: No trade.
2026-10-06 18:22:22,292 | [VTR] trending (ADX 35.8) -> trend-following strategy | Signal: HOLD | Shares held: 0.0 | Last price: $81.67
2026-10-06 18:22:22,292 | [VTR] ACTION: No trade.
2026-10-06 18:22:22,322 | [VTRS] choppy/sideways (ADX 15.1) -> mean-reversion strategy | Signal: HOLD | Shares held: 0.0 | Last price: $17.56
2026-10-06 18:22:22,322 | [VTRS] ACTION: No trade.
2026-10-06 18:22:22,352 | [VZ] choppy/sideways (ADX 19.0) -> mean-reversion strategy | Signal: HOLD | Shares held: 0.0 | Last price: $45.56
2026-10-06 18:22:22,352 | [VZ] ACTION: No trade.
2026-10-06 18:22:22,382 | [WAB] choppy/sideways (ADX 10.2) -> mean-reversion strategy | Signal: HOLD | Shares held: 0.0 | Last price: $294.03
2026-10-06 18:22:22,382 | [WAB] ACTION: No trade.
2026-10-06 18:22:22,414 | [WAT] choppy/sideways (ADX 21.3) -> mean-reversion strategy | Signal: HOLD | Shares held: 0.0 | Last price: $437.47
2026-10-06 18:22:22,414 | [WAT] ACTION: No trade.
2026-10-06 18:22:22,444 | [WBD] trending (ADX 72.2) -> trend-following strategy | Signal: HOLD | Shares held: 0.0 | Last price: $30.97
2026-10-06 18:22:22,444 | [WBD] ACTION: No trade.
2026-10-06 18:22:22,476 | [WDAY] trending (ADX 34.8) -> trend-following strategy | Signal: HOLD | Shares held: 0.0 | Last price: $186.74
2026-10-06 18:22:22,476 | [WDAY] ACTION: No trade.
2026-10-06 18:22:22,506 | [WDC] trending (ADX 34.6) -> trend-following strategy | Signal: HOLD | Shares held: 0.0 | Last price: $409.36
2026-10-06 18:22:22,506 | [WDC] ACTION: No trade.
2026-10-06 18:22:22,541 | [WEC] trending (ADX 35.5) -> trend-following strategy | Signal: HOLD | Shares held: 0.0 | Last price: $102.71
2026-10-06 18:22:22,541 | [WEC] ACTION: No trade.
2026-10-06 18:22:22,585 | [WELL] choppy/sideways (ADX 24.0) -> mean-reversion strategy | Signal: HOLD | Shares held: 0.0 | Last price: $225.05
2026-10-06 18:22:22,585 | [WELL] ACTION: No trade.
2026-10-06 18:22:22,616 | [WFC] choppy/sideways (ADX 15.4) -> mean-reversion strategy | Signal: HOLD | Shares held: 0.0 | Last price: $81.39
2026-10-06 18:22:22,616 | [WFC] ACTION: No trade.
2026-10-06 18:22:22,646 | [WM] trending (ADX 41.5) -> trend-following strategy | Signal: HOLD | Shares held: 0.0 | Last price: $207.99
2026-10-06 18:22:22,646 | [WM] ACTION: No trade.
2026-10-06 18:22:22,676 | [WMB] trending (ADX 36.3) -> trend-following strategy | Signal: HOLD | Shares held: 0.0 | Last price: $72.39
2026-10-06 18:22:22,677 | [WMB] ACTION: No trade.
2026-10-06 18:22:22,707 | [WMT] trending (ADX 48.4) -> trend-following strategy | Signal: HOLD | Shares held: 0.0 | Last price: $106.64
2026-10-06 18:22:22,708 | [WMT] ACTION: No trade.
2026-10-06 18:22:22,738 | [WRB] choppy/sideways (ADX 19.0) -> mean-reversion strategy | Signal: HOLD | Shares held: 0.0 | Last price: $69.86
2026-10-06 18:22:22,738 | [WRB] ACTION: No trade.
2026-10-06 18:22:22,768 | [WSM] trending (ADX 36.8) -> trend-following strategy | Signal: HOLD | Shares held: 0.0 | Last price: $242.65
2026-10-06 18:22:22,768 | [WSM] ACTION: No trade.
2026-10-06 18:22:22,799 | [WST] choppy/sideways (ADX 17.6) -> mean-reversion strategy | Signal: HOLD | Shares held: 0.0 | Last price: $374.35
2026-10-06 18:22:22,799 | [WST] ACTION: No trade.
2026-10-06 18:22:22,828 | [WTW] choppy/sideways (ADX 11.2) -> mean-reversion strategy | Signal: HOLD | Shares held: 0.0 | Last price: $290.66
2026-10-06 18:22:22,829 | [WTW] ACTION: No trade.
2026-10-06 18:22:22,859 | [WY] choppy/sideways (ADX 16.9) -> mean-reversion strategy | Signal: HOLD | Shares held: 0.0 | Last price: $18.39
2026-10-06 18:22:22,859 | [WY] ACTION: No trade.
2026-10-06 18:22:22,889 | [WYNN] choppy/sideways (ADX 22.1) -> mean-reversion strategy | Signal: HOLD | Shares held: 0.0 | Last price: $76.85
2026-10-06 18:22:22,889 | [WYNN] ACTION: No trade.
2026-10-06 18:22:22,920 | [XEL] choppy/sideways (ADX 18.6) -> mean-reversion strategy | Signal: HOLD | Shares held: 0.0 | Last price: $72.09
2026-10-06 18:22:22,920 | [XEL] ACTION: No trade.
2026-10-06 18:22:22,950 | [XOM] choppy/sideways (ADX 19.0) -> mean-reversion strategy | Signal: HOLD | Shares held: 0.0 | Last price: $165.45
2026-10-06 18:22:22,950 | [XOM] ACTION: No trade.
2026-10-06 18:22:22,980 | [XYL] choppy/sideways (ADX 20.7) -> mean-reversion strategy | Signal: HOLD | Shares held: 0.0 | Last price: $104.27
2026-10-06 18:22:22,981 | [XYL] ACTION: No trade.
2026-10-06 18:22:23,011 | [XYZ] choppy/sideways (ADX 22.7) -> mean-reversion strategy | Signal: HOLD | Shares held: 0.0 | Last price: $76.59
2026-10-06 18:22:23,011 | [XYZ] ACTION: No trade.
2026-10-06 18:22:23,041 | [YUM] trending (ADX 32.5) -> trend-following strategy | Signal: HOLD | Shares held: 0.0 | Last price: $139.03
2026-10-06 18:22:23,041 | [YUM] ACTION: No trade.
2026-10-06 18:22:23,071 | [ZBH] trending (ADX 25.9) -> trend-following strategy | Signal: HOLD | Shares held: 0.0 | Last price: $90.49
2026-10-06 18:22:23,072 | [ZBH] ACTION: No trade.
2026-10-06 18:22:23,102 | [ZBRA] choppy/sideways (ADX 20.2) -> mean-reversion strategy | Signal: HOLD | Shares held: 0.0 | Last price: $383.43
2026-10-06 18:22:23,102 | [ZBRA] ACTION: No trade.
2026-10-06 18:22:23,132 | [ZTS] choppy/sideways (ADX 22.1) -> mean-reversion strategy | Signal: HOLD | Shares held: 0.0 | Last price: $70.74
2026-10-06 18:22:23,132 | [ZTS] ACTION: No trade.
2026-10-06 18:37:23,545 | SCANNER: refreshing watchlist...
2026-10-06 18:37:23,783 | SCANNER: no candidates survived the price/extension filters.
2026-10-06 18:37:23,783 | SCANNER: every candidate this cycle was a leveraged/inverse ETF.
2026-10-06 18:37:42,938 | S&P 500 liquidity backstop -> NVDA, MU, TSLA, SNDK, AMD, INTC, MSFT, AAPL, AVGO, META, AMZN, GOOGL, MRVL, STX, WBD, WDC, MDT, GOOG, LITE, PTC, ORCL, NKE, PLTR, MRNA, BE, LLY, JNJ, DELL, TMO, ABBV, AMAT, LRCX, COST, PANW, GEV, HOOD, NFLX, MA, BRK.B, CAT, XOM, COHR, V, JPM, WMT, ACN, BA, CRM, LIN, CSCO, TJX, QCOM, VST, SWKS, BAC, MRK, APP, GS, TXN, CEG, AMGN, SNPS, UNH, DHR, CRWD, CVX, ILMN, KLAC, GE, COIN, MCK, PG, IBM, NEE, MS, VLO, UNP, KO, PM, CIEN, ADI, TT, CVS, CB, ON, HPE, MCD, MPC, ABT, NTAP, HD, GILD, SMCI, CTVA, NOC, DE, SPGI, ANET, GLW, TER, TGT, SYK, COF, BKNG, VZ, CDNS, BLK, AZO, WFC, ETN, WELL, C, PGR, PWR, SO, MPWR, COP, PEP, NOW, APH, CHRW, BMY, HWM, UBER, TMUS, DASH, FICO, MCO, URI, JCI, RCL, SBUX, PSX, DDOG, DHI, ROST, SCHW, AEP, CMI, GM, AXP, NXPI, INTU, VRT, VRTX, PNC, RTX, MMM, HCA, EMR, HUM, ORLY, WMB, FCX, ADP, WM, ISRG, REGN, SHW, HLT, FANG, ALL, CL, FTNT, PEG, LYV, EQIX, ABNB, ADBE, BNY, ECHO, PFE, MRSH, CASY, EOG, FIX, DIS, CSX, ADSK, FDX, AMT, MDLZ, CI, KEYS, GD, PLD, KKR, BSX, TFC, LOW, USB, EXC, CRH, MET, PCAR, CME, DUK, CAH, EXPE, LEN, HON, WAT, T, TRGP, MLM, P, VTR, IQV, APO, SLB, SYY, BX, IR, COR, AIG, AME, MAR, DAL, AON, A, ITW, PH, FERG, RDDT, CMG, NUE, ECL, VMRK, XEL, AJG, TPR, TDG, TSCO, BDX, MSI, MCHP, HBAN, UAL, ODFL, EBAY, VRSN, OTIS, ICE, YUM, EFX, LMT, GWW, STT, MNST, CBOE, ELV, CMS, TRV, CNP, WDAY, CRL, AXON, CCL, NEM, PODD, DLR, APD, ETR, FOXA, CARR, KDP, CTAS, TEL, WEC, WSM, VEEV, HONA, EXPD, AMP, RVTY, FITB, LULU, NSC, CMCSA, EQT, EME, CFG, VMC, PSA, CTSH, KR, KMB, OKE, DVN, RF, MO, PYPL, ROK, ROP, NRG, NDAQ, ED, LHX, ACGL, IBKR, FAST, HIG, WAB, RSG, TTWO, UPS, MSCI, NVR, PCG, AWK, KMI, PAYX, INCY, JBL, CVNA, OXY, SRE, EW, KEY, AEE, DGX, CNC, F, ARES, BKR, CBRE, AKAM, GIS, LNT, DTE, BBY, MTD, SPG, HSY, HUBB, ZTS, HPQ, BIIB, STZ, GRMN, D, FFIV, IDXX, EIX, DRI, CHTR, XYZ, STLD, CF, XYL, PPL, FE, FLEX, DLTR, CPAY, AFL, DXCM, EXE, GEHC, MTB, NCLH, COO, FSLR, EL, NI, WST, CCI, GPN, KHC, CHD, JBHT, TKO, ULTA, DG, RL, HST, ZBH, O, BG, RMD, LH, HAS, IRM, PHM, LUV, FDS, ROL, TECH, DPZ, CPRT, KVUE, PNW, IP, GEN, HAL, TROW, GNRC, FTV, EVRG, LII, ADM, LYB, Q, DOV, NTRS, HII, EXR, FDXF, SYF, PRU, RJF, FISV, MKC, VLTO, OMC, ALB, TSN, SW, BAX, TYL, WRB, DECK, MAA, VRSK, IEX, ES, TRMB, CDW, FIS, DOW, PPG, LVS, PFG, EG, ATO, IFF, APA, BRO, SWK, ZBRA, LDOS, STE, BEN, TXT, WTW, SBAC, ESS, ALGN, CLX, BALL, ALLE, GDDY, PNR, INVH, IVZ, SJM, HSIC, AVY, AES, UDR, PKG, WY, AMCR, IT, CSGP, APTV, TDY, MOS, VICI, NDSN, JKHY, KIM, J, CPT, VTRS, DOC, NWSA, MAS, WYNN, TPL, BR, ARE, GPC, L, DD, FRT, UHS, CINF, MGM, AIZ
2026-10-06 18:37:42,941 | SCANNER: new watchlist -> NVDA, MU, TSLA, SNDK, AMD, INTC, MSFT, AAPL, AVGO, META, AMZN, GOOGL, MRVL, STX, WBD, WDC, MDT, GOOG, LITE, PTC, ORCL, NKE, PLTR, MRNA, BE, LLY, JNJ, DELL, TMO, ABBV, AMAT, LRCX, COST, PANW, GEV, HOOD, NFLX, MA, BRK.B, CAT, XOM, COHR, V, JPM, WMT, ACN, BA, CRM, LIN, CSCO, TJX, QCOM, VST, SWKS, BAC, MRK, APP, GS, TXN, CEG, AMGN, SNPS, UNH, DHR, CRWD, CVX, ILMN, KLAC, GE, COIN, MCK, PG, IBM, NEE, MS, VLO, UNP, KO, PM, CIEN, ADI, TT, CVS, CB, ON, HPE, MCD, MPC, ABT, NTAP, HD, GILD, SMCI, CTVA, NOC, DE, SPGI, ANET, GLW, TER, TGT, SYK, COF, BKNG, VZ, CDNS, BLK, AZO, WFC, ETN, WELL, C, PGR, PWR, SO, MPWR, COP, PEP, NOW, APH, CHRW, BMY, HWM, UBER, TMUS, DASH, FICO, MCO, URI, JCI, RCL, SBUX, PSX, DDOG, DHI, ROST, SCHW, AEP, CMI, GM, AXP, NXPI, INTU, VRT, VRTX, PNC, RTX, MMM, HCA, EMR, HUM, ORLY, WMB, FCX, ADP, WM, ISRG, REGN, SHW, HLT, FANG, ALL, CL, FTNT, PEG, LYV, EQIX, ABNB, ADBE, BNY, ECHO, PFE, MRSH, CASY, EOG, FIX, DIS, CSX, ADSK, FDX, AMT, MDLZ, CI, KEYS, GD, PLD, KKR, BSX, TFC, LOW, USB, EXC, CRH, MET, PCAR, CME, DUK, CAH, EXPE, LEN, HON, WAT, T, TRGP, MLM, P, VTR, IQV, APO, SLB, SYY, BX, IR, COR, AIG, AME, MAR, DAL, AON, A, ITW, PH, FERG, RDDT, CMG, NUE, ECL, VMRK, XEL, AJG, TPR, TDG, TSCO, BDX, MSI, MCHP, HBAN, UAL, ODFL, EBAY, VRSN, OTIS, ICE, YUM, EFX, LMT, GWW, STT, MNST, CBOE, ELV, CMS, TRV, CNP, WDAY, CRL, AXON, CCL, NEM, PODD, DLR, APD, ETR, FOXA, CARR, KDP, CTAS, TEL, WEC, WSM, VEEV, HONA, EXPD, AMP, RVTY, FITB, LULU, NSC, CMCSA, EQT, EME, CFG, VMC, PSA, CTSH, KR, KMB, OKE, DVN, RF, MO, PYPL, ROK, ROP, NRG, NDAQ, ED, LHX, ACGL, IBKR, FAST, HIG, WAB, RSG, TTWO, UPS, MSCI, NVR, PCG, AWK, KMI, PAYX, INCY, JBL, CVNA, OXY, SRE, EW, KEY, AEE, DGX, CNC, F, ARES, BKR, CBRE, AKAM, GIS, LNT, DTE, BBY, MTD, SPG, HSY, HUBB, ZTS, HPQ, BIIB, STZ, GRMN, D, FFIV, IDXX, EIX, DRI, CHTR, XYZ, STLD, CF, XYL, PPL, FE, FLEX, DLTR, CPAY, AFL, DXCM, EXE, GEHC, MTB, NCLH, COO, FSLR, EL, NI, WST, CCI, GPN, KHC, CHD, JBHT, TKO, ULTA, DG, RL, HST, ZBH, O, BG, RMD, LH, HAS, IRM, PHM, LUV, FDS, ROL, TECH, DPZ, CPRT, KVUE, PNW, IP, GEN, HAL, TROW, GNRC, FTV, EVRG, LII, ADM, LYB, Q, DOV, NTRS, HII, EXR, FDXF, SYF, PRU, RJF, FISV, MKC, VLTO, OMC, ALB, TSN, SW, BAX, TYL, WRB, DECK, MAA, VRSK, IEX, ES, TRMB, CDW, FIS, DOW, PPG, LVS, PFG, EG, ATO, IFF, APA, BRO, SWK, ZBRA, LDOS, STE, BEN, TXT, WTW, SBAC, ESS, ALGN, CLX, BALL, ALLE, GDDY, PNR, INVH, IVZ, SJM, HSIC, AVY, AES, UDR, PKG, WY, AMCR, IT, CSGP, APTV, TDY, MOS, VICI, NDSN, JKHY, KIM, J, CPT, VTRS, DOC, NWSA, MAS, WYNN, TPL, BR, ARE, GPC, L, DD, FRT, UHS, CINF, MGM, AIZ
2026-10-06 18:37:42,995 | Market is open (closes 2026-10-06 22:00:00 CEST your local time). Checking 490 symbols: A, AAPL, ABBV, ABNB, ABT, ACGL, ACN, ADBE, ADI, ADM, ADP, ADSK, AEE, AEP, AES, AFL, AIG, AIZ, AJG, AKAM, ALB, ALGN, ALL, ALLE, AMAT, AMCR, AMD, AME, AMGN, AMP, AMT, AMZN, ANET, AON, APA, APD, APH, APO, APP, APTV, ARE, ARES, ATO, AVGO, AVY, AWK, AXON, AXP, AZO, BA, BAC, BALL, BAX, BBY, BDX, BE, BEN, BG, BIIB, BKNG, BKR, BLK, BMY, BNY, BR, BRK.B, BRO, BSX, BX, C, CAH, CARR, CASY, CAT, CB, CBOE, CBRE, CCI, CCL, CDNS, CDW, CEG, CF, CFG, CHD, CHRW, CHTR, CI, CIEN, CINF, CL, CLX, CMCSA, CME, CMG, CMI, CMS, CNC, CNP, COF, COHR, COIN, COO, COP, COR, COST, CPAY, CPRT, CPT, CRH, CRL, CRM, CRWD, CSCO, CSGP, CSX, CTAS, CTSH, CTVA, CVNA, CVS, CVX, D, DAL, DASH, DD, DDOG, DE, DECK, DELL, DG, DGX, DHI, DHR, DIS, DLR, DLTR, DOC, DOV, DOW, DPZ, DRI, DTE, DUK, DVN, DXCM, EBAY, ECHO, ECL, ED, EFX, EG, EIX, EL, ELV, EME, EMR, EOG, EQIX, EQT, ES, ESS, ETN, ETR, EVRG, EW, EXC, EXE, EXPD, EXPE, EXR, F, FANG, FAST, FCX, FDS, FDX, FDXF, FE, FERG, FFIV, FICO, FIS, FISV, FITB, FIX, FLEX, FOXA, FRT, FSLR, FTNT, FTV, GD, GDDY, GE, GEHC, GEN, GEV, GILD, GIS, GLW, GM, GNRC, GOOG, GOOGL, GPC, GPN, GRMN, GS, GWW, HAL, HAS, HBAN, HCA, HD, HIG, HII, HLT, HON, HONA, HOOD, HPE, HPQ, HSIC, HST, HSY, HUBB, HUM, HWM, IBKR, IBM, ICE, IDXX, IEX, IFF, ILMN, INCY, INTC, INTU, INVH, IP, IQV, IR, IRM, ISRG, IT, ITW, IVZ, J, JBHT, JBL, JCI, JKHY, JNJ, JPM, KDP, KEY, KEYS, KHC, KIM, KKR, KLAC, KMB, KMI, KO, KR, KVUE, L, LDOS, LEN, LH, LHX, LII, LIN, LITE, LLY, LMT, LNT, LOW, LRCX, LULU, LUV, LVS, LYB, LYV, MA, MAA, MAR, MAS, MCD, MCHP, MCK, MCO, MDLZ, MDT, MET, META, MGM, MKC, MLM, MMM, MNST, MO, MOS, MPC, MPWR, MRK, MRNA, MRSH, MRVL, MS, MSCI, MSFT, MSI, MTB, MTD, MU, NCLH, NDAQ, NDSN, NEE, NEM, NFLX, NI, NKE, NOC, NOW, NRG, NSC, NTAP, NTRS, NUE, NVDA, NVR, NWSA, NXPI, O, ODFL, OKE, OMC, ON, ORCL, ORLY, OTIS, OXY, P, PANW, PAYX, PCAR, PCG, PEG, PEP, PFE, PFG, PG, PGR, PH, PHM, PKG, PLD, PLTR, PM, PNC, PNR, PNW, PODD, PPG, PPL, PRU, PSA, PSX, PTC, PWR, PYPL, Q, QCOM, RCL, RDDT, REGN, RF, RJF, RL, RMD, ROK, ROL, ROP, ROST, RSG, RTX, RVTY, SBAC, SBUX, SCHW, SHW, SJM, SLB, SMCI, SNDK, SNPS, SO, SPG, SPGI, SRE, STE, STLD, STT, STX, STZ, SW, SWK, SWKS, SYF, SYK, SYY, T, TDG, TDY, TECH, TEL, TER, TFC, TGT, TJX, TKO, TMO, TMUS, TPL, TPR, TRGP, TRMB, TROW, TRV, TSCO, TSLA, TSN, TT, TTWO, TXN, TXT, TYL, UAL, UBER, UDR, UHS, ULTA, UNH, UNP, UPS, URI, USB, V, VEEV, VICI, VLO, VLTO, VMC, VMRK, VRSK, VRSN, VRT, VRTX, VST, VTR, VTRS, VZ, WAB, WAT, WBD, WDAY, WDC, WEC, WELL, WFC, WM, WMB, WMT, WRB, WSM, WST, WTW, WY, WYNN, XEL, XOM, XYL, XYZ, YUM, ZBH, ZBRA, ZTS (within 90 min of close -- not enough runway left today for a new position)
2026-10-06 18:38:24,213 | [A] choppy/sideways (ADX 11.6) -> mean-reversion strategy | Signal: HOLD | Shares held: 0.0 | Last price: $169.74
2026-10-06 18:38:24,213 | [A] ACTION: No trade.
2026-10-06 18:38:24,244 | [AAPL] choppy/sideways (ADX 18.7) -> mean-reversion strategy | Signal: HOLD | Shares held: 0.0 | Last price: $333.22
2026-10-06 18:38:24,244 | [AAPL] ACTION: No trade.
2026-10-06 18:38:24,276 | [ABBV] choppy/sideways (ADX 18.0) -> mean-reversion strategy | Signal: HOLD | Shares held: 0.0 | Last price: $266.92
2026-10-06 18:38:24,277 | [ABBV] ACTION: No trade.
2026-10-06 18:38:24,311 | [ABNB] trending (ADX 38.4) -> trend-following strategy | Signal: HOLD | Shares held: 0.0 | Last price: $159.83
2026-10-06 18:38:24,311 | [ABNB] ACTION: No trade.
2026-10-06 18:38:24,343 | [ABT] trending (ADX 28.8) -> trend-following strategy | Signal: HOLD | Shares held: 0.0 | Last price: $98.36
2026-10-06 18:38:24,343 | [ABT] ACTION: No trade.
2026-10-06 18:38:24,374 | [ACGL] choppy/sideways (ADX 19.5) -> mean-reversion strategy | Signal: HOLD | Shares held: 0.0 | Last price: $94.63
2026-10-06 18:38:24,375 | [ACGL] ACTION: No trade.
2026-10-06 18:38:24,406 | [ACN] trending (ADX 25.4) -> trend-following strategy | Signal: HOLD | Shares held: 0.0 | Last price: $194.11
2026-10-06 18:38:24,407 | [ACN] ACTION: No trade.
2026-10-06 18:38:24,438 | [ADBE] choppy/sideways (ADX 15.5) -> mean-reversion strategy | Signal: HOLD | Shares held: 0.0 | Last price: $237.45
2026-10-06 18:38:24,438 | [ADBE] ACTION: No trade.
2026-10-06 18:38:24,469 | [ADI] trending (ADX 28.1) -> trend-following strategy | Signal: HOLD | Shares held: 0.0 | Last price: $419.75
2026-10-06 18:38:24,469 | [ADI] ACTION: No trade.
2026-10-06 18:38:24,501 | [ADM] choppy/sideways (ADX 14.5) -> mean-reversion strategy | Signal: HOLD | Shares held: 0.0 | Last price: $82.19
2026-10-06 18:38:24,501 | [ADM] ACTION: No trade.
2026-10-06 18:38:24,533 | [ADP] choppy/sideways (ADX 19.0) -> mean-reversion strategy | Signal: HOLD | Shares held: 0.0 | Last price: $262.16
2026-10-06 18:38:24,533 | [ADP] ACTION: No trade.
2026-10-06 18:38:24,566 | [ADSK] trending (ADX 39.7) -> trend-following strategy | Signal: HOLD | Shares held: 0.0 | Last price: $228.78
2026-10-06 18:38:24,566 | [ADSK] ACTION: No trade.
2026-10-06 18:38:24,598 | [AEE] trending (ADX 33.2) -> trend-following strategy | Signal: HOLD | Shares held: 0.0 | Last price: $100.78
2026-10-06 18:38:24,598 | [AEE] ACTION: No trade.
2026-10-06 18:38:24,630 | [AEP] choppy/sideways (ADX 18.7) -> mean-reversion strategy | Signal: HOLD | Shares held: 0.0 | Last price: $120.96
2026-10-06 18:38:24,630 | [AEP] ACTION: No trade.
2026-10-06 18:38:24,661 | [AES] choppy/sideways (ADX 18.8) -> mean-reversion strategy | Signal: HOLD | Shares held: 0.0 | Last price: $14.91
2026-10-06 18:38:24,661 | [AES] ACTION: No trade.
2026-10-06 18:38:24,693 | [AFL] choppy/sideways (ADX 24.3) -> mean-reversion strategy | Signal: HOLD | Shares held: 0.0 | Last price: $113.41
2026-10-06 18:38:24,693 | [AFL] ACTION: No trade.
2026-10-06 18:38:24,726 | [AIG] choppy/sideways (ADX 19.0) -> mean-reversion strategy | Signal: HOLD | Shares held: 0.0 | Last price: $75.15
2026-10-06 18:38:24,726 | [AIG] ACTION: No trade.
2026-10-06 18:38:24,759 | [AIZ] choppy/sideways (ADX 9.5) -> mean-reversion strategy | Signal: HOLD | Shares held: 0.0 | Last price: $268.89
2026-10-06 18:38:24,759 | [AIZ] ACTION: No trade.
2026-10-06 18:38:24,791 | [AJG] choppy/sideways (ADX 12.9) -> mean-reversion strategy | Signal: HOLD | Shares held: 0.0 | Last price: $229.00
2026-10-06 18:38:24,791 | [AJG] ACTION: No trade.
2026-10-06 18:38:24,824 | [AKAM] choppy/sideways (ADX 17.5) -> mean-reversion strategy | Signal: HOLD | Shares held: 0.0 | Last price: $108.44
2026-10-06 18:38:24,824 | [AKAM] ACTION: No trade.
2026-10-06 18:38:24,856 | [ALB] trending (ADX 34.9) -> trend-following strategy | Signal: HOLD | Shares held: 0.0 | Last price: $106.49
2026-10-06 18:38:24,856 | [ALB] ACTION: No trade.
2026-10-06 18:38:24,888 | [ALGN] choppy/sideways (ADX 13.8) -> mean-reversion strategy | Signal: HOLD | Shares held: 0.0 | Last price: $141.69
2026-10-06 18:38:24,888 | [ALGN] ACTION: No trade.
2026-10-06 18:38:24,920 | [ALL] trending (ADX 26.0) -> trend-following strategy | Signal: HOLD | Shares held: 0.0 | Last price: $222.42
2026-10-06 18:38:24,920 | [ALL] ACTION: No trade.
2026-10-06 18:38:24,952 | [ALLE] choppy/sideways (ADX 12.4) -> mean-reversion strategy | Signal: HOLD | Shares held: 0.0 | Last price: $155.00
2026-10-06 18:38:24,952 | [ALLE] ACTION: No trade.
2026-10-06 18:38:24,985 | [AMAT] choppy/sideways (ADX 13.8) -> mean-reversion strategy | Signal: HOLD | Shares held: 0.0 | Last price: $530.50
2026-10-06 18:38:24,985 | [AMAT] ACTION: No trade.
2026-10-06 18:38:25,018 | [AMCR] choppy/sideways (ADX 17.7) -> mean-reversion strategy | Signal: HOLD | Shares held: 0.0 | Last price: $41.85
2026-10-06 18:38:25,018 | [AMCR] ACTION: No trade.
2026-10-06 18:38:25,050 | [AMD] trending (ADX 48.7) -> trend-following strategy | Signal: HOLD | Shares held: 0.0 | Last price: $654.82
2026-10-06 18:38:25,050 | [AMD] ACTION: No trade.
2026-10-06 18:38:25,082 | [AME] choppy/sideways (ADX 12.0) -> mean-reversion strategy | Signal: HOLD | Shares held: 0.0 | Last price: $253.59
2026-10-06 18:38:25,082 | [AME] ACTION: No trade.
2026-10-06 18:38:25,113 | [AMGN] choppy/sideways (ADX 15.4) -> mean-reversion strategy | Signal: HOLD | Shares held: 0.0 | Last price: $400.94
2026-10-06 18:38:25,113 | [AMGN] ACTION: No trade.
2026-10-06 18:38:25,145 | [AMP] choppy/sideways (ADX 20.2) -> mean-reversion strategy | Signal: HOLD | Shares held: 0.0 | Last price: $492.36
2026-10-06 18:38:25,145 | [AMP] ACTION: No trade.
2026-10-06 18:38:25,177 | [AMT] choppy/sideways (ADX 23.0) -> mean-reversion strategy | Signal: HOLD | Shares held: 0.0 | Last price: $165.13
2026-10-06 18:38:25,177 | [AMT] ACTION: No trade.
2026-10-06 18:38:25,210 | [AMZN] trending (ADX 32.4) -> trend-following strategy | Signal: HOLD | Shares held: 0.0 | Last price: $256.41
2026-10-06 18:38:25,210 | [AMZN] ACTION: No trade.
2026-10-06 18:38:25,243 | [ANET] trending (ADX 28.5) -> trend-following strategy | Signal: HOLD | Shares held: 0.0 | Last price: $214.06
2026-10-06 18:38:25,243 | [ANET] ACTION: No trade.
2026-10-06 18:38:25,275 | [AON] choppy/sideways (ADX 22.9) -> mean-reversion strategy | Signal: HOLD | Shares held: 0.0 | Last price: $272.79
2026-10-06 18:38:25,275 | [AON] ACTION: No trade.
2026-10-06 18:38:25,310 | [APA] choppy/sideways (ADX 12.9) -> mean-reversion strategy | Signal: HOLD | Shares held: 0.0 | Last price: $44.21
2026-10-06 18:38:25,310 | [APA] ACTION: No trade.
2026-10-06 18:38:25,341 | [APD] choppy/sideways (ADX 18.9) -> mean-reversion strategy | Signal: HOLD | Shares held: 0.0 | Last price: $281.13
2026-10-06 18:38:25,342 | [APD] ACTION: No trade.
2026-10-06 18:38:25,373 | [APH] trending (ADX 26.0) -> trend-following strategy | Signal: HOLD | Shares held: 0.0 | Last price: $88.73
2026-10-06 18:38:25,373 | [APH] ACTION: No trade.
2026-10-06 18:38:25,405 | [APO] choppy/sideways (ADX 19.2) -> mean-reversion strategy | Signal: HOLD | Shares held: 0.0 | Last price: $115.56
2026-10-06 18:38:25,405 | [APO] ACTION: No trade.
2026-10-06 18:38:25,438 | [APP] trending (ADX 30.7) -> trend-following strategy | Signal: HOLD | Shares held: 0.0 | Last price: $277.55
2026-10-06 18:38:25,438 | [APP] ACTION: No trade.
2026-10-06 18:38:25,470 | [APTV] choppy/sideways (ADX 19.2) -> mean-reversion strategy | Signal: HOLD | Shares held: 0.0 | Last price: $44.40
2026-10-06 18:38:25,470 | [APTV] ACTION: No trade.
2026-10-06 18:38:25,502 | [ARE] choppy/sideways (ADX 14.1) -> mean-reversion strategy | Signal: HOLD | Shares held: 0.0 | Last price: $45.94
2026-10-06 18:38:25,502 | [ARE] ACTION: No trade.
2026-10-06 18:38:25,533 | [ARES] choppy/sideways (ADX 10.1) -> mean-reversion strategy | Signal: HOLD | Shares held: 0.0 | Last price: $118.14
2026-10-06 18:38:25,533 | [ARES] ACTION: No trade.
2026-10-06 18:38:25,564 | [ATO] trending (ADX 25.4) -> trend-following strategy | Signal: HOLD | Shares held: 0.0 | Last price: $158.86
2026-10-06 18:38:25,564 | [ATO] ACTION: No trade.
2026-10-06 18:38:25,595 | [AVGO] trending (ADX 59.1) -> trend-following strategy | Signal: HOLD | Shares held: 0.0 | Last price: $377.96
2026-10-06 18:38:25,596 | [AVGO] ACTION: No trade.
2026-10-06 18:38:25,627 | [AVY] choppy/sideways (ADX 19.6) -> mean-reversion strategy | Signal: HOLD | Shares held: 0.0 | Last price: $169.19
2026-10-06 18:38:25,627 | [AVY] ACTION: No trade.
2026-10-06 18:38:25,659 | [AWK] choppy/sideways (ADX 17.8) -> mean-reversion strategy | Signal: HOLD | Shares held: 0.0 | Last price: $127.56
2026-10-06 18:38:25,659 | [AWK] ACTION: No trade.
2026-10-06 18:38:25,691 | [AXON] choppy/sideways (ADX 18.0) -> mean-reversion strategy | Signal: HOLD | Shares held: 0.0 | Last price: $416.90
2026-10-06 18:38:25,691 | [AXON] ACTION: No trade.
2026-10-06 18:38:25,723 | [AXP] choppy/sideways (ADX 18.1) -> mean-reversion strategy | Signal: HOLD | Shares held: 0.0 | Last price: $303.84
2026-10-06 18:38:25,723 | [AXP] ACTION: No trade.
2026-10-06 18:38:25,755 | [AZO] trending (ADX 35.4) -> trend-following strategy | Signal: HOLD | Shares held: 0.0 | Last price: $2912.61
2026-10-06 18:38:25,755 | [AZO] ACTION: No trade.
2026-10-06 18:38:25,788 | [BA] choppy/sideways (ADX 21.9) -> mean-reversion strategy | Signal: HOLD | Shares held: 0.0 | Last price: $190.64
2026-10-06 18:38:25,788 | [BA] ACTION: No trade.
2026-10-06 18:38:25,820 | [BAC] choppy/sideways (ADX 16.7) -> mean-reversion strategy | Signal: HOLD | Shares held: 0.0 | Last price: $53.98
2026-10-06 18:38:25,821 | [BAC] ACTION: No trade.
2026-10-06 18:38:25,852 | [BALL] trending (ADX 26.7) -> trend-following strategy | Signal: HOLD | Shares held: 0.0 | Last price: $57.34
2026-10-06 18:38:25,852 | [BALL] ACTION: No trade.
2026-10-06 18:38:25,883 | [BAX] choppy/sideways (ADX 19.2) -> mean-reversion strategy | Signal: HOLD | Shares held: 0.0 | Last price: $24.20
2026-10-06 18:38:25,883 | [BAX] ACTION: No trade.
2026-10-06 18:38:25,914 | [BBY] choppy/sideways (ADX 16.1) -> mean-reversion strategy | Signal: HOLD | Shares held: 0.0 | Last price: $85.39
2026-10-06 18:38:25,914 | [BBY] ACTION: No trade.
2026-10-06 18:38:25,946 | [BDX] choppy/sideways (ADX 24.2) -> mean-reversion strategy | Signal: HOLD | Shares held: 0.0 | Last price: $181.49
2026-10-06 18:38:25,946 | [BDX] ACTION: No trade.
2026-10-06 18:38:25,978 | [BE] trending (ADX 29.0) -> trend-following strategy | Signal: HOLD | Shares held: 0.0 | Last price: $298.52
2026-10-06 18:38:25,978 | [BE] ACTION: No trade.
2026-10-06 18:38:26,010 | [BEN] trending (ADX 31.6) -> trend-following strategy | Signal: HOLD | Shares held: 0.0 | Last price: $32.60
2026-10-06 18:38:26,010 | [BEN] ACTION: No trade.
2026-10-06 18:38:26,042 | [BG] choppy/sideways (ADX 13.1) -> mean-reversion strategy | Signal: HOLD | Shares held: 0.0 | Last price: $107.23
2026-10-06 18:38:26,042 | [BG] ACTION: No trade.
2026-10-06 18:38:26,073 | [BIIB] choppy/sideways (ADX 16.0) -> mean-reversion strategy | Signal: HOLD | Shares held: 0.0 | Last price: $223.93
2026-10-06 18:38:26,074 | [BIIB] ACTION: No trade.
2026-10-06 18:38:26,104 | [BKNG] choppy/sideways (ADX 23.8) -> mean-reversion strategy | Signal: HOLD | Shares held: 0.0 | Last price: $156.10
2026-10-06 18:38:26,105 | [BKNG] ACTION: No trade.
2026-10-06 18:38:26,136 | [BKR] choppy/sideways (ADX 13.0) -> mean-reversion strategy | Signal: HOLD | Shares held: 0.0 | Last price: $57.27
2026-10-06 18:38:26,136 | [BKR] ACTION: No trade.
2026-10-06 18:38:26,168 | [BLK] choppy/sideways (ADX 19.5) -> mean-reversion strategy | Signal: HOLD | Shares held: 0.0 | Last price: $1082.26
2026-10-06 18:38:26,168 | [BLK] ACTION: No trade.
2026-10-06 18:38:26,201 | [BMY] choppy/sideways (ADX 12.0) -> mean-reversion strategy | Signal: HOLD | Shares held: 0.0 | Last price: $59.38
2026-10-06 18:38:26,201 | [BMY] ACTION: No trade.
2026-10-06 18:38:26,233 | [BNY] choppy/sideways (ADX 24.2) -> mean-reversion strategy | Signal: HOLD | Shares held: 0.0 | Last price: $143.88
2026-10-06 18:38:26,233 | [BNY] ACTION: No trade.
2026-10-06 18:38:26,302 | [BR] choppy/sideways (ADX 15.8) -> mean-reversion strategy | Signal: HOLD | Shares held: 0.0 | Last price: $159.07
2026-10-06 18:38:26,302 | [BR] ACTION: No trade.
2026-10-06 18:38:26,333 | [BRK.B] choppy/sideways (ADX 20.9) -> mean-reversion strategy | Signal: HOLD | Shares held: 0.0 | Last price: $506.50
2026-10-06 18:38:26,333 | [BRK.B] ACTION: No trade.
2026-10-06 18:38:26,365 | [BRO] choppy/sideways (ADX 10.4) -> mean-reversion strategy | Signal: HOLD | Shares held: 0.0 | Last price: $60.82
2026-10-06 18:38:26,365 | [BRO] ACTION: No trade.
2026-10-06 18:38:26,397 | [BSX] choppy/sideways (ADX 21.1) -> mean-reversion strategy | Signal: HOLD | Shares held: 0.0 | Last price: $42.16
2026-10-06 18:38:26,397 | [BSX] ACTION: No trade.
2026-10-06 18:38:26,429 | [BX] choppy/sideways (ADX 10.7) -> mean-reversion strategy | Signal: HOLD | Shares held: 0.0 | Last price: $112.62
2026-10-06 18:38:26,429 | [BX] ACTION: No trade.
2026-10-06 18:38:26,461 | [C] choppy/sideways (ADX 17.7) -> mean-reversion strategy | Signal: HOLD | Shares held: 0.0 | Last price: $128.05
2026-10-06 18:38:26,462 | [C] ACTION: No trade.
2026-10-06 18:38:26,493 | [CAH] trending (ADX 26.1) -> trend-following strategy | Signal: HOLD | Shares held: 0.0 | Last price: $233.69
2026-10-06 18:38:26,493 | [CAH] ACTION: No trade.
2026-10-06 18:38:26,524 | [CARR] trending (ADX 30.2) -> trend-following strategy | Signal: HOLD | Shares held: 0.0 | Last price: $56.26
2026-10-06 18:38:26,524 | [CARR] ACTION: No trade.
2026-10-06 18:38:26,556 | [CASY] choppy/sideways (ADX 21.0) -> mean-reversion strategy | Signal: HOLD | Shares held: 0.0 | Last price: $617.62
2026-10-06 18:38:26,556 | [CASY] ACTION: No trade.
2026-10-06 18:38:26,588 | [CAT] choppy/sideways (ADX 20.1) -> mean-reversion strategy | Signal: HOLD | Shares held: 0.0 | Last price: $864.75
2026-10-06 18:38:26,588 | [CAT] ACTION: No trade.
2026-10-06 18:38:26,620 | [CB] choppy/sideways (ADX 16.1) -> mean-reversion strategy | Signal: HOLD | Shares held: 0.0 | Last price: $334.65
2026-10-06 18:38:26,620 | [CB] ACTION: No trade.
2026-10-06 18:38:26,653 | [CBOE] choppy/sideways (ADX 12.8) -> mean-reversion strategy | Signal: HOLD | Shares held: 0.0 | Last price: $278.35
2026-10-06 18:38:26,653 | [CBOE] ACTION: No trade.
2026-10-06 18:38:26,685 | [CBRE] choppy/sideways (ADX 20.5) -> mean-reversion strategy | Signal: HOLD | Shares held: 0.0 | Last price: $130.69
2026-10-06 18:38:26,685 | [CBRE] ACTION: No trade.
2026-10-06 18:38:26,717 | [CCI] trending (ADX 35.8) -> trend-following strategy | Signal: HOLD | Shares held: 0.0 | Last price: $68.54
2026-10-06 18:38:26,717 | [CCI] ACTION: No trade.
2026-10-06 18:38:26,749 | [CCL] trending (ADX 34.5) -> trend-following strategy | Signal: HOLD | Shares held: 0.0 | Last price: $26.46
2026-10-06 18:38:26,749 | [CCL] ACTION: No trade.
2026-10-06 18:38:26,781 | [CDNS] trending (ADX 26.7) -> trend-following strategy | Signal: HOLD | Shares held: 0.0 | Last price: $360.37
2026-10-06 18:38:26,781 | [CDNS] ACTION: No trade.
2026-10-06 18:38:26,813 | [CDW] choppy/sideways (ADX 18.0) -> mean-reversion strategy | Signal: HOLD | Shares held: 0.0 | Last price: $135.59
2026-10-06 18:38:26,813 | [CDW] ACTION: No trade.
2026-10-06 18:38:26,846 | [CEG] trending (ADX 54.3) -> trend-following strategy | Signal: HOLD | Shares held: 0.0 | Last price: $298.16
2026-10-06 18:38:26,846 | [CEG] ACTION: No trade.
2026-10-06 18:38:26,879 | [CF] choppy/sideways (ADX 16.6) -> mean-reversion strategy | Signal: HOLD | Shares held: 0.0 | Last price: $116.61
2026-10-06 18:38:26,879 | [CF] ACTION: No trade.
2026-10-06 18:38:26,910 | [CFG] trending (ADX 32.5) -> trend-following strategy | Signal: HOLD | Shares held: 0.0 | Last price: $63.75
2026-10-06 18:38:26,910 | [CFG] ACTION: No trade.
2026-10-06 18:38:26,941 | [CHD] trending (ADX 32.8) -> trend-following strategy | Signal: HOLD | Shares held: 0.0 | Last price: $96.38
2026-10-06 18:38:26,942 | [CHD] ACTION: No trade.
2026-10-06 18:38:26,973 | [CHRW] trending (ADX 38.3) -> trend-following strategy | Signal: HOLD | Shares held: 0.0 | Last price: $136.41
2026-10-06 18:38:26,973 | [CHRW] ACTION: No trade.
2026-10-06 18:38:27,005 | [CHTR] choppy/sideways (ADX 24.5) -> mean-reversion strategy | Signal: HOLD | Shares held: 0.0 | Last price: $108.02
2026-10-06 18:38:27,005 | [CHTR] ACTION: No trade.
2026-10-06 18:38:27,037 | [CI] choppy/sideways (ADX 13.1) -> mean-reversion strategy | Signal: HOLD | Shares held: 0.0 | Last price: $271.74
2026-10-06 18:38:27,037 | [CI] ACTION: No trade.
2026-10-06 18:38:27,069 | [CIEN] trending (ADX 48.7) -> trend-following strategy | Signal: HOLD | Shares held: 0.0 | Last price: $434.79
2026-10-06 18:38:27,069 | [CIEN] ACTION: No trade.
2026-10-06 18:38:27,101 | [CINF] trending (ADX 25.0) -> trend-following strategy | Signal: HOLD | Shares held: 0.0 | Last price: $162.12
2026-10-06 18:38:27,101 | [CINF] ACTION: No trade.
2026-10-06 18:38:27,132 | [CL] trending (ADX 49.1) -> trend-following strategy | Signal: HOLD | Shares held: 0.0 | Last price: $87.16
2026-10-06 18:38:27,132 | [CL] ACTION: No trade.
2026-10-06 18:38:27,163 | [CLX] trending (ADX 51.6) -> trend-following strategy | Signal: HOLD | Shares held: 0.0 | Last price: $83.55
2026-10-06 18:38:27,163 | [CLX] ACTION: No trade.
2026-10-06 18:38:27,194 | [CMCSA] choppy/sideways (ADX 14.8) -> mean-reversion strategy | Signal: HOLD | Shares held: 0.0 | Last price: $21.45
2026-10-06 18:38:27,194 | [CMCSA] ACTION: No trade.
2026-10-06 18:38:27,227 | [CME] choppy/sideways (ADX 18.0) -> mean-reversion strategy | Signal: HOLD | Shares held: 0.0 | Last price: $270.93
2026-10-06 18:38:27,227 | [CME] ACTION: No trade.
2026-10-06 18:38:27,260 | [CMG] choppy/sideways (ADX 19.4) -> mean-reversion strategy | Signal: HOLD | Shares held: 0.0 | Last price: $30.79
2026-10-06 18:38:27,260 | [CMG] ACTION: No trade.
2026-10-06 18:38:27,293 | [CMI] choppy/sideways (ADX 9.5) -> mean-reversion strategy | Signal: HOLD | Shares held: 0.0 | Last price: $532.38
2026-10-06 18:38:27,293 | [CMI] ACTION: No trade.
2026-10-06 18:38:27,324 | [CMS] trending (ADX 36.2) -> trend-following strategy | Signal: HOLD | Shares held: 0.0 | Last price: $64.70
2026-10-06 18:38:27,324 | [CMS] ACTION: No trade.
2026-10-06 18:38:27,355 | [CNC] trending (ADX 26.6) -> trend-following strategy | Signal: BUY | Shares held: 0.0 | Last price: $64.19
2026-10-06 18:38:27,355 | [CNC] ACTION: No trade (within 90 min of close -- not enough runway left today for a new position).
2026-10-06 18:38:27,386 | [CNP] trending (ADX 37.9) -> trend-following strategy | Signal: HOLD | Shares held: 0.0 | Last price: $38.42
2026-10-06 18:38:27,387 | [CNP] ACTION: No trade.
2026-10-06 18:38:27,418 | [COF] choppy/sideways (ADX 16.5) -> mean-reversion strategy | Signal: HOLD | Shares held: 0.0 | Last price: $195.85
2026-10-06 18:38:27,418 | [COF] ACTION: No trade.
2026-10-06 18:38:27,449 | [COHR] choppy/sideways (ADX 21.9) -> mean-reversion strategy | Signal: HOLD | Shares held: 0.0 | Last price: $335.50
2026-10-06 18:38:27,449 | [COHR] ACTION: No trade.
2026-10-06 18:38:27,482 | [COIN] choppy/sideways (ADX 20.1) -> mean-reversion strategy | Signal: HOLD | Shares held: 0.0 | Last price: $186.72
2026-10-06 18:38:27,482 | [COIN] ACTION: No trade.
2026-10-06 18:38:27,514 | [COO] choppy/sideways (ADX 15.8) -> mean-reversion strategy | Signal: HOLD | Shares held: 0.0 | Last price: $56.23
2026-10-06 18:38:27,514 | [COO] ACTION: No trade.
2026-10-06 18:38:27,545 | [COP] choppy/sideways (ADX 18.8) -> mean-reversion strategy | Signal: HOLD | Shares held: 0.0 | Last price: $129.54
2026-10-06 18:38:27,545 | [COP] ACTION: No trade.
2026-10-06 18:38:27,577 | [COR] choppy/sideways (ADX 13.8) -> mean-reversion strategy | Signal: HOLD | Shares held: 0.0 | Last price: $314.73
2026-10-06 18:38:27,577 | [COR] ACTION: No trade.
2026-10-06 18:38:27,608 | [COST] trending (ADX 43.4) -> trend-following strategy | Signal: HOLD | Shares held: 0.0 | Last price: $933.19
2026-10-06 18:38:27,608 | [COST] ACTION: No trade.
2026-10-06 18:38:27,640 | [CPAY] choppy/sideways (ADX 21.1) -> mean-reversion strategy | Signal: HOLD | Shares held: 0.0 | Last price: $403.10
2026-10-06 18:38:27,640 | [CPAY] ACTION: No trade.
2026-10-06 18:38:27,671 | [CPRT] trending (ADX 30.2) -> trend-following strategy | Signal: HOLD | Shares held: 0.0 | Last price: $26.73
2026-10-06 18:38:27,671 | [CPRT] ACTION: No trade.
2026-10-06 18:38:27,703 | [CPT] choppy/sideways (ADX 23.5) -> mean-reversion strategy | Signal: HOLD | Shares held: 0.0 | Last price: $97.60
2026-10-06 18:38:27,704 | [CPT] ACTION: No trade.
2026-10-06 18:38:27,736 | [CRH] trending (ADX 42.4) -> trend-following strategy | Signal: HOLD | Shares held: 0.0 | Last price: $83.72
2026-10-06 18:38:27,736 | [CRH] ACTION: No trade.
2026-10-06 18:38:27,768 | [CRL] choppy/sideways (ADX 22.8) -> mean-reversion strategy | Signal: HOLD | Shares held: 0.0 | Last price: $306.84
2026-10-06 18:38:27,768 | [CRL] ACTION: No trade.
2026-10-06 18:38:27,802 | [CRM] trending (ADX 28.8) -> trend-following strategy | Signal: HOLD | Shares held: 0.0 | Last price: $224.85
2026-10-06 18:38:27,803 | [CRM] ACTION: No trade.
2026-10-06 18:38:27,835 | [CRWD] trending (ADX 32.2) -> trend-following strategy | Signal: HOLD | Shares held: 0.0 | Last price: $279.70
2026-10-06 18:38:27,835 | [CRWD] ACTION: No trade.
2026-10-06 18:38:27,866 | [CSCO] trending (ADX 55.0) -> trend-following strategy | Signal: HOLD | Shares held: 0.0 | Last price: $117.29
2026-10-06 18:38:27,866 | [CSCO] ACTION: No trade.
2026-10-06 18:38:27,899 | [CSGP] trending (ADX 36.0) -> trend-following strategy | Signal: HOLD | Shares held: 0.0 | Last price: $27.75
2026-10-06 18:38:27,899 | [CSGP] ACTION: No trade.
2026-10-06 18:38:27,930 | [CSX] choppy/sideways (ADX 12.3) -> mean-reversion strategy | Signal: HOLD | Shares held: 0.0 | Last price: $47.48
2026-10-06 18:38:27,930 | [CSX] ACTION: No trade.
2026-10-06 18:38:27,963 | [CTAS] choppy/sideways (ADX 22.4) -> mean-reversion strategy | Signal: HOLD | Shares held: 0.0 | Last price: $195.78
2026-10-06 18:38:27,963 | [CTAS] ACTION: No trade.
2026-10-06 18:38:27,995 | [CTSH] trending (ADX 47.2) -> trend-following strategy | Signal: HOLD | Shares held: 0.0 | Last price: $57.16
2026-10-06 18:38:27,995 | [CTSH] ACTION: No trade.
2026-10-06 18:38:28,027 | [CTVA] trending (ADX 48.3) -> trend-following strategy | Signal: HOLD | Shares held: 0.0 | Last price: $13.88
2026-10-06 18:38:28,027 | [CTVA] ACTION: No trade.
2026-10-06 18:38:28,058 | [CVNA] choppy/sideways (ADX 21.7) -> mean-reversion strategy | Signal: HOLD | Shares held: 0.0 | Last price: $62.88
2026-10-06 18:38:28,058 | [CVNA] ACTION: No trade.
2026-10-06 18:38:28,090 | [CVS] choppy/sideways (ADX 14.9) -> mean-reversion strategy | Signal: HOLD | Shares held: 0.0 | Last price: $86.03
2026-10-06 18:38:28,090 | [CVS] ACTION: No trade.
2026-10-06 18:38:28,121 | [CVX] trending (ADX 27.1) -> trend-following strategy | Signal: HOLD | Shares held: 0.0 | Last price: $208.21
2026-10-06 18:38:28,121 | [CVX] ACTION: No trade.
2026-10-06 18:38:28,152 | [D] choppy/sideways (ADX 21.1) -> mean-reversion strategy | Signal: HOLD | Shares held: 0.0 | Last price: $61.50
2026-10-06 18:38:28,152 | [D] ACTION: No trade.
2026-10-06 18:38:28,184 | [DAL] choppy/sideways (ADX 18.4) -> mean-reversion strategy | Signal: HOLD | Shares held: 0.0 | Last price: $83.22
2026-10-06 18:38:28,184 | [DAL] ACTION: No trade.
2026-10-06 18:38:28,217 | [DASH] choppy/sideways (ADX 15.5) -> mean-reversion strategy | Signal: HOLD | Shares held: 0.0 | Last price: $192.36
2026-10-06 18:38:28,217 | [DASH] ACTION: No trade.
2026-10-06 18:38:28,249 | [DD] trending (ADX 38.2) -> trend-following strategy | Signal: HOLD | Shares held: 0.0 | Last price: $133.46
2026-10-06 18:38:28,249 | [DD] ACTION: No trade.
2026-10-06 18:38:28,281 | [DDOG] choppy/sideways (ADX 9.1) -> mean-reversion strategy | Signal: HOLD | Shares held: 0.0 | Last price: $278.28
2026-10-06 18:38:28,281 | [DDOG] ACTION: No trade.
2026-10-06 18:38:28,313 | [DE] choppy/sideways (ADX 22.1) -> mean-reversion strategy | Signal: HOLD | Shares held: 0.0 | Last price: $681.14
2026-10-06 18:38:28,313 | [DE] ACTION: No trade.
2026-10-06 18:38:28,346 | [DECK] trending (ADX 26.0) -> trend-following strategy | Signal: HOLD | Shares held: 0.0 | Last price: $81.01
2026-10-06 18:38:28,347 | [DECK] ACTION: No trade.
2026-10-06 18:38:28,378 | [DELL] trending (ADX 27.0) -> trend-following strategy | Signal: HOLD | Shares held: 0.0 | Last price: $574.93
2026-10-06 18:38:28,378 | [DELL] ACTION: No trade.
2026-10-06 18:38:28,410 | [DG] trending (ADX 27.6) -> trend-following strategy | Signal: HOLD | Shares held: 0.0 | Last price: $122.79
2026-10-06 18:38:28,411 | [DG] ACTION: No trade.
2026-10-06 18:38:28,443 | [DGX] trending (ADX 35.1) -> trend-following strategy | Signal: HOLD | Shares held: 0.0 | Last price: $227.44
2026-10-06 18:38:28,443 | [DGX] ACTION: No trade.
2026-10-06 18:38:28,476 | [DHI] trending (ADX 29.7) -> trend-following strategy | Signal: HOLD | Shares held: 0.0 | Last price: $136.81
2026-10-06 18:38:28,476 | [DHI] ACTION: No trade.
2026-10-06 18:38:28,508 | [DHR] choppy/sideways (ADX 13.0) -> mean-reversion strategy | Signal: HOLD | Shares held: 0.0 | Last price: $217.24
2026-10-06 18:38:28,508 | [DHR] ACTION: No trade.
2026-10-06 18:38:28,540 | [DIS] choppy/sideways (ADX 21.7) -> mean-reversion strategy | Signal: HOLD | Shares held: 0.0 | Last price: $103.63
2026-10-06 18:38:28,540 | [DIS] ACTION: No trade.
2026-10-06 18:38:28,572 | [DLR] trending (ADX 46.2) -> trend-following strategy | Signal: HOLD | Shares held: 0.0 | Last price: $184.24
2026-10-06 18:38:28,572 | [DLR] ACTION: No trade.
2026-10-06 18:38:28,603 | [DLTR] trending (ADX 31.4) -> trend-following strategy | Signal: HOLD | Shares held: 0.0 | Last price: $116.11
2026-10-06 18:38:28,603 | [DLTR] ACTION: No trade.
2026-10-06 18:38:28,634 | [DOC] trending (ADX 30.0) -> trend-following strategy | Signal: HOLD | Shares held: 0.0 | Last price: $18.84
2026-10-06 18:38:28,634 | [DOC] ACTION: No trade.
2026-10-06 18:38:28,666 | [DOV] trending (ADX 27.1) -> trend-following strategy | Signal: HOLD | Shares held: 0.0 | Last price: $192.21
2026-10-06 18:38:28,666 | [DOV] ACTION: No trade.
2026-10-06 18:38:28,698 | [DOW] choppy/sideways (ADX 12.0) -> mean-reversion strategy | Signal: HOLD | Shares held: 0.0 | Last price: $28.24
2026-10-06 18:38:28,698 | [DOW] ACTION: No trade.
2026-10-06 18:38:28,730 | [DPZ] choppy/sideways (ADX 21.4) -> mean-reversion strategy | Signal: HOLD | Shares held: 0.0 | Last price: $300.81
2026-10-06 18:38:28,730 | [DPZ] ACTION: No trade.
2026-10-06 18:38:28,762 | [DRI] trending (ADX 33.4) -> trend-following strategy | Signal: HOLD | Shares held: 0.0 | Last price: $201.50
2026-10-06 18:38:28,763 | [DRI] ACTION: No trade.
2026-10-06 18:38:28,794 | [DTE] trending (ADX 32.3) -> trend-following strategy | Signal: HOLD | Shares held: 0.0 | Last price: $126.82
2026-10-06 18:38:28,794 | [DTE] ACTION: No trade.
2026-10-06 18:38:28,825 | [DUK] choppy/sideways (ADX 20.9) -> mean-reversion strategy | Signal: HOLD | Shares held: 0.0 | Last price: $114.63
2026-10-06 18:38:28,825 | [DUK] ACTION: No trade.
2026-10-06 18:38:28,857 | [DVN] choppy/sideways (ADX 24.0) -> mean-reversion strategy | Signal: HOLD | Shares held: 0.0 | Last price: $48.05
2026-10-06 18:38:28,857 | [DVN] ACTION: No trade.
2026-10-06 18:38:28,888 | [DXCM] trending (ADX 48.5) -> trend-following strategy | Signal: HOLD | Shares held: 0.0 | Last price: $83.77
2026-10-06 18:38:28,888 | [DXCM] ACTION: No trade.
2026-10-06 18:38:28,920 | [EBAY] choppy/sideways (ADX 18.1) -> mean-reversion strategy | Signal: HOLD | Shares held: 0.0 | Last price: $106.24
2026-10-06 18:38:28,920 | [EBAY] ACTION: No trade.
2026-10-06 18:38:28,952 | [ECHO] trending (ADX 25.4) -> trend-following strategy | Signal: HOLD | Shares held: 0.0 | Last price: $98.27
2026-10-06 18:38:28,952 | [ECHO] ACTION: No trade.
2026-10-06 18:38:28,984 | [ECL] choppy/sideways (ADX 19.1) -> mean-reversion strategy | Signal: HOLD | Shares held: 0.0 | Last price: $280.32
2026-10-06 18:38:28,984 | [ECL] ACTION: No trade.
2026-10-06 18:38:29,016 | [ED] trending (ADX 29.7) -> trend-following strategy | Signal: HOLD | Shares held: 0.0 | Last price: $104.57
2026-10-06 18:38:29,016 | [ED] ACTION: No trade.
2026-10-06 18:38:29,047 | [EFX] choppy/sideways (ADX 17.4) -> mean-reversion strategy | Signal: HOLD | Shares held: 0.0 | Last price: $142.61
2026-10-06 18:38:29,047 | [EFX] ACTION: No trade.
2026-10-06 18:38:29,078 | [EG] choppy/sideways (ADX 16.7) -> mean-reversion strategy | Signal: HOLD | Shares held: 0.0 | Last price: $368.03
2026-10-06 18:38:29,078 | [EG] ACTION: No trade.
2026-10-06 18:38:29,109 | [EIX] choppy/sideways (ADX 24.6) -> mean-reversion strategy | Signal: HOLD | Shares held: 0.0 | Last price: $53.64
2026-10-06 18:38:29,110 | [EIX] ACTION: No trade.
2026-10-06 18:38:29,141 | [EL] choppy/sideways (ADX 19.4) -> mean-reversion strategy | Signal: HOLD | Shares held: 0.0 | Last price: $93.34
2026-10-06 18:38:29,141 | [EL] ACTION: No trade.
2026-10-06 18:38:29,174 | [ELV] trending (ADX 51.7) -> trend-following strategy | Signal: HOLD | Shares held: 0.0 | Last price: $399.14
2026-10-06 18:38:29,174 | [ELV] ACTION: No trade.
2026-10-06 18:38:29,206 | [EME] trending (ADX 43.4) -> trend-following strategy | Signal: HOLD | Shares held: 0.0 | Last price: $825.75
2026-10-06 18:38:29,206 | [EME] ACTION: No trade.
2026-10-06 18:38:29,237 | [EMR] choppy/sideways (ADX 18.3) -> mean-reversion strategy | Signal: HOLD | Shares held: 0.0 | Last price: $162.76
2026-10-06 18:38:29,237 | [EMR] ACTION: No trade.
2026-10-06 18:38:29,268 | [EOG] choppy/sideways (ADX 15.3) -> mean-reversion strategy | Signal: HOLD | Shares held: 0.0 | Last price: $144.58
2026-10-06 18:38:29,268 | [EOG] ACTION: No trade.
2026-10-06 18:38:29,300 | [EQIX] trending (ADX 32.4) -> trend-following strategy | Signal: HOLD | Shares held: 0.0 | Last price: $1046.40
2026-10-06 18:38:29,300 | [EQIX] ACTION: No trade.
2026-10-06 18:38:29,332 | [EQT] trending (ADX 36.7) -> trend-following strategy | Signal: HOLD | Shares held: 0.0 | Last price: $52.05
2026-10-06 18:38:29,332 | [EQT] ACTION: No trade.
2026-10-06 18:38:29,364 | [ES] choppy/sideways (ADX 10.4) -> mean-reversion strategy | Signal: HOLD | Shares held: 0.0 | Last price: $64.65
2026-10-06 18:38:29,364 | [ES] ACTION: No trade.
2026-10-06 18:38:29,397 | [ESS] trending (ADX 27.0) -> trend-following strategy | Signal: HOLD | Shares held: 0.0 | Last price: $273.81
2026-10-06 18:38:29,397 | [ESS] ACTION: No trade.
2026-10-06 18:38:29,428 | [ETN] choppy/sideways (ADX 16.1) -> mean-reversion strategy | Signal: HOLD | Shares held: 0.0 | Last price: $443.67
2026-10-06 18:38:29,429 | [ETN] ACTION: No trade.
2026-10-06 18:38:29,460 | [ETR] trending (ADX 37.9) -> trend-following strategy | Signal: HOLD | Shares held: 0.0 | Last price: $102.48
2026-10-06 18:38:29,460 | [ETR] ACTION: No trade.
2026-10-06 18:38:29,492 | [EVRG] trending (ADX 26.9) -> trend-following strategy | Signal: HOLD | Shares held: 0.0 | Last price: $79.97
2026-10-06 18:38:29,492 | [EVRG] ACTION: No trade.
2026-10-06 18:38:29,523 | [EW] choppy/sideways (ADX 20.3) -> mean-reversion strategy | Signal: HOLD | Shares held: 0.0 | Last price: $86.52
2026-10-06 18:38:29,523 | [EW] ACTION: No trade.
2026-10-06 18:38:29,554 | [EXC] trending (ADX 30.4) -> trend-following strategy | Signal: HOLD | Shares held: 0.0 | Last price: $41.24
2026-10-06 18:38:29,554 | [EXC] ACTION: No trade.
2026-10-06 18:38:29,586 | [EXE] trending (ADX 26.8) -> trend-following strategy | Signal: HOLD | Shares held: 0.0 | Last price: $87.69
2026-10-06 18:38:29,586 | [EXE] ACTION: No trade.
2026-10-06 18:38:29,618 | [EXPD] choppy/sideways (ADX 19.1) -> mean-reversion strategy | Signal: HOLD | Shares held: 0.0 | Last price: $191.47
2026-10-06 18:38:29,618 | [EXPD] ACTION: No trade.
2026-10-06 18:38:29,650 | [EXPE] trending (ADX 28.9) -> trend-following strategy | Signal: HOLD | Shares held: 0.0 | Last price: $256.17
2026-10-06 18:38:29,651 | [EXPE] ACTION: No trade.
2026-10-06 18:38:29,682 | [EXR] trending (ADX 28.2) -> trend-following strategy | Signal: HOLD | Shares held: 0.0 | Last price: $134.19
2026-10-06 18:38:29,682 | [EXR] ACTION: No trade.
2026-10-06 18:38:29,713 | [F] choppy/sideways (ADX 19.5) -> mean-reversion strategy | Signal: HOLD | Shares held: 0.0 | Last price: $12.18
2026-10-06 18:38:29,713 | [F] ACTION: No trade.
2026-10-06 18:38:29,745 | [FANG] choppy/sideways (ADX 14.6) -> mean-reversion strategy | Signal: HOLD | Shares held: 0.0 | Last price: $184.99
2026-10-06 18:38:29,745 | [FANG] ACTION: No trade.
2026-10-06 18:38:29,776 | [FAST] choppy/sideways (ADX 13.6) -> mean-reversion strategy | Signal: HOLD | Shares held: 0.0 | Last price: $51.01
2026-10-06 18:38:29,776 | [FAST] ACTION: No trade.
2026-10-06 18:38:29,808 | [FCX] choppy/sideways (ADX 20.7) -> mean-reversion strategy | Signal: HOLD | Shares held: 0.0 | Last price: $72.94
2026-10-06 18:38:29,808 | [FCX] ACTION: No trade.
2026-10-06 18:38:29,841 | [FDS] trending (ADX 35.5) -> trend-following strategy | Signal: HOLD | Shares held: 0.0 | Last price: $273.06
2026-10-06 18:38:29,842 | [FDS] ACTION: No trade.
2026-10-06 18:38:29,873 | [FDX] choppy/sideways (ADX 11.9) -> mean-reversion strategy | Signal: HOLD | Shares held: 0.0 | Last price: $287.57
2026-10-06 18:38:29,873 | [FDX] ACTION: No trade.
2026-10-06 18:38:29,904 | [FDXF] choppy/sideways (ADX 19.0) -> mean-reversion strategy | Signal: HOLD | Shares held: 0.0 | Last price: $109.61
2026-10-06 18:38:29,904 | [FDXF] ACTION: No trade.
2026-10-06 18:38:29,936 | [FE] trending (ADX 30.6) -> trend-following strategy | Signal: HOLD | Shares held: 0.0 | Last price: $44.05
2026-10-06 18:38:29,936 | [FE] ACTION: No trade.
2026-10-06 18:38:29,967 | [FERG] choppy/sideways (ADX 11.7) -> mean-reversion strategy | Signal: HOLD | Shares held: 0.0 | Last price: $224.72
2026-10-06 18:38:29,967 | [FERG] ACTION: No trade.
2026-10-06 18:38:29,998 | [FFIV] choppy/sideways (ADX 14.4) -> mean-reversion strategy | Signal: HOLD | Shares held: 0.0 | Last price: $467.68
2026-10-06 18:38:29,998 | [FFIV] ACTION: No trade.
2026-10-06 18:38:30,029 | [FICO] choppy/sideways (ADX 16.1) -> mean-reversion strategy | Signal: HOLD | Shares held: 0.0 | Last price: $678.79
2026-10-06 18:38:30,029 | [FICO] ACTION: No trade.
2026-10-06 18:38:30,061 | [FIS] trending (ADX 32.4) -> trend-following strategy | Signal: SELL | Shares held: 0.0 | Last price: $33.38
2026-10-06 18:38:30,061 | [FIS] ACTION: No trade.
2026-10-06 18:38:30,093 | [FISV] trending (ADX 27.5) -> trend-following strategy | Signal: HOLD | Shares held: 0.0 | Last price: $45.61
2026-10-06 18:38:30,093 | [FISV] ACTION: No trade.
2026-10-06 18:38:30,126 | [FITB] choppy/sideways (ADX 20.3) -> mean-reversion strategy | Signal: HOLD | Shares held: 0.0 | Last price: $50.64
2026-10-06 18:38:30,126 | [FITB] ACTION: No trade.
2026-10-06 18:38:30,157 | [FIX] trending (ADX 42.1) -> trend-following strategy | Signal: HOLD | Shares held: 0.0 | Last price: $1806.92
2026-10-06 18:38:30,157 | [FIX] ACTION: No trade.
2026-10-06 18:38:30,189 | [FLEX] choppy/sideways (ADX 17.2) -> mean-reversion strategy | Signal: HOLD | Shares held: 0.0 | Last price: $119.50
2026-10-06 18:38:30,189 | [FLEX] ACTION: No trade.
2026-10-06 18:38:30,221 | [FOXA] trending (ADX 27.0) -> trend-following strategy | Signal: HOLD | Shares held: 0.0 | Last price: $61.77
2026-10-06 18:38:30,221 | [FOXA] ACTION: No trade.
2026-10-06 18:38:30,252 | [FRT] choppy/sideways (ADX 21.1) -> mean-reversion strategy | Signal: HOLD | Shares held: 0.0 | Last price: $105.97
2026-10-06 18:38:30,252 | [FRT] ACTION: No trade.
2026-10-06 18:38:30,285 | [FSLR] trending (ADX 38.4) -> trend-following strategy | Signal: HOLD | Shares held: 0.0 | Last price: $179.44
2026-10-06 18:38:30,285 | [FSLR] ACTION: No trade.
2026-10-06 18:38:30,317 | [FTNT] trending (ADX 41.4) -> trend-following strategy | Signal: HOLD | Shares held: 0.0 | Last price: $190.37
2026-10-06 18:38:30,317 | [FTNT] ACTION: No trade.
2026-10-06 18:38:30,348 | [FTV] choppy/sideways (ADX 17.2) -> mean-reversion strategy | Signal: HOLD | Shares held: 0.0 | Last price: $57.98
2026-10-06 18:38:30,348 | [FTV] ACTION: No trade.
2026-10-06 18:38:30,379 | [GD] choppy/sideways (ADX 13.7) -> mean-reversion strategy | Signal: HOLD | Shares held: 0.0 | Last price: $331.06
2026-10-06 18:38:30,379 | [GD] ACTION: No trade.
2026-10-06 18:38:30,411 | [GDDY] choppy/sideways (ADX 24.3) -> mean-reversion strategy | Signal: HOLD | Shares held: 0.0 | Last price: $98.12
2026-10-06 18:38:30,411 | [GDDY] ACTION: No trade.
2026-10-06 18:38:30,441 | [GE] choppy/sideways (ADX 14.5) -> mean-reversion strategy | Signal: HOLD | Shares held: 0.0 | Last price: $307.94
2026-10-06 18:38:30,441 | [GE] ACTION: No trade.
2026-10-06 18:38:30,472 | [GEHC] choppy/sideways (ADX 18.7) -> mean-reversion strategy | Signal: HOLD | Shares held: 0.0 | Last price: $64.90
2026-10-06 18:38:30,472 | [GEHC] ACTION: No trade.
2026-10-06 18:38:30,504 | [GEN] trending (ADX 26.5) -> trend-following strategy | Signal: HOLD | Shares held: 0.0 | Last price: $22.55
2026-10-06 18:38:30,504 | [GEN] ACTION: No trade.
2026-10-06 18:38:30,583 | [GEV] trending (ADX 34.2) -> trend-following strategy | Signal: HOLD | Shares held: 0.0 | Last price: $1029.01
2026-10-06 18:38:30,583 | [GEV] ACTION: No trade.
2026-10-06 18:38:30,614 | [GILD] choppy/sideways (ADX 14.1) -> mean-reversion strategy | Signal: HOLD | Shares held: 0.0 | Last price: $143.83
2026-10-06 18:38:30,614 | [GILD] ACTION: No trade.
2026-10-06 18:38:30,644 | [GIS] choppy/sideways (ADX 17.8) -> mean-reversion strategy | Signal: HOLD | Shares held: 0.0 | Last price: $32.11
2026-10-06 18:38:30,645 | [GIS] ACTION: No trade.
2026-10-06 18:38:30,676 | [GLW] trending (ADX 40.4) -> trend-following strategy | Signal: HOLD | Shares held: 0.0 | Last price: $168.97
2026-10-06 18:38:30,676 | [GLW] ACTION: No trade.
2026-10-06 18:38:30,707 | [GM] trending (ADX 34.1) -> trend-following strategy | Signal: HOLD | Shares held: 0.0 | Last price: $81.56
2026-10-06 18:38:30,708 | [GM] ACTION: No trade.
2026-10-06 18:38:30,739 | [GNRC] trending (ADX 37.7) -> trend-following strategy | Signal: HOLD | Shares held: 0.0 | Last price: $223.97
2026-10-06 18:38:30,739 | [GNRC] ACTION: No trade.
2026-10-06 18:38:30,771 | [GOOG] trending (ADX 31.3) -> trend-following strategy | Signal: HOLD | Shares held: 0.0 | Last price: $345.31
2026-10-06 18:38:30,771 | [GOOG] ACTION: No trade.
2026-10-06 18:38:30,803 | [GOOGL] trending (ADX 30.0) -> trend-following strategy | Signal: HOLD | Shares held: 0.0 | Last price: $348.66
2026-10-06 18:38:30,803 | [GOOGL] ACTION: No trade.
2026-10-06 18:38:30,835 | [GPC] choppy/sideways (ADX 23.4) -> mean-reversion strategy | Signal: HOLD | Shares held: 0.0 | Last price: $127.58
2026-10-06 18:38:30,835 | [GPC] ACTION: No trade.
2026-10-06 18:38:30,866 | [GPN] trending (ADX 32.6) -> trend-following strategy | Signal: SELL | Shares held: 0.0 | Last price: $81.32
2026-10-06 18:38:30,867 | [GPN] ACTION: No trade.
2026-10-06 18:38:30,898 | [GRMN] trending (ADX 45.9) -> trend-following strategy | Signal: HOLD | Shares held: 0.0 | Last price: $279.83
2026-10-06 18:38:30,898 | [GRMN] ACTION: No trade.
2026-10-06 18:38:30,929 | [GS] choppy/sideways (ADX 12.4) -> mean-reversion strategy | Signal: HOLD | Shares held: 0.0 | Last price: $897.95
2026-10-06 18:38:30,929 | [GS] ACTION: No trade.
2026-10-06 18:38:30,960 | [GWW] trending (ADX 34.0) -> trend-following strategy | Signal: HOLD | Shares held: 0.0 | Last price: $1277.43
2026-10-06 18:38:30,960 | [GWW] ACTION: No trade.
2026-10-06 18:38:30,991 | [HAL] choppy/sideways (ADX 16.3) -> mean-reversion strategy | Signal: HOLD | Shares held: 0.0 | Last price: $32.55
2026-10-06 18:38:30,991 | [HAL] ACTION: No trade.
2026-10-06 18:38:31,023 | [HAS] choppy/sideways (ADX 22.2) -> mean-reversion strategy | Signal: HOLD | Shares held: 0.0 | Last price: $90.69
2026-10-06 18:38:31,023 | [HAS] ACTION: No trade.
2026-10-06 18:38:31,055 | [HBAN] choppy/sideways (ADX 17.1) -> mean-reversion strategy | Signal: HOLD | Shares held: 0.0 | Last price: $15.26
2026-10-06 18:38:31,055 | [HBAN] ACTION: No trade.
2026-10-06 18:38:31,089 | [HCA] choppy/sideways (ADX 19.1) -> mean-reversion strategy | Signal: HOLD | Shares held: 0.0 | Last price: $435.19
2026-10-06 18:38:31,089 | [HCA] ACTION: No trade.
2026-10-06 18:38:31,121 | [HD] trending (ADX 27.9) -> trend-following strategy | Signal: HOLD | Shares held: 0.0 | Last price: $284.23
2026-10-06 18:38:31,121 | [HD] ACTION: No trade.
2026-10-06 18:38:31,153 | [HIG] choppy/sideways (ADX 19.8) -> mean-reversion strategy | Signal: HOLD | Shares held: 0.0 | Last price: $126.61
2026-10-06 18:38:31,153 | [HIG] ACTION: No trade.
2026-10-06 18:38:31,185 | [HII] choppy/sideways (ADX 11.8) -> mean-reversion strategy | Signal: HOLD | Shares held: 0.0 | Last price: $264.64
2026-10-06 18:38:31,185 | [HII] ACTION: No trade.
2026-10-06 18:38:31,218 | [HLT] choppy/sideways (ADX 20.6) -> mean-reversion strategy | Signal: HOLD | Shares held: 0.0 | Last price: $321.98
2026-10-06 18:38:31,218 | [HLT] ACTION: No trade.
2026-10-06 18:38:31,250 | [HON] choppy/sideways (ADX 11.4) -> mean-reversion strategy | Signal: HOLD | Shares held: 0.0 | Last price: $211.99
2026-10-06 18:38:31,250 | [HON] ACTION: No trade.
2026-10-06 18:38:31,283 | [HONA] choppy/sideways (ADX 13.3) -> mean-reversion strategy | Signal: HOLD | Shares held: 0.0 | Last price: $157.32
2026-10-06 18:38:31,283 | [HONA] ACTION: No trade.
2026-10-06 18:38:31,315 | [HOOD] choppy/sideways (ADX 17.9) -> mean-reversion strategy | Signal: HOLD | Shares held: 0.0 | Last price: $112.59
2026-10-06 18:38:31,315 | [HOOD] ACTION: No trade.
2026-10-06 18:38:31,347 | [HPE] trending (ADX 31.9) -> trend-following strategy | Signal: HOLD | Shares held: 0.0 | Last price: $70.65
2026-10-06 18:38:31,347 | [HPE] ACTION: No trade.
2026-10-06 18:38:31,379 | [HPQ] choppy/sideways (ADX 24.8) -> mean-reversion strategy | Signal: HOLD | Shares held: 0.0 | Last price: $32.00
2026-10-06 18:38:31,379 | [HPQ] ACTION: No trade.
2026-10-06 18:38:31,411 | [HSIC] choppy/sideways (ADX 19.2) -> mean-reversion strategy | Signal: HOLD | Shares held: 0.0 | Last price: $84.65
2026-10-06 18:38:31,411 | [HSIC] ACTION: No trade.
2026-10-06 18:38:31,443 | [HST] choppy/sideways (ADX 23.8) -> mean-reversion strategy | Signal: HOLD | Shares held: 0.0 | Last price: $22.50
2026-10-06 18:38:31,443 | [HST] ACTION: No trade.
2026-10-06 18:38:31,475 | [HSY] choppy/sideways (ADX 23.6) -> mean-reversion strategy | Signal: HOLD | Shares held: 0.0 | Last price: $160.05
2026-10-06 18:38:31,475 | [HSY] ACTION: No trade.
2026-10-06 18:38:31,507 | [HUBB] trending (ADX 31.9) -> trend-following strategy | Signal: HOLD | Shares held: 0.0 | Last price: $487.33
2026-10-06 18:38:31,507 | [HUBB] ACTION: No trade.
2026-10-06 18:38:31,540 | [HUM] trending (ADX 25.1) -> trend-following strategy | Signal: HOLD | Shares held: 0.0 | Last price: $402.50
2026-10-06 18:38:31,540 | [HUM] ACTION: No trade.
2026-10-06 18:38:31,571 | [HWM] choppy/sideways (ADX 15.2) -> mean-reversion strategy | Signal: HOLD | Shares held: 0.0 | Last price: $229.50
2026-10-06 18:38:31,571 | [HWM] ACTION: No trade.
2026-10-06 18:38:31,602 | [IBKR] trending (ADX 41.6) -> trend-following strategy | Signal: HOLD | Shares held: 0.0 | Last price: $91.19
2026-10-06 18:38:31,603 | [IBKR] ACTION: No trade.
2026-10-06 18:38:31,634 | [IBM] choppy/sideways (ADX 14.0) -> mean-reversion strategy | Signal: HOLD | Shares held: 0.0 | Last price: $222.34
2026-10-06 18:38:31,634 | [IBM] ACTION: No trade.
2026-10-06 18:38:31,665 | [ICE] trending (ADX 30.2) -> trend-following strategy | Signal: HOLD | Shares held: 0.0 | Last price: $154.25
2026-10-06 18:38:31,665 | [ICE] ACTION: No trade.
2026-10-06 18:38:31,697 | [IDXX] choppy/sideways (ADX 16.8) -> mean-reversion strategy | Signal: HOLD | Shares held: 0.0 | Last price: $515.54
2026-10-06 18:38:31,697 | [IDXX] ACTION: No trade.
2026-10-06 18:38:31,731 | [IEX] choppy/sideways (ADX 18.3) -> mean-reversion strategy | Signal: HOLD | Shares held: 0.0 | Last price: $237.64
2026-10-06 18:38:31,731 | [IEX] ACTION: No trade.
2026-10-06 18:38:31,763 | [IFF] choppy/sideways (ADX 15.3) -> mean-reversion strategy | Signal: HOLD | Shares held: 0.0 | Last price: $84.09
2026-10-06 18:38:31,763 | [IFF] ACTION: No trade.
2026-10-06 18:38:31,795 | [ILMN] choppy/sideways (ADX 23.0) -> mean-reversion strategy | Signal: HOLD | Shares held: 0.0 | Last price: $277.08
2026-10-06 18:38:31,795 | [ILMN] ACTION: No trade.
2026-10-06 18:38:31,827 | [INCY] trending (ADX 25.8) -> trend-following strategy | Signal: HOLD | Shares held: 0.0 | Last price: $113.95
2026-10-06 18:38:31,827 | [INCY] ACTION: No trade.
2026-10-06 18:38:31,858 | [INTC] choppy/sideways (ADX 20.7) -> mean-reversion strategy | Signal: HOLD | Shares held: 0.0 | Last price: $114.63
2026-10-06 18:38:31,858 | [INTC] ACTION: No trade.
2026-10-06 18:38:31,890 | [INTU] trending (ADX 26.5) -> trend-following strategy | Signal: HOLD | Shares held: 0.0 | Last price: $288.52
2026-10-06 18:38:31,890 | [INTU] ACTION: No trade.
2026-10-06 18:38:31,922 | [INVH] trending (ADX 26.8) -> trend-following strategy | Signal: HOLD | Shares held: 0.0 | Last price: $26.43
2026-10-06 18:38:31,922 | [INVH] ACTION: No trade.
2026-10-06 18:38:31,953 | [IP] choppy/sideways (ADX 15.8) -> mean-reversion strategy | Signal: HOLD | Shares held: 0.0 | Last price: $31.95
2026-10-06 18:38:31,953 | [IP] ACTION: No trade.
2026-10-06 18:38:31,986 | [IQV] choppy/sideways (ADX 17.1) -> mean-reversion strategy | Signal: HOLD | Shares held: 0.0 | Last price: $263.44
2026-10-06 18:38:31,986 | [IQV] ACTION: No trade.
2026-10-06 18:38:32,018 | [IR] trending (ADX 30.6) -> trend-following strategy | Signal: HOLD | Shares held: 0.0 | Last price: $79.30
2026-10-06 18:38:32,018 | [IR] ACTION: No trade.
2026-10-06 18:38:32,049 | [IRM] trending (ADX 37.9) -> trend-following strategy | Signal: HOLD | Shares held: 0.0 | Last price: $116.95
2026-10-06 18:38:32,050 | [IRM] ACTION: No trade.
2026-10-06 18:38:32,081 | [ISRG] choppy/sideways (ADX 24.6) -> mean-reversion strategy | Signal: HOLD | Shares held: 0.0 | Last price: $405.45
2026-10-06 18:38:32,081 | [ISRG] ACTION: No trade.
2026-10-06 18:38:32,113 | [IT] choppy/sideways (ADX 18.9) -> mean-reversion strategy | Signal: HOLD | Shares held: 0.0 | Last price: $186.86
2026-10-06 18:38:32,113 | [IT] ACTION: No trade.
2026-10-06 18:38:32,145 | [ITW] choppy/sideways (ADX 21.4) -> mean-reversion strategy | Signal: HOLD | Shares held: 0.0 | Last price: $268.37
2026-10-06 18:38:32,145 | [ITW] ACTION: No trade.
2026-10-06 18:38:32,178 | [IVZ] choppy/sideways (ADX 19.1) -> mean-reversion strategy | Signal: HOLD | Shares held: 0.0 | Last price: $30.36
2026-10-06 18:38:32,178 | [IVZ] ACTION: No trade.
2026-10-06 18:38:32,209 | [J] choppy/sideways (ADX 19.2) -> mean-reversion strategy | Signal: HOLD | Shares held: 0.0 | Last price: $139.31
2026-10-06 18:38:32,210 | [J] ACTION: No trade.
2026-10-06 18:38:32,241 | [JBHT] choppy/sideways (ADX 16.0) -> mean-reversion strategy | Signal: HOLD | Shares held: 0.0 | Last price: $226.10
2026-10-06 18:38:32,241 | [JBHT] ACTION: No trade.
2026-10-06 18:38:32,273 | [JBL] choppy/sideways (ADX 11.8) -> mean-reversion strategy | Signal: HOLD | Shares held: 0.0 | Last price: $304.04
2026-10-06 18:38:32,273 | [JBL] ACTION: No trade.
2026-10-06 18:38:32,304 | [JCI] trending (ADX 33.5) -> trend-following strategy | Signal: HOLD | Shares held: 0.0 | Last price: $159.90
2026-10-06 18:38:32,305 | [JCI] ACTION: No trade.
2026-10-06 18:38:32,336 | [JKHY] choppy/sideways (ADX 9.6) -> mean-reversion strategy | Signal: HOLD | Shares held: 0.0 | Last price: $144.24
2026-10-06 18:38:32,336 | [JKHY] ACTION: No trade.
2026-10-06 18:38:32,367 | [JNJ] choppy/sideways (ADX 21.7) -> mean-reversion strategy | Signal: HOLD | Shares held: 0.0 | Last price: $255.25
2026-10-06 18:38:32,367 | [JNJ] ACTION: No trade.
2026-10-06 18:38:32,399 | [JPM] choppy/sideways (ADX 20.5) -> mean-reversion strategy | Signal: HOLD | Shares held: 0.0 | Last price: $331.00
2026-10-06 18:38:32,399 | [JPM] ACTION: No trade.
2026-10-06 18:38:32,431 | [KDP] trending (ADX 26.7) -> trend-following strategy | Signal: HOLD | Shares held: 0.0 | Last price: $31.09
2026-10-06 18:38:32,431 | [KDP] ACTION: No trade.
2026-10-06 18:38:32,463 | [KEY] choppy/sideways (ADX 24.2) -> mean-reversion strategy | Signal: HOLD | Shares held: 0.0 | Last price: $20.03
2026-10-06 18:38:32,464 | [KEY] ACTION: No trade.
2026-10-06 18:38:32,496 | [KEYS] choppy/sideways (ADX 11.8) -> mean-reversion strategy | Signal: HOLD | Shares held: 0.0 | Last price: $385.10
2026-10-06 18:38:32,496 | [KEYS] ACTION: No trade.
2026-10-06 18:38:32,527 | [KHC] trending (ADX 25.7) -> trend-following strategy | Signal: HOLD | Shares held: 0.0 | Last price: $22.00
2026-10-06 18:38:32,527 | [KHC] ACTION: No trade.
2026-10-06 18:38:32,559 | [KIM] trending (ADX 26.5) -> trend-following strategy | Signal: HOLD | Shares held: 0.0 | Last price: $22.04
2026-10-06 18:38:32,559 | [KIM] ACTION: No trade.
2026-10-06 18:38:32,591 | [KKR] choppy/sideways (ADX 14.4) -> mean-reversion strategy | Signal: HOLD | Shares held: 0.0 | Last price: $90.84
2026-10-06 18:38:32,591 | [KKR] ACTION: No trade.
2026-10-06 18:38:32,623 | [KLAC] trending (ADX 27.1) -> trend-following strategy | Signal: HOLD | Shares held: 0.0 | Last price: $197.75
2026-10-06 18:38:32,623 | [KLAC] ACTION: No trade.
2026-10-06 18:38:32,656 | [KMB] trending (ADX 29.8) -> trend-following strategy | Signal: HOLD | Shares held: 0.0 | Last price: $95.97
2026-10-06 18:38:32,656 | [KMB] ACTION: No trade.
2026-10-06 18:38:32,688 | [KMI] trending (ADX 36.6) -> trend-following strategy | Signal: HOLD | Shares held: 0.0 | Last price: $32.08
2026-10-06 18:38:32,688 | [KMI] ACTION: No trade.
2026-10-06 18:38:32,721 | [KO] trending (ADX 26.9) -> trend-following strategy | Signal: HOLD | Shares held: 0.0 | Last price: $86.67
2026-10-06 18:38:32,721 | [KO] ACTION: No trade.
2026-10-06 18:38:32,753 | [KR] trending (ADX 32.3) -> trend-following strategy | Signal: HOLD | Shares held: 0.0 | Last price: $58.10
2026-10-06 18:38:32,753 | [KR] ACTION: No trade.
2026-10-06 18:38:32,784 | [KVUE] trending (ADX 31.7) -> trend-following strategy | Signal: HOLD | Shares held: 0.0 | Last price: $17.46
2026-10-06 18:38:32,784 | [KVUE] ACTION: No trade.
2026-10-06 18:38:32,816 | [L] choppy/sideways (ADX 19.9) -> mean-reversion strategy | Signal: HOLD | Shares held: 0.0 | Last price: $106.31
2026-10-06 18:38:32,816 | [L] ACTION: No trade.
2026-10-06 18:38:32,848 | [LDOS] choppy/sideways (ADX 20.8) -> mean-reversion strategy | Signal: HOLD | Shares held: 0.0 | Last price: $116.55
2026-10-06 18:38:32,848 | [LDOS] ACTION: No trade.
2026-10-06 18:38:32,880 | [LEN] trending (ADX 37.2) -> trend-following strategy | Signal: HOLD | Shares held: 0.0 | Last price: $77.29
2026-10-06 18:38:32,880 | [LEN] ACTION: No trade.
2026-10-06 18:38:32,913 | [LH] choppy/sideways (ADX 11.5) -> mean-reversion strategy | Signal: HOLD | Shares held: 0.0 | Last price: $308.56
2026-10-06 18:38:32,913 | [LH] ACTION: No trade.
2026-10-06 18:38:32,945 | [LHX] choppy/sideways (ADX 15.6) -> mean-reversion strategy | Signal: HOLD | Shares held: 0.0 | Last price: $238.20
2026-10-06 18:38:32,945 | [LHX] ACTION: No trade.
2026-10-06 18:38:32,977 | [LII] choppy/sideways (ADX 24.2) -> mean-reversion strategy | Signal: HOLD | Shares held: 0.0 | Last price: $364.68
2026-10-06 18:38:32,977 | [LII] ACTION: No trade.
2026-10-06 18:38:33,008 | [LIN] trending (ADX 36.0) -> trend-following strategy | Signal: HOLD | Shares held: 0.0 | Last price: $491.58
2026-10-06 18:38:33,008 | [LIN] ACTION: No trade.
2026-10-06 18:38:33,040 | [LITE] trending (ADX 41.7) -> trend-following strategy | Signal: HOLD | Shares held: 0.0 | Last price: $1130.32
2026-10-06 18:38:33,040 | [LITE] ACTION: No trade.
2026-10-06 18:38:33,072 | [LLY] choppy/sideways (ADX 12.5) -> mean-reversion strategy | Signal: HOLD | Shares held: 0.0 | Last price: $1160.41
2026-10-06 18:38:33,072 | [LLY] ACTION: No trade.
2026-10-06 18:38:33,105 | [LMT] choppy/sideways (ADX 21.1) -> mean-reversion strategy | Signal: HOLD | Shares held: 0.0 | Last price: $508.19
2026-10-06 18:38:33,106 | [LMT] ACTION: No trade.
2026-10-06 18:38:33,138 | [LNT] trending (ADX 29.3) -> trend-following strategy | Signal: HOLD | Shares held: 0.0 | Last price: $65.04
2026-10-06 18:38:33,138 | [LNT] ACTION: No trade.
2026-10-06 18:38:33,169 | [LOW] trending (ADX 32.8) -> trend-following strategy | Signal: HOLD | Shares held: 0.0 | Last price: $181.79
2026-10-06 18:38:33,169 | [LOW] ACTION: No trade.
2026-10-06 18:38:33,201 | [LRCX] trending (ADX 39.8) -> trend-following strategy | Signal: HOLD | Shares held: 0.0 | Last price: $331.75
2026-10-06 18:38:33,201 | [LRCX] ACTION: No trade.
2026-10-06 18:38:33,233 | [LULU] trending (ADX 28.5) -> trend-following strategy | Signal: HOLD | Shares held: 0.0 | Last price: $93.50
2026-10-06 18:38:33,233 | [LULU] ACTION: No trade.
2026-10-06 18:38:33,265 | [LUV] choppy/sideways (ADX 19.7) -> mean-reversion strategy | Signal: HOLD | Shares held: 0.0 | Last price: $42.05
2026-10-06 18:38:33,265 | [LUV] ACTION: No trade.
2026-10-06 18:38:33,297 | [LVS] choppy/sideways (ADX 11.6) -> mean-reversion strategy | Signal: HOLD | Shares held: 0.0 | Last price: $36.33
2026-10-06 18:38:33,297 | [LVS] ACTION: No trade.
2026-10-06 18:38:33,329 | [LYB] choppy/sideways (ADX 11.6) -> mean-reversion strategy | Signal: HOLD | Shares held: 0.0 | Last price: $58.90
2026-10-06 18:38:33,329 | [LYB] ACTION: No trade.
2026-10-06 18:38:33,361 | [LYV] choppy/sideways (ADX 15.4) -> mean-reversion strategy | Signal: HOLD | Shares held: 0.0 | Last price: $171.91
2026-10-06 18:38:33,361 | [LYV] ACTION: No trade.
2026-10-06 18:38:33,394 | [MA] choppy/sideways (ADX 21.2) -> mean-reversion strategy | Signal: HOLD | Shares held: 0.0 | Last price: $565.74
2026-10-06 18:38:33,394 | [MA] ACTION: No trade.
2026-10-06 18:38:33,427 | [MAA] trending (ADX 25.1) -> trend-following strategy | Signal: HOLD | Shares held: 0.0 | Last price: $117.34
2026-10-06 18:38:33,427 | [MAA] ACTION: No trade.
2026-10-06 18:38:33,460 | [MAR] choppy/sideways (ADX 20.8) -> mean-reversion strategy | Signal: HOLD | Shares held: 0.0 | Last price: $359.99
2026-10-06 18:38:33,460 | [MAR] ACTION: No trade.
2026-10-06 18:38:33,492 | [MAS] trending (ADX 26.4) -> trend-following strategy | Signal: HOLD | Shares held: 0.0 | Last price: $69.46
2026-10-06 18:38:33,492 | [MAS] ACTION: No trade.
2026-10-06 18:38:33,523 | [MCD] choppy/sideways (ADX 15.9) -> mean-reversion strategy | Signal: HOLD | Shares held: 0.0 | Last price: $232.21
2026-10-06 18:38:33,523 | [MCD] ACTION: No trade.
2026-10-06 18:38:33,556 | [MCHP] choppy/sideways (ADX 12.6) -> mean-reversion strategy | Signal: HOLD | Shares held: 0.0 | Last price: $81.42
2026-10-06 18:38:33,556 | [MCHP] ACTION: No trade.
2026-10-06 18:38:33,589 | [MCK] trending (ADX 26.8) -> trend-following strategy | Signal: HOLD | Shares held: 0.0 | Last price: $925.62
2026-10-06 18:38:33,589 | [MCK] ACTION: No trade.
2026-10-06 18:38:33,622 | [MCO] trending (ADX 29.9) -> trend-following strategy | Signal: HOLD | Shares held: 0.0 | Last price: $451.37
2026-10-06 18:38:33,622 | [MCO] ACTION: No trade.
2026-10-06 18:38:33,654 | [MDLZ] trending (ADX 30.3) -> trend-following strategy | Signal: HOLD | Shares held: 0.0 | Last price: $59.23
2026-10-06 18:38:33,654 | [MDLZ] ACTION: No trade.
2026-10-06 18:38:33,686 | [MDT] trending (ADX 29.4) -> trend-following strategy | Signal: HOLD | Shares held: 0.0 | Last price: $86.58
2026-10-06 18:38:33,686 | [MDT] ACTION: No trade.
2026-10-06 18:38:33,718 | [MET] trending (ADX 26.6) -> trend-following strategy | Signal: HOLD | Shares held: 0.0 | Last price: $97.60
2026-10-06 18:38:33,719 | [MET] ACTION: No trade.
2026-10-06 18:38:33,750 | [META] choppy/sideways (ADX 22.7) -> mean-reversion strategy | Signal: HOLD | Shares held: 0.0 | Last price: $743.22
2026-10-06 18:38:33,750 | [META] ACTION: No trade.
2026-10-06 18:38:33,781 | [MGM] choppy/sideways (ADX 22.0) -> mean-reversion strategy | Signal: HOLD | Shares held: 0.0 | Last price: $30.54
2026-10-06 18:38:33,782 | [MGM] ACTION: No trade.
2026-10-06 18:38:33,816 | [MKC] trending (ADX 31.6) -> trend-following strategy | Signal: HOLD | Shares held: 0.0 | Last price: $45.57
2026-10-06 18:38:33,816 | [MKC] ACTION: No trade.
2026-10-06 18:38:33,848 | [MLM] trending (ADX 29.0) -> trend-following strategy | Signal: HOLD | Shares held: 0.0 | Last price: $488.24
2026-10-06 18:38:33,849 | [MLM] ACTION: No trade.
2026-10-06 18:38:33,881 | [MMM] choppy/sideways (ADX 14.7) -> mean-reversion strategy | Signal: HOLD | Shares held: 0.0 | Last price: $163.24
2026-10-06 18:38:33,882 | [MMM] ACTION: No trade.
2026-10-06 18:38:33,914 | [MNST] trending (ADX 38.0) -> trend-following strategy | Signal: HOLD | Shares held: 0.0 | Last price: $42.97
2026-10-06 18:38:33,914 | [MNST] ACTION: No trade.
2026-10-06 18:38:33,946 | [MO] choppy/sideways (ADX 24.8) -> mean-reversion strategy | Signal: HOLD | Shares held: 0.0 | Last price: $68.36
2026-10-06 18:38:33,946 | [MO] ACTION: No trade.
2026-10-06 18:38:33,978 | [MOS] trending (ADX 27.4) -> trend-following strategy | Signal: HOLD | Shares held: 0.0 | Last price: $21.05
2026-10-06 18:38:33,978 | [MOS] ACTION: No trade.
2026-10-06 18:38:34,010 | [MPC] choppy/sideways (ADX 18.8) -> mean-reversion strategy | Signal: HOLD | Shares held: 0.0 | Last price: $434.06
2026-10-06 18:38:34,010 | [MPC] ACTION: No trade.
2026-10-06 18:38:34,042 | [MPWR] trending (ADX 27.3) -> trend-following strategy | Signal: HOLD | Shares held: 0.0 | Last price: $1467.34
2026-10-06 18:38:34,042 | [MPWR] ACTION: No trade.
2026-10-06 18:38:34,074 | [MRK] choppy/sideways (ADX 16.5) -> mean-reversion strategy | Signal: HOLD | Shares held: 0.0 | Last price: $141.37
2026-10-06 18:38:34,074 | [MRK] ACTION: No trade.
2026-10-06 18:38:34,107 | [MRNA] choppy/sideways (ADX 15.8) -> mean-reversion strategy | Signal: HOLD | Shares held: 0.0 | Last price: $190.57
2026-10-06 18:38:34,107 | [MRNA] ACTION: No trade.
2026-10-06 18:38:34,139 | [MRSH] choppy/sideways (ADX 12.1) -> mean-reversion strategy | Signal: HOLD | Shares held: 0.0 | Last price: $171.66
2026-10-06 18:38:34,139 | [MRSH] ACTION: No trade.
2026-10-06 18:38:34,171 | [MRVL] trending (ADX 34.1) -> trend-following strategy | Signal: HOLD | Shares held: 0.0 | Last price: $289.77
2026-10-06 18:38:34,171 | [MRVL] ACTION: No trade.
2026-10-06 18:38:34,202 | [MS] choppy/sideways (ADX 11.4) -> mean-reversion strategy | Signal: HOLD | Shares held: 0.0 | Last price: $191.23
2026-10-06 18:38:34,202 | [MS] ACTION: No trade.
2026-10-06 18:38:34,234 | [MSCI] trending (ADX 37.5) -> trend-following strategy | Signal: HOLD | Shares held: 0.0 | Last price: $554.09
2026-10-06 18:38:34,234 | [MSCI] ACTION: No trade.
2026-10-06 18:38:34,265 | [MSFT] choppy/sideways (ADX 20.5) -> mean-reversion strategy | Signal: HOLD | Shares held: 0.0 | Last price: $530.95
2026-10-06 18:38:34,265 | [MSFT] ACTION: No trade.
2026-10-06 18:38:34,298 | [MSI] choppy/sideways (ADX 18.9) -> mean-reversion strategy | Signal: HOLD | Shares held: 0.0 | Last price: $456.41
2026-10-06 18:38:34,298 | [MSI] ACTION: No trade.
2026-10-06 18:38:34,330 | [MTB] trending (ADX 25.8) -> trend-following strategy | Signal: HOLD | Shares held: 0.0 | Last price: $218.12
2026-10-06 18:38:34,330 | [MTB] ACTION: No trade.
2026-10-06 18:38:34,363 | [MTD] trending (ADX 27.4) -> trend-following strategy | Signal: HOLD | Shares held: 0.0 | Last price: $1538.02
2026-10-06 18:38:34,363 | [MTD] ACTION: No trade.
2026-10-06 18:38:34,395 | [MU] choppy/sideways (ADX 24.2) -> mean-reversion strategy | Signal: HOLD | Shares held: 0.0 | Last price: $1060.34
2026-10-06 18:38:34,395 | [MU] ACTION: No trade.
2026-10-06 18:38:34,426 | [NCLH] trending (ADX 31.1) -> trend-following strategy | Signal: HOLD | Shares held: 0.0 | Last price: $15.49
2026-10-06 18:38:34,426 | [NCLH] ACTION: No trade.
2026-10-06 18:38:34,458 | [NDAQ] trending (ADX 27.3) -> trend-following strategy | Signal: HOLD | Shares held: 0.0 | Last price: $93.25
2026-10-06 18:38:34,458 | [NDAQ] ACTION: No trade.
2026-10-06 18:38:34,490 | [NDSN] choppy/sideways (ADX 21.8) -> mean-reversion strategy | Signal: HOLD | Shares held: 0.0 | Last price: $336.00
2026-10-06 18:38:34,490 | [NDSN] ACTION: No trade.
2026-10-06 18:38:34,521 | [NEE] trending (ADX 32.5) -> trend-following strategy | Signal: HOLD | Shares held: 0.0 | Last price: $77.29
2026-10-06 18:38:34,521 | [NEE] ACTION: No trade.
2026-10-06 18:38:34,554 | [NEM] choppy/sideways (ADX 23.9) -> mean-reversion strategy | Signal: HOLD | Shares held: 0.0 | Last price: $117.00
2026-10-06 18:38:34,554 | [NEM] ACTION: No trade.
2026-10-06 18:38:34,585 | [NFLX] trending (ADX 34.6) -> trend-following strategy | Signal: HOLD | Shares held: 0.0 | Last price: $68.11
2026-10-06 18:38:34,586 | [NFLX] ACTION: No trade.
2026-10-06 18:38:34,617 | [NI] trending (ADX 54.8) -> trend-following strategy | Signal: HOLD | Shares held: 0.0 | Last price: $40.41
2026-10-06 18:38:34,617 | [NI] ACTION: No trade.
2026-10-06 18:38:34,649 | [NKE] choppy/sideways (ADX 20.1) -> mean-reversion strategy | Signal: HOLD | Shares held: 0.0 | Last price: $34.21
2026-10-06 18:38:34,649 | [NKE] ACTION: No trade.
2026-10-06 18:38:34,680 | [NOC] choppy/sideways (ADX 23.4) -> mean-reversion strategy | Signal: HOLD | Shares held: 0.0 | Last price: $483.12
2026-10-06 18:38:34,680 | [NOC] ACTION: No trade.
2026-10-06 18:38:34,712 | [NOW] choppy/sideways (ADX 17.8) -> mean-reversion strategy | Signal: HOLD | Shares held: 0.0 | Last price: $136.96
2026-10-06 18:38:34,712 | [NOW] ACTION: No trade.
2026-10-06 18:38:34,743 | [NRG] trending (ADX 47.5) -> trend-following strategy | Signal: HOLD | Shares held: 0.0 | Last price: $103.53
2026-10-06 18:38:34,744 | [NRG] ACTION: No trade.
2026-10-06 18:38:34,776 | [NSC] choppy/sideways (ADX 17.5) -> mean-reversion strategy | Signal: HOLD | Shares held: 0.0 | Last price: $315.39
2026-10-06 18:38:34,776 | [NSC] ACTION: No trade.
2026-10-06 18:38:34,809 | [NTAP] trending (ADX 30.8) -> trend-following strategy | Signal: HOLD | Shares held: 0.0 | Last price: $229.19
2026-10-06 18:38:34,809 | [NTAP] ACTION: No trade.
2026-10-06 18:38:34,896 | [NTRS] choppy/sideways (ADX 23.6) -> mean-reversion strategy | Signal: HOLD | Shares held: 0.0 | Last price: $169.55
2026-10-06 18:38:34,896 | [NTRS] ACTION: No trade.
2026-10-06 18:38:34,928 | [NUE] trending (ADX 26.2) -> trend-following strategy | Signal: HOLD | Shares held: 0.0 | Last price: $252.10
2026-10-06 18:38:34,928 | [NUE] ACTION: No trade.
2026-10-06 18:38:34,960 | [NVDA] choppy/sideways (ADX 24.4) -> mean-reversion strategy | Signal: HOLD | Shares held: 0.0 | Last price: $240.19
2026-10-06 18:38:34,960 | [NVDA] ACTION: No trade.
2026-10-06 18:38:34,992 | [NVR] choppy/sideways (ADX 13.5) -> mean-reversion strategy | Signal: HOLD | Shares held: 0.0 | Last price: $6017.98
2026-10-06 18:38:34,992 | [NVR] ACTION: No trade.
2026-10-06 18:38:35,024 | [NWSA] trending (ADX 29.4) -> trend-following strategy | Signal: HOLD | Shares held: 0.0 | Last price: $28.34
2026-10-06 18:38:35,024 | [NWSA] ACTION: No trade.
2026-10-06 18:38:35,056 | [NXPI] choppy/sideways (ADX 23.8) -> mean-reversion strategy | Signal: HOLD | Shares held: 0.0 | Last price: $243.94
2026-10-06 18:38:35,056 | [NXPI] ACTION: No trade.
2026-10-06 18:38:35,088 | [O] choppy/sideways (ADX 10.1) -> mean-reversion strategy | Signal: HOLD | Shares held: 0.0 | Last price: $53.97
2026-10-06 18:38:35,088 | [O] ACTION: No trade.
2026-10-06 18:38:35,119 | [ODFL] choppy/sideways (ADX 20.6) -> mean-reversion strategy | Signal: HOLD | Shares held: 0.0 | Last price: $179.09
2026-10-06 18:38:35,119 | [ODFL] ACTION: No trade.
2026-10-06 18:38:35,151 | [OKE] choppy/sideways (ADX 19.4) -> mean-reversion strategy | Signal: HOLD | Shares held: 0.0 | Last price: $89.60
2026-10-06 18:38:35,151 | [OKE] ACTION: No trade.
2026-10-06 18:38:35,183 | [OMC] choppy/sideways (ADX 16.9) -> mean-reversion strategy | Signal: HOLD | Shares held: 0.0 | Last price: $74.62
2026-10-06 18:38:35,183 | [OMC] ACTION: No trade.
2026-10-06 18:38:35,216 | [ON] trending (ADX 32.0) -> trend-following strategy | Signal: HOLD | Shares held: 0.0 | Last price: $86.30
2026-10-06 18:38:35,216 | [ON] ACTION: No trade.
2026-10-06 18:38:35,248 | [ORCL] trending (ADX 32.4) -> trend-following strategy | Signal: HOLD | Shares held: 0.0 | Last price: $145.69
2026-10-06 18:38:35,248 | [ORCL] ACTION: No trade.
2026-10-06 18:38:35,281 | [ORLY] choppy/sideways (ADX 17.5) -> mean-reversion strategy | Signal: HOLD | Shares held: 0.0 | Last price: $85.27
2026-10-06 18:38:35,281 | [ORLY] ACTION: No trade.
2026-10-06 18:38:35,313 | [OTIS] trending (ADX 30.9) -> trend-following strategy | Signal: SELL | Shares held: 0.0 | Last price: $65.98
2026-10-06 18:38:35,313 | [OTIS] ACTION: No trade.
2026-10-06 18:38:35,344 | [OXY] choppy/sideways (ADX 12.8) -> mean-reversion strategy | Signal: HOLD | Shares held: 0.0 | Last price: $58.60
2026-10-06 18:38:35,344 | [OXY] ACTION: No trade.
2026-10-06 18:38:35,376 | [P] trending (ADX 41.4) -> trend-following strategy | Signal: HOLD | Shares held: 0.0 | Last price: $147.94
2026-10-06 18:38:35,376 | [P] ACTION: No trade.
2026-10-06 18:38:35,408 | [PANW] trending (ADX 28.5) -> trend-following strategy | Signal: HOLD | Shares held: 0.0 | Last price: $419.71
2026-10-06 18:38:35,408 | [PANW] ACTION: No trade.
2026-10-06 18:38:35,440 | [PAYX] choppy/sideways (ADX 24.0) -> mean-reversion strategy | Signal: HOLD | Shares held: 0.0 | Last price: $100.44
2026-10-06 18:38:35,440 | [PAYX] ACTION: No trade.
2026-10-06 18:38:35,473 | [PCAR] choppy/sideways (ADX 22.1) -> mean-reversion strategy | Signal: HOLD | Shares held: 0.0 | Last price: $108.80
2026-10-06 18:38:35,473 | [PCAR] ACTION: No trade.
2026-10-06 18:38:35,505 | [PCG] choppy/sideways (ADX 17.9) -> mean-reversion strategy | Signal: HOLD | Shares held: 0.0 | Last price: $12.40
2026-10-06 18:38:35,505 | [PCG] ACTION: No trade.
2026-10-06 18:38:35,537 | [PEG] trending (ADX 61.2) -> trend-following strategy | Signal: HOLD | Shares held: 0.0 | Last price: $71.15
2026-10-06 18:38:35,537 | [PEG] ACTION: No trade.
2026-10-06 18:38:35,568 | [PEP] trending (ADX 32.5) -> trend-following strategy | Signal: HOLD | Shares held: 0.0 | Last price: $125.25
2026-10-06 18:38:35,569 | [PEP] ACTION: No trade.
2026-10-06 18:38:35,600 | [PFE] choppy/sideways (ADX 16.9) -> mean-reversion strategy | Signal: HOLD | Shares held: 0.0 | Last price: $27.43
2026-10-06 18:38:35,600 | [PFE] ACTION: No trade.
2026-10-06 18:38:35,631 | [PFG] trending (ADX 31.8) -> trend-following strategy | Signal: HOLD | Shares held: 0.0 | Last price: $110.47
2026-10-06 18:38:35,631 | [PFG] ACTION: No trade.
2026-10-06 18:38:35,663 | [PG] trending (ADX 46.9) -> trend-following strategy | Signal: HOLD | Shares held: 0.0 | Last price: $148.46
2026-10-06 18:38:35,663 | [PG] ACTION: No trade.
2026-10-06 18:38:35,695 | [PGR] choppy/sideways (ADX 24.5) -> mean-reversion strategy | Signal: HOLD | Shares held: 0.0 | Last price: $212.60
2026-10-06 18:38:35,695 | [PGR] ACTION: No trade.
2026-10-06 18:38:35,728 | [PH] choppy/sideways (ADX 18.4) -> mean-reversion strategy | Signal: HOLD | Shares held: 0.0 | Last price: $986.63
2026-10-06 18:38:35,728 | [PH] ACTION: No trade.
2026-10-06 18:38:35,760 | [PHM] trending (ADX 29.4) -> trend-following strategy | Signal: HOLD | Shares held: 0.0 | Last price: $115.99
2026-10-06 18:38:35,760 | [PHM] ACTION: No trade.
2026-10-06 18:38:35,793 | [PKG] choppy/sideways (ADX 21.3) -> mean-reversion strategy | Signal: HOLD | Shares held: 0.0 | Last price: $229.40
2026-10-06 18:38:35,793 | [PKG] ACTION: No trade.
2026-10-06 18:38:35,825 | [PLD] choppy/sideways (ADX 14.8) -> mean-reversion strategy | Signal: HOLD | Shares held: 0.0 | Last price: $128.68
2026-10-06 18:38:35,825 | [PLD] ACTION: No trade.
2026-10-06 18:38:35,858 | [PLTR] choppy/sideways (ADX 19.9) -> mean-reversion strategy | Signal: HOLD | Shares held: 0.0 | Last price: $192.62
2026-10-06 18:38:35,858 | [PLTR] ACTION: No trade.
2026-10-06 18:38:35,889 | [PM] choppy/sideways (ADX 14.5) -> mean-reversion strategy | Signal: HOLD | Shares held: 0.0 | Last price: $190.40
2026-10-06 18:38:35,890 | [PM] ACTION: No trade.
2026-10-06 18:38:35,921 | [PNC] choppy/sideways (ADX 17.9) -> mean-reversion strategy | Signal: HOLD | Shares held: 0.0 | Last price: $219.27
2026-10-06 18:38:35,921 | [PNC] ACTION: No trade.
2026-10-06 18:38:35,953 | [PNR] choppy/sideways (ADX 18.0) -> mean-reversion strategy | Signal: HOLD | Shares held: 0.0 | Last price: $52.64
2026-10-06 18:38:35,953 | [PNR] ACTION: No trade.
2026-10-06 18:38:35,985 | [PNW] trending (ADX 35.9) -> trend-following strategy | Signal: HOLD | Shares held: 0.0 | Last price: $97.69
2026-10-06 18:38:35,985 | [PNW] ACTION: No trade.
2026-10-06 18:38:36,017 | [PODD] trending (ADX 33.9) -> trend-following strategy | Signal: HOLD | Shares held: 0.0 | Last price: $135.34
2026-10-06 18:38:36,018 | [PODD] ACTION: No trade.
2026-10-06 18:38:36,049 | [PPG] trending (ADX 27.9) -> trend-following strategy | Signal: HOLD | Shares held: 0.0 | Last price: $106.10
2026-10-06 18:38:36,049 | [PPG] ACTION: No trade.
2026-10-06 18:38:36,080 | [PPL] trending (ADX 44.6) -> trend-following strategy | Signal: HOLD | Shares held: 0.0 | Last price: $33.48
2026-10-06 18:38:36,080 | [PPL] ACTION: No trade.
2026-10-06 18:38:36,112 | [PRU] choppy/sideways (ADX 21.0) -> mean-reversion strategy | Signal: HOLD | Shares held: 0.0 | Last price: $113.97
2026-10-06 18:38:36,112 | [PRU] ACTION: No trade.
2026-10-06 18:38:36,144 | [PSA] choppy/sideways (ADX 24.4) -> mean-reversion strategy | Signal: HOLD | Shares held: 0.0 | Last price: $285.17
2026-10-06 18:38:36,144 | [PSA] ACTION: No trade.
2026-10-06 18:38:36,177 | [PSX] choppy/sideways (ADX 14.3) -> mean-reversion strategy | Signal: HOLD | Shares held: 0.0 | Last price: $271.20
2026-10-06 18:38:36,177 | [PSX] ACTION: No trade.
2026-10-06 18:38:36,209 | [PTC] trending (ADX 66.5) -> trend-following strategy | Signal: HOLD | Shares held: 0.0 | Last price: $193.14
2026-10-06 18:38:36,209 | [PTC] ACTION: No trade.
2026-10-06 18:38:36,241 | [PWR] trending (ADX 35.9) -> trend-following strategy | Signal: HOLD | Shares held: 0.0 | Last price: $716.43
2026-10-06 18:38:36,241 | [PWR] ACTION: No trade.
2026-10-06 18:38:36,272 | [PYPL] choppy/sideways (ADX 24.0) -> mean-reversion strategy | Signal: HOLD | Shares held: 0.0 | Last price: $54.65
2026-10-06 18:38:36,272 | [PYPL] ACTION: No trade.
2026-10-06 18:38:36,304 | [Q] choppy/sideways (ADX 15.4) -> mean-reversion strategy | Signal: HOLD | Shares held: 0.0 | Last price: $131.88
2026-10-06 18:38:36,304 | [Q] ACTION: No trade.
2026-10-06 18:38:36,336 | [QCOM] trending (ADX 31.5) -> trend-following strategy | Signal: HOLD | Shares held: 0.0 | Last price: $182.27
2026-10-06 18:38:36,336 | [QCOM] ACTION: No trade.
2026-10-06 18:38:36,367 | [RCL] trending (ADX 46.3) -> trend-following strategy | Signal: HOLD | Shares held: 0.0 | Last price: $287.08
2026-10-06 18:38:36,368 | [RCL] ACTION: No trade.
2026-10-06 18:38:36,400 | [RDDT] choppy/sideways (ADX 10.4) -> mean-reversion strategy | Signal: HOLD | Shares held: 0.0 | Last price: $148.81
2026-10-06 18:38:36,400 | [RDDT] ACTION: No trade.
2026-10-06 18:38:36,432 | [REGN] choppy/sideways (ADX 14.1) -> mean-reversion strategy | Signal: HOLD | Shares held: 0.0 | Last price: $735.33
2026-10-06 18:38:36,432 | [REGN] ACTION: No trade.
2026-10-06 18:38:36,464 | [RF] choppy/sideways (ADX 22.2) -> mean-reversion strategy | Signal: HOLD | Shares held: 0.0 | Last price: $27.00
2026-10-06 18:38:36,464 | [RF] ACTION: No trade.
2026-10-06 18:38:36,495 | [RJF] trending (ADX 25.6) -> trend-following strategy | Signal: HOLD | Shares held: 0.0 | Last price: $160.12
2026-10-06 18:38:36,496 | [RJF] ACTION: No trade.
2026-10-06 18:38:36,527 | [RL] choppy/sideways (ADX 15.9) -> mean-reversion strategy | Signal: HOLD | Shares held: 0.0 | Last price: $365.46
2026-10-06 18:38:36,527 | [RL] ACTION: No trade.
2026-10-06 18:38:36,558 | [RMD] choppy/sideways (ADX 20.5) -> mean-reversion strategy | Signal: HOLD | Shares held: 0.0 | Last price: $220.98
2026-10-06 18:38:36,559 | [RMD] ACTION: No trade.
2026-10-06 18:38:36,590 | [ROK] choppy/sideways (ADX 18.8) -> mean-reversion strategy | Signal: HOLD | Shares held: 0.0 | Last price: $454.76
2026-10-06 18:38:36,591 | [ROK] ACTION: No trade.
2026-10-06 18:38:36,623 | [ROL] trending (ADX 33.9) -> trend-following strategy | Signal: HOLD | Shares held: 0.0 | Last price: $30.12
2026-10-06 18:38:36,623 | [ROL] ACTION: No trade.
2026-10-06 18:38:36,655 | [ROP] choppy/sideways (ADX 20.2) -> mean-reversion strategy | Signal: HOLD | Shares held: 0.0 | Last price: $360.31
2026-10-06 18:38:36,655 | [ROP] ACTION: No trade.
2026-10-06 18:38:36,687 | [ROST] trending (ADX 30.7) -> trend-following strategy | Signal: HOLD | Shares held: 0.0 | Last price: $222.54
2026-10-06 18:38:36,687 | [ROST] ACTION: No trade.
2026-10-06 18:38:36,718 | [RSG] trending (ADX 47.5) -> trend-following strategy | Signal: HOLD | Shares held: 0.0 | Last price: $215.00
2026-10-06 18:38:36,718 | [RSG] ACTION: No trade.
2026-10-06 18:38:36,750 | [RTX] choppy/sideways (ADX 19.2) -> mean-reversion strategy | Signal: HOLD | Shares held: 0.0 | Last price: $182.87
2026-10-06 18:38:36,750 | [RTX] ACTION: No trade.
2026-10-06 18:38:36,781 | [RVTY] choppy/sideways (ADX 12.6) -> mean-reversion strategy | Signal: HOLD | Shares held: 0.0 | Last price: $154.23
2026-10-06 18:38:36,781 | [RVTY] ACTION: No trade.
2026-10-06 18:38:36,814 | [SBAC] trending (ADX 48.1) -> trend-following strategy | Signal: HOLD | Shares held: 0.0 | Last price: $168.12
2026-10-06 18:38:36,814 | [SBAC] ACTION: No trade.
2026-10-06 18:38:36,847 | [SBUX] choppy/sideways (ADX 19.2) -> mean-reversion strategy | Signal: HOLD | Shares held: 0.0 | Last price: $95.56
2026-10-06 18:38:36,847 | [SBUX] ACTION: No trade.
2026-10-06 18:38:36,879 | [SCHW] choppy/sideways (ADX 21.8) -> mean-reversion strategy | Signal: HOLD | Shares held: 0.0 | Last price: $97.16
2026-10-06 18:38:36,879 | [SCHW] ACTION: No trade.
2026-10-06 18:38:36,911 | [SHW] choppy/sideways (ADX 18.5) -> mean-reversion strategy | Signal: HOLD | Shares held: 0.0 | Last price: $322.10
2026-10-06 18:38:36,911 | [SHW] ACTION: No trade.
2026-10-06 18:38:36,943 | [SJM] choppy/sideways (ADX 15.4) -> mean-reversion strategy | Signal: HOLD | Shares held: 0.0 | Last price: $116.88
2026-10-06 18:38:36,943 | [SJM] ACTION: No trade.
2026-10-06 18:38:36,974 | [SLB] choppy/sideways (ADX 20.8) -> mean-reversion strategy | Signal: HOLD | Shares held: 0.0 | Last price: $49.94
2026-10-06 18:38:36,974 | [SLB] ACTION: No trade.
2026-10-06 18:38:37,006 | [SMCI] choppy/sideways (ADX 16.8) -> mean-reversion strategy | Signal: HOLD | Shares held: 0.0 | Last price: $43.62
2026-10-06 18:38:37,006 | [SMCI] ACTION: No trade.
2026-10-06 18:38:37,038 | [SNDK] trending (ADX 33.3) -> trend-following strategy | Signal: HOLD | Shares held: 0.0 | Last price: $1669.76
2026-10-06 18:38:37,038 | [SNDK] ACTION: No trade.
2026-10-06 18:38:37,071 | [SNPS] trending (ADX 36.0) -> trend-following strategy | Signal: HOLD | Shares held: 0.0 | Last price: $505.34
2026-10-06 18:38:37,071 | [SNPS] ACTION: No trade.
2026-10-06 18:38:37,103 | [SO] trending (ADX 29.9) -> trend-following strategy | Signal: HOLD | Shares held: 0.0 | Last price: $84.79
2026-10-06 18:38:37,103 | [SO] ACTION: No trade.
2026-10-06 18:38:37,135 | [SPG] choppy/sideways (ADX 11.0) -> mean-reversion strategy | Signal: HOLD | Shares held: 0.0 | Last price: $201.19
2026-10-06 18:38:37,135 | [SPG] ACTION: No trade.
2026-10-06 18:38:37,167 | [SPGI] trending (ADX 45.5) -> trend-following strategy | Signal: HOLD | Shares held: 0.0 | Last price: $395.49
2026-10-06 18:38:37,167 | [SPGI] ACTION: No trade.
2026-10-06 18:38:37,200 | [SRE] trending (ADX 39.9) -> trend-following strategy | Signal: HOLD | Shares held: 0.0 | Last price: $79.36
2026-10-06 18:38:37,200 | [SRE] ACTION: No trade.
2026-10-06 18:38:37,232 | [STE] choppy/sideways (ADX 18.8) -> mean-reversion strategy | Signal: HOLD | Shares held: 0.0 | Last price: $209.16
2026-10-06 18:38:37,232 | [STE] ACTION: No trade.
2026-10-06 18:38:37,263 | [STLD] choppy/sideways (ADX 21.8) -> mean-reversion strategy | Signal: HOLD | Shares held: 0.0 | Last price: $239.87
2026-10-06 18:38:37,263 | [STLD] ACTION: No trade.
2026-10-06 18:38:37,295 | [STT] choppy/sideways (ADX 21.3) -> mean-reversion strategy | Signal: HOLD | Shares held: 0.0 | Last price: $175.79
2026-10-06 18:38:37,295 | [STT] ACTION: No trade.
2026-10-06 18:38:37,326 | [STX] trending (ADX 51.8) -> trend-following strategy | Signal: HOLD | Shares held: 0.0 | Last price: $802.05
2026-10-06 18:38:37,327 | [STX] ACTION: No trade.
2026-10-06 18:38:37,358 | [STZ] trending (ADX 28.5) -> trend-following strategy | Signal: HOLD | Shares held: 0.0 | Last price: $115.22
2026-10-06 18:38:37,358 | [STZ] ACTION: No trade.
2026-10-06 18:38:37,390 | [SW] choppy/sideways (ADX 15.4) -> mean-reversion strategy | Signal: HOLD | Shares held: 0.0 | Last price: $42.23
2026-10-06 18:38:37,391 | [SW] ACTION: No trade.
2026-10-06 18:38:37,423 | [SWK] choppy/sideways (ADX 12.8) -> mean-reversion strategy | Signal: HOLD | Shares held: 0.0 | Last price: $90.20
2026-10-06 18:38:37,423 | [SWK] ACTION: No trade.
2026-10-06 18:38:37,455 | [SWKS] choppy/sideways (ADX 10.6) -> mean-reversion strategy | Signal: HOLD | Shares held: 0.0 | Last price: $81.60
2026-10-06 18:38:37,455 | [SWKS] ACTION: No trade.
2026-10-06 18:38:37,487 | [SYF] choppy/sideways (ADX 19.9) -> mean-reversion strategy | Signal: HOLD | Shares held: 0.0 | Last price: $71.77
2026-10-06 18:38:37,487 | [SYF] ACTION: No trade.
2026-10-06 18:38:37,519 | [SYK] trending (ADX 43.6) -> trend-following strategy | Signal: HOLD | Shares held: 0.0 | Last price: $279.44
2026-10-06 18:38:37,519 | [SYK] ACTION: No trade.
2026-10-06 18:38:37,550 | [SYY] choppy/sideways (ADX 16.6) -> mean-reversion strategy | Signal: HOLD | Shares held: 0.0 | Last price: $77.00
2026-10-06 18:38:37,550 | [SYY] ACTION: No trade.
2026-10-06 18:38:37,582 | [T] choppy/sideways (ADX 21.8) -> mean-reversion strategy | Signal: HOLD | Shares held: 0.0 | Last price: $24.30
2026-10-06 18:38:37,582 | [T] ACTION: No trade.
2026-10-06 18:38:37,614 | [TDG] choppy/sideways (ADX 23.6) -> mean-reversion strategy | Signal: HOLD | Shares held: 0.0 | Last price: $1104.27
2026-10-06 18:38:37,614 | [TDG] ACTION: No trade.
2026-10-06 18:38:37,646 | [TDY] choppy/sideways (ADX 12.8) -> mean-reversion strategy | Signal: HOLD | Shares held: 0.0 | Last price: $622.72
2026-10-06 18:38:37,646 | [TDY] ACTION: No trade.
2026-10-06 18:38:37,679 | [TECH] choppy/sideways (ADX 15.8) -> mean-reversion strategy | Signal: HOLD | Shares held: 0.0 | Last price: $72.45
2026-10-06 18:38:37,679 | [TECH] ACTION: No trade.
2026-10-06 18:38:37,710 | [TEL] choppy/sideways (ADX 15.2) -> mean-reversion strategy | Signal: HOLD | Shares held: 0.0 | Last price: $220.40
2026-10-06 18:38:37,710 | [TEL] ACTION: No trade.
2026-10-06 18:38:37,743 | [TER] trending (ADX 37.3) -> trend-following strategy | Signal: HOLD | Shares held: 0.0 | Last price: $429.64
2026-10-06 18:38:37,743 | [TER] ACTION: No trade.
2026-10-06 18:38:37,774 | [TFC] choppy/sideways (ADX 19.6) -> mean-reversion strategy | Signal: HOLD | Shares held: 0.0 | Last price: $46.16
2026-10-06 18:38:37,774 | [TFC] ACTION: No trade.
2026-10-06 18:38:37,806 | [TGT] choppy/sideways (ADX 15.3) -> mean-reversion strategy | Signal: HOLD | Shares held: 0.0 | Last price: $153.42
2026-10-06 18:38:37,806 | [TGT] ACTION: No trade.
2026-10-06 18:38:37,838 | [TJX] choppy/sideways (ADX 24.5) -> mean-reversion strategy | Signal: HOLD | Shares held: 0.0 | Last price: $135.79
2026-10-06 18:38:37,839 | [TJX] ACTION: No trade.
2026-10-06 18:38:37,871 | [TKO] choppy/sideways (ADX 18.3) -> mean-reversion strategy | Signal: HOLD | Shares held: 0.0 | Last price: $175.40
2026-10-06 18:38:37,871 | [TKO] ACTION: No trade.
2026-10-06 18:38:37,903 | [TMO] choppy/sideways (ADX 14.8) -> mean-reversion strategy | Signal: HOLD | Shares held: 0.0 | Last price: $663.14
2026-10-06 18:38:37,903 | [TMO] ACTION: No trade.
2026-10-06 18:38:37,935 | [TMUS] choppy/sideways (ADX 10.8) -> mean-reversion strategy | Signal: HOLD | Shares held: 0.0 | Last price: $164.15
2026-10-06 18:38:37,935 | [TMUS] ACTION: No trade.
2026-10-06 18:38:37,967 | [TPL] trending (ADX 35.9) -> trend-following strategy | Signal: HOLD | Shares held: 0.0 | Last price: $354.74
2026-10-06 18:38:37,967 | [TPL] ACTION: No trade.
2026-10-06 18:38:37,998 | [TPR] choppy/sideways (ADX 18.2) -> mean-reversion strategy | Signal: HOLD | Shares held: 0.0 | Last price: $115.74
2026-10-06 18:38:37,998 | [TPR] ACTION: No trade.
2026-10-06 18:38:38,030 | [TRGP] choppy/sideways (ADX 24.4) -> mean-reversion strategy | Signal: HOLD | Shares held: 0.0 | Last price: $284.71
2026-10-06 18:38:38,030 | [TRGP] ACTION: No trade.
2026-10-06 18:38:38,062 | [TRMB] trending (ADX 34.0) -> trend-following strategy | Signal: HOLD | Shares held: 0.0 | Last price: $60.68
2026-10-06 18:38:38,062 | [TRMB] ACTION: No trade.
2026-10-06 18:38:38,094 | [TROW] choppy/sideways (ADX 24.3) -> mean-reversion strategy | Signal: HOLD | Shares held: 0.0 | Last price: $103.84
2026-10-06 18:38:38,094 | [TROW] ACTION: No trade.
2026-10-06 18:38:38,126 | [TRV] choppy/sideways (ADX 12.8) -> mean-reversion strategy | Signal: HOLD | Shares held: 0.0 | Last price: $360.27
2026-10-06 18:38:38,126 | [TRV] ACTION: No trade.
2026-10-06 18:38:38,158 | [TSCO] trending (ADX 51.7) -> trend-following strategy | Signal: HOLD | Shares held: 0.0 | Last price: $32.13
2026-10-06 18:38:38,159 | [TSCO] ACTION: No trade.
2026-10-06 18:38:38,190 | [TSLA] trending (ADX 26.7) -> trend-following strategy | Signal: HOLD | Shares held: 0.0 | Last price: $380.19
2026-10-06 18:38:38,190 | [TSLA] ACTION: No trade.
2026-10-06 18:38:38,222 | [TSN] choppy/sideways (ADX 24.1) -> mean-reversion strategy | Signal: HOLD | Shares held: 0.0 | Last price: $51.96
2026-10-06 18:38:38,222 | [TSN] ACTION: No trade.
2026-10-06 18:38:38,255 | [TT] trending (ADX 33.2) -> trend-following strategy | Signal: HOLD | Shares held: 0.0 | Last price: $475.86
2026-10-06 18:38:38,255 | [TT] ACTION: No trade.
2026-10-06 18:38:38,287 | [TTWO] choppy/sideways (ADX 19.2) -> mean-reversion strategy | Signal: HOLD | Shares held: 0.0 | Last price: $202.38
2026-10-06 18:38:38,287 | [TTWO] ACTION: No trade.
2026-10-06 18:38:38,321 | [TXN] trending (ADX 46.5) -> trend-following strategy | Signal: HOLD | Shares held: 0.0 | Last price: $297.88
2026-10-06 18:38:38,321 | [TXN] ACTION: No trade.
2026-10-06 18:38:38,352 | [TXT] choppy/sideways (ADX 19.9) -> mean-reversion strategy | Signal: HOLD | Shares held: 0.0 | Last price: $75.39
2026-10-06 18:38:38,352 | [TXT] ACTION: No trade.
2026-10-06 18:38:38,384 | [TYL] trending (ADX 25.1) -> trend-following strategy | Signal: HOLD | Shares held: 0.0 | Last price: $331.19
2026-10-06 18:38:38,384 | [TYL] ACTION: No trade.
2026-10-06 18:38:38,416 | [UAL] choppy/sideways (ADX 18.2) -> mean-reversion strategy | Signal: HOLD | Shares held: 0.0 | Last price: $111.05
2026-10-06 18:38:38,416 | [UAL] ACTION: No trade.
2026-10-06 18:38:38,447 | [UBER] choppy/sideways (ADX 20.9) -> mean-reversion strategy | Signal: HOLD | Shares held: 0.0 | Last price: $68.86
2026-10-06 18:38:38,447 | [UBER] ACTION: No trade.
2026-10-06 18:38:38,479 | [UDR] trending (ADX 28.2) -> trend-following strategy | Signal: HOLD | Shares held: 0.0 | Last price: $33.87
2026-10-06 18:38:38,479 | [UDR] ACTION: No trade.
2026-10-06 18:38:38,511 | [UHS] choppy/sideways (ADX 16.1) -> mean-reversion strategy | Signal: HOLD | Shares held: 0.0 | Last price: $176.82
2026-10-06 18:38:38,511 | [UHS] ACTION: No trade.
2026-10-06 18:38:38,543 | [ULTA] choppy/sideways (ADX 14.3) -> mean-reversion strategy | Signal: HOLD | Shares held: 0.0 | Last price: $545.04
2026-10-06 18:38:38,543 | [ULTA] ACTION: No trade.
2026-10-06 18:38:38,576 | [UNH] choppy/sideways (ADX 12.4) -> mean-reversion strategy | Signal: HOLD | Shares held: 0.0 | Last price: $375.25
2026-10-06 18:38:38,576 | [UNH] ACTION: No trade.
2026-10-06 18:38:38,607 | [UNP] choppy/sideways (ADX 15.7) -> mean-reversion strategy | Signal: HOLD | Shares held: 0.0 | Last price: $276.12
2026-10-06 18:38:38,607 | [UNP] ACTION: No trade.
2026-10-06 18:38:38,639 | [UPS] choppy/sideways (ADX 23.0) -> mean-reversion strategy | Signal: HOLD | Shares held: 0.0 | Last price: $92.68
2026-10-06 18:38:38,639 | [UPS] ACTION: No trade.
2026-10-06 18:38:38,670 | [URI] choppy/sideways (ADX 18.7) -> mean-reversion strategy | Signal: HOLD | Shares held: 0.0 | Last price: $1090.08
2026-10-06 18:38:38,670 | [URI] ACTION: No trade.
2026-10-06 18:38:38,702 | [USB] trending (ADX 28.9) -> trend-following strategy | Signal: HOLD | Shares held: 0.0 | Last price: $57.08
2026-10-06 18:38:38,702 | [USB] ACTION: No trade.
2026-10-06 18:38:38,734 | [V] choppy/sideways (ADX 18.0) -> mean-reversion strategy | Signal: HOLD | Shares held: 0.0 | Last price: $369.90
2026-10-06 18:38:38,735 | [V] ACTION: No trade.
2026-10-06 18:38:38,767 | [VEEV] trending (ADX 32.7) -> trend-following strategy | Signal: HOLD | Shares held: 0.0 | Last price: $284.51
2026-10-06 18:38:38,767 | [VEEV] ACTION: No trade.
2026-10-06 18:38:38,799 | [VICI] choppy/sideways (ADX 14.9) -> mean-reversion strategy | Signal: HOLD | Shares held: 0.0 | Last price: $22.68
2026-10-06 18:38:38,799 | [VICI] ACTION: No trade.
2026-10-06 18:38:38,831 | [VLO] choppy/sideways (ADX 18.4) -> mean-reversion strategy | Signal: HOLD | Shares held: 0.0 | Last price: $421.19
2026-10-06 18:38:38,831 | [VLO] ACTION: No trade.
2026-10-06 18:38:38,863 | [VLTO] choppy/sideways (ADX 21.1) -> mean-reversion strategy | Signal: HOLD | Shares held: 0.0 | Last price: $96.22
2026-10-06 18:38:38,863 | [VLTO] ACTION: No trade.
2026-10-06 18:38:38,895 | [VMC] trending (ADX 40.9) -> trend-following strategy | Signal: HOLD | Shares held: 0.0 | Last price: $248.31
2026-10-06 18:38:38,895 | [VMC] ACTION: No trade.
2026-10-06 18:38:38,927 | [VMRK] choppy/sideways (ADX 19.3) -> mean-reversion strategy | Signal: HOLD | Shares held: 0.0 | Last price: $60.14
2026-10-06 18:38:38,927 | [VMRK] ACTION: No trade.
2026-10-06 18:38:38,958 | [VRSK] trending (ADX 35.5) -> trend-following strategy | Signal: HOLD | Shares held: 0.0 | Last price: $164.39
2026-10-06 18:38:38,958 | [VRSK] ACTION: No trade.
2026-10-06 18:38:38,990 | [VRSN] choppy/sideways (ADX 18.6) -> mean-reversion strategy | Signal: HOLD | Shares held: 0.0 | Last price: $293.00
2026-10-06 18:38:38,990 | [VRSN] ACTION: No trade.
2026-10-06 18:38:39,022 | [VRT] choppy/sideways (ADX 13.7) -> mean-reversion strategy | Signal: HOLD | Shares held: 0.0 | Last price: $252.90
2026-10-06 18:38:39,022 | [VRT] ACTION: No trade.
2026-10-06 18:38:39,054 | [VRTX] choppy/sideways (ADX 8.9) -> mean-reversion strategy | Signal: HOLD | Shares held: 0.0 | Last price: $503.10
2026-10-06 18:38:39,054 | [VRTX] ACTION: No trade.
2026-10-06 18:38:39,086 | [VST] trending (ADX 57.0) -> trend-following strategy | Signal: HOLD | Shares held: 0.0 | Last price: $159.47
2026-10-06 18:38:39,086 | [VST] ACTION: No trade.
2026-10-06 18:38:39,118 | [VTR] trending (ADX 36.1) -> trend-following strategy | Signal: HOLD | Shares held: 0.0 | Last price: $81.46
2026-10-06 18:38:39,118 | [VTR] ACTION: No trade.
2026-10-06 18:38:39,149 | [VTRS] choppy/sideways (ADX 14.7) -> mean-reversion strategy | Signal: HOLD | Shares held: 0.0 | Last price: $17.52
2026-10-06 18:38:39,149 | [VTRS] ACTION: No trade.
2026-10-06 18:38:39,180 | [VZ] choppy/sideways (ADX 18.2) -> mean-reversion strategy | Signal: HOLD | Shares held: 0.0 | Last price: $45.59
2026-10-06 18:38:39,181 | [VZ] ACTION: No trade.
2026-10-06 18:38:39,212 | [WAB] choppy/sideways (ADX 10.9) -> mean-reversion strategy | Signal: HOLD | Shares held: 0.0 | Last price: $292.69
2026-10-06 18:38:39,212 | [WAB] ACTION: No trade.
2026-10-06 18:38:39,245 | [WAT] choppy/sideways (ADX 20.5) -> mean-reversion strategy | Signal: HOLD | Shares held: 0.0 | Last price: $437.23
2026-10-06 18:38:39,245 | [WAT] ACTION: No trade.
2026-10-06 18:38:39,276 | [WBD] trending (ADX 72.2) -> trend-following strategy | Signal: HOLD | Shares held: 0.0 | Last price: $30.97
2026-10-06 18:38:39,277 | [WBD] ACTION: No trade.
2026-10-06 18:38:39,308 | [WDAY] trending (ADX 35.4) -> trend-following strategy | Signal: HOLD | Shares held: 0.0 | Last price: $186.41
2026-10-06 18:38:39,308 | [WDAY] ACTION: No trade.
2026-10-06 18:38:39,340 | [WDC] trending (ADX 34.7) -> trend-following strategy | Signal: HOLD | Shares held: 0.0 | Last price: $407.61
2026-10-06 18:38:39,340 | [WDC] ACTION: No trade.
2026-10-06 18:38:39,371 | [WEC] trending (ADX 35.2) -> trend-following strategy | Signal: HOLD | Shares held: 0.0 | Last price: $102.61
2026-10-06 18:38:39,371 | [WEC] ACTION: No trade.
2026-10-06 18:38:39,403 | [WELL] choppy/sideways (ADX 24.9) -> mean-reversion strategy | Signal: HOLD | Shares held: 0.0 | Last price: $224.59
2026-10-06 18:38:39,403 | [WELL] ACTION: No trade.
2026-10-06 18:38:39,435 | [WFC] choppy/sideways (ADX 14.6) -> mean-reversion strategy | Signal: HOLD | Shares held: 0.0 | Last price: $81.35
2026-10-06 18:38:39,435 | [WFC] ACTION: No trade.
2026-10-06 18:38:39,467 | [WM] trending (ADX 41.0) -> trend-following strategy | Signal: HOLD | Shares held: 0.0 | Last price: $207.97
2026-10-06 18:38:39,467 | [WM] ACTION: No trade.
2026-10-06 18:38:39,499 | [WMB] trending (ADX 36.2) -> trend-following strategy | Signal: HOLD | Shares held: 0.0 | Last price: $72.38
2026-10-06 18:38:39,499 | [WMB] ACTION: No trade.
2026-10-06 18:38:39,531 | [WMT] trending (ADX 49.0) -> trend-following strategy | Signal: HOLD | Shares held: 0.0 | Last price: $106.91
2026-10-06 18:38:39,531 | [WMT] ACTION: No trade.
2026-10-06 18:38:39,562 | [WRB] choppy/sideways (ADX 19.4) -> mean-reversion strategy | Signal: HOLD | Shares held: 0.0 | Last price: $69.86
2026-10-06 18:38:39,563 | [WRB] ACTION: No trade.
2026-10-06 18:38:39,594 | [WSM] trending (ADX 35.1) -> trend-following strategy | Signal: HOLD | Shares held: 0.0 | Last price: $242.49
2026-10-06 18:38:39,594 | [WSM] ACTION: No trade.
2026-10-06 18:38:39,627 | [WST] choppy/sideways (ADX 17.0) -> mean-reversion strategy | Signal: HOLD | Shares held: 0.0 | Last price: $374.14
2026-10-06 18:38:39,627 | [WST] ACTION: No trade.
2026-10-06 18:38:39,659 | [WTW] choppy/sideways (ADX 10.4) -> mean-reversion strategy | Signal: HOLD | Shares held: 0.0 | Last price: $290.80
2026-10-06 18:38:39,659 | [WTW] ACTION: No trade.
2026-10-06 18:38:39,691 | [WY] choppy/sideways (ADX 19.0) -> mean-reversion strategy | Signal: HOLD | Shares held: 0.0 | Last price: $18.32
2026-10-06 18:38:39,691 | [WY] ACTION: No trade.
2026-10-06 18:38:39,723 | [WYNN] choppy/sideways (ADX 23.0) -> mean-reversion strategy | Signal: HOLD | Shares held: 0.0 | Last price: $76.71
2026-10-06 18:38:39,723 | [WYNN] ACTION: No trade.
2026-10-06 18:38:39,755 | [XEL] choppy/sideways (ADX 18.3) -> mean-reversion strategy | Signal: HOLD | Shares held: 0.0 | Last price: $71.94
2026-10-06 18:38:39,755 | [XEL] ACTION: No trade.
2026-10-06 18:38:39,787 | [XOM] choppy/sideways (ADX 17.7) -> mean-reversion strategy | Signal: HOLD | Shares held: 0.0 | Last price: $165.20
2026-10-06 18:38:39,787 | [XOM] ACTION: No trade.
2026-10-06 18:38:39,822 | [XYL] choppy/sideways (ADX 20.7) -> mean-reversion strategy | Signal: HOLD | Shares held: 0.0 | Last price: $103.72
2026-10-06 18:38:39,822 | [XYL] ACTION: No trade.
2026-10-06 18:38:39,853 | [XYZ] choppy/sideways (ADX 21.5) -> mean-reversion strategy | Signal: HOLD | Shares held: 0.0 | Last price: $76.46
2026-10-06 18:38:39,854 | [XYZ] ACTION: No trade.
2026-10-06 18:38:39,885 | [YUM] trending (ADX 30.9) -> trend-following strategy | Signal: HOLD | Shares held: 0.0 | Last price: $139.08
2026-10-06 18:38:39,886 | [YUM] ACTION: No trade.
2026-10-06 18:38:39,984 | [ZBH] trending (ADX 25.7) -> trend-following strategy | Signal: HOLD | Shares held: 0.0 | Last price: $90.18
2026-10-06 18:38:39,984 | [ZBH] ACTION: No trade.
2026-10-06 18:38:40,016 | [ZBRA] choppy/sideways (ADX 19.5) -> mean-reversion strategy | Signal: HOLD | Shares held: 0.0 | Last price: $385.03
2026-10-06 18:38:40,016 | [ZBRA] ACTION: No trade.
2026-10-06 18:38:40,047 | [ZTS] choppy/sideways (ADX 22.1) -> mean-reversion strategy | Signal: HOLD | Shares held: 0.0 | Last price: $70.74
2026-10-06 18:38:40,048 | [ZTS] ACTION: No trade.
2026-10-06 18:53:40,444 | Market is open (closes 2026-10-06 22:00:00 CEST your local time). Checking 490 symbols: A, AAPL, ABBV, ABNB, ABT, ACGL, ACN, ADBE, ADI, ADM, ADP, ADSK, AEE, AEP, AES, AFL, AIG, AIZ, AJG, AKAM, ALB, ALGN, ALL, ALLE, AMAT, AMCR, AMD, AME, AMGN, AMP, AMT, AMZN, ANET, AON, APA, APD, APH, APO, APP, APTV, ARE, ARES, ATO, AVGO, AVY, AWK, AXON, AXP, AZO, BA, BAC, BALL, BAX, BBY, BDX, BE, BEN, BG, BIIB, BKNG, BKR, BLK, BMY, BNY, BR, BRK.B, BRO, BSX, BX, C, CAH, CARR, CASY, CAT, CB, CBOE, CBRE, CCI, CCL, CDNS, CDW, CEG, CF, CFG, CHD, CHRW, CHTR, CI, CIEN, CINF, CL, CLX, CMCSA, CME, CMG, CMI, CMS, CNC, CNP, COF, COHR, COIN, COO, COP, COR, COST, CPAY, CPRT, CPT, CRH, CRL, CRM, CRWD, CSCO, CSGP, CSX, CTAS, CTSH, CTVA, CVNA, CVS, CVX, D, DAL, DASH, DD, DDOG, DE, DECK, DELL, DG, DGX, DHI, DHR, DIS, DLR, DLTR, DOC, DOV, DOW, DPZ, DRI, DTE, DUK, DVN, DXCM, EBAY, ECHO, ECL, ED, EFX, EG, EIX, EL, ELV, EME, EMR, EOG, EQIX, EQT, ES, ESS, ETN, ETR, EVRG, EW, EXC, EXE, EXPD, EXPE, EXR, F, FANG, FAST, FCX, FDS, FDX, FDXF, FE, FERG, FFIV, FICO, FIS, FISV, FITB, FIX, FLEX, FOXA, FRT, FSLR, FTNT, FTV, GD, GDDY, GE, GEHC, GEN, GEV, GILD, GIS, GLW, GM, GNRC, GOOG, GOOGL, GPC, GPN, GRMN, GS, GWW, HAL, HAS, HBAN, HCA, HD, HIG, HII, HLT, HON, HONA, HOOD, HPE, HPQ, HSIC, HST, HSY, HUBB, HUM, HWM, IBKR, IBM, ICE, IDXX, IEX, IFF, ILMN, INCY, INTC, INTU, INVH, IP, IQV, IR, IRM, ISRG, IT, ITW, IVZ, J, JBHT, JBL, JCI, JKHY, JNJ, JPM, KDP, KEY, KEYS, KHC, KIM, KKR, KLAC, KMB, KMI, KO, KR, KVUE, L, LDOS, LEN, LH, LHX, LII, LIN, LITE, LLY, LMT, LNT, LOW, LRCX, LULU, LUV, LVS, LYB, LYV, MA, MAA, MAR, MAS, MCD, MCHP, MCK, MCO, MDLZ, MDT, MET, META, MGM, MKC, MLM, MMM, MNST, MO, MOS, MPC, MPWR, MRK, MRNA, MRSH, MRVL, MS, MSCI, MSFT, MSI, MTB, MTD, MU, NCLH, NDAQ, NDSN, NEE, NEM, NFLX, NI, NKE, NOC, NOW, NRG, NSC, NTAP, NTRS, NUE, NVDA, NVR, NWSA, NXPI, O, ODFL, OKE, OMC, ON, ORCL, ORLY, OTIS, OXY, P, PANW, PAYX, PCAR, PCG, PEG, PEP, PFE, PFG, PG, PGR, PH, PHM, PKG, PLD, PLTR, PM, PNC, PNR, PNW, PODD, PPG, PPL, PRU, PSA, PSX, PTC, PWR, PYPL, Q, QCOM, RCL, RDDT, REGN, RF, RJF, RL, RMD, ROK, ROL, ROP, ROST, RSG, RTX, RVTY, SBAC, SBUX, SCHW, SHW, SJM, SLB, SMCI, SNDK, SNPS, SO, SPG, SPGI, SRE, STE, STLD, STT, STX, STZ, SW, SWK, SWKS, SYF, SYK, SYY, T, TDG, TDY, TECH, TEL, TER, TFC, TGT, TJX, TKO, TMO, TMUS, TPL, TPR, TRGP, TRMB, TROW, TRV, TSCO, TSLA, TSN, TT, TTWO, TXN, TXT, TYL, UAL, UBER, UDR, UHS, ULTA, UNH, UNP, UPS, URI, USB, V, VEEV, VICI, VLO, VLTO, VMC, VMRK, VRSK, VRSN, VRT, VRTX, VST, VTR, VTRS, VZ, WAB, WAT, WBD, WDAY, WDC, WEC, WELL, WFC, WM, WMB, WMT, WRB, WSM, WST, WTW, WY, WYNN, XEL, XOM, XYL, XYZ, YUM, ZBH, ZBRA, ZTS (within 90 min of close -- not enough runway left today for a new position)
2026-10-06 18:54:24,610 | [A] choppy/sideways (ADX 10.9) -> mean-reversion strategy | Signal: HOLD | Shares held: 0.0 | Last price: $169.91
2026-10-06 18:54:24,611 | [A] ACTION: No trade.
2026-10-06 18:54:24,641 | [AAPL] choppy/sideways (ADX 18.6) -> mean-reversion strategy | Signal: HOLD | Shares held: 0.0 | Last price: $333.45
2026-10-06 18:54:24,641 | [AAPL] ACTION: No trade.
2026-10-06 18:54:24,671 | [ABBV] choppy/sideways (ADX 17.3) -> mean-reversion strategy | Signal: HOLD | Shares held: 0.0 | Last price: $267.16
2026-10-06 18:54:24,671 | [ABBV] ACTION: No trade.
2026-10-06 18:54:24,702 | [ABNB] trending (ADX 38.0) -> trend-following strategy | Signal: HOLD | Shares held: 0.0 | Last price: $159.95
2026-10-06 18:54:24,702 | [ABNB] ACTION: No trade.
2026-10-06 18:54:24,733 | [ABT] trending (ADX 29.5) -> trend-following strategy | Signal: HOLD | Shares held: 0.0 | Last price: $98.52
2026-10-06 18:54:24,733 | [ABT] ACTION: No trade.
2026-10-06 18:54:24,764 | [ACGL] choppy/sideways (ADX 18.7) -> mean-reversion strategy | Signal: HOLD | Shares held: 0.0 | Last price: $94.61
2026-10-06 18:54:24,764 | [ACGL] ACTION: No trade.
2026-10-06 18:54:24,795 | [ACN] trending (ADX 25.7) -> trend-following strategy | Signal: HOLD | Shares held: 0.0 | Last price: $193.43
2026-10-06 18:54:24,795 | [ACN] ACTION: No trade.
2026-10-06 18:54:24,826 | [ADBE] choppy/sideways (ADX 14.8) -> mean-reversion strategy | Signal: HOLD | Shares held: 0.0 | Last price: $237.52
2026-10-06 18:54:24,826 | [ADBE] ACTION: No trade.
2026-10-06 18:54:24,856 | [ADI] trending (ADX 27.1) -> trend-following strategy | Signal: HOLD | Shares held: 0.0 | Last price: $420.30
2026-10-06 18:54:24,856 | [ADI] ACTION: No trade.
2026-10-06 18:54:24,886 | [ADM] choppy/sideways (ADX 15.0) -> mean-reversion strategy | Signal: HOLD | Shares held: 0.0 | Last price: $82.25
2026-10-06 18:54:24,886 | [ADM] ACTION: No trade.
2026-10-06 18:54:24,917 | [ADP] choppy/sideways (ADX 17.7) -> mean-reversion strategy | Signal: HOLD | Shares held: 0.0 | Last price: $262.49
2026-10-06 18:54:24,917 | [ADP] ACTION: No trade.
2026-10-06 18:54:24,948 | [ADSK] trending (ADX 41.3) -> trend-following strategy | Signal: HOLD | Shares held: 0.0 | Last price: $230.01
2026-10-06 18:54:24,948 | [ADSK] ACTION: No trade.
2026-10-06 18:54:24,979 | [AEE] trending (ADX 32.6) -> trend-following strategy | Signal: HOLD | Shares held: 0.0 | Last price: $100.76
2026-10-06 18:54:24,979 | [AEE] ACTION: No trade.
2026-10-06 18:54:25,009 | [AEP] choppy/sideways (ADX 19.2) -> mean-reversion strategy | Signal: HOLD | Shares held: 0.0 | Last price: $120.95
2026-10-06 18:54:25,009 | [AEP] ACTION: No trade.
2026-10-06 18:54:25,039 | [AES] choppy/sideways (ADX 18.6) -> mean-reversion strategy | Signal: HOLD | Shares held: 0.0 | Last price: $14.91
2026-10-06 18:54:25,039 | [AES] ACTION: No trade.
2026-10-06 18:54:25,070 | [AFL] choppy/sideways (ADX 23.7) -> mean-reversion strategy | Signal: HOLD | Shares held: 0.0 | Last price: $113.59
2026-10-06 18:54:25,070 | [AFL] ACTION: No trade.
2026-10-06 18:54:25,100 | [AIG] choppy/sideways (ADX 18.8) -> mean-reversion strategy | Signal: HOLD | Shares held: 0.0 | Last price: $75.24
2026-10-06 18:54:25,100 | [AIG] ACTION: No trade.
2026-10-06 18:54:25,131 | [AIZ] choppy/sideways (ADX 9.1) -> mean-reversion strategy | Signal: HOLD | Shares held: 0.0 | Last price: $269.32
2026-10-06 18:54:25,131 | [AIZ] ACTION: No trade.
2026-10-06 18:54:25,161 | [AJG] choppy/sideways (ADX 12.4) -> mean-reversion strategy | Signal: HOLD | Shares held: 0.0 | Last price: $228.86
2026-10-06 18:54:25,161 | [AJG] ACTION: No trade.
2026-10-06 18:54:25,192 | [AKAM] choppy/sideways (ADX 17.1) -> mean-reversion strategy | Signal: HOLD | Shares held: 0.0 | Last price: $108.33
2026-10-06 18:54:25,192 | [AKAM] ACTION: No trade.
2026-10-06 18:54:25,223 | [ALB] trending (ADX 33.9) -> trend-following strategy | Signal: HOLD | Shares held: 0.0 | Last price: $106.76
2026-10-06 18:54:25,223 | [ALB] ACTION: No trade.
2026-10-06 18:54:25,254 | [ALGN] choppy/sideways (ADX 12.9) -> mean-reversion strategy | Signal: HOLD | Shares held: 0.0 | Last price: $141.76
2026-10-06 18:54:25,254 | [ALGN] ACTION: No trade.
2026-10-06 18:54:25,285 | [ALL] trending (ADX 26.4) -> trend-following strategy | Signal: HOLD | Shares held: 0.0 | Last price: $222.60
2026-10-06 18:54:25,285 | [ALL] ACTION: No trade.
2026-10-06 18:54:25,315 | [ALLE] choppy/sideways (ADX 12.5) -> mean-reversion strategy | Signal: HOLD | Shares held: 0.0 | Last price: $155.28
2026-10-06 18:54:25,315 | [ALLE] ACTION: No trade.
2026-10-06 18:54:25,346 | [AMAT] choppy/sideways (ADX 14.1) -> mean-reversion strategy | Signal: HOLD | Shares held: 0.0 | Last price: $530.15
2026-10-06 18:54:25,346 | [AMAT] ACTION: No trade.
2026-10-06 18:54:25,377 | [AMCR] choppy/sideways (ADX 17.8) -> mean-reversion strategy | Signal: HOLD | Shares held: 0.0 | Last price: $41.87
2026-10-06 18:54:25,377 | [AMCR] ACTION: No trade.
2026-10-06 18:54:25,408 | [AMD] trending (ADX 48.1) -> trend-following strategy | Signal: HOLD | Shares held: 0.0 | Last price: $654.26
2026-10-06 18:54:25,408 | [AMD] ACTION: No trade.
2026-10-06 18:54:25,439 | [AME] choppy/sideways (ADX 13.3) -> mean-reversion strategy | Signal: HOLD | Shares held: 0.0 | Last price: $253.49
2026-10-06 18:54:25,439 | [AME] ACTION: No trade.
2026-10-06 18:54:25,470 | [AMGN] choppy/sideways (ADX 14.5) -> mean-reversion strategy | Signal: HOLD | Shares held: 0.0 | Last price: $402.04
2026-10-06 18:54:25,470 | [AMGN] ACTION: No trade.
2026-10-06 18:54:25,501 | [AMP] choppy/sideways (ADX 19.2) -> mean-reversion strategy | Signal: HOLD | Shares held: 0.0 | Last price: $493.34
2026-10-06 18:54:25,501 | [AMP] ACTION: No trade.
2026-10-06 18:54:25,531 | [AMT] choppy/sideways (ADX 22.7) -> mean-reversion strategy | Signal: HOLD | Shares held: 0.0 | Last price: $164.89
2026-10-06 18:54:25,532 | [AMT] ACTION: No trade.
2026-10-06 18:54:25,562 | [AMZN] trending (ADX 33.1) -> trend-following strategy | Signal: HOLD | Shares held: 0.0 | Last price: $256.11
2026-10-06 18:54:25,563 | [AMZN] ACTION: No trade.
2026-10-06 18:54:25,593 | [ANET] trending (ADX 28.9) -> trend-following strategy | Signal: HOLD | Shares held: 0.0 | Last price: $214.16
2026-10-06 18:54:25,593 | [ANET] ACTION: No trade.
2026-10-06 18:54:25,624 | [AON] choppy/sideways (ADX 22.1) -> mean-reversion strategy | Signal: HOLD | Shares held: 0.0 | Last price: $273.04
2026-10-06 18:54:25,624 | [AON] ACTION: No trade.
2026-10-06 18:54:25,654 | [APA] choppy/sideways (ADX 13.1) -> mean-reversion strategy | Signal: HOLD | Shares held: 0.0 | Last price: $44.27
2026-10-06 18:54:25,655 | [APA] ACTION: No trade.
2026-10-06 18:54:25,685 | [APD] choppy/sideways (ADX 18.0) -> mean-reversion strategy | Signal: HOLD | Shares held: 0.0 | Last price: $281.16
2026-10-06 18:54:25,686 | [APD] ACTION: No trade.
2026-10-06 18:54:25,717 | [APH] trending (ADX 25.1) -> trend-following strategy | Signal: HOLD | Shares held: 0.0 | Last price: $88.68
2026-10-06 18:54:25,717 | [APH] ACTION: No trade.
2026-10-06 18:54:25,748 | [APO] choppy/sideways (ADX 18.7) -> mean-reversion strategy | Signal: HOLD | Shares held: 0.0 | Last price: $115.53
2026-10-06 18:54:25,748 | [APO] ACTION: No trade.
2026-10-06 18:54:25,778 | [APP] trending (ADX 31.2) -> trend-following strategy | Signal: HOLD | Shares held: 0.0 | Last price: $277.38
2026-10-06 18:54:25,778 | [APP] ACTION: No trade.
2026-10-06 18:54:25,809 | [APTV] choppy/sideways (ADX 18.0) -> mean-reversion strategy | Signal: HOLD | Shares held: 0.0 | Last price: $44.49
2026-10-06 18:54:25,809 | [APTV] ACTION: No trade.
2026-10-06 18:54:25,840 | [ARE] choppy/sideways (ADX 14.9) -> mean-reversion strategy | Signal: HOLD | Shares held: 0.0 | Last price: $45.95
2026-10-06 18:54:25,840 | [ARE] ACTION: No trade.
2026-10-06 18:54:25,870 | [ARES] choppy/sideways (ADX 10.3) -> mean-reversion strategy | Signal: HOLD | Shares held: 0.0 | Last price: $118.68
2026-10-06 18:54:25,870 | [ARES] ACTION: No trade.
2026-10-06 18:54:25,901 | [ATO] choppy/sideways (ADX 24.1) -> mean-reversion strategy | Signal: HOLD | Shares held: 0.0 | Last price: $158.65
2026-10-06 18:54:25,901 | [ATO] ACTION: No trade.
2026-10-06 18:54:25,932 | [AVGO] trending (ADX 58.4) -> trend-following strategy | Signal: HOLD | Shares held: 0.0 | Last price: $378.49
2026-10-06 18:54:25,933 | [AVGO] ACTION: No trade.
2026-10-06 18:54:25,964 | [AVY] choppy/sideways (ADX 20.8) -> mean-reversion strategy | Signal: HOLD | Shares held: 0.0 | Last price: $169.32
2026-10-06 18:54:25,964 | [AVY] ACTION: No trade.
2026-10-06 18:54:25,994 | [AWK] choppy/sideways (ADX 18.1) -> mean-reversion strategy | Signal: HOLD | Shares held: 0.0 | Last price: $127.36
2026-10-06 18:54:25,995 | [AWK] ACTION: No trade.
2026-10-06 18:54:26,025 | [AXON] choppy/sideways (ADX 16.7) -> mean-reversion strategy | Signal: HOLD | Shares held: 0.0 | Last price: $416.85
2026-10-06 18:54:26,025 | [AXON] ACTION: No trade.
2026-10-06 18:54:26,056 | [AXP] choppy/sideways (ADX 18.3) -> mean-reversion strategy | Signal: HOLD | Shares held: 0.0 | Last price: $303.80
2026-10-06 18:54:26,056 | [AXP] ACTION: No trade.
2026-10-06 18:54:26,086 | [AZO] trending (ADX 35.1) -> trend-following strategy | Signal: HOLD | Shares held: 0.0 | Last price: $2907.07
2026-10-06 18:54:26,087 | [AZO] ACTION: No trade.
2026-10-06 18:54:26,117 | [BA] choppy/sideways (ADX 21.8) -> mean-reversion strategy | Signal: HOLD | Shares held: 0.0 | Last price: $190.60
2026-10-06 18:54:26,118 | [BA] ACTION: No trade.
2026-10-06 18:54:26,148 | [BAC] choppy/sideways (ADX 15.8) -> mean-reversion strategy | Signal: HOLD | Shares held: 0.0 | Last price: $54.10
2026-10-06 18:54:26,148 | [BAC] ACTION: No trade.
2026-10-06 18:54:26,179 | [BALL] trending (ADX 25.7) -> trend-following strategy | Signal: SELL | Shares held: 0.0 | Last price: $57.36
2026-10-06 18:54:26,179 | [BALL] ACTION: No trade.
2026-10-06 18:54:26,210 | [BAX] choppy/sideways (ADX 19.1) -> mean-reversion strategy | Signal: HOLD | Shares held: 0.0 | Last price: $24.28
2026-10-06 18:54:26,210 | [BAX] ACTION: No trade.
2026-10-06 18:54:26,242 | [BBY] choppy/sideways (ADX 16.7) -> mean-reversion strategy | Signal: HOLD | Shares held: 0.0 | Last price: $85.36
2026-10-06 18:54:26,242 | [BBY] ACTION: No trade.
2026-10-06 18:54:26,273 | [BDX] choppy/sideways (ADX 22.8) -> mean-reversion strategy | Signal: HOLD | Shares held: 0.0 | Last price: $180.58
2026-10-06 18:54:26,273 | [BDX] ACTION: No trade.
2026-10-06 18:54:26,304 | [BE] trending (ADX 28.6) -> trend-following strategy | Signal: HOLD | Shares held: 0.0 | Last price: $298.55
2026-10-06 18:54:26,304 | [BE] ACTION: No trade.
2026-10-06 18:54:26,335 | [BEN] trending (ADX 31.2) -> trend-following strategy | Signal: HOLD | Shares held: 0.0 | Last price: $32.58
2026-10-06 18:54:26,335 | [BEN] ACTION: No trade.
2026-10-06 18:54:26,365 | [BG] choppy/sideways (ADX 13.4) -> mean-reversion strategy | Signal: HOLD | Shares held: 0.0 | Last price: $107.45
2026-10-06 18:54:26,366 | [BG] ACTION: No trade.
2026-10-06 18:54:26,397 | [BIIB] choppy/sideways (ADX 16.7) -> mean-reversion strategy | Signal: HOLD | Shares held: 0.0 | Last price: $223.76
2026-10-06 18:54:26,397 | [BIIB] ACTION: No trade.
2026-10-06 18:54:26,428 | [BKNG] choppy/sideways (ADX 23.8) -> mean-reversion strategy | Signal: HOLD | Shares held: 0.0 | Last price: $156.27
2026-10-06 18:54:26,429 | [BKNG] ACTION: No trade.
2026-10-06 18:54:26,460 | [BKR] choppy/sideways (ADX 12.8) -> mean-reversion strategy | Signal: HOLD | Shares held: 0.0 | Last price: $57.29
2026-10-06 18:54:26,460 | [BKR] ACTION: No trade.
2026-10-06 18:54:26,490 | [BLK] choppy/sideways (ADX 19.7) -> mean-reversion strategy | Signal: HOLD | Shares held: 0.0 | Last price: $1083.68
2026-10-06 18:54:26,491 | [BLK] ACTION: No trade.
2026-10-06 18:54:26,521 | [BMY] choppy/sideways (ADX 12.5) -> mean-reversion strategy | Signal: HOLD | Shares held: 0.0 | Last price: $59.35
2026-10-06 18:54:26,521 | [BMY] ACTION: No trade.
2026-10-06 18:54:26,551 | [BNY] choppy/sideways (ADX 24.0) -> mean-reversion strategy | Signal: HOLD | Shares held: 0.0 | Last price: $143.91
2026-10-06 18:54:26,551 | [BNY] ACTION: No trade.
2026-10-06 18:54:26,582 | [BR] choppy/sideways (ADX 16.4) -> mean-reversion strategy | Signal: HOLD | Shares held: 0.0 | Last price: $158.98
2026-10-06 18:54:26,582 | [BR] ACTION: No trade.
2026-10-06 18:54:26,613 | [BRK.B] choppy/sideways (ADX 19.5) -> mean-reversion strategy | Signal: HOLD | Shares held: 0.0 | Last price: $506.54
2026-10-06 18:54:26,613 | [BRK.B] ACTION: No trade.
2026-10-06 18:54:26,644 | [BRO] choppy/sideways (ADX 10.4) -> mean-reversion strategy | Signal: HOLD | Shares held: 0.0 | Last price: $60.71
2026-10-06 18:54:26,644 | [BRO] ACTION: No trade.
2026-10-06 18:54:26,674 | [BSX] choppy/sideways (ADX 22.5) -> mean-reversion strategy | Signal: HOLD | Shares held: 0.0 | Last price: $42.08
2026-10-06 18:54:26,675 | [BSX] ACTION: No trade.
2026-10-06 18:54:26,705 | [BX] choppy/sideways (ADX 10.5) -> mean-reversion strategy | Signal: HOLD | Shares held: 0.0 | Last price: $112.85
2026-10-06 18:54:26,706 | [BX] ACTION: No trade.
2026-10-06 18:54:26,736 | [C] choppy/sideways (ADX 17.4) -> mean-reversion strategy | Signal: HOLD | Shares held: 0.0 | Last price: $128.19
2026-10-06 18:54:26,736 | [C] ACTION: No trade.
2026-10-06 18:54:26,767 | [CAH] trending (ADX 26.9) -> trend-following strategy | Signal: HOLD | Shares held: 0.0 | Last price: $233.49
2026-10-06 18:54:26,767 | [CAH] ACTION: No trade.
2026-10-06 18:54:26,798 | [CARR] trending (ADX 28.4) -> trend-following strategy | Signal: HOLD | Shares held: 0.0 | Last price: $56.32
2026-10-06 18:54:26,798 | [CARR] ACTION: No trade.
2026-10-06 18:54:26,829 | [CASY] choppy/sideways (ADX 21.0) -> mean-reversion strategy | Signal: HOLD | Shares held: 0.0 | Last price: $616.48
2026-10-06 18:54:26,829 | [CASY] ACTION: No trade.
2026-10-06 18:54:26,860 | [CAT] choppy/sideways (ADX 19.6) -> mean-reversion strategy | Signal: HOLD | Shares held: 0.0 | Last price: $865.25
2026-10-06 18:54:26,860 | [CAT] ACTION: No trade.
2026-10-06 18:54:26,890 | [CB] choppy/sideways (ADX 16.0) -> mean-reversion strategy | Signal: HOLD | Shares held: 0.0 | Last price: $334.89
2026-10-06 18:54:26,891 | [CB] ACTION: No trade.
2026-10-06 18:54:26,921 | [CBOE] choppy/sideways (ADX 12.4) -> mean-reversion strategy | Signal: HOLD | Shares held: 0.0 | Last price: $277.93
2026-10-06 18:54:26,922 | [CBOE] ACTION: No trade.
2026-10-06 18:54:26,953 | [CBRE] choppy/sideways (ADX 19.6) -> mean-reversion strategy | Signal: HOLD | Shares held: 0.0 | Last price: $130.45
2026-10-06 18:54:26,953 | [CBRE] ACTION: No trade.
2026-10-06 18:54:26,984 | [CCI] trending (ADX 36.5) -> trend-following strategy | Signal: HOLD | Shares held: 0.0 | Last price: $68.55
2026-10-06 18:54:26,984 | [CCI] ACTION: No trade.
2026-10-06 18:54:27,015 | [CCL] trending (ADX 33.2) -> trend-following strategy | Signal: HOLD | Shares held: 0.0 | Last price: $26.46
2026-10-06 18:54:27,015 | [CCL] ACTION: No trade.
2026-10-06 18:54:27,046 | [CDNS] trending (ADX 26.7) -> trend-following strategy | Signal: HOLD | Shares held: 0.0 | Last price: $360.45
2026-10-06 18:54:27,046 | [CDNS] ACTION: No trade.
2026-10-06 18:54:27,077 | [CDW] choppy/sideways (ADX 16.9) -> mean-reversion strategy | Signal: HOLD | Shares held: 0.0 | Last price: $135.45
2026-10-06 18:54:27,077 | [CDW] ACTION: No trade.
2026-10-06 18:54:27,107 | [CEG] trending (ADX 50.9) -> trend-following strategy | Signal: HOLD | Shares held: 0.0 | Last price: $297.95
2026-10-06 18:54:27,108 | [CEG] ACTION: No trade.
2026-10-06 18:54:27,138 | [CF] choppy/sideways (ADX 16.2) -> mean-reversion strategy | Signal: HOLD | Shares held: 0.0 | Last price: $116.39
2026-10-06 18:54:27,139 | [CF] ACTION: No trade.
2026-10-06 18:54:27,169 | [CFG] trending (ADX 33.6) -> trend-following strategy | Signal: HOLD | Shares held: 0.0 | Last price: $63.74
2026-10-06 18:54:27,169 | [CFG] ACTION: No trade.
2026-10-06 18:54:27,200 | [CHD] trending (ADX 30.8) -> trend-following strategy | Signal: HOLD | Shares held: 0.0 | Last price: $96.31
2026-10-06 18:54:27,200 | [CHD] ACTION: No trade.
2026-10-06 18:54:27,231 | [CHRW] trending (ADX 36.1) -> trend-following strategy | Signal: HOLD | Shares held: 0.0 | Last price: $136.99
2026-10-06 18:54:27,231 | [CHRW] ACTION: No trade.
2026-10-06 18:54:27,262 | [CHTR] choppy/sideways (ADX 23.1) -> mean-reversion strategy | Signal: HOLD | Shares held: 0.0 | Last price: $108.26
2026-10-06 18:54:27,262 | [CHTR] ACTION: No trade.
2026-10-06 18:54:27,293 | [CI] choppy/sideways (ADX 14.8) -> mean-reversion strategy | Signal: HOLD | Shares held: 0.0 | Last price: $273.42
2026-10-06 18:54:27,293 | [CI] ACTION: No trade.
2026-10-06 18:54:27,323 | [CIEN] trending (ADX 48.6) -> trend-following strategy | Signal: HOLD | Shares held: 0.0 | Last price: $435.17
2026-10-06 18:54:27,324 | [CIEN] ACTION: No trade.
2026-10-06 18:54:27,354 | [CINF] trending (ADX 25.2) -> trend-following strategy | Signal: HOLD | Shares held: 0.0 | Last price: $162.45
2026-10-06 18:54:27,354 | [CINF] ACTION: No trade.
2026-10-06 18:54:27,385 | [CL] trending (ADX 47.2) -> trend-following strategy | Signal: HOLD | Shares held: 0.0 | Last price: $87.16
2026-10-06 18:54:27,385 | [CL] ACTION: No trade.
2026-10-06 18:54:27,416 | [CLX] trending (ADX 49.3) -> trend-following strategy | Signal: HOLD | Shares held: 0.0 | Last price: $83.72
2026-10-06 18:54:27,416 | [CLX] ACTION: No trade.
2026-10-06 18:54:27,446 | [CMCSA] choppy/sideways (ADX 14.3) -> mean-reversion strategy | Signal: HOLD | Shares held: 0.0 | Last price: $21.48
2026-10-06 18:54:27,447 | [CMCSA] ACTION: No trade.
2026-10-06 18:54:27,477 | [CME] choppy/sideways (ADX 17.6) -> mean-reversion strategy | Signal: HOLD | Shares held: 0.0 | Last price: $270.58
2026-10-06 18:54:27,478 | [CME] ACTION: No trade.
2026-10-06 18:54:27,508 | [CMG] choppy/sideways (ADX 18.8) -> mean-reversion strategy | Signal: HOLD | Shares held: 0.0 | Last price: $30.75
2026-10-06 18:54:27,509 | [CMG] ACTION: No trade.
2026-10-06 18:54:27,539 | [CMI] choppy/sideways (ADX 9.2) -> mean-reversion strategy | Signal: HOLD | Shares held: 0.0 | Last price: $532.44
2026-10-06 18:54:27,539 | [CMI] ACTION: No trade.
2026-10-06 18:54:27,570 | [CMS] trending (ADX 36.1) -> trend-following strategy | Signal: HOLD | Shares held: 0.0 | Last price: $64.69
2026-10-06 18:54:27,570 | [CMS] ACTION: No trade.
2026-10-06 18:54:27,601 | [CNC] trending (ADX 27.7) -> trend-following strategy | Signal: HOLD | Shares held: 0.0 | Last price: $64.45
2026-10-06 18:54:27,601 | [CNC] ACTION: No trade.
2026-10-06 18:54:27,631 | [CNP] trending (ADX 37.4) -> trend-following strategy | Signal: HOLD | Shares held: 0.0 | Last price: $38.42
2026-10-06 18:54:27,631 | [CNP] ACTION: No trade.
2026-10-06 18:54:27,663 | [COF] choppy/sideways (ADX 16.9) -> mean-reversion strategy | Signal: HOLD | Shares held: 0.0 | Last price: $195.95
2026-10-06 18:54:27,663 | [COF] ACTION: No trade.
2026-10-06 18:54:27,693 | [COHR] choppy/sideways (ADX 21.5) -> mean-reversion strategy | Signal: HOLD | Shares held: 0.0 | Last price: $335.43
2026-10-06 18:54:27,694 | [COHR] ACTION: No trade.
2026-10-06 18:54:27,724 | [COIN] choppy/sideways (ADX 20.0) -> mean-reversion strategy | Signal: HOLD | Shares held: 0.0 | Last price: $186.20
2026-10-06 18:54:27,724 | [COIN] ACTION: No trade.
2026-10-06 18:54:27,755 | [COO] choppy/sideways (ADX 14.9) -> mean-reversion strategy | Signal: HOLD | Shares held: 0.0 | Last price: $56.25
2026-10-06 18:54:27,755 | [COO] ACTION: No trade.
2026-10-06 18:54:27,786 | [COP] choppy/sideways (ADX 17.5) -> mean-reversion strategy | Signal: HOLD | Shares held: 0.0 | Last price: $129.68
2026-10-06 18:54:27,786 | [COP] ACTION: No trade.
2026-10-06 18:54:27,817 | [COR] choppy/sideways (ADX 14.9) -> mean-reversion strategy | Signal: HOLD | Shares held: 0.0 | Last price: $314.60
2026-10-06 18:54:27,817 | [COR] ACTION: No trade.
2026-10-06 18:54:27,847 | [COST] trending (ADX 44.7) -> trend-following strategy | Signal: HOLD | Shares held: 0.0 | Last price: $933.85
2026-10-06 18:54:27,848 | [COST] ACTION: No trade.
2026-10-06 18:54:27,878 | [CPAY] choppy/sideways (ADX 20.3) -> mean-reversion strategy | Signal: HOLD | Shares held: 0.0 | Last price: $403.93
2026-10-06 18:54:27,878 | [CPAY] ACTION: No trade.
2026-10-06 18:54:27,909 | [CPRT] trending (ADX 31.4) -> trend-following strategy | Signal: HOLD | Shares held: 0.0 | Last price: $26.76
2026-10-06 18:54:27,909 | [CPRT] ACTION: No trade.
2026-10-06 18:54:27,940 | [CPT] choppy/sideways (ADX 23.5) -> mean-reversion strategy | Signal: HOLD | Shares held: 0.0 | Last price: $97.64
2026-10-06 18:54:27,940 | [CPT] ACTION: No trade.
2026-10-06 18:54:27,971 | [CRH] trending (ADX 42.2) -> trend-following strategy | Signal: HOLD | Shares held: 0.0 | Last price: $83.93
2026-10-06 18:54:27,971 | [CRH] ACTION: No trade.
2026-10-06 18:54:28,002 | [CRL] choppy/sideways (ADX 21.4) -> mean-reversion strategy | Signal: HOLD | Shares held: 0.0 | Last price: $306.73
2026-10-06 18:54:28,002 | [CRL] ACTION: No trade.
2026-10-06 18:54:28,033 | [CRM] trending (ADX 30.6) -> trend-following strategy | Signal: HOLD | Shares held: 0.0 | Last price: $223.93
2026-10-06 18:54:28,033 | [CRM] ACTION: No trade.
2026-10-06 18:54:28,063 | [CRWD] trending (ADX 31.3) -> trend-following strategy | Signal: HOLD | Shares held: 0.0 | Last price: $278.79
2026-10-06 18:54:28,063 | [CRWD] ACTION: No trade.
2026-10-06 18:54:28,093 | [CSCO] trending (ADX 56.1) -> trend-following strategy | Signal: HOLD | Shares held: 0.0 | Last price: $117.15
2026-10-06 18:54:28,094 | [CSCO] ACTION: No trade.
2026-10-06 18:54:28,125 | [CSGP] trending (ADX 34.2) -> trend-following strategy | Signal: HOLD | Shares held: 0.0 | Last price: $27.73
2026-10-06 18:54:28,125 | [CSGP] ACTION: No trade.
2026-10-06 18:54:28,156 | [CSX] choppy/sideways (ADX 11.4) -> mean-reversion strategy | Signal: HOLD | Shares held: 0.0 | Last price: $47.46
2026-10-06 18:54:28,156 | [CSX] ACTION: No trade.
2026-10-06 18:54:28,187 | [CTAS] choppy/sideways (ADX 21.2) -> mean-reversion strategy | Signal: HOLD | Shares held: 0.0 | Last price: $195.84
2026-10-06 18:54:28,187 | [CTAS] ACTION: No trade.
2026-10-06 18:54:28,219 | [CTSH] trending (ADX 48.9) -> trend-following strategy | Signal: HOLD | Shares held: 0.0 | Last price: $56.97
2026-10-06 18:54:28,219 | [CTSH] ACTION: No trade.
2026-10-06 18:54:28,250 | [CTVA] trending (ADX 48.8) -> trend-following strategy | Signal: HOLD | Shares held: 0.0 | Last price: $13.96
2026-10-06 18:54:28,250 | [CTVA] ACTION: No trade.
2026-10-06 18:54:28,281 | [CVNA] choppy/sideways (ADX 22.2) -> mean-reversion strategy | Signal: HOLD | Shares held: 0.0 | Last price: $62.99
2026-10-06 18:54:28,281 | [CVNA] ACTION: No trade.
2026-10-06 18:54:28,312 | [CVS] choppy/sideways (ADX 14.8) -> mean-reversion strategy | Signal: HOLD | Shares held: 0.0 | Last price: $86.34
2026-10-06 18:54:28,312 | [CVS] ACTION: No trade.
2026-10-06 18:54:28,343 | [CVX] trending (ADX 27.0) -> trend-following strategy | Signal: HOLD | Shares held: 0.0 | Last price: $208.17
2026-10-06 18:54:28,343 | [CVX] ACTION: No trade.
2026-10-06 18:54:28,374 | [D] choppy/sideways (ADX 19.6) -> mean-reversion strategy | Signal: HOLD | Shares held: 0.0 | Last price: $61.55
2026-10-06 18:54:28,374 | [D] ACTION: No trade.
2026-10-06 18:54:28,405 | [DAL] choppy/sideways (ADX 19.4) -> mean-reversion strategy | Signal: HOLD | Shares held: 0.0 | Last price: $82.90
2026-10-06 18:54:28,405 | [DAL] ACTION: No trade.
2026-10-06 18:54:28,435 | [DASH] choppy/sideways (ADX 14.7) -> mean-reversion strategy | Signal: HOLD | Shares held: 0.0 | Last price: $192.64
2026-10-06 18:54:28,435 | [DASH] ACTION: No trade.
2026-10-06 18:54:28,467 | [DD] trending (ADX 37.3) -> trend-following strategy | Signal: HOLD | Shares held: 0.0 | Last price: $133.51
2026-10-06 18:54:28,467 | [DD] ACTION: No trade.
2026-10-06 18:54:28,501 | [DDOG] choppy/sideways (ADX 9.0) -> mean-reversion strategy | Signal: HOLD | Shares held: 0.0 | Last price: $276.51
2026-10-06 18:54:28,501 | [DDOG] ACTION: No trade.
2026-10-06 18:54:28,544 | [DE] choppy/sideways (ADX 22.5) -> mean-reversion strategy | Signal: HOLD | Shares held: 0.0 | Last price: $681.51
2026-10-06 18:54:28,544 | [DE] ACTION: No trade.
2026-10-06 18:54:28,574 | [DECK] choppy/sideways (ADX 24.3) -> mean-reversion strategy | Signal: HOLD | Shares held: 0.0 | Last price: $81.16
2026-10-06 18:54:28,574 | [DECK] ACTION: No trade.
2026-10-06 18:54:28,604 | [DELL] trending (ADX 25.8) -> trend-following strategy | Signal: HOLD | Shares held: 0.0 | Last price: $575.78
2026-10-06 18:54:28,604 | [DELL] ACTION: No trade.
2026-10-06 18:54:28,634 | [DG] trending (ADX 27.8) -> trend-following strategy | Signal: HOLD | Shares held: 0.0 | Last price: $123.38
2026-10-06 18:54:28,634 | [DG] ACTION: No trade.
2026-10-06 18:54:28,664 | [DGX] trending (ADX 35.8) -> trend-following strategy | Signal: HOLD | Shares held: 0.0 | Last price: $227.24
2026-10-06 18:54:28,664 | [DGX] ACTION: No trade.
2026-10-06 18:54:28,694 | [DHI] trending (ADX 29.3) -> trend-following strategy | Signal: HOLD | Shares held: 0.0 | Last price: $137.05
2026-10-06 18:54:28,694 | [DHI] ACTION: No trade.
2026-10-06 18:54:28,724 | [DHR] choppy/sideways (ADX 12.1) -> mean-reversion strategy | Signal: HOLD | Shares held: 0.0 | Last price: $217.28
2026-10-06 18:54:28,724 | [DHR] ACTION: No trade.
2026-10-06 18:54:28,754 | [DIS] choppy/sideways (ADX 21.3) -> mean-reversion strategy | Signal: HOLD | Shares held: 0.0 | Last price: $103.86
2026-10-06 18:54:28,754 | [DIS] ACTION: No trade.
2026-10-06 18:54:28,785 | [DLR] trending (ADX 44.6) -> trend-following strategy | Signal: HOLD | Shares held: 0.0 | Last price: $184.13
2026-10-06 18:54:28,785 | [DLR] ACTION: No trade.
2026-10-06 18:54:28,816 | [DLTR] trending (ADX 31.1) -> trend-following strategy | Signal: HOLD | Shares held: 0.0 | Last price: $116.25
2026-10-06 18:54:28,816 | [DLTR] ACTION: No trade.
2026-10-06 18:54:28,846 | [DOC] trending (ADX 30.6) -> trend-following strategy | Signal: HOLD | Shares held: 0.0 | Last price: $18.82
2026-10-06 18:54:28,846 | [DOC] ACTION: No trade.
2026-10-06 18:54:28,877 | [DOV] trending (ADX 26.1) -> trend-following strategy | Signal: SELL | Shares held: 0.0 | Last price: $192.48
2026-10-06 18:54:28,877 | [DOV] ACTION: No trade.
2026-10-06 18:54:28,908 | [DOW] choppy/sideways (ADX 13.2) -> mean-reversion strategy | Signal: HOLD | Shares held: 0.0 | Last price: $28.23
2026-10-06 18:54:28,908 | [DOW] ACTION: No trade.
2026-10-06 18:54:28,938 | [DPZ] choppy/sideways (ADX 20.7) -> mean-reversion strategy | Signal: HOLD | Shares held: 0.0 | Last price: $301.16
2026-10-06 18:54:28,938 | [DPZ] ACTION: No trade.
2026-10-06 18:54:28,970 | [DRI] trending (ADX 32.9) -> trend-following strategy | Signal: HOLD | Shares held: 0.0 | Last price: $202.04
2026-10-06 18:54:28,970 | [DRI] ACTION: No trade.
2026-10-06 18:54:29,000 | [DTE] trending (ADX 32.2) -> trend-following strategy | Signal: HOLD | Shares held: 0.0 | Last price: $126.85
2026-10-06 18:54:29,000 | [DTE] ACTION: No trade.
2026-10-06 18:54:29,030 | [DUK] choppy/sideways (ADX 19.8) -> mean-reversion strategy | Signal: HOLD | Shares held: 0.0 | Last price: $114.61
2026-10-06 18:54:29,030 | [DUK] ACTION: No trade.
2026-10-06 18:54:29,060 | [DVN] choppy/sideways (ADX 23.2) -> mean-reversion strategy | Signal: HOLD | Shares held: 0.0 | Last price: $48.05
2026-10-06 18:54:29,060 | [DVN] ACTION: No trade.
2026-10-06 18:54:29,090 | [DXCM] trending (ADX 49.2) -> trend-following strategy | Signal: HOLD | Shares held: 0.0 | Last price: $83.52
2026-10-06 18:54:29,090 | [DXCM] ACTION: No trade.
2026-10-06 18:54:29,121 | [EBAY] choppy/sideways (ADX 17.2) -> mean-reversion strategy | Signal: HOLD | Shares held: 0.0 | Last price: $106.36
2026-10-06 18:54:29,121 | [EBAY] ACTION: No trade.
2026-10-06 18:54:29,151 | [ECHO] choppy/sideways (ADX 24.0) -> mean-reversion strategy | Signal: HOLD | Shares held: 0.0 | Last price: $98.69
2026-10-06 18:54:29,151 | [ECHO] ACTION: No trade.
2026-10-06 18:54:29,182 | [ECL] choppy/sideways (ADX 18.0) -> mean-reversion strategy | Signal: HOLD | Shares held: 0.0 | Last price: $279.92
2026-10-06 18:54:29,183 | [ECL] ACTION: No trade.
2026-10-06 18:54:29,213 | [ED] trending (ADX 29.7) -> trend-following strategy | Signal: HOLD | Shares held: 0.0 | Last price: $104.53
2026-10-06 18:54:29,213 | [ED] ACTION: No trade.
2026-10-06 18:54:29,244 | [EFX] choppy/sideways (ADX 16.6) -> mean-reversion strategy | Signal: HOLD | Shares held: 0.0 | Last price: $142.82
2026-10-06 18:54:29,244 | [EFX] ACTION: No trade.
2026-10-06 18:54:29,274 | [EG] choppy/sideways (ADX 15.9) -> mean-reversion strategy | Signal: HOLD | Shares held: 0.0 | Last price: $367.98
2026-10-06 18:54:29,274 | [EG] ACTION: No trade.
2026-10-06 18:54:29,305 | [EIX] choppy/sideways (ADX 23.1) -> mean-reversion strategy | Signal: HOLD | Shares held: 0.0 | Last price: $53.74
2026-10-06 18:54:29,305 | [EIX] ACTION: No trade.
2026-10-06 18:54:29,335 | [EL] choppy/sideways (ADX 18.4) -> mean-reversion strategy | Signal: HOLD | Shares held: 0.0 | Last price: $93.55
2026-10-06 18:54:29,335 | [EL] ACTION: No trade.
2026-10-06 18:54:29,366 | [ELV] trending (ADX 53.2) -> trend-following strategy | Signal: HOLD | Shares held: 0.0 | Last price: $400.36
2026-10-06 18:54:29,367 | [ELV] ACTION: No trade.
2026-10-06 18:54:29,398 | [EME] trending (ADX 43.0) -> trend-following strategy | Signal: HOLD | Shares held: 0.0 | Last price: $826.90
2026-10-06 18:54:29,398 | [EME] ACTION: No trade.
2026-10-06 18:54:29,430 | [EMR] choppy/sideways (ADX 18.1) -> mean-reversion strategy | Signal: HOLD | Shares held: 0.0 | Last price: $162.76
2026-10-06 18:54:29,430 | [EMR] ACTION: No trade.
2026-10-06 18:54:29,461 | [EOG] choppy/sideways (ADX 14.8) -> mean-reversion strategy | Signal: HOLD | Shares held: 0.0 | Last price: $144.63
2026-10-06 18:54:29,461 | [EOG] ACTION: No trade.
2026-10-06 18:54:29,492 | [EQIX] trending (ADX 33.1) -> trend-following strategy | Signal: HOLD | Shares held: 0.0 | Last price: $1047.94
2026-10-06 18:54:29,492 | [EQIX] ACTION: No trade.
2026-10-06 18:54:29,523 | [EQT] trending (ADX 36.8) -> trend-following strategy | Signal: HOLD | Shares held: 0.0 | Last price: $52.15
2026-10-06 18:54:29,523 | [EQT] ACTION: No trade.
2026-10-06 18:54:29,554 | [ES] choppy/sideways (ADX 9.7) -> mean-reversion strategy | Signal: HOLD | Shares held: 0.0 | Last price: $64.66
2026-10-06 18:54:29,554 | [ES] ACTION: No trade.
2026-10-06 18:54:29,585 | [ESS] trending (ADX 26.2) -> trend-following strategy | Signal: HOLD | Shares held: 0.0 | Last price: $273.86
2026-10-06 18:54:29,586 | [ESS] ACTION: No trade.
2026-10-06 18:54:29,617 | [ETN] choppy/sideways (ADX 15.0) -> mean-reversion strategy | Signal: HOLD | Shares held: 0.0 | Last price: $443.71
2026-10-06 18:54:29,617 | [ETN] ACTION: No trade.
2026-10-06 18:54:29,648 | [ETR] trending (ADX 37.7) -> trend-following strategy | Signal: HOLD | Shares held: 0.0 | Last price: $102.56
2026-10-06 18:54:29,649 | [ETR] ACTION: No trade.
2026-10-06 18:54:29,680 | [EVRG] trending (ADX 26.3) -> trend-following strategy | Signal: HOLD | Shares held: 0.0 | Last price: $79.94
2026-10-06 18:54:29,680 | [EVRG] ACTION: No trade.
2026-10-06 18:54:29,712 | [EW] choppy/sideways (ADX 21.2) -> mean-reversion strategy | Signal: HOLD | Shares held: 0.0 | Last price: $86.44
2026-10-06 18:54:29,712 | [EW] ACTION: No trade.
2026-10-06 18:54:29,743 | [EXC] trending (ADX 30.2) -> trend-following strategy | Signal: HOLD | Shares held: 0.0 | Last price: $41.27
2026-10-06 18:54:29,743 | [EXC] ACTION: No trade.
2026-10-06 18:54:29,774 | [EXE] trending (ADX 26.2) -> trend-following strategy | Signal: HOLD | Shares held: 0.0 | Last price: $87.83
2026-10-06 18:54:29,774 | [EXE] ACTION: No trade.
2026-10-06 18:54:29,804 | [EXPD] choppy/sideways (ADX 18.2) -> mean-reversion strategy | Signal: HOLD | Shares held: 0.0 | Last price: $191.93
2026-10-06 18:54:29,804 | [EXPD] ACTION: No trade.
2026-10-06 18:54:29,835 | [EXPE] trending (ADX 29.6) -> trend-following strategy | Signal: HOLD | Shares held: 0.0 | Last price: $256.33
2026-10-06 18:54:29,835 | [EXPE] ACTION: No trade.
2026-10-06 18:54:29,867 | [EXR] trending (ADX 26.5) -> trend-following strategy | Signal: HOLD | Shares held: 0.0 | Last price: $134.44
2026-10-06 18:54:29,867 | [EXR] ACTION: No trade.
2026-10-06 18:54:29,898 | [F] choppy/sideways (ADX 19.9) -> mean-reversion strategy | Signal: HOLD | Shares held: 0.0 | Last price: $12.19
2026-10-06 18:54:29,898 | [F] ACTION: No trade.
2026-10-06 18:54:29,929 | [FANG] choppy/sideways (ADX 14.5) -> mean-reversion strategy | Signal: HOLD | Shares held: 0.0 | Last price: $185.13
2026-10-06 18:54:29,929 | [FANG] ACTION: No trade.
2026-10-06 18:54:29,960 | [FAST] choppy/sideways (ADX 14.1) -> mean-reversion strategy | Signal: HOLD | Shares held: 0.0 | Last price: $51.06
2026-10-06 18:54:29,960 | [FAST] ACTION: No trade.
2026-10-06 18:54:29,992 | [FCX] choppy/sideways (ADX 19.7) -> mean-reversion strategy | Signal: HOLD | Shares held: 0.0 | Last price: $73.00
2026-10-06 18:54:29,992 | [FCX] ACTION: No trade.
2026-10-06 18:54:30,023 | [FDS] trending (ADX 34.0) -> trend-following strategy | Signal: HOLD | Shares held: 0.0 | Last price: $273.51
2026-10-06 18:54:30,023 | [FDS] ACTION: No trade.
2026-10-06 18:54:30,054 | [FDX] choppy/sideways (ADX 11.2) -> mean-reversion strategy | Signal: HOLD | Shares held: 0.0 | Last price: $287.75
2026-10-06 18:54:30,054 | [FDX] ACTION: No trade.
2026-10-06 18:54:30,085 | [FDXF] choppy/sideways (ADX 19.9) -> mean-reversion strategy | Signal: HOLD | Shares held: 0.0 | Last price: $109.69
2026-10-06 18:54:30,086 | [FDXF] ACTION: No trade.
2026-10-06 18:54:30,116 | [FE] trending (ADX 30.7) -> trend-following strategy | Signal: HOLD | Shares held: 0.0 | Last price: $44.05
2026-10-06 18:54:30,117 | [FE] ACTION: No trade.
2026-10-06 18:54:30,147 | [FERG] choppy/sideways (ADX 11.5) -> mean-reversion strategy | Signal: HOLD | Shares held: 0.0 | Last price: $225.07
2026-10-06 18:54:30,147 | [FERG] ACTION: No trade.
2026-10-06 18:54:30,178 | [FFIV] choppy/sideways (ADX 14.7) -> mean-reversion strategy | Signal: HOLD | Shares held: 0.0 | Last price: $467.79
2026-10-06 18:54:30,178 | [FFIV] ACTION: No trade.
2026-10-06 18:54:30,210 | [FICO] choppy/sideways (ADX 15.5) -> mean-reversion strategy | Signal: HOLD | Shares held: 0.0 | Last price: $682.76
2026-10-06 18:54:30,210 | [FICO] ACTION: No trade.
2026-10-06 18:54:30,241 | [FIS] trending (ADX 31.0) -> trend-following strategy | Signal: HOLD | Shares held: 0.0 | Last price: $33.51
2026-10-06 18:54:30,241 | [FIS] ACTION: No trade.
2026-10-06 18:54:30,272 | [FISV] trending (ADX 27.2) -> trend-following strategy | Signal: HOLD | Shares held: 0.0 | Last price: $45.53
2026-10-06 18:54:30,272 | [FISV] ACTION: No trade.
2026-10-06 18:54:30,303 | [FITB] choppy/sideways (ADX 21.9) -> mean-reversion strategy | Signal: HOLD | Shares held: 0.0 | Last price: $50.67
2026-10-06 18:54:30,303 | [FITB] ACTION: No trade.
2026-10-06 18:54:30,334 | [FIX] trending (ADX 40.2) -> trend-following strategy | Signal: HOLD | Shares held: 0.0 | Last price: $1807.48
2026-10-06 18:54:30,334 | [FIX] ACTION: No trade.
2026-10-06 18:54:30,365 | [FLEX] choppy/sideways (ADX 18.8) -> mean-reversion strategy | Signal: HOLD | Shares held: 0.0 | Last price: $120.48
2026-10-06 18:54:30,365 | [FLEX] ACTION: No trade.
2026-10-06 18:54:30,396 | [FOXA] trending (ADX 26.4) -> trend-following strategy | Signal: HOLD | Shares held: 0.0 | Last price: $61.89
2026-10-06 18:54:30,396 | [FOXA] ACTION: No trade.
2026-10-06 18:54:30,427 | [FRT] choppy/sideways (ADX 22.4) -> mean-reversion strategy | Signal: HOLD | Shares held: 0.0 | Last price: $105.90
2026-10-06 18:54:30,427 | [FRT] ACTION: No trade.
2026-10-06 18:54:30,458 | [FSLR] trending (ADX 36.8) -> trend-following strategy | Signal: HOLD | Shares held: 0.0 | Last price: $179.16
2026-10-06 18:54:30,458 | [FSLR] ACTION: No trade.
2026-10-06 18:54:30,489 | [FTNT] trending (ADX 41.8) -> trend-following strategy | Signal: HOLD | Shares held: 0.0 | Last price: $190.25
2026-10-06 18:54:30,489 | [FTNT] ACTION: No trade.
2026-10-06 18:54:30,520 | [FTV] choppy/sideways (ADX 16.3) -> mean-reversion strategy | Signal: HOLD | Shares held: 0.0 | Last price: $58.02
2026-10-06 18:54:30,520 | [FTV] ACTION: No trade.
2026-10-06 18:54:30,551 | [GD] choppy/sideways (ADX 13.9) -> mean-reversion strategy | Signal: HOLD | Shares held: 0.0 | Last price: $331.25
2026-10-06 18:54:30,551 | [GD] ACTION: No trade.
2026-10-06 18:54:30,582 | [GDDY] choppy/sideways (ADX 24.4) -> mean-reversion strategy | Signal: HOLD | Shares held: 0.0 | Last price: $97.92
2026-10-06 18:54:30,582 | [GDDY] ACTION: No trade.
2026-10-06 18:54:30,613 | [GE] choppy/sideways (ADX 14.6) -> mean-reversion strategy | Signal: HOLD | Shares held: 0.0 | Last price: $307.74
2026-10-06 18:54:30,613 | [GE] ACTION: No trade.
2026-10-06 18:54:30,643 | [GEHC] choppy/sideways (ADX 18.4) -> mean-reversion strategy | Signal: HOLD | Shares held: 0.0 | Last price: $64.79
2026-10-06 18:54:30,643 | [GEHC] ACTION: No trade.
2026-10-06 18:54:30,674 | [GEN] choppy/sideways (ADX 24.7) -> mean-reversion strategy | Signal: HOLD | Shares held: 0.0 | Last price: $22.59
2026-10-06 18:54:30,674 | [GEN] ACTION: No trade.
2026-10-06 18:54:30,705 | [GEV] trending (ADX 32.4) -> trend-following strategy | Signal: HOLD | Shares held: 0.0 | Last price: $1026.70
2026-10-06 18:54:30,705 | [GEV] ACTION: No trade.
2026-10-06 18:54:30,736 | [GILD] choppy/sideways (ADX 13.4) -> mean-reversion strategy | Signal: HOLD | Shares held: 0.0 | Last price: $143.79
2026-10-06 18:54:30,736 | [GILD] ACTION: No trade.
2026-10-06 18:54:30,767 | [GIS] choppy/sideways (ADX 16.9) -> mean-reversion strategy | Signal: HOLD | Shares held: 0.0 | Last price: $32.10
2026-10-06 18:54:30,768 | [GIS] ACTION: No trade.
2026-10-06 18:54:30,798 | [GLW] trending (ADX 39.3) -> trend-following strategy | Signal: HOLD | Shares held: 0.0 | Last price: $168.43
2026-10-06 18:54:30,799 | [GLW] ACTION: No trade.
2026-10-06 18:54:30,830 | [GM] trending (ADX 33.5) -> trend-following strategy | Signal: HOLD | Shares held: 0.0 | Last price: $81.71
2026-10-06 18:54:30,830 | [GM] ACTION: No trade.
2026-10-06 18:54:30,861 | [GNRC] trending (ADX 37.3) -> trend-following strategy | Signal: HOLD | Shares held: 0.0 | Last price: $224.29
2026-10-06 18:54:30,861 | [GNRC] ACTION: No trade.
2026-10-06 18:54:30,892 | [GOOG] trending (ADX 32.0) -> trend-following strategy | Signal: HOLD | Shares held: 0.0 | Last price: $345.10
2026-10-06 18:54:30,892 | [GOOG] ACTION: No trade.
2026-10-06 18:54:30,923 | [GOOGL] trending (ADX 30.6) -> trend-following strategy | Signal: HOLD | Shares held: 0.0 | Last price: $348.42
2026-10-06 18:54:30,923 | [GOOGL] ACTION: No trade.
2026-10-06 18:54:30,954 | [GPC] choppy/sideways (ADX 22.6) -> mean-reversion strategy | Signal: HOLD | Shares held: 0.0 | Last price: $127.92
2026-10-06 18:54:30,954 | [GPC] ACTION: No trade.
2026-10-06 18:54:30,985 | [GPN] trending (ADX 30.5) -> trend-following strategy | Signal: HOLD | Shares held: 0.0 | Last price: $81.47
2026-10-06 18:54:30,985 | [GPN] ACTION: No trade.
2026-10-06 18:54:31,016 | [GRMN] trending (ADX 45.4) -> trend-following strategy | Signal: HOLD | Shares held: 0.0 | Last price: $279.99
2026-10-06 18:54:31,016 | [GRMN] ACTION: No trade.
2026-10-06 18:54:31,047 | [GS] choppy/sideways (ADX 12.5) -> mean-reversion strategy | Signal: HOLD | Shares held: 0.0 | Last price: $898.46
2026-10-06 18:54:31,047 | [GS] ACTION: No trade.
2026-10-06 18:54:31,078 | [GWW] trending (ADX 35.2) -> trend-following strategy | Signal: HOLD | Shares held: 0.0 | Last price: $1278.67
2026-10-06 18:54:31,078 | [GWW] ACTION: No trade.
2026-10-06 18:54:31,109 | [HAL] choppy/sideways (ADX 16.8) -> mean-reversion strategy | Signal: HOLD | Shares held: 0.0 | Last price: $32.59
2026-10-06 18:54:31,109 | [HAL] ACTION: No trade.
2026-10-06 18:54:31,140 | [HAS] choppy/sideways (ADX 23.3) -> mean-reversion strategy | Signal: HOLD | Shares held: 0.0 | Last price: $90.83
2026-10-06 18:54:31,140 | [HAS] ACTION: No trade.
2026-10-06 18:54:31,171 | [HBAN] choppy/sideways (ADX 18.4) -> mean-reversion strategy | Signal: HOLD | Shares held: 0.0 | Last price: $15.26
2026-10-06 18:54:31,171 | [HBAN] ACTION: No trade.
2026-10-06 18:54:31,202 | [HCA] choppy/sideways (ADX 18.1) -> mean-reversion strategy | Signal: HOLD | Shares held: 0.0 | Last price: $435.61
2026-10-06 18:54:31,202 | [HCA] ACTION: No trade.
2026-10-06 18:54:31,233 | [HD] trending (ADX 26.1) -> trend-following strategy | Signal: HOLD | Shares held: 0.0 | Last price: $284.78
2026-10-06 18:54:31,233 | [HD] ACTION: No trade.
2026-10-06 18:54:31,264 | [HIG] choppy/sideways (ADX 19.5) -> mean-reversion strategy | Signal: HOLD | Shares held: 0.0 | Last price: $126.55
2026-10-06 18:54:31,264 | [HIG] ACTION: No trade.
2026-10-06 18:54:31,295 | [HII] choppy/sideways (ADX 11.1) -> mean-reversion strategy | Signal: HOLD | Shares held: 0.0 | Last price: $264.25
2026-10-06 18:54:31,295 | [HII] ACTION: No trade.
2026-10-06 18:54:31,326 | [HLT] choppy/sideways (ADX 19.2) -> mean-reversion strategy | Signal: HOLD | Shares held: 0.0 | Last price: $322.35
2026-10-06 18:54:31,326 | [HLT] ACTION: No trade.
2026-10-06 18:54:31,357 | [HON] choppy/sideways (ADX 10.9) -> mean-reversion strategy | Signal: HOLD | Shares held: 0.0 | Last price: $212.19
2026-10-06 18:54:31,357 | [HON] ACTION: No trade.
2026-10-06 18:54:31,388 | [HONA] choppy/sideways (ADX 13.3) -> mean-reversion strategy | Signal: HOLD | Shares held: 0.0 | Last price: $157.24
2026-10-06 18:54:31,388 | [HONA] ACTION: No trade.
2026-10-06 18:54:31,419 | [HOOD] choppy/sideways (ADX 19.1) -> mean-reversion strategy | Signal: HOLD | Shares held: 0.0 | Last price: $111.95
2026-10-06 18:54:31,419 | [HOOD] ACTION: No trade.
2026-10-06 18:54:31,450 | [HPE] trending (ADX 30.3) -> trend-following strategy | Signal: HOLD | Shares held: 0.0 | Last price: $70.87
2026-10-06 18:54:31,450 | [HPE] ACTION: No trade.
2026-10-06 18:54:31,481 | [HPQ] choppy/sideways (ADX 23.6) -> mean-reversion strategy | Signal: HOLD | Shares held: 0.0 | Last price: $32.03
2026-10-06 18:54:31,481 | [HPQ] ACTION: No trade.
2026-10-06 18:54:31,513 | [HSIC] choppy/sideways (ADX 18.1) -> mean-reversion strategy | Signal: HOLD | Shares held: 0.0 | Last price: $84.62
2026-10-06 18:54:31,513 | [HSIC] ACTION: No trade.
2026-10-06 18:54:31,586 | [HST] choppy/sideways (ADX 24.0) -> mean-reversion strategy | Signal: HOLD | Shares held: 0.0 | Last price: $22.54
2026-10-06 18:54:31,587 | [HST] ACTION: No trade.
2026-10-06 18:54:31,617 | [HSY] choppy/sideways (ADX 23.9) -> mean-reversion strategy | Signal: HOLD | Shares held: 0.0 | Last price: $160.27
2026-10-06 18:54:31,617 | [HSY] ACTION: No trade.
2026-10-06 18:54:31,648 | [HUBB] trending (ADX 31.2) -> trend-following strategy | Signal: HOLD | Shares held: 0.0 | Last price: $486.31
2026-10-06 18:54:31,649 | [HUBB] ACTION: No trade.
2026-10-06 18:54:31,681 | [HUM] trending (ADX 26.1) -> trend-following strategy | Signal: HOLD | Shares held: 0.0 | Last price: $405.95
2026-10-06 18:54:31,681 | [HUM] ACTION: No trade.
2026-10-06 18:54:31,713 | [HWM] choppy/sideways (ADX 15.1) -> mean-reversion strategy | Signal: HOLD | Shares held: 0.0 | Last price: $229.25
2026-10-06 18:54:31,713 | [HWM] ACTION: No trade.
2026-10-06 18:54:31,746 | [IBKR] trending (ADX 41.3) -> trend-following strategy | Signal: HOLD | Shares held: 0.0 | Last price: $91.44
2026-10-06 18:54:31,746 | [IBKR] ACTION: No trade.
2026-10-06 18:54:31,777 | [IBM] choppy/sideways (ADX 13.6) -> mean-reversion strategy | Signal: HOLD | Shares held: 0.0 | Last price: $222.02
2026-10-06 18:54:31,777 | [IBM] ACTION: No trade.
2026-10-06 18:54:31,808 | [ICE] trending (ADX 29.8) -> trend-following strategy | Signal: HOLD | Shares held: 0.0 | Last price: $154.31
2026-10-06 18:54:31,808 | [ICE] ACTION: No trade.
2026-10-06 18:54:31,839 | [IDXX] choppy/sideways (ADX 17.4) -> mean-reversion strategy | Signal: HOLD | Shares held: 0.0 | Last price: $515.21
2026-10-06 18:54:31,839 | [IDXX] ACTION: No trade.
2026-10-06 18:54:31,870 | [IEX] choppy/sideways (ADX 17.5) -> mean-reversion strategy | Signal: HOLD | Shares held: 0.0 | Last price: $237.89
2026-10-06 18:54:31,870 | [IEX] ACTION: No trade.
2026-10-06 18:54:31,900 | [IFF] choppy/sideways (ADX 14.4) -> mean-reversion strategy | Signal: HOLD | Shares held: 0.0 | Last price: $83.98
2026-10-06 18:54:31,900 | [IFF] ACTION: No trade.
2026-10-06 18:54:31,931 | [ILMN] choppy/sideways (ADX 21.6) -> mean-reversion strategy | Signal: HOLD | Shares held: 0.0 | Last price: $276.49
2026-10-06 18:54:31,931 | [ILMN] ACTION: No trade.
2026-10-06 18:54:31,963 | [INCY] choppy/sideways (ADX 24.8) -> mean-reversion strategy | Signal: HOLD | Shares held: 0.0 | Last price: $113.83
2026-10-06 18:54:31,963 | [INCY] ACTION: No trade.
2026-10-06 18:54:31,993 | [INTC] choppy/sideways (ADX 19.5) -> mean-reversion strategy | Signal: HOLD | Shares held: 0.0 | Last price: $114.33
2026-10-06 18:54:31,993 | [INTC] ACTION: No trade.
2026-10-06 18:54:32,027 | [INTU] trending (ADX 25.8) -> trend-following strategy | Signal: HOLD | Shares held: 0.0 | Last price: $288.39
2026-10-06 18:54:32,027 | [INTU] ACTION: No trade.
2026-10-06 18:54:32,058 | [INVH] trending (ADX 25.5) -> trend-following strategy | Signal: HOLD | Shares held: 0.0 | Last price: $26.46
2026-10-06 18:54:32,058 | [INVH] ACTION: No trade.
2026-10-06 18:54:32,090 | [IP] choppy/sideways (ADX 16.7) -> mean-reversion strategy | Signal: HOLD | Shares held: 0.0 | Last price: $32.05
2026-10-06 18:54:32,090 | [IP] ACTION: No trade.
2026-10-06 18:54:32,121 | [IQV] choppy/sideways (ADX 16.4) -> mean-reversion strategy | Signal: HOLD | Shares held: 0.0 | Last price: $263.16
2026-10-06 18:54:32,121 | [IQV] ACTION: No trade.
2026-10-06 18:54:32,153 | [IR] trending (ADX 29.5) -> trend-following strategy | Signal: HOLD | Shares held: 0.0 | Last price: $79.21
2026-10-06 18:54:32,153 | [IR] ACTION: No trade.
2026-10-06 18:54:32,184 | [IRM] trending (ADX 36.7) -> trend-following strategy | Signal: HOLD | Shares held: 0.0 | Last price: $116.65
2026-10-06 18:54:32,184 | [IRM] ACTION: No trade.
2026-10-06 18:54:32,216 | [ISRG] choppy/sideways (ADX 24.3) -> mean-reversion strategy | Signal: HOLD | Shares held: 0.0 | Last price: $405.23
2026-10-06 18:54:32,216 | [ISRG] ACTION: No trade.
2026-10-06 18:54:32,247 | [IT] choppy/sideways (ADX 18.0) -> mean-reversion strategy | Signal: HOLD | Shares held: 0.0 | Last price: $186.15
2026-10-06 18:54:32,247 | [IT] ACTION: No trade.
2026-10-06 18:54:32,279 | [ITW] choppy/sideways (ADX 20.4) -> mean-reversion strategy | Signal: HOLD | Shares held: 0.0 | Last price: $268.74
2026-10-06 18:54:32,279 | [ITW] ACTION: No trade.
2026-10-06 18:54:32,310 | [IVZ] choppy/sideways (ADX 19.0) -> mean-reversion strategy | Signal: HOLD | Shares held: 0.0 | Last price: $30.39
2026-10-06 18:54:32,310 | [IVZ] ACTION: No trade.
2026-10-06 18:54:32,342 | [J] choppy/sideways (ADX 18.3) -> mean-reversion strategy | Signal: HOLD | Shares held: 0.0 | Last price: $139.44
2026-10-06 18:54:32,342 | [J] ACTION: No trade.
2026-10-06 18:54:32,373 | [JBHT] choppy/sideways (ADX 16.1) -> mean-reversion strategy | Signal: HOLD | Shares held: 0.0 | Last price: $226.49
2026-10-06 18:54:32,373 | [JBHT] ACTION: No trade.
2026-10-06 18:54:32,404 | [JBL] choppy/sideways (ADX 11.2) -> mean-reversion strategy | Signal: HOLD | Shares held: 0.0 | Last price: $304.87
2026-10-06 18:54:32,404 | [JBL] ACTION: No trade.
2026-10-06 18:54:32,435 | [JCI] trending (ADX 34.1) -> trend-following strategy | Signal: HOLD | Shares held: 0.0 | Last price: $160.25
2026-10-06 18:54:32,435 | [JCI] ACTION: No trade.
2026-10-06 18:54:32,466 | [JKHY] choppy/sideways (ADX 9.2) -> mean-reversion strategy | Signal: HOLD | Shares held: 0.0 | Last price: $144.41
2026-10-06 18:54:32,466 | [JKHY] ACTION: No trade.
2026-10-06 18:54:32,497 | [JNJ] choppy/sideways (ADX 22.1) -> mean-reversion strategy | Signal: HOLD | Shares held: 0.0 | Last price: $255.16
2026-10-06 18:54:32,497 | [JNJ] ACTION: No trade.
2026-10-06 18:54:32,528 | [JPM] choppy/sideways (ADX 20.3) -> mean-reversion strategy | Signal: HOLD | Shares held: 0.0 | Last price: $331.51
2026-10-06 18:54:32,528 | [JPM] ACTION: No trade.
2026-10-06 18:54:32,559 | [KDP] trending (ADX 25.6) -> trend-following strategy | Signal: HOLD | Shares held: 0.0 | Last price: $31.16
2026-10-06 18:54:32,559 | [KDP] ACTION: No trade.
2026-10-06 18:54:32,590 | [KEY] trending (ADX 25.3) -> trend-following strategy | Signal: HOLD | Shares held: 0.0 | Last price: $20.04
2026-10-06 18:54:32,590 | [KEY] ACTION: No trade.
2026-10-06 18:54:32,621 | [KEYS] choppy/sideways (ADX 11.2) -> mean-reversion strategy | Signal: HOLD | Shares held: 0.0 | Last price: $385.91
2026-10-06 18:54:32,621 | [KEYS] ACTION: No trade.
2026-10-06 18:54:32,652 | [KHC] choppy/sideways (ADX 24.2) -> mean-reversion strategy | Signal: HOLD | Shares held: 0.0 | Last price: $21.95
2026-10-06 18:54:32,652 | [KHC] ACTION: No trade.
2026-10-06 18:54:32,683 | [KIM] trending (ADX 27.4) -> trend-following strategy | Signal: HOLD | Shares held: 0.0 | Last price: $22.03
2026-10-06 18:54:32,683 | [KIM] ACTION: No trade.
2026-10-06 18:54:32,714 | [KKR] choppy/sideways (ADX 14.4) -> mean-reversion strategy | Signal: HOLD | Shares held: 0.0 | Last price: $91.04
2026-10-06 18:54:32,714 | [KKR] ACTION: No trade.
2026-10-06 18:54:32,744 | [KLAC] trending (ADX 27.2) -> trend-following strategy | Signal: HOLD | Shares held: 0.0 | Last price: $197.90
2026-10-06 18:54:32,745 | [KLAC] ACTION: No trade.
2026-10-06 18:54:32,775 | [KMB] trending (ADX 27.9) -> trend-following strategy | Signal: HOLD | Shares held: 0.0 | Last price: $96.14
2026-10-06 18:54:32,775 | [KMB] ACTION: No trade.
2026-10-06 18:54:32,806 | [KMI] trending (ADX 35.6) -> trend-following strategy | Signal: HOLD | Shares held: 0.0 | Last price: $32.05
2026-10-06 18:54:32,806 | [KMI] ACTION: No trade.
2026-10-06 18:54:32,836 | [KO] trending (ADX 25.2) -> trend-following strategy | Signal: HOLD | Shares held: 0.0 | Last price: $86.75
2026-10-06 18:54:32,836 | [KO] ACTION: No trade.
2026-10-06 18:54:32,867 | [KR] trending (ADX 30.1) -> trend-following strategy | Signal: HOLD | Shares held: 0.0 | Last price: $58.30
2026-10-06 18:54:32,867 | [KR] ACTION: No trade.
2026-10-06 18:54:32,897 | [KVUE] trending (ADX 29.8) -> trend-following strategy | Signal: HOLD | Shares held: 0.0 | Last price: $17.50
2026-10-06 18:54:32,897 | [KVUE] ACTION: No trade.
2026-10-06 18:54:32,928 | [L] choppy/sideways (ADX 20.5) -> mean-reversion strategy | Signal: HOLD | Shares held: 0.0 | Last price: $106.32
2026-10-06 18:54:32,928 | [L] ACTION: No trade.
2026-10-06 18:54:32,959 | [LDOS] choppy/sideways (ADX 21.6) -> mean-reversion strategy | Signal: HOLD | Shares held: 0.0 | Last price: $116.48
2026-10-06 18:54:32,959 | [LDOS] ACTION: No trade.
2026-10-06 18:54:32,991 | [LEN] trending (ADX 36.5) -> trend-following strategy | Signal: HOLD | Shares held: 0.0 | Last price: $77.39
2026-10-06 18:54:32,991 | [LEN] ACTION: No trade.
2026-10-06 18:54:33,022 | [LH] choppy/sideways (ADX 11.3) -> mean-reversion strategy | Signal: HOLD | Shares held: 0.0 | Last price: $308.86
2026-10-06 18:54:33,022 | [LH] ACTION: No trade.
2026-10-06 18:54:33,053 | [LHX] choppy/sideways (ADX 14.5) -> mean-reversion strategy | Signal: HOLD | Shares held: 0.0 | Last price: $237.92
2026-10-06 18:54:33,053 | [LHX] ACTION: No trade.
2026-10-06 18:54:33,085 | [LII] choppy/sideways (ADX 23.6) -> mean-reversion strategy | Signal: HOLD | Shares held: 0.0 | Last price: $364.64
2026-10-06 18:54:33,085 | [LII] ACTION: No trade.
2026-10-06 18:54:33,116 | [LIN] trending (ADX 36.2) -> trend-following strategy | Signal: HOLD | Shares held: 0.0 | Last price: $491.17
2026-10-06 18:54:33,116 | [LIN] ACTION: No trade.
2026-10-06 18:54:33,147 | [LITE] trending (ADX 40.9) -> trend-following strategy | Signal: HOLD | Shares held: 0.0 | Last price: $1125.92
2026-10-06 18:54:33,148 | [LITE] ACTION: No trade.
2026-10-06 18:54:33,179 | [LLY] choppy/sideways (ADX 12.2) -> mean-reversion strategy | Signal: HOLD | Shares held: 0.0 | Last price: $1158.36
2026-10-06 18:54:33,179 | [LLY] ACTION: No trade.
2026-10-06 18:54:33,211 | [LMT] choppy/sideways (ADX 19.6) -> mean-reversion strategy | Signal: HOLD | Shares held: 0.0 | Last price: $508.06
2026-10-06 18:54:33,211 | [LMT] ACTION: No trade.
2026-10-06 18:54:33,242 | [LNT] trending (ADX 29.3) -> trend-following strategy | Signal: HOLD | Shares held: 0.0 | Last price: $65.01
2026-10-06 18:54:33,242 | [LNT] ACTION: No trade.
2026-10-06 18:54:33,273 | [LOW] trending (ADX 31.0) -> trend-following strategy | Signal: HOLD | Shares held: 0.0 | Last price: $182.13
2026-10-06 18:54:33,273 | [LOW] ACTION: No trade.
2026-10-06 18:54:33,305 | [LRCX] trending (ADX 40.9) -> trend-following strategy | Signal: HOLD | Shares held: 0.0 | Last price: $332.02
2026-10-06 18:54:33,305 | [LRCX] ACTION: No trade.
2026-10-06 18:54:33,336 | [LULU] trending (ADX 27.9) -> trend-following strategy | Signal: HOLD | Shares held: 0.0 | Last price: $93.77
2026-10-06 18:54:33,336 | [LULU] ACTION: No trade.
2026-10-06 18:54:33,368 | [LUV] choppy/sideways (ADX 19.5) -> mean-reversion strategy | Signal: HOLD | Shares held: 0.0 | Last price: $41.97
2026-10-06 18:54:33,368 | [LUV] ACTION: No trade.
2026-10-06 18:54:33,399 | [LVS] choppy/sideways (ADX 11.7) -> mean-reversion strategy | Signal: HOLD | Shares held: 0.0 | Last price: $36.43
2026-10-06 18:54:33,399 | [LVS] ACTION: No trade.
2026-10-06 18:54:33,430 | [LYB] choppy/sideways (ADX 11.0) -> mean-reversion strategy | Signal: HOLD | Shares held: 0.0 | Last price: $59.14
2026-10-06 18:54:33,431 | [LYB] ACTION: No trade.
2026-10-06 18:54:33,462 | [LYV] choppy/sideways (ADX 14.9) -> mean-reversion strategy | Signal: HOLD | Shares held: 0.0 | Last price: $171.65
2026-10-06 18:54:33,462 | [LYV] ACTION: No trade.
2026-10-06 18:54:33,493 | [MA] choppy/sideways (ADX 20.2) -> mean-reversion strategy | Signal: HOLD | Shares held: 0.0 | Last price: $565.44
2026-10-06 18:54:33,493 | [MA] ACTION: No trade.
2026-10-06 18:54:33,524 | [MAA] choppy/sideways (ADX 24.5) -> mean-reversion strategy | Signal: HOLD | Shares held: 0.0 | Last price: $117.41
2026-10-06 18:54:33,524 | [MAA] ACTION: No trade.
2026-10-06 18:54:33,555 | [MAR] choppy/sideways (ADX 19.9) -> mean-reversion strategy | Signal: HOLD | Shares held: 0.0 | Last price: $360.68
2026-10-06 18:54:33,555 | [MAR] ACTION: No trade.
2026-10-06 18:54:33,586 | [MAS] trending (ADX 25.5) -> trend-following strategy | Signal: HOLD | Shares held: 0.0 | Last price: $69.64
2026-10-06 18:54:33,586 | [MAS] ACTION: No trade.
2026-10-06 18:54:33,618 | [MCD] choppy/sideways (ADX 16.8) -> mean-reversion strategy | Signal: HOLD | Shares held: 0.0 | Last price: $232.01
2026-10-06 18:54:33,618 | [MCD] ACTION: No trade.
2026-10-06 18:54:33,649 | [MCHP] choppy/sideways (ADX 12.1) -> mean-reversion strategy | Signal: HOLD | Shares held: 0.0 | Last price: $81.42
2026-10-06 18:54:33,649 | [MCHP] ACTION: No trade.
2026-10-06 18:54:33,681 | [MCK] trending (ADX 28.1) -> trend-following strategy | Signal: HOLD | Shares held: 0.0 | Last price: $925.93
2026-10-06 18:54:33,681 | [MCK] ACTION: No trade.
2026-10-06 18:54:33,712 | [MCO] trending (ADX 27.8) -> trend-following strategy | Signal: HOLD | Shares held: 0.0 | Last price: $451.49
2026-10-06 18:54:33,712 | [MCO] ACTION: No trade.
2026-10-06 18:54:33,743 | [MDLZ] trending (ADX 28.2) -> trend-following strategy | Signal: HOLD | Shares held: 0.0 | Last price: $59.28
2026-10-06 18:54:33,743 | [MDLZ] ACTION: No trade.
2026-10-06 18:54:33,775 | [MDT] trending (ADX 31.7) -> trend-following strategy | Signal: HOLD | Shares held: 0.0 | Last price: $86.58
2026-10-06 18:54:33,775 | [MDT] ACTION: No trade.
2026-10-06 18:54:33,806 | [MET] choppy/sideways (ADX 24.8) -> mean-reversion strategy | Signal: HOLD | Shares held: 0.0 | Last price: $97.68
2026-10-06 18:54:33,806 | [MET] ACTION: No trade.
2026-10-06 18:54:33,837 | [META] choppy/sideways (ADX 22.8) -> mean-reversion strategy | Signal: HOLD | Shares held: 0.0 | Last price: $742.79
2026-10-06 18:54:33,837 | [META] ACTION: No trade.
2026-10-06 18:54:33,868 | [MGM] choppy/sideways (ADX 20.9) -> mean-reversion strategy | Signal: HOLD | Shares held: 0.0 | Last price: $30.66
2026-10-06 18:54:33,868 | [MGM] ACTION: No trade.
2026-10-06 18:54:33,899 | [MKC] trending (ADX 29.6) -> trend-following strategy | Signal: HOLD | Shares held: 0.0 | Last price: $45.53
2026-10-06 18:54:33,899 | [MKC] ACTION: No trade.
2026-10-06 18:54:33,930 | [MLM] trending (ADX 27.5) -> trend-following strategy | Signal: HOLD | Shares held: 0.0 | Last price: $490.93
2026-10-06 18:54:33,930 | [MLM] ACTION: No trade.
2026-10-06 18:54:33,961 | [MMM] choppy/sideways (ADX 14.1) -> mean-reversion strategy | Signal: HOLD | Shares held: 0.0 | Last price: $163.75
2026-10-06 18:54:33,961 | [MMM] ACTION: No trade.
2026-10-06 18:54:33,993 | [MNST] trending (ADX 38.1) -> trend-following strategy | Signal: HOLD | Shares held: 0.0 | Last price: $42.98
2026-10-06 18:54:33,993 | [MNST] ACTION: No trade.
2026-10-06 18:54:34,024 | [MO] choppy/sideways (ADX 23.7) -> mean-reversion strategy | Signal: HOLD | Shares held: 0.0 | Last price: $68.35
2026-10-06 18:54:34,024 | [MO] ACTION: No trade.
2026-10-06 18:54:34,054 | [MOS] trending (ADX 28.7) -> trend-following strategy | Signal: HOLD | Shares held: 0.0 | Last price: $21.07
2026-10-06 18:54:34,055 | [MOS] ACTION: No trade.
2026-10-06 18:54:34,085 | [MPC] choppy/sideways (ADX 19.0) -> mean-reversion strategy | Signal: HOLD | Shares held: 0.0 | Last price: $435.07
2026-10-06 18:54:34,085 | [MPC] ACTION: No trade.
2026-10-06 18:54:34,116 | [MPWR] trending (ADX 25.4) -> trend-following strategy | Signal: HOLD | Shares held: 0.0 | Last price: $1471.33
2026-10-06 18:54:34,116 | [MPWR] ACTION: No trade.
2026-10-06 18:54:34,147 | [MRK] choppy/sideways (ADX 15.8) -> mean-reversion strategy | Signal: HOLD | Shares held: 0.0 | Last price: $141.40
2026-10-06 18:54:34,147 | [MRK] ACTION: No trade.
2026-10-06 18:54:34,178 | [MRNA] choppy/sideways (ADX 15.6) -> mean-reversion strategy | Signal: HOLD | Shares held: 0.0 | Last price: $189.60
2026-10-06 18:54:34,178 | [MRNA] ACTION: No trade.
2026-10-06 18:54:34,209 | [MRSH] choppy/sideways (ADX 11.5) -> mean-reversion strategy | Signal: HOLD | Shares held: 0.0 | Last price: $171.72
2026-10-06 18:54:34,209 | [MRSH] ACTION: No trade.
2026-10-06 18:54:34,240 | [MRVL] trending (ADX 32.8) -> trend-following strategy | Signal: HOLD | Shares held: 0.0 | Last price: $286.35
2026-10-06 18:54:34,241 | [MRVL] ACTION: No trade.
2026-10-06 18:54:34,272 | [MS] choppy/sideways (ADX 10.6) -> mean-reversion strategy | Signal: HOLD | Shares held: 0.0 | Last price: $191.31
2026-10-06 18:54:34,272 | [MS] ACTION: No trade.
2026-10-06 18:54:34,302 | [MSCI] trending (ADX 35.5) -> trend-following strategy | Signal: HOLD | Shares held: 0.0 | Last price: $554.01
2026-10-06 18:54:34,303 | [MSCI] ACTION: No trade.
2026-10-06 18:54:34,333 | [MSFT] choppy/sideways (ADX 19.4) -> mean-reversion strategy | Signal: HOLD | Shares held: 0.0 | Last price: $530.64
2026-10-06 18:54:34,333 | [MSFT] ACTION: No trade.
2026-10-06 18:54:34,366 | [MSI] choppy/sideways (ADX 17.9) -> mean-reversion strategy | Signal: HOLD | Shares held: 0.0 | Last price: $456.49
2026-10-06 18:54:34,366 | [MSI] ACTION: No trade.
2026-10-06 18:54:34,397 | [MTB] trending (ADX 26.8) -> trend-following strategy | Signal: HOLD | Shares held: 0.0 | Last price: $218.19
2026-10-06 18:54:34,397 | [MTB] ACTION: No trade.
2026-10-06 18:54:34,428 | [MTD] trending (ADX 26.8) -> trend-following strategy | Signal: HOLD | Shares held: 0.0 | Last price: $1538.15
2026-10-06 18:54:34,428 | [MTD] ACTION: No trade.
2026-10-06 18:54:34,459 | [MU] trending (ADX 25.2) -> trend-following strategy | Signal: HOLD | Shares held: 0.0 | Last price: $1059.30
2026-10-06 18:54:34,459 | [MU] ACTION: No trade.
2026-10-06 18:54:34,490 | [NCLH] trending (ADX 29.6) -> trend-following strategy | Signal: HOLD | Shares held: 0.0 | Last price: $15.52
2026-10-06 18:54:34,490 | [NCLH] ACTION: No trade.
2026-10-06 18:54:34,521 | [NDAQ] trending (ADX 26.8) -> trend-following strategy | Signal: HOLD | Shares held: 0.0 | Last price: $93.11
2026-10-06 18:54:34,522 | [NDAQ] ACTION: No trade.
2026-10-06 18:54:34,552 | [NDSN] choppy/sideways (ADX 22.4) -> mean-reversion strategy | Signal: HOLD | Shares held: 0.0 | Last price: $335.88
2026-10-06 18:54:34,553 | [NDSN] ACTION: No trade.
2026-10-06 18:54:34,584 | [NEE] trending (ADX 32.4) -> trend-following strategy | Signal: HOLD | Shares held: 0.0 | Last price: $77.36
2026-10-06 18:54:34,584 | [NEE] ACTION: No trade.
2026-10-06 18:54:34,614 | [NEM] choppy/sideways (ADX 24.7) -> mean-reversion strategy | Signal: HOLD | Shares held: 0.0 | Last price: $117.00
2026-10-06 18:54:34,615 | [NEM] ACTION: No trade.
2026-10-06 18:54:34,645 | [NFLX] trending (ADX 34.7) -> trend-following strategy | Signal: HOLD | Shares held: 0.0 | Last price: $68.19
2026-10-06 18:54:34,645 | [NFLX] ACTION: No trade.
2026-10-06 18:54:34,676 | [NI] trending (ADX 54.7) -> trend-following strategy | Signal: HOLD | Shares held: 0.0 | Last price: $40.38
2026-10-06 18:54:34,676 | [NI] ACTION: No trade.
2026-10-06 18:54:34,707 | [NKE] choppy/sideways (ADX 18.8) -> mean-reversion strategy | Signal: HOLD | Shares held: 0.0 | Last price: $34.26
2026-10-06 18:54:34,707 | [NKE] ACTION: No trade.
2026-10-06 18:54:34,738 | [NOC] choppy/sideways (ADX 21.7) -> mean-reversion strategy | Signal: HOLD | Shares held: 0.0 | Last price: $482.38
2026-10-06 18:54:34,738 | [NOC] ACTION: No trade.
2026-10-06 18:54:34,769 | [NOW] choppy/sideways (ADX 18.1) -> mean-reversion strategy | Signal: HOLD | Shares held: 0.0 | Last price: $136.49
2026-10-06 18:54:34,769 | [NOW] ACTION: No trade.
2026-10-06 18:54:34,800 | [NRG] trending (ADX 45.4) -> trend-following strategy | Signal: HOLD | Shares held: 0.0 | Last price: $103.62
2026-10-06 18:54:34,800 | [NRG] ACTION: No trade.
2026-10-06 18:54:34,830 | [NSC] choppy/sideways (ADX 17.5) -> mean-reversion strategy | Signal: HOLD | Shares held: 0.0 | Last price: $315.54
2026-10-06 18:54:34,830 | [NSC] ACTION: No trade.
2026-10-06 18:54:34,860 | [NTAP] trending (ADX 30.3) -> trend-following strategy | Signal: HOLD | Shares held: 0.0 | Last price: $229.81
2026-10-06 18:54:34,860 | [NTAP] ACTION: No trade.
2026-10-06 18:54:34,890 | [NTRS] choppy/sideways (ADX 22.8) -> mean-reversion strategy | Signal: HOLD | Shares held: 0.0 | Last price: $169.83
2026-10-06 18:54:34,890 | [NTRS] ACTION: No trade.
2026-10-06 18:54:34,920 | [NUE] trending (ADX 25.8) -> trend-following strategy | Signal: HOLD | Shares held: 0.0 | Last price: $252.13
2026-10-06 18:54:34,921 | [NUE] ACTION: No trade.
2026-10-06 18:54:34,951 | [NVDA] choppy/sideways (ADX 23.2) -> mean-reversion strategy | Signal: HOLD | Shares held: 0.0 | Last price: $240.15
2026-10-06 18:54:34,951 | [NVDA] ACTION: No trade.
2026-10-06 18:54:34,982 | [NVR] choppy/sideways (ADX 13.2) -> mean-reversion strategy | Signal: HOLD | Shares held: 0.0 | Last price: $6033.63
2026-10-06 18:54:34,982 | [NVR] ACTION: No trade.
2026-10-06 18:54:35,013 | [NWSA] trending (ADX 29.8) -> trend-following strategy | Signal: HOLD | Shares held: 0.0 | Last price: $28.34
2026-10-06 18:54:35,013 | [NWSA] ACTION: No trade.
2026-10-06 18:54:35,044 | [NXPI] choppy/sideways (ADX 24.5) -> mean-reversion strategy | Signal: HOLD | Shares held: 0.0 | Last price: $244.43
2026-10-06 18:54:35,044 | [NXPI] ACTION: No trade.
2026-10-06 18:54:35,075 | [O] choppy/sideways (ADX 10.6) -> mean-reversion strategy | Signal: HOLD | Shares held: 0.0 | Last price: $54.00
2026-10-06 18:54:35,075 | [O] ACTION: No trade.
2026-10-06 18:54:35,106 | [ODFL] choppy/sideways (ADX 20.2) -> mean-reversion strategy | Signal: HOLD | Shares held: 0.0 | Last price: $179.14
2026-10-06 18:54:35,106 | [ODFL] ACTION: No trade.
2026-10-06 18:54:35,137 | [OKE] choppy/sideways (ADX 18.4) -> mean-reversion strategy | Signal: HOLD | Shares held: 0.0 | Last price: $89.66
2026-10-06 18:54:35,137 | [OKE] ACTION: No trade.
2026-10-06 18:54:35,167 | [OMC] choppy/sideways (ADX 17.0) -> mean-reversion strategy | Signal: HOLD | Shares held: 0.0 | Last price: $74.72
2026-10-06 18:54:35,167 | [OMC] ACTION: No trade.
2026-10-06 18:54:35,198 | [ON] trending (ADX 31.2) -> trend-following strategy | Signal: HOLD | Shares held: 0.0 | Last price: $86.47
2026-10-06 18:54:35,198 | [ON] ACTION: No trade.
2026-10-06 18:54:35,229 | [ORCL] trending (ADX 31.5) -> trend-following strategy | Signal: HOLD | Shares held: 0.0 | Last price: $145.57
2026-10-06 18:54:35,229 | [ORCL] ACTION: No trade.
2026-10-06 18:54:35,260 | [ORLY] choppy/sideways (ADX 18.1) -> mean-reversion strategy | Signal: HOLD | Shares held: 0.0 | Last price: $85.02
2026-10-06 18:54:35,260 | [ORLY] ACTION: No trade.
2026-10-06 18:54:35,291 | [OTIS] trending (ADX 28.9) -> trend-following strategy | Signal: HOLD | Shares held: 0.0 | Last price: $66.00
2026-10-06 18:54:35,291 | [OTIS] ACTION: No trade.
2026-10-06 18:54:35,322 | [OXY] choppy/sideways (ADX 12.8) -> mean-reversion strategy | Signal: HOLD | Shares held: 0.0 | Last price: $58.63
2026-10-06 18:54:35,322 | [OXY] ACTION: No trade.
2026-10-06 18:54:35,353 | [P] trending (ADX 40.8) -> trend-following strategy | Signal: HOLD | Shares held: 0.0 | Last price: $148.28
2026-10-06 18:54:35,353 | [P] ACTION: No trade.
2026-10-06 18:54:35,384 | [PANW] trending (ADX 28.6) -> trend-following strategy | Signal: HOLD | Shares held: 0.0 | Last price: $419.17
2026-10-06 18:54:35,384 | [PANW] ACTION: No trade.
2026-10-06 18:54:35,415 | [PAYX] choppy/sideways (ADX 22.7) -> mean-reversion strategy | Signal: HOLD | Shares held: 0.0 | Last price: $100.60
2026-10-06 18:54:35,415 | [PAYX] ACTION: No trade.
2026-10-06 18:54:35,445 | [PCAR] choppy/sideways (ADX 23.5) -> mean-reversion strategy | Signal: HOLD | Shares held: 0.0 | Last price: $108.92
2026-10-06 18:54:35,445 | [PCAR] ACTION: No trade.
2026-10-06 18:54:35,476 | [PCG] choppy/sideways (ADX 17.7) -> mean-reversion strategy | Signal: HOLD | Shares held: 0.0 | Last price: $12.43
2026-10-06 18:54:35,476 | [PCG] ACTION: No trade.
2026-10-06 18:54:35,507 | [PEG] trending (ADX 60.0) -> trend-following strategy | Signal: HOLD | Shares held: 0.0 | Last price: $71.20
2026-10-06 18:54:35,508 | [PEG] ACTION: No trade.
2026-10-06 18:54:35,538 | [PEP] trending (ADX 32.3) -> trend-following strategy | Signal: HOLD | Shares held: 0.0 | Last price: $125.41
2026-10-06 18:54:35,539 | [PEP] ACTION: No trade.
2026-10-06 18:54:35,569 | [PFE] choppy/sideways (ADX 16.0) -> mean-reversion strategy | Signal: HOLD | Shares held: 0.0 | Last price: $27.46
2026-10-06 18:54:35,569 | [PFE] ACTION: No trade.
2026-10-06 18:54:35,600 | [PFG] trending (ADX 32.0) -> trend-following strategy | Signal: HOLD | Shares held: 0.0 | Last price: $110.28
2026-10-06 18:54:35,600 | [PFG] ACTION: No trade.
2026-10-06 18:54:35,633 | [PG] trending (ADX 45.0) -> trend-following strategy | Signal: HOLD | Shares held: 0.0 | Last price: $148.62
2026-10-06 18:54:35,633 | [PG] ACTION: No trade.
2026-10-06 18:54:35,665 | [PGR] choppy/sideways (ADX 23.2) -> mean-reversion strategy | Signal: HOLD | Shares held: 0.0 | Last price: $212.20
2026-10-06 18:54:35,665 | [PGR] ACTION: No trade.
2026-10-06 18:54:35,697 | [PH] choppy/sideways (ADX 17.1) -> mean-reversion strategy | Signal: HOLD | Shares held: 0.0 | Last price: $987.34
2026-10-06 18:54:35,697 | [PH] ACTION: No trade.
2026-10-06 18:54:35,729 | [PHM] trending (ADX 29.0) -> trend-following strategy | Signal: HOLD | Shares held: 0.0 | Last price: $116.14
2026-10-06 18:54:35,729 | [PHM] ACTION: No trade.
2026-10-06 18:54:35,760 | [PKG] choppy/sideways (ADX 21.3) -> mean-reversion strategy | Signal: HOLD | Shares held: 0.0 | Last price: $229.43
2026-10-06 18:54:35,760 | [PKG] ACTION: No trade.
2026-10-06 18:54:35,791 | [PLD] choppy/sideways (ADX 14.8) -> mean-reversion strategy | Signal: HOLD | Shares held: 0.0 | Last price: $128.76
2026-10-06 18:54:35,791 | [PLD] ACTION: No trade.
2026-10-06 18:54:35,822 | [PLTR] choppy/sideways (ADX 19.7) -> mean-reversion strategy | Signal: HOLD | Shares held: 0.0 | Last price: $192.62
2026-10-06 18:54:35,822 | [PLTR] ACTION: No trade.
2026-10-06 18:54:35,854 | [PM] choppy/sideways (ADX 14.0) -> mean-reversion strategy | Signal: HOLD | Shares held: 0.0 | Last price: $190.12
2026-10-06 18:54:35,854 | [PM] ACTION: No trade.
2026-10-06 18:54:35,885 | [PNC] choppy/sideways (ADX 18.4) -> mean-reversion strategy | Signal: HOLD | Shares held: 0.0 | Last price: $219.47
2026-10-06 18:54:35,885 | [PNC] ACTION: No trade.
2026-10-06 18:54:35,917 | [PNR] choppy/sideways (ADX 19.8) -> mean-reversion strategy | Signal: HOLD | Shares held: 0.0 | Last price: $52.91
2026-10-06 18:54:35,917 | [PNR] ACTION: No trade.
2026-10-06 18:54:35,949 | [PNW] trending (ADX 35.8) -> trend-following strategy | Signal: HOLD | Shares held: 0.0 | Last price: $97.66
2026-10-06 18:54:35,949 | [PNW] ACTION: No trade.
2026-10-06 18:54:35,981 | [PODD] trending (ADX 32.8) -> trend-following strategy | Signal: HOLD | Shares held: 0.0 | Last price: $135.41
2026-10-06 18:54:35,982 | [PODD] ACTION: No trade.
2026-10-06 18:54:36,013 | [PPG] trending (ADX 26.2) -> trend-following strategy | Signal: HOLD | Shares held: 0.0 | Last price: $106.14
2026-10-06 18:54:36,013 | [PPG] ACTION: No trade.
2026-10-06 18:54:36,044 | [PPL] trending (ADX 43.8) -> trend-following strategy | Signal: HOLD | Shares held: 0.0 | Last price: $33.50
2026-10-06 18:54:36,044 | [PPL] ACTION: No trade.
2026-10-06 18:54:36,075 | [PRU] choppy/sideways (ADX 20.3) -> mean-reversion strategy | Signal: HOLD | Shares held: 0.0 | Last price: $114.03
2026-10-06 18:54:36,075 | [PRU] ACTION: No trade.
2026-10-06 18:54:36,158 | [PSA] choppy/sideways (ADX 23.4) -> mean-reversion strategy | Signal: HOLD | Shares held: 0.0 | Last price: $285.65
2026-10-06 18:54:36,158 | [PSA] ACTION: No trade.
2026-10-06 18:54:36,189 | [PSX] choppy/sideways (ADX 15.1) -> mean-reversion strategy | Signal: HOLD | Shares held: 0.0 | Last price: $271.61
2026-10-06 18:54:36,189 | [PSX] ACTION: No trade.
2026-10-06 18:54:36,219 | [PTC] trending (ADX 65.8) -> trend-following strategy | Signal: HOLD | Shares held: 0.0 | Last price: $193.03
2026-10-06 18:54:36,219 | [PTC] ACTION: No trade.
2026-10-06 18:54:36,250 | [PWR] trending (ADX 34.7) -> trend-following strategy | Signal: HOLD | Shares held: 0.0 | Last price: $717.25
2026-10-06 18:54:36,250 | [PWR] ACTION: No trade.
2026-10-06 18:54:36,282 | [PYPL] choppy/sideways (ADX 22.4) -> mean-reversion strategy | Signal: HOLD | Shares held: 0.0 | Last price: $54.58
2026-10-06 18:54:36,282 | [PYPL] ACTION: No trade.
2026-10-06 18:54:36,313 | [Q] choppy/sideways (ADX 15.1) -> mean-reversion strategy | Signal: HOLD | Shares held: 0.0 | Last price: $132.18
2026-10-06 18:54:36,313 | [Q] ACTION: No trade.
2026-10-06 18:54:36,344 | [QCOM] trending (ADX 33.2) -> trend-following strategy | Signal: HOLD | Shares held: 0.0 | Last price: $182.52
2026-10-06 18:54:36,344 | [QCOM] ACTION: No trade.
2026-10-06 18:54:36,375 | [RCL] trending (ADX 47.4) -> trend-following strategy | Signal: HOLD | Shares held: 0.0 | Last price: $288.09
2026-10-06 18:54:36,375 | [RCL] ACTION: No trade.
2026-10-06 18:54:36,405 | [RDDT] choppy/sideways (ADX 10.2) -> mean-reversion strategy | Signal: HOLD | Shares held: 0.0 | Last price: $148.22
2026-10-06 18:54:36,405 | [RDDT] ACTION: No trade.
2026-10-06 18:54:36,436 | [REGN] choppy/sideways (ADX 13.5) -> mean-reversion strategy | Signal: HOLD | Shares held: 0.0 | Last price: $735.33
2026-10-06 18:54:36,436 | [REGN] ACTION: No trade.
2026-10-06 18:54:36,467 | [RF] choppy/sideways (ADX 23.9) -> mean-reversion strategy | Signal: HOLD | Shares held: 0.0 | Last price: $27.01
2026-10-06 18:54:36,467 | [RF] ACTION: No trade.
2026-10-06 18:54:36,497 | [RJF] choppy/sideways (ADX 24.9) -> mean-reversion strategy | Signal: HOLD | Shares held: 0.0 | Last price: $160.06
2026-10-06 18:54:36,497 | [RJF] ACTION: No trade.
2026-10-06 18:54:36,528 | [RL] choppy/sideways (ADX 16.3) -> mean-reversion strategy | Signal: HOLD | Shares held: 0.0 | Last price: $367.43
2026-10-06 18:54:36,528 | [RL] ACTION: No trade.
2026-10-06 18:54:36,558 | [RMD] choppy/sideways (ADX 21.4) -> mean-reversion strategy | Signal: HOLD | Shares held: 0.0 | Last price: $220.94
2026-10-06 18:54:36,558 | [RMD] ACTION: No trade.
2026-10-06 18:54:36,588 | [ROK] choppy/sideways (ADX 20.3) -> mean-reversion strategy | Signal: HOLD | Shares held: 0.0 | Last price: $454.84
2026-10-06 18:54:36,588 | [ROK] ACTION: No trade.
2026-10-06 18:54:36,619 | [ROL] trending (ADX 32.5) -> trend-following strategy | Signal: HOLD | Shares held: 0.0 | Last price: $30.14
2026-10-06 18:54:36,619 | [ROL] ACTION: No trade.
2026-10-06 18:54:36,649 | [ROP] choppy/sideways (ADX 20.6) -> mean-reversion strategy | Signal: HOLD | Shares held: 0.0 | Last price: $359.99
2026-10-06 18:54:36,649 | [ROP] ACTION: No trade.
2026-10-06 18:54:36,680 | [ROST] trending (ADX 31.1) -> trend-following strategy | Signal: HOLD | Shares held: 0.0 | Last price: $222.39
2026-10-06 18:54:36,680 | [ROST] ACTION: No trade.
2026-10-06 18:54:36,710 | [RSG] trending (ADX 47.4) -> trend-following strategy | Signal: HOLD | Shares held: 0.0 | Last price: $215.10
2026-10-06 18:54:36,711 | [RSG] ACTION: No trade.
2026-10-06 18:54:36,741 | [RTX] choppy/sideways (ADX 20.7) -> mean-reversion strategy | Signal: HOLD | Shares held: 0.0 | Last price: $182.90
2026-10-06 18:54:36,741 | [RTX] ACTION: No trade.
2026-10-06 18:54:36,772 | [RVTY] choppy/sideways (ADX 11.7) -> mean-reversion strategy | Signal: HOLD | Shares held: 0.0 | Last price: $154.02
2026-10-06 18:54:36,772 | [RVTY] ACTION: No trade.
2026-10-06 18:54:36,803 | [SBAC] trending (ADX 48.5) -> trend-following strategy | Signal: HOLD | Shares held: 0.0 | Last price: $168.40
2026-10-06 18:54:36,803 | [SBAC] ACTION: No trade.
2026-10-06 18:54:36,833 | [SBUX] choppy/sideways (ADX 18.5) -> mean-reversion strategy | Signal: HOLD | Shares held: 0.0 | Last price: $95.82
2026-10-06 18:54:36,833 | [SBUX] ACTION: No trade.
2026-10-06 18:54:36,864 | [SCHW] choppy/sideways (ADX 21.2) -> mean-reversion strategy | Signal: HOLD | Shares held: 0.0 | Last price: $97.09
2026-10-06 18:54:36,864 | [SCHW] ACTION: No trade.
2026-10-06 18:54:36,895 | [SHW] choppy/sideways (ADX 17.6) -> mean-reversion strategy | Signal: HOLD | Shares held: 0.0 | Last price: $321.40
2026-10-06 18:54:36,895 | [SHW] ACTION: No trade.
2026-10-06 18:54:36,925 | [SJM] choppy/sideways (ADX 15.7) -> mean-reversion strategy | Signal: HOLD | Shares held: 0.0 | Last price: $117.00
2026-10-06 18:54:36,926 | [SJM] ACTION: No trade.
2026-10-06 18:54:36,956 | [SLB] choppy/sideways (ADX 21.7) -> mean-reversion strategy | Signal: HOLD | Shares held: 0.0 | Last price: $49.97
2026-10-06 18:54:36,957 | [SLB] ACTION: No trade.
2026-10-06 18:54:36,988 | [SMCI] choppy/sideways (ADX 16.8) -> mean-reversion strategy | Signal: HOLD | Shares held: 0.0 | Last price: $43.73
2026-10-06 18:54:36,988 | [SMCI] ACTION: No trade.
2026-10-06 18:54:37,019 | [SNDK] trending (ADX 33.5) -> trend-following strategy | Signal: HOLD | Shares held: 0.0 | Last price: $1668.86
2026-10-06 18:54:37,019 | [SNDK] ACTION: No trade.
2026-10-06 18:54:37,051 | [SNPS] trending (ADX 36.6) -> trend-following strategy | Signal: HOLD | Shares held: 0.0 | Last price: $505.77
2026-10-06 18:54:37,051 | [SNPS] ACTION: No trade.
2026-10-06 18:54:37,083 | [SO] trending (ADX 29.2) -> trend-following strategy | Signal: HOLD | Shares held: 0.0 | Last price: $84.71
2026-10-06 18:54:37,083 | [SO] ACTION: No trade.
2026-10-06 18:54:37,115 | [SPG] choppy/sideways (ADX 11.2) -> mean-reversion strategy | Signal: HOLD | Shares held: 0.0 | Last price: $201.18
2026-10-06 18:54:37,115 | [SPG] ACTION: No trade.
2026-10-06 18:54:37,149 | [SPGI] trending (ADX 43.1) -> trend-following strategy | Signal: HOLD | Shares held: 0.0 | Last price: $395.56
2026-10-06 18:54:37,149 | [SPGI] ACTION: No trade.
2026-10-06 18:54:37,181 | [SRE] trending (ADX 40.0) -> trend-following strategy | Signal: HOLD | Shares held: 0.0 | Last price: $79.31
2026-10-06 18:54:37,181 | [SRE] ACTION: No trade.
2026-10-06 18:54:37,213 | [STE] choppy/sideways (ADX 19.3) -> mean-reversion strategy | Signal: HOLD | Shares held: 0.0 | Last price: $209.01
2026-10-06 18:54:37,213 | [STE] ACTION: No trade.
2026-10-06 18:54:37,244 | [STLD] choppy/sideways (ADX 20.4) -> mean-reversion strategy | Signal: HOLD | Shares held: 0.0 | Last price: $239.78
2026-10-06 18:54:37,244 | [STLD] ACTION: No trade.
2026-10-06 18:54:37,276 | [STT] choppy/sideways (ADX 20.2) -> mean-reversion strategy | Signal: HOLD | Shares held: 0.0 | Last price: $175.94
2026-10-06 18:54:37,276 | [STT] ACTION: No trade.
2026-10-06 18:54:37,306 | [STX] trending (ADX 51.5) -> trend-following strategy | Signal: HOLD | Shares held: 0.0 | Last price: $807.42
2026-10-06 18:54:37,306 | [STX] ACTION: No trade.
2026-10-06 18:54:37,337 | [STZ] trending (ADX 28.3) -> trend-following strategy | Signal: HOLD | Shares held: 0.0 | Last price: $115.63
2026-10-06 18:54:37,337 | [STZ] ACTION: No trade.
2026-10-06 18:54:37,367 | [SW] choppy/sideways (ADX 17.0) -> mean-reversion strategy | Signal: HOLD | Shares held: 0.0 | Last price: $42.35
2026-10-06 18:54:37,367 | [SW] ACTION: No trade.
2026-10-06 18:54:37,398 | [SWK] choppy/sideways (ADX 12.6) -> mean-reversion strategy | Signal: HOLD | Shares held: 0.0 | Last price: $90.50
2026-10-06 18:54:37,398 | [SWK] ACTION: No trade.
2026-10-06 18:54:37,428 | [SWKS] choppy/sideways (ADX 11.6) -> mean-reversion strategy | Signal: HOLD | Shares held: 0.0 | Last price: $82.58
2026-10-06 18:54:37,428 | [SWKS] ACTION: No trade.
2026-10-06 18:54:37,459 | [SYF] choppy/sideways (ADX 21.0) -> mean-reversion strategy | Signal: HOLD | Shares held: 0.0 | Last price: $71.83
2026-10-06 18:54:37,459 | [SYF] ACTION: No trade.
2026-10-06 18:54:37,489 | [SYK] trending (ADX 44.1) -> trend-following strategy | Signal: HOLD | Shares held: 0.0 | Last price: $279.35
2026-10-06 18:54:37,490 | [SYK] ACTION: No trade.
2026-10-06 18:54:37,520 | [SYY] choppy/sideways (ADX 16.1) -> mean-reversion strategy | Signal: HOLD | Shares held: 0.0 | Last price: $77.11
2026-10-06 18:54:37,520 | [SYY] ACTION: No trade.
2026-10-06 18:54:37,551 | [T] choppy/sideways (ADX 22.5) -> mean-reversion strategy | Signal: HOLD | Shares held: 0.0 | Last price: $24.32
2026-10-06 18:54:37,551 | [T] ACTION: No trade.
2026-10-06 18:54:37,581 | [TDG] choppy/sideways (ADX 23.2) -> mean-reversion strategy | Signal: HOLD | Shares held: 0.0 | Last price: $1103.46
2026-10-06 18:54:37,582 | [TDG] ACTION: No trade.
2026-10-06 18:54:37,612 | [TDY] choppy/sideways (ADX 12.1) -> mean-reversion strategy | Signal: HOLD | Shares held: 0.0 | Last price: $622.61
2026-10-06 18:54:37,612 | [TDY] ACTION: No trade.
2026-10-06 18:54:37,643 | [TECH] choppy/sideways (ADX 15.0) -> mean-reversion strategy | Signal: HOLD | Shares held: 0.0 | Last price: $72.45
2026-10-06 18:54:37,643 | [TECH] ACTION: No trade.
2026-10-06 18:54:37,673 | [TEL] choppy/sideways (ADX 15.6) -> mean-reversion strategy | Signal: HOLD | Shares held: 0.0 | Last price: $220.28
2026-10-06 18:54:37,673 | [TEL] ACTION: No trade.
2026-10-06 18:54:37,704 | [TER] trending (ADX 38.0) -> trend-following strategy | Signal: HOLD | Shares held: 0.0 | Last price: $429.84
2026-10-06 18:54:37,704 | [TER] ACTION: No trade.
2026-10-06 18:54:37,735 | [TFC] choppy/sideways (ADX 21.1) -> mean-reversion strategy | Signal: HOLD | Shares held: 0.0 | Last price: $46.17
2026-10-06 18:54:37,736 | [TFC] ACTION: No trade.
2026-10-06 18:54:37,767 | [TGT] choppy/sideways (ADX 14.2) -> mean-reversion strategy | Signal: HOLD | Shares held: 0.0 | Last price: $153.68
2026-10-06 18:54:37,767 | [TGT] ACTION: No trade.
2026-10-06 18:54:37,798 | [TJX] choppy/sideways (ADX 22.9) -> mean-reversion strategy | Signal: HOLD | Shares held: 0.0 | Last price: $135.78
2026-10-06 18:54:37,798 | [TJX] ACTION: No trade.
2026-10-06 18:54:37,829 | [TKO] choppy/sideways (ADX 18.7) -> mean-reversion strategy | Signal: HOLD | Shares held: 0.0 | Last price: $175.74
2026-10-06 18:54:37,829 | [TKO] ACTION: No trade.
2026-10-06 18:54:37,860 | [TMO] choppy/sideways (ADX 14.1) -> mean-reversion strategy | Signal: HOLD | Shares held: 0.0 | Last price: $662.68
2026-10-06 18:54:37,860 | [TMO] ACTION: No trade.
2026-10-06 18:54:37,890 | [TMUS] choppy/sideways (ADX 12.1) -> mean-reversion strategy | Signal: HOLD | Shares held: 0.0 | Last price: $164.33
2026-10-06 18:54:37,890 | [TMUS] ACTION: No trade.
2026-10-06 18:54:37,921 | [TPL] trending (ADX 36.4) -> trend-following strategy | Signal: HOLD | Shares held: 0.0 | Last price: $356.02
2026-10-06 18:54:37,921 | [TPL] ACTION: No trade.
2026-10-06 18:54:37,952 | [TPR] choppy/sideways (ADX 17.0) -> mean-reversion strategy | Signal: HOLD | Shares held: 0.0 | Last price: $116.34
2026-10-06 18:54:37,952 | [TPR] ACTION: No trade.
2026-10-06 18:54:37,983 | [TRGP] choppy/sideways (ADX 23.6) -> mean-reversion strategy | Signal: HOLD | Shares held: 0.0 | Last price: $285.23
2026-10-06 18:54:37,983 | [TRGP] ACTION: No trade.
2026-10-06 18:54:38,014 | [TRMB] trending (ADX 32.9) -> trend-following strategy | Signal: HOLD | Shares held: 0.0 | Last price: $60.69
2026-10-06 18:54:38,014 | [TRMB] ACTION: No trade.
2026-10-06 18:54:38,045 | [TROW] choppy/sideways (ADX 22.6) -> mean-reversion strategy | Signal: HOLD | Shares held: 0.0 | Last price: $104.01
2026-10-06 18:54:38,045 | [TROW] ACTION: No trade.
2026-10-06 18:54:38,075 | [TRV] choppy/sideways (ADX 12.1) -> mean-reversion strategy | Signal: HOLD | Shares held: 0.0 | Last price: $360.55
2026-10-06 18:54:38,075 | [TRV] ACTION: No trade.
2026-10-06 18:54:38,106 | [TSCO] trending (ADX 48.4) -> trend-following strategy | Signal: HOLD | Shares held: 0.0 | Last price: $31.82
2026-10-06 18:54:38,106 | [TSCO] ACTION: No trade.
2026-10-06 18:54:38,136 | [TSLA] trending (ADX 25.2) -> trend-following strategy | Signal: HOLD | Shares held: 0.0 | Last price: $379.41
2026-10-06 18:54:38,137 | [TSLA] ACTION: No trade.
2026-10-06 18:54:38,167 | [TSN] choppy/sideways (ADX 23.1) -> mean-reversion strategy | Signal: HOLD | Shares held: 0.0 | Last price: $51.99
2026-10-06 18:54:38,168 | [TSN] ACTION: No trade.
2026-10-06 18:54:38,198 | [TT] trending (ADX 31.6) -> trend-following strategy | Signal: HOLD | Shares held: 0.0 | Last price: $476.46
2026-10-06 18:54:38,198 | [TT] ACTION: No trade.
2026-10-06 18:54:38,229 | [TTWO] choppy/sideways (ADX 17.8) -> mean-reversion strategy | Signal: HOLD | Shares held: 0.0 | Last price: $202.70
2026-10-06 18:54:38,229 | [TTWO] ACTION: No trade.
2026-10-06 18:54:38,260 | [TXN] trending (ADX 46.5) -> trend-following strategy | Signal: HOLD | Shares held: 0.0 | Last price: $298.08
2026-10-06 18:54:38,260 | [TXN] ACTION: No trade.
2026-10-06 18:54:38,291 | [TXT] choppy/sideways (ADX 19.9) -> mean-reversion strategy | Signal: HOLD | Shares held: 0.0 | Last price: $75.35
2026-10-06 18:54:38,291 | [TXT] ACTION: No trade.
2026-10-06 18:54:38,322 | [TYL] choppy/sideways (ADX 24.1) -> mean-reversion strategy | Signal: HOLD | Shares held: 0.0 | Last price: $330.51
2026-10-06 18:54:38,322 | [TYL] ACTION: No trade.
2026-10-06 18:54:38,352 | [UAL] choppy/sideways (ADX 17.8) -> mean-reversion strategy | Signal: HOLD | Shares held: 0.0 | Last price: $111.00
2026-10-06 18:54:38,353 | [UAL] ACTION: No trade.
2026-10-06 18:54:38,383 | [UBER] choppy/sideways (ADX 21.1) -> mean-reversion strategy | Signal: HOLD | Shares held: 0.0 | Last price: $68.86
2026-10-06 18:54:38,383 | [UBER] ACTION: No trade.
2026-10-06 18:54:38,414 | [UDR] trending (ADX 26.6) -> trend-following strategy | Signal: HOLD | Shares held: 0.0 | Last price: $33.90
2026-10-06 18:54:38,414 | [UDR] ACTION: No trade.
2026-10-06 18:54:38,445 | [UHS] choppy/sideways (ADX 16.0) -> mean-reversion strategy | Signal: HOLD | Shares held: 0.0 | Last price: $177.71
2026-10-06 18:54:38,445 | [UHS] ACTION: No trade.
2026-10-06 18:54:38,475 | [ULTA] choppy/sideways (ADX 13.9) -> mean-reversion strategy | Signal: HOLD | Shares held: 0.0 | Last price: $546.70
2026-10-06 18:54:38,475 | [ULTA] ACTION: No trade.
2026-10-06 18:54:38,506 | [UNH] choppy/sideways (ADX 13.4) -> mean-reversion strategy | Signal: HOLD | Shares held: 0.0 | Last price: $377.18
2026-10-06 18:54:38,506 | [UNH] ACTION: No trade.
2026-10-06 18:54:38,537 | [UNP] choppy/sideways (ADX 15.4) -> mean-reversion strategy | Signal: HOLD | Shares held: 0.0 | Last price: $276.24
2026-10-06 18:54:38,537 | [UNP] ACTION: No trade.
2026-10-06 18:54:38,568 | [UPS] choppy/sideways (ADX 23.1) -> mean-reversion strategy | Signal: HOLD | Shares held: 0.0 | Last price: $92.72
2026-10-06 18:54:38,568 | [UPS] ACTION: No trade.
2026-10-06 18:54:38,598 | [URI] choppy/sideways (ADX 17.4) -> mean-reversion strategy | Signal: HOLD | Shares held: 0.0 | Last price: $1089.76
2026-10-06 18:54:38,599 | [URI] ACTION: No trade.
2026-10-06 18:54:38,629 | [USB] trending (ADX 30.0) -> trend-following strategy | Signal: HOLD | Shares held: 0.0 | Last price: $57.06
2026-10-06 18:54:38,629 | [USB] ACTION: No trade.
2026-10-06 18:54:38,659 | [V] choppy/sideways (ADX 17.3) -> mean-reversion strategy | Signal: HOLD | Shares held: 0.0 | Last price: $369.63
2026-10-06 18:54:38,660 | [V] ACTION: No trade.
2026-10-06 18:54:38,690 | [VEEV] trending (ADX 31.5) -> trend-following strategy | Signal: HOLD | Shares held: 0.0 | Last price: $283.93
2026-10-06 18:54:38,690 | [VEEV] ACTION: No trade.
2026-10-06 18:54:38,721 | [VICI] choppy/sideways (ADX 15.4) -> mean-reversion strategy | Signal: HOLD | Shares held: 0.0 | Last price: $22.68
2026-10-06 18:54:38,721 | [VICI] ACTION: No trade.
2026-10-06 18:54:38,752 | [VLO] choppy/sideways (ADX 19.2) -> mean-reversion strategy | Signal: HOLD | Shares held: 0.0 | Last price: $422.57
2026-10-06 18:54:38,752 | [VLO] ACTION: No trade.
2026-10-06 18:54:38,783 | [VLTO] choppy/sideways (ADX 20.7) -> mean-reversion strategy | Signal: HOLD | Shares held: 0.0 | Last price: $96.18
2026-10-06 18:54:38,783 | [VLTO] ACTION: No trade.
2026-10-06 18:54:38,813 | [VMC] trending (ADX 39.8) -> trend-following strategy | Signal: HOLD | Shares held: 0.0 | Last price: $249.18
2026-10-06 18:54:38,814 | [VMC] ACTION: No trade.
2026-10-06 18:54:38,844 | [VMRK] choppy/sideways (ADX 19.3) -> mean-reversion strategy | Signal: HOLD | Shares held: 0.0 | Last price: $60.20
2026-10-06 18:54:38,844 | [VMRK] ACTION: No trade.
2026-10-06 18:54:38,875 | [VRSK] trending (ADX 33.6) -> trend-following strategy | Signal: HOLD | Shares held: 0.0 | Last price: $164.27
2026-10-06 18:54:38,875 | [VRSK] ACTION: No trade.
2026-10-06 18:54:38,905 | [VRSN] choppy/sideways (ADX 18.9) -> mean-reversion strategy | Signal: HOLD | Shares held: 0.0 | Last price: $292.99
2026-10-06 18:54:38,905 | [VRSN] ACTION: No trade.
2026-10-06 18:54:38,936 | [VRT] choppy/sideways (ADX 14.6) -> mean-reversion strategy | Signal: HOLD | Shares held: 0.0 | Last price: $252.62
2026-10-06 18:54:38,936 | [VRT] ACTION: No trade.
2026-10-06 18:54:38,967 | [VRTX] choppy/sideways (ADX 8.9) -> mean-reversion strategy | Signal: HOLD | Shares held: 0.0 | Last price: $502.58
2026-10-06 18:54:38,967 | [VRTX] ACTION: No trade.
2026-10-06 18:54:38,998 | [VST] trending (ADX 54.9) -> trend-following strategy | Signal: HOLD | Shares held: 0.0 | Last price: $159.57
2026-10-06 18:54:38,998 | [VST] ACTION: No trade.
2026-10-06 18:54:39,028 | [VTR] trending (ADX 36.3) -> trend-following strategy | Signal: HOLD | Shares held: 0.0 | Last price: $81.46
2026-10-06 18:54:39,029 | [VTR] ACTION: No trade.
2026-10-06 18:54:39,059 | [VTRS] choppy/sideways (ADX 14.1) -> mean-reversion strategy | Signal: HOLD | Shares held: 0.0 | Last price: $17.57
2026-10-06 18:54:39,059 | [VTRS] ACTION: No trade.
2026-10-06 18:54:39,090 | [VZ] choppy/sideways (ADX 18.0) -> mean-reversion strategy | Signal: HOLD | Shares held: 0.0 | Last price: $45.65
2026-10-06 18:54:39,090 | [VZ] ACTION: No trade.
2026-10-06 18:54:39,120 | [WAB] choppy/sideways (ADX 11.5) -> mean-reversion strategy | Signal: HOLD | Shares held: 0.0 | Last price: $292.81
2026-10-06 18:54:39,120 | [WAB] ACTION: No trade.
2026-10-06 18:54:39,151 | [WAT] choppy/sideways (ADX 19.6) -> mean-reversion strategy | Signal: HOLD | Shares held: 0.0 | Last price: $437.50
2026-10-06 18:54:39,151 | [WAT] ACTION: No trade.
2026-10-06 18:54:39,181 | [WBD] trending (ADX 72.2) -> trend-following strategy | Signal: HOLD | Shares held: 0.0 | Last price: $30.97
2026-10-06 18:54:39,181 | [WBD] ACTION: No trade.
2026-10-06 18:54:39,212 | [WDAY] trending (ADX 36.3) -> trend-following strategy | Signal: HOLD | Shares held: 0.0 | Last price: $186.09
2026-10-06 18:54:39,212 | [WDAY] ACTION: No trade.
2026-10-06 18:54:39,243 | [WDC] trending (ADX 34.0) -> trend-following strategy | Signal: HOLD | Shares held: 0.0 | Last price: $411.38
2026-10-06 18:54:39,243 | [WDC] ACTION: No trade.
2026-10-06 18:54:39,274 | [WEC] trending (ADX 35.0) -> trend-following strategy | Signal: HOLD | Shares held: 0.0 | Last price: $102.59
2026-10-06 18:54:39,274 | [WEC] ACTION: No trade.
2026-10-06 18:54:39,304 | [WELL] trending (ADX 25.7) -> trend-following strategy | Signal: HOLD | Shares held: 0.0 | Last price: $224.69
2026-10-06 18:54:39,304 | [WELL] ACTION: No trade.
2026-10-06 18:54:39,335 | [WFC] choppy/sideways (ADX 13.9) -> mean-reversion strategy | Signal: HOLD | Shares held: 0.0 | Last price: $81.45
2026-10-06 18:54:39,335 | [WFC] ACTION: No trade.
2026-10-06 18:54:39,366 | [WM] trending (ADX 40.5) -> trend-following strategy | Signal: HOLD | Shares held: 0.0 | Last price: $207.88
2026-10-06 18:54:39,366 | [WM] ACTION: No trade.
2026-10-06 18:54:39,396 | [WMB] trending (ADX 35.5) -> trend-following strategy | Signal: HOLD | Shares held: 0.0 | Last price: $72.22
2026-10-06 18:54:39,396 | [WMB] ACTION: No trade.
2026-10-06 18:54:39,427 | [WMT] trending (ADX 49.8) -> trend-following strategy | Signal: HOLD | Shares held: 0.0 | Last price: $107.06
2026-10-06 18:54:39,427 | [WMT] ACTION: No trade.
2026-10-06 18:54:39,458 | [WRB] choppy/sideways (ADX 19.8) -> mean-reversion strategy | Signal: HOLD | Shares held: 0.0 | Last price: $69.81
2026-10-06 18:54:39,458 | [WRB] ACTION: No trade.
2026-10-06 18:54:39,489 | [WSM] trending (ADX 33.3) -> trend-following strategy | Signal: HOLD | Shares held: 0.0 | Last price: $242.76
2026-10-06 18:54:39,489 | [WSM] ACTION: No trade.
2026-10-06 18:54:39,521 | [WST] choppy/sideways (ADX 16.3) -> mean-reversion strategy | Signal: HOLD | Shares held: 0.0 | Last price: $374.77
2026-10-06 18:54:39,521 | [WST] ACTION: No trade.
2026-10-06 18:54:39,551 | [WTW] choppy/sideways (ADX 10.1) -> mean-reversion strategy | Signal: HOLD | Shares held: 0.0 | Last price: $290.63
2026-10-06 18:54:39,552 | [WTW] ACTION: No trade.
2026-10-06 18:54:39,582 | [WY] choppy/sideways (ADX 20.9) -> mean-reversion strategy | Signal: HOLD | Shares held: 0.0 | Last price: $18.37
2026-10-06 18:54:39,582 | [WY] ACTION: No trade.
2026-10-06 18:54:39,613 | [WYNN] choppy/sideways (ADX 23.2) -> mean-reversion strategy | Signal: HOLD | Shares held: 0.0 | Last price: $76.96
2026-10-06 18:54:39,613 | [WYNN] ACTION: No trade.
2026-10-06 18:54:39,643 | [XEL] choppy/sideways (ADX 18.0) -> mean-reversion strategy | Signal: HOLD | Shares held: 0.0 | Last price: $72.02
2026-10-06 18:54:39,643 | [XEL] ACTION: No trade.
2026-10-06 18:54:39,674 | [XOM] choppy/sideways (ADX 16.6) -> mean-reversion strategy | Signal: HOLD | Shares held: 0.0 | Last price: $165.24
2026-10-06 18:54:39,674 | [XOM] ACTION: No trade.
2026-10-06 18:54:39,705 | [XYL] choppy/sideways (ADX 20.7) -> mean-reversion strategy | Signal: HOLD | Shares held: 0.0 | Last price: $103.98
2026-10-06 18:54:39,705 | [XYL] ACTION: No trade.
2026-10-06 18:54:39,736 | [XYZ] choppy/sideways (ADX 20.0) -> mean-reversion strategy | Signal: HOLD | Shares held: 0.0 | Last price: $76.38
2026-10-06 18:54:39,736 | [XYZ] ACTION: No trade.
2026-10-06 18:54:39,767 | [YUM] trending (ADX 29.8) -> trend-following strategy | Signal: HOLD | Shares held: 0.0 | Last price: $139.18
2026-10-06 18:54:39,768 | [YUM] ACTION: No trade.
2026-10-06 18:54:39,798 | [ZBH] trending (ADX 25.6) -> trend-following strategy | Signal: HOLD | Shares held: 0.0 | Last price: $90.19
2026-10-06 18:54:39,798 | [ZBH] ACTION: No trade.
2026-10-06 18:54:39,829 | [ZBRA] choppy/sideways (ADX 20.3) -> mean-reversion strategy | Signal: HOLD | Shares held: 0.0 | Last price: $387.99
2026-10-06 18:54:39,829 | [ZBRA] ACTION: No trade.
2026-10-06 18:54:39,860 | [ZTS] choppy/sideways (ADX 21.9) -> mean-reversion strategy | Signal: HOLD | Shares held: 0.0 | Last price: $70.77
2026-10-06 18:54:39,860 | [ZTS] ACTION: No trade.
2026-10-06 19:09:40,114 | SCANNER: refreshing watchlist...
2026-10-06 19:09:40,356 | SCANNER: no candidates survived the price/extension filters.
2026-10-06 19:09:40,356 | SCANNER: every candidate this cycle was a leveraged/inverse ETF.
2026-10-06 19:09:57,646 | S&P 500 liquidity backstop -> NVDA, MU, TSLA, SNDK, AMD, MSFT, INTC, AAPL, AVGO, META, AMZN, GOOGL, MRVL, WBD, STX, WDC, MDT, GOOG, LITE, PTC, ORCL, NKE, PLTR, MRNA, BE, LLY, JNJ, DELL, TMO, ABBV, AMAT, LRCX, COST, GEV, PANW, HOOD, NFLX, MA, CAT, BRK.B, XOM, COHR, V, WMT, JPM, BA, LIN, CRM, ACN, CSCO, TJX, SWKS, QCOM, VST, MRK, BAC, CEG, APP, TXN, GS, AMGN, SNPS, UNH, DHR, CRWD, CVX, ILMN, KLAC, MCK, COIN, GE, PG, IBM, PM, VLO, NEE, MS, KO, UNP, CIEN, TT, ADI, CVS, CB, HPE, ON, MCD, MPC, HD, NTAP, ABT, GILD, SMCI, CTVA, ANET, NOC, DE, SPGI, GLW, SYK, TER, COF, TGT, BKNG, VZ, BLK, ETN, PWR, PGR, WFC, C, CDNS, SO, WELL, MPWR, AZO, COP, PEP, NOW, CHRW, APH, HWM, UBER, TMUS, DASH, JCI, BMY, FICO, SBUX, URI, RCL, MCO, DHI, PSX, ROST, DDOG, SCHW, HUM, AEP, AXP, VRT, GM, CMI, PNC, INTU, NXPI, RTX, ORLY, MMM, HCA, EMR, VRTX, WMB, ADP, FCX, WM, SHW, ISRG, HLT, REGN, FANG, ALL, PEG, CL, FTNT, ADBE, ABNB, EOG, ECHO, EQIX, FIX, MRSH, CASY, PFE, ADSK, BNY, DIS, CSX, AMT, CI, KEYS, MDLZ, FDX, GD, KKR, LYV, PLD, TFC, BSX, LOW, EXC, MET, USB, CRH, EXPE, CAH, PCAR, CME, WAT, T, DUK, HON, LEN, TRGP, VTR, MLM, SLB, SYY, DAL, AIG, IQV, IR, P, BX, MAR, XEL, APO, COR, AME, ITW, PH, A, AON, FERG, ECL, CMG, NUE, RDDT, VMRK, TSCO, BDX, TDG, HBAN, MSI, TPR, MCHP, UAL, AJG, ODFL, VRSN, OTIS, YUM, ICE, EBAY, LMT, EFX, STT, CBOE, GWW, MNST, TRV, ELV, CRL, CMS, AXON, CNP, CCL, WDAY, PODD, DLR, NEM, FOXA, APD, ETR, KDP, CTAS, CARR, WEC, VEEV, TEL, AMP, HONA, RVTY, EXPD, LULU, FITB, CMCSA, NSC, EQT, EME, WSM, VMC, CFG, KR, NRG, PSA, NDAQ, PYPL, DVN, OKE, ROK, CTSH, MO, RF, ED, LHX, KMB, ROP, ACGL, IBKR, FAST, WAB, HIG, UPS, TTWO, KMI, RSG, MSCI, NVR, PCG, AWK, INCY, CVNA, OXY, PAYX, JBL, SRE, KEY, DGX, AEE, CNC, EW, F, ARES, BKR, AKAM, CBRE, GIS, LNT, BBY, MTD, SPG, HSY, HUBB, STZ, DTE, HPQ, ZTS, GRMN, IDXX, BIIB, XYL, D, FFIV, CF, EIX, CHTR, XYZ, DRI, STLD, FLEX, AFL, PPL, DLTR, DXCM, CPAY, EXE, FE, GEHC, MTB, NCLH, COO, CCI, EL, WST, FSLR, GPN, NI, KHC, ULTA, CHD, DG, JBHT, TKO, RL, HST, LH, RMD, ZBH, O, IRM, LUV, PHM, FDS, TECH, CPRT, ROL, DPZ, GNRC, GEN, BG, TROW, IP, HAS, LII, HAL, FTV, LYB, PNW, ADM, Q, KVUE, EVRG, DOV, NTRS, HII, EXR, PRU, SYF, FDXF, RJF, VLTO, FISV, TSN, ALB, OMC, SW, MKC, WRB, BAX, DECK, MAA, VRSK, TYL, IEX, DOW, ES, TRMB, FIS, CDW, PPG, ZBRA, LVS, PFG, ATO, EG, IFF, APA, SWK, LDOS, BRO, STE, SBAC, BEN, TXT, ESS, ALGN, WTW, GDDY, ALLE, BALL, CLX, PNR, INVH, IVZ, SJM, AVY, HSIC, AES, UDR, WY, PKG, AMCR, IT, CSGP, APTV, TDY, MOS, VICI, NDSN, JKHY, KIM, TPL, NWSA, J, DOC, VTRS, MAS, CPT, WYNN, BR, DD, ARE, L, GPC, FRT, UHS, MGM, CINF, AIZ
2026-10-06 19:09:57,650 | SCANNER: new watchlist -> NVDA, MU, TSLA, SNDK, AMD, MSFT, INTC, AAPL, AVGO, META, AMZN, GOOGL, MRVL, WBD, STX, WDC, MDT, GOOG, LITE, PTC, ORCL, NKE, PLTR, MRNA, BE, LLY, JNJ, DELL, TMO, ABBV, AMAT, LRCX, COST, GEV, PANW, HOOD, NFLX, MA, CAT, BRK.B, XOM, COHR, V, WMT, JPM, BA, LIN, CRM, ACN, CSCO, TJX, SWKS, QCOM, VST, MRK, BAC, CEG, APP, TXN, GS, AMGN, SNPS, UNH, DHR, CRWD, CVX, ILMN, KLAC, MCK, COIN, GE, PG, IBM, PM, VLO, NEE, MS, KO, UNP, CIEN, TT, ADI, CVS, CB, HPE, ON, MCD, MPC, HD, NTAP, ABT, GILD, SMCI, CTVA, ANET, NOC, DE, SPGI, GLW, SYK, TER, COF, TGT, BKNG, VZ, BLK, ETN, PWR, PGR, WFC, C, CDNS, SO, WELL, MPWR, AZO, COP, PEP, NOW, CHRW, APH, HWM, UBER, TMUS, DASH, JCI, BMY, FICO, SBUX, URI, RCL, MCO, DHI, PSX, ROST, DDOG, SCHW, HUM, AEP, AXP, VRT, GM, CMI, PNC, INTU, NXPI, RTX, ORLY, MMM, HCA, EMR, VRTX, WMB, ADP, FCX, WM, SHW, ISRG, HLT, REGN, FANG, ALL, PEG, CL, FTNT, ADBE, ABNB, EOG, ECHO, EQIX, FIX, MRSH, CASY, PFE, ADSK, BNY, DIS, CSX, AMT, CI, KEYS, MDLZ, FDX, GD, KKR, LYV, PLD, TFC, BSX, LOW, EXC, MET, USB, CRH, EXPE, CAH, PCAR, CME, WAT, T, DUK, HON, LEN, TRGP, VTR, MLM, SLB, SYY, DAL, AIG, IQV, IR, P, BX, MAR, XEL, APO, COR, AME, ITW, PH, A, AON, FERG, ECL, CMG, NUE, RDDT, VMRK, TSCO, BDX, TDG, HBAN, MSI, TPR, MCHP, UAL, AJG, ODFL, VRSN, OTIS, YUM, ICE, EBAY, LMT, EFX, STT, CBOE, GWW, MNST, TRV, ELV, CRL, CMS, AXON, CNP, CCL, WDAY, PODD, DLR, NEM, FOXA, APD, ETR, KDP, CTAS, CARR, WEC, VEEV, TEL, AMP, HONA, RVTY, EXPD, LULU, FITB, CMCSA, NSC, EQT, EME, WSM, VMC, CFG, KR, NRG, PSA, NDAQ, PYPL, DVN, OKE, ROK, CTSH, MO, RF, ED, LHX, KMB, ROP, ACGL, IBKR, FAST, WAB, HIG, UPS, TTWO, KMI, RSG, MSCI, NVR, PCG, AWK, INCY, CVNA, OXY, PAYX, JBL, SRE, KEY, DGX, AEE, CNC, EW, F, ARES, BKR, AKAM, CBRE, GIS, LNT, BBY, MTD, SPG, HSY, HUBB, STZ, DTE, HPQ, ZTS, GRMN, IDXX, BIIB, XYL, D, FFIV, CF, EIX, CHTR, XYZ, DRI, STLD, FLEX, AFL, PPL, DLTR, DXCM, CPAY, EXE, FE, GEHC, MTB, NCLH, COO, CCI, EL, WST, FSLR, GPN, NI, KHC, ULTA, CHD, DG, JBHT, TKO, RL, HST, LH, RMD, ZBH, O, IRM, LUV, PHM, FDS, TECH, CPRT, ROL, DPZ, GNRC, GEN, BG, TROW, IP, HAS, LII, HAL, FTV, LYB, PNW, ADM, Q, KVUE, EVRG, DOV, NTRS, HII, EXR, PRU, SYF, FDXF, RJF, VLTO, FISV, TSN, ALB, OMC, SW, MKC, WRB, BAX, DECK, MAA, VRSK, TYL, IEX, DOW, ES, TRMB, FIS, CDW, PPG, ZBRA, LVS, PFG, ATO, EG, IFF, APA, SWK, LDOS, BRO, STE, SBAC, BEN, TXT, ESS, ALGN, WTW, GDDY, ALLE, BALL, CLX, PNR, INVH, IVZ, SJM, AVY, HSIC, AES, UDR, WY, PKG, AMCR, IT, CSGP, APTV, TDY, MOS, VICI, NDSN, JKHY, KIM, TPL, NWSA, J, DOC, VTRS, MAS, CPT, WYNN, BR, DD, ARE, L, GPC, FRT, UHS, MGM, CINF, AIZ
2026-10-06 19:09:57,701 | Market is open (closes 2026-10-06 22:00:00 CEST your local time). Checking 490 symbols: A, AAPL, ABBV, ABNB, ABT, ACGL, ACN, ADBE, ADI, ADM, ADP, ADSK, AEE, AEP, AES, AFL, AIG, AIZ, AJG, AKAM, ALB, ALGN, ALL, ALLE, AMAT, AMCR, AMD, AME, AMGN, AMP, AMT, AMZN, ANET, AON, APA, APD, APH, APO, APP, APTV, ARE, ARES, ATO, AVGO, AVY, AWK, AXON, AXP, AZO, BA, BAC, BALL, BAX, BBY, BDX, BE, BEN, BG, BIIB, BKNG, BKR, BLK, BMY, BNY, BR, BRK.B, BRO, BSX, BX, C, CAH, CARR, CASY, CAT, CB, CBOE, CBRE, CCI, CCL, CDNS, CDW, CEG, CF, CFG, CHD, CHRW, CHTR, CI, CIEN, CINF, CL, CLX, CMCSA, CME, CMG, CMI, CMS, CNC, CNP, COF, COHR, COIN, COO, COP, COR, COST, CPAY, CPRT, CPT, CRH, CRL, CRM, CRWD, CSCO, CSGP, CSX, CTAS, CTSH, CTVA, CVNA, CVS, CVX, D, DAL, DASH, DD, DDOG, DE, DECK, DELL, DG, DGX, DHI, DHR, DIS, DLR, DLTR, DOC, DOV, DOW, DPZ, DRI, DTE, DUK, DVN, DXCM, EBAY, ECHO, ECL, ED, EFX, EG, EIX, EL, ELV, EME, EMR, EOG, EQIX, EQT, ES, ESS, ETN, ETR, EVRG, EW, EXC, EXE, EXPD, EXPE, EXR, F, FANG, FAST, FCX, FDS, FDX, FDXF, FE, FERG, FFIV, FICO, FIS, FISV, FITB, FIX, FLEX, FOXA, FRT, FSLR, FTNT, FTV, GD, GDDY, GE, GEHC, GEN, GEV, GILD, GIS, GLW, GM, GNRC, GOOG, GOOGL, GPC, GPN, GRMN, GS, GWW, HAL, HAS, HBAN, HCA, HD, HIG, HII, HLT, HON, HONA, HOOD, HPE, HPQ, HSIC, HST, HSY, HUBB, HUM, HWM, IBKR, IBM, ICE, IDXX, IEX, IFF, ILMN, INCY, INTC, INTU, INVH, IP, IQV, IR, IRM, ISRG, IT, ITW, IVZ, J, JBHT, JBL, JCI, JKHY, JNJ, JPM, KDP, KEY, KEYS, KHC, KIM, KKR, KLAC, KMB, KMI, KO, KR, KVUE, L, LDOS, LEN, LH, LHX, LII, LIN, LITE, LLY, LMT, LNT, LOW, LRCX, LULU, LUV, LVS, LYB, LYV, MA, MAA, MAR, MAS, MCD, MCHP, MCK, MCO, MDLZ, MDT, MET, META, MGM, MKC, MLM, MMM, MNST, MO, MOS, MPC, MPWR, MRK, MRNA, MRSH, MRVL, MS, MSCI, MSFT, MSI, MTB, MTD, MU, NCLH, NDAQ, NDSN, NEE, NEM, NFLX, NI, NKE, NOC, NOW, NRG, NSC, NTAP, NTRS, NUE, NVDA, NVR, NWSA, NXPI, O, ODFL, OKE, OMC, ON, ORCL, ORLY, OTIS, OXY, P, PANW, PAYX, PCAR, PCG, PEG, PEP, PFE, PFG, PG, PGR, PH, PHM, PKG, PLD, PLTR, PM, PNC, PNR, PNW, PODD, PPG, PPL, PRU, PSA, PSX, PTC, PWR, PYPL, Q, QCOM, RCL, RDDT, REGN, RF, RJF, RL, RMD, ROK, ROL, ROP, ROST, RSG, RTX, RVTY, SBAC, SBUX, SCHW, SHW, SJM, SLB, SMCI, SNDK, SNPS, SO, SPG, SPGI, SRE, STE, STLD, STT, STX, STZ, SW, SWK, SWKS, SYF, SYK, SYY, T, TDG, TDY, TECH, TEL, TER, TFC, TGT, TJX, TKO, TMO, TMUS, TPL, TPR, TRGP, TRMB, TROW, TRV, TSCO, TSLA, TSN, TT, TTWO, TXN, TXT, TYL, UAL, UBER, UDR, UHS, ULTA, UNH, UNP, UPS, URI, USB, V, VEEV, VICI, VLO, VLTO, VMC, VMRK, VRSK, VRSN, VRT, VRTX, VST, VTR, VTRS, VZ, WAB, WAT, WBD, WDAY, WDC, WEC, WELL, WFC, WM, WMB, WMT, WRB, WSM, WST, WTW, WY, WYNN, XEL, XOM, XYL, XYZ, YUM, ZBH, ZBRA, ZTS (within 90 min of close -- not enough runway left today for a new position)
2026-10-06 19:10:53,706 | [A] choppy/sideways (ADX 10.2) -> mean-reversion strategy | Signal: HOLD | Shares held: 0.0 | Last price: $169.48
2026-10-06 19:10:53,706 | [A] ACTION: No trade.
2026-10-06 19:10:53,738 | [AAPL] choppy/sideways (ADX 18.7) -> mean-reversion strategy | Signal: HOLD | Shares held: 0.0 | Last price: $333.10
2026-10-06 19:10:53,738 | [AAPL] ACTION: No trade.
2026-10-06 19:10:53,769 | [ABBV] choppy/sideways (ADX 17.2) -> mean-reversion strategy | Signal: HOLD | Shares held: 0.0 | Last price: $267.75
2026-10-06 19:10:53,769 | [ABBV] ACTION: No trade.
2026-10-06 19:10:53,801 | [ABNB] trending (ADX 37.3) -> trend-following strategy | Signal: HOLD | Shares held: 0.0 | Last price: $160.25
2026-10-06 19:10:53,802 | [ABNB] ACTION: No trade.
2026-10-06 19:10:53,835 | [ABT] trending (ADX 30.2) -> trend-following strategy | Signal: HOLD | Shares held: 0.0 | Last price: $98.48
2026-10-06 19:10:53,835 | [ABT] ACTION: No trade.
2026-10-06 19:10:53,867 | [ACGL] choppy/sideways (ADX 17.9) -> mean-reversion strategy | Signal: HOLD | Shares held: 0.0 | Last price: $94.71
2026-10-06 19:10:53,867 | [ACGL] ACTION: No trade.
2026-10-06 19:10:53,899 | [ACN] trending (ADX 26.2) -> trend-following strategy | Signal: HOLD | Shares held: 0.0 | Last price: $194.01
2026-10-06 19:10:53,899 | [ACN] ACTION: No trade.
2026-10-06 19:10:53,931 | [ADBE] choppy/sideways (ADX 14.8) -> mean-reversion strategy | Signal: HOLD | Shares held: 0.0 | Last price: $237.25
2026-10-06 19:10:53,931 | [ADBE] ACTION: No trade.
2026-10-06 19:10:53,962 | [ADI] trending (ADX 26.4) -> trend-following strategy | Signal: HOLD | Shares held: 0.0 | Last price: $420.42
2026-10-06 19:10:53,962 | [ADI] ACTION: No trade.
2026-10-06 19:10:53,994 | [ADM] choppy/sideways (ADX 15.0) -> mean-reversion strategy | Signal: HOLD | Shares held: 0.0 | Last price: $82.31
2026-10-06 19:10:53,994 | [ADM] ACTION: No trade.
2026-10-06 19:10:54,027 | [ADP] choppy/sideways (ADX 16.6) -> mean-reversion strategy | Signal: HOLD | Shares held: 0.0 | Last price: $262.63
2026-10-06 19:10:54,027 | [ADP] ACTION: No trade.
2026-10-06 19:10:54,059 | [ADSK] trending (ADX 42.9) -> trend-following strategy | Signal: HOLD | Shares held: 0.0 | Last price: $229.68
2026-10-06 19:10:54,059 | [ADSK] ACTION: No trade.
2026-10-06 19:10:54,091 | [AEE] trending (ADX 32.4) -> trend-following strategy | Signal: HOLD | Shares held: 0.0 | Last price: $100.91
2026-10-06 19:10:54,091 | [AEE] ACTION: No trade.
2026-10-06 19:10:54,123 | [AEP] choppy/sideways (ADX 20.1) -> mean-reversion strategy | Signal: HOLD | Shares held: 0.0 | Last price: $121.20
2026-10-06 19:10:54,124 | [AEP] ACTION: No trade.
2026-10-06 19:10:54,155 | [AES] choppy/sideways (ADX 18.4) -> mean-reversion strategy | Signal: HOLD | Shares held: 0.0 | Last price: $14.91
2026-10-06 19:10:54,155 | [AES] ACTION: No trade.
2026-10-06 19:10:54,187 | [AFL] choppy/sideways (ADX 23.4) -> mean-reversion strategy | Signal: HOLD | Shares held: 0.0 | Last price: $113.50
2026-10-06 19:10:54,187 | [AFL] ACTION: No trade.
2026-10-06 19:10:54,219 | [AIG] choppy/sideways (ADX 18.5) -> mean-reversion strategy | Signal: HOLD | Shares held: 0.0 | Last price: $75.24
2026-10-06 19:10:54,219 | [AIG] ACTION: No trade.
2026-10-06 19:10:54,251 | [AIZ] choppy/sideways (ADX 8.9) -> mean-reversion strategy | Signal: HOLD | Shares held: 0.0 | Last price: $269.32
2026-10-06 19:10:54,251 | [AIZ] ACTION: No trade.
2026-10-06 19:10:54,282 | [AJG] choppy/sideways (ADX 11.9) -> mean-reversion strategy | Signal: HOLD | Shares held: 0.0 | Last price: $229.25
2026-10-06 19:10:54,283 | [AJG] ACTION: No trade.
2026-10-06 19:10:54,313 | [AKAM] choppy/sideways (ADX 16.3) -> mean-reversion strategy | Signal: HOLD | Shares held: 0.0 | Last price: $108.11
2026-10-06 19:10:54,314 | [AKAM] ACTION: No trade.
2026-10-06 19:10:54,345 | [ALB] trending (ADX 33.4) -> trend-following strategy | Signal: HOLD | Shares held: 0.0 | Last price: $106.95
2026-10-06 19:10:54,345 | [ALB] ACTION: No trade.
2026-10-06 19:10:54,376 | [ALGN] choppy/sideways (ADX 12.6) -> mean-reversion strategy | Signal: HOLD | Shares held: 0.0 | Last price: $142.21
2026-10-06 19:10:54,377 | [ALGN] ACTION: No trade.
2026-10-06 19:10:54,408 | [ALL] trending (ADX 26.2) -> trend-following strategy | Signal: HOLD | Shares held: 0.0 | Last price: $222.69
2026-10-06 19:10:54,408 | [ALL] ACTION: No trade.
2026-10-06 19:10:54,439 | [ALLE] choppy/sideways (ADX 12.6) -> mean-reversion strategy | Signal: HOLD | Shares held: 0.0 | Last price: $155.33
2026-10-06 19:10:54,439 | [ALLE] ACTION: No trade.
2026-10-06 19:10:54,471 | [AMAT] choppy/sideways (ADX 14.2) -> mean-reversion strategy | Signal: HOLD | Shares held: 0.0 | Last price: $531.07
2026-10-06 19:10:54,471 | [AMAT] ACTION: No trade.
2026-10-06 19:10:54,503 | [AMCR] choppy/sideways (ADX 17.1) -> mean-reversion strategy | Signal: HOLD | Shares held: 0.0 | Last price: $41.92
2026-10-06 19:10:54,503 | [AMCR] ACTION: No trade.
2026-10-06 19:10:54,535 | [AMD] trending (ADX 47.6) -> trend-following strategy | Signal: HOLD | Shares held: 0.0 | Last price: $654.60
2026-10-06 19:10:54,535 | [AMD] ACTION: No trade.
2026-10-06 19:10:54,567 | [AME] choppy/sideways (ADX 14.6) -> mean-reversion strategy | Signal: HOLD | Shares held: 0.0 | Last price: $253.53
2026-10-06 19:10:54,568 | [AME] ACTION: No trade.
2026-10-06 19:10:54,600 | [AMGN] choppy/sideways (ADX 13.7) -> mean-reversion strategy | Signal: HOLD | Shares held: 0.0 | Last price: $402.21
2026-10-06 19:10:54,600 | [AMGN] ACTION: No trade.
2026-10-06 19:10:54,631 | [AMP] choppy/sideways (ADX 18.4) -> mean-reversion strategy | Signal: HOLD | Shares held: 0.0 | Last price: $493.67
2026-10-06 19:10:54,632 | [AMP] ACTION: No trade.
2026-10-06 19:10:54,664 | [AMT] choppy/sideways (ADX 22.3) -> mean-reversion strategy | Signal: HOLD | Shares held: 0.0 | Last price: $164.86
2026-10-06 19:10:54,664 | [AMT] ACTION: No trade.
2026-10-06 19:10:54,695 | [AMZN] trending (ADX 33.6) -> trend-following strategy | Signal: HOLD | Shares held: 0.0 | Last price: $255.99
2026-10-06 19:10:54,695 | [AMZN] ACTION: No trade.
2026-10-06 19:10:54,728 | [ANET] trending (ADX 29.7) -> trend-following strategy | Signal: HOLD | Shares held: 0.0 | Last price: $214.80
2026-10-06 19:10:54,728 | [ANET] ACTION: No trade.
2026-10-06 19:10:54,760 | [AON] choppy/sideways (ADX 21.4) -> mean-reversion strategy | Signal: HOLD | Shares held: 0.0 | Last price: $273.09
2026-10-06 19:10:54,760 | [AON] ACTION: No trade.
2026-10-06 19:10:54,792 | [APA] choppy/sideways (ADX 12.9) -> mean-reversion strategy | Signal: HOLD | Shares held: 0.0 | Last price: $44.26
2026-10-06 19:10:54,792 | [APA] ACTION: No trade.
2026-10-06 19:10:54,826 | [APD] choppy/sideways (ADX 17.2) -> mean-reversion strategy | Signal: HOLD | Shares held: 0.0 | Last price: $280.75
2026-10-06 19:10:54,826 | [APD] ACTION: No trade.
2026-10-06 19:10:54,858 | [APH] choppy/sideways (ADX 24.3) -> mean-reversion strategy | Signal: HOLD | Shares held: 0.0 | Last price: $88.64
2026-10-06 19:10:54,859 | [APH] ACTION: No trade.
2026-10-06 19:10:54,891 | [APO] choppy/sideways (ADX 18.3) -> mean-reversion strategy | Signal: HOLD | Shares held: 0.0 | Last price: $115.53
2026-10-06 19:10:54,891 | [APO] ACTION: No trade.
2026-10-06 19:10:54,922 | [APP] trending (ADX 31.5) -> trend-following strategy | Signal: HOLD | Shares held: 0.0 | Last price: $277.29
2026-10-06 19:10:54,922 | [APP] ACTION: No trade.
2026-10-06 19:10:54,954 | [APTV] choppy/sideways (ADX 17.7) -> mean-reversion strategy | Signal: HOLD | Shares held: 0.0 | Last price: $44.63
2026-10-06 19:10:54,954 | [APTV] ACTION: No trade.
2026-10-06 19:10:54,986 | [ARE] choppy/sideways (ADX 16.1) -> mean-reversion strategy | Signal: HOLD | Shares held: 0.0 | Last price: $46.09
2026-10-06 19:10:54,986 | [ARE] ACTION: No trade.
2026-10-06 19:10:55,018 | [ARES] choppy/sideways (ADX 10.6) -> mean-reversion strategy | Signal: HOLD | Shares held: 0.0 | Last price: $118.49
2026-10-06 19:10:55,018 | [ARES] ACTION: No trade.
2026-10-06 19:10:55,049 | [ATO] choppy/sideways (ADX 23.0) -> mean-reversion strategy | Signal: HOLD | Shares held: 0.0 | Last price: $158.81
2026-10-06 19:10:55,049 | [ATO] ACTION: No trade.
2026-10-06 19:10:55,081 | [AVGO] trending (ADX 57.8) -> trend-following strategy | Signal: HOLD | Shares held: 0.0 | Last price: $379.00
2026-10-06 19:10:55,081 | [AVGO] ACTION: No trade.
2026-10-06 19:10:55,112 | [AVY] choppy/sideways (ADX 21.6) -> mean-reversion strategy | Signal: HOLD | Shares held: 0.0 | Last price: $169.38
2026-10-06 19:10:55,112 | [AVY] ACTION: No trade.
2026-10-06 19:10:55,144 | [AWK] choppy/sideways (ADX 18.5) -> mean-reversion strategy | Signal: HOLD | Shares held: 0.0 | Last price: $127.45
2026-10-06 19:10:55,144 | [AWK] ACTION: No trade.
2026-10-06 19:10:55,176 | [AXON] choppy/sideways (ADX 16.4) -> mean-reversion strategy | Signal: HOLD | Shares held: 0.0 | Last price: $420.79
2026-10-06 19:10:55,176 | [AXON] ACTION: No trade.
2026-10-06 19:10:55,208 | [AXP] choppy/sideways (ADX 18.6) -> mean-reversion strategy | Signal: HOLD | Shares held: 0.0 | Last price: $303.85
2026-10-06 19:10:55,208 | [AXP] ACTION: No trade.
2026-10-06 19:10:55,240 | [AZO] trending (ADX 34.3) -> trend-following strategy | Signal: HOLD | Shares held: 0.0 | Last price: $2908.89
2026-10-06 19:10:55,240 | [AZO] ACTION: No trade.
2026-10-06 19:10:55,272 | [BA] choppy/sideways (ADX 22.7) -> mean-reversion strategy | Signal: HOLD | Shares held: 0.0 | Last price: $189.90
2026-10-06 19:10:55,272 | [BA] ACTION: No trade.
2026-10-06 19:10:55,303 | [BAC] choppy/sideways (ADX 15.0) -> mean-reversion strategy | Signal: HOLD | Shares held: 0.0 | Last price: $54.07
2026-10-06 19:10:55,303 | [BAC] ACTION: No trade.
2026-10-06 19:10:55,336 | [BALL] choppy/sideways (ADX 24.1) -> mean-reversion strategy | Signal: HOLD | Shares held: 0.0 | Last price: $57.46
2026-10-06 19:10:55,336 | [BALL] ACTION: No trade.
2026-10-06 19:10:55,368 | [BAX] choppy/sideways (ADX 19.5) -> mean-reversion strategy | Signal: HOLD | Shares held: 0.0 | Last price: $24.25
2026-10-06 19:10:55,368 | [BAX] ACTION: No trade.
2026-10-06 19:10:55,400 | [BBY] choppy/sideways (ADX 16.8) -> mean-reversion strategy | Signal: HOLD | Shares held: 0.0 | Last price: $85.47
2026-10-06 19:10:55,400 | [BBY] ACTION: No trade.
2026-10-06 19:10:55,431 | [BDX] choppy/sideways (ADX 21.6) -> mean-reversion strategy | Signal: HOLD | Shares held: 0.0 | Last price: $180.54
2026-10-06 19:10:55,432 | [BDX] ACTION: No trade.
2026-10-06 19:10:55,463 | [BE] trending (ADX 28.5) -> trend-following strategy | Signal: HOLD | Shares held: 0.0 | Last price: $298.59
2026-10-06 19:10:55,463 | [BE] ACTION: No trade.
2026-10-06 19:10:55,496 | [BEN] trending (ADX 31.3) -> trend-following strategy | Signal: HOLD | Shares held: 0.0 | Last price: $32.49
2026-10-06 19:10:55,496 | [BEN] ACTION: No trade.
2026-10-06 19:10:55,528 | [BG] choppy/sideways (ADX 13.4) -> mean-reversion strategy | Signal: HOLD | Shares held: 0.0 | Last price: $107.39
2026-10-06 19:10:55,528 | [BG] ACTION: No trade.
2026-10-06 19:10:55,560 | [BIIB] choppy/sideways (ADX 16.8) -> mean-reversion strategy | Signal: HOLD | Shares held: 0.0 | Last price: $223.35
2026-10-06 19:10:55,560 | [BIIB] ACTION: No trade.
2026-10-06 19:10:55,592 | [BKNG] choppy/sideways (ADX 23.5) -> mean-reversion strategy | Signal: HOLD | Shares held: 0.0 | Last price: $156.40
2026-10-06 19:10:55,592 | [BKNG] ACTION: No trade.
2026-10-06 19:10:55,624 | [BKR] choppy/sideways (ADX 12.6) -> mean-reversion strategy | Signal: HOLD | Shares held: 0.0 | Last price: $57.28
2026-10-06 19:10:55,624 | [BKR] ACTION: No trade.
2026-10-06 19:10:55,655 | [BLK] choppy/sideways (ADX 19.9) -> mean-reversion strategy | Signal: HOLD | Shares held: 0.0 | Last price: $1082.40
2026-10-06 19:10:55,655 | [BLK] ACTION: No trade.
2026-10-06 19:10:55,686 | [BMY] choppy/sideways (ADX 12.6) -> mean-reversion strategy | Signal: HOLD | Shares held: 0.0 | Last price: $59.28
2026-10-06 19:10:55,686 | [BMY] ACTION: No trade.
2026-10-06 19:10:55,718 | [BNY] choppy/sideways (ADX 24.1) -> mean-reversion strategy | Signal: HOLD | Shares held: 0.0 | Last price: $143.76
2026-10-06 19:10:55,718 | [BNY] ACTION: No trade.
2026-10-06 19:10:55,750 | [BR] choppy/sideways (ADX 17.6) -> mean-reversion strategy | Signal: HOLD | Shares held: 0.0 | Last price: $158.79
2026-10-06 19:10:55,750 | [BR] ACTION: No trade.
2026-10-06 19:10:55,781 | [BRK.B] choppy/sideways (ADX 18.2) -> mean-reversion strategy | Signal: HOLD | Shares held: 0.0 | Last price: $506.48
2026-10-06 19:10:55,781 | [BRK.B] ACTION: No trade.
2026-10-06 19:10:55,812 | [BRO] choppy/sideways (ADX 10.7) -> mean-reversion strategy | Signal: HOLD | Shares held: 0.0 | Last price: $60.83
2026-10-06 19:10:55,813 | [BRO] ACTION: No trade.
2026-10-06 19:10:55,844 | [BSX] choppy/sideways (ADX 23.3) -> mean-reversion strategy | Signal: HOLD | Shares held: 0.0 | Last price: $42.14
2026-10-06 19:10:55,844 | [BSX] ACTION: No trade.
2026-10-06 19:10:55,875 | [BX] choppy/sideways (ADX 10.4) -> mean-reversion strategy | Signal: HOLD | Shares held: 0.0 | Last price: $112.90
2026-10-06 19:10:55,875 | [BX] ACTION: No trade.
2026-10-06 19:10:55,906 | [C] choppy/sideways (ADX 17.0) -> mean-reversion strategy | Signal: HOLD | Shares held: 0.0 | Last price: $128.20
2026-10-06 19:10:55,906 | [C] ACTION: No trade.
2026-10-06 19:10:55,938 | [CAH] trending (ADX 27.6) -> trend-following strategy | Signal: HOLD | Shares held: 0.0 | Last price: $233.46
2026-10-06 19:10:55,938 | [CAH] ACTION: No trade.
2026-10-06 19:10:55,970 | [CARR] trending (ADX 27.3) -> trend-following strategy | Signal: HOLD | Shares held: 0.0 | Last price: $56.40
2026-10-06 19:10:55,970 | [CARR] ACTION: No trade.
2026-10-06 19:10:56,003 | [CASY] choppy/sideways (ADX 21.1) -> mean-reversion strategy | Signal: HOLD | Shares held: 0.0 | Last price: $616.51
2026-10-06 19:10:56,003 | [CASY] ACTION: No trade.
2026-10-06 19:10:56,035 | [CAT] choppy/sideways (ADX 19.5) -> mean-reversion strategy | Signal: HOLD | Shares held: 0.0 | Last price: $866.06
2026-10-06 19:10:56,035 | [CAT] ACTION: No trade.
2026-10-06 19:10:56,067 | [CB] choppy/sideways (ADX 16.3) -> mean-reversion strategy | Signal: HOLD | Shares held: 0.0 | Last price: $334.90
2026-10-06 19:10:56,067 | [CB] ACTION: No trade.
2026-10-06 19:10:56,099 | [CBOE] choppy/sideways (ADX 12.2) -> mean-reversion strategy | Signal: HOLD | Shares held: 0.0 | Last price: $278.44
2026-10-06 19:10:56,099 | [CBOE] ACTION: No trade.
2026-10-06 19:10:56,133 | [CBRE] choppy/sideways (ADX 18.4) -> mean-reversion strategy | Signal: HOLD | Shares held: 0.0 | Last price: $130.93
2026-10-06 19:10:56,133 | [CBRE] ACTION: No trade.
2026-10-06 19:10:56,164 | [CCI] trending (ADX 36.7) -> trend-following strategy | Signal: HOLD | Shares held: 0.0 | Last price: $68.42
2026-10-06 19:10:56,164 | [CCI] ACTION: No trade.
2026-10-06 19:10:56,195 | [CCL] trending (ADX 32.0) -> trend-following strategy | Signal: HOLD | Shares held: 0.0 | Last price: $26.45
2026-10-06 19:10:56,195 | [CCL] ACTION: No trade.
2026-10-06 19:10:56,226 | [CDNS] trending (ADX 27.2) -> trend-following strategy | Signal: HOLD | Shares held: 0.0 | Last price: $361.31
2026-10-06 19:10:56,226 | [CDNS] ACTION: No trade.
2026-10-06 19:10:56,258 | [CDW] choppy/sideways (ADX 15.9) -> mean-reversion strategy | Signal: HOLD | Shares held: 0.0 | Last price: $135.65
2026-10-06 19:10:56,258 | [CDW] ACTION: No trade.
2026-10-06 19:10:56,290 | [CEG] trending (ADX 48.0) -> trend-following strategy | Signal: HOLD | Shares held: 0.0 | Last price: $300.09
2026-10-06 19:10:56,290 | [CEG] ACTION: No trade.
2026-10-06 19:10:56,323 | [CF] choppy/sideways (ADX 15.6) -> mean-reversion strategy | Signal: HOLD | Shares held: 0.0 | Last price: $115.97
2026-10-06 19:10:56,323 | [CF] ACTION: No trade.
2026-10-06 19:10:56,355 | [CFG] trending (ADX 33.4) -> trend-following strategy | Signal: HOLD | Shares held: 0.0 | Last price: $63.91
2026-10-06 19:10:56,355 | [CFG] ACTION: No trade.
2026-10-06 19:10:56,387 | [CHD] trending (ADX 29.0) -> trend-following strategy | Signal: HOLD | Shares held: 0.0 | Last price: $96.42
2026-10-06 19:10:56,387 | [CHD] ACTION: No trade.
2026-10-06 19:10:56,419 | [CHRW] trending (ADX 33.9) -> trend-following strategy | Signal: HOLD | Shares held: 0.0 | Last price: $137.00
2026-10-06 19:10:56,419 | [CHRW] ACTION: No trade.
2026-10-06 19:10:56,451 | [CHTR] choppy/sideways (ADX 21.7) -> mean-reversion strategy | Signal: HOLD | Shares held: 0.0 | Last price: $108.79
2026-10-06 19:10:56,451 | [CHTR] ACTION: No trade.
2026-10-06 19:10:56,484 | [CI] choppy/sideways (ADX 17.1) -> mean-reversion strategy | Signal: HOLD | Shares held: 0.0 | Last price: $274.50
2026-10-06 19:10:56,484 | [CI] ACTION: No trade.
2026-10-06 19:10:56,516 | [CIEN] trending (ADX 48.6) -> trend-following strategy | Signal: HOLD | Shares held: 0.0 | Last price: $435.54
2026-10-06 19:10:56,516 | [CIEN] ACTION: No trade.
2026-10-06 19:10:56,548 | [CINF] choppy/sideways (ADX 24.7) -> mean-reversion strategy | Signal: HOLD | Shares held: 0.0 | Last price: $162.60
2026-10-06 19:10:56,548 | [CINF] ACTION: No trade.
2026-10-06 19:10:56,580 | [CL] trending (ADX 45.4) -> trend-following strategy | Signal: HOLD | Shares held: 0.0 | Last price: $87.28
2026-10-06 19:10:56,580 | [CL] ACTION: No trade.
2026-10-06 19:10:56,612 | [CLX] trending (ADX 47.3) -> trend-following strategy | Signal: HOLD | Shares held: 0.0 | Last price: $83.80
2026-10-06 19:10:56,612 | [CLX] ACTION: No trade.
2026-10-06 19:10:56,644 | [CMCSA] choppy/sideways (ADX 13.6) -> mean-reversion strategy | Signal: HOLD | Shares held: 0.0 | Last price: $21.55
2026-10-06 19:10:56,644 | [CMCSA] ACTION: No trade.
2026-10-06 19:10:56,676 | [CME] choppy/sideways (ADX 16.4) -> mean-reversion strategy | Signal: HOLD | Shares held: 0.0 | Last price: $270.00
2026-10-06 19:10:56,676 | [CME] ACTION: No trade.
2026-10-06 19:10:56,708 | [CMG] choppy/sideways (ADX 18.0) -> mean-reversion strategy | Signal: HOLD | Shares held: 0.0 | Last price: $30.84
2026-10-06 19:10:56,708 | [CMG] ACTION: No trade.
2026-10-06 19:10:56,740 | [CMI] choppy/sideways (ADX 8.5) -> mean-reversion strategy | Signal: HOLD | Shares held: 0.0 | Last price: $532.95
2026-10-06 19:10:56,741 | [CMI] ACTION: No trade.
2026-10-06 19:10:56,772 | [CMS] trending (ADX 36.3) -> trend-following strategy | Signal: HOLD | Shares held: 0.0 | Last price: $64.78
2026-10-06 19:10:56,773 | [CMS] ACTION: No trade.
2026-10-06 19:10:56,803 | [CNC] trending (ADX 28.7) -> trend-following strategy | Signal: HOLD | Shares held: 0.0 | Last price: $64.21
2026-10-06 19:10:56,803 | [CNC] ACTION: No trade.
2026-10-06 19:10:56,835 | [CNP] trending (ADX 37.5) -> trend-following strategy | Signal: HOLD | Shares held: 0.0 | Last price: $38.49
2026-10-06 19:10:56,835 | [CNP] ACTION: No trade.
2026-10-06 19:10:56,866 | [COF] choppy/sideways (ADX 17.1) -> mean-reversion strategy | Signal: HOLD | Shares held: 0.0 | Last price: $195.91
2026-10-06 19:10:56,866 | [COF] ACTION: No trade.
2026-10-06 19:10:56,898 | [COHR] choppy/sideways (ADX 20.8) -> mean-reversion strategy | Signal: HOLD | Shares held: 0.0 | Last price: $335.90
2026-10-06 19:10:56,899 | [COHR] ACTION: No trade.
2026-10-06 19:10:56,930 | [COIN] choppy/sideways (ADX 20.2) -> mean-reversion strategy | Signal: HOLD | Shares held: 0.0 | Last price: $185.69
2026-10-06 19:10:56,930 | [COIN] ACTION: No trade.
2026-10-06 19:10:56,961 | [COO] choppy/sideways (ADX 14.1) -> mean-reversion strategy | Signal: HOLD | Shares held: 0.0 | Last price: $56.24
2026-10-06 19:10:56,961 | [COO] ACTION: No trade.
2026-10-06 19:10:56,994 | [COP] choppy/sideways (ADX 16.5) -> mean-reversion strategy | Signal: HOLD | Shares held: 0.0 | Last price: $129.56
2026-10-06 19:10:56,995 | [COP] ACTION: No trade.
2026-10-06 19:10:57,028 | [COR] choppy/sideways (ADX 15.9) -> mean-reversion strategy | Signal: HOLD | Shares held: 0.0 | Last price: $314.85
2026-10-06 19:10:57,029 | [COR] ACTION: No trade.
2026-10-06 19:10:57,061 | [COST] trending (ADX 46.2) -> trend-following strategy | Signal: HOLD | Shares held: 0.0 | Last price: $934.48
2026-10-06 19:10:57,061 | [COST] ACTION: No trade.
2026-10-06 19:10:57,093 | [CPAY] choppy/sideways (ADX 19.2) -> mean-reversion strategy | Signal: HOLD | Shares held: 0.0 | Last price: $405.31
2026-10-06 19:10:57,093 | [CPAY] ACTION: No trade.
2026-10-06 19:10:57,124 | [CPRT] trending (ADX 31.5) -> trend-following strategy | Signal: HOLD | Shares held: 0.0 | Last price: $26.85
2026-10-06 19:10:57,124 | [CPRT] ACTION: No trade.
2026-10-06 19:10:57,156 | [CPT] choppy/sideways (ADX 22.8) -> mean-reversion strategy | Signal: HOLD | Shares held: 0.0 | Last price: $97.87
2026-10-06 19:10:57,156 | [CPT] ACTION: No trade.
2026-10-06 19:10:57,189 | [CRH] trending (ADX 42.3) -> trend-following strategy | Signal: HOLD | Shares held: 0.0 | Last price: $83.99
2026-10-06 19:10:57,189 | [CRH] ACTION: No trade.
2026-10-06 19:10:57,221 | [CRL] choppy/sideways (ADX 19.9) -> mean-reversion strategy | Signal: HOLD | Shares held: 0.0 | Last price: $306.87
2026-10-06 19:10:57,221 | [CRL] ACTION: No trade.
2026-10-06 19:10:57,253 | [CRM] trending (ADX 32.4) -> trend-following strategy | Signal: HOLD | Shares held: 0.0 | Last price: $223.75
2026-10-06 19:10:57,253 | [CRM] ACTION: No trade.
2026-10-06 19:10:57,285 | [CRWD] trending (ADX 29.4) -> trend-following strategy | Signal: HOLD | Shares held: 0.0 | Last price: $278.10
2026-10-06 19:10:57,285 | [CRWD] ACTION: No trade.
2026-10-06 19:10:57,317 | [CSCO] trending (ADX 57.3) -> trend-following strategy | Signal: HOLD | Shares held: 0.0 | Last price: $117.48
2026-10-06 19:10:57,317 | [CSCO] ACTION: No trade.
2026-10-06 19:10:57,349 | [CSGP] trending (ADX 33.1) -> trend-following strategy | Signal: SELL | Shares held: 0.0 | Last price: $27.73
2026-10-06 19:10:57,349 | [CSGP] ACTION: No trade.
2026-10-06 19:10:57,381 | [CSX] choppy/sideways (ADX 10.9) -> mean-reversion strategy | Signal: HOLD | Shares held: 0.0 | Last price: $47.45
2026-10-06 19:10:57,381 | [CSX] ACTION: No trade.
2026-10-06 19:10:57,413 | [CTAS] choppy/sideways (ADX 21.2) -> mean-reversion strategy | Signal: HOLD | Shares held: 0.0 | Last price: $195.44
2026-10-06 19:10:57,413 | [CTAS] ACTION: No trade.
2026-10-06 19:10:57,444 | [CTSH] trending (ADX 50.6) -> trend-following strategy | Signal: HOLD | Shares held: 0.0 | Last price: $57.03
2026-10-06 19:10:57,444 | [CTSH] ACTION: No trade.
2026-10-06 19:10:57,476 | [CTVA] trending (ADX 49.4) -> trend-following strategy | Signal: HOLD | Shares held: 0.0 | Last price: $13.97
2026-10-06 19:10:57,476 | [CTVA] ACTION: No trade.
2026-10-06 19:10:57,508 | [CVNA] choppy/sideways (ADX 22.6) -> mean-reversion strategy | Signal: HOLD | Shares held: 0.0 | Last price: $63.07
2026-10-06 19:10:57,508 | [CVNA] ACTION: No trade.
2026-10-06 19:10:57,540 | [CVS] choppy/sideways (ADX 14.8) -> mean-reversion strategy | Signal: HOLD | Shares held: 0.0 | Last price: $86.28
2026-10-06 19:10:57,540 | [CVS] ACTION: No trade.
2026-10-06 19:10:57,572 | [CVX] trending (ADX 27.4) -> trend-following strategy | Signal: HOLD | Shares held: 0.0 | Last price: $208.32
2026-10-06 19:10:57,572 | [CVX] ACTION: No trade.
2026-10-06 19:10:57,604 | [D] choppy/sideways (ADX 19.4) -> mean-reversion strategy | Signal: HOLD | Shares held: 0.0 | Last price: $61.70
2026-10-06 19:10:57,604 | [D] ACTION: No trade.
2026-10-06 19:10:57,636 | [DAL] choppy/sideways (ADX 20.6) -> mean-reversion strategy | Signal: HOLD | Shares held: 0.0 | Last price: $83.23
2026-10-06 19:10:57,636 | [DAL] ACTION: No trade.
2026-10-06 19:10:57,668 | [DASH] choppy/sideways (ADX 14.0) -> mean-reversion strategy | Signal: HOLD | Shares held: 0.0 | Last price: $192.81
2026-10-06 19:10:57,669 | [DASH] ACTION: No trade.
2026-10-06 19:10:57,701 | [DD] trending (ADX 36.6) -> trend-following strategy | Signal: HOLD | Shares held: 0.0 | Last price: $133.53
2026-10-06 19:10:57,701 | [DD] ACTION: No trade.
2026-10-06 19:10:57,732 | [DDOG] choppy/sideways (ADX 9.3) -> mean-reversion strategy | Signal: HOLD | Shares held: 0.0 | Last price: $276.75
2026-10-06 19:10:57,732 | [DDOG] ACTION: No trade.
2026-10-06 19:10:57,763 | [DE] choppy/sideways (ADX 22.7) -> mean-reversion strategy | Signal: HOLD | Shares held: 0.0 | Last price: $680.98
2026-10-06 19:10:57,763 | [DE] ACTION: No trade.
2026-10-06 19:10:57,795 | [DECK] choppy/sideways (ADX 22.8) -> mean-reversion strategy | Signal: HOLD | Shares held: 0.0 | Last price: $81.33
2026-10-06 19:10:57,795 | [DECK] ACTION: No trade.
2026-10-06 19:10:57,826 | [DELL] choppy/sideways (ADX 24.8) -> mean-reversion strategy | Signal: HOLD | Shares held: 0.0 | Last price: $576.40
2026-10-06 19:10:57,826 | [DELL] ACTION: No trade.
2026-10-06 19:10:57,861 | [DG] trending (ADX 28.3) -> trend-following strategy | Signal: HOLD | Shares held: 0.0 | Last price: $123.72
2026-10-06 19:10:57,861 | [DG] ACTION: No trade.
2026-10-06 19:10:57,893 | [DGX] trending (ADX 36.6) -> trend-following strategy | Signal: HOLD | Shares held: 0.0 | Last price: $227.51
2026-10-06 19:10:57,893 | [DGX] ACTION: No trade.
2026-10-06 19:10:57,924 | [DHI] trending (ADX 29.3) -> trend-following strategy | Signal: HOLD | Shares held: 0.0 | Last price: $137.34
2026-10-06 19:10:57,924 | [DHI] ACTION: No trade.
2026-10-06 19:10:57,955 | [DHR] choppy/sideways (ADX 11.8) -> mean-reversion strategy | Signal: HOLD | Shares held: 0.0 | Last price: $216.71
2026-10-06 19:10:57,955 | [DHR] ACTION: No trade.
2026-10-06 19:10:57,987 | [DIS] choppy/sideways (ADX 22.0) -> mean-reversion strategy | Signal: HOLD | Shares held: 0.0 | Last price: $104.07
2026-10-06 19:10:57,987 | [DIS] ACTION: No trade.
2026-10-06 19:10:58,020 | [DLR] trending (ADX 43.4) -> trend-following strategy | Signal: HOLD | Shares held: 0.0 | Last price: $184.44
2026-10-06 19:10:58,020 | [DLR] ACTION: No trade.
2026-10-06 19:10:58,052 | [DLTR] trending (ADX 31.1) -> trend-following strategy | Signal: HOLD | Shares held: 0.0 | Last price: $116.58
2026-10-06 19:10:58,052 | [DLTR] ACTION: No trade.
2026-10-06 19:10:58,130 | [DOC] trending (ADX 31.0) -> trend-following strategy | Signal: HOLD | Shares held: 0.0 | Last price: $18.86
2026-10-06 19:10:58,131 | [DOC] ACTION: No trade.
2026-10-06 19:10:58,163 | [DOV] trending (ADX 25.0) -> trend-following strategy | Signal: HOLD | Shares held: 0.0 | Last price: $192.34
2026-10-06 19:10:58,163 | [DOV] ACTION: No trade.
2026-10-06 19:10:58,195 | [DOW] choppy/sideways (ADX 14.4) -> mean-reversion strategy | Signal: HOLD | Shares held: 0.0 | Last price: $28.16
2026-10-06 19:10:58,195 | [DOW] ACTION: No trade.
2026-10-06 19:10:58,227 | [DPZ] choppy/sideways (ADX 19.8) -> mean-reversion strategy | Signal: HOLD | Shares held: 0.0 | Last price: $301.62
2026-10-06 19:10:58,227 | [DPZ] ACTION: No trade.
2026-10-06 19:10:58,259 | [DRI] trending (ADX 32.9) -> trend-following strategy | Signal: HOLD | Shares held: 0.0 | Last price: $202.53
2026-10-06 19:10:58,259 | [DRI] ACTION: No trade.
2026-10-06 19:10:58,291 | [DTE] trending (ADX 32.3) -> trend-following strategy | Signal: HOLD | Shares held: 0.0 | Last price: $127.02
2026-10-06 19:10:58,292 | [DTE] ACTION: No trade.
2026-10-06 19:10:58,323 | [DUK] choppy/sideways (ADX 19.5) -> mean-reversion strategy | Signal: HOLD | Shares held: 0.0 | Last price: $114.82
2026-10-06 19:10:58,323 | [DUK] ACTION: No trade.
2026-10-06 19:10:58,355 | [DVN] choppy/sideways (ADX 22.1) -> mean-reversion strategy | Signal: HOLD | Shares held: 0.0 | Last price: $48.09
2026-10-06 19:10:58,355 | [DVN] ACTION: No trade.
2026-10-06 19:10:58,387 | [DXCM] trending (ADX 49.9) -> trend-following strategy | Signal: HOLD | Shares held: 0.0 | Last price: $83.58
2026-10-06 19:10:58,387 | [DXCM] ACTION: No trade.
2026-10-06 19:10:58,419 | [EBAY] choppy/sideways (ADX 16.1) -> mean-reversion strategy | Signal: HOLD | Shares held: 0.0 | Last price: $106.47
2026-10-06 19:10:58,419 | [EBAY] ACTION: No trade.
2026-10-06 19:10:58,451 | [ECHO] choppy/sideways (ADX 22.5) -> mean-reversion strategy | Signal: HOLD | Shares held: 0.0 | Last price: $99.06
2026-10-06 19:10:58,451 | [ECHO] ACTION: No trade.
2026-10-06 19:10:58,483 | [ECL] choppy/sideways (ADX 17.1) -> mean-reversion strategy | Signal: HOLD | Shares held: 0.0 | Last price: $280.14
2026-10-06 19:10:58,483 | [ECL] ACTION: No trade.
2026-10-06 19:10:58,515 | [ED] trending (ADX 29.8) -> trend-following strategy | Signal: HOLD | Shares held: 0.0 | Last price: $104.61
2026-10-06 19:10:58,516 | [ED] ACTION: No trade.
2026-10-06 19:10:58,548 | [EFX] choppy/sideways (ADX 16.0) -> mean-reversion strategy | Signal: HOLD | Shares held: 0.0 | Last price: $143.19
2026-10-06 19:10:58,548 | [EFX] ACTION: No trade.
2026-10-06 19:10:58,580 | [EG] choppy/sideways (ADX 15.7) -> mean-reversion strategy | Signal: HOLD | Shares held: 0.0 | Last price: $367.61
2026-10-06 19:10:58,580 | [EG] ACTION: No trade.
2026-10-06 19:10:58,612 | [EIX] choppy/sideways (ADX 23.4) -> mean-reversion strategy | Signal: HOLD | Shares held: 0.0 | Last price: $53.99
2026-10-06 19:10:58,612 | [EIX] ACTION: No trade.
2026-10-06 19:10:58,646 | [EL] choppy/sideways (ADX 17.6) -> mean-reversion strategy | Signal: HOLD | Shares held: 0.0 | Last price: $93.65
2026-10-06 19:10:58,646 | [EL] ACTION: No trade.
2026-10-06 19:10:58,679 | [ELV] trending (ADX 54.5) -> trend-following strategy | Signal: HOLD | Shares held: 0.0 | Last price: $400.14
2026-10-06 19:10:58,679 | [ELV] ACTION: No trade.
2026-10-06 19:10:58,711 | [EME] trending (ADX 43.1) -> trend-following strategy | Signal: HOLD | Shares held: 0.0 | Last price: $828.26
2026-10-06 19:10:58,711 | [EME] ACTION: No trade.
2026-10-06 19:10:58,745 | [EMR] choppy/sideways (ADX 18.0) -> mean-reversion strategy | Signal: HOLD | Shares held: 0.0 | Last price: $162.82
2026-10-06 19:10:58,745 | [EMR] ACTION: No trade.
2026-10-06 19:10:58,777 | [EOG] choppy/sideways (ADX 13.7) -> mean-reversion strategy | Signal: HOLD | Shares held: 0.0 | Last price: $144.61
2026-10-06 19:10:58,777 | [EOG] ACTION: No trade.
2026-10-06 19:10:58,808 | [EQIX] trending (ADX 34.3) -> trend-following strategy | Signal: HOLD | Shares held: 0.0 | Last price: $1050.51
2026-10-06 19:10:58,808 | [EQIX] ACTION: No trade.
2026-10-06 19:10:58,839 | [EQT] trending (ADX 37.5) -> trend-following strategy | Signal: HOLD | Shares held: 0.0 | Last price: $52.28
2026-10-06 19:10:58,839 | [EQT] ACTION: No trade.
2026-10-06 19:10:58,872 | [ES] choppy/sideways (ADX 10.1) -> mean-reversion strategy | Signal: HOLD | Shares held: 0.0 | Last price: $64.86
2026-10-06 19:10:58,872 | [ES] ACTION: No trade.
2026-10-06 19:10:58,904 | [ESS] choppy/sideways (ADX 24.9) -> mean-reversion strategy | Signal: HOLD | Shares held: 0.0 | Last price: $274.34
2026-10-06 19:10:58,904 | [ESS] ACTION: No trade.
2026-10-06 19:10:58,935 | [ETN] choppy/sideways (ADX 14.6) -> mean-reversion strategy | Signal: HOLD | Shares held: 0.0 | Last price: $444.56
2026-10-06 19:10:58,936 | [ETN] ACTION: No trade.
2026-10-06 19:10:58,967 | [ETR] trending (ADX 37.9) -> trend-following strategy | Signal: HOLD | Shares held: 0.0 | Last price: $102.70
2026-10-06 19:10:58,967 | [ETR] ACTION: No trade.
2026-10-06 19:10:58,999 | [EVRG] trending (ADX 26.1) -> trend-following strategy | Signal: HOLD | Shares held: 0.0 | Last price: $80.06
2026-10-06 19:10:58,999 | [EVRG] ACTION: No trade.
2026-10-06 19:10:59,030 | [EW] choppy/sideways (ADX 22.2) -> mean-reversion strategy | Signal: HOLD | Shares held: 0.0 | Last price: $86.39
2026-10-06 19:10:59,030 | [EW] ACTION: No trade.
2026-10-06 19:10:59,062 | [EXC] trending (ADX 30.6) -> trend-following strategy | Signal: HOLD | Shares held: 0.0 | Last price: $41.35
2026-10-06 19:10:59,062 | [EXC] ACTION: No trade.
2026-10-06 19:10:59,094 | [EXE] trending (ADX 26.7) -> trend-following strategy | Signal: HOLD | Shares held: 0.0 | Last price: $88.17
2026-10-06 19:10:59,095 | [EXE] ACTION: No trade.
2026-10-06 19:10:59,128 | [EXPD] choppy/sideways (ADX 17.4) -> mean-reversion strategy | Signal: HOLD | Shares held: 0.0 | Last price: $191.97
2026-10-06 19:10:59,128 | [EXPD] ACTION: No trade.
2026-10-06 19:10:59,160 | [EXPE] trending (ADX 29.8) -> trend-following strategy | Signal: HOLD | Shares held: 0.0 | Last price: $257.30
2026-10-06 19:10:59,160 | [EXPE] ACTION: No trade.
2026-10-06 19:10:59,193 | [EXR] choppy/sideways (ADX 24.9) -> mean-reversion strategy | Signal: HOLD | Shares held: 0.0 | Last price: $134.69
2026-10-06 19:10:59,193 | [EXR] ACTION: No trade.
2026-10-06 19:10:59,225 | [F] choppy/sideways (ADX 20.5) -> mean-reversion strategy | Signal: HOLD | Shares held: 0.0 | Last price: $12.21
2026-10-06 19:10:59,226 | [F] ACTION: No trade.
2026-10-06 19:10:59,258 | [FANG] choppy/sideways (ADX 13.9) -> mean-reversion strategy | Signal: HOLD | Shares held: 0.0 | Last price: $185.05
2026-10-06 19:10:59,258 | [FANG] ACTION: No trade.
2026-10-06 19:10:59,290 | [FAST] choppy/sideways (ADX 14.2) -> mean-reversion strategy | Signal: HOLD | Shares held: 0.0 | Last price: $51.10
2026-10-06 19:10:59,290 | [FAST] ACTION: No trade.
2026-10-06 19:10:59,321 | [FCX] choppy/sideways (ADX 19.1) -> mean-reversion strategy | Signal: HOLD | Shares held: 0.0 | Last price: $73.08
2026-10-06 19:10:59,321 | [FCX] ACTION: No trade.
2026-10-06 19:10:59,353 | [FDS] trending (ADX 32.0) -> trend-following strategy | Signal: HOLD | Shares held: 0.0 | Last price: $272.60
2026-10-06 19:10:59,353 | [FDS] ACTION: No trade.
2026-10-06 19:10:59,384 | [FDX] choppy/sideways (ADX 10.6) -> mean-reversion strategy | Signal: HOLD | Shares held: 0.0 | Last price: $288.15
2026-10-06 19:10:59,384 | [FDX] ACTION: No trade.
2026-10-06 19:10:59,416 | [FDXF] choppy/sideways (ADX 20.9) -> mean-reversion strategy | Signal: HOLD | Shares held: 0.0 | Last price: $109.67
2026-10-06 19:10:59,416 | [FDXF] ACTION: No trade.
2026-10-06 19:10:59,447 | [FE] trending (ADX 30.8) -> trend-following strategy | Signal: HOLD | Shares held: 0.0 | Last price: $44.09
2026-10-06 19:10:59,447 | [FE] ACTION: No trade.
2026-10-06 19:10:59,479 | [FERG] choppy/sideways (ADX 11.2) -> mean-reversion strategy | Signal: HOLD | Shares held: 0.0 | Last price: $225.09
2026-10-06 19:10:59,479 | [FERG] ACTION: No trade.
2026-10-06 19:10:59,510 | [FFIV] choppy/sideways (ADX 15.2) -> mean-reversion strategy | Signal: HOLD | Shares held: 0.0 | Last price: $467.98
2026-10-06 19:10:59,510 | [FFIV] ACTION: No trade.
2026-10-06 19:10:59,542 | [FICO] choppy/sideways (ADX 16.3) -> mean-reversion strategy | Signal: HOLD | Shares held: 0.0 | Last price: $693.64
2026-10-06 19:10:59,542 | [FICO] ACTION: No trade.
2026-10-06 19:10:59,574 | [FIS] trending (ADX 29.3) -> trend-following strategy | Signal: BUY | Shares held: 0.0 | Last price: $33.66
2026-10-06 19:10:59,574 | [FIS] ACTION: No trade (within 90 min of close -- not enough runway left today for a new position).
2026-10-06 19:10:59,606 | [FISV] trending (ADX 27.2) -> trend-following strategy | Signal: HOLD | Shares held: 0.0 | Last price: $45.62
2026-10-06 19:10:59,606 | [FISV] ACTION: No trade.
2026-10-06 19:10:59,637 | [FITB] choppy/sideways (ADX 23.2) -> mean-reversion strategy | Signal: HOLD | Shares held: 0.0 | Last price: $50.73
2026-10-06 19:10:59,637 | [FITB] ACTION: No trade.
2026-10-06 19:10:59,669 | [FIX] trending (ADX 39.3) -> trend-following strategy | Signal: HOLD | Shares held: 0.0 | Last price: $1819.61
2026-10-06 19:10:59,670 | [FIX] ACTION: No trade.
2026-10-06 19:10:59,701 | [FLEX] choppy/sideways (ADX 20.7) -> mean-reversion strategy | Signal: SELL | Shares held: 0.0 | Last price: $120.94
2026-10-06 19:10:59,701 | [FLEX] ACTION: No trade.
2026-10-06 19:10:59,733 | [FOXA] trending (ADX 26.0) -> trend-following strategy | Signal: HOLD | Shares held: 0.0 | Last price: $61.76
2026-10-06 19:10:59,733 | [FOXA] ACTION: No trade.
2026-10-06 19:10:59,764 | [FRT] choppy/sideways (ADX 23.7) -> mean-reversion strategy | Signal: HOLD | Shares held: 0.0 | Last price: $106.03
2026-10-06 19:10:59,765 | [FRT] ACTION: No trade.
2026-10-06 19:10:59,796 | [FSLR] trending (ADX 35.6) -> trend-following strategy | Signal: HOLD | Shares held: 0.0 | Last price: $179.22
2026-10-06 19:10:59,796 | [FSLR] ACTION: No trade.
2026-10-06 19:10:59,828 | [FTNT] trending (ADX 40.8) -> trend-following strategy | Signal: HOLD | Shares held: 0.0 | Last price: $189.57
2026-10-06 19:10:59,828 | [FTNT] ACTION: No trade.
2026-10-06 19:10:59,862 | [FTV] choppy/sideways (ADX 15.3) -> mean-reversion strategy | Signal: HOLD | Shares held: 0.0 | Last price: $58.00
2026-10-06 19:10:59,862 | [FTV] ACTION: No trade.
2026-10-06 19:10:59,894 | [GD] choppy/sideways (ADX 14.2) -> mean-reversion strategy | Signal: HOLD | Shares held: 0.0 | Last price: $330.94
2026-10-06 19:10:59,895 | [GD] ACTION: No trade.
2026-10-06 19:10:59,926 | [GDDY] trending (ADX 25.3) -> trend-following strategy | Signal: HOLD | Shares held: 0.0 | Last price: $97.56
2026-10-06 19:10:59,926 | [GDDY] ACTION: No trade.
2026-10-06 19:10:59,959 | [GE] choppy/sideways (ADX 14.9) -> mean-reversion strategy | Signal: HOLD | Shares held: 0.0 | Last price: $307.56
2026-10-06 19:10:59,959 | [GE] ACTION: No trade.
2026-10-06 19:10:59,994 | [GEHC] choppy/sideways (ADX 18.5) -> mean-reversion strategy | Signal: HOLD | Shares held: 0.0 | Last price: $64.78
2026-10-06 19:10:59,994 | [GEHC] ACTION: No trade.
2026-10-06 19:11:00,039 | [GEN] choppy/sideways (ADX 23.2) -> mean-reversion strategy | Signal: HOLD | Shares held: 0.0 | Last price: $22.61
2026-10-06 19:11:00,039 | [GEN] ACTION: No trade.
2026-10-06 19:11:00,071 | [GEV] trending (ADX 30.5) -> trend-following strategy | Signal: HOLD | Shares held: 0.0 | Last price: $1029.15
2026-10-06 19:11:00,071 | [GEV] ACTION: No trade.
2026-10-06 19:11:00,102 | [GILD] choppy/sideways (ADX 12.6) -> mean-reversion strategy | Signal: HOLD | Shares held: 0.0 | Last price: $143.79
2026-10-06 19:11:00,102 | [GILD] ACTION: No trade.
2026-10-06 19:11:00,135 | [GIS] choppy/sideways (ADX 16.3) -> mean-reversion strategy | Signal: HOLD | Shares held: 0.0 | Last price: $32.16
2026-10-06 19:11:00,135 | [GIS] ACTION: No trade.
2026-10-06 19:11:00,168 | [GLW] trending (ADX 37.8) -> trend-following strategy | Signal: HOLD | Shares held: 0.0 | Last price: $168.18
2026-10-06 19:11:00,168 | [GLW] ACTION: No trade.
2026-10-06 19:11:00,200 | [GM] trending (ADX 33.6) -> trend-following strategy | Signal: HOLD | Shares held: 0.0 | Last price: $81.90
2026-10-06 19:11:00,200 | [GM] ACTION: No trade.
2026-10-06 19:11:00,232 | [GNRC] trending (ADX 37.6) -> trend-following strategy | Signal: HOLD | Shares held: 0.0 | Last price: $225.54
2026-10-06 19:11:00,232 | [GNRC] ACTION: No trade.
2026-10-06 19:11:00,264 | [GOOG] trending (ADX 32.6) -> trend-following strategy | Signal: HOLD | Shares held: 0.0 | Last price: $344.97
2026-10-06 19:11:00,264 | [GOOG] ACTION: No trade.
2026-10-06 19:11:00,296 | [GOOGL] trending (ADX 31.1) -> trend-following strategy | Signal: HOLD | Shares held: 0.0 | Last price: $348.35
2026-10-06 19:11:00,296 | [GOOGL] ACTION: No trade.
2026-10-06 19:11:00,327 | [GPC] choppy/sideways (ADX 22.1) -> mean-reversion strategy | Signal: HOLD | Shares held: 0.0 | Last price: $128.06
2026-10-06 19:11:00,328 | [GPC] ACTION: No trade.
2026-10-06 19:11:00,359 | [GPN] trending (ADX 28.5) -> trend-following strategy | Signal: HOLD | Shares held: 0.0 | Last price: $81.67
2026-10-06 19:11:00,359 | [GPN] ACTION: No trade.
2026-10-06 19:11:00,391 | [GRMN] trending (ADX 44.9) -> trend-following strategy | Signal: HOLD | Shares held: 0.0 | Last price: $279.93
2026-10-06 19:11:00,391 | [GRMN] ACTION: No trade.
2026-10-06 19:11:00,422 | [GS] choppy/sideways (ADX 12.7) -> mean-reversion strategy | Signal: HOLD | Shares held: 0.0 | Last price: $898.26
2026-10-06 19:11:00,422 | [GS] ACTION: No trade.
2026-10-06 19:11:00,454 | [GWW] trending (ADX 36.0) -> trend-following strategy | Signal: HOLD | Shares held: 0.0 | Last price: $1278.58
2026-10-06 19:11:00,454 | [GWW] ACTION: No trade.
2026-10-06 19:11:00,485 | [HAL] choppy/sideways (ADX 17.2) -> mean-reversion strategy | Signal: HOLD | Shares held: 0.0 | Last price: $32.55
2026-10-06 19:11:00,485 | [HAL] ACTION: No trade.
2026-10-06 19:11:00,517 | [HAS] choppy/sideways (ADX 23.0) -> mean-reversion strategy | Signal: HOLD | Shares held: 0.0 | Last price: $91.08
2026-10-06 19:11:00,517 | [HAS] ACTION: No trade.
2026-10-06 19:11:00,548 | [HBAN] choppy/sideways (ADX 19.2) -> mean-reversion strategy | Signal: HOLD | Shares held: 0.0 | Last price: $15.28
2026-10-06 19:11:00,548 | [HBAN] ACTION: No trade.
2026-10-06 19:11:00,579 | [HCA] choppy/sideways (ADX 17.6) -> mean-reversion strategy | Signal: HOLD | Shares held: 0.0 | Last price: $435.34
2026-10-06 19:11:00,579 | [HCA] ACTION: No trade.
2026-10-06 19:11:00,611 | [HD] trending (ADX 25.6) -> trend-following strategy | Signal: HOLD | Shares held: 0.0 | Last price: $285.77
2026-10-06 19:11:00,611 | [HD] ACTION: No trade.
2026-10-06 19:11:00,643 | [HIG] choppy/sideways (ADX 19.4) -> mean-reversion strategy | Signal: HOLD | Shares held: 0.0 | Last price: $126.72
2026-10-06 19:11:00,643 | [HIG] ACTION: No trade.
2026-10-06 19:11:00,675 | [HII] choppy/sideways (ADX 10.9) -> mean-reversion strategy | Signal: HOLD | Shares held: 0.0 | Last price: $263.72
2026-10-06 19:11:00,675 | [HII] ACTION: No trade.
2026-10-06 19:11:00,707 | [HLT] choppy/sideways (ADX 18.1) -> mean-reversion strategy | Signal: HOLD | Shares held: 0.0 | Last price: $322.19
2026-10-06 19:11:00,707 | [HLT] ACTION: No trade.
2026-10-06 19:11:00,738 | [HON] choppy/sideways (ADX 10.3) -> mean-reversion strategy | Signal: HOLD | Shares held: 0.0 | Last price: $212.20
2026-10-06 19:11:00,739 | [HON] ACTION: No trade.
2026-10-06 19:11:00,770 | [HONA] choppy/sideways (ADX 13.4) -> mean-reversion strategy | Signal: HOLD | Shares held: 0.0 | Last price: $157.24
2026-10-06 19:11:00,770 | [HONA] ACTION: No trade.
2026-10-06 19:11:00,801 | [HOOD] choppy/sideways (ADX 20.5) -> mean-reversion strategy | Signal: HOLD | Shares held: 0.0 | Last price: $111.95
2026-10-06 19:11:00,801 | [HOOD] ACTION: No trade.
2026-10-06 19:11:00,836 | [HPE] trending (ADX 29.1) -> trend-following strategy | Signal: HOLD | Shares held: 0.0 | Last price: $70.87
2026-10-06 19:11:00,836 | [HPE] ACTION: No trade.
2026-10-06 19:11:00,868 | [HPQ] choppy/sideways (ADX 22.2) -> mean-reversion strategy | Signal: HOLD | Shares held: 0.0 | Last price: $31.95
2026-10-06 19:11:00,868 | [HPQ] ACTION: No trade.
2026-10-06 19:11:00,899 | [HSIC] choppy/sideways (ADX 17.2) -> mean-reversion strategy | Signal: HOLD | Shares held: 0.0 | Last price: $84.68
2026-10-06 19:11:00,899 | [HSIC] ACTION: No trade.
2026-10-06 19:11:00,930 | [HST] choppy/sideways (ADX 23.0) -> mean-reversion strategy | Signal: HOLD | Shares held: 0.0 | Last price: $22.59
2026-10-06 19:11:00,930 | [HST] ACTION: No trade.
2026-10-06 19:11:00,961 | [HSY] choppy/sideways (ADX 23.7) -> mean-reversion strategy | Signal: HOLD | Shares held: 0.0 | Last price: $160.68
2026-10-06 19:11:00,961 | [HSY] ACTION: No trade.
2026-10-06 19:11:00,993 | [HUBB] trending (ADX 30.5) -> trend-following strategy | Signal: HOLD | Shares held: 0.0 | Last price: $486.75
2026-10-06 19:11:00,993 | [HUBB] ACTION: No trade.
2026-10-06 19:11:01,024 | [HUM] trending (ADX 27.2) -> trend-following strategy | Signal: HOLD | Shares held: 0.0 | Last price: $404.82
2026-10-06 19:11:01,024 | [HUM] ACTION: No trade.
2026-10-06 19:11:01,056 | [HWM] choppy/sideways (ADX 14.6) -> mean-reversion strategy | Signal: HOLD | Shares held: 0.0 | Last price: $229.70
2026-10-06 19:11:01,056 | [HWM] ACTION: No trade.
2026-10-06 19:11:01,087 | [IBKR] trending (ADX 41.0) -> trend-following strategy | Signal: HOLD | Shares held: 0.0 | Last price: $91.32
2026-10-06 19:11:01,087 | [IBKR] ACTION: No trade.
2026-10-06 19:11:01,118 | [IBM] choppy/sideways (ADX 13.2) -> mean-reversion strategy | Signal: HOLD | Shares held: 0.0 | Last price: $222.05
2026-10-06 19:11:01,119 | [IBM] ACTION: No trade.
2026-10-06 19:11:01,149 | [ICE] trending (ADX 28.3) -> trend-following strategy | Signal: HOLD | Shares held: 0.0 | Last price: $153.73
2026-10-06 19:11:01,150 | [ICE] ACTION: No trade.
2026-10-06 19:11:01,181 | [IDXX] choppy/sideways (ADX 18.5) -> mean-reversion strategy | Signal: HOLD | Shares held: 0.0 | Last price: $514.30
2026-10-06 19:11:01,181 | [IDXX] ACTION: No trade.
2026-10-06 19:11:01,213 | [IEX] choppy/sideways (ADX 16.4) -> mean-reversion strategy | Signal: HOLD | Shares held: 0.0 | Last price: $237.44
2026-10-06 19:11:01,213 | [IEX] ACTION: No trade.
2026-10-06 19:11:01,244 | [IFF] choppy/sideways (ADX 14.5) -> mean-reversion strategy | Signal: HOLD | Shares held: 0.0 | Last price: $83.83
2026-10-06 19:11:01,245 | [IFF] ACTION: No trade.
2026-10-06 19:11:01,276 | [ILMN] choppy/sideways (ADX 20.4) -> mean-reversion strategy | Signal: HOLD | Shares held: 0.0 | Last price: $275.59
2026-10-06 19:11:01,277 | [ILMN] ACTION: No trade.
2026-10-06 19:11:01,308 | [INCY] choppy/sideways (ADX 24.1) -> mean-reversion strategy | Signal: HOLD | Shares held: 0.0 | Last price: $113.69
2026-10-06 19:11:01,308 | [INCY] ACTION: No trade.
2026-10-06 19:11:01,339 | [INTC] choppy/sideways (ADX 18.5) -> mean-reversion strategy | Signal: HOLD | Shares held: 0.0 | Last price: $114.58
2026-10-06 19:11:01,339 | [INTC] ACTION: No trade.
2026-10-06 19:11:01,372 | [INTU] trending (ADX 25.7) -> trend-following strategy | Signal: HOLD | Shares held: 0.0 | Last price: $289.37
2026-10-06 19:11:01,372 | [INTU] ACTION: No trade.
2026-10-06 19:11:01,404 | [INVH] choppy/sideways (ADX 25.0) -> mean-reversion strategy | Signal: HOLD | Shares held: 0.0 | Last price: $26.52
2026-10-06 19:11:01,404 | [INVH] ACTION: No trade.
2026-10-06 19:11:01,435 | [IP] choppy/sideways (ADX 17.1) -> mean-reversion strategy | Signal: HOLD | Shares held: 0.0 | Last price: $32.08
2026-10-06 19:11:01,435 | [IP] ACTION: No trade.
2026-10-06 19:11:01,467 | [IQV] choppy/sideways (ADX 16.1) -> mean-reversion strategy | Signal: HOLD | Shares held: 0.0 | Last price: $262.53
2026-10-06 19:11:01,467 | [IQV] ACTION: No trade.
2026-10-06 19:11:01,499 | [IR] trending (ADX 28.1) -> trend-following strategy | Signal: HOLD | Shares held: 0.0 | Last price: $79.41
2026-10-06 19:11:01,500 | [IR] ACTION: No trade.
2026-10-06 19:11:01,532 | [IRM] trending (ADX 35.5) -> trend-following strategy | Signal: HOLD | Shares held: 0.0 | Last price: $116.88
2026-10-06 19:11:01,532 | [IRM] ACTION: No trade.
2026-10-06 19:11:01,564 | [ISRG] choppy/sideways (ADX 24.3) -> mean-reversion strategy | Signal: HOLD | Shares held: 0.0 | Last price: $405.45
2026-10-06 19:11:01,564 | [ISRG] ACTION: No trade.
2026-10-06 19:11:01,596 | [IT] choppy/sideways (ADX 17.0) -> mean-reversion strategy | Signal: HOLD | Shares held: 0.0 | Last price: $186.26
2026-10-06 19:11:01,596 | [IT] ACTION: No trade.
2026-10-06 19:11:01,627 | [ITW] choppy/sideways (ADX 19.1) -> mean-reversion strategy | Signal: HOLD | Shares held: 0.0 | Last price: $268.36
2026-10-06 19:11:01,628 | [ITW] ACTION: No trade.
2026-10-06 19:11:01,659 | [IVZ] choppy/sideways (ADX 18.9) -> mean-reversion strategy | Signal: HOLD | Shares held: 0.0 | Last price: $30.39
2026-10-06 19:11:01,660 | [IVZ] ACTION: No trade.
2026-10-06 19:11:01,691 | [J] choppy/sideways (ADX 17.5) -> mean-reversion strategy | Signal: HOLD | Shares held: 0.0 | Last price: $139.33
2026-10-06 19:11:01,691 | [J] ACTION: No trade.
2026-10-06 19:11:01,722 | [JBHT] choppy/sideways (ADX 16.3) -> mean-reversion strategy | Signal: HOLD | Shares held: 0.0 | Last price: $226.22
2026-10-06 19:11:01,723 | [JBHT] ACTION: No trade.
2026-10-06 19:11:01,754 | [JBL] choppy/sideways (ADX 11.1) -> mean-reversion strategy | Signal: HOLD | Shares held: 0.0 | Last price: $305.71
2026-10-06 19:11:01,754 | [JBL] ACTION: No trade.
2026-10-06 19:11:01,786 | [JCI] trending (ADX 34.7) -> trend-following strategy | Signal: HOLD | Shares held: 0.0 | Last price: $160.27
2026-10-06 19:11:01,786 | [JCI] ACTION: No trade.
2026-10-06 19:11:01,820 | [JKHY] choppy/sideways (ADX 9.3) -> mean-reversion strategy | Signal: HOLD | Shares held: 0.0 | Last price: $144.59
2026-10-06 19:11:01,820 | [JKHY] ACTION: No trade.
2026-10-06 19:11:01,852 | [JNJ] choppy/sideways (ADX 22.4) -> mean-reversion strategy | Signal: HOLD | Shares held: 0.0 | Last price: $255.35
2026-10-06 19:11:01,852 | [JNJ] ACTION: No trade.
2026-10-06 19:11:01,883 | [JPM] choppy/sideways (ADX 19.8) -> mean-reversion strategy | Signal: HOLD | Shares held: 0.0 | Last price: $331.50
2026-10-06 19:11:01,883 | [JPM] ACTION: No trade.
2026-10-06 19:11:01,914 | [KDP] choppy/sideways (ADX 24.9) -> mean-reversion strategy | Signal: HOLD | Shares held: 0.0 | Last price: $31.20
2026-10-06 19:11:01,914 | [KDP] ACTION: No trade.
2026-10-06 19:11:01,946 | [KEY] trending (ADX 25.7) -> trend-following strategy | Signal: HOLD | Shares held: 0.0 | Last price: $20.08
2026-10-06 19:11:01,946 | [KEY] ACTION: No trade.
2026-10-06 19:11:01,979 | [KEYS] choppy/sideways (ADX 11.4) -> mean-reversion strategy | Signal: HOLD | Shares held: 0.0 | Last price: $386.67
2026-10-06 19:11:01,979 | [KEYS] ACTION: No trade.
2026-10-06 19:11:02,010 | [KHC] choppy/sideways (ADX 22.7) -> mean-reversion strategy | Signal: HOLD | Shares held: 0.0 | Last price: $22.00
2026-10-06 19:11:02,010 | [KHC] ACTION: No trade.
2026-10-06 19:11:02,042 | [KIM] trending (ADX 27.7) -> trend-following strategy | Signal: HOLD | Shares held: 0.0 | Last price: $22.07
2026-10-06 19:11:02,042 | [KIM] ACTION: No trade.
2026-10-06 19:11:02,074 | [KKR] choppy/sideways (ADX 14.5) -> mean-reversion strategy | Signal: HOLD | Shares held: 0.0 | Last price: $91.19
2026-10-06 19:11:02,074 | [KKR] ACTION: No trade.
2026-10-06 19:11:02,105 | [KLAC] trending (ADX 27.1) -> trend-following strategy | Signal: HOLD | Shares held: 0.0 | Last price: $197.98
2026-10-06 19:11:02,105 | [KLAC] ACTION: No trade.
2026-10-06 19:11:02,136 | [KMB] trending (ADX 27.0) -> trend-following strategy | Signal: HOLD | Shares held: 0.0 | Last price: $96.36
2026-10-06 19:11:02,136 | [KMB] ACTION: No trade.
2026-10-06 19:11:02,167 | [KMI] trending (ADX 35.7) -> trend-following strategy | Signal: HOLD | Shares held: 0.0 | Last price: $32.20
2026-10-06 19:11:02,167 | [KMI] ACTION: No trade.
2026-10-06 19:11:02,198 | [KO] choppy/sideways (ADX 23.6) -> mean-reversion strategy | Signal: HOLD | Shares held: 0.0 | Last price: $86.80
2026-10-06 19:11:02,198 | [KO] ACTION: No trade.
2026-10-06 19:11:02,229 | [KR] trending (ADX 29.0) -> trend-following strategy | Signal: HOLD | Shares held: 0.0 | Last price: $58.42
2026-10-06 19:11:02,229 | [KR] ACTION: No trade.
2026-10-06 19:11:02,261 | [KVUE] trending (ADX 28.7) -> trend-following strategy | Signal: HOLD | Shares held: 0.0 | Last price: $17.52
2026-10-06 19:11:02,261 | [KVUE] ACTION: No trade.
2026-10-06 19:11:02,291 | [L] choppy/sideways (ADX 20.8) -> mean-reversion strategy | Signal: HOLD | Shares held: 0.0 | Last price: $106.45
2026-10-06 19:11:02,292 | [L] ACTION: No trade.
2026-10-06 19:11:02,323 | [LDOS] choppy/sideways (ADX 22.8) -> mean-reversion strategy | Signal: HOLD | Shares held: 0.0 | Last price: $116.22
2026-10-06 19:11:02,323 | [LDOS] ACTION: No trade.
2026-10-06 19:11:02,355 | [LEN] trending (ADX 36.0) -> trend-following strategy | Signal: HOLD | Shares held: 0.0 | Last price: $77.53
2026-10-06 19:11:02,355 | [LEN] ACTION: No trade.
2026-10-06 19:11:02,440 | [LH] choppy/sideways (ADX 11.2) -> mean-reversion strategy | Signal: HOLD | Shares held: 0.0 | Last price: $309.06
2026-10-06 19:11:02,440 | [LH] ACTION: No trade.
2026-10-06 19:11:02,472 | [LHX] choppy/sideways (ADX 14.3) -> mean-reversion strategy | Signal: HOLD | Shares held: 0.0 | Last price: $237.49
2026-10-06 19:11:02,472 | [LHX] ACTION: No trade.
2026-10-06 19:11:02,504 | [LII] choppy/sideways (ADX 22.6) -> mean-reversion strategy | Signal: HOLD | Shares held: 0.0 | Last price: $365.13
2026-10-06 19:11:02,504 | [LII] ACTION: No trade.
2026-10-06 19:11:02,536 | [LIN] trending (ADX 35.7) -> trend-following strategy | Signal: HOLD | Shares held: 0.0 | Last price: $491.03
2026-10-06 19:11:02,536 | [LIN] ACTION: No trade.
2026-10-06 19:11:02,567 | [LITE] trending (ADX 40.0) -> trend-following strategy | Signal: HOLD | Shares held: 0.0 | Last price: $1129.36
2026-10-06 19:11:02,568 | [LITE] ACTION: No trade.
2026-10-06 19:11:02,599 | [LLY] choppy/sideways (ADX 11.9) -> mean-reversion strategy | Signal: HOLD | Shares held: 0.0 | Last price: $1158.84
2026-10-06 19:11:02,599 | [LLY] ACTION: No trade.
2026-10-06 19:11:02,631 | [LMT] choppy/sideways (ADX 18.7) -> mean-reversion strategy | Signal: HOLD | Shares held: 0.0 | Last price: $507.63
2026-10-06 19:11:02,631 | [LMT] ACTION: No trade.
2026-10-06 19:11:02,663 | [LNT] trending (ADX 28.9) -> trend-following strategy | Signal: HOLD | Shares held: 0.0 | Last price: $65.09
2026-10-06 19:11:02,663 | [LNT] ACTION: No trade.
2026-10-06 19:11:02,694 | [LOW] trending (ADX 29.4) -> trend-following strategy | Signal: HOLD | Shares held: 0.0 | Last price: $182.79
2026-10-06 19:11:02,694 | [LOW] ACTION: No trade.
2026-10-06 19:11:02,725 | [LRCX] trending (ADX 41.2) -> trend-following strategy | Signal: HOLD | Shares held: 0.0 | Last price: $332.73
2026-10-06 19:11:02,725 | [LRCX] ACTION: No trade.
2026-10-06 19:11:02,757 | [LULU] trending (ADX 27.6) -> trend-following strategy | Signal: HOLD | Shares held: 0.0 | Last price: $94.02
2026-10-06 19:11:02,757 | [LULU] ACTION: No trade.
2026-10-06 19:11:02,788 | [LUV] choppy/sideways (ADX 18.9) -> mean-reversion strategy | Signal: HOLD | Shares held: 0.0 | Last price: $42.12
2026-10-06 19:11:02,789 | [LUV] ACTION: No trade.
2026-10-06 19:11:02,820 | [LVS] choppy/sideways (ADX 11.5) -> mean-reversion strategy | Signal: HOLD | Shares held: 0.0 | Last price: $36.38
2026-10-06 19:11:02,820 | [LVS] ACTION: No trade.
2026-10-06 19:11:02,851 | [LYB] choppy/sideways (ADX 10.2) -> mean-reversion strategy | Signal: HOLD | Shares held: 0.0 | Last price: $58.91
2026-10-06 19:11:02,852 | [LYB] ACTION: No trade.
2026-10-06 19:11:02,883 | [LYV] choppy/sideways (ADX 14.1) -> mean-reversion strategy | Signal: HOLD | Shares held: 0.0 | Last price: $172.15
2026-10-06 19:11:02,883 | [LYV] ACTION: No trade.
2026-10-06 19:11:02,914 | [MA] choppy/sideways (ADX 19.5) -> mean-reversion strategy | Signal: HOLD | Shares held: 0.0 | Last price: $565.59
2026-10-06 19:11:02,914 | [MA] ACTION: No trade.
2026-10-06 19:11:02,948 | [MAA] choppy/sideways (ADX 23.0) -> mean-reversion strategy | Signal: HOLD | Shares held: 0.0 | Last price: $117.70
2026-10-06 19:11:02,948 | [MAA] ACTION: No trade.
2026-10-06 19:11:02,980 | [MAR] choppy/sideways (ADX 19.5) -> mean-reversion strategy | Signal: HOLD | Shares held: 0.0 | Last price: $360.97
2026-10-06 19:11:02,980 | [MAR] ACTION: No trade.
2026-10-06 19:11:03,011 | [MAS] trending (ADX 25.4) -> trend-following strategy | Signal: HOLD | Shares held: 0.0 | Last price: $69.79
2026-10-06 19:11:03,011 | [MAS] ACTION: No trade.
2026-10-06 19:11:03,042 | [MCD] choppy/sideways (ADX 16.9) -> mean-reversion strategy | Signal: HOLD | Shares held: 0.0 | Last price: $232.38
2026-10-06 19:11:03,042 | [MCD] ACTION: No trade.
2026-10-06 19:11:03,073 | [MCHP] choppy/sideways (ADX 12.1) -> mean-reversion strategy | Signal: HOLD | Shares held: 0.0 | Last price: $81.42
2026-10-06 19:11:03,074 | [MCHP] ACTION: No trade.
2026-10-06 19:11:03,106 | [MCK] trending (ADX 29.5) -> trend-following strategy | Signal: HOLD | Shares held: 0.0 | Last price: $928.18
2026-10-06 19:11:03,106 | [MCK] ACTION: No trade.
2026-10-06 19:11:03,137 | [MCO] trending (ADX 26.2) -> trend-following strategy | Signal: HOLD | Shares held: 0.0 | Last price: $451.15
2026-10-06 19:11:03,137 | [MCO] ACTION: No trade.
2026-10-06 19:11:03,168 | [MDLZ] trending (ADX 26.6) -> trend-following strategy | Signal: HOLD | Shares held: 0.0 | Last price: $59.40
2026-10-06 19:11:03,168 | [MDLZ] ACTION: No trade.
2026-10-06 19:11:03,200 | [MDT] trending (ADX 33.3) -> trend-following strategy | Signal: HOLD | Shares held: 0.0 | Last price: $86.59
2026-10-06 19:11:03,200 | [MDT] ACTION: No trade.
2026-10-06 19:11:03,231 | [MET] choppy/sideways (ADX 23.2) -> mean-reversion strategy | Signal: HOLD | Shares held: 0.0 | Last price: $97.58
2026-10-06 19:11:03,231 | [MET] ACTION: No trade.
2026-10-06 19:11:03,263 | [META] choppy/sideways (ADX 22.5) -> mean-reversion strategy | Signal: HOLD | Shares held: 0.0 | Last price: $742.78
2026-10-06 19:11:03,263 | [META] ACTION: No trade.
2026-10-06 19:11:03,294 | [MGM] choppy/sideways (ADX 19.5) -> mean-reversion strategy | Signal: HOLD | Shares held: 0.0 | Last price: $30.62
2026-10-06 19:11:03,295 | [MGM] ACTION: No trade.
2026-10-06 19:11:03,326 | [MKC] trending (ADX 27.5) -> trend-following strategy | Signal: HOLD | Shares held: 0.0 | Last price: $45.60
2026-10-06 19:11:03,327 | [MKC] ACTION: No trade.
2026-10-06 19:11:03,359 | [MLM] trending (ADX 26.7) -> trend-following strategy | Signal: HOLD | Shares held: 0.0 | Last price: $491.64
2026-10-06 19:11:03,359 | [MLM] ACTION: No trade.
2026-10-06 19:11:03,391 | [MMM] choppy/sideways (ADX 13.6) -> mean-reversion strategy | Signal: HOLD | Shares held: 0.0 | Last price: $163.83
2026-10-06 19:11:03,391 | [MMM] ACTION: No trade.
2026-10-06 19:11:03,422 | [MNST] trending (ADX 38.0) -> trend-following strategy | Signal: HOLD | Shares held: 0.0 | Last price: $42.99
2026-10-06 19:11:03,422 | [MNST] ACTION: No trade.
2026-10-06 19:11:03,456 | [MO] choppy/sideways (ADX 22.7) -> mean-reversion strategy | Signal: HOLD | Shares held: 0.0 | Last price: $68.41
2026-10-06 19:11:03,456 | [MO] ACTION: No trade.
2026-10-06 19:11:03,488 | [MOS] trending (ADX 29.4) -> trend-following strategy | Signal: HOLD | Shares held: 0.0 | Last price: $21.09
2026-10-06 19:11:03,488 | [MOS] ACTION: No trade.
2026-10-06 19:11:03,519 | [MPC] choppy/sideways (ADX 19.5) -> mean-reversion strategy | Signal: HOLD | Shares held: 0.0 | Last price: $434.54
2026-10-06 19:11:03,519 | [MPC] ACTION: No trade.
2026-10-06 19:11:03,551 | [MPWR] choppy/sideways (ADX 24.4) -> mean-reversion strategy | Signal: HOLD | Shares held: 0.0 | Last price: $1476.71
2026-10-06 19:11:03,551 | [MPWR] ACTION: No trade.
2026-10-06 19:11:03,585 | [MRK] choppy/sideways (ADX 15.5) -> mean-reversion strategy | Signal: HOLD | Shares held: 0.0 | Last price: $141.56
2026-10-06 19:11:03,585 | [MRK] ACTION: No trade.
2026-10-06 19:11:03,616 | [MRNA] choppy/sideways (ADX 15.1) -> mean-reversion strategy | Signal: HOLD | Shares held: 0.0 | Last price: $190.56
2026-10-06 19:11:03,617 | [MRNA] ACTION: No trade.
2026-10-06 19:11:03,648 | [MRSH] choppy/sideways (ADX 10.8) -> mean-reversion strategy | Signal: HOLD | Shares held: 0.0 | Last price: $171.72
2026-10-06 19:11:03,649 | [MRSH] ACTION: No trade.
2026-10-06 19:11:03,680 | [MRVL] trending (ADX 31.5) -> trend-following strategy | Signal: HOLD | Shares held: 0.0 | Last price: $288.20
2026-10-06 19:11:03,680 | [MRVL] ACTION: No trade.
2026-10-06 19:11:03,711 | [MS] choppy/sideways (ADX 10.4) -> mean-reversion strategy | Signal: HOLD | Shares held: 0.0 | Last price: $191.50
2026-10-06 19:11:03,711 | [MS] ACTION: No trade.
2026-10-06 19:11:03,743 | [MSCI] trending (ADX 33.8) -> trend-following strategy | Signal: SELL | Shares held: 0.0 | Last price: $553.87
2026-10-06 19:11:03,743 | [MSCI] ACTION: No trade.
2026-10-06 19:11:03,773 | [MSFT] choppy/sideways (ADX 18.4) -> mean-reversion strategy | Signal: HOLD | Shares held: 0.0 | Last price: $530.70
2026-10-06 19:11:03,773 | [MSFT] ACTION: No trade.
2026-10-06 19:11:03,804 | [MSI] choppy/sideways (ADX 16.8) -> mean-reversion strategy | Signal: HOLD | Shares held: 0.0 | Last price: $456.06
2026-10-06 19:11:03,804 | [MSI] ACTION: No trade.
2026-10-06 19:11:03,836 | [MTB] trending (ADX 27.3) -> trend-following strategy | Signal: HOLD | Shares held: 0.0 | Last price: $218.52
2026-10-06 19:11:03,836 | [MTB] ACTION: No trade.
2026-10-06 19:11:03,867 | [MTD] trending (ADX 25.6) -> trend-following strategy | Signal: HOLD | Shares held: 0.0 | Last price: $1535.86
2026-10-06 19:11:03,868 | [MTD] ACTION: No trade.
2026-10-06 19:11:03,899 | [MU] trending (ADX 26.0) -> trend-following strategy | Signal: HOLD | Shares held: 0.0 | Last price: $1057.56
2026-10-06 19:11:03,900 | [MU] ACTION: No trade.
2026-10-06 19:11:03,932 | [NCLH] trending (ADX 28.3) -> trend-following strategy | Signal: HOLD | Shares held: 0.0 | Last price: $15.52
2026-10-06 19:11:03,932 | [NCLH] ACTION: No trade.
2026-10-06 19:11:03,965 | [NDAQ] trending (ADX 26.0) -> trend-following strategy | Signal: HOLD | Shares held: 0.0 | Last price: $92.34
2026-10-06 19:11:03,965 | [NDAQ] ACTION: No trade.
2026-10-06 19:11:03,997 | [NDSN] choppy/sideways (ADX 23.3) -> mean-reversion strategy | Signal: HOLD | Shares held: 0.0 | Last price: $335.74
2026-10-06 19:11:03,997 | [NDSN] ACTION: No trade.
2026-10-06 19:11:04,031 | [NEE] trending (ADX 33.3) -> trend-following strategy | Signal: HOLD | Shares held: 0.0 | Last price: $77.53
2026-10-06 19:11:04,031 | [NEE] ACTION: No trade.
2026-10-06 19:11:04,064 | [NEM] trending (ADX 25.7) -> trend-following strategy | Signal: HOLD | Shares held: 0.0 | Last price: $117.04
2026-10-06 19:11:04,065 | [NEM] ACTION: No trade.
2026-10-06 19:11:04,096 | [NFLX] trending (ADX 34.9) -> trend-following strategy | Signal: HOLD | Shares held: 0.0 | Last price: $68.27
2026-10-06 19:11:04,097 | [NFLX] ACTION: No trade.
2026-10-06 19:11:04,128 | [NI] trending (ADX 54.5) -> trend-following strategy | Signal: HOLD | Shares held: 0.0 | Last price: $40.41
2026-10-06 19:11:04,128 | [NI] ACTION: No trade.
2026-10-06 19:11:04,159 | [NKE] choppy/sideways (ADX 18.2) -> mean-reversion strategy | Signal: HOLD | Shares held: 0.0 | Last price: $34.41
2026-10-06 19:11:04,160 | [NKE] ACTION: No trade.
2026-10-06 19:11:04,191 | [NOC] choppy/sideways (ADX 20.5) -> mean-reversion strategy | Signal: HOLD | Shares held: 0.0 | Last price: $482.12
2026-10-06 19:11:04,192 | [NOC] ACTION: No trade.
2026-10-06 19:11:04,223 | [NOW] choppy/sideways (ADX 18.7) -> mean-reversion strategy | Signal: HOLD | Shares held: 0.0 | Last price: $136.61
2026-10-06 19:11:04,223 | [NOW] ACTION: No trade.
2026-10-06 19:11:04,255 | [NRG] Gap Pattern (Type A) continuation, gap held and extended | Signal: BUY | Shares held: 0.0 | Last price: $104.24
2026-10-06 19:11:04,255 | [NRG] ACTION: No trade (within 90 min of close -- not enough runway left today for a new position).
2026-10-06 19:11:04,288 | [NSC] choppy/sideways (ADX 17.1) -> mean-reversion strategy | Signal: HOLD | Shares held: 0.0 | Last price: $315.58
2026-10-06 19:11:04,288 | [NSC] ACTION: No trade.
2026-10-06 19:11:04,319 | [NTAP] trending (ADX 30.0) -> trend-following strategy | Signal: HOLD | Shares held: 0.0 | Last price: $229.76
2026-10-06 19:11:04,319 | [NTAP] ACTION: No trade.
2026-10-06 19:11:04,350 | [NTRS] choppy/sideways (ADX 21.8) -> mean-reversion strategy | Signal: HOLD | Shares held: 0.0 | Last price: $169.75
2026-10-06 19:11:04,350 | [NTRS] ACTION: No trade.
2026-10-06 19:11:04,384 | [NUE] trending (ADX 25.4) -> trend-following strategy | Signal: HOLD | Shares held: 0.0 | Last price: $252.00
2026-10-06 19:11:04,385 | [NUE] ACTION: No trade.
2026-10-06 19:11:04,420 | [NVDA] choppy/sideways (ADX 22.6) -> mean-reversion strategy | Signal: HOLD | Shares held: 0.0 | Last price: $240.44
2026-10-06 19:11:04,420 | [NVDA] ACTION: No trade.
2026-10-06 19:11:04,455 | [NVR] choppy/sideways (ADX 13.6) -> mean-reversion strategy | Signal: HOLD | Shares held: 0.0 | Last price: $6048.85
2026-10-06 19:11:04,455 | [NVR] ACTION: No trade.
2026-10-06 19:11:04,486 | [NWSA] trending (ADX 30.3) -> trend-following strategy | Signal: HOLD | Shares held: 0.0 | Last price: $28.33
2026-10-06 19:11:04,486 | [NWSA] ACTION: No trade.
2026-10-06 19:11:04,517 | [NXPI] trending (ADX 25.2) -> trend-following strategy | Signal: HOLD | Shares held: 0.0 | Last price: $244.42
2026-10-06 19:11:04,517 | [NXPI] ACTION: No trade.
2026-10-06 19:11:04,547 | [O] choppy/sideways (ADX 10.2) -> mean-reversion strategy | Signal: HOLD | Shares held: 0.0 | Last price: $54.09
2026-10-06 19:11:04,548 | [O] ACTION: No trade.
2026-10-06 19:11:04,578 | [ODFL] choppy/sideways (ADX 19.2) -> mean-reversion strategy | Signal: HOLD | Shares held: 0.0 | Last price: $178.64
2026-10-06 19:11:04,578 | [ODFL] ACTION: No trade.
2026-10-06 19:11:04,609 | [OKE] choppy/sideways (ADX 18.3) -> mean-reversion strategy | Signal: HOLD | Shares held: 0.0 | Last price: $89.89
2026-10-06 19:11:04,609 | [OKE] ACTION: No trade.
2026-10-06 19:11:04,640 | [OMC] choppy/sideways (ADX 16.9) -> mean-reversion strategy | Signal: HOLD | Shares held: 0.0 | Last price: $74.73
2026-10-06 19:11:04,641 | [OMC] ACTION: No trade.
2026-10-06 19:11:04,672 | [ON] trending (ADX 30.6) -> trend-following strategy | Signal: HOLD | Shares held: 0.0 | Last price: $86.50
2026-10-06 19:11:04,672 | [ON] ACTION: No trade.
2026-10-06 19:11:04,703 | [ORCL] trending (ADX 31.1) -> trend-following strategy | Signal: HOLD | Shares held: 0.0 | Last price: $145.87
2026-10-06 19:11:04,703 | [ORCL] ACTION: No trade.
2026-10-06 19:11:04,735 | [ORLY] choppy/sideways (ADX 18.4) -> mean-reversion strategy | Signal: HOLD | Shares held: 0.0 | Last price: $85.06
2026-10-06 19:11:04,735 | [ORLY] ACTION: No trade.
2026-10-06 19:11:04,766 | [OTIS] trending (ADX 27.0) -> trend-following strategy | Signal: HOLD | Shares held: 0.0 | Last price: $66.12
2026-10-06 19:11:04,766 | [OTIS] ACTION: No trade.
2026-10-06 19:11:04,798 | [OXY] choppy/sideways (ADX 12.4) -> mean-reversion strategy | Signal: HOLD | Shares held: 0.0 | Last price: $58.62
2026-10-06 19:11:04,798 | [OXY] ACTION: No trade.
2026-10-06 19:11:04,832 | [P] trending (ADX 40.3) -> trend-following strategy | Signal: HOLD | Shares held: 0.0 | Last price: $148.26
2026-10-06 19:11:04,832 | [P] ACTION: No trade.
2026-10-06 19:11:04,864 | [PANW] trending (ADX 27.6) -> trend-following strategy | Signal: HOLD | Shares held: 0.0 | Last price: $417.54
2026-10-06 19:11:04,864 | [PANW] ACTION: No trade.
2026-10-06 19:11:04,895 | [PAYX] choppy/sideways (ADX 21.8) -> mean-reversion strategy | Signal: HOLD | Shares held: 0.0 | Last price: $100.67
2026-10-06 19:11:04,895 | [PAYX] ACTION: No trade.
2026-10-06 19:11:04,926 | [PCAR] choppy/sideways (ADX 24.0) -> mean-reversion strategy | Signal: HOLD | Shares held: 0.0 | Last price: $109.06
2026-10-06 19:11:04,926 | [PCAR] ACTION: No trade.
2026-10-06 19:11:04,957 | [PCG] choppy/sideways (ADX 18.2) -> mean-reversion strategy | Signal: HOLD | Shares held: 0.0 | Last price: $12.46
2026-10-06 19:11:04,957 | [PCG] ACTION: No trade.
2026-10-06 19:11:04,989 | [PEG] trending (ADX 59.1) -> trend-following strategy | Signal: HOLD | Shares held: 0.0 | Last price: $71.34
2026-10-06 19:11:04,989 | [PEG] ACTION: No trade.
2026-10-06 19:11:05,020 | [PEP] trending (ADX 31.1) -> trend-following strategy | Signal: HOLD | Shares held: 0.0 | Last price: $125.77
2026-10-06 19:11:05,020 | [PEP] ACTION: No trade.
2026-10-06 19:11:05,051 | [PFE] choppy/sideways (ADX 15.4) -> mean-reversion strategy | Signal: HOLD | Shares held: 0.0 | Last price: $27.45
2026-10-06 19:11:05,051 | [PFE] ACTION: No trade.
2026-10-06 19:11:05,082 | [PFG] trending (ADX 32.1) -> trend-following strategy | Signal: HOLD | Shares held: 0.0 | Last price: $110.41
2026-10-06 19:11:05,082 | [PFG] ACTION: No trade.
2026-10-06 19:11:05,113 | [PG] trending (ADX 43.8) -> trend-following strategy | Signal: HOLD | Shares held: 0.0 | Last price: $148.96
2026-10-06 19:11:05,113 | [PG] ACTION: No trade.
2026-10-06 19:11:05,144 | [PGR] choppy/sideways (ADX 22.1) -> mean-reversion strategy | Signal: HOLD | Shares held: 0.0 | Last price: $212.33
2026-10-06 19:11:05,144 | [PGR] ACTION: No trade.
2026-10-06 19:11:05,176 | [PH] choppy/sideways (ADX 15.9) -> mean-reversion strategy | Signal: HOLD | Shares held: 0.0 | Last price: $987.65
2026-10-06 19:11:05,176 | [PH] ACTION: No trade.
2026-10-06 19:11:05,208 | [PHM] trending (ADX 29.0) -> trend-following strategy | Signal: HOLD | Shares held: 0.0 | Last price: $116.28
2026-10-06 19:11:05,208 | [PHM] ACTION: No trade.
2026-10-06 19:11:05,239 | [PKG] choppy/sideways (ADX 20.7) -> mean-reversion strategy | Signal: HOLD | Shares held: 0.0 | Last price: $229.76
2026-10-06 19:11:05,239 | [PKG] ACTION: No trade.
2026-10-06 19:11:05,270 | [PLD] choppy/sideways (ADX 14.3) -> mean-reversion strategy | Signal: HOLD | Shares held: 0.0 | Last price: $128.95
2026-10-06 19:11:05,270 | [PLD] ACTION: No trade.
2026-10-06 19:11:05,300 | [PLTR] choppy/sideways (ADX 19.2) -> mean-reversion strategy | Signal: HOLD | Shares held: 0.0 | Last price: $192.41
2026-10-06 19:11:05,301 | [PLTR] ACTION: No trade.
2026-10-06 19:11:05,331 | [PM] choppy/sideways (ADX 13.4) -> mean-reversion strategy | Signal: HOLD | Shares held: 0.0 | Last price: $189.87
2026-10-06 19:11:05,332 | [PM] ACTION: No trade.
2026-10-06 19:11:05,363 | [PNC] choppy/sideways (ADX 18.7) -> mean-reversion strategy | Signal: HOLD | Shares held: 0.0 | Last price: $219.69
2026-10-06 19:11:05,363 | [PNC] ACTION: No trade.
2026-10-06 19:11:05,395 | [PNR] choppy/sideways (ADX 21.2) -> mean-reversion strategy | Signal: HOLD | Shares held: 0.0 | Last price: $52.98
2026-10-06 19:11:05,395 | [PNR] ACTION: No trade.
2026-10-06 19:11:05,426 | [PNW] trending (ADX 35.7) -> trend-following strategy | Signal: HOLD | Shares held: 0.0 | Last price: $97.67
2026-10-06 19:11:05,426 | [PNW] ACTION: No trade.
2026-10-06 19:11:05,457 | [PODD] trending (ADX 31.4) -> trend-following strategy | Signal: HOLD | Shares held: 0.0 | Last price: $135.38
2026-10-06 19:11:05,457 | [PODD] ACTION: No trade.
2026-10-06 19:11:05,489 | [PPG] trending (ADX 25.2) -> trend-following strategy | Signal: HOLD | Shares held: 0.0 | Last price: $106.31
2026-10-06 19:11:05,489 | [PPG] ACTION: No trade.
2026-10-06 19:11:05,519 | [PPL] trending (ADX 43.3) -> trend-following strategy | Signal: HOLD | Shares held: 0.0 | Last price: $33.53
2026-10-06 19:11:05,519 | [PPL] ACTION: No trade.
2026-10-06 19:11:05,550 | [PRU] choppy/sideways (ADX 19.7) -> mean-reversion strategy | Signal: HOLD | Shares held: 0.0 | Last price: $114.10
2026-10-06 19:11:05,550 | [PRU] ACTION: No trade.
2026-10-06 19:11:05,581 | [PSA] choppy/sideways (ADX 21.9) -> mean-reversion strategy | Signal: HOLD | Shares held: 0.0 | Last price: $286.42
2026-10-06 19:11:05,581 | [PSA] ACTION: No trade.
2026-10-06 19:11:05,612 | [PSX] choppy/sideways (ADX 16.0) -> mean-reversion strategy | Signal: HOLD | Shares held: 0.0 | Last price: $271.41
2026-10-06 19:11:05,612 | [PSX] ACTION: No trade.
2026-10-06 19:11:05,643 | [PTC] trending (ADX 65.0) -> trend-following strategy | Signal: HOLD | Shares held: 0.0 | Last price: $193.00
2026-10-06 19:11:05,643 | [PTC] ACTION: No trade.
2026-10-06 19:11:05,674 | [PWR] trending (ADX 34.5) -> trend-following strategy | Signal: HOLD | Shares held: 0.0 | Last price: $720.28
2026-10-06 19:11:05,674 | [PWR] ACTION: No trade.
2026-10-06 19:11:05,705 | [PYPL] choppy/sideways (ADX 20.9) -> mean-reversion strategy | Signal: HOLD | Shares held: 0.0 | Last price: $54.65
2026-10-06 19:11:05,705 | [PYPL] ACTION: No trade.
2026-10-06 19:11:05,736 | [Q] choppy/sideways (ADX 15.7) -> mean-reversion strategy | Signal: HOLD | Shares held: 0.0 | Last price: $132.67
2026-10-06 19:11:05,737 | [Q] ACTION: No trade.
2026-10-06 19:11:05,769 | [QCOM] trending (ADX 34.8) -> trend-following strategy | Signal: HOLD | Shares held: 0.0 | Last price: $182.39
2026-10-06 19:11:05,769 | [QCOM] ACTION: No trade.
2026-10-06 19:11:05,801 | [RCL] trending (ADX 48.4) -> trend-following strategy | Signal: HOLD | Shares held: 0.0 | Last price: $287.82
2026-10-06 19:11:05,801 | [RCL] ACTION: No trade.
2026-10-06 19:11:05,832 | [RDDT] choppy/sideways (ADX 10.1) -> mean-reversion strategy | Signal: HOLD | Shares held: 0.0 | Last price: $148.32
2026-10-06 19:11:05,832 | [RDDT] ACTION: No trade.
2026-10-06 19:11:05,866 | [REGN] choppy/sideways (ADX 12.9) -> mean-reversion strategy | Signal: HOLD | Shares held: 0.0 | Last price: $735.42
2026-10-06 19:11:05,866 | [REGN] ACTION: No trade.
2026-10-06 19:11:05,898 | [RF] choppy/sideways (ADX 24.9) -> mean-reversion strategy | Signal: HOLD | Shares held: 0.0 | Last price: $27.05
2026-10-06 19:11:05,898 | [RF] ACTION: No trade.
2026-10-06 19:11:05,930 | [RJF] choppy/sideways (ADX 24.6) -> mean-reversion strategy | Signal: HOLD | Shares held: 0.0 | Last price: $159.90
2026-10-06 19:11:05,930 | [RJF] ACTION: No trade.
2026-10-06 19:11:05,962 | [RL] choppy/sideways (ADX 16.9) -> mean-reversion strategy | Signal: HOLD | Shares held: 0.0 | Last price: $367.57
2026-10-06 19:11:05,962 | [RL] ACTION: No trade.
2026-10-06 19:11:05,993 | [RMD] choppy/sideways (ADX 22.4) -> mean-reversion strategy | Signal: HOLD | Shares held: 0.0 | Last price: $220.65
2026-10-06 19:11:05,994 | [RMD] ACTION: No trade.
2026-10-06 19:11:06,025 | [ROK] choppy/sideways (ADX 22.0) -> mean-reversion strategy | Signal: HOLD | Shares held: 0.0 | Last price: $453.76
2026-10-06 19:11:06,025 | [ROK] ACTION: No trade.
2026-10-06 19:11:06,056 | [ROL] trending (ADX 31.8) -> trend-following strategy | Signal: HOLD | Shares held: 0.0 | Last price: $30.23
2026-10-06 19:11:06,056 | [ROL] ACTION: No trade.
2026-10-06 19:11:06,087 | [ROP] choppy/sideways (ADX 21.5) -> mean-reversion strategy | Signal: HOLD | Shares held: 0.0 | Last price: $360.00
2026-10-06 19:11:06,087 | [ROP] ACTION: No trade.
2026-10-06 19:11:06,119 | [ROST] trending (ADX 31.5) -> trend-following strategy | Signal: HOLD | Shares held: 0.0 | Last price: $222.81
2026-10-06 19:11:06,119 | [ROST] ACTION: No trade.
2026-10-06 19:11:06,150 | [RSG] trending (ADX 46.7) -> trend-following strategy | Signal: HOLD | Shares held: 0.0 | Last price: $214.93
2026-10-06 19:11:06,150 | [RSG] ACTION: No trade.
2026-10-06 19:11:06,182 | [RTX] choppy/sideways (ADX 22.3) -> mean-reversion strategy | Signal: HOLD | Shares held: 0.0 | Last price: $182.72
2026-10-06 19:11:06,182 | [RTX] ACTION: No trade.
2026-10-06 19:11:06,213 | [RVTY] choppy/sideways (ADX 11.6) -> mean-reversion strategy | Signal: HOLD | Shares held: 0.0 | Last price: $153.04
2026-10-06 19:11:06,213 | [RVTY] ACTION: No trade.
2026-10-06 19:11:06,245 | [SBAC] trending (ADX 48.4) -> trend-following strategy | Signal: HOLD | Shares held: 0.0 | Last price: $168.12
2026-10-06 19:11:06,245 | [SBAC] ACTION: No trade.
2026-10-06 19:11:06,278 | [SBUX] choppy/sideways (ADX 18.7) -> mean-reversion strategy | Signal: HOLD | Shares held: 0.0 | Last price: $96.05
2026-10-06 19:11:06,278 | [SBUX] ACTION: No trade.
2026-10-06 19:11:06,312 | [SCHW] choppy/sideways (ADX 20.9) -> mean-reversion strategy | Signal: HOLD | Shares held: 0.0 | Last price: $97.03
2026-10-06 19:11:06,312 | [SCHW] ACTION: No trade.
2026-10-06 19:11:06,343 | [SHW] choppy/sideways (ADX 16.7) -> mean-reversion strategy | Signal: HOLD | Shares held: 0.0 | Last price: $322.04
2026-10-06 19:11:06,343 | [SHW] ACTION: No trade.
2026-10-06 19:11:06,374 | [SJM] choppy/sideways (ADX 16.1) -> mean-reversion strategy | Signal: HOLD | Shares held: 0.0 | Last price: $117.05
2026-10-06 19:11:06,374 | [SJM] ACTION: No trade.
2026-10-06 19:11:06,405 | [SLB] choppy/sideways (ADX 22.5) -> mean-reversion strategy | Signal: HOLD | Shares held: 0.0 | Last price: $49.91
2026-10-06 19:11:06,405 | [SLB] ACTION: No trade.
2026-10-06 19:11:06,437 | [SMCI] choppy/sideways (ADX 17.0) -> mean-reversion strategy | Signal: HOLD | Shares held: 0.0 | Last price: $43.74
2026-10-06 19:11:06,437 | [SMCI] ACTION: No trade.
2026-10-06 19:11:06,469 | [SNDK] trending (ADX 33.8) -> trend-following strategy | Signal: HOLD | Shares held: 0.0 | Last price: $1667.84
2026-10-06 19:11:06,469 | [SNDK] ACTION: No trade.
2026-10-06 19:11:06,501 | [SNPS] trending (ADX 37.2) -> trend-following strategy | Signal: HOLD | Shares held: 0.0 | Last price: $506.37
2026-10-06 19:11:06,501 | [SNPS] ACTION: No trade.
2026-10-06 19:11:06,532 | [SO] trending (ADX 29.0) -> trend-following strategy | Signal: HOLD | Shares held: 0.0 | Last price: $84.92
2026-10-06 19:11:06,532 | [SO] ACTION: No trade.
2026-10-06 19:11:06,564 | [SPG] choppy/sideways (ADX 10.9) -> mean-reversion strategy | Signal: HOLD | Shares held: 0.0 | Last price: $201.45
2026-10-06 19:11:06,564 | [SPG] ACTION: No trade.
2026-10-06 19:11:06,596 | [SPGI] trending (ADX 40.6) -> trend-following strategy | Signal: HOLD | Shares held: 0.0 | Last price: $395.36
2026-10-06 19:11:06,596 | [SPGI] ACTION: No trade.
2026-10-06 19:11:06,627 | [SRE] trending (ADX 40.1) -> trend-following strategy | Signal: HOLD | Shares held: 0.0 | Last price: $79.41
2026-10-06 19:11:06,627 | [SRE] ACTION: No trade.
2026-10-06 19:11:06,659 | [STE] choppy/sideways (ADX 20.0) -> mean-reversion strategy | Signal: HOLD | Shares held: 0.0 | Last price: $208.88
2026-10-06 19:11:06,659 | [STE] ACTION: No trade.
2026-10-06 19:11:06,690 | [STLD] choppy/sideways (ADX 19.3) -> mean-reversion strategy | Signal: HOLD | Shares held: 0.0 | Last price: $239.96
2026-10-06 19:11:06,691 | [STLD] ACTION: No trade.
2026-10-06 19:11:06,722 | [STT] choppy/sideways (ADX 19.0) -> mean-reversion strategy | Signal: HOLD | Shares held: 0.0 | Last price: $175.92
2026-10-06 19:11:06,723 | [STT] ACTION: No trade.
2026-10-06 19:11:06,755 | [STX] trending (ADX 51.0) -> trend-following strategy | Signal: HOLD | Shares held: 0.0 | Last price: $804.53
2026-10-06 19:11:06,755 | [STX] ACTION: No trade.
2026-10-06 19:11:06,786 | [STZ] trending (ADX 28.8) -> trend-following strategy | Signal: HOLD | Shares held: 0.0 | Last price: $116.11
2026-10-06 19:11:06,786 | [STZ] ACTION: No trade.
2026-10-06 19:11:06,818 | [SW] choppy/sideways (ADX 17.6) -> mean-reversion strategy | Signal: HOLD | Shares held: 0.0 | Last price: $42.45
2026-10-06 19:11:06,818 | [SW] ACTION: No trade.
2026-10-06 19:11:06,850 | [SWK] choppy/sideways (ADX 11.8) -> mean-reversion strategy | Signal: HOLD | Shares held: 0.0 | Last price: $90.73
2026-10-06 19:11:06,850 | [SWK] ACTION: No trade.
2026-10-06 19:11:06,882 | [SWKS] choppy/sideways (ADX 12.5) -> mean-reversion strategy | Signal: HOLD | Shares held: 0.0 | Last price: $82.38
2026-10-06 19:11:06,882 | [SWKS] ACTION: No trade.
2026-10-06 19:11:06,914 | [SYF] choppy/sideways (ADX 21.7) -> mean-reversion strategy | Signal: HOLD | Shares held: 0.0 | Last price: $71.87
2026-10-06 19:11:06,914 | [SYF] ACTION: No trade.
2026-10-06 19:11:06,946 | [SYK] trending (ADX 43.3) -> trend-following strategy | Signal: HOLD | Shares held: 0.0 | Last price: $279.54
2026-10-06 19:11:06,946 | [SYK] ACTION: No trade.
2026-10-06 19:11:06,978 | [SYY] choppy/sideways (ADX 15.7) -> mean-reversion strategy | Signal: HOLD | Shares held: 0.0 | Last price: $77.17
2026-10-06 19:11:06,978 | [SYY] ACTION: No trade.
2026-10-06 19:11:07,010 | [T] choppy/sideways (ADX 23.8) -> mean-reversion strategy | Signal: HOLD | Shares held: 0.0 | Last price: $24.36
2026-10-06 19:11:07,010 | [T] ACTION: No trade.
2026-10-06 19:11:07,043 | [TDG] choppy/sideways (ADX 22.9) -> mean-reversion strategy | Signal: HOLD | Shares held: 0.0 | Last price: $1105.48
2026-10-06 19:11:07,043 | [TDG] ACTION: No trade.
2026-10-06 19:11:07,075 | [TDY] choppy/sideways (ADX 11.6) -> mean-reversion strategy | Signal: HOLD | Shares held: 0.0 | Last price: $622.14
2026-10-06 19:11:07,075 | [TDY] ACTION: No trade.
2026-10-06 19:11:07,107 | [TECH] choppy/sideways (ADX 14.5) -> mean-reversion strategy | Signal: HOLD | Shares held: 0.0 | Last price: $72.45
2026-10-06 19:11:07,107 | [TECH] ACTION: No trade.
2026-10-06 19:11:07,138 | [TEL] choppy/sideways (ADX 16.2) -> mean-reversion strategy | Signal: HOLD | Shares held: 0.0 | Last price: $220.16
2026-10-06 19:11:07,138 | [TEL] ACTION: No trade.
2026-10-06 19:11:07,170 | [TER] trending (ADX 37.4) -> trend-following strategy | Signal: HOLD | Shares held: 0.0 | Last price: $430.77
2026-10-06 19:11:07,170 | [TER] ACTION: No trade.
2026-10-06 19:11:07,202 | [TFC] choppy/sideways (ADX 21.8) -> mean-reversion strategy | Signal: HOLD | Shares held: 0.0 | Last price: $46.26
2026-10-06 19:11:07,202 | [TFC] ACTION: No trade.
2026-10-06 19:11:07,233 | [TGT] choppy/sideways (ADX 14.3) -> mean-reversion strategy | Signal: HOLD | Shares held: 0.0 | Last price: $154.14
2026-10-06 19:11:07,233 | [TGT] ACTION: No trade.
2026-10-06 19:11:07,265 | [TJX] choppy/sideways (ADX 21.7) -> mean-reversion strategy | Signal: HOLD | Shares held: 0.0 | Last price: $136.02
2026-10-06 19:11:07,265 | [TJX] ACTION: No trade.
2026-10-06 19:11:07,297 | [TKO] choppy/sideways (ADX 19.0) -> mean-reversion strategy | Signal: HOLD | Shares held: 0.0 | Last price: $175.79
2026-10-06 19:11:07,297 | [TKO] ACTION: No trade.
2026-10-06 19:11:07,328 | [TMO] choppy/sideways (ADX 13.7) -> mean-reversion strategy | Signal: HOLD | Shares held: 0.0 | Last price: $659.55
2026-10-06 19:11:07,328 | [TMO] ACTION: No trade.
2026-10-06 19:11:07,358 | [TMUS] choppy/sideways (ADX 14.4) -> mean-reversion strategy | Signal: HOLD | Shares held: 0.0 | Last price: $164.88
2026-10-06 19:11:07,359 | [TMUS] ACTION: No trade.
2026-10-06 19:11:07,389 | [TPL] trending (ADX 37.1) -> trend-following strategy | Signal: HOLD | Shares held: 0.0 | Last price: $356.98
2026-10-06 19:11:07,389 | [TPL] ACTION: No trade.
2026-10-06 19:11:07,486 | [TPR] choppy/sideways (ADX 16.2) -> mean-reversion strategy | Signal: HOLD | Shares held: 0.0 | Last price: $116.45
2026-10-06 19:11:07,486 | [TPR] ACTION: No trade.
2026-10-06 19:11:07,519 | [TRGP] choppy/sideways (ADX 22.2) -> mean-reversion strategy | Signal: HOLD | Shares held: 0.0 | Last price: $285.92
2026-10-06 19:11:07,519 | [TRGP] ACTION: No trade.
2026-10-06 19:11:07,551 | [TRMB] trending (ADX 32.3) -> trend-following strategy | Signal: HOLD | Shares held: 0.0 | Last price: $60.84
2026-10-06 19:11:07,551 | [TRMB] ACTION: No trade.
2026-10-06 19:11:07,582 | [TROW] choppy/sideways (ADX 21.5) -> mean-reversion strategy | Signal: HOLD | Shares held: 0.0 | Last price: $103.76
2026-10-06 19:11:07,582 | [TROW] ACTION: No trade.
2026-10-06 19:11:07,614 | [TRV] choppy/sideways (ADX 11.7) -> mean-reversion strategy | Signal: HOLD | Shares held: 0.0 | Last price: $360.45
2026-10-06 19:11:07,614 | [TRV] ACTION: No trade.
2026-10-06 19:11:07,646 | [TSCO] trending (ADX 46.5) -> trend-following strategy | Signal: HOLD | Shares held: 0.0 | Last price: $32.40
2026-10-06 19:11:07,646 | [TSCO] ACTION: No trade.
2026-10-06 19:11:07,679 | [TSLA] choppy/sideways (ADX 23.7) -> mean-reversion strategy | Signal: HOLD | Shares held: 0.0 | Last price: $380.28
2026-10-06 19:11:07,679 | [TSLA] ACTION: No trade.
2026-10-06 19:11:07,710 | [TSN] choppy/sideways (ADX 22.3) -> mean-reversion strategy | Signal: HOLD | Shares held: 0.0 | Last price: $52.02
2026-10-06 19:11:07,711 | [TSN] ACTION: No trade.
2026-10-06 19:11:07,742 | [TT] trending (ADX 30.8) -> trend-following strategy | Signal: HOLD | Shares held: 0.0 | Last price: $477.58
2026-10-06 19:11:07,742 | [TT] ACTION: No trade.
2026-10-06 19:11:07,774 | [TTWO] choppy/sideways (ADX 17.2) -> mean-reversion strategy | Signal: HOLD | Shares held: 0.0 | Last price: $202.86
2026-10-06 19:11:07,774 | [TTWO] ACTION: No trade.
2026-10-06 19:11:07,806 | [TXN] trending (ADX 46.5) -> trend-following strategy | Signal: HOLD | Shares held: 0.0 | Last price: $298.10
2026-10-06 19:11:07,806 | [TXN] ACTION: No trade.
2026-10-06 19:11:07,839 | [TXT] choppy/sideways (ADX 20.3) -> mean-reversion strategy | Signal: HOLD | Shares held: 0.0 | Last price: $75.33
2026-10-06 19:11:07,839 | [TXT] ACTION: No trade.
2026-10-06 19:11:07,872 | [TYL] choppy/sideways (ADX 22.5) -> mean-reversion strategy | Signal: HOLD | Shares held: 0.0 | Last price: $330.90
2026-10-06 19:11:07,872 | [TYL] ACTION: No trade.
2026-10-06 19:11:07,904 | [UAL] choppy/sideways (ADX 16.5) -> mean-reversion strategy | Signal: HOLD | Shares held: 0.0 | Last price: $111.51
2026-10-06 19:11:07,905 | [UAL] ACTION: No trade.
2026-10-06 19:11:07,937 | [UBER] choppy/sideways (ADX 20.6) -> mean-reversion strategy | Signal: HOLD | Shares held: 0.0 | Last price: $68.95
2026-10-06 19:11:07,937 | [UBER] ACTION: No trade.
2026-10-06 19:11:07,969 | [UDR] trending (ADX 25.3) -> trend-following strategy | Signal: HOLD | Shares held: 0.0 | Last price: $33.99
2026-10-06 19:11:07,970 | [UDR] ACTION: No trade.
2026-10-06 19:11:08,001 | [UHS] choppy/sideways (ADX 16.3) -> mean-reversion strategy | Signal: HOLD | Shares held: 0.0 | Last price: $177.65
2026-10-06 19:11:08,001 | [UHS] ACTION: No trade.
2026-10-06 19:11:08,033 | [ULTA] choppy/sideways (ADX 13.1) -> mean-reversion strategy | Signal: HOLD | Shares held: 0.0 | Last price: $548.09
2026-10-06 19:11:08,033 | [ULTA] ACTION: No trade.
2026-10-06 19:11:08,065 | [UNH] choppy/sideways (ADX 14.7) -> mean-reversion strategy | Signal: HOLD | Shares held: 0.0 | Last price: $376.33
2026-10-06 19:11:08,065 | [UNH] ACTION: No trade.
2026-10-06 19:11:08,096 | [UNP] choppy/sideways (ADX 14.9) -> mean-reversion strategy | Signal: HOLD | Shares held: 0.0 | Last price: $276.23
2026-10-06 19:11:08,096 | [UNP] ACTION: No trade.
2026-10-06 19:11:08,127 | [UPS] choppy/sideways (ADX 21.9) -> mean-reversion strategy | Signal: HOLD | Shares held: 0.0 | Last price: $93.03
2026-10-06 19:11:08,127 | [UPS] ACTION: No trade.
2026-10-06 19:11:08,159 | [URI] choppy/sideways (ADX 16.7) -> mean-reversion strategy | Signal: HOLD | Shares held: 0.0 | Last price: $1088.13
2026-10-06 19:11:08,159 | [URI] ACTION: No trade.
2026-10-06 19:11:08,191 | [USB] trending (ADX 30.8) -> trend-following strategy | Signal: HOLD | Shares held: 0.0 | Last price: $57.12
2026-10-06 19:11:08,191 | [USB] ACTION: No trade.
2026-10-06 19:11:08,224 | [V] choppy/sideways (ADX 16.8) -> mean-reversion strategy | Signal: HOLD | Shares held: 0.0 | Last price: $369.75
2026-10-06 19:11:08,224 | [V] ACTION: No trade.
2026-10-06 19:11:08,257 | [VEEV] trending (ADX 29.6) -> trend-following strategy | Signal: HOLD | Shares held: 0.0 | Last price: $283.23
2026-10-06 19:11:08,257 | [VEEV] ACTION: No trade.
2026-10-06 19:11:08,289 | [VICI] choppy/sideways (ADX 14.6) -> mean-reversion strategy | Signal: HOLD | Shares held: 0.0 | Last price: $22.73
2026-10-06 19:11:08,290 | [VICI] ACTION: No trade.
2026-10-06 19:11:08,321 | [VLO] choppy/sideways (ADX 20.2) -> mean-reversion strategy | Signal: HOLD | Shares held: 0.0 | Last price: $421.95
2026-10-06 19:11:08,321 | [VLO] ACTION: No trade.
2026-10-06 19:11:08,352 | [VLTO] choppy/sideways (ADX 20.2) -> mean-reversion strategy | Signal: HOLD | Shares held: 0.0 | Last price: $96.33
2026-10-06 19:11:08,352 | [VLTO] ACTION: No trade.
2026-10-06 19:11:08,384 | [VMC] trending (ADX 39.4) -> trend-following strategy | Signal: HOLD | Shares held: 0.0 | Last price: $249.65
2026-10-06 19:11:08,384 | [VMC] ACTION: No trade.
2026-10-06 19:11:08,415 | [VMRK] choppy/sideways (ADX 18.5) -> mean-reversion strategy | Signal: HOLD | Shares held: 0.0 | Last price: $60.34
2026-10-06 19:11:08,416 | [VMRK] ACTION: No trade.
2026-10-06 19:11:08,448 | [VRSK] trending (ADX 31.4) -> trend-following strategy | Signal: HOLD | Shares held: 0.0 | Last price: $164.33
2026-10-06 19:11:08,448 | [VRSK] ACTION: No trade.
2026-10-06 19:11:08,480 | [VRSN] choppy/sideways (ADX 18.5) -> mean-reversion strategy | Signal: HOLD | Shares held: 0.0 | Last price: $292.59
2026-10-06 19:11:08,481 | [VRSN] ACTION: No trade.
2026-10-06 19:11:08,512 | [VRT] choppy/sideways (ADX 14.9) -> mean-reversion strategy | Signal: HOLD | Shares held: 0.0 | Last price: $253.25
2026-10-06 19:11:08,512 | [VRT] ACTION: No trade.
2026-10-06 19:11:08,544 | [VRTX] choppy/sideways (ADX 8.9) -> mean-reversion strategy | Signal: HOLD | Shares held: 0.0 | Last price: $502.95
2026-10-06 19:11:08,544 | [VRTX] ACTION: No trade.
2026-10-06 19:11:08,576 | [VST] trending (ADX 53.0) -> trend-following strategy | Signal: HOLD | Shares held: 0.0 | Last price: $159.85
2026-10-06 19:11:08,576 | [VST] ACTION: No trade.
2026-10-06 19:11:08,608 | [VTR] trending (ADX 36.5) -> trend-following strategy | Signal: HOLD | Shares held: 0.0 | Last price: $81.56
2026-10-06 19:11:08,608 | [VTR] ACTION: No trade.
2026-10-06 19:11:08,641 | [VTRS] choppy/sideways (ADX 13.3) -> mean-reversion strategy | Signal: HOLD | Shares held: 0.0 | Last price: $17.55
2026-10-06 19:11:08,641 | [VTRS] ACTION: No trade.
2026-10-06 19:11:08,674 | [VZ] choppy/sideways (ADX 18.5) -> mean-reversion strategy | Signal: HOLD | Shares held: 0.0 | Last price: $45.70
2026-10-06 19:11:08,675 | [VZ] ACTION: No trade.
2026-10-06 19:11:08,707 | [WAB] choppy/sideways (ADX 12.5) -> mean-reversion strategy | Signal: HOLD | Shares held: 0.0 | Last price: $292.70
2026-10-06 19:11:08,707 | [WAB] ACTION: No trade.
2026-10-06 19:11:08,740 | [WAT] choppy/sideways (ADX 18.2) -> mean-reversion strategy | Signal: HOLD | Shares held: 0.0 | Last price: $435.77
2026-10-06 19:11:08,740 | [WAT] ACTION: No trade.
2026-10-06 19:11:08,772 | [WBD] trending (ADX 72.2) -> trend-following strategy | Signal: HOLD | Shares held: 0.0 | Last price: $30.97
2026-10-06 19:11:08,772 | [WBD] ACTION: No trade.
2026-10-06 19:11:08,805 | [WDAY] trending (ADX 37.3) -> trend-following strategy | Signal: HOLD | Shares held: 0.0 | Last price: $186.27
2026-10-06 19:11:08,805 | [WDAY] ACTION: No trade.
2026-10-06 19:11:08,837 | [WDC] trending (ADX 33.3) -> trend-following strategy | Signal: HOLD | Shares held: 0.0 | Last price: $410.43
2026-10-06 19:11:08,838 | [WDC] ACTION: No trade.
2026-10-06 19:11:08,870 | [WEC] trending (ADX 34.8) -> trend-following strategy | Signal: HOLD | Shares held: 0.0 | Last price: $102.71
2026-10-06 19:11:08,871 | [WEC] ACTION: No trade.
2026-10-06 19:11:08,904 | [WELL] trending (ADX 26.7) -> trend-following strategy | Signal: HOLD | Shares held: 0.0 | Last price: $225.00
2026-10-06 19:11:08,904 | [WELL] ACTION: No trade.
2026-10-06 19:11:08,939 | [WFC] choppy/sideways (ADX 13.2) -> mean-reversion strategy | Signal: HOLD | Shares held: 0.0 | Last price: $81.42
2026-10-06 19:11:08,939 | [WFC] ACTION: No trade.
2026-10-06 19:11:08,972 | [WM] trending (ADX 39.3) -> trend-following strategy | Signal: HOLD | Shares held: 0.0 | Last price: $207.85
2026-10-06 19:11:08,972 | [WM] ACTION: No trade.
2026-10-06 19:11:09,004 | [WMB] trending (ADX 35.1) -> trend-following strategy | Signal: HOLD | Shares held: 0.0 | Last price: $72.40
2026-10-06 19:11:09,004 | [WMB] ACTION: No trade.
2026-10-06 19:11:09,037 | [WMT] trending (ADX 51.0) -> trend-following strategy | Signal: HOLD | Shares held: 0.0 | Last price: $107.23
2026-10-06 19:11:09,037 | [WMT] ACTION: No trade.
2026-10-06 19:11:09,070 | [WRB] choppy/sideways (ADX 20.3) -> mean-reversion strategy | Signal: HOLD | Shares held: 0.0 | Last price: $69.81
2026-10-06 19:11:09,070 | [WRB] ACTION: No trade.
2026-10-06 19:11:09,102 | [WSM] trending (ADX 32.4) -> trend-following strategy | Signal: HOLD | Shares held: 0.0 | Last price: $243.40
2026-10-06 19:11:09,102 | [WSM] ACTION: No trade.
2026-10-06 19:11:09,135 | [WST] choppy/sideways (ADX 15.7) -> mean-reversion strategy | Signal: HOLD | Shares held: 0.0 | Last price: $374.39
2026-10-06 19:11:09,135 | [WST] ACTION: No trade.
2026-10-06 19:11:09,168 | [WTW] choppy/sideways (ADX 9.8) -> mean-reversion strategy | Signal: HOLD | Shares held: 0.0 | Last price: $290.52
2026-10-06 19:11:09,168 | [WTW] ACTION: No trade.
2026-10-06 19:11:09,201 | [WY] choppy/sideways (ADX 20.7) -> mean-reversion strategy | Signal: HOLD | Shares held: 0.0 | Last price: $18.46
2026-10-06 19:11:09,202 | [WY] ACTION: No trade.
2026-10-06 19:11:09,234 | [WYNN] choppy/sideways (ADX 23.7) -> mean-reversion strategy | Signal: HOLD | Shares held: 0.0 | Last price: $76.64
2026-10-06 19:11:09,234 | [WYNN] ACTION: No trade.
2026-10-06 19:11:09,266 | [XEL] choppy/sideways (ADX 18.3) -> mean-reversion strategy | Signal: HOLD | Shares held: 0.0 | Last price: $72.13
2026-10-06 19:11:09,266 | [XEL] ACTION: No trade.
2026-10-06 19:11:09,298 | [XOM] choppy/sideways (ADX 15.5) -> mean-reversion strategy | Signal: HOLD | Shares held: 0.0 | Last price: $165.22
2026-10-06 19:11:09,298 | [XOM] ACTION: No trade.
2026-10-06 19:11:09,329 | [XYL] choppy/sideways (ADX 21.2) -> mean-reversion strategy | Signal: HOLD | Shares held: 0.0 | Last price: $103.83
2026-10-06 19:11:09,329 | [XYL] ACTION: No trade.
2026-10-06 19:11:09,361 | [XYZ] choppy/sideways (ADX 18.8) -> mean-reversion strategy | Signal: HOLD | Shares held: 0.0 | Last price: $76.54
2026-10-06 19:11:09,361 | [XYZ] ACTION: No trade.
2026-10-06 19:11:09,392 | [YUM] trending (ADX 29.2) -> trend-following strategy | Signal: HOLD | Shares held: 0.0 | Last price: $139.33
2026-10-06 19:11:09,392 | [YUM] ACTION: No trade.
2026-10-06 19:11:09,424 | [ZBH] trending (ADX 25.7) -> trend-following strategy | Signal: HOLD | Shares held: 0.0 | Last price: $90.12
2026-10-06 19:11:09,425 | [ZBH] ACTION: No trade.
2026-10-06 19:11:09,457 | [ZBRA] choppy/sideways (ADX 21.5) -> mean-reversion strategy | Signal: HOLD | Shares held: 0.0 | Last price: $389.00
2026-10-06 19:11:09,457 | [ZBRA] ACTION: No trade.
2026-10-06 19:11:09,488 | [ZTS] choppy/sideways (ADX 20.8) -> mean-reversion strategy | Signal: HOLD | Shares held: 0.0 | Last price: $70.84
2026-10-06 19:11:09,489 | [ZTS] ACTION: No trade.
2026-10-06 19:26:09,791 | Market is open (closes 2026-10-06 22:00:00 CEST your local time). Checking 490 symbols: A, AAPL, ABBV, ABNB, ABT, ACGL, ACN, ADBE, ADI, ADM, ADP, ADSK, AEE, AEP, AES, AFL, AIG, AIZ, AJG, AKAM, ALB, ALGN, ALL, ALLE, AMAT, AMCR, AMD, AME, AMGN, AMP, AMT, AMZN, ANET, AON, APA, APD, APH, APO, APP, APTV, ARE, ARES, ATO, AVGO, AVY, AWK, AXON, AXP, AZO, BA, BAC, BALL, BAX, BBY, BDX, BE, BEN, BG, BIIB, BKNG, BKR, BLK, BMY, BNY, BR, BRK.B, BRO, BSX, BX, C, CAH, CARR, CASY, CAT, CB, CBOE, CBRE, CCI, CCL, CDNS, CDW, CEG, CF, CFG, CHD, CHRW, CHTR, CI, CIEN, CINF, CL, CLX, CMCSA, CME, CMG, CMI, CMS, CNC, CNP, COF, COHR, COIN, COO, COP, COR, COST, CPAY, CPRT, CPT, CRH, CRL, CRM, CRWD, CSCO, CSGP, CSX, CTAS, CTSH, CTVA, CVNA, CVS, CVX, D, DAL, DASH, DD, DDOG, DE, DECK, DELL, DG, DGX, DHI, DHR, DIS, DLR, DLTR, DOC, DOV, DOW, DPZ, DRI, DTE, DUK, DVN, DXCM, EBAY, ECHO, ECL, ED, EFX, EG, EIX, EL, ELV, EME, EMR, EOG, EQIX, EQT, ES, ESS, ETN, ETR, EVRG, EW, EXC, EXE, EXPD, EXPE, EXR, F, FANG, FAST, FCX, FDS, FDX, FDXF, FE, FERG, FFIV, FICO, FIS, FISV, FITB, FIX, FLEX, FOXA, FRT, FSLR, FTNT, FTV, GD, GDDY, GE, GEHC, GEN, GEV, GILD, GIS, GLW, GM, GNRC, GOOG, GOOGL, GPC, GPN, GRMN, GS, GWW, HAL, HAS, HBAN, HCA, HD, HIG, HII, HLT, HON, HONA, HOOD, HPE, HPQ, HSIC, HST, HSY, HUBB, HUM, HWM, IBKR, IBM, ICE, IDXX, IEX, IFF, ILMN, INCY, INTC, INTU, INVH, IP, IQV, IR, IRM, ISRG, IT, ITW, IVZ, J, JBHT, JBL, JCI, JKHY, JNJ, JPM, KDP, KEY, KEYS, KHC, KIM, KKR, KLAC, KMB, KMI, KO, KR, KVUE, L, LDOS, LEN, LH, LHX, LII, LIN, LITE, LLY, LMT, LNT, LOW, LRCX, LULU, LUV, LVS, LYB, LYV, MA, MAA, MAR, MAS, MCD, MCHP, MCK, MCO, MDLZ, MDT, MET, META, MGM, MKC, MLM, MMM, MNST, MO, MOS, MPC, MPWR, MRK, MRNA, MRSH, MRVL, MS, MSCI, MSFT, MSI, MTB, MTD, MU, NCLH, NDAQ, NDSN, NEE, NEM, NFLX, NI, NKE, NOC, NOW, NRG, NSC, NTAP, NTRS, NUE, NVDA, NVR, NWSA, NXPI, O, ODFL, OKE, OMC, ON, ORCL, ORLY, OTIS, OXY, P, PANW, PAYX, PCAR, PCG, PEG, PEP, PFE, PFG, PG, PGR, PH, PHM, PKG, PLD, PLTR, PM, PNC, PNR, PNW, PODD, PPG, PPL, PRU, PSA, PSX, PTC, PWR, PYPL, Q, QCOM, RCL, RDDT, REGN, RF, RJF, RL, RMD, ROK, ROL, ROP, ROST, RSG, RTX, RVTY, SBAC, SBUX, SCHW, SHW, SJM, SLB, SMCI, SNDK, SNPS, SO, SPG, SPGI, SRE, STE, STLD, STT, STX, STZ, SW, SWK, SWKS, SYF, SYK, SYY, T, TDG, TDY, TECH, TEL, TER, TFC, TGT, TJX, TKO, TMO, TMUS, TPL, TPR, TRGP, TRMB, TROW, TRV, TSCO, TSLA, TSN, TT, TTWO, TXN, TXT, TYL, UAL, UBER, UDR, UHS, ULTA, UNH, UNP, UPS, URI, USB, V, VEEV, VICI, VLO, VLTO, VMC, VMRK, VRSK, VRSN, VRT, VRTX, VST, VTR, VTRS, VZ, WAB, WAT, WBD, WDAY, WDC, WEC, WELL, WFC, WM, WMB, WMT, WRB, WSM, WST, WTW, WY, WYNN, XEL, XOM, XYL, XYZ, YUM, ZBH, ZBRA, ZTS (within 90 min of close -- not enough runway left today for a new position)
2026-10-06 19:26:53,813 | [A] choppy/sideways (ADX 9.8) -> mean-reversion strategy | Signal: HOLD | Shares held: 0.0 | Last price: $169.28
2026-10-06 19:26:53,813 | [A] ACTION: No trade.
2026-10-06 19:26:53,842 | [AAPL] choppy/sideways (ADX 18.8) -> mean-reversion strategy | Signal: HOLD | Shares held: 0.0 | Last price: $333.24
2026-10-06 19:26:53,843 | [AAPL] ACTION: No trade.
2026-10-06 19:26:53,872 | [ABBV] choppy/sideways (ADX 17.1) -> mean-reversion strategy | Signal: HOLD | Shares held: 0.0 | Last price: $267.56
2026-10-06 19:26:53,872 | [ABBV] ACTION: No trade.
2026-10-06 19:26:53,902 | [ABNB] trending (ADX 35.9) -> trend-following strategy | Signal: HOLD | Shares held: 0.0 | Last price: $160.52
2026-10-06 19:26:53,902 | [ABNB] ACTION: No trade.
2026-10-06 19:26:53,931 | [ABT] trending (ADX 30.3) -> trend-following strategy | Signal: HOLD | Shares held: 0.0 | Last price: $98.38
2026-10-06 19:26:53,931 | [ABT] ACTION: No trade.
2026-10-06 19:26:53,961 | [ACGL] choppy/sideways (ADX 16.8) -> mean-reversion strategy | Signal: HOLD | Shares held: 0.0 | Last price: $94.83
2026-10-06 19:26:53,961 | [ACGL] ACTION: No trade.
2026-10-06 19:26:53,990 | [ACN] trending (ADX 25.8) -> trend-following strategy | Signal: HOLD | Shares held: 0.0 | Last price: $194.04
2026-10-06 19:26:53,990 | [ACN] ACTION: No trade.
2026-10-06 19:26:54,019 | [ADBE] choppy/sideways (ADX 14.7) -> mean-reversion strategy | Signal: HOLD | Shares held: 0.0 | Last price: $236.96
2026-10-06 19:26:54,019 | [ADBE] ACTION: No trade.
2026-10-06 19:26:54,049 | [ADI] trending (ADX 26.1) -> trend-following strategy | Signal: HOLD | Shares held: 0.0 | Last price: $420.82
2026-10-06 19:26:54,049 | [ADI] ACTION: No trade.
2026-10-06 19:26:54,078 | [ADM] choppy/sideways (ADX 15.2) -> mean-reversion strategy | Signal: HOLD | Shares held: 0.0 | Last price: $82.19
2026-10-06 19:26:54,078 | [ADM] ACTION: No trade.
2026-10-06 19:26:54,108 | [ADP] choppy/sideways (ADX 15.8) -> mean-reversion strategy | Signal: HOLD | Shares held: 0.0 | Last price: $262.55
2026-10-06 19:26:54,108 | [ADP] ACTION: No trade.
2026-10-06 19:26:54,137 | [ADSK] trending (ADX 44.4) -> trend-following strategy | Signal: HOLD | Shares held: 0.0 | Last price: $230.02
2026-10-06 19:26:54,137 | [ADSK] ACTION: No trade.
2026-10-06 19:26:54,166 | [AEE] trending (ADX 33.1) -> trend-following strategy | Signal: HOLD | Shares held: 0.0 | Last price: $101.20
2026-10-06 19:26:54,166 | [AEE] ACTION: No trade.
2026-10-06 19:26:54,196 | [AEP] choppy/sideways (ADX 20.9) -> mean-reversion strategy | Signal: HOLD | Shares held: 0.0 | Last price: $121.15
2026-10-06 19:26:54,196 | [AEP] ACTION: No trade.
2026-10-06 19:26:54,225 | [AES] choppy/sideways (ADX 18.2) -> mean-reversion strategy | Signal: HOLD | Shares held: 0.0 | Last price: $14.91
2026-10-06 19:26:54,225 | [AES] ACTION: No trade.
2026-10-06 19:26:54,254 | [AFL] choppy/sideways (ADX 23.1) -> mean-reversion strategy | Signal: HOLD | Shares held: 0.0 | Last price: $113.54
2026-10-06 19:26:54,255 | [AFL] ACTION: No trade.
2026-10-06 19:26:54,284 | [AIG] choppy/sideways (ADX 18.3) -> mean-reversion strategy | Signal: HOLD | Shares held: 0.0 | Last price: $75.21
2026-10-06 19:26:54,284 | [AIG] ACTION: No trade.
2026-10-06 19:26:54,313 | [AIZ] choppy/sideways (ADX 9.7) -> mean-reversion strategy | Signal: HOLD | Shares held: 0.0 | Last price: $270.10
2026-10-06 19:26:54,313 | [AIZ] ACTION: No trade.
2026-10-06 19:26:54,343 | [AJG] choppy/sideways (ADX 12.0) -> mean-reversion strategy | Signal: HOLD | Shares held: 0.0 | Last price: $229.49
2026-10-06 19:26:54,343 | [AJG] ACTION: No trade.
2026-10-06 19:26:54,372 | [AKAM] choppy/sideways (ADX 15.6) -> mean-reversion strategy | Signal: HOLD | Shares held: 0.0 | Last price: $108.25
2026-10-06 19:26:54,372 | [AKAM] ACTION: No trade.
2026-10-06 19:26:54,402 | [ALB] trending (ADX 32.9) -> trend-following strategy | Signal: HOLD | Shares held: 0.0 | Last price: $106.70
2026-10-06 19:26:54,402 | [ALB] ACTION: No trade.
2026-10-06 19:26:54,431 | [ALGN] choppy/sideways (ADX 12.8) -> mean-reversion strategy | Signal: HOLD | Shares held: 0.0 | Last price: $142.67
2026-10-06 19:26:54,431 | [ALGN] ACTION: No trade.
2026-10-06 19:26:54,460 | [ALL] choppy/sideways (ADX 24.8) -> mean-reversion strategy | Signal: HOLD | Shares held: 0.0 | Last price: $223.38
2026-10-06 19:26:54,461 | [ALL] ACTION: No trade.
2026-10-06 19:26:54,490 | [ALLE] choppy/sideways (ADX 12.6) -> mean-reversion strategy | Signal: HOLD | Shares held: 0.0 | Last price: $155.35
2026-10-06 19:26:54,490 | [ALLE] ACTION: No trade.
2026-10-06 19:26:54,519 | [AMAT] choppy/sideways (ADX 15.0) -> mean-reversion strategy | Signal: HOLD | Shares held: 0.0 | Last price: $529.48
2026-10-06 19:26:54,519 | [AMAT] ACTION: No trade.
2026-10-06 19:26:54,549 | [AMCR] choppy/sideways (ADX 16.8) -> mean-reversion strategy | Signal: HOLD | Shares held: 0.0 | Last price: $41.83
2026-10-06 19:26:54,549 | [AMCR] ACTION: No trade.
2026-10-06 19:26:54,578 | [AMD] trending (ADX 47.5) -> trend-following strategy | Signal: HOLD | Shares held: 0.0 | Last price: $655.43
2026-10-06 19:26:54,578 | [AMD] ACTION: No trade.
2026-10-06 19:26:54,608 | [AME] choppy/sideways (ADX 15.5) -> mean-reversion strategy | Signal: HOLD | Shares held: 0.0 | Last price: $253.71
2026-10-06 19:26:54,608 | [AME] ACTION: No trade.
2026-10-06 19:26:54,637 | [AMGN] choppy/sideways (ADX 12.8) -> mean-reversion strategy | Signal: HOLD | Shares held: 0.0 | Last price: $401.75
2026-10-06 19:26:54,637 | [AMGN] ACTION: No trade.
2026-10-06 19:26:54,667 | [AMP] choppy/sideways (ADX 18.0) -> mean-reversion strategy | Signal: HOLD | Shares held: 0.0 | Last price: $494.16
2026-10-06 19:26:54,667 | [AMP] ACTION: No trade.
2026-10-06 19:26:54,696 | [AMT] choppy/sideways (ADX 21.2) -> mean-reversion strategy | Signal: HOLD | Shares held: 0.0 | Last price: $164.48
2026-10-06 19:26:54,697 | [AMT] ACTION: No trade.
2026-10-06 19:26:54,727 | [AMZN] trending (ADX 34.3) -> trend-following strategy | Signal: HOLD | Shares held: 0.0 | Last price: $256.28
2026-10-06 19:26:54,727 | [AMZN] ACTION: No trade.
2026-10-06 19:26:54,756 | [ANET] trending (ADX 31.0) -> trend-following strategy | Signal: HOLD | Shares held: 0.0 | Last price: $215.45
2026-10-06 19:26:54,756 | [ANET] ACTION: No trade.
2026-10-06 19:26:54,786 | [AON] choppy/sideways (ADX 21.0) -> mean-reversion strategy | Signal: HOLD | Shares held: 0.0 | Last price: $273.27
2026-10-06 19:26:54,786 | [AON] ACTION: No trade.
2026-10-06 19:26:54,815 | [APA] choppy/sideways (ADX 12.3) -> mean-reversion strategy | Signal: HOLD | Shares held: 0.0 | Last price: $44.34
2026-10-06 19:26:54,816 | [APA] ACTION: No trade.
2026-10-06 19:26:54,845 | [APD] choppy/sideways (ADX 16.6) -> mean-reversion strategy | Signal: HOLD | Shares held: 0.0 | Last price: $280.81
2026-10-06 19:26:54,845 | [APD] ACTION: No trade.
2026-10-06 19:26:54,875 | [APH] choppy/sideways (ADX 23.2) -> mean-reversion strategy | Signal: HOLD | Shares held: 0.0 | Last price: $88.78
2026-10-06 19:26:54,875 | [APH] ACTION: No trade.
2026-10-06 19:26:54,904 | [APO] choppy/sideways (ADX 17.4) -> mean-reversion strategy | Signal: HOLD | Shares held: 0.0 | Last price: $115.39
2026-10-06 19:26:54,904 | [APO] ACTION: No trade.
2026-10-06 19:26:54,934 | [APP] trending (ADX 31.4) -> trend-following strategy | Signal: HOLD | Shares held: 0.0 | Last price: $278.14
2026-10-06 19:26:54,934 | [APP] ACTION: No trade.
2026-10-06 19:26:54,964 | [APTV] choppy/sideways (ADX 17.7) -> mean-reversion strategy | Signal: HOLD | Shares held: 0.0 | Last price: $44.60
2026-10-06 19:26:54,964 | [APTV] ACTION: No trade.
2026-10-06 19:26:54,993 | [ARE] choppy/sideways (ADX 16.5) -> mean-reversion strategy | Signal: HOLD | Shares held: 0.0 | Last price: $46.22
2026-10-06 19:26:54,993 | [ARE] ACTION: No trade.
2026-10-06 19:26:55,023 | [ARES] choppy/sideways (ADX 10.5) -> mean-reversion strategy | Signal: HOLD | Shares held: 0.0 | Last price: $118.38
2026-10-06 19:26:55,023 | [ARES] ACTION: No trade.
2026-10-06 19:26:55,053 | [ATO] choppy/sideways (ADX 21.6) -> mean-reversion strategy | Signal: HOLD | Shares held: 0.0 | Last price: $158.62
2026-10-06 19:26:55,053 | [ATO] ACTION: No trade.
2026-10-06 19:26:55,083 | [AVGO] trending (ADX 56.7) -> trend-following strategy | Signal: HOLD | Shares held: 0.0 | Last price: $378.08
2026-10-06 19:26:55,083 | [AVGO] ACTION: No trade.
2026-10-06 19:26:55,112 | [AVY] choppy/sideways (ADX 23.2) -> mean-reversion strategy | Signal: HOLD | Shares held: 0.0 | Last price: $168.56
2026-10-06 19:26:55,112 | [AVY] ACTION: No trade.
2026-10-06 19:26:55,142 | [AWK] choppy/sideways (ADX 19.0) -> mean-reversion strategy | Signal: HOLD | Shares held: 0.0 | Last price: $127.27
2026-10-06 19:26:55,142 | [AWK] ACTION: No trade.
2026-10-06 19:26:55,172 | [AXON] choppy/sideways (ADX 16.4) -> mean-reversion strategy | Signal: HOLD | Shares held: 0.0 | Last price: $422.13
2026-10-06 19:26:55,172 | [AXON] ACTION: No trade.
2026-10-06 19:26:55,201 | [AXP] choppy/sideways (ADX 18.3) -> mean-reversion strategy | Signal: HOLD | Shares held: 0.0 | Last price: $303.94
2026-10-06 19:26:55,201 | [AXP] ACTION: No trade.
2026-10-06 19:26:55,232 | [AZO] trending (ADX 34.1) -> trend-following strategy | Signal: HOLD | Shares held: 0.0 | Last price: $2916.44
2026-10-06 19:26:55,232 | [AZO] ACTION: No trade.
2026-10-06 19:26:55,263 | [BA] choppy/sideways (ADX 23.8) -> mean-reversion strategy | Signal: HOLD | Shares held: 0.0 | Last price: $189.78
2026-10-06 19:26:55,264 | [BA] ACTION: No trade.
2026-10-06 19:26:55,294 | [BAC] choppy/sideways (ADX 14.2) -> mean-reversion strategy | Signal: HOLD | Shares held: 0.0 | Last price: $54.03
2026-10-06 19:26:55,294 | [BAC] ACTION: No trade.
2026-10-06 19:26:55,324 | [BALL] choppy/sideways (ADX 22.4) -> mean-reversion strategy | Signal: HOLD | Shares held: 0.0 | Last price: $57.48
2026-10-06 19:26:55,324 | [BALL] ACTION: No trade.
2026-10-06 19:26:55,355 | [BAX] choppy/sideways (ADX 20.3) -> mean-reversion strategy | Signal: HOLD | Shares held: 0.0 | Last price: $24.29
2026-10-06 19:26:55,355 | [BAX] ACTION: No trade.
2026-10-06 19:26:55,385 | [BBY] choppy/sideways (ADX 16.5) -> mean-reversion strategy | Signal: HOLD | Shares held: 0.0 | Last price: $85.48
2026-10-06 19:26:55,385 | [BBY] ACTION: No trade.
2026-10-06 19:26:55,414 | [BDX] choppy/sideways (ADX 20.2) -> mean-reversion strategy | Signal: HOLD | Shares held: 0.0 | Last price: $180.91
2026-10-06 19:26:55,415 | [BDX] ACTION: No trade.
2026-10-06 19:26:55,444 | [BE] trending (ADX 28.3) -> trend-following strategy | Signal: HOLD | Shares held: 0.0 | Last price: $299.01
2026-10-06 19:26:55,444 | [BE] ACTION: No trade.
2026-10-06 19:26:55,474 | [BEN] trending (ADX 31.5) -> trend-following strategy | Signal: HOLD | Shares held: 0.0 | Last price: $32.51
2026-10-06 19:26:55,474 | [BEN] ACTION: No trade.
2026-10-06 19:26:55,504 | [BG] choppy/sideways (ADX 13.0) -> mean-reversion strategy | Signal: HOLD | Shares held: 0.0 | Last price: $107.38
2026-10-06 19:26:55,504 | [BG] ACTION: No trade.
2026-10-06 19:26:55,533 | [BIIB] choppy/sideways (ADX 16.9) -> mean-reversion strategy | Signal: HOLD | Shares held: 0.0 | Last price: $223.50
2026-10-06 19:26:55,533 | [BIIB] ACTION: No trade.
2026-10-06 19:26:55,563 | [BKNG] choppy/sideways (ADX 22.3) -> mean-reversion strategy | Signal: HOLD | Shares held: 0.0 | Last price: $157.00
2026-10-06 19:26:55,563 | [BKNG] ACTION: No trade.
2026-10-06 19:26:55,593 | [BKR] choppy/sideways (ADX 12.1) -> mean-reversion strategy | Signal: HOLD | Shares held: 0.0 | Last price: $57.35
2026-10-06 19:26:55,593 | [BKR] ACTION: No trade.
2026-10-06 19:26:55,622 | [BLK] choppy/sideways (ADX 19.9) -> mean-reversion strategy | Signal: HOLD | Shares held: 0.0 | Last price: $1081.99
2026-10-06 19:26:55,622 | [BLK] ACTION: No trade.
2026-10-06 19:26:55,652 | [BMY] choppy/sideways (ADX 12.6) -> mean-reversion strategy | Signal: HOLD | Shares held: 0.0 | Last price: $59.27
2026-10-06 19:26:55,652 | [BMY] ACTION: No trade.
2026-10-06 19:26:55,681 | [BNY] choppy/sideways (ADX 24.8) -> mean-reversion strategy | Signal: HOLD | Shares held: 0.0 | Last price: $143.58
2026-10-06 19:26:55,681 | [BNY] ACTION: No trade.
2026-10-06 19:26:55,712 | [BR] choppy/sideways (ADX 17.3) -> mean-reversion strategy | Signal: HOLD | Shares held: 0.0 | Last price: $159.04
2026-10-06 19:26:55,712 | [BR] ACTION: No trade.
2026-10-06 19:26:55,742 | [BRK.B] choppy/sideways (ADX 17.3) -> mean-reversion strategy | Signal: HOLD | Shares held: 0.0 | Last price: $506.26
2026-10-06 19:26:55,742 | [BRK.B] ACTION: No trade.
2026-10-06 19:26:55,772 | [BRO] choppy/sideways (ADX 10.5) -> mean-reversion strategy | Signal: HOLD | Shares held: 0.0 | Last price: $60.88
2026-10-06 19:26:55,772 | [BRO] ACTION: No trade.
2026-10-06 19:26:55,801 | [BSX] choppy/sideways (ADX 24.1) -> mean-reversion strategy | Signal: HOLD | Shares held: 0.0 | Last price: $42.08
2026-10-06 19:26:55,801 | [BSX] ACTION: No trade.
2026-10-06 19:26:55,832 | [BX] choppy/sideways (ADX 10.8) -> mean-reversion strategy | Signal: HOLD | Shares held: 0.0 | Last price: $113.01
2026-10-06 19:26:55,832 | [BX] ACTION: No trade.
2026-10-06 19:26:55,863 | [C] choppy/sideways (ADX 17.0) -> mean-reversion strategy | Signal: HOLD | Shares held: 0.0 | Last price: $128.06
2026-10-06 19:26:55,863 | [C] ACTION: No trade.
2026-10-06 19:26:55,893 | [CAH] trending (ADX 27.9) -> trend-following strategy | Signal: HOLD | Shares held: 0.0 | Last price: $233.29
2026-10-06 19:26:55,893 | [CAH] ACTION: No trade.
2026-10-06 19:26:55,923 | [CARR] trending (ADX 25.9) -> trend-following strategy | Signal: HOLD | Shares held: 0.0 | Last price: $56.27
2026-10-06 19:26:55,923 | [CARR] ACTION: No trade.
2026-10-06 19:26:55,952 | [CASY] choppy/sideways (ADX 21.4) -> mean-reversion strategy | Signal: HOLD | Shares held: 0.0 | Last price: $615.88
2026-10-06 19:26:55,952 | [CASY] ACTION: No trade.
2026-10-06 19:26:55,982 | [CAT] choppy/sideways (ADX 19.6) -> mean-reversion strategy | Signal: HOLD | Shares held: 0.0 | Last price: $866.50
2026-10-06 19:26:55,982 | [CAT] ACTION: No trade.
2026-10-06 19:26:56,012 | [CB] choppy/sideways (ADX 16.4) -> mean-reversion strategy | Signal: HOLD | Shares held: 0.0 | Last price: $334.62
2026-10-06 19:26:56,012 | [CB] ACTION: No trade.
2026-10-06 19:26:56,041 | [CBOE] choppy/sideways (ADX 12.2) -> mean-reversion strategy | Signal: HOLD | Shares held: 0.0 | Last price: $278.31
2026-10-06 19:26:56,041 | [CBOE] ACTION: No trade.
2026-10-06 19:26:56,071 | [CBRE] choppy/sideways (ADX 17.5) -> mean-reversion strategy | Signal: HOLD | Shares held: 0.0 | Last price: $130.91
2026-10-06 19:26:56,071 | [CBRE] ACTION: No trade.
2026-10-06 19:26:56,101 | [CCI] trending (ADX 36.2) -> trend-following strategy | Signal: HOLD | Shares held: 0.0 | Last price: $68.28
2026-10-06 19:26:56,101 | [CCI] ACTION: No trade.
2026-10-06 19:26:56,130 | [CCL] trending (ADX 31.3) -> trend-following strategy | Signal: HOLD | Shares held: 0.0 | Last price: $26.51
2026-10-06 19:26:56,130 | [CCL] ACTION: No trade.
2026-10-06 19:26:56,160 | [CDNS] trending (ADX 27.8) -> trend-following strategy | Signal: HOLD | Shares held: 0.0 | Last price: $361.36
2026-10-06 19:26:56,160 | [CDNS] ACTION: No trade.
2026-10-06 19:26:56,190 | [CDW] choppy/sideways (ADX 15.5) -> mean-reversion strategy | Signal: HOLD | Shares held: 0.0 | Last price: $135.90
2026-10-06 19:26:56,190 | [CDW] ACTION: No trade.
2026-10-06 19:26:56,220 | [CEG] trending (ADX 45.3) -> trend-following strategy | Signal: HOLD | Shares held: 0.0 | Last price: $299.08
2026-10-06 19:26:56,220 | [CEG] ACTION: No trade.
2026-10-06 19:26:56,249 | [CF] choppy/sideways (ADX 15.1) -> mean-reversion strategy | Signal: HOLD | Shares held: 0.0 | Last price: $115.92
2026-10-06 19:26:56,250 | [CF] ACTION: No trade.
2026-10-06 19:26:56,279 | [CFG] trending (ADX 32.8) -> trend-following strategy | Signal: HOLD | Shares held: 0.0 | Last price: $63.94
2026-10-06 19:26:56,279 | [CFG] ACTION: No trade.
2026-10-06 19:26:56,309 | [CHD] trending (ADX 27.5) -> trend-following strategy | Signal: SELL | Shares held: 0.0 | Last price: $96.25
2026-10-06 19:26:56,309 | [CHD] ACTION: No trade.
2026-10-06 19:26:56,339 | [CHRW] trending (ADX 31.5) -> trend-following strategy | Signal: HOLD | Shares held: 0.0 | Last price: $137.50
2026-10-06 19:26:56,339 | [CHRW] ACTION: No trade.
2026-10-06 19:26:56,368 | [CHTR] choppy/sideways (ADX 20.8) -> mean-reversion strategy | Signal: HOLD | Shares held: 0.0 | Last price: $108.91
2026-10-06 19:26:56,368 | [CHTR] ACTION: No trade.
2026-10-06 19:26:56,398 | [CI] choppy/sideways (ADX 19.8) -> mean-reversion strategy | Signal: SELL | Shares held: 0.0 | Last price: $275.48
2026-10-06 19:26:56,398 | [CI] ACTION: No trade.
2026-10-06 19:26:56,428 | [CIEN] trending (ADX 49.2) -> trend-following strategy | Signal: HOLD | Shares held: 0.0 | Last price: $440.31
2026-10-06 19:26:56,428 | [CIEN] ACTION: No trade.
2026-10-06 19:26:56,457 | [CINF] choppy/sideways (ADX 24.2) -> mean-reversion strategy | Signal: HOLD | Shares held: 0.0 | Last price: $162.68
2026-10-06 19:26:56,457 | [CINF] ACTION: No trade.
2026-10-06 19:26:56,487 | [CL] trending (ADX 44.0) -> trend-following strategy | Signal: HOLD | Shares held: 0.0 | Last price: $87.29
2026-10-06 19:26:56,487 | [CL] ACTION: No trade.
2026-10-06 19:26:56,517 | [CLX] trending (ADX 45.9) -> trend-following strategy | Signal: HOLD | Shares held: 0.0 | Last price: $83.88
2026-10-06 19:26:56,517 | [CLX] ACTION: No trade.
2026-10-06 19:26:56,547 | [CMCSA] choppy/sideways (ADX 13.3) -> mean-reversion strategy | Signal: HOLD | Shares held: 0.0 | Last price: $21.52
2026-10-06 19:26:56,547 | [CMCSA] ACTION: No trade.
2026-10-06 19:26:56,577 | [CME] choppy/sideways (ADX 15.4) -> mean-reversion strategy | Signal: HOLD | Shares held: 0.0 | Last price: $270.29
2026-10-06 19:26:56,577 | [CME] ACTION: No trade.
2026-10-06 19:26:56,631 | [CMG] choppy/sideways (ADX 17.3) -> mean-reversion strategy | Signal: HOLD | Shares held: 0.0 | Last price: $30.80
2026-10-06 19:26:56,631 | [CMG] ACTION: No trade.
2026-10-06 19:26:56,661 | [CMI] choppy/sideways (ADX 8.3) -> mean-reversion strategy | Signal: HOLD | Shares held: 0.0 | Last price: $533.57
2026-10-06 19:26:56,661 | [CMI] ACTION: No trade.
2026-10-06 19:26:56,691 | [CMS] trending (ADX 36.5) -> trend-following strategy | Signal: HOLD | Shares held: 0.0 | Last price: $64.77
2026-10-06 19:26:56,691 | [CMS] ACTION: No trade.
2026-10-06 19:26:56,721 | [CNC] trending (ADX 29.8) -> trend-following strategy | Signal: HOLD | Shares held: 0.0 | Last price: $64.42
2026-10-06 19:26:56,721 | [CNC] ACTION: No trade.
2026-10-06 19:26:56,750 | [CNP] trending (ADX 37.5) -> trend-following strategy | Signal: HOLD | Shares held: 0.0 | Last price: $38.44
2026-10-06 19:26:56,750 | [CNP] ACTION: No trade.
2026-10-06 19:26:56,780 | [COF] choppy/sideways (ADX 17.4) -> mean-reversion strategy | Signal: HOLD | Shares held: 0.0 | Last price: $195.89
2026-10-06 19:26:56,780 | [COF] ACTION: No trade.
2026-10-06 19:26:56,809 | [COHR] choppy/sideways (ADX 20.2) -> mean-reversion strategy | Signal: HOLD | Shares held: 0.0 | Last price: $336.45
2026-10-06 19:26:56,810 | [COHR] ACTION: No trade.
2026-10-06 19:26:56,839 | [COIN] choppy/sideways (ADX 20.6) -> mean-reversion strategy | Signal: HOLD | Shares held: 0.0 | Last price: $185.69
2026-10-06 19:26:56,839 | [COIN] ACTION: No trade.
2026-10-06 19:26:56,869 | [COO] choppy/sideways (ADX 13.3) -> mean-reversion strategy | Signal: HOLD | Shares held: 0.0 | Last price: $56.27
2026-10-06 19:26:56,869 | [COO] ACTION: No trade.
2026-10-06 19:26:56,898 | [COP] choppy/sideways (ADX 15.3) -> mean-reversion strategy | Signal: HOLD | Shares held: 0.0 | Last price: $129.50
2026-10-06 19:26:56,898 | [COP] ACTION: No trade.
2026-10-06 19:26:56,928 | [COR] choppy/sideways (ADX 17.2) -> mean-reversion strategy | Signal: HOLD | Shares held: 0.0 | Last price: $315.03
2026-10-06 19:26:56,928 | [COR] ACTION: No trade.
2026-10-06 19:26:56,957 | [COST] trending (ADX 47.6) -> trend-following strategy | Signal: HOLD | Shares held: 0.0 | Last price: $934.10
2026-10-06 19:26:56,957 | [COST] ACTION: No trade.
2026-10-06 19:26:56,987 | [CPAY] choppy/sideways (ADX 18.7) -> mean-reversion strategy | Signal: HOLD | Shares held: 0.0 | Last price: $405.82
2026-10-06 19:26:56,987 | [CPAY] ACTION: No trade.
2026-10-06 19:26:57,017 | [CPRT] trending (ADX 31.6) -> trend-following strategy | Signal: HOLD | Shares held: 0.0 | Last price: $26.75
2026-10-06 19:26:57,017 | [CPRT] ACTION: No trade.
2026-10-06 19:26:57,046 | [CPT] choppy/sideways (ADX 22.1) -> mean-reversion strategy | Signal: HOLD | Shares held: 0.0 | Last price: $97.76
2026-10-06 19:26:57,046 | [CPT] ACTION: No trade.
2026-10-06 19:26:57,076 | [CRH] trending (ADX 42.4) -> trend-following strategy | Signal: HOLD | Shares held: 0.0 | Last price: $83.97
2026-10-06 19:26:57,076 | [CRH] ACTION: No trade.
2026-10-06 19:26:57,106 | [CRL] choppy/sideways (ADX 18.6) -> mean-reversion strategy | Signal: HOLD | Shares held: 0.0 | Last price: $305.43
2026-10-06 19:26:57,106 | [CRL] ACTION: No trade.
2026-10-06 19:26:57,135 | [CRM] trending (ADX 34.4) -> trend-following strategy | Signal: HOLD | Shares held: 0.0 | Last price: $223.04
2026-10-06 19:26:57,135 | [CRM] ACTION: No trade.
2026-10-06 19:26:57,165 | [CRWD] trending (ADX 28.2) -> trend-following strategy | Signal: HOLD | Shares held: 0.0 | Last price: $278.88
2026-10-06 19:26:57,165 | [CRWD] ACTION: No trade.
2026-10-06 19:26:57,197 | [CSCO] trending (ADX 58.7) -> trend-following strategy | Signal: HOLD | Shares held: 0.0 | Last price: $118.02
2026-10-06 19:26:57,197 | [CSCO] ACTION: No trade.
2026-10-06 19:26:57,227 | [CSGP] trending (ADX 31.7) -> trend-following strategy | Signal: HOLD | Shares held: 0.0 | Last price: $27.75
2026-10-06 19:26:57,227 | [CSGP] ACTION: No trade.
2026-10-06 19:26:57,257 | [CSX] choppy/sideways (ADX 10.7) -> mean-reversion strategy | Signal: HOLD | Shares held: 0.0 | Last price: $47.48
2026-10-06 19:26:57,257 | [CSX] ACTION: No trade.
2026-10-06 19:26:57,287 | [CTAS] choppy/sideways (ADX 21.1) -> mean-reversion strategy | Signal: HOLD | Shares held: 0.0 | Last price: $195.47
2026-10-06 19:26:57,287 | [CTAS] ACTION: No trade.
2026-10-06 19:26:57,317 | [CTSH] trending (ADX 51.4) -> trend-following strategy | Signal: HOLD | Shares held: 0.0 | Last price: $57.01
2026-10-06 19:26:57,317 | [CTSH] ACTION: No trade.
2026-10-06 19:26:57,347 | [CTVA] trending (ADX 49.5) -> trend-following strategy | Signal: HOLD | Shares held: 0.0 | Last price: $13.96
2026-10-06 19:26:57,347 | [CTVA] ACTION: No trade.
2026-10-06 19:26:57,377 | [CVNA] choppy/sideways (ADX 23.0) -> mean-reversion strategy | Signal: HOLD | Shares held: 0.0 | Last price: $62.95
2026-10-06 19:26:57,377 | [CVNA] ACTION: No trade.
2026-10-06 19:26:57,407 | [CVS] choppy/sideways (ADX 14.8) -> mean-reversion strategy | Signal: HOLD | Shares held: 0.0 | Last price: $86.20
2026-10-06 19:26:57,407 | [CVS] ACTION: No trade.
2026-10-06 19:26:57,437 | [CVX] trending (ADX 28.0) -> trend-following strategy | Signal: HOLD | Shares held: 0.0 | Last price: $208.53
2026-10-06 19:26:57,437 | [CVX] ACTION: No trade.
2026-10-06 19:26:57,466 | [D] choppy/sideways (ADX 19.3) -> mean-reversion strategy | Signal: HOLD | Shares held: 0.0 | Last price: $61.67
2026-10-06 19:26:57,466 | [D] ACTION: No trade.
2026-10-06 19:26:57,495 | [DAL] choppy/sideways (ADX 21.5) -> mean-reversion strategy | Signal: HOLD | Shares held: 0.0 | Last price: $83.19
2026-10-06 19:26:57,495 | [DAL] ACTION: No trade.
2026-10-06 19:26:57,524 | [DASH] choppy/sideways (ADX 14.0) -> mean-reversion strategy | Signal: HOLD | Shares held: 0.0 | Last price: $193.24
2026-10-06 19:26:57,524 | [DASH] ACTION: No trade.
2026-10-06 19:26:57,554 | [DD] trending (ADX 36.3) -> trend-following strategy | Signal: HOLD | Shares held: 0.0 | Last price: $133.59
2026-10-06 19:26:57,554 | [DD] ACTION: No trade.
2026-10-06 19:26:57,583 | [DDOG] choppy/sideways (ADX 8.7) -> mean-reversion strategy | Signal: HOLD | Shares held: 0.0 | Last price: $277.90
2026-10-06 19:26:57,583 | [DDOG] ACTION: No trade.
2026-10-06 19:26:57,612 | [DE] choppy/sideways (ADX 21.6) -> mean-reversion strategy | Signal: HOLD | Shares held: 0.0 | Last price: $684.08
2026-10-06 19:26:57,612 | [DE] ACTION: No trade.
2026-10-06 19:26:57,642 | [DECK] choppy/sideways (ADX 21.2) -> mean-reversion strategy | Signal: HOLD | Shares held: 0.0 | Last price: $81.08
2026-10-06 19:26:57,642 | [DECK] ACTION: No trade.
2026-10-06 19:26:57,671 | [DELL] choppy/sideways (ADX 24.1) -> mean-reversion strategy | Signal: HOLD | Shares held: 0.0 | Last price: $576.66
2026-10-06 19:26:57,671 | [DELL] ACTION: No trade.
2026-10-06 19:26:57,701 | [DG] trending (ADX 28.7) -> trend-following strategy | Signal: HOLD | Shares held: 0.0 | Last price: $123.50
2026-10-06 19:26:57,701 | [DG] ACTION: No trade.
2026-10-06 19:26:57,731 | [DGX] trending (ADX 37.3) -> trend-following strategy | Signal: HOLD | Shares held: 0.0 | Last price: $227.12
2026-10-06 19:26:57,731 | [DGX] ACTION: No trade.
2026-10-06 19:26:57,760 | [DHI] trending (ADX 29.4) -> trend-following strategy | Signal: HOLD | Shares held: 0.0 | Last price: $137.44
2026-10-06 19:26:57,761 | [DHI] ACTION: No trade.
2026-10-06 19:26:57,790 | [DHR] choppy/sideways (ADX 12.2) -> mean-reversion strategy | Signal: HOLD | Shares held: 0.0 | Last price: $215.89
2026-10-06 19:26:57,790 | [DHR] ACTION: No trade.
2026-10-06 19:26:57,820 | [DIS] choppy/sideways (ADX 22.6) -> mean-reversion strategy | Signal: HOLD | Shares held: 0.0 | Last price: $104.05
2026-10-06 19:26:57,820 | [DIS] ACTION: No trade.
2026-10-06 19:26:57,849 | [DLR] trending (ADX 42.6) -> trend-following strategy | Signal: HOLD | Shares held: 0.0 | Last price: $184.78
2026-10-06 19:26:57,849 | [DLR] ACTION: No trade.
2026-10-06 19:26:57,879 | [DLTR] trending (ADX 30.9) -> trend-following strategy | Signal: HOLD | Shares held: 0.0 | Last price: $116.34
2026-10-06 19:26:57,879 | [DLTR] ACTION: No trade.
2026-10-06 19:26:57,909 | [DOC] trending (ADX 30.3) -> trend-following strategy | Signal: HOLD | Shares held: 0.0 | Last price: $18.91
2026-10-06 19:26:57,909 | [DOC] ACTION: No trade.
2026-10-06 19:26:57,939 | [DOV] choppy/sideways (ADX 24.2) -> mean-reversion strategy | Signal: HOLD | Shares held: 0.0 | Last price: $192.26
2026-10-06 19:26:57,939 | [DOV] ACTION: No trade.
2026-10-06 19:26:57,969 | [DOW] choppy/sideways (ADX 15.6) -> mean-reversion strategy | Signal: HOLD | Shares held: 0.0 | Last price: $28.14
2026-10-06 19:26:57,969 | [DOW] ACTION: No trade.
2026-10-06 19:26:57,999 | [DPZ] choppy/sideways (ADX 18.5) -> mean-reversion strategy | Signal: HOLD | Shares held: 0.0 | Last price: $302.02
2026-10-06 19:26:57,999 | [DPZ] ACTION: No trade.
2026-10-06 19:26:58,029 | [DRI] trending (ADX 32.9) -> trend-following strategy | Signal: HOLD | Shares held: 0.0 | Last price: $202.38
2026-10-06 19:26:58,029 | [DRI] ACTION: No trade.
2026-10-06 19:26:58,059 | [DTE] trending (ADX 32.7) -> trend-following strategy | Signal: HOLD | Shares held: 0.0 | Last price: $127.14
2026-10-06 19:26:58,059 | [DTE] ACTION: No trade.
2026-10-06 19:26:58,088 | [DUK] choppy/sideways (ADX 19.2) -> mean-reversion strategy | Signal: HOLD | Shares held: 0.0 | Last price: $114.73
2026-10-06 19:26:58,088 | [DUK] ACTION: No trade.
2026-10-06 19:26:58,118 | [DVN] choppy/sideways (ADX 20.5) -> mean-reversion strategy | Signal: HOLD | Shares held: 0.0 | Last price: $48.16
2026-10-06 19:26:58,118 | [DVN] ACTION: No trade.
2026-10-06 19:26:58,147 | [DXCM] trending (ADX 50.3) -> trend-following strategy | Signal: HOLD | Shares held: 0.0 | Last price: $83.47
2026-10-06 19:26:58,147 | [DXCM] ACTION: No trade.
2026-10-06 19:26:58,177 | [EBAY] choppy/sideways (ADX 15.5) -> mean-reversion strategy | Signal: HOLD | Shares held: 0.0 | Last price: $106.78
2026-10-06 19:26:58,177 | [EBAY] ACTION: No trade.
2026-10-06 19:26:58,208 | [ECHO] choppy/sideways (ADX 22.1) -> mean-reversion strategy | Signal: HOLD | Shares held: 0.0 | Last price: $99.23
2026-10-06 19:26:58,208 | [ECHO] ACTION: No trade.
2026-10-06 19:26:58,238 | [ECL] choppy/sideways (ADX 16.2) -> mean-reversion strategy | Signal: HOLD | Shares held: 0.0 | Last price: $279.86
2026-10-06 19:26:58,238 | [ECL] ACTION: No trade.
2026-10-06 19:26:58,268 | [ED] trending (ADX 29.7) -> trend-following strategy | Signal: HOLD | Shares held: 0.0 | Last price: $104.59
2026-10-06 19:26:58,268 | [ED] ACTION: No trade.
2026-10-06 19:26:58,299 | [EFX] choppy/sideways (ADX 15.9) -> mean-reversion strategy | Signal: HOLD | Shares held: 0.0 | Last price: $143.28
2026-10-06 19:26:58,299 | [EFX] ACTION: No trade.
2026-10-06 19:26:58,329 | [EG] choppy/sideways (ADX 15.5) -> mean-reversion strategy | Signal: HOLD | Shares held: 0.0 | Last price: $367.47
2026-10-06 19:26:58,329 | [EG] ACTION: No trade.
2026-10-06 19:26:58,358 | [EIX] choppy/sideways (ADX 23.2) -> mean-reversion strategy | Signal: HOLD | Shares held: 0.0 | Last price: $53.70
2026-10-06 19:26:58,358 | [EIX] ACTION: No trade.
2026-10-06 19:26:58,388 | [EL] choppy/sideways (ADX 17.1) -> mean-reversion strategy | Signal: HOLD | Shares held: 0.0 | Last price: $93.77
2026-10-06 19:26:58,388 | [EL] ACTION: No trade.
2026-10-06 19:26:58,418 | [ELV] trending (ADX 55.9) -> trend-following strategy | Signal: HOLD | Shares held: 0.0 | Last price: $400.69
2026-10-06 19:26:58,418 | [ELV] ACTION: No trade.
2026-10-06 19:26:58,448 | [EME] trending (ADX 42.8) -> trend-following strategy | Signal: HOLD | Shares held: 0.0 | Last price: $827.01
2026-10-06 19:26:58,448 | [EME] ACTION: No trade.
2026-10-06 19:26:58,477 | [EMR] choppy/sideways (ADX 17.4) -> mean-reversion strategy | Signal: HOLD | Shares held: 0.0 | Last price: $162.91
2026-10-06 19:26:58,477 | [EMR] ACTION: No trade.
2026-10-06 19:26:58,507 | [EOG] choppy/sideways (ADX 12.8) -> mean-reversion strategy | Signal: HOLD | Shares held: 0.0 | Last price: $144.71
2026-10-06 19:26:58,507 | [EOG] ACTION: No trade.
2026-10-06 19:26:58,537 | [EQIX] trending (ADX 35.7) -> trend-following strategy | Signal: HOLD | Shares held: 0.0 | Last price: $1051.33
2026-10-06 19:26:58,537 | [EQIX] ACTION: No trade.
2026-10-06 19:26:58,566 | [EQT] trending (ADX 38.5) -> trend-following strategy | Signal: HOLD | Shares held: 0.0 | Last price: $52.38
2026-10-06 19:26:58,566 | [EQT] ACTION: No trade.
2026-10-06 19:26:58,596 | [ES] choppy/sideways (ADX 10.4) -> mean-reversion strategy | Signal: HOLD | Shares held: 0.0 | Last price: $64.75
2026-10-06 19:26:58,596 | [ES] ACTION: No trade.
2026-10-06 19:26:58,625 | [ESS] choppy/sideways (ADX 23.9) -> mean-reversion strategy | Signal: HOLD | Shares held: 0.0 | Last price: $273.84
2026-10-06 19:26:58,625 | [ESS] ACTION: No trade.
2026-10-06 19:26:58,655 | [ETN] choppy/sideways (ADX 14.1) -> mean-reversion strategy | Signal: HOLD | Shares held: 0.0 | Last price: $443.70
2026-10-06 19:26:58,655 | [ETN] ACTION: No trade.
2026-10-06 19:26:58,684 | [ETR] trending (ADX 38.1) -> trend-following strategy | Signal: HOLD | Shares held: 0.0 | Last price: $102.62
2026-10-06 19:26:58,684 | [ETR] ACTION: No trade.
2026-10-06 19:26:58,714 | [EVRG] trending (ADX 25.8) -> trend-following strategy | Signal: HOLD | Shares held: 0.0 | Last price: $80.03
2026-10-06 19:26:58,715 | [EVRG] ACTION: No trade.
2026-10-06 19:26:58,744 | [EW] choppy/sideways (ADX 23.3) -> mean-reversion strategy | Signal: HOLD | Shares held: 0.0 | Last price: $86.39
2026-10-06 19:26:58,744 | [EW] ACTION: No trade.
2026-10-06 19:26:58,775 | [EXC] trending (ADX 31.0) -> trend-following strategy | Signal: HOLD | Shares held: 0.0 | Last price: $41.34
2026-10-06 19:26:58,775 | [EXC] ACTION: No trade.
2026-10-06 19:26:58,804 | [EXE] trending (ADX 27.4) -> trend-following strategy | Signal: HOLD | Shares held: 0.0 | Last price: $88.34
2026-10-06 19:26:58,804 | [EXE] ACTION: No trade.
2026-10-06 19:26:58,834 | [EXPD] choppy/sideways (ADX 16.7) -> mean-reversion strategy | Signal: HOLD | Shares held: 0.0 | Last price: $192.62
2026-10-06 19:26:58,834 | [EXPD] ACTION: No trade.
2026-10-06 19:26:58,864 | [EXPE] trending (ADX 29.3) -> trend-following strategy | Signal: HOLD | Shares held: 0.0 | Last price: $258.37
2026-10-06 19:26:58,864 | [EXPE] ACTION: No trade.
2026-10-06 19:26:58,893 | [EXR] choppy/sideways (ADX 23.5) -> mean-reversion strategy | Signal: HOLD | Shares held: 0.0 | Last price: $134.59
2026-10-06 19:26:58,893 | [EXR] ACTION: No trade.
2026-10-06 19:26:58,923 | [F] choppy/sideways (ADX 21.1) -> mean-reversion strategy | Signal: HOLD | Shares held: 0.0 | Last price: $12.20
2026-10-06 19:26:58,923 | [F] ACTION: No trade.
2026-10-06 19:26:58,952 | [FANG] choppy/sideways (ADX 13.4) -> mean-reversion strategy | Signal: HOLD | Shares held: 0.0 | Last price: $185.29
2026-10-06 19:26:58,952 | [FANG] ACTION: No trade.
2026-10-06 19:26:58,982 | [FAST] choppy/sideways (ADX 13.9) -> mean-reversion strategy | Signal: HOLD | Shares held: 0.0 | Last price: $51.13
2026-10-06 19:26:58,982 | [FAST] ACTION: No trade.
2026-10-06 19:26:59,011 | [FCX] choppy/sideways (ADX 18.7) -> mean-reversion strategy | Signal: HOLD | Shares held: 0.0 | Last price: $73.05
2026-10-06 19:26:59,011 | [FCX] ACTION: No trade.
2026-10-06 19:26:59,041 | [FDS] trending (ADX 29.8) -> trend-following strategy | Signal: SELL | Shares held: 0.0 | Last price: $272.25
2026-10-06 19:26:59,041 | [FDS] ACTION: No trade.
2026-10-06 19:26:59,071 | [FDX] choppy/sideways (ADX 10.8) -> mean-reversion strategy | Signal: HOLD | Shares held: 0.0 | Last price: $288.44
2026-10-06 19:26:59,071 | [FDX] ACTION: No trade.
2026-10-06 19:26:59,100 | [FDXF] choppy/sideways (ADX 19.7) -> mean-reversion strategy | Signal: HOLD | Shares held: 0.0 | Last price: $110.69
2026-10-06 19:26:59,100 | [FDXF] ACTION: No trade.
2026-10-06 19:26:59,130 | [FE] trending (ADX 31.0) -> trend-following strategy | Signal: HOLD | Shares held: 0.0 | Last price: $44.08
2026-10-06 19:26:59,130 | [FE] ACTION: No trade.
2026-10-06 19:26:59,160 | [FERG] choppy/sideways (ADX 10.8) -> mean-reversion strategy | Signal: HOLD | Shares held: 0.0 | Last price: $225.11
2026-10-06 19:26:59,160 | [FERG] ACTION: No trade.
2026-10-06 19:26:59,189 | [FFIV] choppy/sideways (ADX 16.2) -> mean-reversion strategy | Signal: HOLD | Shares held: 0.0 | Last price: $469.62
2026-10-06 19:26:59,189 | [FFIV] ACTION: No trade.
2026-10-06 19:26:59,219 | [FICO] choppy/sideways (ADX 17.4) -> mean-reversion strategy | Signal: HOLD | Shares held: 0.0 | Last price: $693.05
2026-10-06 19:26:59,219 | [FICO] ACTION: No trade.
2026-10-06 19:26:59,249 | [FIS] trending (ADX 27.8) -> trend-following strategy | Signal: HOLD | Shares held: 0.0 | Last price: $33.48
2026-10-06 19:26:59,249 | [FIS] ACTION: No trade.
2026-10-06 19:26:59,279 | [FISV] trending (ADX 26.6) -> trend-following strategy | Signal: HOLD | Shares held: 0.0 | Last price: $45.54
2026-10-06 19:26:59,279 | [FISV] ACTION: No trade.
2026-10-06 19:26:59,309 | [FITB] choppy/sideways (ADX 23.4) -> mean-reversion strategy | Signal: HOLD | Shares held: 0.0 | Last price: $50.78
2026-10-06 19:26:59,309 | [FITB] ACTION: No trade.
2026-10-06 19:26:59,338 | [FIX] trending (ADX 38.4) -> trend-following strategy | Signal: HOLD | Shares held: 0.0 | Last price: $1820.26
2026-10-06 19:26:59,338 | [FIX] ACTION: No trade.
2026-10-06 19:26:59,368 | [FLEX] choppy/sideways (ADX 23.0) -> mean-reversion strategy | Signal: SELL | Shares held: 0.0 | Last price: $121.52
2026-10-06 19:26:59,368 | [FLEX] ACTION: No trade.
2026-10-06 19:26:59,397 | [FOXA] choppy/sideways (ADX 24.9) -> mean-reversion strategy | Signal: HOLD | Shares held: 0.0 | Last price: $62.00
2026-10-06 19:26:59,397 | [FOXA] ACTION: No trade.
2026-10-06 19:26:59,427 | [FRT] choppy/sideways (ADX 24.5) -> mean-reversion strategy | Signal: HOLD | Shares held: 0.0 | Last price: $106.03
2026-10-06 19:26:59,427 | [FRT] ACTION: No trade.
2026-10-06 19:26:59,457 | [FSLR] trending (ADX 34.4) -> trend-following strategy | Signal: HOLD | Shares held: 0.0 | Last price: $179.18
2026-10-06 19:26:59,457 | [FSLR] ACTION: No trade.
2026-10-06 19:26:59,487 | [FTNT] trending (ADX 40.1) -> trend-following strategy | Signal: HOLD | Shares held: 0.0 | Last price: $189.68
2026-10-06 19:26:59,487 | [FTNT] ACTION: No trade.
2026-10-06 19:26:59,516 | [FTV] choppy/sideways (ADX 14.9) -> mean-reversion strategy | Signal: HOLD | Shares held: 0.0 | Last price: $58.04
2026-10-06 19:26:59,516 | [FTV] ACTION: No trade.
2026-10-06 19:26:59,546 | [GD] choppy/sideways (ADX 14.9) -> mean-reversion strategy | Signal: HOLD | Shares held: 0.0 | Last price: $330.71
2026-10-06 19:26:59,546 | [GD] ACTION: No trade.
2026-10-06 19:26:59,575 | [GDDY] trending (ADX 26.3) -> trend-following strategy | Signal: HOLD | Shares held: 0.0 | Last price: $97.50
2026-10-06 19:26:59,576 | [GDDY] ACTION: No trade.
2026-10-06 19:26:59,605 | [GE] choppy/sideways (ADX 15.0) -> mean-reversion strategy | Signal: HOLD | Shares held: 0.0 | Last price: $307.85
2026-10-06 19:26:59,605 | [GE] ACTION: No trade.
2026-10-06 19:26:59,635 | [GEHC] choppy/sideways (ADX 18.3) -> mean-reversion strategy | Signal: HOLD | Shares held: 0.0 | Last price: $64.85
2026-10-06 19:26:59,635 | [GEHC] ACTION: No trade.
2026-10-06 19:26:59,664 | [GEN] choppy/sideways (ADX 21.8) -> mean-reversion strategy | Signal: HOLD | Shares held: 0.0 | Last price: $22.66
2026-10-06 19:26:59,664 | [GEN] ACTION: No trade.
2026-10-06 19:26:59,694 | [GEV] trending (ADX 28.8) -> trend-following strategy | Signal: HOLD | Shares held: 0.0 | Last price: $1028.09
2026-10-06 19:26:59,694 | [GEV] ACTION: No trade.
2026-10-06 19:26:59,724 | [GILD] choppy/sideways (ADX 12.0) -> mean-reversion strategy | Signal: HOLD | Shares held: 0.0 | Last price: $143.81
2026-10-06 19:26:59,724 | [GILD] ACTION: No trade.
2026-10-06 19:26:59,754 | [GIS] choppy/sideways (ADX 16.1) -> mean-reversion strategy | Signal: HOLD | Shares held: 0.0 | Last price: $32.24
2026-10-06 19:26:59,754 | [GIS] ACTION: No trade.
2026-10-06 19:26:59,783 | [GLW] trending (ADX 37.2) -> trend-following strategy | Signal: HOLD | Shares held: 0.0 | Last price: $169.41
2026-10-06 19:26:59,784 | [GLW] ACTION: No trade.
2026-10-06 19:26:59,813 | [GM] trending (ADX 33.7) -> trend-following strategy | Signal: HOLD | Shares held: 0.0 | Last price: $81.83
2026-10-06 19:26:59,813 | [GM] ACTION: No trade.
2026-10-06 19:26:59,843 | [GNRC] trending (ADX 37.9) -> trend-following strategy | Signal: HOLD | Shares held: 0.0 | Last price: $224.87
2026-10-06 19:26:59,843 | [GNRC] ACTION: No trade.
2026-10-06 19:26:59,873 | [GOOG] trending (ADX 32.3) -> trend-following strategy | Signal: HOLD | Shares held: 0.0 | Last price: $344.55
2026-10-06 19:26:59,873 | [GOOG] ACTION: No trade.
2026-10-06 19:26:59,903 | [GOOGL] trending (ADX 30.8) -> trend-following strategy | Signal: HOLD | Shares held: 0.0 | Last price: $347.92
2026-10-06 19:26:59,903 | [GOOGL] ACTION: No trade.
2026-10-06 19:26:59,932 | [GPC] choppy/sideways (ADX 21.5) -> mean-reversion strategy | Signal: HOLD | Shares held: 0.0 | Last price: $127.98
2026-10-06 19:26:59,932 | [GPC] ACTION: No trade.
2026-10-06 19:26:59,962 | [GPN] trending (ADX 27.1) -> trend-following strategy | Signal: HOLD | Shares held: 0.0 | Last price: $81.59
2026-10-06 19:26:59,962 | [GPN] ACTION: No trade.
2026-10-06 19:26:59,991 | [GRMN] trending (ADX 44.7) -> trend-following strategy | Signal: HOLD | Shares held: 0.0 | Last price: $279.70
2026-10-06 19:26:59,992 | [GRMN] ACTION: No trade.
2026-10-06 19:27:00,022 | [GS] choppy/sideways (ADX 12.7) -> mean-reversion strategy | Signal: HOLD | Shares held: 0.0 | Last price: $898.11
2026-10-06 19:27:00,022 | [GS] ACTION: No trade.
2026-10-06 19:27:00,051 | [GWW] trending (ADX 37.2) -> trend-following strategy | Signal: HOLD | Shares held: 0.0 | Last price: $1277.57
2026-10-06 19:27:00,051 | [GWW] ACTION: No trade.
2026-10-06 19:27:00,081 | [HAL] choppy/sideways (ADX 16.5) -> mean-reversion strategy | Signal: HOLD | Shares held: 0.0 | Last price: $32.69
2026-10-06 19:27:00,081 | [HAL] ACTION: No trade.
2026-10-06 19:27:00,111 | [HAS] choppy/sideways (ADX 22.9) -> mean-reversion strategy | Signal: HOLD | Shares held: 0.0 | Last price: $90.86
2026-10-06 19:27:00,111 | [HAS] ACTION: No trade.
2026-10-06 19:27:00,140 | [HBAN] choppy/sideways (ADX 19.4) -> mean-reversion strategy | Signal: HOLD | Shares held: 0.0 | Last price: $15.29
2026-10-06 19:27:00,140 | [HBAN] ACTION: No trade.
2026-10-06 19:27:00,170 | [HCA] choppy/sideways (ADX 16.7) -> mean-reversion strategy | Signal: HOLD | Shares held: 0.0 | Last price: $436.88
2026-10-06 19:27:00,170 | [HCA] ACTION: No trade.
2026-10-06 19:27:00,200 | [HD] trending (ADX 25.1) -> trend-following strategy | Signal: HOLD | Shares held: 0.0 | Last price: $285.32
2026-10-06 19:27:00,200 | [HD] ACTION: No trade.
2026-10-06 19:27:00,229 | [HIG] choppy/sideways (ADX 18.7) -> mean-reversion strategy | Signal: HOLD | Shares held: 0.0 | Last price: $126.81
2026-10-06 19:27:00,229 | [HIG] ACTION: No trade.
2026-10-06 19:27:00,259 | [HII] choppy/sideways (ADX 11.2) -> mean-reversion strategy | Signal: HOLD | Shares held: 0.0 | Last price: $263.41
2026-10-06 19:27:00,259 | [HII] ACTION: No trade.
2026-10-06 19:27:00,289 | [HLT] choppy/sideways (ADX 17.0) -> mean-reversion strategy | Signal: HOLD | Shares held: 0.0 | Last price: $322.16
2026-10-06 19:27:00,289 | [HLT] ACTION: No trade.
2026-10-06 19:27:00,319 | [HON] choppy/sideways (ADX 10.0) -> mean-reversion strategy | Signal: HOLD | Shares held: 0.0 | Last price: $212.32
2026-10-06 19:27:00,319 | [HON] ACTION: No trade.
2026-10-06 19:27:00,348 | [HONA] choppy/sideways (ADX 13.2) -> mean-reversion strategy | Signal: HOLD | Shares held: 0.0 | Last price: $157.15
2026-10-06 19:27:00,348 | [HONA] ACTION: No trade.
2026-10-06 19:27:00,378 | [HOOD] choppy/sideways (ADX 21.0) -> mean-reversion strategy | Signal: HOLD | Shares held: 0.0 | Last price: $112.11
2026-10-06 19:27:00,378 | [HOOD] ACTION: No trade.
2026-10-06 19:27:00,408 | [HPE] trending (ADX 27.7) -> trend-following strategy | Signal: HOLD | Shares held: 0.0 | Last price: $70.90
2026-10-06 19:27:00,408 | [HPE] ACTION: No trade.
2026-10-06 19:27:00,438 | [HPQ] choppy/sideways (ADX 20.9) -> mean-reversion strategy | Signal: HOLD | Shares held: 0.0 | Last price: $31.96
2026-10-06 19:27:00,438 | [HPQ] ACTION: No trade.
2026-10-06 19:27:00,468 | [HSIC] choppy/sideways (ADX 16.0) -> mean-reversion strategy | Signal: HOLD | Shares held: 0.0 | Last price: $84.69
2026-10-06 19:27:00,468 | [HSIC] ACTION: No trade.
2026-10-06 19:27:00,498 | [HST] choppy/sideways (ADX 21.9) -> mean-reversion strategy | Signal: HOLD | Shares held: 0.0 | Last price: $22.59
2026-10-06 19:27:00,498 | [HST] ACTION: No trade.
2026-10-06 19:27:00,528 | [HSY] choppy/sideways (ADX 23.2) -> mean-reversion strategy | Signal: HOLD | Shares held: 0.0 | Last price: $160.79
2026-10-06 19:27:00,528 | [HSY] ACTION: No trade.
2026-10-06 19:27:00,558 | [HUBB] trending (ADX 29.9) -> trend-following strategy | Signal: HOLD | Shares held: 0.0 | Last price: $486.89
2026-10-06 19:27:00,558 | [HUBB] ACTION: No trade.
2026-10-06 19:27:00,621 | [HUM] trending (ADX 28.4) -> trend-following strategy | Signal: HOLD | Shares held: 0.0 | Last price: $407.29
2026-10-06 19:27:00,621 | [HUM] ACTION: No trade.
2026-10-06 19:27:00,651 | [HWM] choppy/sideways (ADX 14.2) -> mean-reversion strategy | Signal: HOLD | Shares held: 0.0 | Last price: $229.63
2026-10-06 19:27:00,651 | [HWM] ACTION: No trade.
2026-10-06 19:27:00,681 | [IBKR] trending (ADX 40.8) -> trend-following strategy | Signal: HOLD | Shares held: 0.0 | Last price: $91.38
2026-10-06 19:27:00,681 | [IBKR] ACTION: No trade.
2026-10-06 19:27:00,711 | [IBM] choppy/sideways (ADX 13.9) -> mean-reversion strategy | Signal: HOLD | Shares held: 0.0 | Last price: $221.35
2026-10-06 19:27:00,711 | [IBM] ACTION: No trade.
2026-10-06 19:27:00,741 | [ICE] trending (ADX 26.8) -> trend-following strategy | Signal: HOLD | Shares held: 0.0 | Last price: $153.66
2026-10-06 19:27:00,741 | [ICE] ACTION: No trade.
2026-10-06 19:27:00,770 | [IDXX] choppy/sideways (ADX 19.6) -> mean-reversion strategy | Signal: HOLD | Shares held: 0.0 | Last price: $513.65
2026-10-06 19:27:00,770 | [IDXX] ACTION: No trade.
2026-10-06 19:27:00,800 | [IEX] choppy/sideways (ADX 15.4) -> mean-reversion strategy | Signal: HOLD | Shares held: 0.0 | Last price: $237.65
2026-10-06 19:27:00,800 | [IEX] ACTION: No trade.
2026-10-06 19:27:00,829 | [IFF] choppy/sideways (ADX 14.6) -> mean-reversion strategy | Signal: HOLD | Shares held: 0.0 | Last price: $83.93
2026-10-06 19:27:00,829 | [IFF] ACTION: No trade.
2026-10-06 19:27:00,859 | [ILMN] choppy/sideways (ADX 19.4) -> mean-reversion strategy | Signal: HOLD | Shares held: 0.0 | Last price: $275.75
2026-10-06 19:27:00,859 | [ILMN] ACTION: No trade.
2026-10-06 19:27:00,888 | [INCY] choppy/sideways (ADX 24.2) -> mean-reversion strategy | Signal: HOLD | Shares held: 0.0 | Last price: $112.98
2026-10-06 19:27:00,889 | [INCY] ACTION: No trade.
2026-10-06 19:27:00,918 | [INTC] choppy/sideways (ADX 17.2) -> mean-reversion strategy | Signal: HOLD | Shares held: 0.0 | Last price: $114.05
2026-10-06 19:27:00,918 | [INTC] ACTION: No trade.
2026-10-06 19:27:00,947 | [INTU] trending (ADX 25.4) -> trend-following strategy | Signal: HOLD | Shares held: 0.0 | Last price: $288.24
2026-10-06 19:27:00,948 | [INTU] ACTION: No trade.
2026-10-06 19:27:00,977 | [INVH] choppy/sideways (ADX 24.6) -> mean-reversion strategy | Signal: HOLD | Shares held: 0.0 | Last price: $26.48
2026-10-06 19:27:00,977 | [INVH] ACTION: No trade.
2026-10-06 19:27:01,007 | [IP] choppy/sideways (ADX 17.5) -> mean-reversion strategy | Signal: HOLD | Shares held: 0.0 | Last price: $32.06
2026-10-06 19:27:01,007 | [IP] ACTION: No trade.
2026-10-06 19:27:01,036 | [IQV] choppy/sideways (ADX 16.0) -> mean-reversion strategy | Signal: HOLD | Shares held: 0.0 | Last price: $262.66
2026-10-06 19:27:01,036 | [IQV] ACTION: No trade.
2026-10-06 19:27:01,066 | [IR] trending (ADX 26.4) -> trend-following strategy | Signal: SELL | Shares held: 0.0 | Last price: $79.53
2026-10-06 19:27:01,066 | [IR] ACTION: No trade.
2026-10-06 19:27:01,096 | [IRM] trending (ADX 34.6) -> trend-following strategy | Signal: HOLD | Shares held: 0.0 | Last price: $116.81
2026-10-06 19:27:01,096 | [IRM] ACTION: No trade.
2026-10-06 19:27:01,125 | [ISRG] choppy/sideways (ADX 24.4) -> mean-reversion strategy | Signal: HOLD | Shares held: 0.0 | Last price: $405.53
2026-10-06 19:27:01,125 | [ISRG] ACTION: No trade.
2026-10-06 19:27:01,155 | [IT] choppy/sideways (ADX 15.8) -> mean-reversion strategy | Signal: HOLD | Shares held: 0.0 | Last price: $186.10
2026-10-06 19:27:01,155 | [IT] ACTION: No trade.
2026-10-06 19:27:01,185 | [ITW] choppy/sideways (ADX 17.8) -> mean-reversion strategy | Signal: HOLD | Shares held: 0.0 | Last price: $268.47
2026-10-06 19:27:01,185 | [ITW] ACTION: No trade.
2026-10-06 19:27:01,214 | [IVZ] choppy/sideways (ADX 18.4) -> mean-reversion strategy | Signal: HOLD | Shares held: 0.0 | Last price: $30.41
2026-10-06 19:27:01,215 | [IVZ] ACTION: No trade.
2026-10-06 19:27:01,245 | [J] choppy/sideways (ADX 16.6) -> mean-reversion strategy | Signal: HOLD | Shares held: 0.0 | Last price: $139.44
2026-10-06 19:27:01,245 | [J] ACTION: No trade.
2026-10-06 19:27:01,275 | [JBHT] choppy/sideways (ADX 16.1) -> mean-reversion strategy | Signal: HOLD | Shares held: 0.0 | Last price: $226.31
2026-10-06 19:27:01,275 | [JBHT] ACTION: No trade.
2026-10-06 19:27:01,305 | [JBL] choppy/sideways (ADX 11.9) -> mean-reversion strategy | Signal: HOLD | Shares held: 0.0 | Last price: $306.93
2026-10-06 19:27:01,305 | [JBL] ACTION: No trade.
2026-10-06 19:27:01,335 | [JCI] trending (ADX 34.7) -> trend-following strategy | Signal: HOLD | Shares held: 0.0 | Last price: $159.79
2026-10-06 19:27:01,336 | [JCI] ACTION: No trade.
2026-10-06 19:27:01,365 | [JKHY] choppy/sideways (ADX 9.4) -> mean-reversion strategy | Signal: HOLD | Shares held: 0.0 | Last price: $144.36
2026-10-06 19:27:01,365 | [JKHY] ACTION: No trade.
2026-10-06 19:27:01,395 | [JNJ] choppy/sideways (ADX 22.8) -> mean-reversion strategy | Signal: HOLD | Shares held: 0.0 | Last price: $255.28
2026-10-06 19:27:01,395 | [JNJ] ACTION: No trade.
2026-10-06 19:27:01,425 | [JPM] choppy/sideways (ADX 19.3) -> mean-reversion strategy | Signal: HOLD | Shares held: 0.0 | Last price: $331.41
2026-10-06 19:27:01,425 | [JPM] ACTION: No trade.
2026-10-06 19:27:01,454 | [KDP] choppy/sideways (ADX 24.2) -> mean-reversion strategy | Signal: HOLD | Shares held: 0.0 | Last price: $31.21
2026-10-06 19:27:01,454 | [KDP] ACTION: No trade.
2026-10-06 19:27:01,483 | [KEY] trending (ADX 26.1) -> trend-following strategy | Signal: HOLD | Shares held: 0.0 | Last price: $20.09
2026-10-06 19:27:01,483 | [KEY] ACTION: No trade.
2026-10-06 19:27:01,513 | [KEYS] choppy/sideways (ADX 12.1) -> mean-reversion strategy | Signal: HOLD | Shares held: 0.0 | Last price: $387.43
2026-10-06 19:27:01,513 | [KEYS] ACTION: No trade.
2026-10-06 19:27:01,542 | [KHC] choppy/sideways (ADX 21.4) -> mean-reversion strategy | Signal: HOLD | Shares held: 0.0 | Last price: $22.00
2026-10-06 19:27:01,543 | [KHC] ACTION: No trade.
2026-10-06 19:27:01,572 | [KIM] trending (ADX 27.5) -> trend-following strategy | Signal: HOLD | Shares held: 0.0 | Last price: $22.07
2026-10-06 19:27:01,572 | [KIM] ACTION: No trade.
2026-10-06 19:27:01,602 | [KKR] choppy/sideways (ADX 15.0) -> mean-reversion strategy | Signal: HOLD | Shares held: 0.0 | Last price: $90.93
2026-10-06 19:27:01,602 | [KKR] ACTION: No trade.
2026-10-06 19:27:01,631 | [KLAC] trending (ADX 26.8) -> trend-following strategy | Signal: HOLD | Shares held: 0.0 | Last price: $198.34
2026-10-06 19:27:01,631 | [KLAC] ACTION: No trade.
2026-10-06 19:27:01,661 | [KMB] trending (ADX 26.2) -> trend-following strategy | Signal: HOLD | Shares held: 0.0 | Last price: $96.33
2026-10-06 19:27:01,661 | [KMB] ACTION: No trade.
2026-10-06 19:27:01,690 | [KMI] trending (ADX 35.9) -> trend-following strategy | Signal: HOLD | Shares held: 0.0 | Last price: $32.23
2026-10-06 19:27:01,691 | [KMI] ACTION: No trade.
2026-10-06 19:27:01,720 | [KO] choppy/sideways (ADX 22.5) -> mean-reversion strategy | Signal: HOLD | Shares held: 0.0 | Last price: $86.77
2026-10-06 19:27:01,720 | [KO] ACTION: No trade.
2026-10-06 19:27:01,750 | [KR] trending (ADX 28.0) -> trend-following strategy | Signal: BUY | Shares held: 0.0 | Last price: $58.45
2026-10-06 19:27:01,750 | [KR] ACTION: No trade (within 90 min of close -- not enough runway left today for a new position).
2026-10-06 19:27:01,780 | [KVUE] trending (ADX 27.7) -> trend-following strategy | Signal: HOLD | Shares held: 0.0 | Last price: $17.52
2026-10-06 19:27:01,780 | [KVUE] ACTION: No trade.
2026-10-06 19:27:01,809 | [L] choppy/sideways (ADX 20.3) -> mean-reversion strategy | Signal: HOLD | Shares held: 0.0 | Last price: $106.49
2026-10-06 19:27:01,809 | [L] ACTION: No trade.
2026-10-06 19:27:01,839 | [LDOS] choppy/sideways (ADX 24.3) -> mean-reversion strategy | Signal: HOLD | Shares held: 0.0 | Last price: $115.91
2026-10-06 19:27:01,839 | [LDOS] ACTION: No trade.
2026-10-06 19:27:01,868 | [LEN] trending (ADX 35.6) -> trend-following strategy | Signal: HOLD | Shares held: 0.0 | Last price: $77.39
2026-10-06 19:27:01,868 | [LEN] ACTION: No trade.
2026-10-06 19:27:01,898 | [LH] choppy/sideways (ADX 11.8) -> mean-reversion strategy | Signal: HOLD | Shares held: 0.0 | Last price: $309.57
2026-10-06 19:27:01,898 | [LH] ACTION: No trade.
2026-10-06 19:27:01,928 | [LHX] choppy/sideways (ADX 14.6) -> mean-reversion strategy | Signal: HOLD | Shares held: 0.0 | Last price: $237.15
2026-10-06 19:27:01,928 | [LHX] ACTION: No trade.
2026-10-06 19:27:01,957 | [LII] choppy/sideways (ADX 21.7) -> mean-reversion strategy | Signal: HOLD | Shares held: 0.0 | Last price: $364.53
2026-10-06 19:27:01,957 | [LII] ACTION: No trade.
2026-10-06 19:27:01,987 | [LIN] trending (ADX 35.4) -> trend-following strategy | Signal: HOLD | Shares held: 0.0 | Last price: $491.57
2026-10-06 19:27:01,987 | [LIN] ACTION: No trade.
2026-10-06 19:27:02,016 | [LITE] trending (ADX 39.3) -> trend-following strategy | Signal: HOLD | Shares held: 0.0 | Last price: $1130.43
2026-10-06 19:27:02,016 | [LITE] ACTION: No trade.
2026-10-06 19:27:02,046 | [LLY] choppy/sideways (ADX 11.4) -> mean-reversion strategy | Signal: HOLD | Shares held: 0.0 | Last price: $1157.21
2026-10-06 19:27:02,046 | [LLY] ACTION: No trade.
2026-10-06 19:27:02,076 | [LMT] choppy/sideways (ADX 18.0) -> mean-reversion strategy | Signal: HOLD | Shares held: 0.0 | Last price: $508.00
2026-10-06 19:27:02,076 | [LMT] ACTION: No trade.
2026-10-06 19:27:02,106 | [LNT] trending (ADX 28.7) -> trend-following strategy | Signal: HOLD | Shares held: 0.0 | Last price: $65.14
2026-10-06 19:27:02,106 | [LNT] ACTION: No trade.
2026-10-06 19:27:02,136 | [LOW] trending (ADX 28.0) -> trend-following strategy | Signal: HOLD | Shares held: 0.0 | Last price: $182.33
2026-10-06 19:27:02,136 | [LOW] ACTION: No trade.
2026-10-06 19:27:02,166 | [LRCX] trending (ADX 41.5) -> trend-following strategy | Signal: HOLD | Shares held: 0.0 | Last price: $332.59
2026-10-06 19:27:02,166 | [LRCX] ACTION: No trade.
2026-10-06 19:27:02,196 | [LULU] trending (ADX 27.5) -> trend-following strategy | Signal: HOLD | Shares held: 0.0 | Last price: $93.81
2026-10-06 19:27:02,196 | [LULU] ACTION: No trade.
2026-10-06 19:27:02,225 | [LUV] choppy/sideways (ADX 18.2) -> mean-reversion strategy | Signal: HOLD | Shares held: 0.0 | Last price: $42.17
2026-10-06 19:27:02,225 | [LUV] ACTION: No trade.
2026-10-06 19:27:02,255 | [LVS] choppy/sideways (ADX 11.4) -> mean-reversion strategy | Signal: HOLD | Shares held: 0.0 | Last price: $36.35
2026-10-06 19:27:02,255 | [LVS] ACTION: No trade.
2026-10-06 19:27:02,284 | [LYB] choppy/sideways (ADX 9.9) -> mean-reversion strategy | Signal: HOLD | Shares held: 0.0 | Last price: $58.83
2026-10-06 19:27:02,284 | [LYB] ACTION: No trade.
2026-10-06 19:27:02,314 | [LYV] choppy/sideways (ADX 13.2) -> mean-reversion strategy | Signal: HOLD | Shares held: 0.0 | Last price: $171.75
2026-10-06 19:27:02,314 | [LYV] ACTION: No trade.
2026-10-06 19:27:02,344 | [MA] choppy/sideways (ADX 18.2) -> mean-reversion strategy | Signal: HOLD | Shares held: 0.0 | Last price: $565.61
2026-10-06 19:27:02,344 | [MA] ACTION: No trade.
2026-10-06 19:27:02,374 | [MAA] choppy/sideways (ADX 21.5) -> mean-reversion strategy | Signal: HOLD | Shares held: 0.0 | Last price: $117.61
2026-10-06 19:27:02,374 | [MAA] ACTION: No trade.
2026-10-06 19:27:02,404 | [MAR] choppy/sideways (ADX 19.3) -> mean-reversion strategy | Signal: HOLD | Shares held: 0.0 | Last price: $361.18
2026-10-06 19:27:02,405 | [MAR] ACTION: No trade.
2026-10-06 19:27:02,434 | [MAS] trending (ADX 25.1) -> trend-following strategy | Signal: HOLD | Shares held: 0.0 | Last price: $69.68
2026-10-06 19:27:02,434 | [MAS] ACTION: No trade.
2026-10-06 19:27:02,464 | [MCD] choppy/sideways (ADX 16.9) -> mean-reversion strategy | Signal: HOLD | Shares held: 0.0 | Last price: $232.11
2026-10-06 19:27:02,464 | [MCD] ACTION: No trade.
2026-10-06 19:27:02,494 | [MCHP] choppy/sideways (ADX 11.4) -> mean-reversion strategy | Signal: HOLD | Shares held: 0.0 | Last price: $81.21
2026-10-06 19:27:02,494 | [MCHP] ACTION: No trade.
2026-10-06 19:27:02,523 | [MCK] trending (ADX 30.8) -> trend-following strategy | Signal: HOLD | Shares held: 0.0 | Last price: $926.67
2026-10-06 19:27:02,523 | [MCK] ACTION: No trade.
2026-10-06 19:27:02,553 | [MCO] choppy/sideways (ADX 24.7) -> mean-reversion strategy | Signal: HOLD | Shares held: 0.0 | Last price: $450.84
2026-10-06 19:27:02,553 | [MCO] ACTION: No trade.
2026-10-06 19:27:02,583 | [MDLZ] trending (ADX 25.5) -> trend-following strategy | Signal: HOLD | Shares held: 0.0 | Last price: $59.47
2026-10-06 19:27:02,583 | [MDLZ] ACTION: No trade.
2026-10-06 19:27:02,612 | [MDT] trending (ADX 34.0) -> trend-following strategy | Signal: HOLD | Shares held: 0.0 | Last price: $86.77
2026-10-06 19:27:02,612 | [MDT] ACTION: No trade.
2026-10-06 19:27:02,642 | [MET] choppy/sideways (ADX 21.8) -> mean-reversion strategy | Signal: HOLD | Shares held: 0.0 | Last price: $97.62
2026-10-06 19:27:02,642 | [MET] ACTION: No trade.
2026-10-06 19:27:02,671 | [META] choppy/sideways (ADX 23.0) -> mean-reversion strategy | Signal: HOLD | Shares held: 0.0 | Last price: $743.92
2026-10-06 19:27:02,672 | [META] ACTION: No trade.
2026-10-06 19:27:02,701 | [MGM] choppy/sideways (ADX 18.2) -> mean-reversion strategy | Signal: HOLD | Shares held: 0.0 | Last price: $30.64
2026-10-06 19:27:02,701 | [MGM] ACTION: No trade.
2026-10-06 19:27:02,731 | [MKC] trending (ADX 25.8) -> trend-following strategy | Signal: SELL | Shares held: 0.0 | Last price: $45.57
2026-10-06 19:27:02,731 | [MKC] ACTION: No trade.
2026-10-06 19:27:02,761 | [MLM] trending (ADX 26.2) -> trend-following strategy | Signal: HOLD | Shares held: 0.0 | Last price: $491.83
2026-10-06 19:27:02,761 | [MLM] ACTION: No trade.
2026-10-06 19:27:02,790 | [MMM] choppy/sideways (ADX 13.4) -> mean-reversion strategy | Signal: HOLD | Shares held: 0.0 | Last price: $163.84
2026-10-06 19:27:02,790 | [MMM] ACTION: No trade.
2026-10-06 19:27:02,820 | [MNST] trending (ADX 38.2) -> trend-following strategy | Signal: HOLD | Shares held: 0.0 | Last price: $42.98
2026-10-06 19:27:02,820 | [MNST] ACTION: No trade.
2026-10-06 19:27:02,849 | [MO] choppy/sideways (ADX 21.7) -> mean-reversion strategy | Signal: HOLD | Shares held: 0.0 | Last price: $68.34
2026-10-06 19:27:02,850 | [MO] ACTION: No trade.
2026-10-06 19:27:02,879 | [MOS] trending (ADX 30.3) -> trend-following strategy | Signal: HOLD | Shares held: 0.0 | Last price: $20.98
2026-10-06 19:27:02,879 | [MOS] ACTION: No trade.
2026-10-06 19:27:02,909 | [MPC] choppy/sideways (ADX 20.0) -> mean-reversion strategy | Signal: HOLD | Shares held: 0.0 | Last price: $434.41
2026-10-06 19:27:02,909 | [MPC] ACTION: No trade.
2026-10-06 19:27:02,938 | [MPWR] choppy/sideways (ADX 23.8) -> mean-reversion strategy | Signal: HOLD | Shares held: 0.0 | Last price: $1474.31
2026-10-06 19:27:02,938 | [MPWR] ACTION: No trade.
2026-10-06 19:27:02,968 | [MRK] choppy/sideways (ADX 15.2) -> mean-reversion strategy | Signal: HOLD | Shares held: 0.0 | Last price: $141.41
2026-10-06 19:27:02,968 | [MRK] ACTION: No trade.
2026-10-06 19:27:02,998 | [MRNA] choppy/sideways (ADX 14.6) -> mean-reversion strategy | Signal: HOLD | Shares held: 0.0 | Last price: $190.16
2026-10-06 19:27:02,998 | [MRNA] ACTION: No trade.
2026-10-06 19:27:03,027 | [MRSH] choppy/sideways (ADX 10.5) -> mean-reversion strategy | Signal: HOLD | Shares held: 0.0 | Last price: $171.94
2026-10-06 19:27:03,027 | [MRSH] ACTION: No trade.
2026-10-06 19:27:03,057 | [MRVL] trending (ADX 30.9) -> trend-following strategy | Signal: HOLD | Shares held: 0.0 | Last price: $291.23
2026-10-06 19:27:03,057 | [MRVL] ACTION: No trade.
2026-10-06 19:27:03,087 | [MS] choppy/sideways (ADX 10.0) -> mean-reversion strategy | Signal: HOLD | Shares held: 0.0 | Last price: $191.24
2026-10-06 19:27:03,087 | [MS] ACTION: No trade.
2026-10-06 19:27:03,116 | [MSCI] trending (ADX 31.6) -> trend-following strategy | Signal: HOLD | Shares held: 0.0 | Last price: $555.62
2026-10-06 19:27:03,116 | [MSCI] ACTION: No trade.
2026-10-06 19:27:03,146 | [MSFT] choppy/sideways (ADX 17.1) -> mean-reversion strategy | Signal: HOLD | Shares held: 0.0 | Last price: $530.79
2026-10-06 19:27:03,146 | [MSFT] ACTION: No trade.
2026-10-06 19:27:03,175 | [MSI] choppy/sideways (ADX 16.6) -> mean-reversion strategy | Signal: HOLD | Shares held: 0.0 | Last price: $455.59
2026-10-06 19:27:03,176 | [MSI] ACTION: No trade.
2026-10-06 19:27:03,206 | [MTB] trending (ADX 27.2) -> trend-following strategy | Signal: HOLD | Shares held: 0.0 | Last price: $218.40
2026-10-06 19:27:03,206 | [MTB] ACTION: No trade.
2026-10-06 19:27:03,236 | [MTD] choppy/sideways (ADX 24.2) -> mean-reversion strategy | Signal: HOLD | Shares held: 0.0 | Last price: $1534.60
2026-10-06 19:27:03,236 | [MTD] ACTION: No trade.
2026-10-06 19:27:03,265 | [MU] trending (ADX 27.5) -> trend-following strategy | Signal: HOLD | Shares held: 0.0 | Last price: $1054.06
2026-10-06 19:27:03,265 | [MU] ACTION: No trade.
2026-10-06 19:27:03,295 | [NCLH] trending (ADX 27.4) -> trend-following strategy | Signal: HOLD | Shares held: 0.0 | Last price: $15.55
2026-10-06 19:27:03,295 | [NCLH] ACTION: No trade.
2026-10-06 19:27:03,325 | [NDAQ] trending (ADX 25.2) -> trend-following strategy | Signal: HOLD | Shares held: 0.0 | Last price: $92.33
2026-10-06 19:27:03,325 | [NDAQ] ACTION: No trade.
2026-10-06 19:27:03,355 | [NDSN] choppy/sideways (ADX 24.1) -> mean-reversion strategy | Signal: HOLD | Shares held: 0.0 | Last price: $335.99
2026-10-06 19:27:03,355 | [NDSN] ACTION: No trade.
2026-10-06 19:27:03,384 | [NEE] trending (ADX 34.0) -> trend-following strategy | Signal: HOLD | Shares held: 0.0 | Last price: $77.53
2026-10-06 19:27:03,384 | [NEE] ACTION: No trade.
2026-10-06 19:27:03,414 | [NEM] trending (ADX 26.8) -> trend-following strategy | Signal: HOLD | Shares held: 0.0 | Last price: $116.92
2026-10-06 19:27:03,414 | [NEM] ACTION: No trade.
2026-10-06 19:27:03,444 | [NFLX] trending (ADX 35.2) -> trend-following strategy | Signal: HOLD | Shares held: 0.0 | Last price: $68.33
2026-10-06 19:27:03,444 | [NFLX] ACTION: No trade.
2026-10-06 19:27:03,474 | [NI] trending (ADX 54.4) -> trend-following strategy | Signal: HOLD | Shares held: 0.0 | Last price: $40.41
2026-10-06 19:27:03,474 | [NI] ACTION: No trade.
2026-10-06 19:27:03,503 | [NKE] choppy/sideways (ADX 17.7) -> mean-reversion strategy | Signal: HOLD | Shares held: 0.0 | Last price: $34.28
2026-10-06 19:27:03,503 | [NKE] ACTION: No trade.
2026-10-06 19:27:03,533 | [NOC] choppy/sideways (ADX 19.6) -> mean-reversion strategy | Signal: HOLD | Shares held: 0.0 | Last price: $481.64
2026-10-06 19:27:03,533 | [NOC] ACTION: No trade.
2026-10-06 19:27:03,563 | [NOW] choppy/sideways (ADX 17.5) -> mean-reversion strategy | Signal: HOLD | Shares held: 0.0 | Last price: $137.11
2026-10-06 19:27:03,563 | [NOW] ACTION: No trade.
2026-10-06 19:27:03,592 | [NRG] trending (ADX 42.5) -> trend-following strategy | Signal: HOLD | Shares held: 0.0 | Last price: $103.80
2026-10-06 19:27:03,592 | [NRG] ACTION: No trade.
2026-10-06 19:27:03,622 | [NSC] choppy/sideways (ADX 17.0) -> mean-reversion strategy | Signal: HOLD | Shares held: 0.0 | Last price: $315.25
2026-10-06 19:27:03,622 | [NSC] ACTION: No trade.
2026-10-06 19:27:03,652 | [NTAP] trending (ADX 30.0) -> trend-following strategy | Signal: HOLD | Shares held: 0.0 | Last price: $230.33
2026-10-06 19:27:03,652 | [NTAP] ACTION: No trade.
2026-10-06 19:27:03,681 | [NTRS] choppy/sideways (ADX 21.1) -> mean-reversion strategy | Signal: HOLD | Shares held: 0.0 | Last price: $169.64
2026-10-06 19:27:03,681 | [NTRS] ACTION: No trade.
2026-10-06 19:27:03,711 | [NUE] choppy/sideways (ADX 24.7) -> mean-reversion strategy | Signal: HOLD | Shares held: 0.0 | Last price: $251.78
2026-10-06 19:27:03,711 | [NUE] ACTION: No trade.
2026-10-06 19:27:03,741 | [NVDA] choppy/sideways (ADX 21.3) -> mean-reversion strategy | Signal: HOLD | Shares held: 0.0 | Last price: $239.86
2026-10-06 19:27:03,741 | [NVDA] ACTION: No trade.
2026-10-06 19:27:03,771 | [NVR] choppy/sideways (ADX 13.9) -> mean-reversion strategy | Signal: HOLD | Shares held: 0.0 | Last price: $6042.95
2026-10-06 19:27:03,771 | [NVR] ACTION: No trade.
2026-10-06 19:27:03,801 | [NWSA] trending (ADX 30.4) -> trend-following strategy | Signal: HOLD | Shares held: 0.0 | Last price: $28.37
2026-10-06 19:27:03,801 | [NWSA] ACTION: No trade.
2026-10-06 19:27:03,830 | [NXPI] trending (ADX 25.3) -> trend-following strategy | Signal: HOLD | Shares held: 0.0 | Last price: $243.97
2026-10-06 19:27:03,830 | [NXPI] ACTION: No trade.
2026-10-06 19:27:03,860 | [O] choppy/sideways (ADX 9.6) -> mean-reversion strategy | Signal: HOLD | Shares held: 0.0 | Last price: $54.12
2026-10-06 19:27:03,860 | [O] ACTION: No trade.
2026-10-06 19:27:03,890 | [ODFL] choppy/sideways (ADX 18.1) -> mean-reversion strategy | Signal: HOLD | Shares held: 0.0 | Last price: $178.51
2026-10-06 19:27:03,890 | [ODFL] ACTION: No trade.
2026-10-06 19:27:03,919 | [OKE] choppy/sideways (ADX 18.1) -> mean-reversion strategy | Signal: HOLD | Shares held: 0.0 | Last price: $89.83
2026-10-06 19:27:03,919 | [OKE] ACTION: No trade.
2026-10-06 19:27:03,949 | [OMC] choppy/sideways (ADX 16.3) -> mean-reversion strategy | Signal: HOLD | Shares held: 0.0 | Last price: $74.98
2026-10-06 19:27:03,949 | [OMC] ACTION: No trade.
2026-10-06 19:27:03,979 | [ON] trending (ADX 29.6) -> trend-following strategy | Signal: HOLD | Shares held: 0.0 | Last price: $86.39
2026-10-06 19:27:03,979 | [ON] ACTION: No trade.
2026-10-06 19:27:04,008 | [ORCL] trending (ADX 30.8) -> trend-following strategy | Signal: HOLD | Shares held: 0.0 | Last price: $145.54
2026-10-06 19:27:04,009 | [ORCL] ACTION: No trade.
2026-10-06 19:27:04,038 | [ORLY] choppy/sideways (ADX 18.9) -> mean-reversion strategy | Signal: HOLD | Shares held: 0.0 | Last price: $85.01
2026-10-06 19:27:04,038 | [ORLY] ACTION: No trade.
2026-10-06 19:27:04,068 | [OTIS] trending (ADX 25.6) -> trend-following strategy | Signal: HOLD | Shares held: 0.0 | Last price: $66.19
2026-10-06 19:27:04,068 | [OTIS] ACTION: No trade.
2026-10-06 19:27:04,098 | [OXY] choppy/sideways (ADX 11.9) -> mean-reversion strategy | Signal: HOLD | Shares held: 0.0 | Last price: $58.69
2026-10-06 19:27:04,098 | [OXY] ACTION: No trade.
2026-10-06 19:27:04,130 | [P] trending (ADX 40.2) -> trend-following strategy | Signal: HOLD | Shares held: 0.0 | Last price: $148.59
2026-10-06 19:27:04,131 | [P] ACTION: No trade.
2026-10-06 19:27:04,164 | [PANW] trending (ADX 27.0) -> trend-following strategy | Signal: HOLD | Shares held: 0.0 | Last price: $419.38
2026-10-06 19:27:04,164 | [PANW] ACTION: No trade.
2026-10-06 19:27:04,197 | [PAYX] choppy/sideways (ADX 21.5) -> mean-reversion strategy | Signal: HOLD | Shares held: 0.0 | Last price: $100.69
2026-10-06 19:27:04,198 | [PAYX] ACTION: No trade.
2026-10-06 19:27:04,228 | [PCAR] choppy/sideways (ADX 23.5) -> mean-reversion strategy | Signal: HOLD | Shares held: 0.0 | Last price: $109.27
2026-10-06 19:27:04,228 | [PCAR] ACTION: No trade.
2026-10-06 19:27:04,258 | [PCG] choppy/sideways (ADX 18.0) -> mean-reversion strategy | Signal: HOLD | Shares held: 0.0 | Last price: $12.43
2026-10-06 19:27:04,258 | [PCG] ACTION: No trade.
2026-10-06 19:27:04,288 | [PEG] trending (ADX 58.2) -> trend-following strategy | Signal: HOLD | Shares held: 0.0 | Last price: $71.21
2026-10-06 19:27:04,288 | [PEG] ACTION: No trade.
2026-10-06 19:27:04,318 | [PEP] trending (ADX 29.9) -> trend-following strategy | Signal: HOLD | Shares held: 0.0 | Last price: $125.74
2026-10-06 19:27:04,318 | [PEP] ACTION: No trade.
2026-10-06 19:27:04,348 | [PFE] choppy/sideways (ADX 14.8) -> mean-reversion strategy | Signal: HOLD | Shares held: 0.0 | Last price: $27.47
2026-10-06 19:27:04,348 | [PFE] ACTION: No trade.
2026-10-06 19:27:04,377 | [PFG] trending (ADX 31.6) -> trend-following strategy | Signal: HOLD | Shares held: 0.0 | Last price: $110.45
2026-10-06 19:27:04,378 | [PFG] ACTION: No trade.
2026-10-06 19:27:04,407 | [PG] trending (ADX 42.9) -> trend-following strategy | Signal: HOLD | Shares held: 0.0 | Last price: $148.96
2026-10-06 19:27:04,408 | [PG] ACTION: No trade.
2026-10-06 19:27:04,437 | [PGR] choppy/sideways (ADX 20.9) -> mean-reversion strategy | Signal: HOLD | Shares held: 0.0 | Last price: $212.32
2026-10-06 19:27:04,437 | [PGR] ACTION: No trade.
2026-10-06 19:27:04,467 | [PH] choppy/sideways (ADX 15.4) -> mean-reversion strategy | Signal: HOLD | Shares held: 0.0 | Last price: $988.43
2026-10-06 19:27:04,467 | [PH] ACTION: No trade.
2026-10-06 19:27:04,496 | [PHM] trending (ADX 29.1) -> trend-following strategy | Signal: HOLD | Shares held: 0.0 | Last price: $116.28
2026-10-06 19:27:04,496 | [PHM] ACTION: No trade.
2026-10-06 19:27:04,526 | [PKG] choppy/sideways (ADX 19.9) -> mean-reversion strategy | Signal: HOLD | Shares held: 0.0 | Last price: $229.64
2026-10-06 19:27:04,526 | [PKG] ACTION: No trade.
2026-10-06 19:27:04,556 | [PLD] choppy/sideways (ADX 13.5) -> mean-reversion strategy | Signal: HOLD | Shares held: 0.0 | Last price: $128.77
2026-10-06 19:27:04,556 | [PLD] ACTION: No trade.
2026-10-06 19:27:04,586 | [PLTR] choppy/sideways (ADX 19.0) -> mean-reversion strategy | Signal: HOLD | Shares held: 0.0 | Last price: $192.58
2026-10-06 19:27:04,586 | [PLTR] ACTION: No trade.
2026-10-06 19:27:04,616 | [PM] choppy/sideways (ADX 12.7) -> mean-reversion strategy | Signal: HOLD | Shares held: 0.0 | Last price: $189.70
2026-10-06 19:27:04,616 | [PM] ACTION: No trade.
2026-10-06 19:27:04,646 | [PNC] choppy/sideways (ADX 18.3) -> mean-reversion strategy | Signal: HOLD | Shares held: 0.0 | Last price: $219.76
2026-10-06 19:27:04,646 | [PNC] ACTION: No trade.
2026-10-06 19:27:04,675 | [PNR] choppy/sideways (ADX 22.0) -> mean-reversion strategy | Signal: HOLD | Shares held: 0.0 | Last price: $53.01
2026-10-06 19:27:04,675 | [PNR] ACTION: No trade.
2026-10-06 19:27:04,705 | [PNW] trending (ADX 34.9) -> trend-following strategy | Signal: HOLD | Shares held: 0.0 | Last price: $97.64
2026-10-06 19:27:04,705 | [PNW] ACTION: No trade.
2026-10-06 19:27:04,736 | [PODD] trending (ADX 30.0) -> trend-following strategy | Signal: HOLD | Shares held: 0.0 | Last price: $135.17
2026-10-06 19:27:04,736 | [PODD] ACTION: No trade.
2026-10-06 19:27:04,765 | [PPG] choppy/sideways (ADX 24.7) -> mean-reversion strategy | Signal: HOLD | Shares held: 0.0 | Last price: $106.37
2026-10-06 19:27:04,765 | [PPG] ACTION: No trade.
2026-10-06 19:27:04,795 | [PPL] trending (ADX 42.3) -> trend-following strategy | Signal: HOLD | Shares held: 0.0 | Last price: $33.49
2026-10-06 19:27:04,795 | [PPL] ACTION: No trade.
2026-10-06 19:27:04,825 | [PRU] choppy/sideways (ADX 18.4) -> mean-reversion strategy | Signal: HOLD | Shares held: 0.0 | Last price: $114.08
2026-10-06 19:27:04,825 | [PRU] ACTION: No trade.
2026-10-06 19:27:04,854 | [PSA] choppy/sideways (ADX 20.6) -> mean-reversion strategy | Signal: HOLD | Shares held: 0.0 | Last price: $286.12
2026-10-06 19:27:04,854 | [PSA] ACTION: No trade.
2026-10-06 19:27:04,884 | [PSX] choppy/sideways (ADX 16.9) -> mean-reversion strategy | Signal: HOLD | Shares held: 0.0 | Last price: $271.69
2026-10-06 19:27:04,884 | [PSX] ACTION: No trade.
2026-10-06 19:27:04,914 | [PTC] trending (ADX 64.2) -> trend-following strategy | Signal: HOLD | Shares held: 0.0 | Last price: $193.03
2026-10-06 19:27:04,914 | [PTC] ACTION: No trade.
2026-10-06 19:27:04,976 | [PWR] trending (ADX 34.3) -> trend-following strategy | Signal: HOLD | Shares held: 0.0 | Last price: $720.42
2026-10-06 19:27:04,977 | [PWR] ACTION: No trade.
2026-10-06 19:27:05,006 | [PYPL] choppy/sideways (ADX 19.8) -> mean-reversion strategy | Signal: HOLD | Shares held: 0.0 | Last price: $54.60
2026-10-06 19:27:05,006 | [PYPL] ACTION: No trade.
2026-10-06 19:27:05,036 | [Q] choppy/sideways (ADX 16.2) -> mean-reversion strategy | Signal: HOLD | Shares held: 0.0 | Last price: $132.61
2026-10-06 19:27:05,036 | [Q] ACTION: No trade.
2026-10-06 19:27:05,066 | [QCOM] trending (ADX 33.8) -> trend-following strategy | Signal: HOLD | Shares held: 0.0 | Last price: $181.46
2026-10-06 19:27:05,066 | [QCOM] ACTION: No trade.
2026-10-06 19:27:05,096 | [RCL] trending (ADX 49.5) -> trend-following strategy | Signal: HOLD | Shares held: 0.0 | Last price: $288.40
2026-10-06 19:27:05,096 | [RCL] ACTION: No trade.
2026-10-06 19:27:05,125 | [RDDT] choppy/sideways (ADX 9.6) -> mean-reversion strategy | Signal: HOLD | Shares held: 0.0 | Last price: $148.37
2026-10-06 19:27:05,125 | [RDDT] ACTION: No trade.
2026-10-06 19:27:05,155 | [REGN] choppy/sideways (ADX 12.4) -> mean-reversion strategy | Signal: HOLD | Shares held: 0.0 | Last price: $735.29
2026-10-06 19:27:05,155 | [REGN] ACTION: No trade.
2026-10-06 19:27:05,184 | [RF] trending (ADX 25.7) -> trend-following strategy | Signal: HOLD | Shares held: 0.0 | Last price: $27.04
2026-10-06 19:27:05,184 | [RF] ACTION: No trade.
2026-10-06 19:27:05,214 | [RJF] choppy/sideways (ADX 24.3) -> mean-reversion strategy | Signal: HOLD | Shares held: 0.0 | Last price: $159.88
2026-10-06 19:27:05,214 | [RJF] ACTION: No trade.
2026-10-06 19:27:05,244 | [RL] choppy/sideways (ADX 17.7) -> mean-reversion strategy | Signal: HOLD | Shares held: 0.0 | Last price: $367.75
2026-10-06 19:27:05,244 | [RL] ACTION: No trade.
2026-10-06 19:27:05,276 | [RMD] choppy/sideways (ADX 23.7) -> mean-reversion strategy | Signal: HOLD | Shares held: 0.0 | Last price: $220.48
2026-10-06 19:27:05,276 | [RMD] ACTION: No trade.
2026-10-06 19:27:05,306 | [ROK] choppy/sideways (ADX 24.6) -> mean-reversion strategy | Signal: HOLD | Shares held: 0.0 | Last price: $450.82
2026-10-06 19:27:05,306 | [ROK] ACTION: No trade.
2026-10-06 19:27:05,336 | [ROL] trending (ADX 31.5) -> trend-following strategy | Signal: HOLD | Shares held: 0.0 | Last price: $30.25
2026-10-06 19:27:05,336 | [ROL] ACTION: No trade.
2026-10-06 19:27:05,366 | [ROP] choppy/sideways (ADX 21.5) -> mean-reversion strategy | Signal: HOLD | Shares held: 0.0 | Last price: $360.10
2026-10-06 19:27:05,366 | [ROP] ACTION: No trade.
2026-10-06 19:27:05,395 | [ROST] trending (ADX 31.8) -> trend-following strategy | Signal: HOLD | Shares held: 0.0 | Last price: $222.77
2026-10-06 19:27:05,395 | [ROST] ACTION: No trade.
2026-10-06 19:27:05,425 | [RSG] trending (ADX 44.3) -> trend-following strategy | Signal: HOLD | Shares held: 0.0 | Last price: $214.50
2026-10-06 19:27:05,425 | [RSG] ACTION: No trade.
2026-10-06 19:27:05,454 | [RTX] choppy/sideways (ADX 24.0) -> mean-reversion strategy | Signal: HOLD | Shares held: 0.0 | Last price: $182.66
2026-10-06 19:27:05,455 | [RTX] ACTION: No trade.
2026-10-06 19:27:05,485 | [RVTY] choppy/sideways (ADX 12.1) -> mean-reversion strategy | Signal: HOLD | Shares held: 0.0 | Last price: $153.15
2026-10-06 19:27:05,485 | [RVTY] ACTION: No trade.
2026-10-06 19:27:05,515 | [SBAC] trending (ADX 48.2) -> trend-following strategy | Signal: HOLD | Shares held: 0.0 | Last price: $168.26
2026-10-06 19:27:05,515 | [SBAC] ACTION: No trade.
2026-10-06 19:27:05,545 | [SBUX] choppy/sideways (ADX 19.6) -> mean-reversion strategy | Signal: HOLD | Shares held: 0.0 | Last price: $96.20
2026-10-06 19:27:05,545 | [SBUX] ACTION: No trade.
2026-10-06 19:27:05,575 | [SCHW] choppy/sideways (ADX 20.9) -> mean-reversion strategy | Signal: HOLD | Shares held: 0.0 | Last price: $96.97
2026-10-06 19:27:05,575 | [SCHW] ACTION: No trade.
2026-10-06 19:27:05,605 | [SHW] choppy/sideways (ADX 15.7) -> mean-reversion strategy | Signal: HOLD | Shares held: 0.0 | Last price: $321.08
2026-10-06 19:27:05,606 | [SHW] ACTION: No trade.
2026-10-06 19:27:05,636 | [SJM] choppy/sideways (ADX 16.6) -> mean-reversion strategy | Signal: HOLD | Shares held: 0.0 | Last price: $117.01
2026-10-06 19:27:05,636 | [SJM] ACTION: No trade.
2026-10-06 19:27:05,666 | [SLB] choppy/sideways (ADX 23.5) -> mean-reversion strategy | Signal: HOLD | Shares held: 0.0 | Last price: $49.95
2026-10-06 19:27:05,666 | [SLB] ACTION: No trade.
2026-10-06 19:27:05,697 | [SMCI] choppy/sideways (ADX 16.9) -> mean-reversion strategy | Signal: HOLD | Shares held: 0.0 | Last price: $43.68
2026-10-06 19:27:05,697 | [SMCI] ACTION: No trade.
2026-10-06 19:27:05,727 | [SNDK] trending (ADX 34.3) -> trend-following strategy | Signal: HOLD | Shares held: 0.0 | Last price: $1669.11
2026-10-06 19:27:05,727 | [SNDK] ACTION: No trade.
2026-10-06 19:27:05,758 | [SNPS] trending (ADX 37.9) -> trend-following strategy | Signal: HOLD | Shares held: 0.0 | Last price: $506.28
2026-10-06 19:27:05,758 | [SNPS] ACTION: No trade.
2026-10-06 19:27:05,788 | [SO] trending (ADX 28.8) -> trend-following strategy | Signal: HOLD | Shares held: 0.0 | Last price: $84.89
2026-10-06 19:27:05,788 | [SO] ACTION: No trade.
2026-10-06 19:27:05,818 | [SPG] choppy/sideways (ADX 10.4) -> mean-reversion strategy | Signal: HOLD | Shares held: 0.0 | Last price: $201.25
2026-10-06 19:27:05,818 | [SPG] ACTION: No trade.
2026-10-06 19:27:05,848 | [SPGI] trending (ADX 38.4) -> trend-following strategy | Signal: HOLD | Shares held: 0.0 | Last price: $395.36
2026-10-06 19:27:05,848 | [SPGI] ACTION: No trade.
2026-10-06 19:27:05,878 | [SRE] trending (ADX 40.1) -> trend-following strategy | Signal: HOLD | Shares held: 0.0 | Last price: $79.32
2026-10-06 19:27:05,878 | [SRE] ACTION: No trade.
2026-10-06 19:27:05,908 | [STE] choppy/sideways (ADX 20.4) -> mean-reversion strategy | Signal: HOLD | Shares held: 0.0 | Last price: $208.84
2026-10-06 19:27:05,908 | [STE] ACTION: No trade.
2026-10-06 19:27:05,938 | [STLD] choppy/sideways (ADX 18.3) -> mean-reversion strategy | Signal: HOLD | Shares held: 0.0 | Last price: $239.63
2026-10-06 19:27:05,938 | [STLD] ACTION: No trade.
2026-10-06 19:27:05,968 | [STT] choppy/sideways (ADX 17.7) -> mean-reversion strategy | Signal: HOLD | Shares held: 0.0 | Last price: $175.63
2026-10-06 19:27:05,968 | [STT] ACTION: No trade.
2026-10-06 19:27:05,998 | [STX] trending (ADX 51.0) -> trend-following strategy | Signal: HOLD | Shares held: 0.0 | Last price: $800.00
2026-10-06 19:27:05,999 | [STX] ACTION: No trade.
2026-10-06 19:27:06,028 | [STZ] trending (ADX 29.2) -> trend-following strategy | Signal: HOLD | Shares held: 0.0 | Last price: $116.08
2026-10-06 19:27:06,029 | [STZ] ACTION: No trade.
2026-10-06 19:27:06,059 | [SW] choppy/sideways (ADX 18.0) -> mean-reversion strategy | Signal: HOLD | Shares held: 0.0 | Last price: $42.41
2026-10-06 19:27:06,059 | [SW] ACTION: No trade.
2026-10-06 19:27:06,089 | [SWK] choppy/sideways (ADX 11.0) -> mean-reversion strategy | Signal: HOLD | Shares held: 0.0 | Last price: $90.61
2026-10-06 19:27:06,089 | [SWK] ACTION: No trade.
2026-10-06 19:27:06,119 | [SWKS] choppy/sideways (ADX 12.6) -> mean-reversion strategy | Signal: HOLD | Shares held: 0.0 | Last price: $81.81
2026-10-06 19:27:06,119 | [SWKS] ACTION: No trade.
2026-10-06 19:27:06,150 | [SYF] choppy/sideways (ADX 22.1) -> mean-reversion strategy | Signal: HOLD | Shares held: 0.0 | Last price: $71.90
2026-10-06 19:27:06,150 | [SYF] ACTION: No trade.
2026-10-06 19:27:06,180 | [SYK] trending (ADX 43.1) -> trend-following strategy | Signal: HOLD | Shares held: 0.0 | Last price: $278.75
2026-10-06 19:27:06,180 | [SYK] ACTION: No trade.
2026-10-06 19:27:06,211 | [SYY] choppy/sideways (ADX 15.9) -> mean-reversion strategy | Signal: HOLD | Shares held: 0.0 | Last price: $77.26
2026-10-06 19:27:06,211 | [SYY] ACTION: No trade.
2026-10-06 19:27:06,242 | [T] choppy/sideways (ADX 25.0) -> mean-reversion strategy | Signal: HOLD | Shares held: 0.0 | Last price: $24.34
2026-10-06 19:27:06,242 | [T] ACTION: No trade.
2026-10-06 19:27:06,272 | [TDG] choppy/sideways (ADX 22.6) -> mean-reversion strategy | Signal: HOLD | Shares held: 0.0 | Last price: $1104.39
2026-10-06 19:27:06,272 | [TDG] ACTION: No trade.
2026-10-06 19:27:06,302 | [TDY] choppy/sideways (ADX 11.8) -> mean-reversion strategy | Signal: HOLD | Shares held: 0.0 | Last price: $621.36
2026-10-06 19:27:06,302 | [TDY] ACTION: No trade.
2026-10-06 19:27:06,332 | [TECH] choppy/sideways (ADX 14.1) -> mean-reversion strategy | Signal: HOLD | Shares held: 0.0 | Last price: $72.45
2026-10-06 19:27:06,332 | [TECH] ACTION: No trade.
2026-10-06 19:27:06,362 | [TEL] choppy/sideways (ADX 16.2) -> mean-reversion strategy | Signal: HOLD | Shares held: 0.0 | Last price: $220.29
2026-10-06 19:27:06,362 | [TEL] ACTION: No trade.
2026-10-06 19:27:06,392 | [TER] trending (ADX 36.8) -> trend-following strategy | Signal: HOLD | Shares held: 0.0 | Last price: $431.02
2026-10-06 19:27:06,392 | [TER] ACTION: No trade.
2026-10-06 19:27:06,422 | [TFC] choppy/sideways (ADX 22.2) -> mean-reversion strategy | Signal: HOLD | Shares held: 0.0 | Last price: $46.26
2026-10-06 19:27:06,422 | [TFC] ACTION: No trade.
2026-10-06 19:27:06,452 | [TGT] choppy/sideways (ADX 14.7) -> mean-reversion strategy | Signal: HOLD | Shares held: 0.0 | Last price: $154.29
2026-10-06 19:27:06,452 | [TGT] ACTION: No trade.
2026-10-06 19:27:06,482 | [TJX] choppy/sideways (ADX 20.7) -> mean-reversion strategy | Signal: HOLD | Shares held: 0.0 | Last price: $135.98
2026-10-06 19:27:06,482 | [TJX] ACTION: No trade.
2026-10-06 19:27:06,512 | [TKO] choppy/sideways (ADX 19.2) -> mean-reversion strategy | Signal: HOLD | Shares held: 0.0 | Last price: $175.87
2026-10-06 19:27:06,513 | [TKO] ACTION: No trade.
2026-10-06 19:27:06,543 | [TMO] choppy/sideways (ADX 13.8) -> mean-reversion strategy | Signal: HOLD | Shares held: 0.0 | Last price: $659.15
2026-10-06 19:27:06,543 | [TMO] ACTION: No trade.
2026-10-06 19:27:06,573 | [TMUS] choppy/sideways (ADX 16.6) -> mean-reversion strategy | Signal: HOLD | Shares held: 0.0 | Last price: $165.05
2026-10-06 19:27:06,573 | [TMUS] ACTION: No trade.
2026-10-06 19:27:06,603 | [TPL] trending (ADX 37.8) -> trend-following strategy | Signal: HOLD | Shares held: 0.0 | Last price: $356.07
2026-10-06 19:27:06,603 | [TPL] ACTION: No trade.
2026-10-06 19:27:06,634 | [TPR] choppy/sideways (ADX 15.4) -> mean-reversion strategy | Signal: HOLD | Shares held: 0.0 | Last price: $116.38
2026-10-06 19:27:06,634 | [TPR] ACTION: No trade.
2026-10-06 19:27:06,664 | [TRGP] choppy/sideways (ADX 20.7) -> mean-reversion strategy | Signal: HOLD | Shares held: 0.0 | Last price: $286.33
2026-10-06 19:27:06,664 | [TRGP] ACTION: No trade.
2026-10-06 19:27:06,694 | [TRMB] trending (ADX 32.4) -> trend-following strategy | Signal: HOLD | Shares held: 0.0 | Last price: $60.93
2026-10-06 19:27:06,695 | [TRMB] ACTION: No trade.
2026-10-06 19:27:06,725 | [TROW] choppy/sideways (ADX 20.7) -> mean-reversion strategy | Signal: HOLD | Shares held: 0.0 | Last price: $103.75
2026-10-06 19:27:06,725 | [TROW] ACTION: No trade.
2026-10-06 19:27:06,755 | [TRV] choppy/sideways (ADX 11.3) -> mean-reversion strategy | Signal: HOLD | Shares held: 0.0 | Last price: $360.56
2026-10-06 19:27:06,755 | [TRV] ACTION: No trade.
2026-10-06 19:27:06,785 | [TSCO] trending (ADX 45.0) -> trend-following strategy | Signal: HOLD | Shares held: 0.0 | Last price: $32.48
2026-10-06 19:27:06,785 | [TSCO] ACTION: No trade.
2026-10-06 19:27:06,815 | [TSLA] choppy/sideways (ADX 22.6) -> mean-reversion strategy | Signal: HOLD | Shares held: 0.0 | Last price: $379.59
2026-10-06 19:27:06,815 | [TSLA] ACTION: No trade.
2026-10-06 19:27:06,845 | [TSN] choppy/sideways (ADX 21.5) -> mean-reversion strategy | Signal: HOLD | Shares held: 0.0 | Last price: $51.98
2026-10-06 19:27:06,845 | [TSN] ACTION: No trade.
2026-10-06 19:27:06,875 | [TT] trending (ADX 30.1) -> trend-following strategy | Signal: HOLD | Shares held: 0.0 | Last price: $476.50
2026-10-06 19:27:06,875 | [TT] ACTION: No trade.
2026-10-06 19:27:06,905 | [TTWO] choppy/sideways (ADX 16.7) -> mean-reversion strategy | Signal: HOLD | Shares held: 0.0 | Last price: $202.72
2026-10-06 19:27:06,905 | [TTWO] ACTION: No trade.
2026-10-06 19:27:06,935 | [TXN] trending (ADX 46.1) -> trend-following strategy | Signal: HOLD | Shares held: 0.0 | Last price: $298.00
2026-10-06 19:27:06,935 | [TXN] ACTION: No trade.
2026-10-06 19:27:06,965 | [TXT] choppy/sideways (ADX 20.4) -> mean-reversion strategy | Signal: HOLD | Shares held: 0.0 | Last price: $75.38
2026-10-06 19:27:06,965 | [TXT] ACTION: No trade.
2026-10-06 19:27:06,995 | [TYL] choppy/sideways (ADX 21.1) -> mean-reversion strategy | Signal: HOLD | Shares held: 0.0 | Last price: $330.24
2026-10-06 19:27:06,996 | [TYL] ACTION: No trade.
2026-10-06 19:27:07,025 | [UAL] choppy/sideways (ADX 15.4) -> mean-reversion strategy | Signal: HOLD | Shares held: 0.0 | Last price: $111.54
2026-10-06 19:27:07,026 | [UAL] ACTION: No trade.
2026-10-06 19:27:07,055 | [UBER] choppy/sideways (ADX 20.1) -> mean-reversion strategy | Signal: HOLD | Shares held: 0.0 | Last price: $68.97
2026-10-06 19:27:07,055 | [UBER] ACTION: No trade.
2026-10-06 19:27:07,085 | [UDR] choppy/sideways (ADX 24.2) -> mean-reversion strategy | Signal: HOLD | Shares held: 0.0 | Last price: $33.95
2026-10-06 19:27:07,085 | [UDR] ACTION: No trade.
2026-10-06 19:27:07,115 | [UHS] choppy/sideways (ADX 16.1) -> mean-reversion strategy | Signal: HOLD | Shares held: 0.0 | Last price: $177.62
2026-10-06 19:27:07,115 | [UHS] ACTION: No trade.
2026-10-06 19:27:07,146 | [ULTA] choppy/sideways (ADX 12.6) -> mean-reversion strategy | Signal: HOLD | Shares held: 0.0 | Last price: $548.60
2026-10-06 19:27:07,146 | [ULTA] ACTION: No trade.
2026-10-06 19:27:07,176 | [UNH] choppy/sideways (ADX 15.7) -> mean-reversion strategy | Signal: HOLD | Shares held: 0.0 | Last price: $376.54
2026-10-06 19:27:07,177 | [UNH] ACTION: No trade.
2026-10-06 19:27:07,207 | [UNP] choppy/sideways (ADX 14.9) -> mean-reversion strategy | Signal: HOLD | Shares held: 0.0 | Last price: $275.88
2026-10-06 19:27:07,207 | [UNP] ACTION: No trade.
2026-10-06 19:27:07,238 | [UPS] choppy/sideways (ADX 20.8) -> mean-reversion strategy | Signal: HOLD | Shares held: 0.0 | Last price: $93.09
2026-10-06 19:27:07,238 | [UPS] ACTION: No trade.
2026-10-06 19:27:07,268 | [URI] choppy/sideways (ADX 16.0) -> mean-reversion strategy | Signal: HOLD | Shares held: 0.0 | Last price: $1088.22
2026-10-06 19:27:07,268 | [URI] ACTION: No trade.
2026-10-06 19:27:07,299 | [USB] trending (ADX 30.9) -> trend-following strategy | Signal: HOLD | Shares held: 0.0 | Last price: $57.16
2026-10-06 19:27:07,299 | [USB] ACTION: No trade.
2026-10-06 19:27:07,329 | [V] choppy/sideways (ADX 15.7) -> mean-reversion strategy | Signal: HOLD | Shares held: 0.0 | Last price: $369.87
2026-10-06 19:27:07,329 | [V] ACTION: No trade.
2026-10-06 19:27:07,359 | [VEEV] trending (ADX 27.8) -> trend-following strategy | Signal: HOLD | Shares held: 0.0 | Last price: $283.68
2026-10-06 19:27:07,359 | [VEEV] ACTION: No trade.
2026-10-06 19:27:07,389 | [VICI] choppy/sideways (ADX 13.8) -> mean-reversion strategy | Signal: HOLD | Shares held: 0.0 | Last price: $22.71
2026-10-06 19:27:07,389 | [VICI] ACTION: No trade.
2026-10-06 19:27:07,420 | [VLO] choppy/sideways (ADX 21.0) -> mean-reversion strategy | Signal: HOLD | Shares held: 0.0 | Last price: $422.21
2026-10-06 19:27:07,420 | [VLO] ACTION: No trade.
2026-10-06 19:27:07,450 | [VLTO] choppy/sideways (ADX 19.9) -> mean-reversion strategy | Signal: HOLD | Shares held: 0.0 | Last price: $96.17
2026-10-06 19:27:07,450 | [VLTO] ACTION: No trade.
2026-10-06 19:27:07,481 | [VMC] trending (ADX 39.0) -> trend-following strategy | Signal: HOLD | Shares held: 0.0 | Last price: $249.15
2026-10-06 19:27:07,481 | [VMC] ACTION: No trade.
2026-10-06 19:27:07,512 | [VMRK] choppy/sideways (ADX 17.2) -> mean-reversion strategy | Signal: HOLD | Shares held: 0.0 | Last price: $60.34
2026-10-06 19:27:07,512 | [VMRK] ACTION: No trade.
2026-10-06 19:27:07,542 | [VRSK] trending (ADX 29.4) -> trend-following strategy | Signal: HOLD | Shares held: 0.0 | Last price: $164.22
2026-10-06 19:27:07,542 | [VRSK] ACTION: No trade.
2026-10-06 19:27:07,572 | [VRSN] choppy/sideways (ADX 18.3) -> mean-reversion strategy | Signal: HOLD | Shares held: 0.0 | Last price: $293.25
2026-10-06 19:27:07,572 | [VRSN] ACTION: No trade.
2026-10-06 19:27:07,602 | [VRT] choppy/sideways (ADX 15.4) -> mean-reversion strategy | Signal: HOLD | Shares held: 0.0 | Last price: $252.38
2026-10-06 19:27:07,602 | [VRT] ACTION: No trade.
2026-10-06 19:27:07,632 | [VRTX] choppy/sideways (ADX 8.8) -> mean-reversion strategy | Signal: HOLD | Shares held: 0.0 | Last price: $502.43
2026-10-06 19:27:07,632 | [VRTX] ACTION: No trade.
2026-10-06 19:27:07,662 | [VST] trending (ADX 50.8) -> trend-following strategy | Signal: HOLD | Shares held: 0.0 | Last price: $159.47
2026-10-06 19:27:07,662 | [VST] ACTION: No trade.
2026-10-06 19:27:07,692 | [VTR] trending (ADX 36.2) -> trend-following strategy | Signal: HOLD | Shares held: 0.0 | Last price: $81.65
2026-10-06 19:27:07,692 | [VTR] ACTION: No trade.
2026-10-06 19:27:07,723 | [VTRS] choppy/sideways (ADX 12.7) -> mean-reversion strategy | Signal: HOLD | Shares held: 0.0 | Last price: $17.55
2026-10-06 19:27:07,723 | [VTRS] ACTION: No trade.
2026-10-06 19:27:07,753 | [VZ] choppy/sideways (ADX 19.0) -> mean-reversion strategy | Signal: HOLD | Shares held: 0.0 | Last price: $45.66
2026-10-06 19:27:07,753 | [VZ] ACTION: No trade.
2026-10-06 19:27:07,783 | [WAB] choppy/sideways (ADX 13.4) -> mean-reversion strategy | Signal: HOLD | Shares held: 0.0 | Last price: $292.94
2026-10-06 19:27:07,783 | [WAB] ACTION: No trade.
2026-10-06 19:27:07,813 | [WAT] choppy/sideways (ADX 17.2) -> mean-reversion strategy | Signal: HOLD | Shares held: 0.0 | Last price: $435.45
2026-10-06 19:27:07,813 | [WAT] ACTION: No trade.
2026-10-06 19:27:07,842 | [WBD] trending (ADX 72.2) -> trend-following strategy | Signal: HOLD | Shares held: 0.0 | Last price: $30.97
2026-10-06 19:27:07,843 | [WBD] ACTION: No trade.
2026-10-06 19:27:07,873 | [WDAY] trending (ADX 37.7) -> trend-following strategy | Signal: HOLD | Shares held: 0.0 | Last price: $186.15
2026-10-06 19:27:07,873 | [WDAY] ACTION: No trade.
2026-10-06 19:27:07,903 | [WDC] trending (ADX 33.3) -> trend-following strategy | Signal: HOLD | Shares held: 0.0 | Last price: $408.78
2026-10-06 19:27:07,903 | [WDC] ACTION: No trade.
2026-10-06 19:27:07,933 | [WEC] trending (ADX 34.6) -> trend-following strategy | Signal: HOLD | Shares held: 0.0 | Last price: $102.66
2026-10-06 19:27:07,933 | [WEC] ACTION: No trade.
2026-10-06 19:27:07,963 | [WELL] trending (ADX 26.5) -> trend-following strategy | Signal: HOLD | Shares held: 0.0 | Last price: $225.21
2026-10-06 19:27:07,963 | [WELL] ACTION: No trade.
2026-10-06 19:27:07,994 | [WFC] choppy/sideways (ADX 12.8) -> mean-reversion strategy | Signal: HOLD | Shares held: 0.0 | Last price: $81.50
2026-10-06 19:27:07,994 | [WFC] ACTION: No trade.
2026-10-06 19:27:08,024 | [WM] trending (ADX 38.2) -> trend-following strategy | Signal: HOLD | Shares held: 0.0 | Last price: $207.88
2026-10-06 19:27:08,024 | [WM] ACTION: No trade.
2026-10-06 19:27:08,054 | [WMB] trending (ADX 34.8) -> trend-following strategy | Signal: HOLD | Shares held: 0.0 | Last price: $72.51
2026-10-06 19:27:08,054 | [WMB] ACTION: No trade.
2026-10-06 19:27:08,084 | [WMT] trending (ADX 52.1) -> trend-following strategy | Signal: HOLD | Shares held: 0.0 | Last price: $107.17
2026-10-06 19:27:08,084 | [WMT] ACTION: No trade.
2026-10-06 19:27:08,115 | [WRB] choppy/sideways (ADX 20.6) -> mean-reversion strategy | Signal: HOLD | Shares held: 0.0 | Last price: $69.88
2026-10-06 19:27:08,115 | [WRB] ACTION: No trade.
2026-10-06 19:27:08,145 | [WSM] trending (ADX 31.7) -> trend-following strategy | Signal: HOLD | Shares held: 0.0 | Last price: $243.69
2026-10-06 19:27:08,145 | [WSM] ACTION: No trade.
2026-10-06 19:27:08,175 | [WST] choppy/sideways (ADX 15.1) -> mean-reversion strategy | Signal: HOLD | Shares held: 0.0 | Last price: $374.75
2026-10-06 19:27:08,175 | [WST] ACTION: No trade.
2026-10-06 19:27:08,205 | [WTW] choppy/sideways (ADX 9.2) -> mean-reversion strategy | Signal: HOLD | Shares held: 0.0 | Last price: $290.87
2026-10-06 19:27:08,205 | [WTW] ACTION: No trade.
2026-10-06 19:27:08,236 | [WY] choppy/sideways (ADX 19.9) -> mean-reversion strategy | Signal: HOLD | Shares held: 0.0 | Last price: $18.55
2026-10-06 19:27:08,236 | [WY] ACTION: No trade.
2026-10-06 19:27:08,266 | [WYNN] choppy/sideways (ADX 24.2) -> mean-reversion strategy | Signal: HOLD | Shares held: 0.0 | Last price: $76.61
2026-10-06 19:27:08,266 | [WYNN] ACTION: No trade.
2026-10-06 19:27:08,296 | [XEL] choppy/sideways (ADX 18.6) -> mean-reversion strategy | Signal: HOLD | Shares held: 0.0 | Last price: $72.15
2026-10-06 19:27:08,296 | [XEL] ACTION: No trade.
2026-10-06 19:27:08,326 | [XOM] choppy/sideways (ADX 14.8) -> mean-reversion strategy | Signal: HOLD | Shares held: 0.0 | Last price: $165.08
2026-10-06 19:27:08,326 | [XOM] ACTION: No trade.
2026-10-06 19:27:08,356 | [XYL] choppy/sideways (ADX 21.4) -> mean-reversion strategy | Signal: HOLD | Shares held: 0.0 | Last price: $103.95
2026-10-06 19:27:08,356 | [XYL] ACTION: No trade.
2026-10-06 19:27:08,386 | [XYZ] choppy/sideways (ADX 17.7) -> mean-reversion strategy | Signal: HOLD | Shares held: 0.0 | Last price: $76.52
2026-10-06 19:27:08,386 | [XYZ] ACTION: No trade.
2026-10-06 19:27:08,416 | [YUM] trending (ADX 28.5) -> trend-following strategy | Signal: HOLD | Shares held: 0.0 | Last price: $139.27
2026-10-06 19:27:08,416 | [YUM] ACTION: No trade.
2026-10-06 19:27:08,446 | [ZBH] trending (ADX 25.7) -> trend-following strategy | Signal: HOLD | Shares held: 0.0 | Last price: $90.11
2026-10-06 19:27:08,446 | [ZBH] ACTION: No trade.
2026-10-06 19:27:08,476 | [ZBRA] choppy/sideways (ADX 22.9) -> mean-reversion strategy | Signal: HOLD | Shares held: 0.0 | Last price: $390.00
2026-10-06 19:27:08,476 | [ZBRA] ACTION: No trade.
2026-10-06 19:27:08,506 | [ZTS] choppy/sideways (ADX 20.6) -> mean-reversion strategy | Signal: HOLD | Shares held: 0.0 | Last price: $70.96
2026-10-06 19:27:08,506 | [ZTS] ACTION: No trade.
2026-10-06 19:42:08,763 | SCANNER: refreshing watchlist...
2026-10-06 19:42:09,054 | SCANNER: no candidates survived the price/extension filters.
2026-10-06 19:42:09,054 | SCANNER: every candidate this cycle was a leveraged/inverse ETF.
2026-10-06 19:42:28,129 | S&P 500 liquidity backstop -> NVDA, MU, TSLA, SNDK, AMD, MSFT, INTC, AAPL, AVGO, META, AMZN, MRVL, GOOGL, WBD, STX, WDC, MDT, GOOG, LITE, PTC, ORCL, PLTR, NKE, MRNA, BE, LLY, DELL, JNJ, TMO, ABBV, AMAT, LRCX, COST, PANW, HOOD, GEV, NFLX, MA, CAT, BRK.B, XOM, COHR, V, WMT, JPM, LIN, CSCO, CRM, QCOM, TJX, ACN, VST, SWKS, CEG, MRK, BAC, APP, BA, TXN, GS, AMGN, UNH, SNPS, DHR, CRWD, ILMN, CVX, KLAC, COIN, PG, GE, IBM, MCK, CIEN, PM, NEE, VLO, KO, MS, UNP, TT, CVS, ADI, CB, HPE, MCD, ON, MPC, NTAP, ABT, HD, GILD, SMCI, ANET, CTVA, SYK, NOC, GLW, TER, DE, COF, SPGI, TGT, VZ, BKNG, BLK, WFC, PWR, ETN, C, PGR, MPWR, SO, WELL, COP, CDNS, PEP, AZO, NOW, CHRW, HUM, APH, JCI, UBER, TMUS, HWM, BMY, SBUX, DASH, URI, RCL, FICO, DHI, MCO, PSX, ROST, SCHW, VRT, AEP, DDOG, ORLY, AXP, RTX, NXPI, CMI, PNC, HCA, INTU, MMM, GM, EMR, WMB, VRTX, ADP, WM, SHW, FCX, PEG, ISRG, HLT, FANG, REGN, ALL, FTNT, ECHO, CL, ABNB, EOG, ADSK, FIX, ADBE, MRSH, EQIX, PFE, CASY, DIS, AMT, BNY, CSX, GD, KEYS, CI, MDLZ, KKR, FDX, TFC, WAT, LOW, PLD, MET, LYV, EXC, BSX, USB, T, EXPE, CRH, CME, PCAR, HON, LEN, CAH, VTR, DUK, TRGP, MLM, DAL, BX, IR, SLB, XEL, SYY, PH, P, AIG, ITW, APO, IQV, MAR, AME, A, ECL, NUE, COR, FERG, VMRK, BDX, TSCO, RDDT, MSI, MCHP, TDG, AON, VRSN, UAL, TPR, ODFL, YUM, AJG, OTIS, HBAN, ICE, LMT, EBAY, CMG, STT, EFX, CRL, CBOE, AXON, TRV, MNST, GWW, CNP, CMS, ELV, CCL, PODD, WDAY, NEM, FOXA, DLR, APD, AMP, KDP, CTAS, VEEV, CARR, TEL, WEC, ETR, HONA, CMCSA, NSC, LULU, EQT, FITB, EME, NDAQ, NRG, ROK, RVTY, EXPD, PSA, VMC, WSM, KR, CFG, DVN, PYPL, MO, OKE, RF, LHX, ED, KMI, WAB, ACGL, IBKR, FAST, KMB, CTSH, TTWO, UPS, ROP, MSCI, AEE, DGX, NVR, RSG, HIG, AWK, PCG, CVNA, SRE, INCY, KEY, OXY, PAYX, CNC, JBL, STZ, EW, F, BKR, ARES, CBRE, LNT, MTD, BBY, HUBB, SPG, AKAM, XYL, HSY, DTE, GRMN, HPQ, IDXX, FLEX, GIS, ZTS, CF, CHTR, D, EIX, XYZ, DRI, FFIV, BIIB, AFL, STLD, DXCM, DLTR, PPL, MTB, CPAY, GEHC, EXE, NCLH, FE, CCI, WST, COO, KHC, NI, GPN, EL, DG, JBHT, FSLR, LH, CHD, RL, RMD, TKO, HST, LUV, ZBH, IRM, O, PHM, ULTA, CPRT, TECH, ROL, GNRC, DPZ, GEN, TROW, KVUE, HAL, IP, FTV, BG, FDS, ADM, LYB, LII, HAS, PNW, Q, DOV, EVRG, NTRS, EXR, PRU, HII, FDXF, VLTO, SYF, RJF, ALB, OMC, FISV, TSN, WRB, BAX, DECK, SW, MAA, MKC, VRSK, TYL, ZBRA, IEX, ES, DOW, FIS, TRMB, CDW, PPG, ATO, PFG, LVS, IFF, SBAC, LDOS, SWK, STE, EG, APA, ALGN, BRO, BEN, TXT, WTW, ESS, GDDY, ALLE, CLX, INVH, BALL, PNR, IVZ, SJM, AVY, WY, HSIC, AES, UDR, AMCR, PKG, CSGP, APTV, IT, TDY, MOS, NDSN, VICI, JKHY, TPL, MAS, KIM, NWSA, DOC, J, VTRS, CPT, WYNN, BR, DD, GPC, L, ARE, FRT, UHS, MGM, CINF, AIZ
2026-10-06 19:42:28,132 | SCANNER: new watchlist -> NVDA, MU, TSLA, SNDK, AMD, MSFT, INTC, AAPL, AVGO, META, AMZN, MRVL, GOOGL, WBD, STX, WDC, MDT, GOOG, LITE, PTC, ORCL, PLTR, NKE, MRNA, BE, LLY, DELL, JNJ, TMO, ABBV, AMAT, LRCX, COST, PANW, HOOD, GEV, NFLX, MA, CAT, BRK.B, XOM, COHR, V, WMT, JPM, LIN, CSCO, CRM, QCOM, TJX, ACN, VST, SWKS, CEG, MRK, BAC, APP, BA, TXN, GS, AMGN, UNH, SNPS, DHR, CRWD, ILMN, CVX, KLAC, COIN, PG, GE, IBM, MCK, CIEN, PM, NEE, VLO, KO, MS, UNP, TT, CVS, ADI, CB, HPE, MCD, ON, MPC, NTAP, ABT, HD, GILD, SMCI, ANET, CTVA, SYK, NOC, GLW, TER, DE, COF, SPGI, TGT, VZ, BKNG, BLK, WFC, PWR, ETN, C, PGR, MPWR, SO, WELL, COP, CDNS, PEP, AZO, NOW, CHRW, HUM, APH, JCI, UBER, TMUS, HWM, BMY, SBUX, DASH, URI, RCL, FICO, DHI, MCO, PSX, ROST, SCHW, VRT, AEP, DDOG, ORLY, AXP, RTX, NXPI, CMI, PNC, HCA, INTU, MMM, GM, EMR, WMB, VRTX, ADP, WM, SHW, FCX, PEG, ISRG, HLT, FANG, REGN, ALL, FTNT, ECHO, CL, ABNB, EOG, ADSK, FIX, ADBE, MRSH, EQIX, PFE, CASY, DIS, AMT, BNY, CSX, GD, KEYS, CI, MDLZ, KKR, FDX, TFC, WAT, LOW, PLD, MET, LYV, EXC, BSX, USB, T, EXPE, CRH, CME, PCAR, HON, LEN, CAH, VTR, DUK, TRGP, MLM, DAL, BX, IR, SLB, XEL, SYY, PH, P, AIG, ITW, APO, IQV, MAR, AME, A, ECL, NUE, COR, FERG, VMRK, BDX, TSCO, RDDT, MSI, MCHP, TDG, AON, VRSN, UAL, TPR, ODFL, YUM, AJG, OTIS, HBAN, ICE, LMT, EBAY, CMG, STT, EFX, CRL, CBOE, AXON, TRV, MNST, GWW, CNP, CMS, ELV, CCL, PODD, WDAY, NEM, FOXA, DLR, APD, AMP, KDP, CTAS, VEEV, CARR, TEL, WEC, ETR, HONA, CMCSA, NSC, LULU, EQT, FITB, EME, NDAQ, NRG, ROK, RVTY, EXPD, PSA, VMC, WSM, KR, CFG, DVN, PYPL, MO, OKE, RF, LHX, ED, KMI, WAB, ACGL, IBKR, FAST, KMB, CTSH, TTWO, UPS, ROP, MSCI, AEE, DGX, NVR, RSG, HIG, AWK, PCG, CVNA, SRE, INCY, KEY, OXY, PAYX, CNC, JBL, STZ, EW, F, BKR, ARES, CBRE, LNT, MTD, BBY, HUBB, SPG, AKAM, XYL, HSY, DTE, GRMN, HPQ, IDXX, FLEX, GIS, ZTS, CF, CHTR, D, EIX, XYZ, DRI, FFIV, BIIB, AFL, STLD, DXCM, DLTR, PPL, MTB, CPAY, GEHC, EXE, NCLH, FE, CCI, WST, COO, KHC, NI, GPN, EL, DG, JBHT, FSLR, LH, CHD, RL, RMD, TKO, HST, LUV, ZBH, IRM, O, PHM, ULTA, CPRT, TECH, ROL, GNRC, DPZ, GEN, TROW, KVUE, HAL, IP, FTV, BG, FDS, ADM, LYB, LII, HAS, PNW, Q, DOV, EVRG, NTRS, EXR, PRU, HII, FDXF, VLTO, SYF, RJF, ALB, OMC, FISV, TSN, WRB, BAX, DECK, SW, MAA, MKC, VRSK, TYL, ZBRA, IEX, ES, DOW, FIS, TRMB, CDW, PPG, ATO, PFG, LVS, IFF, SBAC, LDOS, SWK, STE, EG, APA, ALGN, BRO, BEN, TXT, WTW, ESS, GDDY, ALLE, CLX, INVH, BALL, PNR, IVZ, SJM, AVY, WY, HSIC, AES, UDR, AMCR, PKG, CSGP, APTV, IT, TDY, MOS, NDSN, VICI, JKHY, TPL, MAS, KIM, NWSA, DOC, J, VTRS, CPT, WYNN, BR, DD, GPC, L, ARE, FRT, UHS, MGM, CINF, AIZ
2026-10-06 19:42:28,186 | Market is open (closes 2026-10-06 22:00:00 CEST your local time). Checking 490 symbols: A, AAPL, ABBV, ABNB, ABT, ACGL, ACN, ADBE, ADI, ADM, ADP, ADSK, AEE, AEP, AES, AFL, AIG, AIZ, AJG, AKAM, ALB, ALGN, ALL, ALLE, AMAT, AMCR, AMD, AME, AMGN, AMP, AMT, AMZN, ANET, AON, APA, APD, APH, APO, APP, APTV, ARE, ARES, ATO, AVGO, AVY, AWK, AXON, AXP, AZO, BA, BAC, BALL, BAX, BBY, BDX, BE, BEN, BG, BIIB, BKNG, BKR, BLK, BMY, BNY, BR, BRK.B, BRO, BSX, BX, C, CAH, CARR, CASY, CAT, CB, CBOE, CBRE, CCI, CCL, CDNS, CDW, CEG, CF, CFG, CHD, CHRW, CHTR, CI, CIEN, CINF, CL, CLX, CMCSA, CME, CMG, CMI, CMS, CNC, CNP, COF, COHR, COIN, COO, COP, COR, COST, CPAY, CPRT, CPT, CRH, CRL, CRM, CRWD, CSCO, CSGP, CSX, CTAS, CTSH, CTVA, CVNA, CVS, CVX, D, DAL, DASH, DD, DDOG, DE, DECK, DELL, DG, DGX, DHI, DHR, DIS, DLR, DLTR, DOC, DOV, DOW, DPZ, DRI, DTE, DUK, DVN, DXCM, EBAY, ECHO, ECL, ED, EFX, EG, EIX, EL, ELV, EME, EMR, EOG, EQIX, EQT, ES, ESS, ETN, ETR, EVRG, EW, EXC, EXE, EXPD, EXPE, EXR, F, FANG, FAST, FCX, FDS, FDX, FDXF, FE, FERG, FFIV, FICO, FIS, FISV, FITB, FIX, FLEX, FOXA, FRT, FSLR, FTNT, FTV, GD, GDDY, GE, GEHC, GEN, GEV, GILD, GIS, GLW, GM, GNRC, GOOG, GOOGL, GPC, GPN, GRMN, GS, GWW, HAL, HAS, HBAN, HCA, HD, HIG, HII, HLT, HON, HONA, HOOD, HPE, HPQ, HSIC, HST, HSY, HUBB, HUM, HWM, IBKR, IBM, ICE, IDXX, IEX, IFF, ILMN, INCY, INTC, INTU, INVH, IP, IQV, IR, IRM, ISRG, IT, ITW, IVZ, J, JBHT, JBL, JCI, JKHY, JNJ, JPM, KDP, KEY, KEYS, KHC, KIM, KKR, KLAC, KMB, KMI, KO, KR, KVUE, L, LDOS, LEN, LH, LHX, LII, LIN, LITE, LLY, LMT, LNT, LOW, LRCX, LULU, LUV, LVS, LYB, LYV, MA, MAA, MAR, MAS, MCD, MCHP, MCK, MCO, MDLZ, MDT, MET, META, MGM, MKC, MLM, MMM, MNST, MO, MOS, MPC, MPWR, MRK, MRNA, MRSH, MRVL, MS, MSCI, MSFT, MSI, MTB, MTD, MU, NCLH, NDAQ, NDSN, NEE, NEM, NFLX, NI, NKE, NOC, NOW, NRG, NSC, NTAP, NTRS, NUE, NVDA, NVR, NWSA, NXPI, O, ODFL, OKE, OMC, ON, ORCL, ORLY, OTIS, OXY, P, PANW, PAYX, PCAR, PCG, PEG, PEP, PFE, PFG, PG, PGR, PH, PHM, PKG, PLD, PLTR, PM, PNC, PNR, PNW, PODD, PPG, PPL, PRU, PSA, PSX, PTC, PWR, PYPL, Q, QCOM, RCL, RDDT, REGN, RF, RJF, RL, RMD, ROK, ROL, ROP, ROST, RSG, RTX, RVTY, SBAC, SBUX, SCHW, SHW, SJM, SLB, SMCI, SNDK, SNPS, SO, SPG, SPGI, SRE, STE, STLD, STT, STX, STZ, SW, SWK, SWKS, SYF, SYK, SYY, T, TDG, TDY, TECH, TEL, TER, TFC, TGT, TJX, TKO, TMO, TMUS, TPL, TPR, TRGP, TRMB, TROW, TRV, TSCO, TSLA, TSN, TT, TTWO, TXN, TXT, TYL, UAL, UBER, UDR, UHS, ULTA, UNH, UNP, UPS, URI, USB, V, VEEV, VICI, VLO, VLTO, VMC, VMRK, VRSK, VRSN, VRT, VRTX, VST, VTR, VTRS, VZ, WAB, WAT, WBD, WDAY, WDC, WEC, WELL, WFC, WM, WMB, WMT, WRB, WSM, WST, WTW, WY, WYNN, XEL, XOM, XYL, XYZ, YUM, ZBH, ZBRA, ZTS (within 90 min of close -- not enough runway left today for a new position)
2026-10-06 19:43:02,576 | [A] choppy/sideways (ADX 9.8) -> mean-reversion strategy | Signal: HOLD | Shares held: 0.0 | Last price: $169.24
2026-10-06 19:43:02,576 | [A] ACTION: No trade.
2026-10-06 19:43:02,607 | [AAPL] choppy/sideways (ADX 18.2) -> mean-reversion strategy | Signal: HOLD | Shares held: 0.0 | Last price: $333.62
2026-10-06 19:43:02,607 | [AAPL] ACTION: No trade.
2026-10-06 19:43:02,638 | [ABBV] choppy/sideways (ADX 16.3) -> mean-reversion strategy | Signal: HOLD | Shares held: 0.0 | Last price: $266.70
2026-10-06 19:43:02,639 | [ABBV] ACTION: No trade.
2026-10-06 19:43:02,670 | [ABNB] trending (ADX 34.7) -> trend-following strategy | Signal: HOLD | Shares held: 0.0 | Last price: $160.42
2026-10-06 19:43:02,670 | [ABNB] ACTION: No trade.
2026-10-06 19:43:02,700 | [ABT] trending (ADX 31.0) -> trend-following strategy | Signal: HOLD | Shares held: 0.0 | Last price: $98.23
2026-10-06 19:43:02,700 | [ABT] ACTION: No trade.
2026-10-06 19:43:02,731 | [ACGL] choppy/sideways (ADX 16.1) -> mean-reversion strategy | Signal: HOLD | Shares held: 0.0 | Last price: $94.53
2026-10-06 19:43:02,731 | [ACGL] ACTION: No trade.
2026-10-06 19:43:02,761 | [ACN] choppy/sideways (ADX 24.9) -> mean-reversion strategy | Signal: HOLD | Shares held: 0.0 | Last price: $194.06
2026-10-06 19:43:02,761 | [ACN] ACTION: No trade.
2026-10-06 19:43:02,792 | [ADBE] choppy/sideways (ADX 13.7) -> mean-reversion strategy | Signal: HOLD | Shares held: 0.0 | Last price: $237.38
2026-10-06 19:43:02,792 | [ADBE] ACTION: No trade.
2026-10-06 19:43:02,822 | [ADI] trending (ADX 26.5) -> trend-following strategy | Signal: HOLD | Shares held: 0.0 | Last price: $421.56
2026-10-06 19:43:02,822 | [ADI] ACTION: No trade.
2026-10-06 19:43:02,853 | [ADM] choppy/sideways (ADX 15.8) -> mean-reversion strategy | Signal: HOLD | Shares held: 0.0 | Last price: $82.10
2026-10-06 19:43:02,853 | [ADM] ACTION: No trade.
2026-10-06 19:43:02,883 | [ADP] choppy/sideways (ADX 15.4) -> mean-reversion strategy | Signal: HOLD | Shares held: 0.0 | Last price: $262.49
2026-10-06 19:43:02,883 | [ADP] ACTION: No trade.
2026-10-06 19:43:02,914 | [ADSK] trending (ADX 45.8) -> trend-following strategy | Signal: HOLD | Shares held: 0.0 | Last price: $229.84
2026-10-06 19:43:02,914 | [ADSK] ACTION: No trade.
2026-10-06 19:43:02,944 | [AEE] trending (ADX 33.4) -> trend-following strategy | Signal: HOLD | Shares held: 0.0 | Last price: $100.84
2026-10-06 19:43:02,944 | [AEE] ACTION: No trade.
2026-10-06 19:43:02,975 | [AEP] choppy/sideways (ADX 21.0) -> mean-reversion strategy | Signal: HOLD | Shares held: 0.0 | Last price: $121.00
2026-10-06 19:43:02,975 | [AEP] ACTION: No trade.
2026-10-06 19:43:03,005 | [AES] choppy/sideways (ADX 18.1) -> mean-reversion strategy | Signal: HOLD | Shares held: 0.0 | Last price: $14.91
2026-10-06 19:43:03,005 | [AES] ACTION: No trade.
2026-10-06 19:43:03,035 | [AFL] choppy/sideways (ADX 21.6) -> mean-reversion strategy | Signal: HOLD | Shares held: 0.0 | Last price: $113.34
2026-10-06 19:43:03,035 | [AFL] ACTION: No trade.
2026-10-06 19:43:03,065 | [AIG] choppy/sideways (ADX 19.5) -> mean-reversion strategy | Signal: HOLD | Shares held: 0.0 | Last price: $74.90
2026-10-06 19:43:03,065 | [AIG] ACTION: No trade.
2026-10-06 19:43:03,095 | [AIZ] choppy/sideways (ADX 11.1) -> mean-reversion strategy | Signal: HOLD | Shares held: 0.0 | Last price: $269.65
2026-10-06 19:43:03,096 | [AIZ] ACTION: No trade.
2026-10-06 19:43:03,126 | [AJG] choppy/sideways (ADX 12.3) -> mean-reversion strategy | Signal: HOLD | Shares held: 0.0 | Last price: $229.22
2026-10-06 19:43:03,126 | [AJG] ACTION: No trade.
2026-10-06 19:43:03,156 | [AKAM] choppy/sideways (ADX 15.2) -> mean-reversion strategy | Signal: HOLD | Shares held: 0.0 | Last price: $108.23
2026-10-06 19:43:03,156 | [AKAM] ACTION: No trade.
2026-10-06 19:43:03,187 | [ALB] trending (ADX 31.3) -> trend-following strategy | Signal: HOLD | Shares held: 0.0 | Last price: $106.24
2026-10-06 19:43:03,187 | [ALB] ACTION: No trade.
2026-10-06 19:43:03,218 | [ALGN] choppy/sideways (ADX 12.0) -> mean-reversion strategy | Signal: HOLD | Shares held: 0.0 | Last price: $141.38
2026-10-06 19:43:03,218 | [ALGN] ACTION: No trade.
2026-10-06 19:43:03,250 | [ALL] choppy/sideways (ADX 23.1) -> mean-reversion strategy | Signal: HOLD | Shares held: 0.0 | Last price: $223.10
2026-10-06 19:43:03,250 | [ALL] ACTION: No trade.
2026-10-06 19:43:03,281 | [ALLE] choppy/sideways (ADX 12.0) -> mean-reversion strategy | Signal: HOLD | Shares held: 0.0 | Last price: $154.93
2026-10-06 19:43:03,281 | [ALLE] ACTION: No trade.
2026-10-06 19:43:03,311 | [AMAT] choppy/sideways (ADX 15.8) -> mean-reversion strategy | Signal: HOLD | Shares held: 0.0 | Last price: $528.25
2026-10-06 19:43:03,312 | [AMAT] ACTION: No trade.
2026-10-06 19:43:03,343 | [AMCR] choppy/sideways (ADX 16.6) -> mean-reversion strategy | Signal: HOLD | Shares held: 0.0 | Last price: $41.83
2026-10-06 19:43:03,343 | [AMCR] ACTION: No trade.
2026-10-06 19:43:03,374 | [AMD] trending (ADX 46.8) -> trend-following strategy | Signal: HOLD | Shares held: 0.0 | Last price: $654.55
2026-10-06 19:43:03,374 | [AMD] ACTION: No trade.
2026-10-06 19:43:03,429 | [AME] choppy/sideways (ADX 15.9) -> mean-reversion strategy | Signal: HOLD | Shares held: 0.0 | Last price: $253.68
2026-10-06 19:43:03,429 | [AME] ACTION: No trade.
2026-10-06 19:43:03,459 | [AMGN] choppy/sideways (ADX 12.0) -> mean-reversion strategy | Signal: HOLD | Shares held: 0.0 | Last price: $402.22
2026-10-06 19:43:03,459 | [AMGN] ACTION: No trade.
2026-10-06 19:43:03,490 | [AMP] choppy/sideways (ADX 16.8) -> mean-reversion strategy | Signal: HOLD | Shares held: 0.0 | Last price: $493.20
2026-10-06 19:43:03,490 | [AMP] ACTION: No trade.
2026-10-06 19:43:03,521 | [AMT] choppy/sideways (ADX 20.3) -> mean-reversion strategy | Signal: HOLD | Shares held: 0.0 | Last price: $163.95
2026-10-06 19:43:03,522 | [AMT] ACTION: No trade.
2026-10-06 19:43:03,553 | [AMZN] trending (ADX 35.2) -> trend-following strategy | Signal: HOLD | Shares held: 0.0 | Last price: $256.48
2026-10-06 19:43:03,553 | [AMZN] ACTION: No trade.
2026-10-06 19:43:03,584 | [ANET] trending (ADX 32.4) -> trend-following strategy | Signal: HOLD | Shares held: 0.0 | Last price: $215.97
2026-10-06 19:43:03,584 | [ANET] ACTION: No trade.
2026-10-06 19:43:03,615 | [AON] choppy/sideways (ADX 21.4) -> mean-reversion strategy | Signal: HOLD | Shares held: 0.0 | Last price: $273.21
2026-10-06 19:43:03,615 | [AON] ACTION: No trade.
2026-10-06 19:43:03,646 | [APA] choppy/sideways (ADX 12.0) -> mean-reversion strategy | Signal: HOLD | Shares held: 0.0 | Last price: $44.20
2026-10-06 19:43:03,646 | [APA] ACTION: No trade.
2026-10-06 19:43:03,677 | [APD] choppy/sideways (ADX 15.5) -> mean-reversion strategy | Signal: HOLD | Shares held: 0.0 | Last price: $280.89
2026-10-06 19:43:03,677 | [APD] ACTION: No trade.
2026-10-06 19:43:03,708 | [APH] choppy/sideways (ADX 22.1) -> mean-reversion strategy | Signal: HOLD | Shares held: 0.0 | Last price: $88.62
2026-10-06 19:43:03,708 | [APH] ACTION: No trade.
2026-10-06 19:43:03,740 | [APO] choppy/sideways (ADX 17.0) -> mean-reversion strategy | Signal: HOLD | Shares held: 0.0 | Last price: $115.53
2026-10-06 19:43:03,740 | [APO] ACTION: No trade.
2026-10-06 19:43:03,771 | [APP] trending (ADX 30.0) -> trend-following strategy | Signal: HOLD | Shares held: 0.0 | Last price: $279.08
2026-10-06 19:43:03,771 | [APP] ACTION: No trade.
2026-10-06 19:43:03,803 | [APTV] choppy/sideways (ADX 16.7) -> mean-reversion strategy | Signal: HOLD | Shares held: 0.0 | Last price: $44.48
2026-10-06 19:43:03,803 | [APTV] ACTION: No trade.
2026-10-06 19:43:03,834 | [ARE] choppy/sideways (ADX 16.6) -> mean-reversion strategy | Signal: HOLD | Shares held: 0.0 | Last price: $46.12
2026-10-06 19:43:03,834 | [ARE] ACTION: No trade.
2026-10-06 19:43:03,864 | [ARES] choppy/sideways (ADX 10.2) -> mean-reversion strategy | Signal: HOLD | Shares held: 0.0 | Last price: $118.27
2026-10-06 19:43:03,865 | [ARES] ACTION: No trade.
2026-10-06 19:43:03,895 | [ATO] choppy/sideways (ADX 20.9) -> mean-reversion strategy | Signal: HOLD | Shares held: 0.0 | Last price: $158.27
2026-10-06 19:43:03,896 | [ATO] ACTION: No trade.
2026-10-06 19:43:03,926 | [AVGO] trending (ADX 55.0) -> trend-following strategy | Signal: HOLD | Shares held: 0.0 | Last price: $378.11
2026-10-06 19:43:03,926 | [AVGO] ACTION: No trade.
2026-10-06 19:43:03,957 | [AVY] trending (ADX 25.1) -> trend-following strategy | Signal: HOLD | Shares held: 0.0 | Last price: $168.03
2026-10-06 19:43:03,957 | [AVY] ACTION: No trade.
2026-10-06 19:43:03,988 | [AWK] choppy/sideways (ADX 19.9) -> mean-reversion strategy | Signal: HOLD | Shares held: 0.0 | Last price: $127.07
2026-10-06 19:43:03,988 | [AWK] ACTION: No trade.
2026-10-06 19:43:04,019 | [AXON] choppy/sideways (ADX 16.5) -> mean-reversion strategy | Signal: HOLD | Shares held: 0.0 | Last price: $420.65
2026-10-06 19:43:04,019 | [AXON] ACTION: No trade.
2026-10-06 19:43:04,050 | [AXP] choppy/sideways (ADX 17.9) -> mean-reversion strategy | Signal: HOLD | Shares held: 0.0 | Last price: $304.13
2026-10-06 19:43:04,051 | [AXP] ACTION: No trade.
2026-10-06 19:43:04,081 | [AZO] trending (ADX 34.2) -> trend-following strategy | Signal: HOLD | Shares held: 0.0 | Last price: $2912.80
2026-10-06 19:43:04,082 | [AZO] ACTION: No trade.
2026-10-06 19:43:04,114 | [BA] choppy/sideways (ADX 24.3) -> mean-reversion strategy | Signal: HOLD | Shares held: 0.0 | Last price: $190.00
2026-10-06 19:43:04,114 | [BA] ACTION: No trade.
2026-10-06 19:43:04,146 | [BAC] choppy/sideways (ADX 13.6) -> mean-reversion strategy | Signal: HOLD | Shares held: 0.0 | Last price: $54.09
2026-10-06 19:43:04,147 | [BAC] ACTION: No trade.
2026-10-06 19:43:04,178 | [BALL] choppy/sideways (ADX 21.3) -> mean-reversion strategy | Signal: HOLD | Shares held: 0.0 | Last price: $57.43
2026-10-06 19:43:04,179 | [BALL] ACTION: No trade.
2026-10-06 19:43:04,210 | [BAX] choppy/sideways (ADX 21.3) -> mean-reversion strategy | Signal: HOLD | Shares held: 0.0 | Last price: $24.34
2026-10-06 19:43:04,210 | [BAX] ACTION: No trade.
2026-10-06 19:43:04,241 | [BBY] choppy/sideways (ADX 16.9) -> mean-reversion strategy | Signal: HOLD | Shares held: 0.0 | Last price: $85.01
2026-10-06 19:43:04,241 | [BBY] ACTION: No trade.
2026-10-06 19:43:04,272 | [BDX] choppy/sideways (ADX 19.1) -> mean-reversion strategy | Signal: HOLD | Shares held: 0.0 | Last price: $180.62
2026-10-06 19:43:04,272 | [BDX] ACTION: No trade.
2026-10-06 19:43:04,304 | [BE] trending (ADX 28.0) -> trend-following strategy | Signal: HOLD | Shares held: 0.0 | Last price: $298.41
2026-10-06 19:43:04,304 | [BE] ACTION: No trade.
2026-10-06 19:43:04,336 | [BEN] trending (ADX 31.7) -> trend-following strategy | Signal: HOLD | Shares held: 0.0 | Last price: $32.47
2026-10-06 19:43:04,336 | [BEN] ACTION: No trade.
2026-10-06 19:43:04,367 | [BG] choppy/sideways (ADX 13.4) -> mean-reversion strategy | Signal: HOLD | Shares held: 0.0 | Last price: $107.03
2026-10-06 19:43:04,367 | [BG] ACTION: No trade.
2026-10-06 19:43:04,399 | [BIIB] choppy/sideways (ADX 17.0) -> mean-reversion strategy | Signal: HOLD | Shares held: 0.0 | Last price: $223.41
2026-10-06 19:43:04,399 | [BIIB] ACTION: No trade.
2026-10-06 19:43:04,430 | [BKNG] choppy/sideways (ADX 21.2) -> mean-reversion strategy | Signal: HOLD | Shares held: 0.0 | Last price: $156.79
2026-10-06 19:43:04,430 | [BKNG] ACTION: No trade.
2026-10-06 19:43:04,461 | [BKR] choppy/sideways (ADX 12.2) -> mean-reversion strategy | Signal: HOLD | Shares held: 0.0 | Last price: $57.18
2026-10-06 19:43:04,461 | [BKR] ACTION: No trade.
2026-10-06 19:43:04,492 | [BLK] choppy/sideways (ADX 18.6) -> mean-reversion strategy | Signal: HOLD | Shares held: 0.0 | Last price: $1079.93
2026-10-06 19:43:04,493 | [BLK] ACTION: No trade.
2026-10-06 19:43:04,523 | [BMY] choppy/sideways (ADX 13.4) -> mean-reversion strategy | Signal: HOLD | Shares held: 0.0 | Last price: $59.41
2026-10-06 19:43:04,524 | [BMY] ACTION: No trade.
2026-10-06 19:43:04,555 | [BNY] trending (ADX 25.8) -> trend-following strategy | Signal: HOLD | Shares held: 0.0 | Last price: $143.46
2026-10-06 19:43:04,555 | [BNY] ACTION: No trade.
2026-10-06 19:43:04,586 | [BR] choppy/sideways (ADX 17.2) -> mean-reversion strategy | Signal: HOLD | Shares held: 0.0 | Last price: $158.81
2026-10-06 19:43:04,586 | [BR] ACTION: No trade.
2026-10-06 19:43:04,617 | [BRK.B] choppy/sideways (ADX 17.4) -> mean-reversion strategy | Signal: HOLD | Shares held: 0.0 | Last price: $505.67
2026-10-06 19:43:04,617 | [BRK.B] ACTION: No trade.
2026-10-06 19:43:04,648 | [BRO] choppy/sideways (ADX 9.9) -> mean-reversion strategy | Signal: HOLD | Shares held: 0.0 | Last price: $60.84
2026-10-06 19:43:04,648 | [BRO] ACTION: No trade.
2026-10-06 19:43:04,679 | [BSX] choppy/sideways (ADX 25.0) -> mean-reversion strategy | Signal: HOLD | Shares held: 0.0 | Last price: $42.06
2026-10-06 19:43:04,679 | [BSX] ACTION: No trade.
2026-10-06 19:43:04,710 | [BX] choppy/sideways (ADX 11.3) -> mean-reversion strategy | Signal: HOLD | Shares held: 0.0 | Last price: $112.91
2026-10-06 19:43:04,710 | [BX] ACTION: No trade.
2026-10-06 19:43:04,742 | [C] choppy/sideways (ADX 17.1) -> mean-reversion strategy | Signal: HOLD | Shares held: 0.0 | Last price: $128.09
2026-10-06 19:43:04,742 | [C] ACTION: No trade.
2026-10-06 19:43:04,774 | [CAH] trending (ADX 27.0) -> trend-following strategy | Signal: HOLD | Shares held: 0.0 | Last price: $232.70
2026-10-06 19:43:04,774 | [CAH] ACTION: No trade.
2026-10-06 19:43:04,805 | [CARR] choppy/sideways (ADX 24.3) -> mean-reversion strategy | Signal: HOLD | Shares held: 0.0 | Last price: $56.15
2026-10-06 19:43:04,806 | [CARR] ACTION: No trade.
2026-10-06 19:43:04,837 | [CASY] choppy/sideways (ADX 21.7) -> mean-reversion strategy | Signal: HOLD | Shares held: 0.0 | Last price: $615.66
2026-10-06 19:43:04,837 | [CASY] ACTION: No trade.
2026-10-06 19:43:04,867 | [CAT] choppy/sideways (ADX 19.2) -> mean-reversion strategy | Signal: HOLD | Shares held: 0.0 | Last price: $865.38
2026-10-06 19:43:04,867 | [CAT] ACTION: No trade.
2026-10-06 19:43:04,898 | [CB] choppy/sideways (ADX 15.4) -> mean-reversion strategy | Signal: HOLD | Shares held: 0.0 | Last price: $334.22
2026-10-06 19:43:04,898 | [CB] ACTION: No trade.
2026-10-06 19:43:04,929 | [CBOE] choppy/sideways (ADX 12.3) -> mean-reversion strategy | Signal: HOLD | Shares held: 0.0 | Last price: $278.22
2026-10-06 19:43:04,929 | [CBOE] ACTION: No trade.
2026-10-06 19:43:04,959 | [CBRE] choppy/sideways (ADX 16.5) -> mean-reversion strategy | Signal: HOLD | Shares held: 0.0 | Last price: $130.80
2026-10-06 19:43:04,959 | [CBRE] ACTION: No trade.
2026-10-06 19:43:04,988 | [CCI] trending (ADX 34.2) -> trend-following strategy | Signal: HOLD | Shares held: 0.0 | Last price: $67.93
2026-10-06 19:43:04,988 | [CCI] ACTION: No trade.
2026-10-06 19:43:05,021 | [CCL] trending (ADX 31.3) -> trend-following strategy | Signal: HOLD | Shares held: 0.0 | Last price: $26.52
2026-10-06 19:43:05,021 | [CCL] ACTION: No trade.
2026-10-06 19:43:05,052 | [CDNS] trending (ADX 27.4) -> trend-following strategy | Signal: HOLD | Shares held: 0.0 | Last price: $360.56
2026-10-06 19:43:05,053 | [CDNS] ACTION: No trade.
2026-10-06 19:43:05,084 | [CDW] choppy/sideways (ADX 15.1) -> mean-reversion strategy | Signal: HOLD | Shares held: 0.0 | Last price: $135.76
2026-10-06 19:43:05,084 | [CDW] ACTION: No trade.
2026-10-06 19:43:05,115 | [CEG] trending (ADX 42.5) -> trend-following strategy | Signal: HOLD | Shares held: 0.0 | Last price: $297.66
2026-10-06 19:43:05,115 | [CEG] ACTION: No trade.
2026-10-06 19:43:05,146 | [CF] choppy/sideways (ADX 14.8) -> mean-reversion strategy | Signal: HOLD | Shares held: 0.0 | Last price: $115.95
2026-10-06 19:43:05,146 | [CF] ACTION: No trade.
2026-10-06 19:43:05,176 | [CFG] trending (ADX 31.6) -> trend-following strategy | Signal: HOLD | Shares held: 0.0 | Last price: $64.04
2026-10-06 19:43:05,176 | [CFG] ACTION: No trade.
2026-10-06 19:43:05,207 | [CHD] trending (ADX 26.2) -> trend-following strategy | Signal: HOLD | Shares held: 0.0 | Last price: $96.22
2026-10-06 19:43:05,207 | [CHD] ACTION: No trade.
2026-10-06 19:43:05,238 | [CHRW] trending (ADX 29.3) -> trend-following strategy | Signal: BUY | Shares held: 0.0 | Last price: $137.24
2026-10-06 19:43:05,238 | [CHRW] ACTION: No trade (within 90 min of close -- not enough runway left today for a new position).
2026-10-06 19:43:05,270 | [CHTR] choppy/sideways (ADX 19.9) -> mean-reversion strategy | Signal: HOLD | Shares held: 0.0 | Last price: $108.78
2026-10-06 19:43:05,270 | [CHTR] ACTION: No trade.
2026-10-06 19:43:05,300 | [CI] choppy/sideways (ADX 22.2) -> mean-reversion strategy | Signal: HOLD | Shares held: 0.0 | Last price: $274.50
2026-10-06 19:43:05,300 | [CI] ACTION: No trade.
2026-10-06 19:43:05,331 | [CIEN] trending (ADX 49.9) -> trend-following strategy | Signal: HOLD | Shares held: 0.0 | Last price: $440.66
2026-10-06 19:43:05,331 | [CIEN] ACTION: No trade.
2026-10-06 19:43:05,362 | [CINF] choppy/sideways (ADX 24.0) -> mean-reversion strategy | Signal: HOLD | Shares held: 0.0 | Last price: $162.57
2026-10-06 19:43:05,362 | [CINF] ACTION: No trade.
2026-10-06 19:43:05,393 | [CL] trending (ADX 42.3) -> trend-following strategy | Signal: HOLD | Shares held: 0.0 | Last price: $87.25
2026-10-06 19:43:05,393 | [CL] ACTION: No trade.
2026-10-06 19:43:05,424 | [CLX] trending (ADX 42.8) -> trend-following strategy | Signal: HOLD | Shares held: 0.0 | Last price: $83.26
2026-10-06 19:43:05,424 | [CLX] ACTION: No trade.
2026-10-06 19:43:05,455 | [CMCSA] choppy/sideways (ADX 12.6) -> mean-reversion strategy | Signal: HOLD | Shares held: 0.0 | Last price: $21.54
2026-10-06 19:43:05,455 | [CMCSA] ACTION: No trade.
2026-10-06 19:43:05,486 | [CME] choppy/sideways (ADX 14.4) -> mean-reversion strategy | Signal: HOLD | Shares held: 0.0 | Last price: $270.28
2026-10-06 19:43:05,486 | [CME] ACTION: No trade.
2026-10-06 19:43:05,517 | [CMG] choppy/sideways (ADX 16.1) -> mean-reversion strategy | Signal: HOLD | Shares held: 0.0 | Last price: $30.83
2026-10-06 19:43:05,517 | [CMG] ACTION: No trade.
2026-10-06 19:43:05,547 | [CMI] choppy/sideways (ADX 8.4) -> mean-reversion strategy | Signal: HOLD | Shares held: 0.0 | Last price: $533.31
2026-10-06 19:43:05,548 | [CMI] ACTION: No trade.
2026-10-06 19:43:05,578 | [CMS] trending (ADX 35.3) -> trend-following strategy | Signal: HOLD | Shares held: 0.0 | Last price: $64.62
2026-10-06 19:43:05,578 | [CMS] ACTION: No trade.
2026-10-06 19:43:05,609 | [CNC] trending (ADX 30.8) -> trend-following strategy | Signal: HOLD | Shares held: 0.0 | Last price: $64.21
2026-10-06 19:43:05,609 | [CNC] ACTION: No trade.
2026-10-06 19:43:05,639 | [CNP] trending (ADX 35.5) -> trend-following strategy | Signal: HOLD | Shares held: 0.0 | Last price: $38.30
2026-10-06 19:43:05,639 | [CNP] ACTION: No trade.
2026-10-06 19:43:05,670 | [COF] choppy/sideways (ADX 17.9) -> mean-reversion strategy | Signal: HOLD | Shares held: 0.0 | Last price: $195.86
2026-10-06 19:43:05,670 | [COF] ACTION: No trade.
2026-10-06 19:43:05,700 | [COHR] choppy/sideways (ADX 20.2) -> mean-reversion strategy | Signal: HOLD | Shares held: 0.0 | Last price: $336.97
2026-10-06 19:43:05,701 | [COHR] ACTION: No trade.
2026-10-06 19:43:05,731 | [COIN] choppy/sideways (ADX 21.0) -> mean-reversion strategy | Signal: HOLD | Shares held: 0.0 | Last price: $185.29
2026-10-06 19:43:05,731 | [COIN] ACTION: No trade.
2026-10-06 19:43:05,763 | [COO] choppy/sideways (ADX 13.2) -> mean-reversion strategy | Signal: HOLD | Shares held: 0.0 | Last price: $56.12
2026-10-06 19:43:05,763 | [COO] ACTION: No trade.
2026-10-06 19:43:05,793 | [COP] choppy/sideways (ADX 14.9) -> mean-reversion strategy | Signal: HOLD | Shares held: 0.0 | Last price: $129.33
2026-10-06 19:43:05,794 | [COP] ACTION: No trade.
2026-10-06 19:43:05,824 | [COR] choppy/sideways (ADX 16.7) -> mean-reversion strategy | Signal: HOLD | Shares held: 0.0 | Last price: $313.64
2026-10-06 19:43:05,824 | [COR] ACTION: No trade.
2026-10-06 19:43:05,854 | [COST] trending (ADX 49.1) -> trend-following strategy | Signal: HOLD | Shares held: 0.0 | Last price: $935.23
2026-10-06 19:43:05,855 | [COST] ACTION: No trade.
2026-10-06 19:43:05,885 | [CPAY] choppy/sideways (ADX 17.7) -> mean-reversion strategy | Signal: HOLD | Shares held: 0.0 | Last price: $404.88
2026-10-06 19:43:05,885 | [CPAY] ACTION: No trade.
2026-10-06 19:43:05,916 | [CPRT] trending (ADX 31.7) -> trend-following strategy | Signal: HOLD | Shares held: 0.0 | Last price: $26.77
2026-10-06 19:43:05,916 | [CPRT] ACTION: No trade.
2026-10-06 19:43:05,946 | [CPT] choppy/sideways (ADX 21.7) -> mean-reversion strategy | Signal: HOLD | Shares held: 0.0 | Last price: $97.69
2026-10-06 19:43:05,946 | [CPT] ACTION: No trade.
2026-10-06 19:43:05,977 | [CRH] trending (ADX 41.1) -> trend-following strategy | Signal: HOLD | Shares held: 0.0 | Last price: $83.69
2026-10-06 19:43:05,977 | [CRH] ACTION: No trade.
2026-10-06 19:43:06,008 | [CRL] choppy/sideways (ADX 18.2) -> mean-reversion strategy | Signal: HOLD | Shares held: 0.0 | Last price: $304.52
2026-10-06 19:43:06,008 | [CRL] ACTION: No trade.
2026-10-06 19:43:06,039 | [CRM] trending (ADX 36.0) -> trend-following strategy | Signal: HOLD | Shares held: 0.0 | Last price: $223.12
2026-10-06 19:43:06,039 | [CRM] ACTION: No trade.
2026-10-06 19:43:06,071 | [CRWD] trending (ADX 27.0) -> trend-following strategy | Signal: HOLD | Shares held: 0.0 | Last price: $278.57
2026-10-06 19:43:06,072 | [CRWD] ACTION: No trade.
2026-10-06 19:43:06,103 | [CSCO] trending (ADX 60.1) -> trend-following strategy | Signal: HOLD | Shares held: 0.0 | Last price: $118.09
2026-10-06 19:43:06,103 | [CSCO] ACTION: No trade.
2026-10-06 19:43:06,134 | [CSGP] trending (ADX 30.4) -> trend-following strategy | Signal: HOLD | Shares held: 0.0 | Last price: $27.71
2026-10-06 19:43:06,135 | [CSGP] ACTION: No trade.
2026-10-06 19:43:06,166 | [CSX] choppy/sideways (ADX 10.2) -> mean-reversion strategy | Signal: HOLD | Shares held: 0.0 | Last price: $47.41
2026-10-06 19:43:06,166 | [CSX] ACTION: No trade.
2026-10-06 19:43:06,197 | [CTAS] choppy/sideways (ADX 20.1) -> mean-reversion strategy | Signal: HOLD | Shares held: 0.0 | Last price: $195.29
2026-10-06 19:43:06,197 | [CTAS] ACTION: No trade.
2026-10-06 19:43:06,228 | [CTSH] trending (ADX 51.2) -> trend-following strategy | Signal: HOLD | Shares held: 0.0 | Last price: $57.04
2026-10-06 19:43:06,228 | [CTSH] ACTION: No trade.
2026-10-06 19:43:06,260 | [CTVA] trending (ADX 49.5) -> trend-following strategy | Signal: HOLD | Shares held: 0.0 | Last price: $13.99
2026-10-06 19:43:06,260 | [CTVA] ACTION: No trade.
2026-10-06 19:43:06,291 | [CVNA] choppy/sideways (ADX 23.7) -> mean-reversion strategy | Signal: HOLD | Shares held: 0.0 | Last price: $63.06
2026-10-06 19:43:06,291 | [CVNA] ACTION: No trade.
2026-10-06 19:43:06,322 | [CVS] choppy/sideways (ADX 14.1) -> mean-reversion strategy | Signal: HOLD | Shares held: 0.0 | Last price: $86.19
2026-10-06 19:43:06,322 | [CVS] ACTION: No trade.
2026-10-06 19:43:06,353 | [CVX] trending (ADX 27.6) -> trend-following strategy | Signal: HOLD | Shares held: 0.0 | Last price: $208.12
2026-10-06 19:43:06,353 | [CVX] ACTION: No trade.
2026-10-06 19:43:06,384 | [D] choppy/sideways (ADX 18.0) -> mean-reversion strategy | Signal: HOLD | Shares held: 0.0 | Last price: $61.53
2026-10-06 19:43:06,384 | [D] ACTION: No trade.
2026-10-06 19:43:06,416 | [DAL] choppy/sideways (ADX 21.6) -> mean-reversion strategy | Signal: HOLD | Shares held: 0.0 | Last price: $83.42
2026-10-06 19:43:06,416 | [DAL] ACTION: No trade.
2026-10-06 19:43:06,447 | [DASH] choppy/sideways (ADX 14.1) -> mean-reversion strategy | Signal: HOLD | Shares held: 0.0 | Last price: $192.91
2026-10-06 19:43:06,447 | [DASH] ACTION: No trade.
2026-10-06 19:43:06,479 | [DD] trending (ADX 34.7) -> trend-following strategy | Signal: HOLD | Shares held: 0.0 | Last price: $133.16
2026-10-06 19:43:06,479 | [DD] ACTION: No trade.
2026-10-06 19:43:06,510 | [DDOG] choppy/sideways (ADX 8.5) -> mean-reversion strategy | Signal: HOLD | Shares held: 0.0 | Last price: $278.39
2026-10-06 19:43:06,510 | [DDOG] ACTION: No trade.
2026-10-06 19:43:06,541 | [DE] choppy/sideways (ADX 20.4) -> mean-reversion strategy | Signal: HOLD | Shares held: 0.0 | Last price: $681.20
2026-10-06 19:43:06,541 | [DE] ACTION: No trade.
2026-10-06 19:43:06,572 | [DECK] choppy/sideways (ADX 19.9) -> mean-reversion strategy | Signal: HOLD | Shares held: 0.0 | Last price: $81.08
2026-10-06 19:43:06,572 | [DECK] ACTION: No trade.
2026-10-06 19:43:06,602 | [DELL] choppy/sideways (ADX 23.3) -> mean-reversion strategy | Signal: HOLD | Shares held: 0.0 | Last price: $575.57
2026-10-06 19:43:06,602 | [DELL] ACTION: No trade.
2026-10-06 19:43:06,633 | [DG] trending (ADX 28.5) -> trend-following strategy | Signal: HOLD | Shares held: 0.0 | Last price: $123.20
2026-10-06 19:43:06,633 | [DG] ACTION: No trade.
2026-10-06 19:43:06,664 | [DGX] trending (ADX 38.2) -> trend-following strategy | Signal: HOLD | Shares held: 0.0 | Last price: $226.88
2026-10-06 19:43:06,664 | [DGX] ACTION: No trade.
2026-10-06 19:43:06,694 | [DHI] trending (ADX 29.7) -> trend-following strategy | Signal: HOLD | Shares held: 0.0 | Last price: $137.30
2026-10-06 19:43:06,695 | [DHI] ACTION: No trade.
2026-10-06 19:43:06,725 | [DHR] choppy/sideways (ADX 12.8) -> mean-reversion strategy | Signal: HOLD | Shares held: 0.0 | Last price: $215.94
2026-10-06 19:43:06,725 | [DHR] ACTION: No trade.
2026-10-06 19:43:06,756 | [DIS] choppy/sideways (ADX 22.0) -> mean-reversion strategy | Signal: HOLD | Shares held: 0.0 | Last price: $103.89
2026-10-06 19:43:06,756 | [DIS] ACTION: No trade.
2026-10-06 19:43:06,787 | [DLR] trending (ADX 41.3) -> trend-following strategy | Signal: HOLD | Shares held: 0.0 | Last price: $184.25
2026-10-06 19:43:06,787 | [DLR] ACTION: No trade.
2026-10-06 19:43:06,819 | [DLTR] trending (ADX 30.1) -> trend-following strategy | Signal: HOLD | Shares held: 0.0 | Last price: $116.00
2026-10-06 19:43:06,819 | [DLTR] ACTION: No trade.
2026-10-06 19:43:06,850 | [DOC] trending (ADX 30.0) -> trend-following strategy | Signal: HOLD | Shares held: 0.0 | Last price: $18.84
2026-10-06 19:43:06,850 | [DOC] ACTION: No trade.
2026-10-06 19:43:06,881 | [DOV] choppy/sideways (ADX 24.1) -> mean-reversion strategy | Signal: HOLD | Shares held: 0.0 | Last price: $191.91
2026-10-06 19:43:06,881 | [DOV] ACTION: No trade.
2026-10-06 19:43:06,913 | [DOW] choppy/sideways (ADX 16.9) -> mean-reversion strategy | Signal: HOLD | Shares held: 0.0 | Last price: $28.16
2026-10-06 19:43:06,913 | [DOW] ACTION: No trade.
2026-10-06 19:43:06,944 | [DPZ] choppy/sideways (ADX 18.0) -> mean-reversion strategy | Signal: HOLD | Shares held: 0.0 | Last price: $300.61
2026-10-06 19:43:06,944 | [DPZ] ACTION: No trade.
2026-10-06 19:43:06,976 | [DRI] trending (ADX 33.3) -> trend-following strategy | Signal: HOLD | Shares held: 0.0 | Last price: $202.44
2026-10-06 19:43:06,976 | [DRI] ACTION: No trade.
2026-10-06 19:43:07,006 | [DTE] trending (ADX 32.6) -> trend-following strategy | Signal: HOLD | Shares held: 0.0 | Last price: $126.86
2026-10-06 19:43:07,007 | [DTE] ACTION: No trade.
2026-10-06 19:43:07,037 | [DUK] choppy/sideways (ADX 18.0) -> mean-reversion strategy | Signal: HOLD | Shares held: 0.0 | Last price: $114.56
2026-10-06 19:43:07,037 | [DUK] ACTION: No trade.
2026-10-06 19:43:07,068 | [DVN] choppy/sideways (ADX 19.5) -> mean-reversion strategy | Signal: HOLD | Shares held: 0.0 | Last price: $48.03
2026-10-06 19:43:07,068 | [DVN] ACTION: No trade.
2026-10-06 19:43:07,099 | [DXCM] trending (ADX 51.1) -> trend-following strategy | Signal: HOLD | Shares held: 0.0 | Last price: $83.32
2026-10-06 19:43:07,099 | [DXCM] ACTION: No trade.
2026-10-06 19:43:07,130 | [EBAY] choppy/sideways (ADX 15.0) -> mean-reversion strategy | Signal: HOLD | Shares held: 0.0 | Last price: $106.70
2026-10-06 19:43:07,130 | [EBAY] ACTION: No trade.
2026-10-06 19:43:07,161 | [ECHO] choppy/sideways (ADX 21.9) -> mean-reversion strategy | Signal: HOLD | Shares held: 0.0 | Last price: $99.58
2026-10-06 19:43:07,161 | [ECHO] ACTION: No trade.
2026-10-06 19:43:07,191 | [ECL] choppy/sideways (ADX 15.2) -> mean-reversion strategy | Signal: HOLD | Shares held: 0.0 | Last price: $280.08
2026-10-06 19:43:07,192 | [ECL] ACTION: No trade.
2026-10-06 19:43:07,222 | [ED] trending (ADX 27.7) -> trend-following strategy | Signal: HOLD | Shares held: 0.0 | Last price: $104.22
2026-10-06 19:43:07,222 | [ED] ACTION: No trade.
2026-10-06 19:43:07,253 | [EFX] choppy/sideways (ADX 15.9) -> mean-reversion strategy | Signal: HOLD | Shares held: 0.0 | Last price: $143.07
2026-10-06 19:43:07,253 | [EFX] ACTION: No trade.
2026-10-06 19:43:07,284 | [EG] choppy/sideways (ADX 16.1) -> mean-reversion strategy | Signal: HOLD | Shares held: 0.0 | Last price: $366.33
2026-10-06 19:43:07,284 | [EG] ACTION: No trade.
2026-10-06 19:43:07,315 | [EIX] choppy/sideways (ADX 22.5) -> mean-reversion strategy | Signal: HOLD | Shares held: 0.0 | Last price: $53.66
2026-10-06 19:43:07,315 | [EIX] ACTION: No trade.
2026-10-06 19:43:07,345 | [EL] choppy/sideways (ADX 16.8) -> mean-reversion strategy | Signal: HOLD | Shares held: 0.0 | Last price: $93.47
2026-10-06 19:43:07,346 | [EL] ACTION: No trade.
2026-10-06 19:43:07,377 | [ELV] trending (ADX 55.9) -> trend-following strategy | Signal: HOLD | Shares held: 0.0 | Last price: $399.35
2026-10-06 19:43:07,377 | [ELV] ACTION: No trade.
2026-10-06 19:43:07,408 | [EME] trending (ADX 42.0) -> trend-following strategy | Signal: HOLD | Shares held: 0.0 | Last price: $825.38
2026-10-06 19:43:07,408 | [EME] ACTION: No trade.
2026-10-06 19:43:07,439 | [EMR] choppy/sideways (ADX 17.5) -> mean-reversion strategy | Signal: HOLD | Shares held: 0.0 | Last price: $162.77
2026-10-06 19:43:07,440 | [EMR] ACTION: No trade.
2026-10-06 19:43:07,471 | [EOG] choppy/sideways (ADX 12.3) -> mean-reversion strategy | Signal: HOLD | Shares held: 0.0 | Last price: $144.55
2026-10-06 19:43:07,471 | [EOG] ACTION: No trade.
2026-10-06 19:43:07,502 | [EQIX] trending (ADX 36.3) -> trend-following strategy | Signal: HOLD | Shares held: 0.0 | Last price: $1048.55
2026-10-06 19:43:07,502 | [EQIX] ACTION: No trade.
2026-10-06 19:43:07,534 | [EQT] trending (ADX 39.5) -> trend-following strategy | Signal: HOLD | Shares held: 0.0 | Last price: $52.32
2026-10-06 19:43:07,534 | [EQT] ACTION: No trade.
2026-10-06 19:43:07,597 | [ES] choppy/sideways (ADX 10.0) -> mean-reversion strategy | Signal: HOLD | Shares held: 0.0 | Last price: $64.63
2026-10-06 19:43:07,597 | [ES] ACTION: No trade.
2026-10-06 19:43:07,628 | [ESS] choppy/sideways (ADX 23.7) -> mean-reversion strategy | Signal: HOLD | Shares held: 0.0 | Last price: $273.16
2026-10-06 19:43:07,628 | [ESS] ACTION: No trade.
2026-10-06 19:43:07,659 | [ETN] choppy/sideways (ADX 13.3) -> mean-reversion strategy | Signal: HOLD | Shares held: 0.0 | Last price: $443.23
2026-10-06 19:43:07,659 | [ETN] ACTION: No trade.
2026-10-06 19:43:07,690 | [ETR] trending (ADX 37.0) -> trend-following strategy | Signal: HOLD | Shares held: 0.0 | Last price: $102.36
2026-10-06 19:43:07,690 | [ETR] ACTION: No trade.
2026-10-06 19:43:07,721 | [EVRG] choppy/sideways (ADX 24.8) -> mean-reversion strategy | Signal: HOLD | Shares held: 0.0 | Last price: $79.87
2026-10-06 19:43:07,721 | [EVRG] ACTION: No trade.
2026-10-06 19:43:07,752 | [EW] choppy/sideways (ADX 24.4) -> mean-reversion strategy | Signal: HOLD | Shares held: 0.0 | Last price: $86.29
2026-10-06 19:43:07,752 | [EW] ACTION: No trade.
2026-10-06 19:43:07,783 | [EXC] trending (ADX 30.2) -> trend-following strategy | Signal: HOLD | Shares held: 0.0 | Last price: $41.27
2026-10-06 19:43:07,783 | [EXC] ACTION: No trade.
2026-10-06 19:43:07,814 | [EXE] trending (ADX 28.2) -> trend-following strategy | Signal: HOLD | Shares held: 0.0 | Last price: $88.16
2026-10-06 19:43:07,814 | [EXE] ACTION: No trade.
2026-10-06 19:43:07,845 | [EXPD] choppy/sideways (ADX 15.8) -> mean-reversion strategy | Signal: HOLD | Shares held: 0.0 | Last price: $192.06
2026-10-06 19:43:07,845 | [EXPD] ACTION: No trade.
2026-10-06 19:43:07,876 | [EXPE] trending (ADX 28.5) -> trend-following strategy | Signal: HOLD | Shares held: 0.0 | Last price: $257.78
2026-10-06 19:43:07,876 | [EXPE] ACTION: No trade.
2026-10-06 19:43:07,907 | [EXR] choppy/sideways (ADX 22.6) -> mean-reversion strategy | Signal: HOLD | Shares held: 0.0 | Last price: $134.06
2026-10-06 19:43:07,907 | [EXR] ACTION: No trade.
2026-10-06 19:43:07,937 | [F] choppy/sideways (ADX 20.4) -> mean-reversion strategy | Signal: HOLD | Shares held: 0.0 | Last price: $12.17
2026-10-06 19:43:07,937 | [F] ACTION: No trade.
2026-10-06 19:43:07,968 | [FANG] choppy/sideways (ADX 13.6) -> mean-reversion strategy | Signal: HOLD | Shares held: 0.0 | Last price: $184.81
2026-10-06 19:43:07,969 | [FANG] ACTION: No trade.
2026-10-06 19:43:07,999 | [FAST] choppy/sideways (ADX 14.3) -> mean-reversion strategy | Signal: HOLD | Shares held: 0.0 | Last price: $51.04
2026-10-06 19:43:07,999 | [FAST] ACTION: No trade.
2026-10-06 19:43:08,030 | [FCX] choppy/sideways (ADX 17.6) -> mean-reversion strategy | Signal: HOLD | Shares held: 0.0 | Last price: $72.77
2026-10-06 19:43:08,030 | [FCX] ACTION: No trade.
2026-10-06 19:43:08,061 | [FDS] trending (ADX 27.9) -> trend-following strategy | Signal: HOLD | Shares held: 0.0 | Last price: $271.78
2026-10-06 19:43:08,061 | [FDS] ACTION: No trade.
2026-10-06 19:43:08,092 | [FDX] choppy/sideways (ADX 10.6) -> mean-reversion strategy | Signal: HOLD | Shares held: 0.0 | Last price: $288.17
2026-10-06 19:43:08,092 | [FDX] ACTION: No trade.
2026-10-06 19:43:08,122 | [FDXF] choppy/sideways (ADX 18.6) -> mean-reversion strategy | Signal: HOLD | Shares held: 0.0 | Last price: $110.85
2026-10-06 19:43:08,122 | [FDXF] ACTION: No trade.
2026-10-06 19:43:08,153 | [FE] trending (ADX 29.6) -> trend-following strategy | Signal: HOLD | Shares held: 0.0 | Last price: $43.97
2026-10-06 19:43:08,153 | [FE] ACTION: No trade.
2026-10-06 19:43:08,183 | [FERG] choppy/sideways (ADX 11.3) -> mean-reversion strategy | Signal: HOLD | Shares held: 0.0 | Last price: $224.34
2026-10-06 19:43:08,183 | [FERG] ACTION: No trade.
2026-10-06 19:43:08,214 | [FFIV] choppy/sideways (ADX 17.3) -> mean-reversion strategy | Signal: HOLD | Shares held: 0.0 | Last price: $469.24
2026-10-06 19:43:08,214 | [FFIV] ACTION: No trade.
2026-10-06 19:43:08,245 | [FICO] choppy/sideways (ADX 18.3) -> mean-reversion strategy | Signal: HOLD | Shares held: 0.0 | Last price: $692.44
2026-10-06 19:43:08,245 | [FICO] ACTION: No trade.
2026-10-06 19:43:08,276 | [FIS] trending (ADX 26.1) -> trend-following strategy | Signal: SELL | Shares held: 0.0 | Last price: $33.50
2026-10-06 19:43:08,276 | [FIS] ACTION: No trade.
2026-10-06 19:43:08,306 | [FISV] trending (ADX 26.5) -> trend-following strategy | Signal: HOLD | Shares held: 0.0 | Last price: $45.52
2026-10-06 19:43:08,307 | [FISV] ACTION: No trade.
2026-10-06 19:43:08,337 | [FITB] choppy/sideways (ADX 21.9) -> mean-reversion strategy | Signal: HOLD | Shares held: 0.0 | Last price: $50.93
2026-10-06 19:43:08,337 | [FITB] ACTION: No trade.
2026-10-06 19:43:08,368 | [FIX] trending (ADX 37.5) -> trend-following strategy | Signal: HOLD | Shares held: 0.0 | Last price: $1816.73
2026-10-06 19:43:08,368 | [FIX] ACTION: No trade.
2026-10-06 19:43:08,399 | [FLEX] trending (ADX 25.3) -> trend-following strategy | Signal: HOLD | Shares held: 0.0 | Last price: $121.56
2026-10-06 19:43:08,399 | [FLEX] ACTION: No trade.
2026-10-06 19:43:08,429 | [FOXA] choppy/sideways (ADX 23.9) -> mean-reversion strategy | Signal: HOLD | Shares held: 0.0 | Last price: $61.82
2026-10-06 19:43:08,429 | [FOXA] ACTION: No trade.
2026-10-06 19:43:08,460 | [FRT] trending (ADX 25.0) -> trend-following strategy | Signal: HOLD | Shares held: 0.0 | Last price: $106.06
2026-10-06 19:43:08,460 | [FRT] ACTION: No trade.
2026-10-06 19:43:08,491 | [FSLR] trending (ADX 33.0) -> trend-following strategy | Signal: HOLD | Shares held: 0.0 | Last price: $178.78
2026-10-06 19:43:08,491 | [FSLR] ACTION: No trade.
2026-10-06 19:43:08,522 | [FTNT] trending (ADX 39.4) -> trend-following strategy | Signal: HOLD | Shares held: 0.0 | Last price: $189.76
2026-10-06 19:43:08,522 | [FTNT] ACTION: No trade.
2026-10-06 19:43:08,552 | [FTV] choppy/sideways (ADX 14.5) -> mean-reversion strategy | Signal: HOLD | Shares held: 0.0 | Last price: $58.01
2026-10-06 19:43:08,552 | [FTV] ACTION: No trade.
2026-10-06 19:43:08,582 | [GD] choppy/sideways (ADX 15.7) -> mean-reversion strategy | Signal: HOLD | Shares held: 0.0 | Last price: $330.67
2026-10-06 19:43:08,582 | [GD] ACTION: No trade.
2026-10-06 19:43:08,613 | [GDDY] trending (ADX 27.5) -> trend-following strategy | Signal: HOLD | Shares held: 0.0 | Last price: $97.35
2026-10-06 19:43:08,613 | [GDDY] ACTION: No trade.
2026-10-06 19:43:08,643 | [GE] choppy/sideways (ADX 14.3) -> mean-reversion strategy | Signal: HOLD | Shares held: 0.0 | Last price: $308.48
2026-10-06 19:43:08,643 | [GE] ACTION: No trade.
2026-10-06 19:43:08,673 | [GEHC] choppy/sideways (ADX 17.5) -> mean-reversion strategy | Signal: HOLD | Shares held: 0.0 | Last price: $64.89
2026-10-06 19:43:08,673 | [GEHC] ACTION: No trade.
2026-10-06 19:43:08,704 | [GEN] choppy/sideways (ADX 21.2) -> mean-reversion strategy | Signal: HOLD | Shares held: 0.0 | Last price: $22.70
2026-10-06 19:43:08,704 | [GEN] ACTION: No trade.
2026-10-06 19:43:08,734 | [GEV] trending (ADX 27.2) -> trend-following strategy | Signal: HOLD | Shares held: 0.0 | Last price: $1029.29
2026-10-06 19:43:08,735 | [GEV] ACTION: No trade.
2026-10-06 19:43:08,765 | [GILD] choppy/sideways (ADX 11.5) -> mean-reversion strategy | Signal: HOLD | Shares held: 0.0 | Last price: $143.95
2026-10-06 19:43:08,765 | [GILD] ACTION: No trade.
2026-10-06 19:43:08,796 | [GIS] choppy/sideways (ADX 16.6) -> mean-reversion strategy | Signal: HOLD | Shares held: 0.0 | Last price: $32.22
2026-10-06 19:43:08,796 | [GIS] ACTION: No trade.
2026-10-06 19:43:08,826 | [GLW] trending (ADX 36.7) -> trend-following strategy | Signal: HOLD | Shares held: 0.0 | Last price: $169.21
2026-10-06 19:43:08,826 | [GLW] ACTION: No trade.
2026-10-06 19:43:08,857 | [GM] trending (ADX 33.0) -> trend-following strategy | Signal: HOLD | Shares held: 0.0 | Last price: $81.71
2026-10-06 19:43:08,857 | [GM] ACTION: No trade.
2026-10-06 19:43:08,887 | [GNRC] trending (ADX 36.6) -> trend-following strategy | Signal: HOLD | Shares held: 0.0 | Last price: $223.51
2026-10-06 19:43:08,887 | [GNRC] ACTION: No trade.
2026-10-06 19:43:08,917 | [GOOG] trending (ADX 32.1) -> trend-following strategy | Signal: HOLD | Shares held: 0.0 | Last price: $345.17
2026-10-06 19:43:08,918 | [GOOG] ACTION: No trade.
2026-10-06 19:43:08,949 | [GOOGL] trending (ADX 30.7) -> trend-following strategy | Signal: HOLD | Shares held: 0.0 | Last price: $348.58
2026-10-06 19:43:08,949 | [GOOGL] ACTION: No trade.
2026-10-06 19:43:08,979 | [GPC] choppy/sideways (ADX 20.6) -> mean-reversion strategy | Signal: HOLD | Shares held: 0.0 | Last price: $127.76
2026-10-06 19:43:08,980 | [GPC] ACTION: No trade.
2026-10-06 19:43:09,010 | [GPN] trending (ADX 25.4) -> trend-following strategy | Signal: HOLD | Shares held: 0.0 | Last price: $81.58
2026-10-06 19:43:09,010 | [GPN] ACTION: No trade.
2026-10-06 19:43:09,040 | [GRMN] trending (ADX 45.1) -> trend-following strategy | Signal: HOLD | Shares held: 0.0 | Last price: $278.58
2026-10-06 19:43:09,040 | [GRMN] ACTION: No trade.
2026-10-06 19:43:09,071 | [GS] choppy/sideways (ADX 12.8) -> mean-reversion strategy | Signal: HOLD | Shares held: 0.0 | Last price: $898.27
2026-10-06 19:43:09,071 | [GS] ACTION: No trade.
2026-10-06 19:43:09,102 | [GWW] trending (ADX 38.3) -> trend-following strategy | Signal: HOLD | Shares held: 0.0 | Last price: $1275.67
2026-10-06 19:43:09,102 | [GWW] ACTION: No trade.
2026-10-06 19:43:09,132 | [HAL] choppy/sideways (ADX 15.6) -> mean-reversion strategy | Signal: HOLD | Shares held: 0.0 | Last price: $32.62
2026-10-06 19:43:09,132 | [HAL] ACTION: No trade.
2026-10-06 19:43:09,162 | [HAS] choppy/sideways (ADX 22.8) -> mean-reversion strategy | Signal: HOLD | Shares held: 0.0 | Last price: $90.88
2026-10-06 19:43:09,163 | [HAS] ACTION: No trade.
2026-10-06 19:43:09,193 | [HBAN] choppy/sideways (ADX 18.5) -> mean-reversion strategy | Signal: HOLD | Shares held: 0.0 | Last price: $15.31
2026-10-06 19:43:09,193 | [HBAN] ACTION: No trade.
2026-10-06 19:43:09,223 | [HCA] choppy/sideways (ADX 15.7) -> mean-reversion strategy | Signal: HOLD | Shares held: 0.0 | Last price: $435.00
2026-10-06 19:43:09,223 | [HCA] ACTION: No trade.
2026-10-06 19:43:09,254 | [HD] choppy/sideways (ADX 24.1) -> mean-reversion strategy | Signal: HOLD | Shares held: 0.0 | Last price: $285.09
2026-10-06 19:43:09,254 | [HD] ACTION: No trade.
2026-10-06 19:43:09,285 | [HIG] choppy/sideways (ADX 18.8) -> mean-reversion strategy | Signal: HOLD | Shares held: 0.0 | Last price: $126.49
2026-10-06 19:43:09,285 | [HIG] ACTION: No trade.
2026-10-06 19:43:09,315 | [HII] choppy/sideways (ADX 11.5) -> mean-reversion strategy | Signal: HOLD | Shares held: 0.0 | Last price: $263.52
2026-10-06 19:43:09,315 | [HII] ACTION: No trade.
2026-10-06 19:43:09,346 | [HLT] choppy/sideways (ADX 16.2) -> mean-reversion strategy | Signal: HOLD | Shares held: 0.0 | Last price: $322.27
2026-10-06 19:43:09,346 | [HLT] ACTION: No trade.
2026-10-06 19:43:09,377 | [HON] choppy/sideways (ADX 10.5) -> mean-reversion strategy | Signal: HOLD | Shares held: 0.0 | Last price: $212.49
2026-10-06 19:43:09,377 | [HON] ACTION: No trade.
2026-10-06 19:43:09,407 | [HONA] choppy/sideways (ADX 13.4) -> mean-reversion strategy | Signal: HOLD | Shares held: 0.0 | Last price: $157.64
2026-10-06 19:43:09,407 | [HONA] ACTION: No trade.
2026-10-06 19:43:09,438 | [HOOD] choppy/sideways (ADX 21.5) -> mean-reversion strategy | Signal: HOLD | Shares held: 0.0 | Last price: $112.11
2026-10-06 19:43:09,438 | [HOOD] ACTION: No trade.
2026-10-06 19:43:09,469 | [HPE] trending (ADX 26.5) -> trend-following strategy | Signal: HOLD | Shares held: 0.0 | Last price: $70.87
2026-10-06 19:43:09,469 | [HPE] ACTION: No trade.
2026-10-06 19:43:09,499 | [HPQ] choppy/sideways (ADX 19.7) -> mean-reversion strategy | Signal: HOLD | Shares held: 0.0 | Last price: $31.95
2026-10-06 19:43:09,499 | [HPQ] ACTION: No trade.
2026-10-06 19:43:09,530 | [HSIC] choppy/sideways (ADX 15.8) -> mean-reversion strategy | Signal: HOLD | Shares held: 0.0 | Last price: $84.36
2026-10-06 19:43:09,530 | [HSIC] ACTION: No trade.
2026-10-06 19:43:09,561 | [HST] choppy/sideways (ADX 21.8) -> mean-reversion strategy | Signal: HOLD | Shares held: 0.0 | Last price: $22.54
2026-10-06 19:43:09,561 | [HST] ACTION: No trade.
2026-10-06 19:43:09,592 | [HSY] choppy/sideways (ADX 23.2) -> mean-reversion strategy | Signal: HOLD | Shares held: 0.0 | Last price: $160.43
2026-10-06 19:43:09,592 | [HSY] ACTION: No trade.
2026-10-06 19:43:09,622 | [HUBB] trending (ADX 28.8) -> trend-following strategy | Signal: HOLD | Shares held: 0.0 | Last price: $486.10
2026-10-06 19:43:09,622 | [HUBB] ACTION: No trade.
2026-10-06 19:43:09,653 | [HUM] trending (ADX 29.5) -> trend-following strategy | Signal: HOLD | Shares held: 0.0 | Last price: $405.83
2026-10-06 19:43:09,653 | [HUM] ACTION: No trade.
2026-10-06 19:43:09,683 | [HWM] choppy/sideways (ADX 13.6) -> mean-reversion strategy | Signal: HOLD | Shares held: 0.0 | Last price: $229.85
2026-10-06 19:43:09,684 | [HWM] ACTION: No trade.
2026-10-06 19:43:09,714 | [IBKR] trending (ADX 41.2) -> trend-following strategy | Signal: HOLD | Shares held: 0.0 | Last price: $91.34
2026-10-06 19:43:09,715 | [IBKR] ACTION: No trade.
2026-10-06 19:43:09,746 | [IBM] choppy/sideways (ADX 14.8) -> mean-reversion strategy | Signal: HOLD | Shares held: 0.0 | Last price: $221.34
2026-10-06 19:43:09,746 | [IBM] ACTION: No trade.
2026-10-06 19:43:09,776 | [ICE] trending (ADX 25.2) -> trend-following strategy | Signal: HOLD | Shares held: 0.0 | Last price: $153.58
2026-10-06 19:43:09,776 | [ICE] ACTION: No trade.
2026-10-06 19:43:09,807 | [IDXX] choppy/sideways (ADX 20.8) -> mean-reversion strategy | Signal: HOLD | Shares held: 0.0 | Last price: $513.16
2026-10-06 19:43:09,807 | [IDXX] ACTION: No trade.
2026-10-06 19:43:09,838 | [IEX] choppy/sideways (ADX 15.2) -> mean-reversion strategy | Signal: HOLD | Shares held: 0.0 | Last price: $237.00
2026-10-06 19:43:09,838 | [IEX] ACTION: No trade.
2026-10-06 19:43:09,868 | [IFF] choppy/sideways (ADX 14.4) -> mean-reversion strategy | Signal: HOLD | Shares held: 0.0 | Last price: $83.89
2026-10-06 19:43:09,869 | [IFF] ACTION: No trade.
2026-10-06 19:43:09,899 | [ILMN] choppy/sideways (ADX 18.5) -> mean-reversion strategy | Signal: HOLD | Shares held: 0.0 | Last price: $275.67
2026-10-06 19:43:09,899 | [ILMN] ACTION: No trade.
2026-10-06 19:43:09,930 | [INCY] choppy/sideways (ADX 24.7) -> mean-reversion strategy | Signal: HOLD | Shares held: 0.0 | Last price: $112.88
2026-10-06 19:43:09,930 | [INCY] ACTION: No trade.
2026-10-06 19:43:09,961 | [INTC] choppy/sideways (ADX 16.2) -> mean-reversion strategy | Signal: HOLD | Shares held: 0.0 | Last price: $113.98
2026-10-06 19:43:09,961 | [INTC] ACTION: No trade.
2026-10-06 19:43:09,992 | [INTU] choppy/sideways (ADX 24.8) -> mean-reversion strategy | Signal: HOLD | Shares held: 0.0 | Last price: $288.30
2026-10-06 19:43:09,992 | [INTU] ACTION: No trade.
2026-10-06 19:43:10,023 | [INVH] choppy/sideways (ADX 22.9) -> mean-reversion strategy | Signal: HOLD | Shares held: 0.0 | Last price: $26.39
2026-10-06 19:43:10,023 | [INVH] ACTION: No trade.
2026-10-06 19:43:10,053 | [IP] choppy/sideways (ADX 17.4) -> mean-reversion strategy | Signal: HOLD | Shares held: 0.0 | Last price: $32.10
2026-10-06 19:43:10,053 | [IP] ACTION: No trade.
2026-10-06 19:43:10,084 | [IQV] choppy/sideways (ADX 16.6) -> mean-reversion strategy | Signal: HOLD | Shares held: 0.0 | Last price: $261.94
2026-10-06 19:43:10,084 | [IQV] ACTION: No trade.
2026-10-06 19:43:10,115 | [IR] choppy/sideways (ADX 24.8) -> mean-reversion strategy | Signal: HOLD | Shares held: 0.0 | Last price: $79.39
2026-10-06 19:43:10,115 | [IR] ACTION: No trade.
2026-10-06 19:43:10,145 | [IRM] trending (ADX 32.9) -> trend-following strategy | Signal: HOLD | Shares held: 0.0 | Last price: $116.47
2026-10-06 19:43:10,146 | [IRM] ACTION: No trade.
2026-10-06 19:43:10,176 | [ISRG] choppy/sideways (ADX 24.6) -> mean-reversion strategy | Signal: HOLD | Shares held: 0.0 | Last price: $405.61
2026-10-06 19:43:10,176 | [ISRG] ACTION: No trade.
2026-10-06 19:43:10,207 | [IT] choppy/sideways (ADX 15.0) -> mean-reversion strategy | Signal: HOLD | Shares held: 0.0 | Last price: $185.83
2026-10-06 19:43:10,207 | [IT] ACTION: No trade.
2026-10-06 19:43:10,238 | [ITW] choppy/sideways (ADX 17.6) -> mean-reversion strategy | Signal: HOLD | Shares held: 0.0 | Last price: $267.89
2026-10-06 19:43:10,238 | [ITW] ACTION: No trade.
2026-10-06 19:43:10,268 | [IVZ] choppy/sideways (ADX 18.1) -> mean-reversion strategy | Signal: HOLD | Shares held: 0.0 | Last price: $30.39
2026-10-06 19:43:10,268 | [IVZ] ACTION: No trade.
2026-10-06 19:43:10,299 | [J] choppy/sideways (ADX 15.6) -> mean-reversion strategy | Signal: HOLD | Shares held: 0.0 | Last price: $139.31
2026-10-06 19:43:10,299 | [J] ACTION: No trade.
2026-10-06 19:43:10,329 | [JBHT] choppy/sideways (ADX 15.9) -> mean-reversion strategy | Signal: HOLD | Shares held: 0.0 | Last price: $226.38
2026-10-06 19:43:10,329 | [JBHT] ACTION: No trade.
2026-10-06 19:43:10,360 | [JBL] choppy/sideways (ADX 13.2) -> mean-reversion strategy | Signal: HOLD | Shares held: 0.0 | Last price: $307.95
2026-10-06 19:43:10,360 | [JBL] ACTION: No trade.
2026-10-06 19:43:10,391 | [JCI] trending (ADX 32.3) -> trend-following strategy | Signal: HOLD | Shares held: 0.0 | Last price: $158.63
2026-10-06 19:43:10,391 | [JCI] ACTION: No trade.
2026-10-06 19:43:10,421 | [JKHY] choppy/sideways (ADX 9.2) -> mean-reversion strategy | Signal: HOLD | Shares held: 0.0 | Last price: $144.24
2026-10-06 19:43:10,421 | [JKHY] ACTION: No trade.
2026-10-06 19:43:10,452 | [JNJ] choppy/sideways (ADX 22.0) -> mean-reversion strategy | Signal: HOLD | Shares held: 0.0 | Last price: $254.88
2026-10-06 19:43:10,452 | [JNJ] ACTION: No trade.
2026-10-06 19:43:10,482 | [JPM] choppy/sideways (ADX 18.8) -> mean-reversion strategy | Signal: HOLD | Shares held: 0.0 | Last price: $331.68
2026-10-06 19:43:10,483 | [JPM] ACTION: No trade.
2026-10-06 19:43:10,514 | [KDP] choppy/sideways (ADX 22.7) -> mean-reversion strategy | Signal: HOLD | Shares held: 0.0 | Last price: $31.11
2026-10-06 19:43:10,514 | [KDP] ACTION: No trade.
2026-10-06 19:43:10,545 | [KEY] trending (ADX 25.5) -> trend-following strategy | Signal: HOLD | Shares held: 0.0 | Last price: $20.12
2026-10-06 19:43:10,545 | [KEY] ACTION: No trade.
2026-10-06 19:43:10,577 | [KEYS] choppy/sideways (ADX 12.8) -> mean-reversion strategy | Signal: HOLD | Shares held: 0.0 | Last price: $387.17
2026-10-06 19:43:10,577 | [KEYS] ACTION: No trade.
2026-10-06 19:43:10,608 | [KHC] choppy/sideways (ADX 20.2) -> mean-reversion strategy | Signal: HOLD | Shares held: 0.0 | Last price: $22.02
2026-10-06 19:43:10,608 | [KHC] ACTION: No trade.
2026-10-06 19:43:10,639 | [KIM] trending (ADX 27.5) -> trend-following strategy | Signal: HOLD | Shares held: 0.0 | Last price: $22.07
2026-10-06 19:43:10,639 | [KIM] ACTION: No trade.
2026-10-06 19:43:10,670 | [KKR] choppy/sideways (ADX 14.4) -> mean-reversion strategy | Signal: HOLD | Shares held: 0.0 | Last price: $90.77
2026-10-06 19:43:10,671 | [KKR] ACTION: No trade.
2026-10-06 19:43:10,702 | [KLAC] trending (ADX 26.1) -> trend-following strategy | Signal: HOLD | Shares held: 0.0 | Last price: $198.21
2026-10-06 19:43:10,702 | [KLAC] ACTION: No trade.
2026-10-06 19:43:10,732 | [KMB] trending (ADX 25.7) -> trend-following strategy | Signal: HOLD | Shares held: 0.0 | Last price: $96.33
2026-10-06 19:43:10,732 | [KMB] ACTION: No trade.
2026-10-06 19:43:10,763 | [KMI] trending (ADX 36.0) -> trend-following strategy | Signal: HOLD | Shares held: 0.0 | Last price: $32.19
2026-10-06 19:43:10,763 | [KMI] ACTION: No trade.
2026-10-06 19:43:10,794 | [KO] choppy/sideways (ADX 23.3) -> mean-reversion strategy | Signal: HOLD | Shares held: 0.0 | Last price: $86.44
2026-10-06 19:43:10,795 | [KO] ACTION: No trade.
2026-10-06 19:43:10,825 | [KR] trending (ADX 27.5) -> trend-following strategy | Signal: HOLD | Shares held: 0.0 | Last price: $58.38
2026-10-06 19:43:10,825 | [KR] ACTION: No trade.
2026-10-06 19:43:10,856 | [KVUE] trending (ADX 26.9) -> trend-following strategy | Signal: HOLD | Shares held: 0.0 | Last price: $17.52
2026-10-06 19:43:10,856 | [KVUE] ACTION: No trade.
2026-10-06 19:43:10,886 | [L] choppy/sideways (ADX 21.0) -> mean-reversion strategy | Signal: HOLD | Shares held: 0.0 | Last price: $106.25
2026-10-06 19:43:10,887 | [L] ACTION: No trade.
2026-10-06 19:43:10,917 | [LDOS] trending (ADX 25.5) -> trend-following strategy | Signal: HOLD | Shares held: 0.0 | Last price: $116.03
2026-10-06 19:43:10,917 | [LDOS] ACTION: No trade.
2026-10-06 19:43:10,948 | [LEN] trending (ADX 34.8) -> trend-following strategy | Signal: HOLD | Shares held: 0.0 | Last price: $77.29
2026-10-06 19:43:10,948 | [LEN] ACTION: No trade.
2026-10-06 19:43:10,979 | [LH] choppy/sideways (ADX 12.4) -> mean-reversion strategy | Signal: HOLD | Shares held: 0.0 | Last price: $309.73
2026-10-06 19:43:10,979 | [LH] ACTION: No trade.
2026-10-06 19:43:11,009 | [LHX] choppy/sideways (ADX 14.9) -> mean-reversion strategy | Signal: HOLD | Shares held: 0.0 | Last price: $237.06
2026-10-06 19:43:11,010 | [LHX] ACTION: No trade.
2026-10-06 19:43:11,040 | [LII] choppy/sideways (ADX 21.0) -> mean-reversion strategy | Signal: HOLD | Shares held: 0.0 | Last price: $364.67
2026-10-06 19:43:11,040 | [LII] ACTION: No trade.
2026-10-06 19:43:11,070 | [LIN] trending (ADX 35.3) -> trend-following strategy | Signal: HOLD | Shares held: 0.0 | Last price: $490.91
2026-10-06 19:43:11,070 | [LIN] ACTION: No trade.
2026-10-06 19:43:11,100 | [LITE] trending (ADX 39.1) -> trend-following strategy | Signal: HOLD | Shares held: 0.0 | Last price: $1132.87
2026-10-06 19:43:11,100 | [LITE] ACTION: No trade.
2026-10-06 19:43:11,130 | [LLY] choppy/sideways (ADX 10.8) -> mean-reversion strategy | Signal: HOLD | Shares held: 0.0 | Last price: $1157.88
2026-10-06 19:43:11,130 | [LLY] ACTION: No trade.
2026-10-06 19:43:11,160 | [LMT] choppy/sideways (ADX 16.7) -> mean-reversion strategy | Signal: HOLD | Shares held: 0.0 | Last price: $507.64
2026-10-06 19:43:11,160 | [LMT] ACTION: No trade.
2026-10-06 19:43:11,190 | [LNT] trending (ADX 28.7) -> trend-following strategy | Signal: HOLD | Shares held: 0.0 | Last price: $65.06
2026-10-06 19:43:11,190 | [LNT] ACTION: No trade.
2026-10-06 19:43:11,220 | [LOW] trending (ADX 26.4) -> trend-following strategy | Signal: HOLD | Shares held: 0.0 | Last price: $182.31
2026-10-06 19:43:11,220 | [LOW] ACTION: No trade.
2026-10-06 19:43:11,250 | [LRCX] trending (ADX 41.9) -> trend-following strategy | Signal: HOLD | Shares held: 0.0 | Last price: $331.93
2026-10-06 19:43:11,250 | [LRCX] ACTION: No trade.
2026-10-06 19:43:11,281 | [LULU] trending (ADX 26.3) -> trend-following strategy | Signal: HOLD | Shares held: 0.0 | Last price: $93.53
2026-10-06 19:43:11,281 | [LULU] ACTION: No trade.
2026-10-06 19:43:11,311 | [LUV] choppy/sideways (ADX 17.1) -> mean-reversion strategy | Signal: HOLD | Shares held: 0.0 | Last price: $42.22
2026-10-06 19:43:11,311 | [LUV] ACTION: No trade.
2026-10-06 19:43:11,342 | [LVS] choppy/sideways (ADX 10.7) -> mean-reversion strategy | Signal: HOLD | Shares held: 0.0 | Last price: $36.38
2026-10-06 19:43:11,342 | [LVS] ACTION: No trade.
2026-10-06 19:43:11,373 | [LYB] choppy/sideways (ADX 10.3) -> mean-reversion strategy | Signal: HOLD | Shares held: 0.0 | Last price: $58.78
2026-10-06 19:43:11,373 | [LYB] ACTION: No trade.
2026-10-06 19:43:11,404 | [LYV] choppy/sideways (ADX 13.0) -> mean-reversion strategy | Signal: HOLD | Shares held: 0.0 | Last price: $171.62
2026-10-06 19:43:11,404 | [LYV] ACTION: No trade.
2026-10-06 19:43:11,435 | [MA] choppy/sideways (ADX 17.5) -> mean-reversion strategy | Signal: HOLD | Shares held: 0.0 | Last price: $565.01
2026-10-06 19:43:11,435 | [MA] ACTION: No trade.
2026-10-06 19:43:11,466 | [MAA] choppy/sideways (ADX 20.7) -> mean-reversion strategy | Signal: HOLD | Shares held: 0.0 | Last price: $117.35
2026-10-06 19:43:11,466 | [MAA] ACTION: No trade.
2026-10-06 19:43:11,496 | [MAR] choppy/sideways (ADX 19.4) -> mean-reversion strategy | Signal: HOLD | Shares held: 0.0 | Last price: $361.45
2026-10-06 19:43:11,496 | [MAR] ACTION: No trade.
2026-10-06 19:43:11,527 | [MAS] choppy/sideways (ADX 24.4) -> mean-reversion strategy | Signal: HOLD | Shares held: 0.0 | Last price: $69.61
2026-10-06 19:43:11,527 | [MAS] ACTION: No trade.
2026-10-06 19:43:11,557 | [MCD] choppy/sideways (ADX 17.0) -> mean-reversion strategy | Signal: HOLD | Shares held: 0.0 | Last price: $232.24
2026-10-06 19:43:11,558 | [MCD] ACTION: No trade.
2026-10-06 19:43:11,588 | [MCHP] choppy/sideways (ADX 10.9) -> mean-reversion strategy | Signal: HOLD | Shares held: 0.0 | Last price: $81.19
2026-10-06 19:43:11,588 | [MCHP] ACTION: No trade.
2026-10-06 19:43:11,619 | [MCK] trending (ADX 28.9) -> trend-following strategy | Signal: HOLD | Shares held: 0.0 | Last price: $917.49
2026-10-06 19:43:11,619 | [MCK] ACTION: No trade.
2026-10-06 19:43:11,650 | [MCO] choppy/sideways (ADX 23.5) -> mean-reversion strategy | Signal: HOLD | Shares held: 0.0 | Last price: $450.68
2026-10-06 19:43:11,650 | [MCO] ACTION: No trade.
2026-10-06 19:43:11,724 | [MDLZ] choppy/sideways (ADX 24.8) -> mean-reversion strategy | Signal: HOLD | Shares held: 0.0 | Last price: $59.47
2026-10-06 19:43:11,724 | [MDLZ] ACTION: No trade.
2026-10-06 19:43:11,755 | [MDT] trending (ADX 33.9) -> trend-following strategy | Signal: HOLD | Shares held: 0.0 | Last price: $86.56
2026-10-06 19:43:11,756 | [MDT] ACTION: No trade.
2026-10-06 19:43:11,786 | [MET] choppy/sideways (ADX 20.2) -> mean-reversion strategy | Signal: HOLD | Shares held: 0.0 | Last price: $97.60
2026-10-06 19:43:11,786 | [MET] ACTION: No trade.
2026-10-06 19:43:11,817 | [META] choppy/sideways (ADX 23.4) -> mean-reversion strategy | Signal: HOLD | Shares held: 0.0 | Last price: $743.72
2026-10-06 19:43:11,817 | [META] ACTION: No trade.
2026-10-06 19:43:11,848 | [MGM] choppy/sideways (ADX 17.1) -> mean-reversion strategy | Signal: HOLD | Shares held: 0.0 | Last price: $30.62
2026-10-06 19:43:11,848 | [MGM] ACTION: No trade.
2026-10-06 19:43:11,879 | [MKC] choppy/sideways (ADX 24.4) -> mean-reversion strategy | Signal: HOLD | Shares held: 0.0 | Last price: $45.48
2026-10-06 19:43:11,879 | [MKC] ACTION: No trade.
2026-10-06 19:43:11,909 | [MLM] choppy/sideways (ADX 24.4) -> mean-reversion strategy | Signal: HOLD | Shares held: 0.0 | Last price: $489.67
2026-10-06 19:43:11,910 | [MLM] ACTION: No trade.
2026-10-06 19:43:11,940 | [MMM] choppy/sideways (ADX 12.5) -> mean-reversion strategy | Signal: HOLD | Shares held: 0.0 | Last price: $163.42
2026-10-06 19:43:11,940 | [MMM] ACTION: No trade.
2026-10-06 19:43:11,971 | [MNST] trending (ADX 38.8) -> trend-following strategy | Signal: HOLD | Shares held: 0.0 | Last price: $42.90
2026-10-06 19:43:11,971 | [MNST] ACTION: No trade.
2026-10-06 19:43:12,001 | [MO] choppy/sideways (ADX 20.5) -> mean-reversion strategy | Signal: HOLD | Shares held: 0.0 | Last price: $68.35
2026-10-06 19:43:12,001 | [MO] ACTION: No trade.
2026-10-06 19:43:12,032 | [MOS] trending (ADX 31.6) -> trend-following strategy | Signal: HOLD | Shares held: 0.0 | Last price: $20.96
2026-10-06 19:43:12,032 | [MOS] ACTION: No trade.
2026-10-06 19:43:12,062 | [MPC] choppy/sideways (ADX 19.8) -> mean-reversion strategy | Signal: HOLD | Shares held: 0.0 | Last price: $434.18
2026-10-06 19:43:12,062 | [MPC] ACTION: No trade.
2026-10-06 19:43:12,093 | [MPWR] choppy/sideways (ADX 22.8) -> mean-reversion strategy | Signal: HOLD | Shares held: 0.0 | Last price: $1474.77
2026-10-06 19:43:12,093 | [MPWR] ACTION: No trade.
2026-10-06 19:43:12,124 | [MRK] choppy/sideways (ADX 14.4) -> mean-reversion strategy | Signal: HOLD | Shares held: 0.0 | Last price: $141.30
2026-10-06 19:43:12,124 | [MRK] ACTION: No trade.
2026-10-06 19:43:12,154 | [MRNA] choppy/sideways (ADX 15.0) -> mean-reversion strategy | Signal: HOLD | Shares held: 0.0 | Last price: $189.33
2026-10-06 19:43:12,154 | [MRNA] ACTION: No trade.
2026-10-06 19:43:12,185 | [MRSH] choppy/sideways (ADX 10.8) -> mean-reversion strategy | Signal: HOLD | Shares held: 0.0 | Last price: $171.68
2026-10-06 19:43:12,185 | [MRSH] ACTION: No trade.
2026-10-06 19:43:12,216 | [MRVL] trending (ADX 30.1) -> trend-following strategy | Signal: HOLD | Shares held: 0.0 | Last price: $287.91
2026-10-06 19:43:12,216 | [MRVL] ACTION: No trade.
2026-10-06 19:43:12,247 | [MS] choppy/sideways (ADX 9.3) -> mean-reversion strategy | Signal: HOLD | Shares held: 0.0 | Last price: $191.24
2026-10-06 19:43:12,247 | [MS] ACTION: No trade.
2026-10-06 19:43:12,278 | [MSCI] trending (ADX 30.3) -> trend-following strategy | Signal: HOLD | Shares held: 0.0 | Last price: $555.74
2026-10-06 19:43:12,278 | [MSCI] ACTION: No trade.
2026-10-06 19:43:12,309 | [MSFT] choppy/sideways (ADX 16.3) -> mean-reversion strategy | Signal: HOLD | Shares held: 0.0 | Last price: $531.53
2026-10-06 19:43:12,309 | [MSFT] ACTION: No trade.
2026-10-06 19:43:12,339 | [MSI] choppy/sideways (ADX 16.3) -> mean-reversion strategy | Signal: HOLD | Shares held: 0.0 | Last price: $455.32
2026-10-06 19:43:12,339 | [MSI] ACTION: No trade.
2026-10-06 19:43:12,369 | [MTB] trending (ADX 27.5) -> trend-following strategy | Signal: HOLD | Shares held: 0.0 | Last price: $218.43
2026-10-06 19:43:12,369 | [MTB] ACTION: No trade.
2026-10-06 19:43:12,400 | [MTD] choppy/sideways (ADX 22.9) -> mean-reversion strategy | Signal: HOLD | Shares held: 0.0 | Last price: $1534.48
2026-10-06 19:43:12,400 | [MTD] ACTION: No trade.
2026-10-06 19:43:12,430 | [MU] trending (ADX 29.0) -> trend-following strategy | Signal: HOLD | Shares held: 0.0 | Last price: $1052.83
2026-10-06 19:43:12,430 | [MU] ACTION: No trade.
2026-10-06 19:43:12,460 | [NCLH] trending (ADX 27.1) -> trend-following strategy | Signal: HOLD | Shares held: 0.0 | Last price: $15.54
2026-10-06 19:43:12,461 | [NCLH] ACTION: No trade.
2026-10-06 19:43:12,491 | [NDAQ] choppy/sideways (ADX 24.2) -> mean-reversion strategy | Signal: HOLD | Shares held: 0.0 | Last price: $92.62
2026-10-06 19:43:12,491 | [NDAQ] ACTION: No trade.
2026-10-06 19:43:12,522 | [NDSN] trending (ADX 25.5) -> trend-following strategy | Signal: HOLD | Shares held: 0.0 | Last price: $335.09
2026-10-06 19:43:12,522 | [NDSN] ACTION: No trade.
2026-10-06 19:43:12,552 | [NEE] trending (ADX 33.0) -> trend-following strategy | Signal: HOLD | Shares held: 0.0 | Last price: $77.31
2026-10-06 19:43:12,552 | [NEE] ACTION: No trade.
2026-10-06 19:43:12,584 | [NEM] trending (ADX 26.3) -> trend-following strategy | Signal: HOLD | Shares held: 0.0 | Last price: $116.54
2026-10-06 19:43:12,585 | [NEM] ACTION: No trade.
2026-10-06 19:43:12,615 | [NFLX] trending (ADX 36.0) -> trend-following strategy | Signal: HOLD | Shares held: 0.0 | Last price: $68.47
2026-10-06 19:43:12,616 | [NFLX] ACTION: No trade.
2026-10-06 19:43:12,662 | [NI] trending (ADX 53.0) -> trend-following strategy | Signal: HOLD | Shares held: 0.0 | Last price: $40.34
2026-10-06 19:43:12,662 | [NI] ACTION: No trade.
2026-10-06 19:43:12,693 | [NKE] choppy/sideways (ADX 17.3) -> mean-reversion strategy | Signal: HOLD | Shares held: 0.0 | Last price: $34.25
2026-10-06 19:43:12,693 | [NKE] ACTION: No trade.
2026-10-06 19:43:12,723 | [NOC] choppy/sideways (ADX 18.8) -> mean-reversion strategy | Signal: HOLD | Shares held: 0.0 | Last price: $481.92
2026-10-06 19:43:12,724 | [NOC] ACTION: No trade.
2026-10-06 19:43:12,754 | [NOW] choppy/sideways (ADX 17.0) -> mean-reversion strategy | Signal: HOLD | Shares held: 0.0 | Last price: $137.57
2026-10-06 19:43:12,755 | [NOW] ACTION: No trade.
2026-10-06 19:43:12,785 | [NRG] trending (ADX 40.3) -> trend-following strategy | Signal: HOLD | Shares held: 0.0 | Last price: $103.23
2026-10-06 19:43:12,786 | [NRG] ACTION: No trade.
2026-10-06 19:43:12,816 | [NSC] choppy/sideways (ADX 17.6) -> mean-reversion strategy | Signal: HOLD | Shares held: 0.0 | Last price: $315.00
2026-10-06 19:43:12,816 | [NSC] ACTION: No trade.
2026-10-06 19:43:12,847 | [NTAP] trending (ADX 29.4) -> trend-following strategy | Signal: HOLD | Shares held: 0.0 | Last price: $229.25
2026-10-06 19:43:12,847 | [NTAP] ACTION: No trade.
2026-10-06 19:43:12,877 | [NTRS] choppy/sideways (ADX 21.1) -> mean-reversion strategy | Signal: HOLD | Shares held: 0.0 | Last price: $169.39
2026-10-06 19:43:12,877 | [NTRS] ACTION: No trade.
2026-10-06 19:43:12,909 | [NUE] choppy/sideways (ADX 23.1) -> mean-reversion strategy | Signal: HOLD | Shares held: 0.0 | Last price: $250.96
2026-10-06 19:43:12,909 | [NUE] ACTION: No trade.
2026-10-06 19:43:12,939 | [NVDA] choppy/sideways (ADX 20.0) -> mean-reversion strategy | Signal: HOLD | Shares held: 0.0 | Last price: $239.86
2026-10-06 19:43:12,939 | [NVDA] ACTION: No trade.
2026-10-06 19:43:12,970 | [NVR] choppy/sideways (ADX 14.0) -> mean-reversion strategy | Signal: HOLD | Shares held: 0.0 | Last price: $6039.54
2026-10-06 19:43:12,970 | [NVR] ACTION: No trade.
2026-10-06 19:43:13,000 | [NWSA] trending (ADX 30.2) -> trend-following strategy | Signal: HOLD | Shares held: 0.0 | Last price: $28.37
2026-10-06 19:43:13,000 | [NWSA] ACTION: No trade.
2026-10-06 19:43:13,031 | [NXPI] choppy/sideways (ADX 24.8) -> mean-reversion strategy | Signal: HOLD | Shares held: 0.0 | Last price: $243.71
2026-10-06 19:43:13,031 | [NXPI] ACTION: No trade.
2026-10-06 19:43:13,061 | [O] choppy/sideways (ADX 9.4) -> mean-reversion strategy | Signal: HOLD | Shares held: 0.0 | Last price: $54.07
2026-10-06 19:43:13,062 | [O] ACTION: No trade.
2026-10-06 19:43:13,092 | [ODFL] choppy/sideways (ADX 17.0) -> mean-reversion strategy | Signal: HOLD | Shares held: 0.0 | Last price: $178.60
2026-10-06 19:43:13,092 | [ODFL] ACTION: No trade.
2026-10-06 19:43:13,122 | [OKE] choppy/sideways (ADX 16.8) -> mean-reversion strategy | Signal: HOLD | Shares held: 0.0 | Last price: $89.54
2026-10-06 19:43:13,122 | [OKE] ACTION: No trade.
2026-10-06 19:43:13,153 | [OMC] choppy/sideways (ADX 15.7) -> mean-reversion strategy | Signal: HOLD | Shares held: 0.0 | Last price: $74.98
2026-10-06 19:43:13,153 | [OMC] ACTION: No trade.
2026-10-06 19:43:13,183 | [ON] trending (ADX 28.6) -> trend-following strategy | Signal: HOLD | Shares held: 0.0 | Last price: $86.53
2026-10-06 19:43:13,184 | [ON] ACTION: No trade.
2026-10-06 19:43:13,216 | [ORCL] trending (ADX 29.6) -> trend-following strategy | Signal: HOLD | Shares held: 0.0 | Last price: $145.18
2026-10-06 19:43:13,216 | [ORCL] ACTION: No trade.
2026-10-06 19:43:13,247 | [ORLY] choppy/sideways (ADX 18.8) -> mean-reversion strategy | Signal: HOLD | Shares held: 0.0 | Last price: $84.92
2026-10-06 19:43:13,247 | [ORLY] ACTION: No trade.
2026-10-06 19:43:13,278 | [OTIS] choppy/sideways (ADX 24.6) -> mean-reversion strategy | Signal: HOLD | Shares held: 0.0 | Last price: $66.13
2026-10-06 19:43:13,278 | [OTIS] ACTION: No trade.
2026-10-06 19:43:13,308 | [OXY] choppy/sideways (ADX 12.7) -> mean-reversion strategy | Signal: HOLD | Shares held: 0.0 | Last price: $58.41
2026-10-06 19:43:13,309 | [OXY] ACTION: No trade.
2026-10-06 19:43:13,339 | [P] trending (ADX 40.5) -> trend-following strategy | Signal: HOLD | Shares held: 0.0 | Last price: $148.40
2026-10-06 19:43:13,339 | [P] ACTION: No trade.
2026-10-06 19:43:13,369 | [PANW] trending (ADX 26.3) -> trend-following strategy | Signal: HOLD | Shares held: 0.0 | Last price: $419.22
2026-10-06 19:43:13,369 | [PANW] ACTION: No trade.
2026-10-06 19:43:13,400 | [PAYX] choppy/sideways (ADX 22.1) -> mean-reversion strategy | Signal: HOLD | Shares held: 0.0 | Last price: $100.86
2026-10-06 19:43:13,400 | [PAYX] ACTION: No trade.
2026-10-06 19:43:13,431 | [PCAR] choppy/sideways (ADX 23.7) -> mean-reversion strategy | Signal: HOLD | Shares held: 0.0 | Last price: $108.84
2026-10-06 19:43:13,431 | [PCAR] ACTION: No trade.
2026-10-06 19:43:13,462 | [PCG] choppy/sideways (ADX 17.2) -> mean-reversion strategy | Signal: HOLD | Shares held: 0.0 | Last price: $12.39
2026-10-06 19:43:13,462 | [PCG] ACTION: No trade.
2026-10-06 19:43:13,492 | [PEG] trending (ADX 57.8) -> trend-following strategy | Signal: HOLD | Shares held: 0.0 | Last price: $71.29
2026-10-06 19:43:13,493 | [PEG] ACTION: No trade.
2026-10-06 19:43:13,523 | [PEP] trending (ADX 29.5) -> trend-following strategy | Signal: HOLD | Shares held: 0.0 | Last price: $125.37
2026-10-06 19:43:13,523 | [PEP] ACTION: No trade.
2026-10-06 19:43:13,554 | [PFE] choppy/sideways (ADX 14.6) -> mean-reversion strategy | Signal: HOLD | Shares held: 0.0 | Last price: $27.48
2026-10-06 19:43:13,554 | [PFE] ACTION: No trade.
2026-10-06 19:43:13,585 | [PFG] trending (ADX 31.8) -> trend-following strategy | Signal: HOLD | Shares held: 0.0 | Last price: $110.23
2026-10-06 19:43:13,586 | [PFG] ACTION: No trade.
2026-10-06 19:43:13,616 | [PG] trending (ADX 41.6) -> trend-following strategy | Signal: HOLD | Shares held: 0.0 | Last price: $148.86
2026-10-06 19:43:13,616 | [PG] ACTION: No trade.
2026-10-06 19:43:13,646 | [PGR] choppy/sideways (ADX 20.1) -> mean-reversion strategy | Signal: HOLD | Shares held: 0.0 | Last price: $212.03
2026-10-06 19:43:13,646 | [PGR] ACTION: No trade.
2026-10-06 19:43:13,677 | [PH] choppy/sideways (ADX 15.1) -> mean-reversion strategy | Signal: HOLD | Shares held: 0.0 | Last price: $987.61
2026-10-06 19:43:13,677 | [PH] ACTION: No trade.
2026-10-06 19:43:13,708 | [PHM] trending (ADX 29.5) -> trend-following strategy | Signal: HOLD | Shares held: 0.0 | Last price: $116.28
2026-10-06 19:43:13,708 | [PHM] ACTION: No trade.
2026-10-06 19:43:13,739 | [PKG] choppy/sideways (ADX 19.5) -> mean-reversion strategy | Signal: HOLD | Shares held: 0.0 | Last price: $229.85
2026-10-06 19:43:13,739 | [PKG] ACTION: No trade.
2026-10-06 19:43:13,770 | [PLD] choppy/sideways (ADX 13.8) -> mean-reversion strategy | Signal: HOLD | Shares held: 0.0 | Last price: $128.40
2026-10-06 19:43:13,770 | [PLD] ACTION: No trade.
2026-10-06 19:43:13,800 | [PLTR] choppy/sideways (ADX 19.1) -> mean-reversion strategy | Signal: HOLD | Shares held: 0.0 | Last price: $192.77
2026-10-06 19:43:13,800 | [PLTR] ACTION: No trade.
2026-10-06 19:43:13,831 | [PM] choppy/sideways (ADX 12.6) -> mean-reversion strategy | Signal: HOLD | Shares held: 0.0 | Last price: $189.71
2026-10-06 19:43:13,831 | [PM] ACTION: No trade.
2026-10-06 19:43:13,861 | [PNC] choppy/sideways (ADX 17.4) -> mean-reversion strategy | Signal: HOLD | Shares held: 0.0 | Last price: $220.10
2026-10-06 19:43:13,861 | [PNC] ACTION: No trade.
2026-10-06 19:43:13,892 | [PNR] choppy/sideways (ADX 23.4) -> mean-reversion strategy | Signal: HOLD | Shares held: 0.0 | Last price: $52.81
2026-10-06 19:43:13,893 | [PNR] ACTION: No trade.
2026-10-06 19:43:13,924 | [PNW] trending (ADX 32.5) -> trend-following strategy | Signal: HOLD | Shares held: 0.0 | Last price: $97.22
2026-10-06 19:43:13,924 | [PNW] ACTION: No trade.
2026-10-06 19:43:13,955 | [PODD] trending (ADX 29.3) -> trend-following strategy | Signal: SELL | Shares held: 0.0 | Last price: $134.20
2026-10-06 19:43:13,955 | [PODD] ACTION: No trade.
2026-10-06 19:43:13,988 | [PPG] choppy/sideways (ADX 24.2) -> mean-reversion strategy | Signal: HOLD | Shares held: 0.0 | Last price: $106.39
2026-10-06 19:43:13,988 | [PPG] ACTION: No trade.
2026-10-06 19:43:14,019 | [PPL] trending (ADX 40.1) -> trend-following strategy | Signal: HOLD | Shares held: 0.0 | Last price: $33.42
2026-10-06 19:43:14,020 | [PPL] ACTION: No trade.
2026-10-06 19:43:14,051 | [PRU] choppy/sideways (ADX 17.4) -> mean-reversion strategy | Signal: HOLD | Shares held: 0.0 | Last price: $114.07
2026-10-06 19:43:14,051 | [PRU] ACTION: No trade.
2026-10-06 19:43:14,081 | [PSA] choppy/sideways (ADX 20.0) -> mean-reversion strategy | Signal: HOLD | Shares held: 0.0 | Last price: $285.25
2026-10-06 19:43:14,081 | [PSA] ACTION: No trade.
2026-10-06 19:43:14,112 | [PSX] choppy/sideways (ADX 17.1) -> mean-reversion strategy | Signal: HOLD | Shares held: 0.0 | Last price: $271.02
2026-10-06 19:43:14,112 | [PSX] ACTION: No trade.
2026-10-06 19:43:14,143 | [PTC] trending (ADX 63.7) -> trend-following strategy | Signal: HOLD | Shares held: 0.0 | Last price: $193.01
2026-10-06 19:43:14,143 | [PTC] ACTION: No trade.
2026-10-06 19:43:14,174 | [PWR] trending (ADX 33.4) -> trend-following strategy | Signal: HOLD | Shares held: 0.0 | Last price: $718.00
2026-10-06 19:43:14,174 | [PWR] ACTION: No trade.
2026-10-06 19:43:14,205 | [PYPL] choppy/sideways (ADX 19.8) -> mean-reversion strategy | Signal: HOLD | Shares held: 0.0 | Last price: $54.41
2026-10-06 19:43:14,205 | [PYPL] ACTION: No trade.
2026-10-06 19:43:14,236 | [Q] choppy/sideways (ADX 17.3) -> mean-reversion strategy | Signal: HOLD | Shares held: 0.0 | Last price: $132.61
2026-10-06 19:43:14,236 | [Q] ACTION: No trade.
2026-10-06 19:43:14,267 | [QCOM] trending (ADX 32.9) -> trend-following strategy | Signal: HOLD | Shares held: 0.0 | Last price: $181.22
2026-10-06 19:43:14,267 | [QCOM] ACTION: No trade.
2026-10-06 19:43:14,297 | [RCL] trending (ADX 50.5) -> trend-following strategy | Signal: HOLD | Shares held: 0.0 | Last price: $288.08
2026-10-06 19:43:14,297 | [RCL] ACTION: No trade.
2026-10-06 19:43:14,328 | [RDDT] choppy/sideways (ADX 9.2) -> mean-reversion strategy | Signal: HOLD | Shares held: 0.0 | Last price: $148.09
2026-10-06 19:43:14,328 | [RDDT] ACTION: No trade.
2026-10-06 19:43:14,359 | [REGN] choppy/sideways (ADX 12.0) -> mean-reversion strategy | Signal: HOLD | Shares held: 0.0 | Last price: $733.40
2026-10-06 19:43:14,359 | [REGN] ACTION: No trade.
2026-10-06 19:43:14,389 | [RF] trending (ADX 25.6) -> trend-following strategy | Signal: HOLD | Shares held: 0.0 | Last price: $27.08
2026-10-06 19:43:14,389 | [RF] ACTION: No trade.
2026-10-06 19:43:14,420 | [RJF] choppy/sideways (ADX 24.5) -> mean-reversion strategy | Signal: HOLD | Shares held: 0.0 | Last price: $159.79
2026-10-06 19:43:14,420 | [RJF] ACTION: No trade.
2026-10-06 19:43:14,450 | [RL] choppy/sideways (ADX 18.9) -> mean-reversion strategy | Signal: HOLD | Shares held: 0.0 | Last price: $367.92
2026-10-06 19:43:14,450 | [RL] ACTION: No trade.
2026-10-06 19:43:14,481 | [RMD] trending (ADX 25.0) -> trend-following strategy | Signal: HOLD | Shares held: 0.0 | Last price: $220.34
2026-10-06 19:43:14,481 | [RMD] ACTION: No trade.
2026-10-06 19:43:14,511 | [ROK] trending (ADX 27.1) -> trend-following strategy | Signal: HOLD | Shares held: 0.0 | Last price: $451.88
2026-10-06 19:43:14,511 | [ROK] ACTION: No trade.
2026-10-06 19:43:14,541 | [ROL] trending (ADX 30.7) -> trend-following strategy | Signal: HOLD | Shares held: 0.0 | Last price: $30.18
2026-10-06 19:43:14,541 | [ROL] ACTION: No trade.
2026-10-06 19:43:14,572 | [ROP] choppy/sideways (ADX 20.8) -> mean-reversion strategy | Signal: HOLD | Shares held: 0.0 | Last price: $361.12
2026-10-06 19:43:14,572 | [ROP] ACTION: No trade.
2026-10-06 19:43:14,602 | [ROST] trending (ADX 31.5) -> trend-following strategy | Signal: HOLD | Shares held: 0.0 | Last price: $222.40
2026-10-06 19:43:14,602 | [ROST] ACTION: No trade.
2026-10-06 19:43:14,633 | [RSG] trending (ADX 42.1) -> trend-following strategy | Signal: HOLD | Shares held: 0.0 | Last price: $214.56
2026-10-06 19:43:14,633 | [RSG] ACTION: No trade.
2026-10-06 19:43:14,663 | [RTX] choppy/sideways (ADX 24.3) -> mean-reversion strategy | Signal: HOLD | Shares held: 0.0 | Last price: $183.00
2026-10-06 19:43:14,663 | [RTX] ACTION: No trade.
2026-10-06 19:43:14,694 | [RVTY] choppy/sideways (ADX 12.4) -> mean-reversion strategy | Signal: HOLD | Shares held: 0.0 | Last price: $153.46
2026-10-06 19:43:14,694 | [RVTY] ACTION: No trade.
2026-10-06 19:43:14,724 | [SBAC] trending (ADX 48.3) -> trend-following strategy | Signal: HOLD | Shares held: 0.0 | Last price: $167.69
2026-10-06 19:43:14,725 | [SBAC] ACTION: No trade.
2026-10-06 19:43:14,756 | [SBUX] choppy/sideways (ADX 20.4) -> mean-reversion strategy | Signal: HOLD | Shares held: 0.0 | Last price: $96.30
2026-10-06 19:43:14,756 | [SBUX] ACTION: No trade.
2026-10-06 19:43:14,788 | [SCHW] choppy/sideways (ADX 20.2) -> mean-reversion strategy | Signal: HOLD | Shares held: 0.0 | Last price: $97.04
2026-10-06 19:43:14,788 | [SCHW] ACTION: No trade.
2026-10-06 19:43:14,820 | [SHW] choppy/sideways (ADX 14.8) -> mean-reversion strategy | Signal: HOLD | Shares held: 0.0 | Last price: $321.18
2026-10-06 19:43:14,821 | [SHW] ACTION: No trade.
2026-10-06 19:43:14,851 | [SJM] choppy/sideways (ADX 15.9) -> mean-reversion strategy | Signal: HOLD | Shares held: 0.0 | Last price: $116.66
2026-10-06 19:43:14,851 | [SJM] ACTION: No trade.
2026-10-06 19:43:14,884 | [SLB] choppy/sideways (ADX 24.2) -> mean-reversion strategy | Signal: HOLD | Shares held: 0.0 | Last price: $49.85
2026-10-06 19:43:14,884 | [SLB] ACTION: No trade.
2026-10-06 19:43:14,915 | [SMCI] choppy/sideways (ADX 16.1) -> mean-reversion strategy | Signal: HOLD | Shares held: 0.0 | Last price: $43.52
2026-10-06 19:43:14,915 | [SMCI] ACTION: No trade.
2026-10-06 19:43:14,946 | [SNDK] trending (ADX 34.8) -> trend-following strategy | Signal: HOLD | Shares held: 0.0 | Last price: $1665.87
2026-10-06 19:43:14,946 | [SNDK] ACTION: No trade.
2026-10-06 19:43:14,977 | [SNPS] trending (ADX 37.6) -> trend-following strategy | Signal: HOLD | Shares held: 0.0 | Last price: $505.00
2026-10-06 19:43:14,977 | [SNPS] ACTION: No trade.
2026-10-06 19:43:15,008 | [SO] trending (ADX 27.7) -> trend-following strategy | Signal: HOLD | Shares held: 0.0 | Last price: $84.77
2026-10-06 19:43:15,008 | [SO] ACTION: No trade.
2026-10-06 19:43:15,040 | [SPG] choppy/sideways (ADX 10.3) -> mean-reversion strategy | Signal: HOLD | Shares held: 0.0 | Last price: $201.18
2026-10-06 19:43:15,040 | [SPG] ACTION: No trade.
2026-10-06 19:43:15,072 | [SPGI] trending (ADX 36.8) -> trend-following strategy | Signal: HOLD | Shares held: 0.0 | Last price: $395.81
2026-10-06 19:43:15,072 | [SPGI] ACTION: No trade.
2026-10-06 19:43:15,103 | [SRE] trending (ADX 39.1) -> trend-following strategy | Signal: HOLD | Shares held: 0.0 | Last price: $79.17
2026-10-06 19:43:15,104 | [SRE] ACTION: No trade.
2026-10-06 19:43:15,135 | [STE] choppy/sideways (ADX 21.1) -> mean-reversion strategy | Signal: HOLD | Shares held: 0.0 | Last price: $208.48
2026-10-06 19:43:15,135 | [STE] ACTION: No trade.
2026-10-06 19:43:15,167 | [STLD] choppy/sideways (ADX 17.7) -> mean-reversion strategy | Signal: HOLD | Shares held: 0.0 | Last price: $238.90
2026-10-06 19:43:15,167 | [STLD] ACTION: No trade.
2026-10-06 19:43:15,198 | [STT] choppy/sideways (ADX 17.4) -> mean-reversion strategy | Signal: HOLD | Shares held: 0.0 | Last price: $175.38
2026-10-06 19:43:15,198 | [STT] ACTION: No trade.
2026-10-06 19:43:15,229 | [STX] trending (ADX 51.0) -> trend-following strategy | Signal: HOLD | Shares held: 0.0 | Last price: $800.75
2026-10-06 19:43:15,229 | [STX] ACTION: No trade.
2026-10-06 19:43:15,261 | [STZ] trending (ADX 27.2) -> trend-following strategy | Signal: HOLD | Shares held: 0.0 | Last price: $114.81
2026-10-06 19:43:15,261 | [STZ] ACTION: No trade.
2026-10-06 19:43:15,293 | [SW] choppy/sideways (ADX 18.1) -> mean-reversion strategy | Signal: HOLD | Shares held: 0.0 | Last price: $42.50
2026-10-06 19:43:15,293 | [SW] ACTION: No trade.
2026-10-06 19:43:15,324 | [SWK] choppy/sideways (ADX 11.2) -> mean-reversion strategy | Signal: HOLD | Shares held: 0.0 | Last price: $90.22
2026-10-06 19:43:15,324 | [SWK] ACTION: No trade.
2026-10-06 19:43:15,356 | [SWKS] choppy/sideways (ADX 12.7) -> mean-reversion strategy | Signal: HOLD | Shares held: 0.0 | Last price: $82.37
2026-10-06 19:43:15,356 | [SWKS] ACTION: No trade.
2026-10-06 19:43:15,388 | [SYF] choppy/sideways (ADX 21.4) -> mean-reversion strategy | Signal: HOLD | Shares held: 0.0 | Last price: $72.04
2026-10-06 19:43:15,388 | [SYF] ACTION: No trade.
2026-10-06 19:43:15,419 | [SYK] trending (ADX 43.0) -> trend-following strategy | Signal: HOLD | Shares held: 0.0 | Last price: $278.73
2026-10-06 19:43:15,419 | [SYK] ACTION: No trade.
2026-10-06 19:43:15,451 | [SYY] choppy/sideways (ADX 15.6) -> mean-reversion strategy | Signal: HOLD | Shares held: 0.0 | Last price: $77.13
2026-10-06 19:43:15,451 | [SYY] ACTION: No trade.
2026-10-06 19:43:15,483 | [T] trending (ADX 26.0) -> trend-following strategy | Signal: HOLD | Shares held: 0.0 | Last price: $24.36
2026-10-06 19:43:15,483 | [T] ACTION: No trade.
2026-10-06 19:43:15,515 | [TDG] choppy/sideways (ADX 22.0) -> mean-reversion strategy | Signal: HOLD | Shares held: 0.0 | Last price: $1104.90
2026-10-06 19:43:15,515 | [TDG] ACTION: No trade.
2026-10-06 19:43:15,546 | [TDY] choppy/sideways (ADX 12.5) -> mean-reversion strategy | Signal: HOLD | Shares held: 0.0 | Last price: $620.88
2026-10-06 19:43:15,546 | [TDY] ACTION: No trade.
2026-10-06 19:43:15,579 | [TECH] choppy/sideways (ADX 14.1) -> mean-reversion strategy | Signal: HOLD | Shares held: 0.0 | Last price: $72.44
2026-10-06 19:43:15,579 | [TECH] ACTION: No trade.
2026-10-06 19:43:15,610 | [TEL] choppy/sideways (ADX 16.3) -> mean-reversion strategy | Signal: HOLD | Shares held: 0.0 | Last price: $220.34
2026-10-06 19:43:15,611 | [TEL] ACTION: No trade.
2026-10-06 19:43:15,643 | [TER] trending (ADX 36.3) -> trend-following strategy | Signal: HOLD | Shares held: 0.0 | Last price: $429.83
2026-10-06 19:43:15,643 | [TER] ACTION: No trade.
2026-10-06 19:43:15,674 | [TFC] choppy/sideways (ADX 21.8) -> mean-reversion strategy | Signal: HOLD | Shares held: 0.0 | Last price: $46.30
2026-10-06 19:43:15,675 | [TFC] ACTION: No trade.
2026-10-06 19:43:15,706 | [TGT] choppy/sideways (ADX 15.2) -> mean-reversion strategy | Signal: HOLD | Shares held: 0.0 | Last price: $154.29
2026-10-06 19:43:15,706 | [TGT] ACTION: No trade.
2026-10-06 19:43:15,738 | [TJX] choppy/sideways (ADX 19.9) -> mean-reversion strategy | Signal: HOLD | Shares held: 0.0 | Last price: $136.01
2026-10-06 19:43:15,738 | [TJX] ACTION: No trade.
2026-10-06 19:43:15,772 | [TKO] choppy/sideways (ADX 19.5) -> mean-reversion strategy | Signal: HOLD | Shares held: 0.0 | Last price: $175.73
2026-10-06 19:43:15,772 | [TKO] ACTION: No trade.
2026-10-06 19:43:15,803 | [TMO] choppy/sideways (ADX 13.9) -> mean-reversion strategy | Signal: HOLD | Shares held: 0.0 | Last price: $658.63
2026-10-06 19:43:15,803 | [TMO] ACTION: No trade.
2026-10-06 19:43:15,835 | [TMUS] choppy/sideways (ADX 19.1) -> mean-reversion strategy | Signal: HOLD | Shares held: 0.0 | Last price: $165.44
2026-10-06 19:43:15,835 | [TMUS] ACTION: No trade.
2026-10-06 19:43:15,867 | [TPL] trending (ADX 37.6) -> trend-following strategy | Signal: HOLD | Shares held: 0.0 | Last price: $354.79
2026-10-06 19:43:15,867 | [TPL] ACTION: No trade.
2026-10-06 19:43:15,899 | [TPR] choppy/sideways (ADX 14.8) -> mean-reversion strategy | Signal: HOLD | Shares held: 0.0 | Last price: $116.25
2026-10-06 19:43:15,899 | [TPR] ACTION: No trade.
2026-10-06 19:43:15,931 | [TRGP] choppy/sideways (ADX 19.5) -> mean-reversion strategy | Signal: HOLD | Shares held: 0.0 | Last price: $285.49
2026-10-06 19:43:15,931 | [TRGP] ACTION: No trade.
2026-10-06 19:43:15,963 | [TRMB] trending (ADX 32.7) -> trend-following strategy | Signal: HOLD | Shares held: 0.0 | Last price: $61.02
2026-10-06 19:43:15,963 | [TRMB] ACTION: No trade.
2026-10-06 19:43:15,994 | [TROW] choppy/sideways (ADX 20.5) -> mean-reversion strategy | Signal: HOLD | Shares held: 0.0 | Last price: $103.54
2026-10-06 19:43:15,995 | [TROW] ACTION: No trade.
2026-10-06 19:43:16,025 | [TRV] choppy/sideways (ADX 12.0) -> mean-reversion strategy | Signal: HOLD | Shares held: 0.0 | Last price: $359.92
2026-10-06 19:43:16,026 | [TRV] ACTION: No trade.
2026-10-06 19:43:16,057 | [TSCO] trending (ADX 43.4) -> trend-following strategy | Signal: HOLD | Shares held: 0.0 | Last price: $32.38
2026-10-06 19:43:16,057 | [TSCO] ACTION: No trade.
2026-10-06 19:43:16,092 | [TSLA] choppy/sideways (ADX 21.5) -> mean-reversion strategy | Signal: HOLD | Shares held: 0.0 | Last price: $380.05
2026-10-06 19:43:16,092 | [TSLA] ACTION: No trade.
2026-10-06 19:43:16,124 | [TSN] choppy/sideways (ADX 20.4) -> mean-reversion strategy | Signal: HOLD | Shares held: 0.0 | Last price: $52.06
2026-10-06 19:43:16,124 | [TSN] ACTION: No trade.
2026-10-06 19:43:16,158 | [TT] trending (ADX 28.4) -> trend-following strategy | Signal: HOLD | Shares held: 0.0 | Last price: $474.74
2026-10-06 19:43:16,158 | [TT] ACTION: No trade.
2026-10-06 19:43:16,189 | [TTWO] choppy/sideways (ADX 16.3) -> mean-reversion strategy | Signal: HOLD | Shares held: 0.0 | Last price: $202.38
2026-10-06 19:43:16,189 | [TTWO] ACTION: No trade.
2026-10-06 19:43:16,221 | [TXN] trending (ADX 45.2) -> trend-following strategy | Signal: HOLD | Shares held: 0.0 | Last price: $297.69
2026-10-06 19:43:16,221 | [TXN] ACTION: No trade.
2026-10-06 19:43:16,253 | [TXT] choppy/sideways (ADX 19.5) -> mean-reversion strategy | Signal: HOLD | Shares held: 0.0 | Last price: $75.47
2026-10-06 19:43:16,253 | [TXT] ACTION: No trade.
2026-10-06 19:43:16,285 | [TYL] choppy/sideways (ADX 20.6) -> mean-reversion strategy | Signal: HOLD | Shares held: 0.0 | Last price: $330.00
2026-10-06 19:43:16,285 | [TYL] ACTION: No trade.
2026-10-06 19:43:16,317 | [UAL] choppy/sideways (ADX 14.8) -> mean-reversion strategy | Signal: HOLD | Shares held: 0.0 | Last price: $111.76
2026-10-06 19:43:16,317 | [UAL] ACTION: No trade.
2026-10-06 19:43:16,348 | [UBER] choppy/sideways (ADX 19.9) -> mean-reversion strategy | Signal: HOLD | Shares held: 0.0 | Last price: $68.86
2026-10-06 19:43:16,348 | [UBER] ACTION: No trade.
2026-10-06 19:43:16,380 | [UDR] choppy/sideways (ADX 22.7) -> mean-reversion strategy | Signal: HOLD | Shares held: 0.0 | Last price: $33.91
2026-10-06 19:43:16,380 | [UDR] ACTION: No trade.
2026-10-06 19:43:16,411 | [UHS] choppy/sideways (ADX 16.2) -> mean-reversion strategy | Signal: HOLD | Shares held: 0.0 | Last price: $177.12
2026-10-06 19:43:16,412 | [UHS] ACTION: No trade.
2026-10-06 19:43:16,443 | [ULTA] choppy/sideways (ADX 12.1) -> mean-reversion strategy | Signal: HOLD | Shares held: 0.0 | Last price: $548.08
2026-10-06 19:43:16,443 | [ULTA] ACTION: No trade.
2026-10-06 19:43:16,474 | [UNH] choppy/sideways (ADX 15.3) -> mean-reversion strategy | Signal: HOLD | Shares held: 0.0 | Last price: $375.07
2026-10-06 19:43:16,474 | [UNH] ACTION: No trade.
2026-10-06 19:43:16,506 | [UNP] choppy/sideways (ADX 15.3) -> mean-reversion strategy | Signal: HOLD | Shares held: 0.0 | Last price: $275.73
2026-10-06 19:43:16,506 | [UNP] ACTION: No trade.
2026-10-06 19:43:16,537 | [UPS] choppy/sideways (ADX 19.5) -> mean-reversion strategy | Signal: HOLD | Shares held: 0.0 | Last price: $92.94
2026-10-06 19:43:16,538 | [UPS] ACTION: No trade.
2026-10-06 19:43:16,569 | [URI] choppy/sideways (ADX 16.5) -> mean-reversion strategy | Signal: HOLD | Shares held: 0.0 | Last price: $1084.50
2026-10-06 19:43:16,569 | [URI] ACTION: No trade.
2026-10-06 19:43:16,602 | [USB] trending (ADX 30.1) -> trend-following strategy | Signal: HOLD | Shares held: 0.0 | Last price: $57.24
2026-10-06 19:43:16,602 | [USB] ACTION: No trade.
2026-10-06 19:43:16,702 | [V] choppy/sideways (ADX 14.6) -> mean-reversion strategy | Signal: HOLD | Shares held: 0.0 | Last price: $369.67
2026-10-06 19:43:16,702 | [V] ACTION: No trade.
2026-10-06 19:43:16,733 | [VEEV] trending (ADX 25.9) -> trend-following strategy | Signal: HOLD | Shares held: 0.0 | Last price: $282.76
2026-10-06 19:43:16,734 | [VEEV] ACTION: No trade.
2026-10-06 19:43:16,765 | [VICI] choppy/sideways (ADX 13.4) -> mean-reversion strategy | Signal: HOLD | Shares held: 0.0 | Last price: $22.70
2026-10-06 19:43:16,765 | [VICI] ACTION: No trade.
2026-10-06 19:43:16,796 | [VLO] choppy/sideways (ADX 21.7) -> mean-reversion strategy | Signal: HOLD | Shares held: 0.0 | Last price: $421.85
2026-10-06 19:43:16,796 | [VLO] ACTION: No trade.
2026-10-06 19:43:16,827 | [VLTO] choppy/sideways (ADX 19.6) -> mean-reversion strategy | Signal: HOLD | Shares held: 0.0 | Last price: $96.30
2026-10-06 19:43:16,827 | [VLTO] ACTION: No trade.
2026-10-06 19:43:16,859 | [VMC] trending (ADX 36.9) -> trend-following strategy | Signal: HOLD | Shares held: 0.0 | Last price: $248.41
2026-10-06 19:43:16,859 | [VMC] ACTION: No trade.
2026-10-06 19:43:16,890 | [VMRK] choppy/sideways (ADX 16.7) -> mean-reversion strategy | Signal: HOLD | Shares held: 0.0 | Last price: $60.23
2026-10-06 19:43:16,890 | [VMRK] ACTION: No trade.
2026-10-06 19:43:16,921 | [VRSK] trending (ADX 27.5) -> trend-following strategy | Signal: HOLD | Shares held: 0.0 | Last price: $164.00
2026-10-06 19:43:16,921 | [VRSK] ACTION: No trade.
2026-10-06 19:43:16,952 | [VRSN] choppy/sideways (ADX 18.0) -> mean-reversion strategy | Signal: HOLD | Shares held: 0.0 | Last price: $292.53
2026-10-06 19:43:16,952 | [VRSN] ACTION: No trade.
2026-10-06 19:43:16,983 | [VRT] choppy/sideways (ADX 16.0) -> mean-reversion strategy | Signal: HOLD | Shares held: 0.0 | Last price: $252.30
2026-10-06 19:43:16,984 | [VRT] ACTION: No trade.
2026-10-06 19:43:17,015 | [VRTX] choppy/sideways (ADX 8.7) -> mean-reversion strategy | Signal: HOLD | Shares held: 0.0 | Last price: $501.45
2026-10-06 19:43:17,015 | [VRTX] ACTION: No trade.
2026-10-06 19:43:17,046 | [VST] trending (ADX 48.3) -> trend-following strategy | Signal: HOLD | Shares held: 0.0 | Last price: $158.75
2026-10-06 19:43:17,046 | [VST] ACTION: No trade.
2026-10-06 19:43:17,078 | [VTR] trending (ADX 35.8) -> trend-following strategy | Signal: HOLD | Shares held: 0.0 | Last price: $81.69
2026-10-06 19:43:17,078 | [VTR] ACTION: No trade.
2026-10-06 19:43:17,109 | [VTRS] choppy/sideways (ADX 12.1) -> mean-reversion strategy | Signal: HOLD | Shares held: 0.0 | Last price: $17.59
2026-10-06 19:43:17,109 | [VTRS] ACTION: No trade.
2026-10-06 19:43:17,140 | [VZ] choppy/sideways (ADX 19.4) -> mean-reversion strategy | Signal: HOLD | Shares held: 0.0 | Last price: $45.69
2026-10-06 19:43:17,140 | [VZ] ACTION: No trade.
2026-10-06 19:43:17,171 | [WAB] choppy/sideways (ADX 14.6) -> mean-reversion strategy | Signal: HOLD | Shares held: 0.0 | Last price: $292.11
2026-10-06 19:43:17,172 | [WAB] ACTION: No trade.
2026-10-06 19:43:17,203 | [WAT] choppy/sideways (ADX 16.4) -> mean-reversion strategy | Signal: HOLD | Shares held: 0.0 | Last price: $437.93
2026-10-06 19:43:17,203 | [WAT] ACTION: No trade.
2026-10-06 19:43:17,234 | [WBD] trending (ADX 72.2) -> trend-following strategy | Signal: HOLD | Shares held: 0.0 | Last price: $30.97
2026-10-06 19:43:17,234 | [WBD] ACTION: No trade.
2026-10-06 19:43:17,266 | [WDAY] trending (ADX 37.5) -> trend-following strategy | Signal: HOLD | Shares held: 0.0 | Last price: $186.74
2026-10-06 19:43:17,266 | [WDAY] ACTION: No trade.
2026-10-06 19:43:17,297 | [WDC] trending (ADX 33.2) -> trend-following strategy | Signal: HOLD | Shares held: 0.0 | Last price: $409.80
2026-10-06 19:43:17,297 | [WDC] ACTION: No trade.
2026-10-06 19:43:17,328 | [WEC] trending (ADX 33.4) -> trend-following strategy | Signal: HOLD | Shares held: 0.0 | Last price: $102.50
2026-10-06 19:43:17,328 | [WEC] ACTION: No trade.
2026-10-06 19:43:17,359 | [WELL] trending (ADX 26.3) -> trend-following strategy | Signal: HOLD | Shares held: 0.0 | Last price: $225.21
2026-10-06 19:43:17,359 | [WELL] ACTION: No trade.
2026-10-06 19:43:17,389 | [WFC] choppy/sideways (ADX 13.2) -> mean-reversion strategy | Signal: HOLD | Shares held: 0.0 | Last price: $81.60
2026-10-06 19:43:17,389 | [WFC] ACTION: No trade.
2026-10-06 19:43:17,420 | [WM] trending (ADX 37.7) -> trend-following strategy | Signal: HOLD | Shares held: 0.0 | Last price: $208.19
2026-10-06 19:43:17,421 | [WM] ACTION: No trade.
2026-10-06 19:43:17,452 | [WMB] trending (ADX 34.6) -> trend-following strategy | Signal: HOLD | Shares held: 0.0 | Last price: $72.38
2026-10-06 19:43:17,452 | [WMB] ACTION: No trade.
2026-10-06 19:43:17,483 | [WMT] trending (ADX 53.2) -> trend-following strategy | Signal: HOLD | Shares held: 0.0 | Last price: $107.35
2026-10-06 19:43:17,483 | [WMT] ACTION: No trade.
2026-10-06 19:43:17,515 | [WRB] choppy/sideways (ADX 22.1) -> mean-reversion strategy | Signal: HOLD | Shares held: 0.0 | Last price: $69.60
2026-10-06 19:43:17,515 | [WRB] ACTION: No trade.
2026-10-06 19:43:17,545 | [WSM] trending (ADX 30.6) -> trend-following strategy | Signal: HOLD | Shares held: 0.0 | Last price: $242.97
2026-10-06 19:43:17,545 | [WSM] ACTION: No trade.
2026-10-06 19:43:17,576 | [WST] choppy/sideways (ADX 14.8) -> mean-reversion strategy | Signal: HOLD | Shares held: 0.0 | Last price: $373.39
2026-10-06 19:43:17,576 | [WST] ACTION: No trade.
2026-10-06 19:43:17,608 | [WTW] choppy/sideways (ADX 9.0) -> mean-reversion strategy | Signal: HOLD | Shares held: 0.0 | Last price: $291.03
2026-10-06 19:43:17,608 | [WTW] ACTION: No trade.
2026-10-06 19:43:17,640 | [WY] choppy/sideways (ADX 19.2) -> mean-reversion strategy | Signal: HOLD | Shares held: 0.0 | Last price: $18.55
2026-10-06 19:43:17,640 | [WY] ACTION: No trade.
2026-10-06 19:43:17,672 | [WYNN] choppy/sideways (ADX 23.9) -> mean-reversion strategy | Signal: HOLD | Shares held: 0.0 | Last price: $76.70
2026-10-06 19:43:17,672 | [WYNN] ACTION: No trade.
2026-10-06 19:43:17,703 | [XEL] choppy/sideways (ADX 18.2) -> mean-reversion strategy | Signal: HOLD | Shares held: 0.0 | Last price: $72.03
2026-10-06 19:43:17,703 | [XEL] ACTION: No trade.
2026-10-06 19:43:17,736 | [XOM] choppy/sideways (ADX 15.3) -> mean-reversion strategy | Signal: HOLD | Shares held: 0.0 | Last price: $164.66
2026-10-06 19:43:17,736 | [XOM] ACTION: No trade.
2026-10-06 19:43:17,768 | [XYL] choppy/sideways (ADX 20.6) -> mean-reversion strategy | Signal: HOLD | Shares held: 0.0 | Last price: $104.12
2026-10-06 19:43:17,768 | [XYL] ACTION: No trade.
2026-10-06 19:43:17,799 | [XYZ] choppy/sideways (ADX 16.5) -> mean-reversion strategy | Signal: HOLD | Shares held: 0.0 | Last price: $76.48
2026-10-06 19:43:17,800 | [XYZ] ACTION: No trade.
2026-10-06 19:43:17,833 | [YUM] trending (ADX 28.2) -> trend-following strategy | Signal: HOLD | Shares held: 0.0 | Last price: $139.24
2026-10-06 19:43:17,833 | [YUM] ACTION: No trade.
2026-10-06 19:43:17,865 | [ZBH] trending (ADX 26.3) -> trend-following strategy | Signal: HOLD | Shares held: 0.0 | Last price: $89.94
2026-10-06 19:43:17,865 | [ZBH] ACTION: No trade.
2026-10-06 19:43:17,905 | [ZBRA] choppy/sideways (ADX 22.7) -> mean-reversion strategy | Signal: HOLD | Shares held: 0.0 | Last price: $386.35
2026-10-06 19:43:17,905 | [ZBRA] ACTION: No trade.
2026-10-06 19:43:17,953 | [ZTS] choppy/sideways (ADX 19.2) -> mean-reversion strategy | Signal: HOLD | Shares held: 0.0 | Last price: $71.04
2026-10-06 19:43:17,953 | [ZTS] ACTION: No trade.
2026-10-06 19:50:02,225 | Within 10 min of close -- flattening all positions for the day.
2026-10-06 19:50:02,290 | EOD FLATTEN: no open positions to close.
2026-10-06 20:00:02,077 | Market is closed. Next open: 2026-10-07 15:30:00 CEST (your local time) -- in 17.5 hours.
2026-10-06 20:00:02,130 | Market is closed for the day -- exiting early instead of idling.
2026-10-06 20:00:02,130 | Duration window finished.
2026-10-06 20:02:07,991 | === Adaptive Intraday Trading Bot starting (PAPER TRADING MODE) ===
2026-10-06 20:02:07,991 | Watchlist mode: AUTOMATIC SCANNER (refreshes every 0.5h, up to 50 movers + S&P 500 backstop, 500 watchlist slots total, min price $10, max extension 20%, leveraged ETFs excluded: True, news filter: True). Fallback list: TSLA, NVDA, COIN, AMD, PLTR
2026-10-06 20:02:07,992 | Scanner minimum listing age: ON -- requires >= 100 trading days of daily bar history (real cases this catches: ALMR ~80d, EROC ~43d)
2026-10-06 20:02:07,992 | Bar size: 15min | Check interval while market open: 15min
2026-10-06 20:02:07,992 | Active strategies: gap_continuation, trend_following, mean_reversion (regime-switched by ADX)
2026-10-06 20:02:07,992 | Trend strategy: EMA 9/21 crossover | Range strategy: RSI 14 (25.0/75.0) | Switched by ADX 14 (threshold 25.0)
2026-10-06 20:02:07,992 | No new entries between 210-270 min after the open (historically weak window in backtesting)
2026-10-06 20:02:07,992 | Scanner opening-range blackout: ON -- no new scanner-pick (non-S&P-500) entries in the first 45 min after the open (real-money-confirmed, additive to the lunch-window blackout above, not a replacement for it)
2026-10-06 20:02:07,992 | Risk management: fixed stop-loss -5% / take-profit +10% on every buy
2026-10-06 20:02:07,992 | Position sizing: flat $500 per trade
2026-10-06 20:02:07,992 | Graduated conviction sizing: ON -- qualifying strategies: none yet (real evidence-gated, see strategy.py). 1 of 3 confirming signals (strategy match / ADX >= 35 / volume >= 2.5x avg) sizes at $5000; 2 or more signals sizes at up to the full remaining $25,000/day pool (volatility-based size-down always wins when a trade qualifies for both)
2026-10-06 20:02:07,992 | Position limits: max 18 concurrent positions | max 5.0% aggregate portfolio risk | daily loss circuit breaker at -3% (pauses new entries only)
2026-10-06 20:02:07,992 | Portfolio heat cap: max $2,000 aggregate $-at-risk across all open positions
2026-10-06 20:02:07,992 | Sector concentration cap: max 2 open positions per sector (new entries only; symbols with no known sector are exempt)
2026-10-06 20:02:07,993 | End-of-day mode: positions will be auto-closed 10 min before market close.
2026-10-06 20:02:07,993 | Loaded saved watchlist from previous run: NVDA, MU, TSLA, SNDK, AMD, MSFT, INTC, AAPL, AVGO, META, AMZN, MRVL, GOOGL, WBD, STX, WDC, MDT, GOOG, LITE, PTC, ORCL, PLTR, NKE, MRNA, BE, LLY, DELL, JNJ, TMO, ABBV, AMAT, LRCX, COST, PANW, HOOD, GEV, NFLX, MA, CAT, BRK.B, XOM, COHR, V, WMT, JPM, LIN, CSCO, CRM, QCOM, TJX, ACN, VST, SWKS, CEG, MRK, BAC, APP, BA, TXN, GS, AMGN, UNH, SNPS, DHR, CRWD, ILMN, CVX, KLAC, COIN, PG, GE, IBM, MCK, CIEN, PM, NEE, VLO, KO, MS, UNP, TT, CVS, ADI, CB, HPE, MCD, ON, MPC, NTAP, ABT, HD, GILD, SMCI, ANET, CTVA, SYK, NOC, GLW, TER, DE, COF, SPGI, TGT, VZ, BKNG, BLK, WFC, PWR, ETN, C, PGR, MPWR, SO, WELL, COP, CDNS, PEP, AZO, NOW, CHRW, HUM, APH, JCI, UBER, TMUS, HWM, BMY, SBUX, DASH, URI, RCL, FICO, DHI, MCO, PSX, ROST, SCHW, VRT, AEP, DDOG, ORLY, AXP, RTX, NXPI, CMI, PNC, HCA, INTU, MMM, GM, EMR, WMB, VRTX, ADP, WM, SHW, FCX, PEG, ISRG, HLT, FANG, REGN, ALL, FTNT, ECHO, CL, ABNB, EOG, ADSK, FIX, ADBE, MRSH, EQIX, PFE, CASY, DIS, AMT, BNY, CSX, GD, KEYS, CI, MDLZ, KKR, FDX, TFC, WAT, LOW, PLD, MET, LYV, EXC, BSX, USB, T, EXPE, CRH, CME, PCAR, HON, LEN, CAH, VTR, DUK, TRGP, MLM, DAL, BX, IR, SLB, XEL, SYY, PH, P, AIG, ITW, APO, IQV, MAR, AME, A, ECL, NUE, COR, FERG, VMRK, BDX, TSCO, RDDT, MSI, MCHP, TDG, AON, VRSN, UAL, TPR, ODFL, YUM, AJG, OTIS, HBAN, ICE, LMT, EBAY, CMG, STT, EFX, CRL, CBOE, AXON, TRV, MNST, GWW, CNP, CMS, ELV, CCL, PODD, WDAY, NEM, FOXA, DLR, APD, AMP, KDP, CTAS, VEEV, CARR, TEL, WEC, ETR, HONA, CMCSA, NSC, LULU, EQT, FITB, EME, NDAQ, NRG, ROK, RVTY, EXPD, PSA, VMC, WSM, KR, CFG, DVN, PYPL, MO, OKE, RF, LHX, ED, KMI, WAB, ACGL, IBKR, FAST, KMB, CTSH, TTWO, UPS, ROP, MSCI, AEE, DGX, NVR, RSG, HIG, AWK, PCG, CVNA, SRE, INCY, KEY, OXY, PAYX, CNC, JBL, STZ, EW, F, BKR, ARES, CBRE, LNT, MTD, BBY, HUBB, SPG, AKAM, XYL, HSY, DTE, GRMN, HPQ, IDXX, FLEX, GIS, ZTS, CF, CHTR, D, EIX, XYZ, DRI, FFIV, BIIB, AFL, STLD, DXCM, DLTR, PPL, MTB, CPAY, GEHC, EXE, NCLH, FE, CCI, WST, COO, KHC, NI, GPN, EL, DG, JBHT, FSLR, LH, CHD, RL, RMD, TKO, HST, LUV, ZBH, IRM, O, PHM, ULTA, CPRT, TECH, ROL, GNRC, DPZ, GEN, TROW, KVUE, HAL, IP, FTV, BG, FDS, ADM, LYB, LII, HAS, PNW, Q, DOV, EVRG, NTRS, EXR, PRU, HII, FDXF, VLTO, SYF, RJF, ALB, OMC, FISV, TSN, WRB, BAX, DECK, SW, MAA, MKC, VRSK, TYL, ZBRA, IEX, ES, DOW, FIS, TRMB, CDW, PPG, ATO, PFG, LVS, IFF, SBAC, LDOS, SWK, STE, EG, APA, ALGN, BRO, BEN, TXT, WTW, ESS, GDDY, ALLE, CLX, INVH, BALL, PNR, IVZ, SJM, AVY, WY, HSIC, AES, UDR, AMCR, PKG, CSGP, APTV, IT, TDY, MOS, NDSN, VICI, JKHY, TPL, MAS, KIM, NWSA, DOC, J, VTRS, CPT, WYNN, BR, DD, GPC, L, ARE, FRT, UHS, MGM, CINF, AIZ
2026-10-06 20:02:07,993 | Restored daily risk state from previous run: day 2026-10-06, breaker tripped: False
2026-10-06 20:02:07,993 | Restored open-position context for 2 symbol(s) from previous run.
2026-10-06 20:02:07,993 | Running in --duration-minutes mode: cycling for 150 minutes, then exiting.
2026-10-06 20:02:08,222 | Market is closed. Next open: 2026-10-07 15:30:00 CEST (your local time) -- in 17.5 hours.
2026-10-06 20:02:08,292 | Market is closed for the day -- exiting early instead of idling.
2026-10-06 20:02:08,292 | Duration window finished.
