2026-09-24 19:14:11,352 | === Adaptive Intraday Trading Bot starting (PAPER TRADING MODE) ===
2026-09-24 19:14:11,352 | Watchlist mode: AUTOMATIC SCANNER (refreshes every 0.5h, up to 50 movers + S&P 500 backstop, 500 watchlist slots total, min price $10, max extension 20%, leveraged ETFs excluded: True, news filter: True). Fallback list: TSLA, NVDA, COIN, AMD, PLTR
2026-09-24 19:14:11,352 | Scanner minimum listing age: ON -- requires >= 100 trading days of daily bar history (real cases this catches: ALMR ~80d, EROC ~43d)
2026-09-24 19:14:11,353 | Bar size: 15min | Check interval while market open: 15min
2026-09-24 19:14:11,353 | Active strategies: gap_continuation, trend_following, mean_reversion (regime-switched by ADX)
2026-09-24 19:14:11,353 | Trend strategy: EMA 9/21 crossover | Range strategy: RSI 14 (25.0/75.0) | Switched by ADX 14 (threshold 25.0)
2026-09-24 19:14:11,353 | No new entries between 210-270 min after the open (historically weak window in backtesting)
2026-09-24 19:14:11,353 | Scanner opening-range blackout: ON -- no new scanner-pick (non-S&P-500) entries in the first 45 min after the open (real-money-confirmed, additive to the lunch-window blackout above, not a replacement for it)
2026-09-24 19:14:11,353 | Risk management: fixed stop-loss -5% / take-profit +10% on every buy
2026-09-24 19:14:11,353 | Position sizing: flat $500 per trade
2026-09-24 19:14:11,353 | Graduated conviction sizing: ON -- qualifying strategies: none yet (real evidence-gated, see strategy.py). 1 of 3 confirming signals (strategy match / ADX >= 35 / volume >= 2.5x avg) sizes at $5000; 2 or more signals sizes at up to the full remaining $25,000/day pool (volatility-based size-down always wins when a trade qualifies for both)
2026-09-24 19:14:11,353 | Position limits: max 18 concurrent positions | max 5.0% aggregate portfolio risk | daily loss circuit breaker at -3% (pauses new entries only)
2026-09-24 19:14:11,353 | Portfolio heat cap: max $2,000 aggregate $-at-risk across all open positions
2026-09-24 19:14:11,353 | Sector concentration cap: max 2 open positions per sector (new entries only; symbols with no known sector are exempt)
2026-09-24 19:14:11,353 | End-of-day mode: positions will be auto-closed 10 min before market close.
2026-09-24 19:14:11,353 | Loaded saved watchlist from previous run: ALKT, VOYG, MU, NVDA, META, SNDK, AMD, INTC, AAPL, MSFT, TSLA, GOOGL, AMZN, AVGO, BE, GOOG, DELL, PLTR, LITE, MRVL, V, CVX, STX, QCOM, WBD, TXN, ILMN, JPM, ORCL, MRNA, WDC, LLY, JNJ, AMAT, XOM, LRCX, PANW, BRK.B, NFLX, CRWD, CSCO, CRM, MPC, MRK, VLO, P, GEV, AZO, MA, TMO, WMT, GS, HOOD, COST, AMGN, C, MCK, CAT, COHR, UNP, MCD, BKNG, EXPE, APP, HCA, ABT, BAC, TJX, PM, KLAC, UNH, ADI, DHR, GE, COIN, GILD, LIN, MS, DE, REGN, WFC, MDT, PSX, ABBV, IBM, ADP, EBAY, SCHW, ALL, HONA, NOW, MPWR, PGR, ABNB, HD, DASH, HON, KO, ADBE, WELL, ETN, COF, BMY, PCAR, TMUS, ACN, BA, COP, SMCI, PG, PEP, ORLY, BNY, FTNT, APH, NXPI, RTX, IQV, VZ, RCL, ANET, UBER, INTU, AXP, CVS, TER, CB, GLW, T, BLK, SYK, VRTX, AEP, NEM, NKE, NEE, STT, AON, ISRG, FANG, CDNS, TRV, HLT, ROP, MRSH, CMI, VEEV, SWKS, DXCM, MAR, DIS, ELV, WDAY, CL, DDOG, PH, HPE, HWM, SHW, PYPL, PFE, VTR, BSX, SO, ROST, CIEN, PNC, WRB, LOW, EQIX, PAYX, ACGL, MLM, VRT, DAL, LMT, CSX, GM, SNPS, RDDT, USB, DVN, AMT, CARR, AMP, CTSH, TT, TDG, IR, A, CAH, SLB, MMM, MDLZ, BKR, FIX, MCHP, VMRK, APD, ICE, BDX, TFC, ON, RSG, GD, CMCSA, JCI, TRGP, TGT, SBUX, MSI, COR, MTD, WMB, DUK, NTAP, URI, ADSK, ARES, CEG, PWR, FDX, CME, TPR, NOC, YUM, DHI, OKE, JBL, SPGI, TEL, D, CASY, NSC, APO, DLTR, HPQ, MCO, KMI, RMD, EQT, FOXA, CRH, SYY, OMC, EOG, HBAN, CNC, CTAS, UPS, HUM, DLR, EMR, AKAM, XEL, AFL, KEYS, TTWO, PTC, AJG, MO, KR, WEC, FCX, NVR, EME, PLD, ETR, GWW, MSCI, RVTY, LH, FICO, WM, VMC, BX, DRI, LYV, F, GDDY, HIG, ODFL, MNST, CHTR, NUE, FLEX, WAT, CI, CRL, OTIS, CTVA, CBRE, LHX, PCG, VRSN, TYL, DGX, KKR, WSM, BG, CF, RJF, EXE, FAST, ITW, EFX, KDP, ECHO, GRMN, BBY, AIG, LEN, ULTA, FITB, MET, EW, TSCO, WST, NI, ROK, PSA, ECL, FERG, AWK, HSY, EL, CHRW, UAL, STLD, PEG, NDAQ, IDXX, VST, CCL, FDXF, AME, WAB, RF, OXY, EXR, STZ, BIIB, EXPD, FFIV, KEY, SRE, ADM, DTE, KMB, ZBRA, CMS, LULU, CCI, CPRT, KVUE, SYF, DG, CDW, CBOE, XYL, GIS, PHM, SPG, EXC, GPN, JBHT, CFG, TECH, ROL, AXON, TKO, WTW, DOV, EG, CMG, GEN, VRSK, MTB, HAL, CNP, O, INCY, APTV, HST, RL, FSLR, VLTO, ZTS, DPZ, XYZ, DECK, NTRS, IBKR, ALLE, ALB, IT, BR, LVS, BRO, NRG, KHC, LUV, CVNA, BAX, ZBH, PPG, LYB, CSGP, JKHY, Q, FDS, APA, ES, MAS, SW, HUBB, HAS, PFG, LDOS, ATO, SJM, GEHC, FISV, CPAY, PRU, TDY, TSN, EIX, UHS, NWSA, PODD, ED, AVY, AEE, EVRG, IRM, LNT, COO, DOW, GNRC, TPL, CLX, PPL, LII, L, TROW, SNA, MKC, HII, SWK, J, GPC, STE, SBAC, PNR, BEN, TRMB, INVH, TXT, ESS, MAA, MOS, CINF, CHD, ALGN, FIS, IP, IFF, DVA, FE, AIZ, DD, UDR, VICI, IVZ, FRT, AMCR, BXP, MGM, PNW, IEX, NCLH, NDSN, AES, PKG, DOC, FTV, WYNN, WY, REG, BALL, VTRS
2026-09-24 19:14:11,353 | Restored daily risk state from previous run: day 2026-09-23, breaker tripped: False
2026-09-24 19:14:11,353 | Restored open-position context for 2 symbol(s) from previous run.
2026-09-24 19:14:11,353 | Running in --duration-minutes mode: cycling for 150 minutes, then exiting.
2026-09-24 19:14:11,610 | Daily loss circuit breaker: tracking from starting equity $99,331.58 (limit -3%).
2026-09-24 19:14:11,611 | Daily conviction-sizing pool reset: $25,000 available today.
2026-09-24 19:14:11,611 | SCANNER: refreshing watchlist...
2026-09-24 19:14:11,929 | SCANNER: no candidates survived the price/extension filters.
2026-09-24 19:14:11,929 | SCANNER: every candidate this cycle was a leveraged/inverse ETF.
2026-09-24 19:14:12,025 | S&P 500: refreshed constituent list (503 symbols).
2026-09-24 19:14:35,011 | S&P 500 liquidity backstop -> MU, META, NVDA, SNDK, AMD, INTC, TSLA, AAPL, GOOGL, MSFT, AMZN, AVGO, GOOG, PLTR, ORCL, DELL, MRVL, WBD, LITE, STX, MRNA, BE, LLY, WDC, V, AZO, LRCX, JPM, CRWD, AMAT, CRM, TMO, MA, VLO, CSCO, PANW, HOOD, TXN, GS, GEV, JNJ, BRK.B, QCOM, NFLX, XOM, WMT, COST, MCD, BAC, CAT, CVX, MPC, TJX, COHR, MRK, COIN, DHR, PM, C, EXPE, UNP, HD, BKNG, BA, MS, DASH, DE, MDT, ALL, UNH, APP, AMGN, SMCI, KLAC, LIN, ADI, ABNB, RCL, NOW, PGR, ABT, GE, WFC, SCHW, KO, TMUS, GILD, MPWR, IBM, ABBV, MCK, NXPI, NKE, PSX, UBER, COF, AXP, PEP, PG, ETN, HON, ACN, ADBE, CDNS, VZ, ILMN, INTU, SYK, PCAR, HPE, APH, T, HCA, SHW, PH, NEE, BNY, MLM, ADP, BMY, CMI, COP, AEP, HLT, DIS, GLW, ORLY, BLK, ANET, WELL, FANG, ISRG, VRTX, RTX, TER, P, CVS, DDOG, AON, VRT, BSX, AMT, HONA, REGN, CL, HWM, A, LOW, MRSH, TRV, EQIX, ACGL, ELV, CB, SNPS, AMP, IR, STT, FTNT, MCHP, TT, CSX, MAR, ICE, PNC, SBUX, GDDY, TDG, PFE, SPGI, CIEN, CMCSA, ON, MMM, URI, ROST, CTAS, PYPL, SO, MDLZ, USB, EBAY, PAYX, GM, LMT, HBAN, CRH, PWR, DVN, SLB, NOC, IQV, CASY, APD, NEM, FDX, UPS, RDDT, AJG, JCI, CEG, CAH, DUK, BKR, AKAM, YUM, MTD, DXCM, GD, WM, TFC, APO, CI, MSI, D, FCX, BX, GWW, SYY, FSLR, DHI, PCG, WEC, WAT, MO, CRL, DAL, VEEV, CME, TTWO, FAST, VMC, AME, CARR, EMR, RSG, RVTY, FITB, TGT, VTR, MCO, DRI, VMRK, WDAY, XEL, NSC, CHTR, COR, ROP, LYV, NTAP, CCL, WMB, FOXA, ADSK, SWKS, HUM, TRGP, FIX, EOG, CTVA, MSCI, EW, KR, KKR, EQT, UAL, PLD, TPR, VST, FERG, KEYS, F, NUE, GEN, MNST, TEL, AXON, HPQ, CTSH, CBRE, TSCO, BBY, DGX, ODFL, LH, NI, KEY, OKE, CMG, FICO, LEN, DLTR, CMS, PSA, CF, CFG, CHRW, ITW, ETR, EXE, LHX, OXY, JBL, O, DLR, WST, LULU, NDAQ, KMI, XYL, ROK, KMB, ARES, AIG, EXR, ECL, RJF, EFX, DTE, VRSN, ECHO, AWK, KVUE, CNC, KDP, CNP, EL, BDX, RF, GIS, SRE, TECH, WAB, RL, PSKY, BIIB, FLEX, MET, CVNA, OTIS, NVR, CCI, WSM, PEG, EXC, RMD, ULTA, ROL, EME, EXPD, IDXX, IBKR, XYZ, AFL, HIG, DOV, CBOE, FFIV, COO, NRG, BAX, TDY, CPRT, CDW, GRMN, HAL, PTC, JBHT, TYL, KHC, DPZ, HUBB, ZBRA, OMC, MGM, HSY, ED, SYF, ALB, FISV, DG, DECK, GPN, TKO, SPG, ZTS, ZBH, CPAY, STZ, WRB, APA, MTB, BG, SW, LUV, STLD, DOW, PHM, AEE, LNT, INCY, VRSK, GEHC, FDXF, PPG, HST, ATO, LYB, VLTO, IRM, HAS, ADM, PPL, BRO, CLX, GNRC, PRU, EVRG, ESS, FDS, ALLE, ES, NTRS, NWSA, MAA, TSN, PFG, UHS, LVS, NCLH, FIS, PODD, MAS, ALGN, MOS, SBAC, TROW, JKHY, LII, BEN, IP, IT, IVZ, EIX, FE, TPL, CHD, AIZ, UDR, Q, SJM, LDOS, INVH, BR, L, CSGP, TXT, VICI, WTW, APTV, IFF, AES, WY, WYNN, PNR, AMCR, STE, IEX, DOC, EG, HII, SWK, FRT, MKC, BALL, CPT, PNW, PKG, DD, J, REG, DVA, TRMB, AVY, VTRS, GPC, NDSN, KIM, HSIC
2026-09-24 19:14:35,014 | SCANNER: new watchlist -> MU, META, NVDA, SNDK, AMD, INTC, TSLA, AAPL, GOOGL, MSFT, AMZN, AVGO, GOOG, PLTR, ORCL, DELL, MRVL, WBD, LITE, STX, MRNA, BE, LLY, WDC, V, AZO, LRCX, JPM, CRWD, AMAT, CRM, TMO, MA, VLO, CSCO, PANW, HOOD, TXN, GS, GEV, JNJ, BRK.B, QCOM, NFLX, XOM, WMT, COST, MCD, BAC, CAT, CVX, MPC, TJX, COHR, MRK, COIN, DHR, PM, C, EXPE, UNP, HD, BKNG, BA, MS, DASH, DE, MDT, ALL, UNH, APP, AMGN, SMCI, KLAC, LIN, ADI, ABNB, RCL, NOW, PGR, ABT, GE, WFC, SCHW, KO, TMUS, GILD, MPWR, IBM, ABBV, MCK, NXPI, NKE, PSX, UBER, COF, AXP, PEP, PG, ETN, HON, ACN, ADBE, CDNS, VZ, ILMN, INTU, SYK, PCAR, HPE, APH, T, HCA, SHW, PH, NEE, BNY, MLM, ADP, BMY, CMI, COP, AEP, HLT, DIS, GLW, ORLY, BLK, ANET, WELL, FANG, ISRG, VRTX, RTX, TER, P, CVS, DDOG, AON, VRT, BSX, AMT, HONA, REGN, CL, HWM, A, LOW, MRSH, TRV, EQIX, ACGL, ELV, CB, SNPS, AMP, IR, STT, FTNT, MCHP, TT, CSX, MAR, ICE, PNC, SBUX, GDDY, TDG, PFE, SPGI, CIEN, CMCSA, ON, MMM, URI, ROST, CTAS, PYPL, SO, MDLZ, USB, EBAY, PAYX, GM, LMT, HBAN, CRH, PWR, DVN, SLB, NOC, IQV, CASY, APD, NEM, FDX, UPS, RDDT, AJG, JCI, CEG, CAH, DUK, BKR, AKAM, YUM, MTD, DXCM, GD, WM, TFC, APO, CI, MSI, D, FCX, BX, GWW, SYY, FSLR, DHI, PCG, WEC, WAT, MO, CRL, DAL, VEEV, CME, TTWO, FAST, VMC, AME, CARR, EMR, RSG, RVTY, FITB, TGT, VTR, MCO, DRI, VMRK, WDAY, XEL, NSC, CHTR, COR, ROP, LYV, NTAP, CCL, WMB, FOXA, ADSK, SWKS, HUM, TRGP, FIX, EOG, CTVA, MSCI, EW, KR, KKR, EQT, UAL, PLD, TPR, VST, FERG, KEYS, F, NUE, GEN, MNST, TEL, AXON, HPQ, CTSH, CBRE, TSCO, BBY, DGX, ODFL, LH, NI, KEY, OKE, CMG, FICO, LEN, DLTR, CMS, PSA, CF, CFG, CHRW, ITW, ETR, EXE, LHX, OXY, JBL, O, DLR, WST, LULU, NDAQ, KMI, XYL, ROK, KMB, ARES, AIG, EXR, ECL, RJF, EFX, DTE, VRSN, ECHO, AWK, KVUE, CNC, KDP, CNP, EL, BDX, RF, GIS, SRE, TECH, WAB, RL, PSKY, BIIB, FLEX, MET, CVNA, OTIS, NVR, CCI, WSM, PEG, EXC, RMD, ULTA, ROL, EME, EXPD, IDXX, IBKR, XYZ, AFL, HIG, DOV, CBOE, FFIV, COO, NRG, BAX, TDY, CPRT, CDW, GRMN, HAL, PTC, JBHT, TYL, KHC, DPZ, HUBB, ZBRA, OMC, MGM, HSY, ED, SYF, ALB, FISV, DG, DECK, GPN, TKO, SPG, ZTS, ZBH, CPAY, STZ, WRB, APA, MTB, BG, SW, LUV, STLD, DOW, PHM, AEE, LNT, INCY, VRSK, GEHC, FDXF, PPG, HST, ATO, LYB, VLTO, IRM, HAS, ADM, PPL, BRO, CLX, GNRC, PRU, EVRG, ESS, FDS, ALLE, ES, NTRS, NWSA, MAA, TSN, PFG, UHS, LVS, NCLH, FIS, PODD, MAS, ALGN, MOS, SBAC, TROW, JKHY, LII, BEN, IP, IT, IVZ, EIX, FE, TPL, CHD, AIZ, UDR, Q, SJM, LDOS, INVH, BR, L, CSGP, TXT, VICI, WTW, APTV, IFF, AES, WY, WYNN, PNR, AMCR, STE, IEX, DOC, EG, HII, SWK, FRT, MKC, BALL, CPT, PNW, PKG, DD, J, REG, DVA, TRMB, AVY, VTRS, GPC, NDSN, KIM, HSIC
2026-09-24 19:14:35,070 | Market is open (closes 2026-09-24 22:00:00 CEST your local time). Checking 490 symbols: A, AAPL, ABBV, ABNB, ABT, ACGL, ACN, ADBE, ADI, ADM, ADP, ADSK, AEE, AEP, AES, AFL, AIG, AIZ, AJG, AKAM, ALB, ALGN, ALL, ALLE, AMAT, AMCR, AMD, AME, AMGN, AMP, AMT, AMZN, ANET, AON, APA, APD, APH, APO, APP, APTV, ARES, ATO, AVGO, AVY, AWK, AXON, AXP, AZO, BA, BAC, BALL, BAX, BBY, BDX, BE, BEN, BG, BIIB, BKNG, BKR, BLK, BMY, BNY, BR, BRK.B, BRO, BSX, BX, C, CAH, CARR, CASY, CAT, CB, CBOE, CBRE, CCI, CCL, CDNS, CDW, CEG, CF, CFG, CHD, CHRW, CHTR, CI, CIEN, CL, CLX, CMCSA, CME, CMG, CMI, CMS, CNC, CNP, COF, COHR, COIN, COO, COP, COR, COST, CPAY, CPRT, CPT, CRH, CRL, CRM, CRWD, CSCO, CSGP, CSX, CTAS, CTSH, CTVA, CVNA, CVS, CVX, D, DAL, DASH, DD, DDOG, DE, DECK, DELL, DG, DGX, DHI, DHR, DIS, DLR, DLTR, DOC, DOV, DOW, DPZ, DRI, DTE, DUK, DVA, DVN, DXCM, EBAY, ECHO, ECL, ED, EFX, EG, EIX, EL, ELV, EME, EMR, EOG, EQIX, EQT, ES, ESS, ETN, ETR, EVRG, EW, EXC, EXE, EXPD, EXPE, EXR, F, FANG, FAST, FCX, FDS, FDX, FDXF, FE, FERG, FFIV, FICO, FIS, FISV, FITB, FIX, FLEX, FOXA, FRT, FSLR, FTNT, GD, GDDY, GE, GEHC, GEN, GEV, GILD, GIS, GLW, GM, GNRC, GOOG, GOOGL, GPC, GPN, GRMN, GS, GWW, HAL, HAS, HBAN, HCA, HD, HIG, HII, HLT, HON, HONA, HOOD, HPE, HPQ, HSIC, HST, HSY, HUBB, HUM, HWM, IBKR, IBM, ICE, IDXX, IEX, IFF, ILMN, INCY, INTC, INTU, INVH, IP, IQV, IR, IRM, ISRG, IT, ITW, IVZ, J, JBHT, JBL, JCI, JKHY, JNJ, JPM, KDP, KEY, KEYS, KHC, KIM, KKR, KLAC, KMB, KMI, KO, KR, KVUE, L, LDOS, LEN, LH, LHX, LII, LIN, LITE, LLY, LMT, LNT, LOW, LRCX, LULU, LUV, LVS, LYB, LYV, MA, MAA, MAR, MAS, MCD, MCHP, MCK, MCO, MDLZ, MDT, MET, META, MGM, MKC, MLM, MMM, MNST, MO, MOS, MPC, MPWR, MRK, MRNA, MRSH, MRVL, MS, MSCI, MSFT, MSI, MTB, MTD, MU, NCLH, NDAQ, NDSN, NEE, NEM, NFLX, NI, NKE, NOC, NOW, NRG, NSC, NTAP, NTRS, NUE, NVDA, NVR, NWSA, NXPI, O, ODFL, OKE, OMC, ON, ORCL, ORLY, OTIS, OXY, P, PANW, PAYX, PCAR, PCG, PEG, PEP, PFE, PFG, PG, PGR, PH, PHM, PKG, PLD, PLTR, PM, PNC, PNR, PNW, PODD, PPG, PPL, PRU, PSA, PSKY, PSX, PTC, PWR, PYPL, Q, QCOM, RCL, RDDT, REG, REGN, RF, RJF, RL, RMD, ROK, ROL, ROP, ROST, RSG, RTX, RVTY, SBAC, SBUX, SCHW, SHW, SJM, SLB, SMCI, SNDK, SNPS, SO, SPG, SPGI, SRE, STE, STLD, STT, STX, STZ, SW, SWK, SWKS, SYF, SYK, SYY, T, TDG, TDY, TECH, TEL, TER, TFC, TGT, TJX, TKO, TMO, TMUS, TPL, TPR, TRGP, TRMB, TROW, TRV, TSCO, TSLA, TSN, TT, TTWO, TXN, TXT, TYL, UAL, UBER, UDR, UHS, ULTA, UNH, UNP, UPS, URI, USB, V, VEEV, VICI, VLO, VLTO, VMC, VMRK, VRSK, VRSN, VRT, VRTX, VST, VTR, VTRS, VZ, WAB, WAT, WBD, WDAY, WDC, WEC, WELL, WFC, WM, WMB, WMT, WRB, WSM, WST, WTW, WY, WYNN, XEL, XOM, XYL, XYZ, YUM, ZBH, ZBRA, ZTS (within 90 min of close -- not enough runway left today for a new position)
2026-09-24 19:15:20,576 | [A] trending (ADX 44.7) -> trend-following strategy | Signal: HOLD | Shares held: 0.0 | Last price: $173.29
2026-09-24 19:15:20,576 | [A] ACTION: No trade.
2026-09-24 19:15:20,597 | [AAPL] choppy/sideways (ADX 16.1) -> mean-reversion strategy | Signal: HOLD | Shares held: 0.0 | Last price: $337.28
2026-09-24 19:15:20,597 | [AAPL] ACTION: No trade.
2026-09-24 19:15:20,618 | [ABBV] choppy/sideways (ADX 15.2) -> mean-reversion strategy | Signal: HOLD | Shares held: 0.0 | Last price: $265.46
2026-09-24 19:15:20,618 | [ABBV] ACTION: No trade.
2026-09-24 19:15:20,695 | [ABNB] choppy/sideways (ADX 15.5) -> mean-reversion strategy | Signal: HOLD | Shares held: 0.0 | Last price: $150.18
2026-09-24 19:15:20,695 | [ABNB] ACTION: No trade.
2026-09-24 19:15:20,716 | [ABT] trending (ADX 25.9) -> trend-following strategy | Signal: HOLD | Shares held: 0.0 | Last price: $101.55
2026-09-24 19:15:20,716 | [ABT] ACTION: No trade.
2026-09-24 19:15:20,791 | [ACGL] choppy/sideways (ADX 12.6) -> mean-reversion strategy | Signal: HOLD | Shares held: 0.0 | Last price: $95.63
2026-09-24 19:15:20,791 | [ACGL] ACTION: No trade.
2026-09-24 19:15:20,866 | [ACN] trending (ADX 49.8) -> trend-following strategy | Signal: HOLD | Shares held: 0.0 | Last price: $178.79
2026-09-24 19:15:20,866 | [ACN] ACTION: No trade.
2026-09-24 19:15:20,886 | [ADBE] choppy/sideways (ADX 15.1) -> mean-reversion strategy | Signal: HOLD | Shares held: 0.0 | Last price: $237.52
2026-09-24 19:15:20,886 | [ADBE] ACTION: No trade.
2026-09-24 19:15:20,960 | [ADI] choppy/sideways (ADX 15.1) -> mean-reversion strategy | Signal: HOLD | Shares held: 0.0 | Last price: $383.05
2026-09-24 19:15:20,961 | [ADI] ACTION: No trade.
2026-09-24 19:15:21,035 | [ADM] choppy/sideways (ADX 20.0) -> mean-reversion strategy | Signal: HOLD | Shares held: 0.0 | Last price: $81.72
2026-09-24 19:15:21,035 | [ADM] ACTION: No trade.
2026-09-24 19:15:21,111 | [ADP] choppy/sideways (ADX 12.8) -> mean-reversion strategy | Signal: HOLD | Shares held: 0.0 | Last price: $263.06
2026-09-24 19:15:21,112 | [ADP] ACTION: No trade.
2026-09-24 19:15:21,189 | [ADSK] trending (ADX 40.2) -> trend-following strategy | Signal: HOLD | Shares held: 0.0 | Last price: $212.32
2026-09-24 19:15:21,189 | [ADSK] ACTION: No trade.
2026-09-24 19:15:21,267 | [AEE] choppy/sideways (ADX 20.5) -> mean-reversion strategy | Signal: HOLD | Shares held: 0.0 | Last price: $99.61
2026-09-24 19:15:21,267 | [AEE] ACTION: No trade.
2026-09-24 19:15:21,343 | [AEP] trending (ADX 27.7) -> trend-following strategy | Signal: HOLD | Shares held: 0.0 | Last price: $117.79
2026-09-24 19:15:21,343 | [AEP] ACTION: No trade.
2026-09-24 19:15:21,419 | [AES] choppy/sideways (ADX 21.7) -> mean-reversion strategy | Signal: HOLD | Shares held: 0.0 | Last price: $14.87
2026-09-24 19:15:21,419 | [AES] ACTION: No trade.
2026-09-24 19:15:21,497 | [AFL] choppy/sideways (ADX 12.9) -> mean-reversion strategy | Signal: HOLD | Shares held: 0.0 | Last price: $114.72
2026-09-24 19:15:21,497 | [AFL] ACTION: No trade.
2026-09-24 19:15:21,573 | [AIG] choppy/sideways (ADX 7.5) -> mean-reversion strategy | Signal: HOLD | Shares held: 0.0 | Last price: $75.15
2026-09-24 19:15:21,573 | [AIG] ACTION: No trade.
2026-09-24 19:15:21,650 | [AIZ] trending (ADX 49.9) -> trend-following strategy | Signal: HOLD | Shares held: 0.0 | Last price: $262.03
2026-09-24 19:15:21,650 | [AIZ] ACTION: No trade.
2026-09-24 19:15:21,726 | [AJG] choppy/sideways (ADX 12.3) -> mean-reversion strategy | Signal: HOLD | Shares held: 0.0 | Last price: $227.54
2026-09-24 19:15:21,726 | [AJG] ACTION: No trade.
2026-09-24 19:15:21,801 | [AKAM] choppy/sideways (ADX 23.6) -> mean-reversion strategy | Signal: HOLD | Shares held: 0.0 | Last price: $113.00
2026-09-24 19:15:21,801 | [AKAM] ACTION: No trade.
2026-09-24 19:15:21,877 | [ALB] trending (ADX 43.5) -> trend-following strategy | Signal: HOLD | Shares held: 0.0 | Last price: $108.93
2026-09-24 19:15:21,877 | [ALB] ACTION: No trade.
2026-09-24 19:15:21,953 | [ALGN] choppy/sideways (ADX 15.1) -> mean-reversion strategy | Signal: HOLD | Shares held: 0.0 | Last price: $146.18
2026-09-24 19:15:21,953 | [ALGN] ACTION: No trade.
2026-09-24 19:15:22,029 | [ALL] choppy/sideways (ADX 12.8) -> mean-reversion strategy | Signal: HOLD | Shares held: 0.0 | Last price: $227.76
2026-09-24 19:15:22,029 | [ALL] ACTION: No trade.
2026-09-24 19:15:22,152 | [ALLE] choppy/sideways (ADX 21.2) -> mean-reversion strategy | Signal: HOLD | Shares held: 0.0 | Last price: $152.56
2026-09-24 19:15:22,152 | [ALLE] ACTION: No trade.
2026-09-24 19:15:22,173 | [AMAT] choppy/sideways (ADX 17.8) -> mean-reversion strategy | Signal: HOLD | Shares held: 0.0 | Last price: $472.18
2026-09-24 19:15:22,173 | [AMAT] ACTION: No trade.
2026-09-24 19:15:22,249 | [AMCR] trending (ADX 33.2) -> trend-following strategy | Signal: HOLD | Shares held: 0.0 | Last price: $41.84
2026-09-24 19:15:22,249 | [AMCR] ACTION: No trade.
2026-09-24 19:15:22,269 | [AMD] choppy/sideways (ADX 22.6) -> mean-reversion strategy | Signal: HOLD | Shares held: 0.0 | Last price: $628.09
2026-09-24 19:15:22,269 | [AMD] ACTION: No trade.
2026-09-24 19:15:22,350 | [AME] choppy/sideways (ADX 16.6) -> mean-reversion strategy | Signal: HOLD | Shares held: 0.0 | Last price: $247.51
2026-09-24 19:15:22,350 | [AME] ACTION: No trade.
2026-09-24 19:15:22,425 | [AMGN] choppy/sideways (ADX 16.3) -> mean-reversion strategy | Signal: HOLD | Shares held: 0.0 | Last price: $407.30
2026-09-24 19:15:22,425 | [AMGN] ACTION: No trade.
2026-09-24 19:15:22,507 | [AMP] trending (ADX 38.4) -> trend-following strategy | Signal: HOLD | Shares held: 0.0 | Last price: $482.31
2026-09-24 19:15:22,507 | [AMP] ACTION: No trade.
2026-09-24 19:15:22,582 | [AMT] trending (ADX 35.3) -> trend-following strategy | Signal: HOLD | Shares held: 0.0 | Last price: $168.22
2026-09-24 19:15:22,582 | [AMT] ACTION: No trade.
2026-09-24 19:15:22,602 | [AMZN] trending (ADX 25.5) -> trend-following strategy | Signal: HOLD | Shares held: 0.0 | Last price: $250.11
2026-09-24 19:15:22,602 | [AMZN] ACTION: No trade.
2026-09-24 19:15:22,677 | [ANET] choppy/sideways (ADX 15.0) -> mean-reversion strategy | Signal: HOLD | Shares held: 0.0 | Last price: $205.78
2026-09-24 19:15:22,677 | [ANET] ACTION: No trade.
2026-09-24 19:15:22,776 | [AON] trending (ADX 60.8) -> trend-following strategy | Signal: HOLD | Shares held: 0.0 | Last price: $276.85
2026-09-24 19:15:22,776 | [AON] ACTION: No trade.
2026-09-24 19:15:22,852 | [APA] choppy/sideways (ADX 19.7) -> mean-reversion strategy | Signal: HOLD | Shares held: 0.0 | Last price: $43.90
2026-09-24 19:15:22,852 | [APA] ACTION: No trade.
2026-09-24 19:15:22,927 | [APD] choppy/sideways (ADX 10.5) -> mean-reversion strategy | Signal: HOLD | Shares held: 0.0 | Last price: $285.50
2026-09-24 19:15:22,927 | [APD] ACTION: No trade.
2026-09-24 19:15:23,005 | [APH] choppy/sideways (ADX 21.4) -> mean-reversion strategy | Signal: HOLD | Shares held: 0.0 | Last price: $83.00
2026-09-24 19:15:23,005 | [APH] ACTION: No trade.
2026-09-24 19:15:23,081 | [APO] trending (ADX 36.5) -> trend-following strategy | Signal: HOLD | Shares held: 0.0 | Last price: $119.81
2026-09-24 19:15:23,081 | [APO] ACTION: No trade.
2026-09-24 19:15:23,160 | [APP] choppy/sideways (ADX 18.1) -> mean-reversion strategy | Signal: HOLD | Shares held: 0.0 | Last price: $311.12
2026-09-24 19:15:23,160 | [APP] ACTION: No trade.
2026-09-24 19:15:23,236 | [APTV] trending (ADX 25.7) -> trend-following strategy | Signal: HOLD | Shares held: 0.0 | Last price: $43.75
2026-09-24 19:15:23,236 | [APTV] ACTION: No trade.
2026-09-24 19:15:23,312 | [ARES] choppy/sideways (ADX 23.2) -> mean-reversion strategy | Signal: HOLD | Shares held: 0.0 | Last price: $119.69
2026-09-24 19:15:23,312 | [ARES] ACTION: No trade.
2026-09-24 19:15:23,388 | [ATO] choppy/sideways (ADX 16.5) -> mean-reversion strategy | Signal: HOLD | Shares held: 0.0 | Last price: $156.34
2026-09-24 19:15:23,388 | [ATO] ACTION: No trade.
2026-09-24 19:15:23,408 | [AVGO] trending (ADX 34.5) -> trend-following strategy | Signal: HOLD | Shares held: 0.0 | Last price: $350.23
2026-09-24 19:15:23,409 | [AVGO] ACTION: No trade.
2026-09-24 19:15:23,484 | [AVY] trending (ADX 30.1) -> trend-following strategy | Signal: HOLD | Shares held: 0.0 | Last price: $168.70
2026-09-24 19:15:23,484 | [AVY] ACTION: No trade.
2026-09-24 19:15:23,560 | [AWK] choppy/sideways (ADX 19.4) -> mean-reversion strategy | Signal: HOLD | Shares held: 0.0 | Last price: $131.82
2026-09-24 19:15:23,560 | [AWK] ACTION: No trade.
2026-09-24 19:15:23,636 | [AXON] trending (ADX 26.2) -> trend-following strategy | Signal: HOLD | Shares held: 0.0 | Last price: $447.95
2026-09-24 19:15:23,636 | [AXON] ACTION: No trade.
2026-09-24 19:15:23,657 | [AXP] trending (ADX 27.2) -> trend-following strategy | Signal: HOLD | Shares held: 0.0 | Last price: $304.35
2026-09-24 19:15:23,657 | [AXP] ACTION: No trade.
2026-09-24 19:15:23,736 | [AZO] choppy/sideways (ADX 9.7) -> mean-reversion strategy | Signal: HOLD | Shares held: 0.0 | Last price: $2847.90
2026-09-24 19:15:23,736 | [AZO] ACTION: No trade.
2026-09-24 19:15:23,757 | [BA] choppy/sideways (ADX 23.8) -> mean-reversion strategy | Signal: HOLD | Shares held: 0.0 | Last price: $196.84
2026-09-24 19:15:23,757 | [BA] ACTION: No trade.
2026-09-24 19:15:23,777 | [BAC] choppy/sideways (ADX 14.9) -> mean-reversion strategy | Signal: HOLD | Shares held: 0.0 | Last price: $56.08
2026-09-24 19:15:23,777 | [BAC] ACTION: No trade.
2026-09-24 19:15:23,858 | [BALL] trending (ADX 43.2) -> trend-following strategy | Signal: HOLD | Shares held: 0.0 | Last price: $56.78
2026-09-24 19:15:23,858 | [BALL] ACTION: No trade.
2026-09-24 19:15:23,934 | [BAX] choppy/sideways (ADX 17.3) -> mean-reversion strategy | Signal: HOLD | Shares held: 0.0 | Last price: $23.55
2026-09-24 19:15:23,934 | [BAX] ACTION: No trade.
2026-09-24 19:15:24,011 | [BBY] choppy/sideways (ADX 18.5) -> mean-reversion strategy | Signal: HOLD | Shares held: 0.0 | Last price: $91.46
2026-09-24 19:15:24,011 | [BBY] ACTION: No trade.
2026-09-24 19:15:24,087 | [BDX] choppy/sideways (ADX 20.0) -> mean-reversion strategy | Signal: HOLD | Shares held: 0.0 | Last price: $179.91
2026-09-24 19:15:24,088 | [BDX] ACTION: No trade.
2026-09-24 19:15:24,166 | [BE] choppy/sideways (ADX 24.0) -> mean-reversion strategy | Signal: HOLD | Shares held: 0.0 | Last price: $268.70
2026-09-24 19:15:24,166 | [BE] ACTION: No trade.
2026-09-24 19:15:24,247 | [BEN] choppy/sideways (ADX 21.3) -> mean-reversion strategy | Signal: HOLD | Shares held: 0.0 | Last price: $32.49
2026-09-24 19:15:24,247 | [BEN] ACTION: No trade.
2026-09-24 19:15:24,325 | [BG] choppy/sideways (ADX 21.2) -> mean-reversion strategy | Signal: HOLD | Shares held: 0.0 | Last price: $110.14
2026-09-24 19:15:24,325 | [BG] ACTION: No trade.
2026-09-24 19:15:24,401 | [BIIB] choppy/sideways (ADX 13.4) -> mean-reversion strategy | Signal: HOLD | Shares held: 0.0 | Last price: $228.07
2026-09-24 19:15:24,401 | [BIIB] ACTION: No trade.
2026-09-24 19:15:24,421 | [BKNG] choppy/sideways (ADX 11.3) -> mean-reversion strategy | Signal: HOLD | Shares held: 0.0 | Last price: $157.29
2026-09-24 19:15:24,421 | [BKNG] ACTION: No trade.
2026-09-24 19:15:24,497 | [BKR] choppy/sideways (ADX 15.0) -> mean-reversion strategy | Signal: HOLD | Shares held: 0.0 | Last price: $57.39
2026-09-24 19:15:24,497 | [BKR] ACTION: No trade.
2026-09-24 19:15:24,572 | [BLK] choppy/sideways (ADX 20.2) -> mean-reversion strategy | Signal: HOLD | Shares held: 0.0 | Last price: $1067.79
2026-09-24 19:15:24,572 | [BLK] ACTION: No trade.
2026-09-24 19:15:24,648 | [BMY] choppy/sideways (ADX 22.3) -> mean-reversion strategy | Signal: HOLD | Shares held: 0.0 | Last price: $60.66
2026-09-24 19:15:24,648 | [BMY] ACTION: No trade.
2026-09-24 19:15:24,727 | [BNY] choppy/sideways (ADX 11.0) -> mean-reversion strategy | Signal: HOLD | Shares held: 0.0 | Last price: $149.84
2026-09-24 19:15:24,727 | [BNY] ACTION: No trade.
2026-09-24 19:15:24,874 | [BR] choppy/sideways (ADX 12.5) -> mean-reversion strategy | Signal: HOLD | Shares held: 0.0 | Last price: $162.53
2026-09-24 19:15:24,874 | [BR] ACTION: No trade.
2026-09-24 19:15:24,950 | [BRK.B] choppy/sideways (ADX 15.9) -> mean-reversion strategy | Signal: HOLD | Shares held: 0.0 | Last price: $506.68
2026-09-24 19:15:24,950 | [BRK.B] ACTION: No trade.
2026-09-24 19:15:25,026 | [BRO] trending (ADX 26.1) -> trend-following strategy | Signal: HOLD | Shares held: 0.0 | Last price: $60.66
2026-09-24 19:15:25,026 | [BRO] ACTION: No trade.
2026-09-24 19:15:25,102 | [BSX] choppy/sideways (ADX 14.5) -> mean-reversion strategy | Signal: HOLD | Shares held: 0.0 | Last price: $44.83
2026-09-24 19:15:25,102 | [BSX] ACTION: No trade.
2026-09-24 19:15:25,178 | [BX] trending (ADX 32.1) -> trend-following strategy | Signal: HOLD | Shares held: 0.0 | Last price: $117.24
2026-09-24 19:15:25,178 | [BX] ACTION: No trade.
2026-09-24 19:15:25,198 | [C] choppy/sideways (ADX 16.5) -> mean-reversion strategy | Signal: HOLD | Shares held: 0.0 | Last price: $132.50
2026-09-24 19:15:25,198 | [C] ACTION: No trade.
2026-09-24 19:15:25,276 | [CAH] choppy/sideways (ADX 19.2) -> mean-reversion strategy | Signal: HOLD | Shares held: 0.0 | Last price: $223.56
2026-09-24 19:15:25,276 | [CAH] ACTION: No trade.
2026-09-24 19:15:25,352 | [CARR] choppy/sideways (ADX 18.6) -> mean-reversion strategy | Signal: HOLD | Shares held: 0.0 | Last price: $54.60
2026-09-24 19:15:25,352 | [CARR] ACTION: No trade.
2026-09-24 19:15:25,427 | [CASY] choppy/sideways (ADX 17.8) -> mean-reversion strategy | Signal: HOLD | Shares held: 0.0 | Last price: $599.90
2026-09-24 19:15:25,427 | [CASY] ACTION: No trade.
2026-09-24 19:15:25,447 | [CAT] choppy/sideways (ADX 13.5) -> mean-reversion strategy | Signal: HOLD | Shares held: 0.0 | Last price: $803.68
2026-09-24 19:15:25,447 | [CAT] ACTION: No trade.
2026-09-24 19:15:25,523 | [CB] choppy/sideways (ADX 15.5) -> mean-reversion strategy | Signal: HOLD | Shares held: 0.0 | Last price: $336.03
2026-09-24 19:15:25,523 | [CB] ACTION: No trade.
2026-09-24 19:15:25,599 | [CBOE] trending (ADX 26.6) -> trend-following strategy | Signal: HOLD | Shares held: 0.0 | Last price: $267.54
2026-09-24 19:15:25,599 | [CBOE] ACTION: No trade.
2026-09-24 19:15:25,674 | [CBRE] choppy/sideways (ADX 23.9) -> mean-reversion strategy | Signal: HOLD | Shares held: 0.0 | Last price: $137.67
2026-09-24 19:15:25,674 | [CBRE] ACTION: No trade.
2026-09-24 19:15:25,753 | [CCI] trending (ADX 44.6) -> trend-following strategy | Signal: HOLD | Shares held: 0.0 | Last price: $68.17
2026-09-24 19:15:25,753 | [CCI] ACTION: No trade.
2026-09-24 19:15:25,828 | [CCL] choppy/sideways (ADX 18.3) -> mean-reversion strategy | Signal: HOLD | Shares held: 0.0 | Last price: $21.84
2026-09-24 19:15:25,828 | [CCL] ACTION: No trade.
2026-09-24 19:15:25,905 | [CDNS] trending (ADX 31.7) -> trend-following strategy | Signal: HOLD | Shares held: 0.0 | Last price: $319.88
2026-09-24 19:15:25,905 | [CDNS] ACTION: No trade.
2026-09-24 19:15:25,985 | [CDW] trending (ADX 32.7) -> trend-following strategy | Signal: HOLD | Shares held: 0.0 | Last price: $141.92
2026-09-24 19:15:25,985 | [CDW] ACTION: No trade.
2026-09-24 19:15:26,064 | [CEG] choppy/sideways (ADX 21.4) -> mean-reversion strategy | Signal: HOLD | Shares held: 0.0 | Last price: $261.60
2026-09-24 19:15:26,064 | [CEG] ACTION: No trade.
2026-09-24 19:15:26,140 | [CF] choppy/sideways (ADX 20.4) -> mean-reversion strategy | Signal: HOLD | Shares held: 0.0 | Last price: $118.68
2026-09-24 19:15:26,140 | [CF] ACTION: No trade.
2026-09-24 19:15:26,216 | [CFG] choppy/sideways (ADX 25.0) -> mean-reversion strategy | Signal: HOLD | Shares held: 0.0 | Last price: $64.50
2026-09-24 19:15:26,216 | [CFG] ACTION: No trade.
2026-09-24 19:15:26,292 | [CHD] choppy/sideways (ADX 13.0) -> mean-reversion strategy | Signal: HOLD | Shares held: 0.0 | Last price: $95.93
2026-09-24 19:15:26,292 | [CHD] ACTION: No trade.
2026-09-24 19:15:26,370 | [CHRW] trending (ADX 28.7) -> trend-following strategy | Signal: HOLD | Shares held: 0.0 | Last price: $146.34
2026-09-24 19:15:26,370 | [CHRW] ACTION: No trade.
2026-09-24 19:15:26,450 | [CHTR] choppy/sideways (ADX 18.4) -> mean-reversion strategy | Signal: HOLD | Shares held: 0.0 | Last price: $116.98
2026-09-24 19:15:26,450 | [CHTR] ACTION: No trade.
2026-09-24 19:15:26,527 | [CI] trending (ADX 37.8) -> trend-following strategy | Signal: HOLD | Shares held: 0.0 | Last price: $265.60
2026-09-24 19:15:26,527 | [CI] ACTION: No trade.
2026-09-24 19:15:26,603 | [CIEN] choppy/sideways (ADX 12.7) -> mean-reversion strategy | Signal: HOLD | Shares held: 0.0 | Last price: $359.87
2026-09-24 19:15:26,603 | [CIEN] ACTION: No trade.
2026-09-24 19:15:26,682 | [CL] choppy/sideways (ADX 20.7) -> mean-reversion strategy | Signal: HOLD | Shares held: 0.0 | Last price: $85.55
2026-09-24 19:15:26,682 | [CL] ACTION: No trade.
2026-09-24 19:15:26,759 | [CLX] trending (ADX 49.7) -> trend-following strategy | Signal: HOLD | Shares held: 0.0 | Last price: $82.04
2026-09-24 19:15:26,759 | [CLX] ACTION: No trade.
2026-09-24 19:15:26,838 | [CMCSA] choppy/sideways (ADX 24.5) -> mean-reversion strategy | Signal: HOLD | Shares held: 0.0 | Last price: $22.18
2026-09-24 19:15:26,838 | [CMCSA] ACTION: No trade.
2026-09-24 19:15:26,913 | [CME] trending (ADX 33.4) -> trend-following strategy | Signal: HOLD | Shares held: 0.0 | Last price: $268.69
2026-09-24 19:15:26,913 | [CME] ACTION: No trade.
2026-09-24 19:15:26,989 | [CMG] trending (ADX 27.8) -> trend-following strategy | Signal: HOLD | Shares held: 0.0 | Last price: $31.76
2026-09-24 19:15:26,989 | [CMG] ACTION: No trade.
2026-09-24 19:15:27,064 | [CMI] choppy/sideways (ADX 16.7) -> mean-reversion strategy | Signal: HOLD | Shares held: 0.0 | Last price: $518.39
2026-09-24 19:15:27,064 | [CMI] ACTION: No trade.
2026-09-24 19:15:27,140 | [CMS] choppy/sideways (ADX 19.1) -> mean-reversion strategy | Signal: HOLD | Shares held: 0.0 | Last price: $62.99
2026-09-24 19:15:27,140 | [CMS] ACTION: No trade.
2026-09-24 19:15:27,219 | [CNC] trending (ADX 26.3) -> trend-following strategy | Signal: HOLD | Shares held: 0.0 | Last price: $62.10
2026-09-24 19:15:27,219 | [CNC] ACTION: No trade.
2026-09-24 19:15:27,297 | [CNP] trending (ADX 61.3) -> trend-following strategy | Signal: HOLD | Shares held: 0.0 | Last price: $36.91
2026-09-24 19:15:27,297 | [CNP] ACTION: No trade.
2026-09-24 19:15:27,378 | [COF] choppy/sideways (ADX 21.3) -> mean-reversion strategy | Signal: HOLD | Shares held: 0.0 | Last price: $195.90
2026-09-24 19:15:27,378 | [COF] ACTION: No trade.
2026-09-24 19:15:27,456 | [COHR] trending (ADX 26.3) -> trend-following strategy | Signal: HOLD | Shares held: 0.0 | Last price: $295.08
2026-09-24 19:15:27,456 | [COHR] ACTION: No trade.
2026-09-24 19:15:27,476 | [COIN] choppy/sideways (ADX 22.4) -> mean-reversion strategy | Signal: HOLD | Shares held: 0.0 | Last price: $198.77
2026-09-24 19:15:27,476 | [COIN] ACTION: No trade.
2026-09-24 19:15:27,555 | [COO] choppy/sideways (ADX 14.7) -> mean-reversion strategy | Signal: HOLD | Shares held: 0.0 | Last price: $55.23
2026-09-24 19:15:27,555 | [COO] ACTION: No trade.
2026-09-24 19:15:27,575 | [COP] choppy/sideways (ADX 20.6) -> mean-reversion strategy | Signal: HOLD | Shares held: 0.0 | Last price: $129.43
2026-09-24 19:15:27,575 | [COP] ACTION: No trade.
2026-09-24 19:15:27,651 | [COR] choppy/sideways (ADX 19.7) -> mean-reversion strategy | Signal: HOLD | Shares held: 0.0 | Last price: $309.76
2026-09-24 19:15:27,651 | [COR] ACTION: No trade.
2026-09-24 19:15:27,671 | [COST] choppy/sideways (ADX 13.9) -> mean-reversion strategy | Signal: HOLD | Shares held: 0.0 | Last price: $897.77
2026-09-24 19:15:27,671 | [COST] ACTION: No trade.
2026-09-24 19:15:27,746 | [CPAY] choppy/sideways (ADX 23.9) -> mean-reversion strategy | Signal: HOLD | Shares held: 0.0 | Last price: $399.79
2026-09-24 19:15:27,746 | [CPAY] ACTION: No trade.
2026-09-24 19:15:27,823 | [CPRT] choppy/sideways (ADX 13.4) -> mean-reversion strategy | Signal: HOLD | Shares held: 0.0 | Last price: $28.18
2026-09-24 19:15:27,823 | [CPRT] ACTION: No trade.
2026-09-24 19:15:27,904 | [CPT] choppy/sideways (ADX 17.5) -> mean-reversion strategy | Signal: HOLD | Shares held: 0.0 | Last price: $96.92
2026-09-24 19:15:27,905 | [CPT] ACTION: No trade.
2026-09-24 19:15:27,980 | [CRH] choppy/sideways (ADX 21.1) -> mean-reversion strategy | Signal: HOLD | Shares held: 0.0 | Last price: $83.95
2026-09-24 19:15:27,980 | [CRH] ACTION: No trade.
2026-09-24 19:15:28,055 | [CRL] trending (ADX 34.0) -> trend-following strategy | Signal: HOLD | Shares held: 0.0 | Last price: $297.85
2026-09-24 19:15:28,055 | [CRL] ACTION: No trade.
2026-09-24 19:15:28,075 | [CRM] trending (ADX 25.2) -> trend-following strategy | Signal: HOLD | Shares held: 0.0 | Last price: $239.97
2026-09-24 19:15:28,075 | [CRM] ACTION: No trade.
2026-09-24 19:15:28,153 | [CRWD] trending (ADX 39.8) -> trend-following strategy | Signal: HOLD | Shares held: 0.0 | Last price: $263.50
2026-09-24 19:15:28,154 | [CRWD] ACTION: No trade.
2026-09-24 19:15:28,174 | [CSCO] choppy/sideways (ADX 20.4) -> mean-reversion strategy | Signal: HOLD | Shares held: 0.0 | Last price: $106.24
2026-09-24 19:15:28,174 | [CSCO] ACTION: No trade.
2026-09-24 19:15:28,253 | [CSGP] trending (ADX 33.0) -> trend-following strategy | Signal: HOLD | Shares held: 0.0 | Last price: $27.50
2026-09-24 19:15:28,253 | [CSGP] ACTION: No trade.
2026-09-24 19:15:28,328 | [CSX] choppy/sideways (ADX 20.1) -> mean-reversion strategy | Signal: HOLD | Shares held: 0.0 | Last price: $46.86
2026-09-24 19:15:28,328 | [CSX] ACTION: No trade.
2026-09-24 19:15:28,405 | [CTAS] choppy/sideways (ADX 17.2) -> mean-reversion strategy | Signal: HOLD | Shares held: 0.0 | Last price: $198.30
2026-09-24 19:15:28,405 | [CTAS] ACTION: No trade.
2026-09-24 19:15:28,481 | [CTSH] trending (ADX 40.7) -> trend-following strategy | Signal: HOLD | Shares held: 0.0 | Last price: $57.12
2026-09-24 19:15:28,481 | [CTSH] ACTION: No trade.
2026-09-24 19:15:28,556 | [CTVA] choppy/sideways (ADX 13.3) -> mean-reversion strategy | Signal: HOLD | Shares held: 0.0 | Last price: $79.20
2026-09-24 19:15:28,557 | [CTVA] ACTION: No trade.
2026-09-24 19:15:28,632 | [CVNA] choppy/sideways (ADX 17.2) -> mean-reversion strategy | Signal: HOLD | Shares held: 0.0 | Last price: $63.60
2026-09-24 19:15:28,632 | [CVNA] ACTION: No trade.
2026-09-24 19:15:28,712 | [CVS] trending (ADX 40.4) -> trend-following strategy | Signal: HOLD | Shares held: 0.0 | Last price: $84.77
2026-09-24 19:15:28,713 | [CVS] ACTION: No trade.
2026-09-24 19:15:28,732 | [CVX] choppy/sideways (ADX 17.9) -> mean-reversion strategy | Signal: HOLD | Shares held: 0.0 | Last price: $205.86
2026-09-24 19:15:28,732 | [CVX] ACTION: No trade.
2026-09-24 19:15:28,811 | [D] trending (ADX 33.8) -> trend-following strategy | Signal: HOLD | Shares held: 0.0 | Last price: $60.67
2026-09-24 19:15:28,811 | [D] ACTION: No trade.
2026-09-24 19:15:28,889 | [DAL] trending (ADX 31.2) -> trend-following strategy | Signal: HOLD | Shares held: 0.0 | Last price: $82.94
2026-09-24 19:15:28,890 | [DAL] ACTION: No trade.
2026-09-24 19:15:28,972 | [DASH] choppy/sideways (ADX 19.5) -> mean-reversion strategy | Signal: HOLD | Shares held: 0.0 | Last price: $187.26
2026-09-24 19:15:28,972 | [DASH] ACTION: No trade.
2026-09-24 19:15:29,050 | [DD] choppy/sideways (ADX 17.5) -> mean-reversion strategy | Signal: HOLD | Shares held: 0.0 | Last price: $130.89
2026-09-24 19:15:29,050 | [DD] ACTION: No trade.
2026-09-24 19:15:29,128 | [DDOG] choppy/sideways (ADX 21.5) -> mean-reversion strategy | Signal: HOLD | Shares held: 0.0 | Last price: $256.68
2026-09-24 19:15:29,128 | [DDOG] ACTION: No trade.
2026-09-24 19:15:29,211 | [DE] trending (ADX 30.2) -> trend-following strategy | Signal: HOLD | Shares held: 0.0 | Last price: $695.75
2026-09-24 19:15:29,211 | [DE] ACTION: No trade.
2026-09-24 19:15:29,287 | [DECK] choppy/sideways (ADX 15.0) -> mean-reversion strategy | Signal: HOLD | Shares held: 0.0 | Last price: $78.37
2026-09-24 19:15:29,287 | [DECK] ACTION: No trade.
2026-09-24 19:15:29,363 | [DELL] choppy/sideways (ADX 24.7) -> mean-reversion strategy | Signal: HOLD | Shares held: 0.0 | Last price: $548.43
2026-09-24 19:15:29,363 | [DELL] ACTION: No trade.
2026-09-24 19:15:29,439 | [DG] trending (ADX 36.3) -> trend-following strategy | Signal: HOLD | Shares held: 0.0 | Last price: $123.25
2026-09-24 19:15:29,439 | [DG] ACTION: No trade.
2026-09-24 19:15:29,514 | [DGX] choppy/sideways (ADX 14.7) -> mean-reversion strategy | Signal: HOLD | Shares held: 0.0 | Last price: $236.14
2026-09-24 19:15:29,514 | [DGX] ACTION: No trade.
2026-09-24 19:15:29,590 | [DHI] choppy/sideways (ADX 22.6) -> mean-reversion strategy | Signal: HOLD | Shares held: 0.0 | Last price: $140.96
2026-09-24 19:15:29,590 | [DHI] ACTION: No trade.
2026-09-24 19:15:29,610 | [DHR] choppy/sideways (ADX 20.6) -> mean-reversion strategy | Signal: HOLD | Shares held: 0.0 | Last price: $223.36
2026-09-24 19:15:29,610 | [DHR] ACTION: No trade.
2026-09-24 19:15:29,630 | [DIS] choppy/sideways (ADX 20.4) -> mean-reversion strategy | Signal: HOLD | Shares held: 0.0 | Last price: $105.03
2026-09-24 19:15:29,630 | [DIS] ACTION: No trade.
2026-09-24 19:15:29,710 | [DLR] choppy/sideways (ADX 14.9) -> mean-reversion strategy | Signal: HOLD | Shares held: 0.0 | Last price: $182.54
2026-09-24 19:15:29,710 | [DLR] ACTION: No trade.
2026-09-24 19:15:29,786 | [DLTR] trending (ADX 33.1) -> trend-following strategy | Signal: HOLD | Shares held: 0.0 | Last price: $114.41
2026-09-24 19:15:29,786 | [DLTR] ACTION: No trade.
2026-09-24 19:15:29,861 | [DOC] trending (ADX 26.3) -> trend-following strategy | Signal: HOLD | Shares held: 0.0 | Last price: $20.39
2026-09-24 19:15:29,861 | [DOC] ACTION: No trade.
2026-09-24 19:15:29,936 | [DOV] choppy/sideways (ADX 16.5) -> mean-reversion strategy | Signal: HOLD | Shares held: 0.0 | Last price: $188.01
2026-09-24 19:15:29,936 | [DOV] ACTION: No trade.
2026-09-24 19:15:30,013 | [DOW] choppy/sideways (ADX 17.7) -> mean-reversion strategy | Signal: HOLD | Shares held: 0.0 | Last price: $28.69
2026-09-24 19:15:30,013 | [DOW] ACTION: No trade.
2026-09-24 19:15:30,087 | [DPZ] choppy/sideways (ADX 12.2) -> mean-reversion strategy | Signal: HOLD | Shares held: 0.0 | Last price: $292.11
2026-09-24 19:15:30,088 | [DPZ] ACTION: No trade.
2026-09-24 19:15:30,163 | [DRI] trending (ADX 29.7) -> trend-following strategy | Signal: HOLD | Shares held: 0.0 | Last price: $208.41
2026-09-24 19:15:30,163 | [DRI] ACTION: No trade.
2026-09-24 19:15:30,239 | [DTE] trending (ADX 26.7) -> trend-following strategy | Signal: HOLD | Shares held: 0.0 | Last price: $121.76
2026-09-24 19:15:30,239 | [DTE] ACTION: No trade.
2026-09-24 19:15:30,314 | [DUK] trending (ADX 27.7) -> trend-following strategy | Signal: HOLD | Shares held: 0.0 | Last price: $113.76
2026-09-24 19:15:30,314 | [DUK] ACTION: No trade.
2026-09-24 19:15:30,393 | [DVA] trending (ADX 50.1) -> trend-following strategy | Signal: HOLD | Shares held: 0.0 | Last price: $176.08
2026-09-24 19:15:30,393 | [DVA] ACTION: No trade.
2026-09-24 19:15:30,469 | [DVN] choppy/sideways (ADX 19.8) -> mean-reversion strategy | Signal: HOLD | Shares held: 0.0 | Last price: $48.48
2026-09-24 19:15:30,469 | [DVN] ACTION: No trade.
2026-09-24 19:15:30,546 | [DXCM] trending (ADX 31.2) -> trend-following strategy | Signal: HOLD | Shares held: 0.0 | Last price: $87.50
2026-09-24 19:15:30,546 | [DXCM] ACTION: No trade.
2026-09-24 19:15:30,622 | [EBAY] choppy/sideways (ADX 6.9) -> mean-reversion strategy | Signal: HOLD | Shares held: 0.0 | Last price: $108.28
2026-09-24 19:15:30,622 | [EBAY] ACTION: No trade.
2026-09-24 19:15:30,698 | [ECHO] trending (ADX 39.6) -> trend-following strategy | Signal: HOLD | Shares held: 0.0 | Last price: $91.08
2026-09-24 19:15:30,698 | [ECHO] ACTION: No trade.
2026-09-24 19:15:30,773 | [ECL] choppy/sideways (ADX 19.4) -> mean-reversion strategy | Signal: HOLD | Shares held: 0.0 | Last price: $274.81
2026-09-24 19:15:30,773 | [ECL] ACTION: No trade.
2026-09-24 19:15:30,850 | [ED] choppy/sideways (ADX 15.9) -> mean-reversion strategy | Signal: HOLD | Shares held: 0.0 | Last price: $103.21
2026-09-24 19:15:30,850 | [ED] ACTION: No trade.
2026-09-24 19:15:30,931 | [EFX] trending (ADX 37.1) -> trend-following strategy | Signal: HOLD | Shares held: 0.0 | Last price: $149.34
2026-09-24 19:15:30,931 | [EFX] ACTION: No trade.
2026-09-24 19:15:31,005 | [EG] choppy/sideways (ADX 16.2) -> mean-reversion strategy | Signal: HOLD | Shares held: 0.0 | Last price: $374.01
2026-09-24 19:15:31,005 | [EG] ACTION: No trade.
2026-09-24 19:15:31,081 | [EIX] trending (ADX 39.6) -> trend-following strategy | Signal: HOLD | Shares held: 0.0 | Last price: $52.63
2026-09-24 19:15:31,081 | [EIX] ACTION: No trade.
2026-09-24 19:15:31,157 | [EL] choppy/sideways (ADX 21.5) -> mean-reversion strategy | Signal: HOLD | Shares held: 0.0 | Last price: $96.47
2026-09-24 19:15:31,157 | [EL] ACTION: No trade.
2026-09-24 19:15:31,233 | [ELV] choppy/sideways (ADX 21.8) -> mean-reversion strategy | Signal: HOLD | Shares held: 0.0 | Last price: $398.60
2026-09-24 19:15:31,233 | [ELV] ACTION: No trade.
2026-09-24 19:15:31,312 | [EME] choppy/sideways (ADX 21.6) -> mean-reversion strategy | Signal: HOLD | Shares held: 0.0 | Last price: $748.15
2026-09-24 19:15:31,312 | [EME] ACTION: No trade.
2026-09-24 19:15:31,388 | [EMR] choppy/sideways (ADX 13.2) -> mean-reversion strategy | Signal: HOLD | Shares held: 0.0 | Last price: $155.62
2026-09-24 19:15:31,388 | [EMR] ACTION: No trade.
2026-09-24 19:15:31,464 | [EOG] choppy/sideways (ADX 17.5) -> mean-reversion strategy | Signal: HOLD | Shares held: 0.0 | Last price: $142.66
2026-09-24 19:15:31,464 | [EOG] ACTION: No trade.
2026-09-24 19:15:31,539 | [EQIX] choppy/sideways (ADX 15.7) -> mean-reversion strategy | Signal: HOLD | Shares held: 0.0 | Last price: $1046.01
2026-09-24 19:15:31,539 | [EQIX] ACTION: No trade.
2026-09-24 19:15:31,614 | [EQT] choppy/sideways (ADX 12.2) -> mean-reversion strategy | Signal: HOLD | Shares held: 0.0 | Last price: $51.26
2026-09-24 19:15:31,614 | [EQT] ACTION: No trade.
2026-09-24 19:15:31,689 | [ES] trending (ADX 40.2) -> trend-following strategy | Signal: HOLD | Shares held: 0.0 | Last price: $64.12
2026-09-24 19:15:31,689 | [ES] ACTION: No trade.
2026-09-24 19:15:31,768 | [ESS] choppy/sideways (ADX 12.0) -> mean-reversion strategy | Signal: HOLD | Shares held: 0.0 | Last price: $272.35
2026-09-24 19:15:31,768 | [ESS] ACTION: No trade.
2026-09-24 19:15:31,850 | [ETN] choppy/sideways (ADX 19.7) -> mean-reversion strategy | Signal: HOLD | Shares held: 0.0 | Last price: $438.35
2026-09-24 19:15:31,850 | [ETN] ACTION: No trade.
2026-09-24 19:15:31,982 | [ETR] choppy/sideways (ADX 18.2) -> mean-reversion strategy | Signal: HOLD | Shares held: 0.0 | Last price: $98.34
2026-09-24 19:15:31,982 | [ETR] ACTION: No trade.
2026-09-24 19:15:32,060 | [EVRG] trending (ADX 38.7) -> trend-following strategy | Signal: HOLD | Shares held: 0.0 | Last price: $78.00
2026-09-24 19:15:32,060 | [EVRG] ACTION: No trade.
2026-09-24 19:15:32,136 | [EW] choppy/sideways (ADX 16.0) -> mean-reversion strategy | Signal: HOLD | Shares held: 0.0 | Last price: $86.51
2026-09-24 19:15:32,136 | [EW] ACTION: No trade.
2026-09-24 19:15:32,211 | [EXC] trending (ADX 38.6) -> trend-following strategy | Signal: HOLD | Shares held: 0.0 | Last price: $40.28
2026-09-24 19:15:32,211 | [EXC] ACTION: No trade.
2026-09-24 19:15:32,287 | [EXE] choppy/sideways (ADX 16.4) -> mean-reversion strategy | Signal: HOLD | Shares held: 0.0 | Last price: $87.39
2026-09-24 19:15:32,287 | [EXE] ACTION: No trade.
2026-09-24 19:15:32,390 | [EXPD] trending (ADX 47.8) -> trend-following strategy | Signal: HOLD | Shares held: 0.0 | Last price: $184.32
2026-09-24 19:15:32,390 | [EXPD] ACTION: No trade.
2026-09-24 19:15:32,467 | [EXPE] choppy/sideways (ADX 7.7) -> mean-reversion strategy | Signal: HOLD | Shares held: 0.0 | Last price: $259.67
2026-09-24 19:15:32,467 | [EXPE] ACTION: No trade.
2026-09-24 19:15:32,572 | [EXR] choppy/sideways (ADX 22.7) -> mean-reversion strategy | Signal: HOLD | Shares held: 0.0 | Last price: $132.38
2026-09-24 19:15:32,572 | [EXR] ACTION: No trade.
2026-09-24 19:15:32,655 | [F] trending (ADX 28.7) -> trend-following strategy | Signal: HOLD | Shares held: 0.0 | Last price: $12.71
2026-09-24 19:15:32,656 | [F] ACTION: No trade.
2026-09-24 19:15:32,732 | [FANG] choppy/sideways (ADX 21.6) -> mean-reversion strategy | Signal: HOLD | Shares held: 0.0 | Last price: $188.34
2026-09-24 19:15:32,732 | [FANG] ACTION: No trade.
2026-09-24 19:15:32,809 | [FAST] trending (ADX 27.1) -> trend-following strategy | Signal: HOLD | Shares held: 0.0 | Last price: $50.41
2026-09-24 19:15:32,809 | [FAST] ACTION: No trade.
2026-09-24 19:15:32,884 | [FCX] choppy/sideways (ADX 16.2) -> mean-reversion strategy | Signal: HOLD | Shares held: 0.0 | Last price: $72.20
2026-09-24 19:15:32,884 | [FCX] ACTION: No trade.
2026-09-24 19:15:32,960 | [FDS] choppy/sideways (ADX 11.0) -> mean-reversion strategy | Signal: HOLD | Shares held: 0.0 | Last price: $274.20
2026-09-24 19:15:32,960 | [FDS] ACTION: No trade.
2026-09-24 19:15:33,037 | [FDX] trending (ADX 57.4) -> trend-following strategy | Signal: HOLD | Shares held: 0.0 | Last price: $280.57
2026-09-24 19:15:33,037 | [FDX] ACTION: No trade.
2026-09-24 19:15:33,113 | [FDXF] trending (ADX 33.1) -> trend-following strategy | Signal: HOLD | Shares held: 0.0 | Last price: $114.72
2026-09-24 19:15:33,113 | [FDXF] ACTION: No trade.
2026-09-24 19:15:33,189 | [FE] trending (ADX 44.1) -> trend-following strategy | Signal: HOLD | Shares held: 0.0 | Last price: $43.24
2026-09-24 19:15:33,189 | [FE] ACTION: No trade.
2026-09-24 19:15:33,265 | [FERG] choppy/sideways (ADX 14.6) -> mean-reversion strategy | Signal: HOLD | Shares held: 0.0 | Last price: $220.04
2026-09-24 19:15:33,265 | [FERG] ACTION: No trade.
2026-09-24 19:15:33,342 | [FFIV] choppy/sideways (ADX 18.2) -> mean-reversion strategy | Signal: HOLD | Shares held: 0.0 | Last price: $455.21
2026-09-24 19:15:33,342 | [FFIV] ACTION: No trade.
2026-09-24 19:15:33,418 | [FICO] trending (ADX 31.8) -> trend-following strategy | Signal: HOLD | Shares held: 0.0 | Last price: $861.33
2026-09-24 19:15:33,418 | [FICO] ACTION: No trade.
2026-09-24 19:15:33,493 | [FIS] trending (ADX 27.1) -> trend-following strategy | Signal: HOLD | Shares held: 0.0 | Last price: $34.89
2026-09-24 19:15:33,493 | [FIS] ACTION: No trade.
2026-09-24 19:15:33,572 | [FISV] choppy/sideways (ADX 22.8) -> mean-reversion strategy | Signal: HOLD | Shares held: 0.0 | Last price: $46.01
2026-09-24 19:15:33,572 | [FISV] ACTION: No trade.
2026-09-24 19:15:33,649 | [FITB] trending (ADX 28.1) -> trend-following strategy | Signal: HOLD | Shares held: 0.0 | Last price: $51.28
2026-09-24 19:15:33,649 | [FITB] ACTION: No trade.
2026-09-24 19:15:33,725 | [FIX] choppy/sideways (ADX 16.3) -> mean-reversion strategy | Signal: HOLD | Shares held: 0.0 | Last price: $1647.02
2026-09-24 19:15:33,725 | [FIX] ACTION: No trade.
2026-09-24 19:15:33,801 | [FLEX] choppy/sideways (ADX 21.3) -> mean-reversion strategy | Signal: HOLD | Shares held: 0.0 | Last price: $112.59
2026-09-24 19:15:33,801 | [FLEX] ACTION: No trade.
2026-09-24 19:15:33,879 | [FOXA] choppy/sideways (ADX 15.8) -> mean-reversion strategy | Signal: HOLD | Shares held: 0.0 | Last price: $63.62
2026-09-24 19:15:33,879 | [FOXA] ACTION: No trade.
2026-09-24 19:15:33,955 | [FRT] choppy/sideways (ADX 17.8) -> mean-reversion strategy | Signal: HOLD | Shares held: 0.0 | Last price: $110.20
2026-09-24 19:15:33,955 | [FRT] ACTION: No trade.
2026-09-24 19:15:34,031 | [FSLR] trending (ADX 59.0) -> trend-following strategy | Signal: HOLD | Shares held: 0.0 | Last price: $172.95
2026-09-24 19:15:34,031 | [FSLR] ACTION: No trade.
2026-09-24 19:15:34,108 | [FTNT] choppy/sideways (ADX 24.6) -> mean-reversion strategy | Signal: HOLD | Shares held: 0.0 | Last price: $180.96
2026-09-24 19:15:34,108 | [FTNT] ACTION: No trade.
2026-09-24 19:15:34,183 | [GD] choppy/sideways (ADX 23.9) -> mean-reversion strategy | Signal: HOLD | Shares held: 0.0 | Last price: $340.21
2026-09-24 19:15:34,184 | [GD] ACTION: No trade.
2026-09-24 19:15:34,262 | [GDDY] trending (ADX 31.0) -> trend-following strategy | Signal: HOLD | Shares held: 0.0 | Last price: $101.08
2026-09-24 19:15:34,262 | [GDDY] ACTION: No trade.
2026-09-24 19:15:34,283 | [GE] choppy/sideways (ADX 18.2) -> mean-reversion strategy | Signal: HOLD | Shares held: 0.0 | Last price: $321.27
2026-09-24 19:15:34,283 | [GE] ACTION: No trade.
2026-09-24 19:15:34,361 | [GEHC] choppy/sideways (ADX 15.9) -> mean-reversion strategy | Signal: HOLD | Shares held: 0.0 | Last price: $65.67
2026-09-24 19:15:34,361 | [GEHC] ACTION: No trade.
2026-09-24 19:15:34,436 | [GEN] trending (ADX 36.1) -> trend-following strategy | Signal: HOLD | Shares held: 0.0 | Last price: $23.80
2026-09-24 19:15:34,436 | [GEN] ACTION: No trade.
2026-09-24 19:15:34,512 | [GEV] choppy/sideways (ADX 13.7) -> mean-reversion strategy | Signal: HOLD | Shares held: 0.0 | Last price: $955.92
2026-09-24 19:15:34,512 | [GEV] ACTION: No trade.
2026-09-24 19:15:34,588 | [GILD] choppy/sideways (ADX 12.6) -> mean-reversion strategy | Signal: HOLD | Shares held: 0.0 | Last price: $150.53
2026-09-24 19:15:34,588 | [GILD] ACTION: No trade.
2026-09-24 19:15:34,669 | [GIS] choppy/sideways (ADX 14.4) -> mean-reversion strategy | Signal: HOLD | Shares held: 0.0 | Last price: $34.95
2026-09-24 19:15:34,670 | [GIS] ACTION: No trade.
2026-09-24 19:15:34,746 | [GLW] choppy/sideways (ADX 22.6) -> mean-reversion strategy | Signal: HOLD | Shares held: 0.0 | Last price: $154.93
2026-09-24 19:15:34,746 | [GLW] ACTION: No trade.
2026-09-24 19:15:34,827 | [GM] trending (ADX 37.4) -> trend-following strategy | Signal: HOLD | Shares held: 0.0 | Last price: $81.20
2026-09-24 19:15:34,827 | [GM] ACTION: No trade.
2026-09-24 19:15:34,903 | [GNRC] trending (ADX 29.4) -> trend-following strategy | Signal: HOLD | Shares held: 0.0 | Last price: $197.71
2026-09-24 19:15:34,903 | [GNRC] ACTION: No trade.
2026-09-24 19:15:34,923 | [GOOG] choppy/sideways (ADX 24.8) -> mean-reversion strategy | Signal: HOLD | Shares held: 0.0 | Last price: $337.77
2026-09-24 19:15:34,923 | [GOOG] ACTION: No trade.
2026-09-24 19:15:34,943 | [GOOGL] trending (ADX 26.4) -> trend-following strategy | Signal: HOLD | Shares held: 0.0 | Last price: $341.73
2026-09-24 19:15:34,943 | [GOOGL] ACTION: No trade.
2026-09-24 19:15:35,020 | [GPC] choppy/sideways (ADX 12.0) -> mean-reversion strategy | Signal: HOLD | Shares held: 0.0 | Last price: $128.96
2026-09-24 19:15:35,020 | [GPC] ACTION: No trade.
2026-09-24 19:15:35,097 | [GPN] trending (ADX 25.7) -> trend-following strategy | Signal: HOLD | Shares held: 0.0 | Last price: $85.08
2026-09-24 19:15:35,097 | [GPN] ACTION: No trade.
2026-09-24 19:15:35,173 | [GRMN] trending (ADX 26.5) -> trend-following strategy | Signal: HOLD | Shares held: 0.0 | Last price: $291.32
2026-09-24 19:15:35,173 | [GRMN] ACTION: No trade.
2026-09-24 19:15:35,193 | [GS] choppy/sideways (ADX 24.7) -> mean-reversion strategy | Signal: HOLD | Shares held: 0.0 | Last price: $921.42
2026-09-24 19:15:35,193 | [GS] ACTION: No trade.
2026-09-24 19:15:35,270 | [GWW] choppy/sideways (ADX 15.7) -> mean-reversion strategy | Signal: HOLD | Shares held: 0.0 | Last price: $1272.81
2026-09-24 19:15:35,271 | [GWW] ACTION: No trade.
2026-09-24 19:15:35,347 | [HAL] choppy/sideways (ADX 22.0) -> mean-reversion strategy | Signal: HOLD | Shares held: 0.0 | Last price: $32.76
2026-09-24 19:15:35,348 | [HAL] ACTION: No trade.
2026-09-24 19:15:35,424 | [HAS] choppy/sideways (ADX 13.5) -> mean-reversion strategy | Signal: HOLD | Shares held: 0.0 | Last price: $87.00
2026-09-24 19:15:35,424 | [HAS] ACTION: No trade.
2026-09-24 19:15:35,502 | [HBAN] choppy/sideways (ADX 23.3) -> mean-reversion strategy | Signal: HOLD | Shares held: 0.0 | Last price: $15.34
2026-09-24 19:15:35,502 | [HBAN] ACTION: No trade.
2026-09-24 19:15:35,577 | [HCA] trending (ADX 35.0) -> trend-following strategy | Signal: HOLD | Shares held: 0.0 | Last price: $427.50
2026-09-24 19:15:35,577 | [HCA] ACTION: No trade.
2026-09-24 19:15:35,598 | [HD] trending (ADX 29.2) -> trend-following strategy | Signal: HOLD | Shares held: 0.0 | Last price: $292.48
2026-09-24 19:15:35,598 | [HD] ACTION: No trade.
2026-09-24 19:15:35,678 | [HIG] trending (ADX 37.8) -> trend-following strategy | Signal: HOLD | Shares held: 0.0 | Last price: $125.98
2026-09-24 19:15:35,678 | [HIG] ACTION: No trade.
2026-09-24 19:15:35,755 | [HII] choppy/sideways (ADX 13.6) -> mean-reversion strategy | Signal: HOLD | Shares held: 0.0 | Last price: $266.87
2026-09-24 19:15:35,755 | [HII] ACTION: No trade.
2026-09-24 19:15:35,830 | [HLT] trending (ADX 25.1) -> trend-following strategy | Signal: HOLD | Shares held: 0.0 | Last price: $313.65
2026-09-24 19:15:35,831 | [HLT] ACTION: No trade.
2026-09-24 19:15:35,851 | [HON] choppy/sideways (ADX 14.7) -> mean-reversion strategy | Signal: HOLD | Shares held: 0.0 | Last price: $211.60
2026-09-24 19:15:35,851 | [HON] ACTION: No trade.
2026-09-24 19:15:35,932 | [HONA] trending (ADX 26.5) -> trend-following strategy | Signal: HOLD | Shares held: 0.0 | Last price: $160.65
2026-09-24 19:15:35,932 | [HONA] ACTION: No trade.
2026-09-24 19:15:36,008 | [HOOD] choppy/sideways (ADX 25.0) -> mean-reversion strategy | Signal: HOLD | Shares held: 0.0 | Last price: $121.37
2026-09-24 19:15:36,009 | [HOOD] ACTION: No trade.
2026-09-24 19:15:36,087 | [HPE] choppy/sideways (ADX 24.8) -> mean-reversion strategy | Signal: SELL | Shares held: 0.0 | Last price: $65.16
2026-09-24 19:15:36,087 | [HPE] ACTION: No trade.
2026-09-24 19:15:36,163 | [HPQ] trending (ADX 27.2) -> trend-following strategy | Signal: HOLD | Shares held: 0.0 | Last price: $31.78
2026-09-24 19:15:36,164 | [HPQ] ACTION: No trade.
2026-09-24 19:15:36,240 | [HSIC] choppy/sideways (ADX 23.5) -> mean-reversion strategy | Signal: HOLD | Shares held: 0.0 | Last price: $85.07
2026-09-24 19:15:36,240 | [HSIC] ACTION: No trade.
2026-09-24 19:15:36,315 | [HST] choppy/sideways (ADX 15.8) -> mean-reversion strategy | Signal: HOLD | Shares held: 0.0 | Last price: $22.26
2026-09-24 19:15:36,316 | [HST] ACTION: No trade.
2026-09-24 19:15:36,393 | [HSY] choppy/sideways (ADX 12.8) -> mean-reversion strategy | Signal: HOLD | Shares held: 0.0 | Last price: $167.34
2026-09-24 19:15:36,393 | [HSY] ACTION: No trade.
2026-09-24 19:15:36,469 | [HUBB] choppy/sideways (ADX 16.4) -> mean-reversion strategy | Signal: HOLD | Shares held: 0.0 | Last price: $464.11
2026-09-24 19:15:36,469 | [HUBB] ACTION: No trade.
2026-09-24 19:15:36,544 | [HUM] choppy/sideways (ADX 13.1) -> mean-reversion strategy | Signal: HOLD | Shares held: 0.0 | Last price: $381.83
2026-09-24 19:15:36,545 | [HUM] ACTION: No trade.
2026-09-24 19:15:36,621 | [HWM] choppy/sideways (ADX 20.6) -> mean-reversion strategy | Signal: HOLD | Shares held: 0.0 | Last price: $231.07
2026-09-24 19:15:36,621 | [HWM] ACTION: No trade.
2026-09-24 19:15:36,699 | [IBKR] choppy/sideways (ADX 22.6) -> mean-reversion strategy | Signal: HOLD | Shares held: 0.0 | Last price: $90.03
2026-09-24 19:15:36,700 | [IBKR] ACTION: No trade.
2026-09-24 19:15:36,720 | [IBM] trending (ADX 40.2) -> trend-following strategy | Signal: HOLD | Shares held: 0.0 | Last price: $227.53
2026-09-24 19:15:36,720 | [IBM] ACTION: No trade.
2026-09-24 19:15:36,796 | [ICE] choppy/sideways (ADX 14.7) -> mean-reversion strategy | Signal: HOLD | Shares held: 0.0 | Last price: $156.70
2026-09-24 19:15:36,796 | [ICE] ACTION: No trade.
2026-09-24 19:15:36,872 | [IDXX] trending (ADX 36.7) -> trend-following strategy | Signal: HOLD | Shares held: 0.0 | Last price: $513.45
2026-09-24 19:15:36,872 | [IDXX] ACTION: No trade.
2026-09-24 19:15:36,948 | [IEX] choppy/sideways (ADX 11.5) -> mean-reversion strategy | Signal: HOLD | Shares held: 0.0 | Last price: $228.61
2026-09-24 19:15:36,948 | [IEX] ACTION: No trade.
2026-09-24 19:15:37,026 | [IFF] choppy/sideways (ADX 11.3) -> mean-reversion strategy | Signal: HOLD | Shares held: 0.0 | Last price: $85.25
2026-09-24 19:15:37,026 | [IFF] ACTION: No trade.
2026-09-24 19:15:37,102 | [ILMN] trending (ADX 49.9) -> trend-following strategy | Signal: HOLD | Shares held: 0.0 | Last price: $274.38
2026-09-24 19:15:37,102 | [ILMN] ACTION: No trade.
2026-09-24 19:15:37,177 | [INCY] trending (ADX 25.9) -> trend-following strategy | Signal: HOLD | Shares held: 0.0 | Last price: $124.73
2026-09-24 19:15:37,177 | [INCY] ACTION: No trade.
2026-09-24 19:15:37,197 | [INTC] choppy/sideways (ADX 20.3) -> mean-reversion strategy | Signal: HOLD | Shares held: 0.0 | Last price: $126.41
2026-09-24 19:15:37,197 | [INTC] ACTION: No trade.
2026-09-24 19:15:37,275 | [INTU] choppy/sideways (ADX 24.0) -> mean-reversion strategy | Signal: HOLD | Shares held: 0.0 | Last price: $278.39
2026-09-24 19:15:37,275 | [INTU] ACTION: No trade.
2026-09-24 19:15:37,350 | [INVH] trending (ADX 33.7) -> trend-following strategy | Signal: HOLD | Shares held: 0.0 | Last price: $26.51
2026-09-24 19:15:37,351 | [INVH] ACTION: No trade.
2026-09-24 19:15:37,426 | [IP] trending (ADX 31.2) -> trend-following strategy | Signal: HOLD | Shares held: 0.0 | Last price: $34.69
2026-09-24 19:15:37,426 | [IP] ACTION: No trade.
2026-09-24 19:15:37,503 | [IQV] trending (ADX 28.3) -> trend-following strategy | Signal: HOLD | Shares held: 0.0 | Last price: $275.11
2026-09-24 19:15:37,503 | [IQV] ACTION: No trade.
2026-09-24 19:15:37,579 | [IR] choppy/sideways (ADX 21.6) -> mean-reversion strategy | Signal: HOLD | Shares held: 0.0 | Last price: $74.87
2026-09-24 19:15:37,579 | [IR] ACTION: No trade.
2026-09-24 19:15:37,656 | [IRM] trending (ADX 42.5) -> trend-following strategy | Signal: HOLD | Shares held: 0.0 | Last price: $114.85
2026-09-24 19:15:37,656 | [IRM] ACTION: No trade.
2026-09-24 19:15:37,733 | [ISRG] choppy/sideways (ADX 16.8) -> mean-reversion strategy | Signal: HOLD | Shares held: 0.0 | Last price: $400.46
2026-09-24 19:15:37,733 | [ISRG] ACTION: No trade.
2026-09-24 19:15:37,809 | [IT] choppy/sideways (ADX 11.0) -> mean-reversion strategy | Signal: HOLD | Shares held: 0.0 | Last price: $178.06
2026-09-24 19:15:37,809 | [IT] ACTION: No trade.
2026-09-24 19:15:37,888 | [ITW] choppy/sideways (ADX 15.3) -> mean-reversion strategy | Signal: HOLD | Shares held: 0.0 | Last price: $271.02
2026-09-24 19:15:37,888 | [ITW] ACTION: No trade.
2026-09-24 19:15:37,964 | [IVZ] choppy/sideways (ADX 16.8) -> mean-reversion strategy | Signal: HOLD | Shares held: 0.0 | Last price: $30.48
2026-09-24 19:15:37,964 | [IVZ] ACTION: No trade.
2026-09-24 19:15:38,042 | [J] trending (ADX 27.5) -> trend-following strategy | Signal: HOLD | Shares held: 0.0 | Last price: $137.11
2026-09-24 19:15:38,042 | [J] ACTION: No trade.
2026-09-24 19:15:38,119 | [JBHT] trending (ADX 27.6) -> trend-following strategy | Signal: HOLD | Shares held: 0.0 | Last price: $230.00
2026-09-24 19:15:38,120 | [JBHT] ACTION: No trade.
2026-09-24 19:15:38,195 | [JBL] choppy/sideways (ADX 14.2) -> mean-reversion strategy | Signal: HOLD | Shares held: 0.0 | Last price: $309.69
2026-09-24 19:15:38,196 | [JBL] ACTION: No trade.
2026-09-24 19:15:38,272 | [JCI] choppy/sideways (ADX 17.6) -> mean-reversion strategy | Signal: HOLD | Shares held: 0.0 | Last price: $144.99
2026-09-24 19:15:38,272 | [JCI] ACTION: No trade.
2026-09-24 19:15:38,348 | [JKHY] trending (ADX 27.0) -> trend-following strategy | Signal: HOLD | Shares held: 0.0 | Last price: $147.83
2026-09-24 19:15:38,349 | [JKHY] ACTION: No trade.
2026-09-24 19:15:38,369 | [JNJ] choppy/sideways (ADX 14.6) -> mean-reversion strategy | Signal: HOLD | Shares held: 0.0 | Last price: $271.18
2026-09-24 19:15:38,369 | [JNJ] ACTION: No trade.
2026-09-24 19:15:38,390 | [JPM] choppy/sideways (ADX 15.7) -> mean-reversion strategy | Signal: HOLD | Shares held: 0.0 | Last price: $337.37
2026-09-24 19:15:38,390 | [JPM] ACTION: No trade.
2026-09-24 19:15:38,468 | [KDP] choppy/sideways (ADX 13.4) -> mean-reversion strategy | Signal: HOLD | Shares held: 0.0 | Last price: $31.21
2026-09-24 19:15:38,468 | [KDP] ACTION: No trade.
2026-09-24 19:15:38,545 | [KEY] choppy/sideways (ADX 24.8) -> mean-reversion strategy | Signal: HOLD | Shares held: 0.0 | Last price: $20.23
2026-09-24 19:15:38,545 | [KEY] ACTION: No trade.
2026-09-24 19:15:38,621 | [KEYS] choppy/sideways (ADX 21.3) -> mean-reversion strategy | Signal: HOLD | Shares held: 0.0 | Last price: $358.43
2026-09-24 19:15:38,621 | [KEYS] ACTION: No trade.
2026-09-24 19:15:38,697 | [KHC] trending (ADX 26.7) -> trend-following strategy | Signal: HOLD | Shares held: 0.0 | Last price: $23.82
2026-09-24 19:15:38,697 | [KHC] ACTION: No trade.
2026-09-24 19:15:38,773 | [KIM] choppy/sideways (ADX 18.9) -> mean-reversion strategy | Signal: HOLD | Shares held: 0.0 | Last price: $22.21
2026-09-24 19:15:38,774 | [KIM] ACTION: No trade.
2026-09-24 19:15:38,849 | [KKR] choppy/sideways (ADX 20.2) -> mean-reversion strategy | Signal: HOLD | Shares held: 0.0 | Last price: $95.31
2026-09-24 19:15:38,850 | [KKR] ACTION: No trade.
2026-09-24 19:15:38,928 | [KLAC] choppy/sideways (ADX 13.5) -> mean-reversion strategy | Signal: HOLD | Shares held: 0.0 | Last price: $186.10
2026-09-24 19:15:38,928 | [KLAC] ACTION: No trade.
2026-09-24 19:15:39,004 | [KMB] choppy/sideways (ADX 10.4) -> mean-reversion strategy | Signal: HOLD | Shares held: 0.0 | Last price: $97.49
2026-09-24 19:15:39,004 | [KMB] ACTION: No trade.
2026-09-24 19:15:39,086 | [KMI] choppy/sideways (ADX 16.3) -> mean-reversion strategy | Signal: HOLD | Shares held: 0.0 | Last price: $31.20
2026-09-24 19:15:39,086 | [KMI] ACTION: No trade.
2026-09-24 19:15:39,107 | [KO] choppy/sideways (ADX 13.0) -> mean-reversion strategy | Signal: HOLD | Shares held: 0.0 | Last price: $88.37
2026-09-24 19:15:39,107 | [KO] ACTION: No trade.
2026-09-24 19:15:39,183 | [KR] choppy/sideways (ADX 10.6) -> mean-reversion strategy | Signal: HOLD | Shares held: 0.0 | Last price: $59.03
2026-09-24 19:15:39,184 | [KR] ACTION: No trade.
2026-09-24 19:15:39,260 | [KVUE] choppy/sideways (ADX 9.9) -> mean-reversion strategy | Signal: HOLD | Shares held: 0.0 | Last price: $17.68
2026-09-24 19:15:39,260 | [KVUE] ACTION: No trade.
2026-09-24 19:15:39,335 | [L] choppy/sideways (ADX 13.0) -> mean-reversion strategy | Signal: HOLD | Shares held: 0.0 | Last price: $105.23
2026-09-24 19:15:39,335 | [L] ACTION: No trade.
2026-09-24 19:15:39,411 | [LDOS] choppy/sideways (ADX 13.9) -> mean-reversion strategy | Signal: HOLD | Shares held: 0.0 | Last price: $124.52
2026-09-24 19:15:39,411 | [LDOS] ACTION: No trade.
2026-09-24 19:15:39,487 | [LEN] choppy/sideways (ADX 22.9) -> mean-reversion strategy | Signal: HOLD | Shares held: 0.0 | Last price: $81.70
2026-09-24 19:15:39,487 | [LEN] ACTION: No trade.
2026-09-24 19:15:39,563 | [LH] choppy/sideways (ADX 15.1) -> mean-reversion strategy | Signal: HOLD | Shares held: 0.0 | Last price: $306.12
2026-09-24 19:15:39,563 | [LH] ACTION: No trade.
2026-09-24 19:15:39,641 | [LHX] choppy/sideways (ADX 11.5) -> mean-reversion strategy | Signal: HOLD | Shares held: 0.0 | Last price: $239.76
2026-09-24 19:15:39,641 | [LHX] ACTION: No trade.
2026-09-24 19:15:39,722 | [LII] choppy/sideways (ADX 15.1) -> mean-reversion strategy | Signal: HOLD | Shares held: 0.0 | Last price: $367.08
2026-09-24 19:15:39,722 | [LII] ACTION: No trade.
2026-09-24 19:15:39,798 | [LIN] choppy/sideways (ADX 13.4) -> mean-reversion strategy | Signal: HOLD | Shares held: 0.0 | Last price: $467.55
2026-09-24 19:15:39,798 | [LIN] ACTION: No trade.
2026-09-24 19:15:39,874 | [LITE] choppy/sideways (ADX 19.1) -> mean-reversion strategy | Signal: HOLD | Shares held: 0.0 | Last price: $935.00
2026-09-24 19:15:39,874 | [LITE] ACTION: No trade.
2026-09-24 19:15:39,895 | [LLY] trending (ADX 33.2) -> trend-following strategy | Signal: HOLD | Shares held: 0.0 | Last price: $1186.79
2026-09-24 19:15:39,895 | [LLY] ACTION: No trade.
2026-09-24 19:15:39,915 | [LMT] choppy/sideways (ADX 18.7) -> mean-reversion strategy | Signal: HOLD | Shares held: 0.0 | Last price: $526.85
2026-09-24 19:15:39,915 | [LMT] ACTION: No trade.
2026-09-24 19:15:39,992 | [LNT] trending (ADX 28.3) -> trend-following strategy | Signal: HOLD | Shares held: 0.0 | Last price: $63.40
2026-09-24 19:15:39,992 | [LNT] ACTION: No trade.
2026-09-24 19:15:40,012 | [LOW] trending (ADX 28.0) -> trend-following strategy | Signal: HOLD | Shares held: 0.0 | Last price: $188.44
2026-09-24 19:15:40,012 | [LOW] ACTION: No trade.
2026-09-24 19:15:40,092 | [LRCX] choppy/sideways (ADX 12.6) -> mean-reversion strategy | Signal: HOLD | Shares held: 0.0 | Last price: $304.42
2026-09-24 19:15:40,218 | [LRCX] ACTION: No trade.
2026-09-24 19:15:40,295 | [LULU] choppy/sideways (ADX 13.1) -> mean-reversion strategy | Signal: HOLD | Shares held: 0.0 | Last price: $100.43
2026-09-24 19:15:40,296 | [LULU] ACTION: No trade.
2026-09-24 19:15:40,372 | [LUV] trending (ADX 33.3) -> trend-following strategy | Signal: HOLD | Shares held: 0.0 | Last price: $41.44
2026-09-24 19:15:40,372 | [LUV] ACTION: No trade.
2026-09-24 19:15:40,448 | [LVS] trending (ADX 26.9) -> trend-following strategy | Signal: HOLD | Shares held: 0.0 | Last price: $38.53
2026-09-24 19:15:40,448 | [LVS] ACTION: No trade.
2026-09-24 19:15:40,524 | [LYB] choppy/sideways (ADX 17.4) -> mean-reversion strategy | Signal: HOLD | Shares held: 0.0 | Last price: $60.54
2026-09-24 19:15:40,524 | [LYB] ACTION: No trade.
2026-09-24 19:15:40,599 | [LYV] choppy/sideways (ADX 24.1) -> mean-reversion strategy | Signal: HOLD | Shares held: 0.0 | Last price: $170.91
2026-09-24 19:15:40,599 | [LYV] ACTION: No trade.
2026-09-24 19:15:40,619 | [MA] choppy/sideways (ADX 15.1) -> mean-reversion strategy | Signal: HOLD | Shares held: 0.0 | Last price: $562.96
2026-09-24 19:15:40,619 | [MA] ACTION: No trade.
2026-09-24 19:15:40,695 | [MAA] choppy/sideways (ADX 20.8) -> mean-reversion strategy | Signal: HOLD | Shares held: 0.0 | Last price: $116.94
2026-09-24 19:15:40,695 | [MAA] ACTION: No trade.
2026-09-24 19:15:40,770 | [MAR] choppy/sideways (ADX 21.1) -> mean-reversion strategy | Signal: HOLD | Shares held: 0.0 | Last price: $353.93
2026-09-24 19:15:40,771 | [MAR] ACTION: No trade.
2026-09-24 19:15:40,848 | [MAS] trending (ADX 29.7) -> trend-following strategy | Signal: HOLD | Shares held: 0.0 | Last price: $67.38
2026-09-24 19:15:40,848 | [MAS] ACTION: No trade.
2026-09-24 19:15:40,869 | [MCD] choppy/sideways (ADX 21.8) -> mean-reversion strategy | Signal: HOLD | Shares held: 0.0 | Last price: $238.42
2026-09-24 19:15:40,869 | [MCD] ACTION: No trade.
2026-09-24 19:15:40,945 | [MCHP] choppy/sideways (ADX 16.6) -> mean-reversion strategy | Signal: HOLD | Shares held: 0.0 | Last price: $74.47
2026-09-24 19:15:40,945 | [MCHP] ACTION: No trade.
2026-09-24 19:15:41,028 | [MCK] choppy/sideways (ADX 20.3) -> mean-reversion strategy | Signal: HOLD | Shares held: 0.0 | Last price: $873.15
2026-09-24 19:15:41,028 | [MCK] ACTION: No trade.
2026-09-24 19:15:41,105 | [MCO] choppy/sideways (ADX 13.9) -> mean-reversion strategy | Signal: HOLD | Shares held: 0.0 | Last price: $466.78
2026-09-24 19:15:41,105 | [MCO] ACTION: No trade.
2026-09-24 19:15:41,182 | [MDLZ] choppy/sideways (ADX 18.5) -> mean-reversion strategy | Signal: HOLD | Shares held: 0.0 | Last price: $60.87
2026-09-24 19:15:41,182 | [MDLZ] ACTION: No trade.
2026-09-24 19:15:41,257 | [MDT] choppy/sideways (ADX 15.0) -> mean-reversion strategy | Signal: HOLD | Shares held: 0.0 | Last price: $88.78
2026-09-24 19:15:41,257 | [MDT] ACTION: No trade.
2026-09-24 19:15:41,335 | [MET] trending (ADX 30.0) -> trend-following strategy | Signal: HOLD | Shares held: 0.0 | Last price: $97.76
2026-09-24 19:15:41,335 | [MET] ACTION: No trade.
2026-09-24 19:15:41,355 | [META] trending (ADX 45.2) -> trend-following strategy | Signal: HOLD | Shares held: 0.0 | Last price: $777.43
2026-09-24 19:15:41,355 | [META] ACTION: No trade.
2026-09-24 19:15:41,431 | [MGM] trending (ADX 61.6) -> trend-following strategy | Signal: HOLD | Shares held: 0.0 | Last price: $33.76
2026-09-24 19:15:41,431 | [MGM] ACTION: No trade.
2026-09-24 19:15:41,509 | [MKC] choppy/sideways (ADX 12.7) -> mean-reversion strategy | Signal: HOLD | Shares held: 0.0 | Last price: $48.13
2026-09-24 19:15:41,509 | [MKC] ACTION: No trade.
2026-09-24 19:15:41,586 | [MLM] trending (ADX 27.3) -> trend-following strategy | Signal: HOLD | Shares held: 0.0 | Last price: $480.50
2026-09-24 19:15:41,586 | [MLM] ACTION: No trade.
2026-09-24 19:15:41,606 | [MMM] choppy/sideways (ADX 19.2) -> mean-reversion strategy | Signal: HOLD | Shares held: 0.0 | Last price: $169.18
2026-09-24 19:15:41,606 | [MMM] ACTION: No trade.
2026-09-24 19:15:41,682 | [MNST] choppy/sideways (ADX 18.4) -> mean-reversion strategy | Signal: HOLD | Shares held: 0.0 | Last price: $42.73
2026-09-24 19:15:41,682 | [MNST] ACTION: No trade.
2026-09-24 19:15:41,794 | [MO] choppy/sideways (ADX 11.8) -> mean-reversion strategy | Signal: HOLD | Shares held: 0.0 | Last price: $69.03
2026-09-24 19:15:41,794 | [MO] ACTION: No trade.
2026-09-24 19:15:41,870 | [MOS] trending (ADX 28.9) -> trend-following strategy | Signal: HOLD | Shares held: 0.0 | Last price: $23.58
2026-09-24 19:15:41,870 | [MOS] ACTION: No trade.
2026-09-24 19:15:41,960 | [MPC] choppy/sideways (ADX 16.9) -> mean-reversion strategy | Signal: HOLD | Shares held: 0.0 | Last price: $392.14
2026-09-24 19:15:41,960 | [MPC] ACTION: No trade.
2026-09-24 19:15:42,037 | [MPWR] choppy/sideways (ADX 9.5) -> mean-reversion strategy | Signal: HOLD | Shares held: 0.0 | Last price: $1342.91
2026-09-24 19:15:42,037 | [MPWR] ACTION: No trade.
2026-09-24 19:15:42,057 | [MRK] choppy/sideways (ADX 16.3) -> mean-reversion strategy | Signal: HOLD | Shares held: 0.0 | Last price: $148.68
2026-09-24 19:15:42,057 | [MRK] ACTION: No trade.
2026-09-24 19:15:42,133 | [MRNA] choppy/sideways (ADX 18.7) -> mean-reversion strategy | Signal: HOLD | Shares held: 0.0 | Last price: $192.10
2026-09-24 19:15:42,133 | [MRNA] ACTION: No trade.
2026-09-24 19:15:42,208 | [MRSH] choppy/sideways (ADX 15.8) -> mean-reversion strategy | Signal: HOLD | Shares held: 0.0 | Last price: $169.63
2026-09-24 19:15:42,208 | [MRSH] ACTION: No trade.
2026-09-24 19:15:42,284 | [MRVL] choppy/sideways (ADX 17.4) -> mean-reversion strategy | Signal: HOLD | Shares held: 0.0 | Last price: $261.55
2026-09-24 19:15:42,284 | [MRVL] ACTION: No trade.
2026-09-24 19:15:42,304 | [MS] trending (ADX 25.9) -> trend-following strategy | Signal: HOLD | Shares held: 0.0 | Last price: $196.61
2026-09-24 19:15:42,304 | [MS] ACTION: No trade.
2026-09-24 19:15:42,380 | [MSCI] trending (ADX 35.5) -> trend-following strategy | Signal: HOLD | Shares held: 0.0 | Last price: $556.94
2026-09-24 19:15:42,380 | [MSCI] ACTION: No trade.
2026-09-24 19:15:42,400 | [MSFT] choppy/sideways (ADX 14.7) -> mean-reversion strategy | Signal: HOLD | Shares held: 0.0 | Last price: $497.41
2026-09-24 19:15:42,400 | [MSFT] ACTION: No trade.
2026-09-24 19:15:42,476 | [MSI] choppy/sideways (ADX 21.8) -> mean-reversion strategy | Signal: HOLD | Shares held: 0.0 | Last price: $459.38
2026-09-24 19:15:42,476 | [MSI] ACTION: No trade.
2026-09-24 19:15:42,552 | [MTB] choppy/sideways (ADX 21.8) -> mean-reversion strategy | Signal: HOLD | Shares held: 0.0 | Last price: $218.89
2026-09-24 19:15:42,552 | [MTB] ACTION: No trade.
2026-09-24 19:15:42,630 | [MTD] trending (ADX 34.9) -> trend-following strategy | Signal: HOLD | Shares held: 0.0 | Last price: $1529.08
2026-09-24 19:15:42,630 | [MTD] ACTION: No trade.
2026-09-24 19:15:42,650 | [MU] choppy/sideways (ADX 19.3) -> mean-reversion strategy | Signal: HOLD | Shares held: 0.0 | Last price: $1075.62
2026-09-24 19:15:42,650 | [MU] ACTION: No trade.
2026-09-24 19:15:42,741 | [NCLH] choppy/sideways (ADX 13.5) -> mean-reversion strategy | Signal: HOLD | Shares held: 0.0 | Last price: $14.16
2026-09-24 19:15:42,741 | [NCLH] ACTION: No trade.
2026-09-24 19:15:42,817 | [NDAQ] choppy/sideways (ADX 18.0) -> mean-reversion strategy | Signal: HOLD | Shares held: 0.0 | Last price: $94.75
2026-09-24 19:15:42,818 | [NDAQ] ACTION: No trade.
2026-09-24 19:15:45,952 | [NDSN] choppy/sideways (ADX 18.5) -> mean-reversion strategy | Signal: HOLD | Shares held: 0.0 | Last price: $323.34
2026-09-24 19:15:45,952 | [NDSN] ACTION: No trade.
2026-09-24 19:15:46,029 | [NEE] trending (ADX 44.0) -> trend-following strategy | Signal: HOLD | Shares held: 0.0 | Last price: $75.98
2026-09-24 19:15:46,029 | [NEE] ACTION: No trade.
2026-09-24 19:15:46,105 | [NEM] choppy/sideways (ADX 24.8) -> mean-reversion strategy | Signal: HOLD | Shares held: 0.0 | Last price: $121.00
2026-09-24 19:15:46,105 | [NEM] ACTION: No trade.
2026-09-24 19:15:46,126 | [NFLX] choppy/sideways (ADX 24.9) -> mean-reversion strategy | Signal: HOLD | Shares held: 0.0 | Last price: $71.83
2026-09-24 19:15:46,126 | [NFLX] ACTION: No trade.
2026-09-24 19:15:46,202 | [NI] choppy/sideways (ADX 18.8) -> mean-reversion strategy | Signal: HOLD | Shares held: 0.0 | Last price: $39.09
2026-09-24 19:15:46,202 | [NI] ACTION: No trade.
2026-09-24 19:15:46,222 | [NKE] choppy/sideways (ADX 11.3) -> mean-reversion strategy | Signal: HOLD | Shares held: 0.0 | Last price: $35.73
2026-09-24 19:15:46,223 | [NKE] ACTION: No trade.
2026-09-24 19:15:46,298 | [NOC] choppy/sideways (ADX 15.3) -> mean-reversion strategy | Signal: HOLD | Shares held: 0.0 | Last price: $512.87
2026-09-24 19:15:46,298 | [NOC] ACTION: No trade.
2026-09-24 19:15:46,319 | [NOW] choppy/sideways (ADX 18.8) -> mean-reversion strategy | Signal: HOLD | Shares held: 0.0 | Last price: $138.82
2026-09-24 19:15:46,319 | [NOW] ACTION: No trade.
2026-09-24 19:15:46,395 | [NRG] trending (ADX 28.3) -> trend-following strategy | Signal: HOLD | Shares held: 0.0 | Last price: $98.03
2026-09-24 19:15:46,395 | [NRG] ACTION: No trade.
2026-09-24 19:15:46,474 | [NSC] trending (ADX 26.3) -> trend-following strategy | Signal: HOLD | Shares held: 0.0 | Last price: $313.31
2026-09-24 19:15:46,474 | [NSC] ACTION: No trade.
2026-09-24 19:15:46,552 | [NTAP] choppy/sideways (ADX 18.3) -> mean-reversion strategy | Signal: HOLD | Shares held: 0.0 | Last price: $200.76
2026-09-24 19:15:46,552 | [NTAP] ACTION: No trade.
2026-09-24 19:15:46,627 | [NTRS] choppy/sideways (ADX 18.5) -> mean-reversion strategy | Signal: HOLD | Shares held: 0.0 | Last price: $173.66
2026-09-24 19:15:46,627 | [NTRS] ACTION: No trade.
2026-09-24 19:15:46,718 | [NUE] trending (ADX 34.3) -> trend-following strategy | Signal: HOLD | Shares held: 0.0 | Last price: $249.66
2026-09-24 19:15:46,718 | [NUE] ACTION: No trade.
2026-09-24 19:15:46,740 | [NVDA] choppy/sideways (ADX 23.0) -> mean-reversion strategy | Signal: HOLD | Shares held: 0.0 | Last price: $224.23
2026-09-24 19:15:46,740 | [NVDA] ACTION: No trade.
2026-09-24 19:15:46,817 | [NVR] choppy/sideways (ADX 14.8) -> mean-reversion strategy | Signal: HOLD | Shares held: 0.0 | Last price: $6210.11
2026-09-24 19:15:46,817 | [NVR] ACTION: No trade.
2026-09-24 19:15:46,892 | [NWSA] choppy/sideways (ADX 15.8) -> mean-reversion strategy | Signal: HOLD | Shares held: 0.0 | Last price: $28.36
2026-09-24 19:15:46,893 | [NWSA] ACTION: No trade.
2026-09-24 19:15:46,970 | [NXPI] choppy/sideways (ADX 23.9) -> mean-reversion strategy | Signal: HOLD | Shares held: 0.0 | Last price: $231.01
2026-09-24 19:15:46,970 | [NXPI] ACTION: No trade.
2026-09-24 19:15:47,046 | [O] choppy/sideways (ADX 20.5) -> mean-reversion strategy | Signal: HOLD | Shares held: 0.0 | Last price: $55.30
2026-09-24 19:15:47,046 | [O] ACTION: No trade.
2026-09-24 19:15:50,181 | [ODFL] trending (ADX 27.9) -> trend-following strategy | Signal: HOLD | Shares held: 0.0 | Last price: $174.88
2026-09-24 19:15:50,181 | [ODFL] ACTION: No trade.
2026-09-24 19:15:50,257 | [OKE] choppy/sideways (ADX 15.6) -> mean-reversion strategy | Signal: HOLD | Shares held: 0.0 | Last price: $91.07
2026-09-24 19:15:50,257 | [OKE] ACTION: No trade.
2026-09-24 19:15:50,332 | [OMC] choppy/sideways (ADX 12.1) -> mean-reversion strategy | Signal: HOLD | Shares held: 0.0 | Last price: $74.75
2026-09-24 19:15:50,332 | [OMC] ACTION: No trade.
2026-09-24 19:15:50,408 | [ON] choppy/sideways (ADX 15.3) -> mean-reversion strategy | Signal: HOLD | Shares held: 0.0 | Last price: $72.79
2026-09-24 19:15:50,408 | [ON] ACTION: No trade.
2026-09-24 19:15:50,428 | [ORCL] trending (ADX 32.2) -> trend-following strategy | Signal: HOLD | Shares held: 0.0 | Last price: $139.73
2026-09-24 19:15:50,428 | [ORCL] ACTION: No trade.
2026-09-24 19:15:50,504 | [ORLY] choppy/sideways (ADX 19.9) -> mean-reversion strategy | Signal: HOLD | Shares held: 0.0 | Last price: $86.59
2026-09-24 19:15:50,504 | [ORLY] ACTION: No trade.
2026-09-24 19:15:50,580 | [OTIS] trending (ADX 33.9) -> trend-following strategy | Signal: HOLD | Shares held: 0.0 | Last price: $66.79
2026-09-24 19:15:50,580 | [OTIS] ACTION: No trade.
2026-09-24 19:15:50,660 | [OXY] choppy/sideways (ADX 20.9) -> mean-reversion strategy | Signal: HOLD | Shares held: 0.0 | Last price: $58.09
2026-09-24 19:15:50,660 | [OXY] ACTION: No trade.
2026-09-24 19:15:50,737 | [P] trending (ADX 35.9) -> trend-following strategy | Signal: HOLD | Shares held: 0.0 | Last price: $124.23
2026-09-24 19:15:50,737 | [P] ACTION: No trade.
2026-09-24 19:15:50,757 | [PANW] trending (ADX 39.2) -> trend-following strategy | Signal: HOLD | Shares held: 0.0 | Last price: $392.81
2026-09-24 19:15:50,757 | [PANW] ACTION: No trade.
2026-09-24 19:15:50,843 | [PAYX] trending (ADX 34.1) -> trend-following strategy | Signal: HOLD | Shares held: 0.0 | Last price: $102.33
2026-09-24 19:15:50,843 | [PAYX] ACTION: No trade.
2026-09-24 19:15:50,918 | [PCAR] trending (ADX 27.4) -> trend-following strategy | Signal: HOLD | Shares held: 0.0 | Last price: $110.36
2026-09-24 19:15:50,918 | [PCAR] ACTION: No trade.
2026-09-24 19:15:50,994 | [PCG] trending (ADX 37.9) -> trend-following strategy | Signal: HOLD | Shares held: 0.0 | Last price: $12.26
2026-09-24 19:15:50,994 | [PCG] ACTION: No trade.
2026-09-24 19:15:51,070 | [PEG] trending (ADX 36.6) -> trend-following strategy | Signal: HOLD | Shares held: 0.0 | Last price: $66.72
2026-09-24 19:15:51,070 | [PEG] ACTION: No trade.
2026-09-24 19:15:51,090 | [PEP] choppy/sideways (ADX 14.4) -> mean-reversion strategy | Signal: HOLD | Shares held: 0.0 | Last price: $128.37
2026-09-24 19:15:51,091 | [PEP] ACTION: No trade.
2026-09-24 19:15:51,111 | [PFE] choppy/sideways (ADX 24.2) -> mean-reversion strategy | Signal: HOLD | Shares held: 0.0 | Last price: $28.41
2026-09-24 19:15:51,111 | [PFE] ACTION: No trade.
2026-09-24 19:15:51,188 | [PFG] choppy/sideways (ADX 12.3) -> mean-reversion strategy | Signal: HOLD | Shares held: 0.0 | Last price: $114.36
2026-09-24 19:15:51,188 | [PFG] ACTION: No trade.
2026-09-24 19:15:51,208 | [PG] choppy/sideways (ADX 11.4) -> mean-reversion strategy | Signal: HOLD | Shares held: 0.0 | Last price: $146.45
2026-09-24 19:15:51,209 | [PG] ACTION: No trade.
2026-09-24 19:15:51,287 | [PGR] choppy/sideways (ADX 16.8) -> mean-reversion strategy | Signal: HOLD | Shares held: 0.0 | Last price: $202.18
2026-09-24 19:15:51,287 | [PGR] ACTION: No trade.
2026-09-24 19:15:51,363 | [PH] choppy/sideways (ADX 11.4) -> mean-reversion strategy | Signal: HOLD | Shares held: 0.0 | Last price: $973.24
2026-09-24 19:15:51,364 | [PH] ACTION: No trade.
2026-09-24 19:15:54,495 | [PHM] choppy/sideways (ADX 21.5) -> mean-reversion strategy | Signal: HOLD | Shares held: 0.0 | Last price: $117.81
2026-09-24 19:15:54,495 | [PHM] ACTION: No trade.
2026-09-24 19:15:54,666 | [PKG] trending (ADX 25.9) -> trend-following strategy | Signal: HOLD | Shares held: 0.0 | Last price: $235.91
2026-09-24 19:15:54,666 | [PKG] ACTION: No trade.
2026-09-24 19:15:54,745 | [PLD] choppy/sideways (ADX 16.4) -> mean-reversion strategy | Signal: HOLD | Shares held: 0.0 | Last price: $133.94
2026-09-24 19:15:54,745 | [PLD] ACTION: No trade.
2026-09-24 19:15:54,765 | [PLTR] choppy/sideways (ADX 14.7) -> mean-reversion strategy | Signal: HOLD | Shares held: 0.0 | Last price: $192.18
2026-09-24 19:15:54,765 | [PLTR] ACTION: No trade.
2026-09-24 19:15:54,785 | [PM] choppy/sideways (ADX 14.5) -> mean-reversion strategy | Signal: HOLD | Shares held: 0.0 | Last price: $191.82
2026-09-24 19:15:54,786 | [PM] ACTION: No trade.
2026-09-24 19:15:54,861 | [PNC] choppy/sideways (ADX 24.9) -> mean-reversion strategy | Signal: HOLD | Shares held: 0.0 | Last price: $222.91
2026-09-24 19:15:54,862 | [PNC] ACTION: No trade.
2026-09-24 19:15:54,939 | [PNR] trending (ADX 39.2) -> trend-following strategy | Signal: HOLD | Shares held: 0.0 | Last price: $52.67
2026-09-24 19:15:54,939 | [PNR] ACTION: No trade.
2026-09-24 19:15:55,015 | [PNW] choppy/sideways (ADX 14.8) -> mean-reversion strategy | Signal: HOLD | Shares held: 0.0 | Last price: $91.17
2026-09-24 19:15:55,015 | [PNW] ACTION: No trade.
2026-09-24 19:15:55,092 | [PODD] choppy/sideways (ADX 14.3) -> mean-reversion strategy | Signal: HOLD | Shares held: 0.0 | Last price: $135.09
2026-09-24 19:15:55,092 | [PODD] ACTION: No trade.
2026-09-24 19:15:55,170 | [PPG] choppy/sideways (ADX 14.1) -> mean-reversion strategy | Signal: HOLD | Shares held: 0.0 | Last price: $106.19
2026-09-24 19:15:55,170 | [PPG] ACTION: No trade.
2026-09-24 19:15:55,246 | [PPL] choppy/sideways (ADX 21.1) -> mean-reversion strategy | Signal: HOLD | Shares held: 0.0 | Last price: $32.05
2026-09-24 19:15:55,246 | [PPL] ACTION: No trade.
2026-09-24 19:15:55,323 | [PRU] choppy/sideways (ADX 24.5) -> mean-reversion strategy | Signal: HOLD | Shares held: 0.0 | Last price: $119.33
2026-09-24 19:15:55,323 | [PRU] ACTION: No trade.
2026-09-24 19:15:55,398 | [PSA] trending (ADX 32.6) -> trend-following strategy | Signal: HOLD | Shares held: 0.0 | Last price: $284.73
2026-09-24 19:15:55,398 | [PSA] ACTION: No trade.
2026-09-24 19:15:55,474 | [PSKY] choppy/sideways (ADX 10.7) -> mean-reversion strategy | Signal: HOLD | Shares held: 0.0 | Last price: $10.07
2026-09-24 19:15:55,474 | [PSKY] ACTION: No trade.
2026-09-24 19:15:55,550 | [PSX] choppy/sideways (ADX 17.7) -> mean-reversion strategy | Signal: HOLD | Shares held: 0.0 | Last price: $259.02
2026-09-24 19:15:55,550 | [PSX] ACTION: No trade.
2026-09-24 19:15:55,631 | [PTC] trending (ADX 29.7) -> trend-following strategy | Signal: HOLD | Shares held: 0.0 | Last price: $137.06
2026-09-24 19:15:55,631 | [PTC] ACTION: No trade.
2026-09-24 19:15:58,762 | [PWR] choppy/sideways (ADX 13.3) -> mean-reversion strategy | Signal: HOLD | Shares held: 0.0 | Last price: $643.90
2026-09-24 19:15:58,762 | [PWR] ACTION: No trade.
2026-09-24 19:15:58,839 | [PYPL] choppy/sideways (ADX 12.7) -> mean-reversion strategy | Signal: HOLD | Shares held: 0.0 | Last price: $52.22
2026-09-24 19:15:58,839 | [PYPL] ACTION: No trade.
2026-09-24 19:15:58,914 | [Q] choppy/sideways (ADX 16.5) -> mean-reversion strategy | Signal: HOLD | Shares held: 0.0 | Last price: $122.12
2026-09-24 19:15:58,914 | [Q] ACTION: No trade.
2026-09-24 19:15:58,935 | [QCOM] choppy/sideways (ADX 15.5) -> mean-reversion strategy | Signal: HOLD | Shares held: 0.0 | Last price: $194.08
2026-09-24 19:15:58,935 | [QCOM] ACTION: No trade.
2026-09-24 19:15:59,013 | [RCL] trending (ADX 35.8) -> trend-following strategy | Signal: HOLD | Shares held: 0.0 | Last price: $239.37
2026-09-24 19:15:59,013 | [RCL] ACTION: No trade.
2026-09-24 19:15:59,093 | [RDDT] choppy/sideways (ADX 16.0) -> mean-reversion strategy | Signal: HOLD | Shares held: 0.0 | Last price: $151.31
2026-09-24 19:15:59,093 | [RDDT] ACTION: No trade.
2026-09-24 19:15:59,170 | [REG] choppy/sideways (ADX 14.7) -> mean-reversion strategy | Signal: HOLD | Shares held: 0.0 | Last price: $72.77
2026-09-24 19:15:59,170 | [REG] ACTION: No trade.
2026-09-24 19:15:59,248 | [REGN] choppy/sideways (ADX 15.7) -> mean-reversion strategy | Signal: HOLD | Shares held: 0.0 | Last price: $794.87
2026-09-24 19:15:59,248 | [REGN] ACTION: No trade.
2026-09-24 19:15:59,323 | [RF] choppy/sideways (ADX 24.1) -> mean-reversion strategy | Signal: HOLD | Shares held: 0.0 | Last price: $27.27
2026-09-24 19:15:59,323 | [RF] ACTION: No trade.
2026-09-24 19:15:59,399 | [RJF] choppy/sideways (ADX 21.3) -> mean-reversion strategy | Signal: HOLD | Shares held: 0.0 | Last price: $158.20
2026-09-24 19:15:59,399 | [RJF] ACTION: No trade.
2026-09-24 19:15:59,475 | [RL] trending (ADX 28.7) -> trend-following strategy | Signal: HOLD | Shares held: 0.0 | Last price: $351.00
2026-09-24 19:15:59,475 | [RL] ACTION: No trade.
2026-09-24 19:15:59,554 | [RMD] choppy/sideways (ADX 9.0) -> mean-reversion strategy | Signal: HOLD | Shares held: 0.0 | Last price: $221.69
2026-09-24 19:15:59,554 | [RMD] ACTION: No trade.
2026-09-24 19:15:59,631 | [ROK] choppy/sideways (ADX 12.6) -> mean-reversion strategy | Signal: HOLD | Shares held: 0.0 | Last price: $431.49
2026-09-24 19:15:59,631 | [ROK] ACTION: No trade.
2026-09-24 19:15:59,706 | [ROL] trending (ADX 50.3) -> trend-following strategy | Signal: HOLD | Shares held: 0.0 | Last price: $30.28
2026-09-24 19:15:59,706 | [ROL] ACTION: No trade.
2026-09-24 19:15:59,784 | [ROP] choppy/sideways (ADX 11.9) -> mean-reversion strategy | Signal: HOLD | Shares held: 0.0 | Last price: $364.54
2026-09-24 19:15:59,784 | [ROP] ACTION: No trade.
2026-09-24 19:16:02,916 | [ROST] trending (ADX 25.2) -> trend-following strategy | Signal: HOLD | Shares held: 0.0 | Last price: $236.38
2026-09-24 19:16:02,916 | [ROST] ACTION: No trade.
2026-09-24 19:16:02,992 | [RSG] choppy/sideways (ADX 9.8) -> mean-reversion strategy | Signal: HOLD | Shares held: 0.0 | Last price: $214.00
2026-09-24 19:16:02,992 | [RSG] ACTION: No trade.
2026-09-24 19:16:03,012 | [RTX] choppy/sideways (ADX 19.9) -> mean-reversion strategy | Signal: HOLD | Shares held: 0.0 | Last price: $190.22
2026-09-24 19:16:03,012 | [RTX] ACTION: No trade.
2026-09-24 19:16:03,090 | [RVTY] trending (ADX 40.3) -> trend-following strategy | Signal: HOLD | Shares held: 0.0 | Last price: $149.81
2026-09-24 19:16:03,090 | [RVTY] ACTION: No trade.
2026-09-24 19:16:03,167 | [SBAC] trending (ADX 31.6) -> trend-following strategy | Signal: HOLD | Shares held: 0.0 | Last price: $167.39
2026-09-24 19:16:03,167 | [SBAC] ACTION: No trade.
2026-09-24 19:16:03,187 | [SBUX] choppy/sideways (ADX 11.0) -> mean-reversion strategy | Signal: HOLD | Shares held: 0.0 | Last price: $93.58
2026-09-24 19:16:03,187 | [SBUX] ACTION: No trade.
2026-09-24 19:16:03,208 | [SCHW] trending (ADX 28.2) -> trend-following strategy | Signal: HOLD | Shares held: 0.0 | Last price: $99.39
2026-09-24 19:16:03,208 | [SCHW] ACTION: No trade.
2026-09-24 19:16:03,285 | [SHW] trending (ADX 29.3) -> trend-following strategy | Signal: HOLD | Shares held: 0.0 | Last price: $318.71
2026-09-24 19:16:03,285 | [SHW] ACTION: No trade.
2026-09-24 19:16:03,365 | [SJM] choppy/sideways (ADX 21.4) -> mean-reversion strategy | Signal: HOLD | Shares held: 0.0 | Last price: $122.58
2026-09-24 19:16:03,365 | [SJM] ACTION: No trade.
2026-09-24 19:16:03,385 | [SLB] choppy/sideways (ADX 16.7) -> mean-reversion strategy | Signal: HOLD | Shares held: 0.0 | Last price: $51.64
2026-09-24 19:16:03,385 | [SLB] ACTION: No trade.
2026-09-24 19:16:03,406 | [SMCI] trending (ADX 29.9) -> trend-following strategy | Signal: HOLD | Shares held: 0.0 | Last price: $41.63
2026-09-24 19:16:03,406 | [SMCI] ACTION: No trade.
2026-09-24 19:16:03,482 | [SNDK] trending (ADX 38.5) -> trend-following strategy | Signal: HOLD | Shares held: 0.0 | Last price: $1739.45
2026-09-24 19:16:03,482 | [SNDK] ACTION: No trade.
2026-09-24 19:16:03,561 | [SNPS] choppy/sideways (ADX 15.7) -> mean-reversion strategy | Signal: HOLD | Shares held: 0.0 | Last price: $422.35
2026-09-24 19:16:03,561 | [SNPS] ACTION: No trade.
2026-09-24 19:16:03,637 | [SO] choppy/sideways (ADX 21.3) -> mean-reversion strategy | Signal: HOLD | Shares held: 0.0 | Last price: $83.13
2026-09-24 19:16:03,637 | [SO] ACTION: No trade.
2026-09-24 19:16:03,716 | [SPG] choppy/sideways (ADX 24.0) -> mean-reversion strategy | Signal: HOLD | Shares held: 0.0 | Last price: $204.80
2026-09-24 19:16:03,716 | [SPG] ACTION: No trade.
2026-09-24 19:16:03,792 | [SPGI] choppy/sideways (ADX 15.0) -> mean-reversion strategy | Signal: HOLD | Shares held: 0.0 | Last price: $403.25
2026-09-24 19:16:03,792 | [SPGI] ACTION: No trade.
2026-09-24 19:16:03,868 | [SRE] trending (ADX 51.7) -> trend-following strategy | Signal: HOLD | Shares held: 0.0 | Last price: $77.80
2026-09-24 19:16:03,868 | [SRE] ACTION: No trade.
2026-09-24 19:16:03,944 | [STE] choppy/sideways (ADX 19.5) -> mean-reversion strategy | Signal: HOLD | Shares held: 0.0 | Last price: $209.37
2026-09-24 19:16:03,944 | [STE] ACTION: No trade.
2026-09-24 19:16:04,026 | [STLD] trending (ADX 27.0) -> trend-following strategy | Signal: HOLD | Shares held: 0.0 | Last price: $236.79
2026-09-24 19:16:04,026 | [STLD] ACTION: No trade.
2026-09-24 19:16:07,158 | [STT] choppy/sideways (ADX 12.7) -> mean-reversion strategy | Signal: HOLD | Shares held: 0.0 | Last price: $180.84
2026-09-24 19:16:07,158 | [STT] ACTION: No trade.
2026-09-24 19:16:07,233 | [STX] choppy/sideways (ADX 18.4) -> mean-reversion strategy | Signal: HOLD | Shares held: 0.0 | Last price: $901.74
2026-09-24 19:16:07,233 | [STX] ACTION: No trade.
2026-09-24 19:16:07,308 | [STZ] choppy/sideways (ADX 15.7) -> mean-reversion strategy | Signal: HOLD | Shares held: 0.0 | Last price: $114.85
2026-09-24 19:16:07,308 | [STZ] ACTION: No trade.
2026-09-24 19:16:07,384 | [SW] trending (ADX 31.9) -> trend-following strategy | Signal: HOLD | Shares held: 0.0 | Last price: $45.11
2026-09-24 19:16:07,385 | [SW] ACTION: No trade.
2026-09-24 19:16:07,461 | [SWK] choppy/sideways (ADX 20.4) -> mean-reversion strategy | Signal: HOLD | Shares held: 0.0 | Last price: $90.11
2026-09-24 19:16:07,461 | [SWK] ACTION: No trade.
2026-09-24 19:16:07,537 | [SWKS] choppy/sideways (ADX 18.5) -> mean-reversion strategy | Signal: HOLD | Shares held: 0.0 | Last price: $88.54
2026-09-24 19:16:07,537 | [SWKS] ACTION: No trade.
2026-09-24 19:16:07,616 | [SYF] choppy/sideways (ADX 22.8) -> mean-reversion strategy | Signal: HOLD | Shares held: 0.0 | Last price: $71.31
2026-09-24 19:16:07,616 | [SYF] ACTION: No trade.
2026-09-24 19:16:07,698 | [SYK] trending (ADX 28.4) -> trend-following strategy | Signal: HOLD | Shares held: 0.0 | Last price: $271.07
2026-09-24 19:16:07,698 | [SYK] ACTION: No trade.
2026-09-24 19:16:07,773 | [SYY] choppy/sideways (ADX 20.8) -> mean-reversion strategy | Signal: HOLD | Shares held: 0.0 | Last price: $78.43
2026-09-24 19:16:07,773 | [SYY] ACTION: No trade.
2026-09-24 19:16:07,794 | [T] choppy/sideways (ADX 17.9) -> mean-reversion strategy | Signal: HOLD | Shares held: 0.0 | Last price: $25.57
2026-09-24 19:16:07,794 | [T] ACTION: No trade.
2026-09-24 19:16:07,871 | [TDG] choppy/sideways (ADX 12.7) -> mean-reversion strategy | Signal: HOLD | Shares held: 0.0 | Last price: $1109.25
2026-09-24 19:16:07,871 | [TDG] ACTION: No trade.
2026-09-24 19:16:07,947 | [TDY] choppy/sideways (ADX 12.0) -> mean-reversion strategy | Signal: HOLD | Shares held: 0.0 | Last price: $616.46
2026-09-24 19:16:07,947 | [TDY] ACTION: No trade.
2026-09-24 19:16:08,022 | [TECH] trending (ADX 33.9) -> trend-following strategy | Signal: HOLD | Shares held: 0.0 | Last price: $72.55
2026-09-24 19:16:08,022 | [TECH] ACTION: No trade.
2026-09-24 19:16:08,098 | [TEL] choppy/sideways (ADX 18.5) -> mean-reversion strategy | Signal: HOLD | Shares held: 0.0 | Last price: $213.85
2026-09-24 19:16:08,098 | [TEL] ACTION: No trade.
2026-09-24 19:16:08,176 | [TER] choppy/sideways (ADX 19.3) -> mean-reversion strategy | Signal: HOLD | Shares held: 0.0 | Last price: $386.58
2026-09-24 19:16:08,176 | [TER] ACTION: No trade.
2026-09-24 19:16:11,311 | [TFC] trending (ADX 26.9) -> trend-following strategy | Signal: HOLD | Shares held: 0.0 | Last price: $47.08
2026-09-24 19:16:11,311 | [TFC] ACTION: No trade.
2026-09-24 19:16:11,386 | [TGT] choppy/sideways (ADX 20.4) -> mean-reversion strategy | Signal: HOLD | Shares held: 0.0 | Last price: $157.91
2026-09-24 19:16:11,387 | [TGT] ACTION: No trade.
2026-09-24 19:16:11,463 | [TJX] choppy/sideways (ADX 18.3) -> mean-reversion strategy | Signal: HOLD | Shares held: 0.0 | Last price: $131.38
2026-09-24 19:16:11,463 | [TJX] ACTION: No trade.
2026-09-24 19:16:11,540 | [TKO] trending (ADX 31.3) -> trend-following strategy | Signal: HOLD | Shares held: 0.0 | Last price: $184.49
2026-09-24 19:16:11,540 | [TKO] ACTION: No trade.
2026-09-24 19:16:11,560 | [TMO] choppy/sideways (ADX 24.4) -> mean-reversion strategy | Signal: HOLD | Shares held: 0.0 | Last price: $681.51
2026-09-24 19:16:11,560 | [TMO] ACTION: No trade.
2026-09-24 19:16:11,581 | [TMUS] choppy/sideways (ADX 15.2) -> mean-reversion strategy | Signal: HOLD | Shares held: 0.0 | Last price: $165.46
2026-09-24 19:16:11,581 | [TMUS] ACTION: No trade.
2026-09-24 19:16:11,656 | [TPL] trending (ADX 33.0) -> trend-following strategy | Signal: HOLD | Shares held: 0.0 | Last price: $338.38
2026-09-24 19:16:11,657 | [TPL] ACTION: No trade.
2026-09-24 19:16:11,732 | [TPR] choppy/sideways (ADX 17.9) -> mean-reversion strategy | Signal: HOLD | Shares held: 0.0 | Last price: $111.81
2026-09-24 19:16:11,732 | [TPR] ACTION: No trade.
2026-09-24 19:16:11,807 | [TRGP] trending (ADX 29.5) -> trend-following strategy | Signal: HOLD | Shares held: 0.0 | Last price: $284.36
2026-09-24 19:16:11,807 | [TRGP] ACTION: No trade.
2026-09-24 19:16:11,884 | [TRMB] trending (ADX 31.5) -> trend-following strategy | Signal: HOLD | Shares held: 0.0 | Last price: $57.79
2026-09-24 19:16:11,884 | [TRMB] ACTION: No trade.
2026-09-24 19:16:11,960 | [TROW] choppy/sideways (ADX 15.4) -> mean-reversion strategy | Signal: HOLD | Shares held: 0.0 | Last price: $103.97
2026-09-24 19:16:11,960 | [TROW] ACTION: No trade.
2026-09-24 19:16:12,035 | [TRV] choppy/sideways (ADX 17.8) -> mean-reversion strategy | Signal: HOLD | Shares held: 0.0 | Last price: $364.72
2026-09-24 19:16:12,036 | [TRV] ACTION: No trade.
2026-09-24 19:16:12,111 | [TSCO] trending (ADX 26.1) -> trend-following strategy | Signal: HOLD | Shares held: 0.0 | Last price: $31.46
2026-09-24 19:16:12,112 | [TSCO] ACTION: No trade.
2026-09-24 19:16:12,132 | [TSLA] choppy/sideways (ADX 17.7) -> mean-reversion strategy | Signal: HOLD | Shares held: 0.0 | Last price: $378.48
2026-09-24 19:16:12,132 | [TSLA] ACTION: No trade.
2026-09-24 19:16:12,256 | [TSN] choppy/sideways (ADX 13.6) -> mean-reversion strategy | Signal: HOLD | Shares held: 0.0 | Last price: $51.01
2026-09-24 19:16:12,256 | [TSN] ACTION: No trade.
2026-09-24 19:16:12,332 | [TT] choppy/sideways (ADX 13.2) -> mean-reversion strategy | Signal: HOLD | Shares held: 0.0 | Last price: $439.12
2026-09-24 19:16:12,332 | [TT] ACTION: No trade.
2026-09-24 19:16:12,407 | [TTWO] choppy/sideways (ADX 24.1) -> mean-reversion strategy | Signal: HOLD | Shares held: 0.0 | Last price: $203.05
2026-09-24 19:16:12,408 | [TTWO] ACTION: No trade.
2026-09-24 19:16:12,428 | [TXN] choppy/sideways (ADX 12.7) -> mean-reversion strategy | Signal: HOLD | Shares held: 0.0 | Last price: $270.48
2026-09-24 19:16:12,428 | [TXN] ACTION: No trade.
2026-09-24 19:16:15,560 | [TXT] choppy/sideways (ADX 17.3) -> mean-reversion strategy | Signal: HOLD | Shares held: 0.0 | Last price: $76.33
2026-09-24 19:16:15,560 | [TXT] ACTION: No trade.
2026-09-24 19:16:15,636 | [TYL] choppy/sideways (ADX 11.8) -> mean-reversion strategy | Signal: HOLD | Shares held: 0.0 | Last price: $329.75
2026-09-24 19:16:15,636 | [TYL] ACTION: No trade.
2026-09-24 19:16:15,712 | [UAL] trending (ADX 30.1) -> trend-following strategy | Signal: HOLD | Shares held: 0.0 | Last price: $111.28
2026-09-24 19:16:15,712 | [UAL] ACTION: No trade.
2026-09-24 19:16:15,824 | [UBER] choppy/sideways (ADX 10.5) -> mean-reversion strategy | Signal: HOLD | Shares held: 0.0 | Last price: $69.28
2026-09-24 19:16:15,824 | [UBER] ACTION: No trade.
2026-09-24 19:16:15,900 | [UDR] choppy/sideways (ADX 19.3) -> mean-reversion strategy | Signal: HOLD | Shares held: 0.0 | Last price: $33.45
2026-09-24 19:16:15,900 | [UDR] ACTION: No trade.
2026-09-24 19:16:15,977 | [UHS] trending (ADX 39.4) -> trend-following strategy | Signal: HOLD | Shares held: 0.0 | Last price: $177.49
2026-09-24 19:16:15,977 | [UHS] ACTION: No trade.
2026-09-24 19:16:16,053 | [ULTA] choppy/sideways (ADX 19.7) -> mean-reversion strategy | Signal: HOLD | Shares held: 0.0 | Last price: $547.77
2026-09-24 19:16:16,053 | [ULTA] ACTION: No trade.
2026-09-24 19:16:16,074 | [UNH] choppy/sideways (ADX 23.5) -> mean-reversion strategy | Signal: HOLD | Shares held: 0.0 | Last price: $374.23
2026-09-24 19:16:16,074 | [UNH] ACTION: No trade.
2026-09-24 19:16:16,150 | [UNP] trending (ADX 31.4) -> trend-following strategy | Signal: HOLD | Shares held: 0.0 | Last price: $273.11
2026-09-24 19:16:16,150 | [UNP] ACTION: No trade.
2026-09-24 19:16:16,170 | [UPS] trending (ADX 48.5) -> trend-following strategy | Signal: HOLD | Shares held: 0.0 | Last price: $91.76
2026-09-24 19:16:16,170 | [UPS] ACTION: No trade.
2026-09-24 19:16:16,247 | [URI] trending (ADX 27.0) -> trend-following strategy | Signal: HOLD | Shares held: 0.0 | Last price: $1016.67
2026-09-24 19:16:16,247 | [URI] ACTION: No trade.
2026-09-24 19:16:16,333 | [USB] choppy/sideways (ADX 22.2) -> mean-reversion strategy | Signal: HOLD | Shares held: 0.0 | Last price: $58.35
2026-09-24 19:16:16,333 | [USB] ACTION: No trade.
2026-09-24 19:16:16,353 | [V] trending (ADX 31.0) -> trend-following strategy | Signal: HOLD | Shares held: 0.0 | Last price: $366.89
2026-09-24 19:16:16,353 | [V] ACTION: No trade.
2026-09-24 19:16:16,430 | [VEEV] trending (ADX 36.4) -> trend-following strategy | Signal: HOLD | Shares held: 0.0 | Last price: $274.57
2026-09-24 19:16:16,430 | [VEEV] ACTION: No trade.
2026-09-24 19:16:16,506 | [VICI] trending (ADX 34.8) -> trend-following strategy | Signal: HOLD | Shares held: 0.0 | Last price: $23.27
2026-09-24 19:16:16,507 | [VICI] ACTION: No trade.
2026-09-24 19:16:16,582 | [VLO] choppy/sideways (ADX 16.1) -> mean-reversion strategy | Signal: HOLD | Shares held: 0.0 | Last price: $386.78
2026-09-24 19:16:16,583 | [VLO] ACTION: No trade.
2026-09-24 19:16:16,659 | [VLTO] trending (ADX 26.2) -> trend-following strategy | Signal: HOLD | Shares held: 0.0 | Last price: $96.20
2026-09-24 19:16:16,659 | [VLTO] ACTION: No trade.
2026-09-24 19:16:19,790 | [VMC] choppy/sideways (ADX 14.6) -> mean-reversion strategy | Signal: HOLD | Shares held: 0.0 | Last price: $241.65
2026-09-24 19:16:19,790 | [VMC] ACTION: No trade.
2026-09-24 19:16:19,873 | [VMRK] choppy/sideways (ADX 15.5) -> mean-reversion strategy | Signal: HOLD | Shares held: 0.0 | Last price: $60.88
2026-09-24 19:16:19,873 | [VMRK] ACTION: No trade.
2026-09-24 19:16:19,995 | [VRSK] choppy/sideways (ADX 18.4) -> mean-reversion strategy | Signal: HOLD | Shares held: 0.0 | Last price: $168.39
2026-09-24 19:16:19,995 | [VRSK] ACTION: No trade.
2026-09-24 19:16:20,073 | [VRSN] choppy/sideways (ADX 14.8) -> mean-reversion strategy | Signal: HOLD | Shares held: 0.0 | Last price: $294.25
2026-09-24 19:16:20,073 | [VRSN] ACTION: No trade.
2026-09-24 19:16:20,148 | [VRT] trending (ADX 27.7) -> trend-following strategy | Signal: HOLD | Shares held: 0.0 | Last price: $244.21
2026-09-24 19:16:20,148 | [VRT] ACTION: No trade.
2026-09-24 19:16:20,224 | [VRTX] trending (ADX 28.9) -> trend-following strategy | Signal: HOLD | Shares held: 0.0 | Last price: $522.61
2026-09-24 19:16:20,224 | [VRTX] ACTION: No trade.
2026-09-24 19:16:20,301 | [VST] choppy/sideways (ADX 23.9) -> mean-reversion strategy | Signal: HOLD | Shares held: 0.0 | Last price: $138.22
2026-09-24 19:16:20,301 | [VST] ACTION: No trade.
2026-09-24 19:16:20,377 | [VTR] choppy/sideways (ADX 17.4) -> mean-reversion strategy | Signal: HOLD | Shares held: 0.0 | Last price: $87.36
2026-09-24 19:16:20,377 | [VTR] ACTION: No trade.
2026-09-24 19:16:20,452 | [VTRS] choppy/sideways (ADX 11.0) -> mean-reversion strategy | Signal: HOLD | Shares held: 0.0 | Last price: $17.28
2026-09-24 19:16:20,452 | [VTRS] ACTION: No trade.
2026-09-24 19:16:20,473 | [VZ] trending (ADX 27.3) -> trend-following strategy | Signal: HOLD | Shares held: 0.0 | Last price: $47.34
2026-09-24 19:16:20,473 | [VZ] ACTION: No trade.
2026-09-24 19:16:20,550 | [WAB] choppy/sideways (ADX 23.6) -> mean-reversion strategy | Signal: HOLD | Shares held: 0.0 | Last price: $289.22
2026-09-24 19:16:20,550 | [WAB] ACTION: No trade.
2026-09-24 19:16:20,628 | [WAT] trending (ADX 29.6) -> trend-following strategy | Signal: HOLD | Shares held: 0.0 | Last price: $432.19
2026-09-24 19:16:20,628 | [WAT] ACTION: No trade.
2026-09-24 19:16:20,704 | [WBD] choppy/sideways (ADX 21.6) -> mean-reversion strategy | Signal: HOLD | Shares held: 0.0 | Last price: $30.82
2026-09-24 19:16:20,704 | [WBD] ACTION: No trade.
2026-09-24 19:16:20,781 | [WDAY] trending (ADX 26.3) -> trend-following strategy | Signal: HOLD | Shares held: 0.0 | Last price: $192.14
2026-09-24 19:16:20,781 | [WDAY] ACTION: No trade.
2026-09-24 19:16:20,857 | [WDC] choppy/sideways (ADX 19.1) -> mean-reversion strategy | Signal: HOLD | Shares held: 0.0 | Last price: $450.68
2026-09-24 19:16:20,857 | [WDC] ACTION: No trade.
2026-09-24 19:16:23,988 | [WEC] choppy/sideways (ADX 14.8) -> mean-reversion strategy | Signal: HOLD | Shares held: 0.0 | Last price: $101.70
2026-09-24 19:16:23,988 | [WEC] ACTION: No trade.
2026-09-24 19:16:24,063 | [WELL] choppy/sideways (ADX 20.6) -> mean-reversion strategy | Signal: HOLD | Shares held: 0.0 | Last price: $234.78
2026-09-24 19:16:24,064 | [WELL] ACTION: No trade.
2026-09-24 19:16:24,084 | [WFC] trending (ADX 28.6) -> trend-following strategy | Signal: HOLD | Shares held: 0.0 | Last price: $82.27
2026-09-24 19:16:24,084 | [WFC] ACTION: No trade.
2026-09-24 19:16:24,160 | [WM] choppy/sideways (ADX 11.8) -> mean-reversion strategy | Signal: HOLD | Shares held: 0.0 | Last price: $208.77
2026-09-24 19:16:24,160 | [WM] ACTION: No trade.
2026-09-24 19:16:24,235 | [WMB] trending (ADX 42.8) -> trend-following strategy | Signal: HOLD | Shares held: 0.0 | Last price: $70.70
2026-09-24 19:16:24,235 | [WMB] ACTION: No trade.
2026-09-24 19:16:24,255 | [WMT] trending (ADX 32.0) -> trend-following strategy | Signal: HOLD | Shares held: 0.0 | Last price: $108.31
2026-09-24 19:16:24,255 | [WMT] ACTION: No trade.
2026-09-24 19:16:24,338 | [WRB] trending (ADX 26.1) -> trend-following strategy | Signal: HOLD | Shares held: 0.0 | Last price: $67.59
2026-09-24 19:16:24,338 | [WRB] ACTION: No trade.
2026-09-24 19:16:24,414 | [WSM] choppy/sideways (ADX 13.8) -> mean-reversion strategy | Signal: HOLD | Shares held: 0.0 | Last price: $226.43
2026-09-24 19:16:24,414 | [WSM] ACTION: No trade.
2026-09-24 19:16:24,497 | [WST] choppy/sideways (ADX 12.8) -> mean-reversion strategy | Signal: HOLD | Shares held: 0.0 | Last price: $374.35
2026-09-24 19:16:24,497 | [WST] ACTION: No trade.
2026-09-24 19:16:24,576 | [WTW] choppy/sideways (ADX 9.0) -> mean-reversion strategy | Signal: HOLD | Shares held: 0.0 | Last price: $295.27
2026-09-24 19:16:24,576 | [WTW] ACTION: No trade.
2026-09-24 19:16:24,652 | [WY] trending (ADX 44.9) -> trend-following strategy | Signal: HOLD | Shares held: 0.0 | Last price: $20.27
2026-09-24 19:16:24,652 | [WY] ACTION: No trade.
2026-09-24 19:16:24,728 | [WYNN] trending (ADX 26.4) -> trend-following strategy | Signal: HOLD | Shares held: 0.0 | Last price: $79.93
2026-09-24 19:16:24,728 | [WYNN] ACTION: No trade.
2026-09-24 19:16:24,803 | [XEL] trending (ADX 33.6) -> trend-following strategy | Signal: HOLD | Shares held: 0.0 | Last price: $69.97
2026-09-24 19:16:24,803 | [XEL] ACTION: No trade.
2026-09-24 19:16:24,823 | [XOM] trending (ADX 26.2) -> trend-following strategy | Signal: HOLD | Shares held: 0.0 | Last price: $162.13
2026-09-24 19:16:24,823 | [XOM] ACTION: No trade.
2026-09-24 19:16:24,898 | [XYL] trending (ADX 56.6) -> trend-following strategy | Signal: HOLD | Shares held: 0.0 | Last price: $102.42
2026-09-24 19:16:24,899 | [XYL] ACTION: No trade.
2026-09-24 19:16:24,975 | [XYZ] choppy/sideways (ADX 23.6) -> mean-reversion strategy | Signal: HOLD | Shares held: 0.0 | Last price: $76.42
2026-09-24 19:16:24,975 | [XYZ] ACTION: No trade.
2026-09-24 19:16:25,051 | [YUM] choppy/sideways (ADX 22.8) -> mean-reversion strategy | Signal: HOLD | Shares held: 0.0 | Last price: $137.98
2026-09-24 19:16:25,051 | [YUM] ACTION: No trade.
2026-09-24 19:16:28,192 | [ZBH] choppy/sideways (ADX 15.3) -> mean-reversion strategy | Signal: HOLD | Shares held: 0.0 | Last price: $89.56
2026-09-24 19:16:28,192 | [ZBH] ACTION: No trade.
2026-09-24 19:16:28,269 | [ZBRA] choppy/sideways (ADX 24.3) -> mean-reversion strategy | Signal: HOLD | Shares held: 0.0 | Last price: $369.01
2026-09-24 19:16:28,269 | [ZBRA] ACTION: No trade.
2026-09-24 19:16:28,345 | [ZTS] choppy/sideways (ADX 21.8) -> mean-reversion strategy | Signal: HOLD | Shares held: 0.0 | Last price: $70.08
2026-09-24 19:16:28,345 | [ZTS] ACTION: No trade.
2026-09-24 19:31:28,669 | Market is open (closes 2026-09-24 22:00:00 CEST your local time). Checking 490 symbols: A, AAPL, ABBV, ABNB, ABT, ACGL, ACN, ADBE, ADI, ADM, ADP, ADSK, AEE, AEP, AES, AFL, AIG, AIZ, AJG, AKAM, ALB, ALGN, ALL, ALLE, AMAT, AMCR, AMD, AME, AMGN, AMP, AMT, AMZN, ANET, AON, APA, APD, APH, APO, APP, APTV, ARES, ATO, AVGO, AVY, AWK, AXON, AXP, AZO, BA, BAC, BALL, BAX, BBY, BDX, BE, BEN, BG, BIIB, BKNG, BKR, BLK, BMY, BNY, BR, BRK.B, BRO, BSX, BX, C, CAH, CARR, CASY, CAT, CB, CBOE, CBRE, CCI, CCL, CDNS, CDW, CEG, CF, CFG, CHD, CHRW, CHTR, CI, CIEN, CL, CLX, CMCSA, CME, CMG, CMI, CMS, CNC, CNP, COF, COHR, COIN, COO, COP, COR, COST, CPAY, CPRT, CPT, CRH, CRL, CRM, CRWD, CSCO, CSGP, CSX, CTAS, CTSH, CTVA, CVNA, CVS, CVX, D, DAL, DASH, DD, DDOG, DE, DECK, DELL, DG, DGX, DHI, DHR, DIS, DLR, DLTR, DOC, DOV, DOW, DPZ, DRI, DTE, DUK, DVA, DVN, DXCM, EBAY, ECHO, ECL, ED, EFX, EG, EIX, EL, ELV, EME, EMR, EOG, EQIX, EQT, ES, ESS, ETN, ETR, EVRG, EW, EXC, EXE, EXPD, EXPE, EXR, F, FANG, FAST, FCX, FDS, FDX, FDXF, FE, FERG, FFIV, FICO, FIS, FISV, FITB, FIX, FLEX, FOXA, FRT, FSLR, FTNT, GD, GDDY, GE, GEHC, GEN, GEV, GILD, GIS, GLW, GM, GNRC, GOOG, GOOGL, GPC, GPN, GRMN, GS, GWW, HAL, HAS, HBAN, HCA, HD, HIG, HII, HLT, HON, HONA, HOOD, HPE, HPQ, HSIC, HST, HSY, HUBB, HUM, HWM, IBKR, IBM, ICE, IDXX, IEX, IFF, ILMN, INCY, INTC, INTU, INVH, IP, IQV, IR, IRM, ISRG, IT, ITW, IVZ, J, JBHT, JBL, JCI, JKHY, JNJ, JPM, KDP, KEY, KEYS, KHC, KIM, KKR, KLAC, KMB, KMI, KO, KR, KVUE, L, LDOS, LEN, LH, LHX, LII, LIN, LITE, LLY, LMT, LNT, LOW, LRCX, LULU, LUV, LVS, LYB, LYV, MA, MAA, MAR, MAS, MCD, MCHP, MCK, MCO, MDLZ, MDT, MET, META, MGM, MKC, MLM, MMM, MNST, MO, MOS, MPC, MPWR, MRK, MRNA, MRSH, MRVL, MS, MSCI, MSFT, MSI, MTB, MTD, MU, NCLH, NDAQ, NDSN, NEE, NEM, NFLX, NI, NKE, NOC, NOW, NRG, NSC, NTAP, NTRS, NUE, NVDA, NVR, NWSA, NXPI, O, ODFL, OKE, OMC, ON, ORCL, ORLY, OTIS, OXY, P, PANW, PAYX, PCAR, PCG, PEG, PEP, PFE, PFG, PG, PGR, PH, PHM, PKG, PLD, PLTR, PM, PNC, PNR, PNW, PODD, PPG, PPL, PRU, PSA, PSKY, PSX, PTC, PWR, PYPL, Q, QCOM, RCL, RDDT, REG, REGN, RF, RJF, RL, RMD, ROK, ROL, ROP, ROST, RSG, RTX, RVTY, SBAC, SBUX, SCHW, SHW, SJM, SLB, SMCI, SNDK, SNPS, SO, SPG, SPGI, SRE, STE, STLD, STT, STX, STZ, SW, SWK, SWKS, SYF, SYK, SYY, T, TDG, TDY, TECH, TEL, TER, TFC, TGT, TJX, TKO, TMO, TMUS, TPL, TPR, TRGP, TRMB, TROW, TRV, TSCO, TSLA, TSN, TT, TTWO, TXN, TXT, TYL, UAL, UBER, UDR, UHS, ULTA, UNH, UNP, UPS, URI, USB, V, VEEV, VICI, VLO, VLTO, VMC, VMRK, VRSK, VRSN, VRT, VRTX, VST, VTR, VTRS, VZ, WAB, WAT, WBD, WDAY, WDC, WEC, WELL, WFC, WM, WMB, WMT, WRB, WSM, WST, WTW, WY, WYNN, XEL, XOM, XYL, XYZ, YUM, ZBH, ZBRA, ZTS (within 90 min of close -- not enough runway left today for a new position)
2026-09-24 19:32:22,791 | [A] trending (ADX 47.8) -> trend-following strategy | Signal: HOLD | Shares held: 0.0 | Last price: $174.34
2026-09-24 19:32:22,791 | [A] ACTION: No trade.
2026-09-24 19:32:22,811 | [AAPL] choppy/sideways (ADX 14.5) -> mean-reversion strategy | Signal: HOLD | Shares held: 0.0 | Last price: $337.65
2026-09-24 19:32:22,812 | [AAPL] ACTION: No trade.
2026-09-24 19:32:22,832 | [ABBV] choppy/sideways (ADX 14.5) -> mean-reversion strategy | Signal: HOLD | Shares held: 0.0 | Last price: $265.39
2026-09-24 19:32:22,832 | [ABBV] ACTION: No trade.
2026-09-24 19:32:22,852 | [ABNB] choppy/sideways (ADX 14.3) -> mean-reversion strategy | Signal: HOLD | Shares held: 0.0 | Last price: $150.82
2026-09-24 19:32:22,852 | [ABNB] ACTION: No trade.
2026-09-24 19:32:22,874 | [ABT] trending (ADX 27.2) -> trend-following strategy | Signal: HOLD | Shares held: 0.0 | Last price: $101.48
2026-09-24 19:32:22,874 | [ABT] ACTION: No trade.
2026-09-24 19:32:22,926 | [ACGL] choppy/sideways (ADX 11.2) -> mean-reversion strategy | Signal: HOLD | Shares held: 0.0 | Last price: $95.67
2026-09-24 19:32:22,926 | [ACGL] ACTION: No trade.
2026-09-24 19:32:22,947 | [ACN] trending (ADX 52.3) -> trend-following strategy | Signal: HOLD | Shares held: 0.0 | Last price: $178.30
2026-09-24 19:32:22,947 | [ACN] ACTION: No trade.
2026-09-24 19:32:22,967 | [ADBE] choppy/sideways (ADX 13.7) -> mean-reversion strategy | Signal: HOLD | Shares held: 0.0 | Last price: $238.09
2026-09-24 19:32:22,967 | [ADBE] ACTION: No trade.
2026-09-24 19:32:22,988 | [ADI] choppy/sideways (ADX 13.8) -> mean-reversion strategy | Signal: HOLD | Shares held: 0.0 | Last price: $382.25
2026-09-24 19:32:22,988 | [ADI] ACTION: No trade.
2026-09-24 19:32:23,008 | [ADM] choppy/sideways (ADX 20.8) -> mean-reversion strategy | Signal: HOLD | Shares held: 0.0 | Last price: $81.84
2026-09-24 19:32:23,008 | [ADM] ACTION: No trade.
2026-09-24 19:32:23,029 | [ADP] choppy/sideways (ADX 12.6) -> mean-reversion strategy | Signal: HOLD | Shares held: 0.0 | Last price: $263.68
2026-09-24 19:32:23,029 | [ADP] ACTION: No trade.
2026-09-24 19:32:23,050 | [ADSK] trending (ADX 41.0) -> trend-following strategy | Signal: HOLD | Shares held: 0.0 | Last price: $211.77
2026-09-24 19:32:23,050 | [ADSK] ACTION: No trade.
2026-09-24 19:32:23,071 | [AEE] choppy/sideways (ADX 18.5) -> mean-reversion strategy | Signal: HOLD | Shares held: 0.0 | Last price: $99.50
2026-09-24 19:32:23,071 | [AEE] ACTION: No trade.
2026-09-24 19:32:23,093 | [AEP] trending (ADX 27.1) -> trend-following strategy | Signal: HOLD | Shares held: 0.0 | Last price: $117.83
2026-09-24 19:32:23,093 | [AEP] ACTION: No trade.
2026-09-24 19:32:23,113 | [AES] trending (ADX 25.6) -> trend-following strategy | Signal: HOLD | Shares held: 0.0 | Last price: $14.87
2026-09-24 19:32:23,113 | [AES] ACTION: No trade.
2026-09-24 19:32:23,134 | [AFL] choppy/sideways (ADX 14.9) -> mean-reversion strategy | Signal: HOLD | Shares held: 0.0 | Last price: $114.64
2026-09-24 19:32:23,134 | [AFL] ACTION: No trade.
2026-09-24 19:32:23,155 | [AIG] choppy/sideways (ADX 8.9) -> mean-reversion strategy | Signal: HOLD | Shares held: 0.0 | Last price: $75.18
2026-09-24 19:32:23,155 | [AIG] ACTION: No trade.
2026-09-24 19:32:23,176 | [AIZ] trending (ADX 50.7) -> trend-following strategy | Signal: HOLD | Shares held: 0.0 | Last price: $262.26
2026-09-24 19:32:23,176 | [AIZ] ACTION: No trade.
2026-09-24 19:32:23,197 | [AJG] choppy/sideways (ADX 12.5) -> mean-reversion strategy | Signal: HOLD | Shares held: 0.0 | Last price: $226.60
2026-09-24 19:32:23,197 | [AJG] ACTION: No trade.
2026-09-24 19:32:23,217 | [AKAM] choppy/sideways (ADX 23.6) -> mean-reversion strategy | Signal: HOLD | Shares held: 0.0 | Last price: $112.96
2026-09-24 19:32:23,217 | [AKAM] ACTION: No trade.
2026-09-24 19:32:23,239 | [ALB] trending (ADX 42.3) -> trend-following strategy | Signal: HOLD | Shares held: 0.0 | Last price: $109.25
2026-09-24 19:32:23,239 | [ALB] ACTION: No trade.
2026-09-24 19:32:23,260 | [ALGN] choppy/sideways (ADX 14.7) -> mean-reversion strategy | Signal: HOLD | Shares held: 0.0 | Last price: $146.85
2026-09-24 19:32:23,260 | [ALGN] ACTION: No trade.
2026-09-24 19:32:23,281 | [ALL] choppy/sideways (ADX 13.2) -> mean-reversion strategy | Signal: HOLD | Shares held: 0.0 | Last price: $228.48
2026-09-24 19:32:23,281 | [ALL] ACTION: No trade.
2026-09-24 19:32:23,302 | [ALLE] choppy/sideways (ADX 19.4) -> mean-reversion strategy | Signal: HOLD | Shares held: 0.0 | Last price: $152.53
2026-09-24 19:32:23,302 | [ALLE] ACTION: No trade.
2026-09-24 19:32:23,323 | [AMAT] choppy/sideways (ADX 17.3) -> mean-reversion strategy | Signal: HOLD | Shares held: 0.0 | Last price: $472.09
2026-09-24 19:32:23,323 | [AMAT] ACTION: No trade.
2026-09-24 19:32:23,344 | [AMCR] trending (ADX 31.1) -> trend-following strategy | Signal: HOLD | Shares held: 0.0 | Last price: $41.95
2026-09-24 19:32:23,344 | [AMCR] ACTION: No trade.
2026-09-24 19:32:23,364 | [AMD] choppy/sideways (ADX 22.9) -> mean-reversion strategy | Signal: HOLD | Shares held: 0.0 | Last price: $626.50
2026-09-24 19:32:23,365 | [AMD] ACTION: No trade.
2026-09-24 19:32:23,386 | [AME] choppy/sideways (ADX 15.2) -> mean-reversion strategy | Signal: HOLD | Shares held: 0.0 | Last price: $247.27
2026-09-24 19:32:23,386 | [AME] ACTION: No trade.
2026-09-24 19:32:23,406 | [AMGN] choppy/sideways (ADX 14.7) -> mean-reversion strategy | Signal: HOLD | Shares held: 0.0 | Last price: $407.62
2026-09-24 19:32:23,406 | [AMGN] ACTION: No trade.
2026-09-24 19:32:23,427 | [AMP] trending (ADX 41.4) -> trend-following strategy | Signal: HOLD | Shares held: 0.0 | Last price: $477.97
2026-09-24 19:32:23,427 | [AMP] ACTION: No trade.
2026-09-24 19:32:23,447 | [AMT] trending (ADX 33.1) -> trend-following strategy | Signal: HOLD | Shares held: 0.0 | Last price: $168.28
2026-09-24 19:32:23,447 | [AMT] ACTION: No trade.
2026-09-24 19:32:23,468 | [AMZN] choppy/sideways (ADX 23.9) -> mean-reversion strategy | Signal: HOLD | Shares held: 0.0 | Last price: $249.44
2026-09-24 19:32:23,468 | [AMZN] ACTION: No trade.
2026-09-24 19:32:23,489 | [ANET] choppy/sideways (ADX 13.6) -> mean-reversion strategy | Signal: HOLD | Shares held: 0.0 | Last price: $205.61
2026-09-24 19:32:23,489 | [ANET] ACTION: No trade.
2026-09-24 19:32:23,509 | [AON] trending (ADX 59.7) -> trend-following strategy | Signal: HOLD | Shares held: 0.0 | Last price: $275.92
2026-09-24 19:32:23,510 | [AON] ACTION: No trade.
2026-09-24 19:32:23,530 | [APA] choppy/sideways (ADX 19.9) -> mean-reversion strategy | Signal: HOLD | Shares held: 0.0 | Last price: $43.95
2026-09-24 19:32:23,530 | [APA] ACTION: No trade.
2026-09-24 19:32:23,550 | [APD] choppy/sideways (ADX 12.0) -> mean-reversion strategy | Signal: HOLD | Shares held: 0.0 | Last price: $285.55
2026-09-24 19:32:23,550 | [APD] ACTION: No trade.
2026-09-24 19:32:23,571 | [APH] choppy/sideways (ADX 20.8) -> mean-reversion strategy | Signal: HOLD | Shares held: 0.0 | Last price: $82.77
2026-09-24 19:32:23,571 | [APH] ACTION: No trade.
2026-09-24 19:32:23,591 | [APO] trending (ADX 36.3) -> trend-following strategy | Signal: HOLD | Shares held: 0.0 | Last price: $119.60
2026-09-24 19:32:23,591 | [APO] ACTION: No trade.
2026-09-24 19:32:23,611 | [APP] choppy/sideways (ADX 18.6) -> mean-reversion strategy | Signal: HOLD | Shares held: 0.0 | Last price: $311.62
2026-09-24 19:32:23,611 | [APP] ACTION: No trade.
2026-09-24 19:32:23,632 | [APTV] trending (ADX 26.0) -> trend-following strategy | Signal: HOLD | Shares held: 0.0 | Last price: $43.41
2026-09-24 19:32:23,632 | [APTV] ACTION: No trade.
2026-09-24 19:32:23,652 | [ARES] choppy/sideways (ADX 22.3) -> mean-reversion strategy | Signal: HOLD | Shares held: 0.0 | Last price: $119.31
2026-09-24 19:32:23,652 | [ARES] ACTION: No trade.
2026-09-24 19:32:23,672 | [ATO] choppy/sideways (ADX 15.4) -> mean-reversion strategy | Signal: HOLD | Shares held: 0.0 | Last price: $156.56
2026-09-24 19:32:23,672 | [ATO] ACTION: No trade.
2026-09-24 19:32:23,692 | [AVGO] trending (ADX 33.0) -> trend-following strategy | Signal: HOLD | Shares held: 0.0 | Last price: $349.55
2026-09-24 19:32:23,692 | [AVGO] ACTION: No trade.
2026-09-24 19:32:23,712 | [AVY] trending (ADX 29.8) -> trend-following strategy | Signal: HOLD | Shares held: 0.0 | Last price: $169.13
2026-09-24 19:32:23,712 | [AVY] ACTION: No trade.
2026-09-24 19:32:23,731 | [AWK] choppy/sideways (ADX 20.3) -> mean-reversion strategy | Signal: HOLD | Shares held: 0.0 | Last price: $132.00
2026-09-24 19:32:23,731 | [AWK] ACTION: No trade.
2026-09-24 19:32:23,751 | [AXON] choppy/sideways (ADX 23.8) -> mean-reversion strategy | Signal: HOLD | Shares held: 0.0 | Last price: $446.93
2026-09-24 19:32:23,751 | [AXON] ACTION: No trade.
2026-09-24 19:32:23,771 | [AXP] trending (ADX 28.8) -> trend-following strategy | Signal: HOLD | Shares held: 0.0 | Last price: $304.24
2026-09-24 19:32:23,771 | [AXP] ACTION: No trade.
2026-09-24 19:32:23,791 | [AZO] choppy/sideways (ADX 9.9) -> mean-reversion strategy | Signal: HOLD | Shares held: 0.0 | Last price: $2851.89
2026-09-24 19:32:23,791 | [AZO] ACTION: No trade.
2026-09-24 19:32:23,811 | [BA] choppy/sideways (ADX 24.6) -> mean-reversion strategy | Signal: HOLD | Shares held: 0.0 | Last price: $196.43
2026-09-24 19:32:23,811 | [BA] ACTION: No trade.
2026-09-24 19:32:23,831 | [BAC] choppy/sideways (ADX 14.0) -> mean-reversion strategy | Signal: HOLD | Shares held: 0.0 | Last price: $56.08
2026-09-24 19:32:23,831 | [BAC] ACTION: No trade.
2026-09-24 19:32:23,851 | [BALL] trending (ADX 42.9) -> trend-following strategy | Signal: HOLD | Shares held: 0.0 | Last price: $56.74
2026-09-24 19:32:23,851 | [BALL] ACTION: No trade.
2026-09-24 19:32:23,871 | [BAX] choppy/sideways (ADX 15.8) -> mean-reversion strategy | Signal: HOLD | Shares held: 0.0 | Last price: $23.48
2026-09-24 19:32:23,871 | [BAX] ACTION: No trade.
2026-09-24 19:32:23,891 | [BBY] choppy/sideways (ADX 16.5) -> mean-reversion strategy | Signal: HOLD | Shares held: 0.0 | Last price: $91.02
2026-09-24 19:32:23,891 | [BBY] ACTION: No trade.
2026-09-24 19:32:23,911 | [BDX] choppy/sideways (ADX 22.7) -> mean-reversion strategy | Signal: HOLD | Shares held: 0.0 | Last price: $179.70
2026-09-24 19:32:23,911 | [BDX] ACTION: No trade.
2026-09-24 19:32:23,931 | [BE] choppy/sideways (ADX 21.5) -> mean-reversion strategy | Signal: HOLD | Shares held: 0.0 | Last price: $267.59
2026-09-24 19:32:23,931 | [BE] ACTION: No trade.
2026-09-24 19:32:23,951 | [BEN] choppy/sideways (ADX 20.5) -> mean-reversion strategy | Signal: HOLD | Shares held: 0.0 | Last price: $32.46
2026-09-24 19:32:23,952 | [BEN] ACTION: No trade.
2026-09-24 19:32:23,971 | [BG] choppy/sideways (ADX 23.1) -> mean-reversion strategy | Signal: HOLD | Shares held: 0.0 | Last price: $110.03
2026-09-24 19:32:23,971 | [BG] ACTION: No trade.
2026-09-24 19:32:23,991 | [BIIB] choppy/sideways (ADX 14.1) -> mean-reversion strategy | Signal: HOLD | Shares held: 0.0 | Last price: $227.53
2026-09-24 19:32:23,991 | [BIIB] ACTION: No trade.
2026-09-24 19:32:24,011 | [BKNG] choppy/sideways (ADX 10.9) -> mean-reversion strategy | Signal: HOLD | Shares held: 0.0 | Last price: $157.41
2026-09-24 19:32:24,011 | [BKNG] ACTION: No trade.
2026-09-24 19:32:24,032 | [BKR] choppy/sideways (ADX 14.4) -> mean-reversion strategy | Signal: HOLD | Shares held: 0.0 | Last price: $57.38
2026-09-24 19:32:24,032 | [BKR] ACTION: No trade.
2026-09-24 19:32:24,052 | [BLK] choppy/sideways (ADX 19.1) -> mean-reversion strategy | Signal: HOLD | Shares held: 0.0 | Last price: $1068.35
2026-09-24 19:32:24,052 | [BLK] ACTION: No trade.
2026-09-24 19:32:24,072 | [BMY] choppy/sideways (ADX 21.8) -> mean-reversion strategy | Signal: HOLD | Shares held: 0.0 | Last price: $60.78
2026-09-24 19:32:24,072 | [BMY] ACTION: No trade.
2026-09-24 19:32:24,092 | [BNY] choppy/sideways (ADX 9.9) -> mean-reversion strategy | Signal: HOLD | Shares held: 0.0 | Last price: $149.55
2026-09-24 19:32:24,092 | [BNY] ACTION: No trade.
2026-09-24 19:32:24,113 | [BR] choppy/sideways (ADX 11.0) -> mean-reversion strategy | Signal: HOLD | Shares held: 0.0 | Last price: $162.62
2026-09-24 19:32:24,113 | [BR] ACTION: No trade.
2026-09-24 19:32:24,133 | [BRK.B] choppy/sideways (ADX 14.5) -> mean-reversion strategy | Signal: HOLD | Shares held: 0.0 | Last price: $506.94
2026-09-24 19:32:24,133 | [BRK.B] ACTION: No trade.
2026-09-24 19:32:24,153 | [BRO] trending (ADX 28.5) -> trend-following strategy | Signal: HOLD | Shares held: 0.0 | Last price: $60.43
2026-09-24 19:32:24,153 | [BRO] ACTION: No trade.
2026-09-24 19:32:24,173 | [BSX] choppy/sideways (ADX 13.4) -> mean-reversion strategy | Signal: HOLD | Shares held: 0.0 | Last price: $44.84
2026-09-24 19:32:24,173 | [BSX] ACTION: No trade.
2026-09-24 19:32:24,193 | [BX] trending (ADX 29.5) -> trend-following strategy | Signal: HOLD | Shares held: 0.0 | Last price: $116.70
2026-09-24 19:32:24,193 | [BX] ACTION: No trade.
2026-09-24 19:32:24,213 | [C] choppy/sideways (ADX 14.4) -> mean-reversion strategy | Signal: HOLD | Shares held: 0.0 | Last price: $132.38
2026-09-24 19:32:24,213 | [C] ACTION: No trade.
2026-09-24 19:32:24,233 | [CAH] choppy/sideways (ADX 18.1) -> mean-reversion strategy | Signal: HOLD | Shares held: 0.0 | Last price: $222.79
2026-09-24 19:32:24,233 | [CAH] ACTION: No trade.
2026-09-24 19:32:24,253 | [CARR] choppy/sideways (ADX 18.3) -> mean-reversion strategy | Signal: HOLD | Shares held: 0.0 | Last price: $54.54
2026-09-24 19:32:24,253 | [CARR] ACTION: No trade.
2026-09-24 19:32:24,273 | [CASY] choppy/sideways (ADX 16.2) -> mean-reversion strategy | Signal: HOLD | Shares held: 0.0 | Last price: $598.00
2026-09-24 19:32:24,273 | [CASY] ACTION: No trade.
2026-09-24 19:32:24,293 | [CAT] choppy/sideways (ADX 12.1) -> mean-reversion strategy | Signal: HOLD | Shares held: 0.0 | Last price: $804.23
2026-09-24 19:32:24,293 | [CAT] ACTION: No trade.
2026-09-24 19:32:24,314 | [CB] choppy/sideways (ADX 15.4) -> mean-reversion strategy | Signal: HOLD | Shares held: 0.0 | Last price: $336.52
2026-09-24 19:32:24,314 | [CB] ACTION: No trade.
2026-09-24 19:32:24,336 | [CBOE] trending (ADX 26.4) -> trend-following strategy | Signal: HOLD | Shares held: 0.0 | Last price: $266.80
2026-09-24 19:32:24,336 | [CBOE] ACTION: No trade.
2026-09-24 19:32:24,357 | [CBRE] choppy/sideways (ADX 22.3) -> mean-reversion strategy | Signal: HOLD | Shares held: 0.0 | Last price: $136.62
2026-09-24 19:32:24,357 | [CBRE] ACTION: No trade.
2026-09-24 19:32:24,378 | [CCI] trending (ADX 41.7) -> trend-following strategy | Signal: HOLD | Shares held: 0.0 | Last price: $68.11
2026-09-24 19:32:24,378 | [CCI] ACTION: No trade.
2026-09-24 19:32:24,399 | [CCL] choppy/sideways (ADX 16.1) -> mean-reversion strategy | Signal: HOLD | Shares held: 0.0 | Last price: $21.75
2026-09-24 19:32:24,399 | [CCL] ACTION: No trade.
2026-09-24 19:32:24,419 | [CDNS] trending (ADX 31.6) -> trend-following strategy | Signal: HOLD | Shares held: 0.0 | Last price: $320.71
2026-09-24 19:32:24,419 | [CDNS] ACTION: No trade.
2026-09-24 19:32:24,439 | [CDW] trending (ADX 29.2) -> trend-following strategy | Signal: HOLD | Shares held: 0.0 | Last price: $140.76
2026-09-24 19:32:24,439 | [CDW] ACTION: No trade.
2026-09-24 19:32:24,459 | [CEG] choppy/sideways (ADX 18.8) -> mean-reversion strategy | Signal: HOLD | Shares held: 0.0 | Last price: $261.68
2026-09-24 19:32:24,459 | [CEG] ACTION: No trade.
2026-09-24 19:32:24,479 | [CF] choppy/sideways (ADX 20.3) -> mean-reversion strategy | Signal: HOLD | Shares held: 0.0 | Last price: $119.01
2026-09-24 19:32:24,479 | [CF] ACTION: No trade.
2026-09-24 19:32:24,499 | [CFG] choppy/sideways (ADX 23.0) -> mean-reversion strategy | Signal: HOLD | Shares held: 0.0 | Last price: $64.50
2026-09-24 19:32:24,499 | [CFG] ACTION: No trade.
2026-09-24 19:32:24,519 | [CHD] choppy/sideways (ADX 13.9) -> mean-reversion strategy | Signal: HOLD | Shares held: 0.0 | Last price: $95.78
2026-09-24 19:32:24,519 | [CHD] ACTION: No trade.
2026-09-24 19:32:24,539 | [CHRW] trending (ADX 30.5) -> trend-following strategy | Signal: HOLD | Shares held: 0.0 | Last price: $146.23
2026-09-24 19:32:24,539 | [CHRW] ACTION: No trade.
2026-09-24 19:32:24,559 | [CHTR] choppy/sideways (ADX 17.0) -> mean-reversion strategy | Signal: HOLD | Shares held: 0.0 | Last price: $117.94
2026-09-24 19:32:24,559 | [CHTR] ACTION: No trade.
2026-09-24 19:32:24,579 | [CI] trending (ADX 36.0) -> trend-following strategy | Signal: HOLD | Shares held: 0.0 | Last price: $265.57
2026-09-24 19:32:24,579 | [CI] ACTION: No trade.
2026-09-24 19:32:24,600 | [CIEN] choppy/sideways (ADX 11.8) -> mean-reversion strategy | Signal: HOLD | Shares held: 0.0 | Last price: $358.64
2026-09-24 19:32:24,600 | [CIEN] ACTION: No trade.
2026-09-24 19:32:24,620 | [CL] choppy/sideways (ADX 22.6) -> mean-reversion strategy | Signal: HOLD | Shares held: 0.0 | Last price: $85.69
2026-09-24 19:32:24,620 | [CL] ACTION: No trade.
2026-09-24 19:32:24,641 | [CLX] trending (ADX 49.8) -> trend-following strategy | Signal: HOLD | Shares held: 0.0 | Last price: $82.20
2026-09-24 19:32:24,641 | [CLX] ACTION: No trade.
2026-09-24 19:32:24,661 | [CMCSA] choppy/sideways (ADX 23.9) -> mean-reversion strategy | Signal: HOLD | Shares held: 0.0 | Last price: $22.15
2026-09-24 19:32:24,661 | [CMCSA] ACTION: No trade.
2026-09-24 19:32:24,682 | [CME] trending (ADX 35.9) -> trend-following strategy | Signal: HOLD | Shares held: 0.0 | Last price: $268.29
2026-09-24 19:32:24,682 | [CME] ACTION: No trade.
2026-09-24 19:32:24,703 | [CMG] trending (ADX 29.7) -> trend-following strategy | Signal: HOLD | Shares held: 0.0 | Last price: $31.80
2026-09-24 19:32:24,703 | [CMG] ACTION: No trade.
2026-09-24 19:32:24,724 | [CMI] choppy/sideways (ADX 15.5) -> mean-reversion strategy | Signal: HOLD | Shares held: 0.0 | Last price: $518.33
2026-09-24 19:32:24,724 | [CMI] ACTION: No trade.
2026-09-24 19:32:24,745 | [CMS] choppy/sideways (ADX 18.9) -> mean-reversion strategy | Signal: HOLD | Shares held: 0.0 | Last price: $62.97
2026-09-24 19:32:24,745 | [CMS] ACTION: No trade.
2026-09-24 19:32:24,766 | [CNC] choppy/sideways (ADX 22.8) -> mean-reversion strategy | Signal: HOLD | Shares held: 0.0 | Last price: $62.11
2026-09-24 19:32:24,766 | [CNC] ACTION: No trade.
2026-09-24 19:32:24,786 | [CNP] trending (ADX 56.1) -> trend-following strategy | Signal: HOLD | Shares held: 0.0 | Last price: $36.97
2026-09-24 19:32:24,786 | [CNP] ACTION: No trade.
2026-09-24 19:32:24,806 | [COF] choppy/sideways (ADX 19.1) -> mean-reversion strategy | Signal: HOLD | Shares held: 0.0 | Last price: $196.03
2026-09-24 19:32:24,806 | [COF] ACTION: No trade.
2026-09-24 19:32:24,826 | [COHR] trending (ADX 28.0) -> trend-following strategy | Signal: HOLD | Shares held: 0.0 | Last price: $290.82
2026-09-24 19:32:24,826 | [COHR] ACTION: No trade.
2026-09-24 19:32:24,846 | [COIN] choppy/sideways (ADX 23.5) -> mean-reversion strategy | Signal: HOLD | Shares held: 0.0 | Last price: $199.23
2026-09-24 19:32:24,846 | [COIN] ACTION: No trade.
2026-09-24 19:32:24,866 | [COO] choppy/sideways (ADX 13.7) -> mean-reversion strategy | Signal: HOLD | Shares held: 0.0 | Last price: $55.51
2026-09-24 19:32:24,866 | [COO] ACTION: No trade.
2026-09-24 19:32:24,885 | [COP] choppy/sideways (ADX 18.0) -> mean-reversion strategy | Signal: HOLD | Shares held: 0.0 | Last price: $129.57
2026-09-24 19:32:24,886 | [COP] ACTION: No trade.
2026-09-24 19:32:24,905 | [COR] choppy/sideways (ADX 23.0) -> mean-reversion strategy | Signal: HOLD | Shares held: 0.0 | Last price: $309.94
2026-09-24 19:32:24,905 | [COR] ACTION: No trade.
2026-09-24 19:32:24,925 | [COST] choppy/sideways (ADX 12.7) -> mean-reversion strategy | Signal: HOLD | Shares held: 0.0 | Last price: $898.37
2026-09-24 19:32:24,925 | [COST] ACTION: No trade.
2026-09-24 19:32:24,945 | [CPAY] trending (ADX 27.0) -> trend-following strategy | Signal: HOLD | Shares held: 0.0 | Last price: $399.71
2026-09-24 19:32:24,945 | [CPAY] ACTION: No trade.
2026-09-24 19:32:24,965 | [CPRT] choppy/sideways (ADX 11.9) -> mean-reversion strategy | Signal: HOLD | Shares held: 0.0 | Last price: $28.20
2026-09-24 19:32:24,965 | [CPRT] ACTION: No trade.
2026-09-24 19:32:24,985 | [CPT] choppy/sideways (ADX 17.2) -> mean-reversion strategy | Signal: HOLD | Shares held: 0.0 | Last price: $97.19
2026-09-24 19:32:24,985 | [CPT] ACTION: No trade.
2026-09-24 19:32:25,004 | [CRH] choppy/sideways (ADX 20.8) -> mean-reversion strategy | Signal: HOLD | Shares held: 0.0 | Last price: $83.75
2026-09-24 19:32:25,004 | [CRH] ACTION: No trade.
2026-09-24 19:32:25,024 | [CRL] trending (ADX 33.0) -> trend-following strategy | Signal: HOLD | Shares held: 0.0 | Last price: $297.90
2026-09-24 19:32:25,024 | [CRL] ACTION: No trade.
2026-09-24 19:32:25,044 | [CRM] choppy/sideways (ADX 24.6) -> mean-reversion strategy | Signal: HOLD | Shares held: 0.0 | Last price: $239.79
2026-09-24 19:32:25,044 | [CRM] ACTION: No trade.
2026-09-24 19:32:25,064 | [CRWD] trending (ADX 39.5) -> trend-following strategy | Signal: HOLD | Shares held: 0.0 | Last price: $262.35
2026-09-24 19:32:25,064 | [CRWD] ACTION: No trade.
2026-09-24 19:32:25,084 | [CSCO] choppy/sideways (ADX 21.5) -> mean-reversion strategy | Signal: HOLD | Shares held: 0.0 | Last price: $106.54
2026-09-24 19:32:25,084 | [CSCO] ACTION: No trade.
2026-09-24 19:32:25,104 | [CSGP] trending (ADX 33.0) -> trend-following strategy | Signal: HOLD | Shares held: 0.0 | Last price: $27.48
2026-09-24 19:32:25,104 | [CSGP] ACTION: No trade.
2026-09-24 19:32:25,124 | [CSX] choppy/sideways (ADX 21.6) -> mean-reversion strategy | Signal: HOLD | Shares held: 0.0 | Last price: $46.87
2026-09-24 19:32:25,124 | [CSX] ACTION: No trade.
2026-09-24 19:32:25,144 | [CTAS] choppy/sideways (ADX 18.1) -> mean-reversion strategy | Signal: HOLD | Shares held: 0.0 | Last price: $198.25
2026-09-24 19:32:25,144 | [CTAS] ACTION: No trade.
2026-09-24 19:32:25,163 | [CTSH] trending (ADX 41.0) -> trend-following strategy | Signal: HOLD | Shares held: 0.0 | Last price: $57.09
2026-09-24 19:32:25,164 | [CTSH] ACTION: No trade.
2026-09-24 19:32:25,183 | [CTVA] choppy/sideways (ADX 12.1) -> mean-reversion strategy | Signal: HOLD | Shares held: 0.0 | Last price: $79.36
2026-09-24 19:32:25,183 | [CTVA] ACTION: No trade.
2026-09-24 19:32:25,203 | [CVNA] choppy/sideways (ADX 15.8) -> mean-reversion strategy | Signal: HOLD | Shares held: 0.0 | Last price: $63.90
2026-09-24 19:32:25,203 | [CVNA] ACTION: No trade.
2026-09-24 19:32:25,223 | [CVS] trending (ADX 39.0) -> trend-following strategy | Signal: HOLD | Shares held: 0.0 | Last price: $84.78
2026-09-24 19:32:25,223 | [CVS] ACTION: No trade.
2026-09-24 19:32:25,242 | [CVX] choppy/sideways (ADX 17.0) -> mean-reversion strategy | Signal: HOLD | Shares held: 0.0 | Last price: $206.38
2026-09-24 19:32:25,242 | [CVX] ACTION: No trade.
2026-09-24 19:32:25,262 | [D] trending (ADX 33.3) -> trend-following strategy | Signal: HOLD | Shares held: 0.0 | Last price: $60.64
2026-09-24 19:32:25,262 | [D] ACTION: No trade.
2026-09-24 19:32:25,281 | [DAL] trending (ADX 30.4) -> trend-following strategy | Signal: HOLD | Shares held: 0.0 | Last price: $82.94
2026-09-24 19:32:25,281 | [DAL] ACTION: No trade.
2026-09-24 19:32:25,301 | [DASH] choppy/sideways (ADX 19.9) -> mean-reversion strategy | Signal: HOLD | Shares held: 0.0 | Last price: $187.06
2026-09-24 19:32:25,301 | [DASH] ACTION: No trade.
2026-09-24 19:32:25,321 | [DD] choppy/sideways (ADX 15.3) -> mean-reversion strategy | Signal: HOLD | Shares held: 0.0 | Last price: $130.52
2026-09-24 19:32:25,321 | [DD] ACTION: No trade.
2026-09-24 19:32:25,340 | [DDOG] choppy/sideways (ADX 22.5) -> mean-reversion strategy | Signal: HOLD | Shares held: 0.0 | Last price: $256.79
2026-09-24 19:32:25,341 | [DDOG] ACTION: No trade.
2026-09-24 19:32:25,360 | [DE] trending (ADX 30.5) -> trend-following strategy | Signal: HOLD | Shares held: 0.0 | Last price: $691.67
2026-09-24 19:32:25,360 | [DE] ACTION: No trade.
2026-09-24 19:32:25,380 | [DECK] choppy/sideways (ADX 13.4) -> mean-reversion strategy | Signal: HOLD | Shares held: 0.0 | Last price: $78.48
2026-09-24 19:32:25,380 | [DECK] ACTION: No trade.
2026-09-24 19:32:25,400 | [DELL] trending (ADX 26.8) -> trend-following strategy | Signal: HOLD | Shares held: 0.0 | Last price: $544.01
2026-09-24 19:32:25,400 | [DELL] ACTION: No trade.
2026-09-24 19:32:25,420 | [DG] trending (ADX 34.3) -> trend-following strategy | Signal: HOLD | Shares held: 0.0 | Last price: $122.98
2026-09-24 19:32:25,420 | [DG] ACTION: No trade.
2026-09-24 19:32:25,440 | [DGX] choppy/sideways (ADX 14.9) -> mean-reversion strategy | Signal: HOLD | Shares held: 0.0 | Last price: $236.66
2026-09-24 19:32:25,440 | [DGX] ACTION: No trade.
2026-09-24 19:32:25,460 | [DHI] choppy/sideways (ADX 20.6) -> mean-reversion strategy | Signal: HOLD | Shares held: 0.0 | Last price: $140.25
2026-09-24 19:32:25,460 | [DHI] ACTION: No trade.
2026-09-24 19:32:25,479 | [DHR] choppy/sideways (ADX 22.9) -> mean-reversion strategy | Signal: HOLD | Shares held: 0.0 | Last price: $224.79
2026-09-24 19:32:25,479 | [DHR] ACTION: No trade.
2026-09-24 19:32:25,499 | [DIS] choppy/sideways (ADX 21.0) -> mean-reversion strategy | Signal: HOLD | Shares held: 0.0 | Last price: $105.34
2026-09-24 19:32:25,499 | [DIS] ACTION: No trade.
2026-09-24 19:32:25,519 | [DLR] choppy/sideways (ADX 14.4) -> mean-reversion strategy | Signal: HOLD | Shares held: 0.0 | Last price: $182.02
2026-09-24 19:32:25,519 | [DLR] ACTION: No trade.
2026-09-24 19:32:25,538 | [DLTR] trending (ADX 29.7) -> trend-following strategy | Signal: SELL | Shares held: 0.0 | Last price: $113.69
2026-09-24 19:32:25,539 | [DLTR] ACTION: No trade.
2026-09-24 19:32:25,558 | [DOC] choppy/sideways (ADX 23.7) -> mean-reversion strategy | Signal: HOLD | Shares held: 0.0 | Last price: $20.34
2026-09-24 19:32:25,558 | [DOC] ACTION: No trade.
2026-09-24 19:32:25,578 | [DOV] choppy/sideways (ADX 15.8) -> mean-reversion strategy | Signal: HOLD | Shares held: 0.0 | Last price: $187.88
2026-09-24 19:32:25,578 | [DOV] ACTION: No trade.
2026-09-24 19:32:25,598 | [DOW] choppy/sideways (ADX 16.1) -> mean-reversion strategy | Signal: HOLD | Shares held: 0.0 | Last price: $28.66
2026-09-24 19:32:25,598 | [DOW] ACTION: No trade.
2026-09-24 19:32:25,648 | [DPZ] choppy/sideways (ADX 11.8) -> mean-reversion strategy | Signal: HOLD | Shares held: 0.0 | Last price: $292.16
2026-09-24 19:32:25,648 | [DPZ] ACTION: No trade.
2026-09-24 19:32:25,668 | [DRI] trending (ADX 31.9) -> trend-following strategy | Signal: HOLD | Shares held: 0.0 | Last price: $207.21
2026-09-24 19:32:25,668 | [DRI] ACTION: No trade.
2026-09-24 19:32:25,687 | [DTE] trending (ADX 28.3) -> trend-following strategy | Signal: HOLD | Shares held: 0.0 | Last price: $121.57
2026-09-24 19:32:25,687 | [DTE] ACTION: No trade.
2026-09-24 19:32:25,707 | [DUK] trending (ADX 27.8) -> trend-following strategy | Signal: HOLD | Shares held: 0.0 | Last price: $113.76
2026-09-24 19:32:25,707 | [DUK] ACTION: No trade.
2026-09-24 19:32:25,727 | [DVA] trending (ADX 49.5) -> trend-following strategy | Signal: HOLD | Shares held: 0.0 | Last price: $174.94
2026-09-24 19:32:25,727 | [DVA] ACTION: No trade.
2026-09-24 19:32:25,746 | [DVN] choppy/sideways (ADX 17.7) -> mean-reversion strategy | Signal: HOLD | Shares held: 0.0 | Last price: $48.66
2026-09-24 19:32:25,747 | [DVN] ACTION: No trade.
2026-09-24 19:32:25,766 | [DXCM] trending (ADX 28.0) -> trend-following strategy | Signal: BUY | Shares held: 0.0 | Last price: $87.57
2026-09-24 19:32:25,766 | [DXCM] ACTION: No trade (within 90 min of close -- not enough runway left today for a new position).
2026-09-24 19:32:25,786 | [EBAY] choppy/sideways (ADX 6.3) -> mean-reversion strategy | Signal: HOLD | Shares held: 0.0 | Last price: $108.10
2026-09-24 19:32:25,786 | [EBAY] ACTION: No trade.
2026-09-24 19:32:25,806 | [ECHO] trending (ADX 38.6) -> trend-following strategy | Signal: HOLD | Shares held: 0.0 | Last price: $90.75
2026-09-24 19:32:25,806 | [ECHO] ACTION: No trade.
2026-09-24 19:32:25,826 | [ECL] choppy/sideways (ADX 19.1) -> mean-reversion strategy | Signal: HOLD | Shares held: 0.0 | Last price: $275.01
2026-09-24 19:32:25,826 | [ECL] ACTION: No trade.
2026-09-24 19:32:25,845 | [ED] choppy/sideways (ADX 15.1) -> mean-reversion strategy | Signal: HOLD | Shares held: 0.0 | Last price: $103.12
2026-09-24 19:32:25,845 | [ED] ACTION: No trade.
2026-09-24 19:32:25,865 | [EFX] trending (ADX 38.3) -> trend-following strategy | Signal: HOLD | Shares held: 0.0 | Last price: $149.31
2026-09-24 19:32:25,865 | [EFX] ACTION: No trade.
2026-09-24 19:32:25,885 | [EG] choppy/sideways (ADX 16.4) -> mean-reversion strategy | Signal: HOLD | Shares held: 0.0 | Last price: $374.51
2026-09-24 19:32:25,885 | [EG] ACTION: No trade.
2026-09-24 19:32:25,905 | [EIX] trending (ADX 39.7) -> trend-following strategy | Signal: HOLD | Shares held: 0.0 | Last price: $52.59
2026-09-24 19:32:25,905 | [EIX] ACTION: No trade.
2026-09-24 19:32:25,925 | [EL] choppy/sideways (ADX 21.5) -> mean-reversion strategy | Signal: HOLD | Shares held: 0.0 | Last price: $96.19
2026-09-24 19:32:25,925 | [EL] ACTION: No trade.
2026-09-24 19:32:25,945 | [ELV] choppy/sideways (ADX 23.2) -> mean-reversion strategy | Signal: HOLD | Shares held: 0.0 | Last price: $399.86
2026-09-24 19:32:25,945 | [ELV] ACTION: No trade.
2026-09-24 19:32:25,964 | [EME] choppy/sideways (ADX 21.4) -> mean-reversion strategy | Signal: HOLD | Shares held: 0.0 | Last price: $748.55
2026-09-24 19:32:25,964 | [EME] ACTION: No trade.
2026-09-24 19:32:25,984 | [EMR] choppy/sideways (ADX 12.1) -> mean-reversion strategy | Signal: HOLD | Shares held: 0.0 | Last price: $155.29
2026-09-24 19:32:25,984 | [EMR] ACTION: No trade.
2026-09-24 19:32:26,004 | [EOG] choppy/sideways (ADX 15.3) -> mean-reversion strategy | Signal: HOLD | Shares held: 0.0 | Last price: $142.87
2026-09-24 19:32:26,004 | [EOG] ACTION: No trade.
2026-09-24 19:32:26,024 | [EQIX] choppy/sideways (ADX 15.4) -> mean-reversion strategy | Signal: HOLD | Shares held: 0.0 | Last price: $1044.30
2026-09-24 19:32:26,024 | [EQIX] ACTION: No trade.
2026-09-24 19:32:26,044 | [EQT] choppy/sideways (ADX 13.4) -> mean-reversion strategy | Signal: HOLD | Shares held: 0.0 | Last price: $51.73
2026-09-24 19:32:26,044 | [EQT] ACTION: No trade.
2026-09-24 19:32:26,063 | [ES] trending (ADX 41.0) -> trend-following strategy | Signal: HOLD | Shares held: 0.0 | Last price: $64.04
2026-09-24 19:32:26,063 | [ES] ACTION: No trade.
2026-09-24 19:32:26,083 | [ESS] choppy/sideways (ADX 13.1) -> mean-reversion strategy | Signal: HOLD | Shares held: 0.0 | Last price: $272.31
2026-09-24 19:32:26,083 | [ESS] ACTION: No trade.
2026-09-24 19:32:26,103 | [ETN] choppy/sideways (ADX 17.9) -> mean-reversion strategy | Signal: HOLD | Shares held: 0.0 | Last price: $438.19
2026-09-24 19:32:26,103 | [ETN] ACTION: No trade.
2026-09-24 19:32:26,123 | [ETR] choppy/sideways (ADX 19.5) -> mean-reversion strategy | Signal: HOLD | Shares held: 0.0 | Last price: $98.16
2026-09-24 19:32:26,123 | [ETR] ACTION: No trade.
2026-09-24 19:32:26,143 | [EVRG] trending (ADX 38.6) -> trend-following strategy | Signal: HOLD | Shares held: 0.0 | Last price: $77.92
2026-09-24 19:32:26,143 | [EVRG] ACTION: No trade.
2026-09-24 19:32:26,163 | [EW] choppy/sideways (ADX 15.2) -> mean-reversion strategy | Signal: HOLD | Shares held: 0.0 | Last price: $86.32
2026-09-24 19:32:26,163 | [EW] ACTION: No trade.
2026-09-24 19:32:26,183 | [EXC] trending (ADX 39.9) -> trend-following strategy | Signal: HOLD | Shares held: 0.0 | Last price: $40.27
2026-09-24 19:32:26,183 | [EXC] ACTION: No trade.
2026-09-24 19:32:26,203 | [EXE] choppy/sideways (ADX 16.9) -> mean-reversion strategy | Signal: HOLD | Shares held: 0.0 | Last price: $88.00
2026-09-24 19:32:26,203 | [EXE] ACTION: No trade.
2026-09-24 19:32:26,223 | [EXPD] trending (ADX 47.8) -> trend-following strategy | Signal: HOLD | Shares held: 0.0 | Last price: $183.87
2026-09-24 19:32:26,223 | [EXPD] ACTION: No trade.
2026-09-24 19:32:26,243 | [EXPE] choppy/sideways (ADX 8.2) -> mean-reversion strategy | Signal: HOLD | Shares held: 0.0 | Last price: $262.07
2026-09-24 19:32:26,243 | [EXPE] ACTION: No trade.
2026-09-24 19:32:26,263 | [EXR] choppy/sideways (ADX 23.1) -> mean-reversion strategy | Signal: HOLD | Shares held: 0.0 | Last price: $132.93
2026-09-24 19:32:26,263 | [EXR] ACTION: No trade.
2026-09-24 19:32:26,283 | [F] trending (ADX 30.2) -> trend-following strategy | Signal: HOLD | Shares held: 0.0 | Last price: $12.64
2026-09-24 19:32:26,283 | [F] ACTION: No trade.
2026-09-24 19:32:26,303 | [FANG] choppy/sideways (ADX 20.1) -> mean-reversion strategy | Signal: HOLD | Shares held: 0.0 | Last price: $188.68
2026-09-24 19:32:26,303 | [FANG] ACTION: No trade.
2026-09-24 19:32:26,323 | [FAST] trending (ADX 27.6) -> trend-following strategy | Signal: HOLD | Shares held: 0.0 | Last price: $50.64
2026-09-24 19:32:26,323 | [FAST] ACTION: No trade.
2026-09-24 19:32:26,342 | [FCX] choppy/sideways (ADX 14.8) -> mean-reversion strategy | Signal: HOLD | Shares held: 0.0 | Last price: $72.00
2026-09-24 19:32:26,343 | [FCX] ACTION: No trade.
2026-09-24 19:32:26,363 | [FDS] choppy/sideways (ADX 11.3) -> mean-reversion strategy | Signal: HOLD | Shares held: 0.0 | Last price: $273.35
2026-09-24 19:32:26,363 | [FDS] ACTION: No trade.
2026-09-24 19:32:26,382 | [FDX] trending (ADX 58.6) -> trend-following strategy | Signal: HOLD | Shares held: 0.0 | Last price: $280.37
2026-09-24 19:32:26,383 | [FDX] ACTION: No trade.
2026-09-24 19:32:26,403 | [FDXF] trending (ADX 33.8) -> trend-following strategy | Signal: HOLD | Shares held: 0.0 | Last price: $115.46
2026-09-24 19:32:26,403 | [FDXF] ACTION: No trade.
2026-09-24 19:32:26,422 | [FE] trending (ADX 43.2) -> trend-following strategy | Signal: HOLD | Shares held: 0.0 | Last price: $43.25
2026-09-24 19:32:26,423 | [FE] ACTION: No trade.
2026-09-24 19:32:26,442 | [FERG] choppy/sideways (ADX 14.8) -> mean-reversion strategy | Signal: HOLD | Shares held: 0.0 | Last price: $220.12
2026-09-24 19:32:26,442 | [FERG] ACTION: No trade.
2026-09-24 19:32:26,462 | [FFIV] choppy/sideways (ADX 17.2) -> mean-reversion strategy | Signal: HOLD | Shares held: 0.0 | Last price: $454.23
2026-09-24 19:32:26,462 | [FFIV] ACTION: No trade.
2026-09-24 19:32:26,482 | [FICO] trending (ADX 33.4) -> trend-following strategy | Signal: HOLD | Shares held: 0.0 | Last price: $856.10
2026-09-24 19:32:26,482 | [FICO] ACTION: No trade.
2026-09-24 19:32:26,502 | [FIS] trending (ADX 28.3) -> trend-following strategy | Signal: HOLD | Shares held: 0.0 | Last price: $34.89
2026-09-24 19:32:26,502 | [FIS] ACTION: No trade.
2026-09-24 19:32:26,522 | [FISV] trending (ADX 26.6) -> trend-following strategy | Signal: HOLD | Shares held: 0.0 | Last price: $46.12
2026-09-24 19:32:26,522 | [FISV] ACTION: No trade.
2026-09-24 19:32:26,542 | [FITB] choppy/sideways (ADX 24.9) -> mean-reversion strategy | Signal: HOLD | Shares held: 0.0 | Last price: $51.33
2026-09-24 19:32:26,542 | [FITB] ACTION: No trade.
2026-09-24 19:32:26,562 | [FIX] choppy/sideways (ADX 15.4) -> mean-reversion strategy | Signal: HOLD | Shares held: 0.0 | Last price: $1640.21
2026-09-24 19:32:26,562 | [FIX] ACTION: No trade.
2026-09-24 19:32:26,582 | [FLEX] choppy/sideways (ADX 19.3) -> mean-reversion strategy | Signal: HOLD | Shares held: 0.0 | Last price: $112.11
2026-09-24 19:32:26,582 | [FLEX] ACTION: No trade.
2026-09-24 19:32:26,602 | [FOXA] choppy/sideways (ADX 14.8) -> mean-reversion strategy | Signal: HOLD | Shares held: 0.0 | Last price: $64.25
2026-09-24 19:32:26,602 | [FOXA] ACTION: No trade.
2026-09-24 19:32:26,621 | [FRT] choppy/sideways (ADX 16.1) -> mean-reversion strategy | Signal: HOLD | Shares held: 0.0 | Last price: $110.31
2026-09-24 19:32:26,622 | [FRT] ACTION: No trade.
2026-09-24 19:32:26,641 | [FSLR] trending (ADX 60.8) -> trend-following strategy | Signal: HOLD | Shares held: 0.0 | Last price: $171.01
2026-09-24 19:32:26,641 | [FSLR] ACTION: No trade.
2026-09-24 19:32:26,661 | [FTNT] trending (ADX 25.7) -> trend-following strategy | Signal: HOLD | Shares held: 0.0 | Last price: $180.48
2026-09-24 19:32:26,661 | [FTNT] ACTION: No trade.
2026-09-24 19:32:26,681 | [GD] trending (ADX 27.2) -> trend-following strategy | Signal: HOLD | Shares held: 0.0 | Last price: $337.53
2026-09-24 19:32:26,681 | [GD] ACTION: No trade.
2026-09-24 19:32:26,701 | [GDDY] trending (ADX 31.3) -> trend-following strategy | Signal: HOLD | Shares held: 0.0 | Last price: $101.82
2026-09-24 19:32:26,701 | [GDDY] ACTION: No trade.
2026-09-24 19:32:26,721 | [GE] choppy/sideways (ADX 16.0) -> mean-reversion strategy | Signal: HOLD | Shares held: 0.0 | Last price: $320.68
2026-09-24 19:32:26,721 | [GE] ACTION: No trade.
2026-09-24 19:32:26,741 | [GEHC] choppy/sideways (ADX 15.1) -> mean-reversion strategy | Signal: HOLD | Shares held: 0.0 | Last price: $66.22
2026-09-24 19:32:26,741 | [GEHC] ACTION: No trade.
2026-09-24 19:32:26,760 | [GEN] trending (ADX 37.3) -> trend-following strategy | Signal: HOLD | Shares held: 0.0 | Last price: $23.64
2026-09-24 19:32:26,761 | [GEN] ACTION: No trade.
2026-09-24 19:32:26,782 | [GEV] choppy/sideways (ADX 13.8) -> mean-reversion strategy | Signal: HOLD | Shares held: 0.0 | Last price: $953.49
2026-09-24 19:32:26,782 | [GEV] ACTION: No trade.
2026-09-24 19:32:26,802 | [GILD] choppy/sideways (ADX 13.8) -> mean-reversion strategy | Signal: HOLD | Shares held: 0.0 | Last price: $150.31
2026-09-24 19:32:26,802 | [GILD] ACTION: No trade.
2026-09-24 19:32:26,822 | [GIS] choppy/sideways (ADX 15.0) -> mean-reversion strategy | Signal: HOLD | Shares held: 0.0 | Last price: $34.92
2026-09-24 19:32:26,822 | [GIS] ACTION: No trade.
2026-09-24 19:32:26,842 | [GLW] choppy/sideways (ADX 19.9) -> mean-reversion strategy | Signal: HOLD | Shares held: 0.0 | Last price: $154.00
2026-09-24 19:32:26,842 | [GLW] ACTION: No trade.
2026-09-24 19:32:26,862 | [GM] trending (ADX 39.2) -> trend-following strategy | Signal: HOLD | Shares held: 0.0 | Last price: $80.53
2026-09-24 19:32:26,862 | [GM] ACTION: No trade.
2026-09-24 19:32:26,882 | [GNRC] trending (ADX 28.5) -> trend-following strategy | Signal: HOLD | Shares held: 0.0 | Last price: $196.82
2026-09-24 19:32:26,882 | [GNRC] ACTION: No trade.
2026-09-24 19:32:26,902 | [GOOG] choppy/sideways (ADX 22.2) -> mean-reversion strategy | Signal: HOLD | Shares held: 0.0 | Last price: $338.11
2026-09-24 19:32:26,902 | [GOOG] ACTION: No trade.
2026-09-24 19:32:26,922 | [GOOGL] choppy/sideways (ADX 23.9) -> mean-reversion strategy | Signal: HOLD | Shares held: 0.0 | Last price: $342.05
2026-09-24 19:32:26,922 | [GOOGL] ACTION: No trade.
2026-09-24 19:32:26,942 | [GPC] choppy/sideways (ADX 10.8) -> mean-reversion strategy | Signal: HOLD | Shares held: 0.0 | Last price: $128.79
2026-09-24 19:32:26,942 | [GPC] ACTION: No trade.
2026-09-24 19:32:26,962 | [GPN] trending (ADX 29.0) -> trend-following strategy | Signal: HOLD | Shares held: 0.0 | Last price: $85.03
2026-09-24 19:32:26,962 | [GPN] ACTION: No trade.
2026-09-24 19:32:26,982 | [GRMN] trending (ADX 32.1) -> trend-following strategy | Signal: HOLD | Shares held: 0.0 | Last price: $293.94
2026-09-24 19:32:26,982 | [GRMN] ACTION: No trade.
2026-09-24 19:32:27,001 | [GS] choppy/sideways (ADX 24.5) -> mean-reversion strategy | Signal: HOLD | Shares held: 0.0 | Last price: $920.53
2026-09-24 19:32:27,002 | [GS] ACTION: No trade.
2026-09-24 19:32:27,021 | [GWW] choppy/sideways (ADX 15.1) -> mean-reversion strategy | Signal: HOLD | Shares held: 0.0 | Last price: $1275.12
2026-09-24 19:32:27,021 | [GWW] ACTION: No trade.
2026-09-24 19:32:27,041 | [HAL] choppy/sideways (ADX 22.9) -> mean-reversion strategy | Signal: HOLD | Shares held: 0.0 | Last price: $32.78
2026-09-24 19:32:27,041 | [HAL] ACTION: No trade.
2026-09-24 19:32:27,061 | [HAS] choppy/sideways (ADX 13.4) -> mean-reversion strategy | Signal: HOLD | Shares held: 0.0 | Last price: $86.94
2026-09-24 19:32:27,061 | [HAS] ACTION: No trade.
2026-09-24 19:32:27,081 | [HBAN] choppy/sideways (ADX 20.5) -> mean-reversion strategy | Signal: HOLD | Shares held: 0.0 | Last price: $15.32
2026-09-24 19:32:27,081 | [HBAN] ACTION: No trade.
2026-09-24 19:32:27,101 | [HCA] trending (ADX 37.8) -> trend-following strategy | Signal: HOLD | Shares held: 0.0 | Last price: $426.34
2026-09-24 19:32:27,101 | [HCA] ACTION: No trade.
2026-09-24 19:32:27,121 | [HD] trending (ADX 27.4) -> trend-following strategy | Signal: HOLD | Shares held: 0.0 | Last price: $291.48
2026-09-24 19:32:27,121 | [HD] ACTION: No trade.
2026-09-24 19:32:27,141 | [HIG] trending (ADX 38.0) -> trend-following strategy | Signal: HOLD | Shares held: 0.0 | Last price: $126.04
2026-09-24 19:32:27,141 | [HIG] ACTION: No trade.
2026-09-24 19:32:27,161 | [HII] choppy/sideways (ADX 17.0) -> mean-reversion strategy | Signal: HOLD | Shares held: 0.0 | Last price: $266.33
2026-09-24 19:32:27,161 | [HII] ACTION: No trade.
2026-09-24 19:32:27,181 | [HLT] trending (ADX 27.0) -> trend-following strategy | Signal: HOLD | Shares held: 0.0 | Last price: $313.92
2026-09-24 19:32:27,181 | [HLT] ACTION: No trade.
2026-09-24 19:32:27,201 | [HON] choppy/sideways (ADX 13.0) -> mean-reversion strategy | Signal: HOLD | Shares held: 0.0 | Last price: $211.65
2026-09-24 19:32:27,201 | [HON] ACTION: No trade.
2026-09-24 19:32:27,221 | [HONA] trending (ADX 25.8) -> trend-following strategy | Signal: HOLD | Shares held: 0.0 | Last price: $159.87
2026-09-24 19:32:27,221 | [HONA] ACTION: No trade.
2026-09-24 19:32:27,241 | [HOOD] choppy/sideways (ADX 24.9) -> mean-reversion strategy | Signal: HOLD | Shares held: 0.0 | Last price: $120.87
2026-09-24 19:32:27,241 | [HOOD] ACTION: No trade.
2026-09-24 19:32:27,261 | [HPE] trending (ADX 25.3) -> trend-following strategy | Signal: HOLD | Shares held: 0.0 | Last price: $64.07
2026-09-24 19:32:27,261 | [HPE] ACTION: No trade.
2026-09-24 19:32:27,281 | [HPQ] choppy/sideways (ADX 24.1) -> mean-reversion strategy | Signal: HOLD | Shares held: 0.0 | Last price: $31.50
2026-09-24 19:32:27,281 | [HPQ] ACTION: No trade.
2026-09-24 19:32:27,300 | [HSIC] choppy/sideways (ADX 21.5) -> mean-reversion strategy | Signal: HOLD | Shares held: 0.0 | Last price: $85.57
2026-09-24 19:32:27,301 | [HSIC] ACTION: No trade.
2026-09-24 19:32:27,321 | [HST] choppy/sideways (ADX 15.5) -> mean-reversion strategy | Signal: HOLD | Shares held: 0.0 | Last price: $22.25
2026-09-24 19:32:27,321 | [HST] ACTION: No trade.
2026-09-24 19:32:27,340 | [HSY] choppy/sideways (ADX 16.4) -> mean-reversion strategy | Signal: HOLD | Shares held: 0.0 | Last price: $167.00
2026-09-24 19:32:27,340 | [HSY] ACTION: No trade.
2026-09-24 19:32:27,360 | [HUBB] choppy/sideways (ADX 14.9) -> mean-reversion strategy | Signal: HOLD | Shares held: 0.0 | Last price: $465.00
2026-09-24 19:32:27,360 | [HUBB] ACTION: No trade.
2026-09-24 19:32:27,380 | [HUM] choppy/sideways (ADX 16.0) -> mean-reversion strategy | Signal: HOLD | Shares held: 0.0 | Last price: $381.48
2026-09-24 19:32:27,381 | [HUM] ACTION: No trade.
2026-09-24 19:32:27,401 | [HWM] choppy/sideways (ADX 19.4) -> mean-reversion strategy | Signal: HOLD | Shares held: 0.0 | Last price: $230.09
2026-09-24 19:32:27,401 | [HWM] ACTION: No trade.
2026-09-24 19:32:27,421 | [IBKR] choppy/sideways (ADX 22.0) -> mean-reversion strategy | Signal: HOLD | Shares held: 0.0 | Last price: $89.75
2026-09-24 19:32:27,421 | [IBKR] ACTION: No trade.
2026-09-24 19:32:27,441 | [IBM] trending (ADX 41.1) -> trend-following strategy | Signal: HOLD | Shares held: 0.0 | Last price: $227.09
2026-09-24 19:32:27,441 | [IBM] ACTION: No trade.
2026-09-24 19:32:27,460 | [ICE] choppy/sideways (ADX 15.0) -> mean-reversion strategy | Signal: HOLD | Shares held: 0.0 | Last price: $156.57
2026-09-24 19:32:27,461 | [ICE] ACTION: No trade.
2026-09-24 19:32:27,480 | [IDXX] trending (ADX 36.3) -> trend-following strategy | Signal: HOLD | Shares held: 0.0 | Last price: $515.02
2026-09-24 19:32:27,481 | [IDXX] ACTION: No trade.
2026-09-24 19:32:27,500 | [IEX] choppy/sideways (ADX 10.5) -> mean-reversion strategy | Signal: HOLD | Shares held: 0.0 | Last price: $228.81
2026-09-24 19:32:27,500 | [IEX] ACTION: No trade.
2026-09-24 19:32:27,520 | [IFF] choppy/sideways (ADX 10.8) -> mean-reversion strategy | Signal: HOLD | Shares held: 0.0 | Last price: $85.67
2026-09-24 19:32:27,520 | [IFF] ACTION: No trade.
2026-09-24 19:32:27,540 | [ILMN] trending (ADX 52.9) -> trend-following strategy | Signal: HOLD | Shares held: 0.0 | Last price: $277.83
2026-09-24 19:32:27,540 | [ILMN] ACTION: No trade.
2026-09-24 19:32:27,560 | [INCY] choppy/sideways (ADX 24.0) -> mean-reversion strategy | Signal: HOLD | Shares held: 0.0 | Last price: $124.00
2026-09-24 19:32:27,560 | [INCY] ACTION: No trade.
2026-09-24 19:32:27,580 | [INTC] choppy/sideways (ADX 21.6) -> mean-reversion strategy | Signal: HOLD | Shares held: 0.0 | Last price: $126.04
2026-09-24 19:32:27,580 | [INTC] ACTION: No trade.
2026-09-24 19:32:27,600 | [INTU] trending (ADX 27.7) -> trend-following strategy | Signal: HOLD | Shares held: 0.0 | Last price: $277.56
2026-09-24 19:32:27,600 | [INTU] ACTION: No trade.
2026-09-24 19:32:27,620 | [INVH] trending (ADX 32.4) -> trend-following strategy | Signal: HOLD | Shares held: 0.0 | Last price: $26.53
2026-09-24 19:32:27,620 | [INVH] ACTION: No trade.
2026-09-24 19:32:27,640 | [IP] trending (ADX 31.0) -> trend-following strategy | Signal: HOLD | Shares held: 0.0 | Last price: $34.69
2026-09-24 19:32:27,640 | [IP] ACTION: No trade.
2026-09-24 19:32:27,660 | [IQV] trending (ADX 28.6) -> trend-following strategy | Signal: HOLD | Shares held: 0.0 | Last price: $275.82
2026-09-24 19:32:27,660 | [IQV] ACTION: No trade.
2026-09-24 19:32:27,680 | [IR] choppy/sideways (ADX 21.2) -> mean-reversion strategy | Signal: HOLD | Shares held: 0.0 | Last price: $75.05
2026-09-24 19:32:27,680 | [IR] ACTION: No trade.
2026-09-24 19:32:27,700 | [IRM] trending (ADX 38.5) -> trend-following strategy | Signal: HOLD | Shares held: 0.0 | Last price: $114.89
2026-09-24 19:32:27,700 | [IRM] ACTION: No trade.
2026-09-24 19:32:27,720 | [ISRG] choppy/sideways (ADX 14.9) -> mean-reversion strategy | Signal: HOLD | Shares held: 0.0 | Last price: $400.41
2026-09-24 19:32:27,721 | [ISRG] ACTION: No trade.
2026-09-24 19:32:27,740 | [IT] choppy/sideways (ADX 10.9) -> mean-reversion strategy | Signal: HOLD | Shares held: 0.0 | Last price: $178.56
2026-09-24 19:32:27,741 | [IT] ACTION: No trade.
2026-09-24 19:32:27,761 | [ITW] choppy/sideways (ADX 14.1) -> mean-reversion strategy | Signal: HOLD | Shares held: 0.0 | Last price: $271.73
2026-09-24 19:32:27,761 | [ITW] ACTION: No trade.
2026-09-24 19:32:27,781 | [IVZ] choppy/sideways (ADX 15.4) -> mean-reversion strategy | Signal: HOLD | Shares held: 0.0 | Last price: $30.52
2026-09-24 19:32:27,781 | [IVZ] ACTION: No trade.
2026-09-24 19:32:27,801 | [J] trending (ADX 30.9) -> trend-following strategy | Signal: HOLD | Shares held: 0.0 | Last price: $136.20
2026-09-24 19:32:27,801 | [J] ACTION: No trade.
2026-09-24 19:32:27,821 | [JBHT] trending (ADX 28.8) -> trend-following strategy | Signal: HOLD | Shares held: 0.0 | Last price: $230.32
2026-09-24 19:32:27,821 | [JBHT] ACTION: No trade.
2026-09-24 19:32:27,841 | [JBL] choppy/sideways (ADX 12.7) -> mean-reversion strategy | Signal: HOLD | Shares held: 0.0 | Last price: $308.94
2026-09-24 19:32:27,841 | [JBL] ACTION: No trade.
2026-09-24 19:32:27,861 | [JCI] choppy/sideways (ADX 17.8) -> mean-reversion strategy | Signal: HOLD | Shares held: 0.0 | Last price: $144.90
2026-09-24 19:32:27,861 | [JCI] ACTION: No trade.
2026-09-24 19:32:27,883 | [JKHY] trending (ADX 29.0) -> trend-following strategy | Signal: HOLD | Shares held: 0.0 | Last price: $147.85
2026-09-24 19:32:27,883 | [JKHY] ACTION: No trade.
2026-09-24 19:32:27,904 | [JNJ] choppy/sideways (ADX 14.7) -> mean-reversion strategy | Signal: HOLD | Shares held: 0.0 | Last price: $272.15
2026-09-24 19:32:27,904 | [JNJ] ACTION: No trade.
2026-09-24 19:32:27,924 | [JPM] choppy/sideways (ADX 13.8) -> mean-reversion strategy | Signal: HOLD | Shares held: 0.0 | Last price: $337.09
2026-09-24 19:32:27,924 | [JPM] ACTION: No trade.
2026-09-24 19:32:27,944 | [KDP] choppy/sideways (ADX 16.3) -> mean-reversion strategy | Signal: HOLD | Shares held: 0.0 | Last price: $30.97
2026-09-24 19:32:27,944 | [KDP] ACTION: No trade.
2026-09-24 19:32:27,964 | [KEY] choppy/sideways (ADX 22.4) -> mean-reversion strategy | Signal: HOLD | Shares held: 0.0 | Last price: $20.23
2026-09-24 19:32:27,964 | [KEY] ACTION: No trade.
2026-09-24 19:32:27,984 | [KEYS] choppy/sideways (ADX 21.5) -> mean-reversion strategy | Signal: HOLD | Shares held: 0.0 | Last price: $356.65
2026-09-24 19:32:27,984 | [KEYS] ACTION: No trade.
2026-09-24 19:32:28,004 | [KHC] trending (ADX 25.3) -> trend-following strategy | Signal: HOLD | Shares held: 0.0 | Last price: $23.84
2026-09-24 19:32:28,004 | [KHC] ACTION: No trade.
2026-09-24 19:32:28,024 | [KIM] choppy/sideways (ADX 18.4) -> mean-reversion strategy | Signal: HOLD | Shares held: 0.0 | Last price: $22.23
2026-09-24 19:32:28,024 | [KIM] ACTION: No trade.
2026-09-24 19:32:28,044 | [KKR] choppy/sideways (ADX 18.2) -> mean-reversion strategy | Signal: HOLD | Shares held: 0.0 | Last price: $95.25
2026-09-24 19:32:28,044 | [KKR] ACTION: No trade.
2026-09-24 19:32:28,064 | [KLAC] choppy/sideways (ADX 11.8) -> mean-reversion strategy | Signal: HOLD | Shares held: 0.0 | Last price: $186.30
2026-09-24 19:32:28,064 | [KLAC] ACTION: No trade.
2026-09-24 19:32:28,084 | [KMB] choppy/sideways (ADX 10.2) -> mean-reversion strategy | Signal: HOLD | Shares held: 0.0 | Last price: $97.38
2026-09-24 19:32:28,084 | [KMB] ACTION: No trade.
2026-09-24 19:32:28,104 | [KMI] choppy/sideways (ADX 15.6) -> mean-reversion strategy | Signal: HOLD | Shares held: 0.0 | Last price: $31.27
2026-09-24 19:32:28,104 | [KMI] ACTION: No trade.
2026-09-24 19:32:28,124 | [KO] choppy/sideways (ADX 13.8) -> mean-reversion strategy | Signal: HOLD | Shares held: 0.0 | Last price: $88.42
2026-09-24 19:32:28,124 | [KO] ACTION: No trade.
2026-09-24 19:32:28,144 | [KR] choppy/sideways (ADX 11.0) -> mean-reversion strategy | Signal: HOLD | Shares held: 0.0 | Last price: $59.10
2026-09-24 19:32:28,144 | [KR] ACTION: No trade.
2026-09-24 19:32:28,164 | [KVUE] choppy/sideways (ADX 9.8) -> mean-reversion strategy | Signal: HOLD | Shares held: 0.0 | Last price: $17.66
2026-09-24 19:32:28,164 | [KVUE] ACTION: No trade.
2026-09-24 19:32:28,184 | [L] choppy/sideways (ADX 12.7) -> mean-reversion strategy | Signal: HOLD | Shares held: 0.0 | Last price: $105.41
2026-09-24 19:32:28,184 | [L] ACTION: No trade.
2026-09-24 19:32:28,203 | [LDOS] choppy/sideways (ADX 13.9) -> mean-reversion strategy | Signal: HOLD | Shares held: 0.0 | Last price: $123.85
2026-09-24 19:32:28,204 | [LDOS] ACTION: No trade.
2026-09-24 19:32:28,223 | [LEN] choppy/sideways (ADX 20.6) -> mean-reversion strategy | Signal: HOLD | Shares held: 0.0 | Last price: $81.09
2026-09-24 19:32:28,223 | [LEN] ACTION: No trade.
2026-09-24 19:32:28,243 | [LH] choppy/sideways (ADX 14.1) -> mean-reversion strategy | Signal: HOLD | Shares held: 0.0 | Last price: $307.82
2026-09-24 19:32:28,243 | [LH] ACTION: No trade.
2026-09-24 19:32:28,263 | [LHX] choppy/sideways (ADX 12.7) -> mean-reversion strategy | Signal: HOLD | Shares held: 0.0 | Last price: $238.79
2026-09-24 19:32:28,263 | [LHX] ACTION: No trade.
2026-09-24 19:32:28,283 | [LII] choppy/sideways (ADX 16.2) -> mean-reversion strategy | Signal: HOLD | Shares held: 0.0 | Last price: $367.27
2026-09-24 19:32:28,283 | [LII] ACTION: No trade.
2026-09-24 19:32:28,342 | [LIN] choppy/sideways (ADX 16.3) -> mean-reversion strategy | Signal: HOLD | Shares held: 0.0 | Last price: $467.25
2026-09-24 19:32:28,342 | [LIN] ACTION: No trade.
2026-09-24 19:32:28,362 | [LITE] choppy/sideways (ADX 17.4) -> mean-reversion strategy | Signal: HOLD | Shares held: 0.0 | Last price: $927.98
2026-09-24 19:32:28,362 | [LITE] ACTION: No trade.
2026-09-24 19:32:28,382 | [LLY] trending (ADX 33.1) -> trend-following strategy | Signal: HOLD | Shares held: 0.0 | Last price: $1190.64
2026-09-24 19:32:28,382 | [LLY] ACTION: No trade.
2026-09-24 19:32:28,402 | [LMT] choppy/sideways (ADX 17.2) -> mean-reversion strategy | Signal: HOLD | Shares held: 0.0 | Last price: $524.75
2026-09-24 19:32:28,402 | [LMT] ACTION: No trade.
2026-09-24 19:32:28,422 | [LNT] trending (ADX 28.2) -> trend-following strategy | Signal: HOLD | Shares held: 0.0 | Last price: $63.40
2026-09-24 19:32:28,422 | [LNT] ACTION: No trade.
2026-09-24 19:32:28,442 | [LOW] trending (ADX 26.6) -> trend-following strategy | Signal: HOLD | Shares held: 0.0 | Last price: $187.87
2026-09-24 19:32:28,442 | [LOW] ACTION: No trade.
2026-09-24 19:32:28,462 | [LRCX] choppy/sideways (ADX 11.9) -> mean-reversion strategy | Signal: HOLD | Shares held: 0.0 | Last price: $304.44
2026-09-24 19:32:28,462 | [LRCX] ACTION: No trade.
2026-09-24 19:32:28,482 | [LULU] choppy/sideways (ADX 12.7) -> mean-reversion strategy | Signal: HOLD | Shares held: 0.0 | Last price: $101.12
2026-09-24 19:32:28,482 | [LULU] ACTION: No trade.
2026-09-24 19:32:28,502 | [LUV] trending (ADX 31.1) -> trend-following strategy | Signal: HOLD | Shares held: 0.0 | Last price: $41.48
2026-09-24 19:32:28,502 | [LUV] ACTION: No trade.
2026-09-24 19:32:28,521 | [LVS] choppy/sideways (ADX 24.7) -> mean-reversion strategy | Signal: HOLD | Shares held: 0.0 | Last price: $38.60
2026-09-24 19:32:28,521 | [LVS] ACTION: No trade.
2026-09-24 19:32:28,541 | [LYB] choppy/sideways (ADX 16.7) -> mean-reversion strategy | Signal: HOLD | Shares held: 0.0 | Last price: $60.50
2026-09-24 19:32:28,541 | [LYB] ACTION: No trade.
2026-09-24 19:32:28,561 | [LYV] choppy/sideways (ADX 23.5) -> mean-reversion strategy | Signal: HOLD | Shares held: 0.0 | Last price: $170.72
2026-09-24 19:32:28,561 | [LYV] ACTION: No trade.
2026-09-24 19:32:28,581 | [MA] choppy/sideways (ADX 17.4) -> mean-reversion strategy | Signal: HOLD | Shares held: 0.0 | Last price: $564.06
2026-09-24 19:32:28,581 | [MA] ACTION: No trade.
2026-09-24 19:32:28,601 | [MAA] choppy/sideways (ADX 21.5) -> mean-reversion strategy | Signal: HOLD | Shares held: 0.0 | Last price: $117.17
2026-09-24 19:32:28,601 | [MAA] ACTION: No trade.
2026-09-24 19:32:28,621 | [MAR] choppy/sideways (ADX 20.3) -> mean-reversion strategy | Signal: HOLD | Shares held: 0.0 | Last price: $353.48
2026-09-24 19:32:28,621 | [MAR] ACTION: No trade.
2026-09-24 19:32:28,641 | [MAS] trending (ADX 29.7) -> trend-following strategy | Signal: HOLD | Shares held: 0.0 | Last price: $67.19
2026-09-24 19:32:28,641 | [MAS] ACTION: No trade.
2026-09-24 19:32:28,660 | [MCD] choppy/sideways (ADX 22.6) -> mean-reversion strategy | Signal: HOLD | Shares held: 0.0 | Last price: $237.97
2026-09-24 19:32:28,660 | [MCD] ACTION: No trade.
2026-09-24 19:32:28,680 | [MCHP] choppy/sideways (ADX 15.3) -> mean-reversion strategy | Signal: HOLD | Shares held: 0.0 | Last price: $74.24
2026-09-24 19:32:28,680 | [MCHP] ACTION: No trade.
2026-09-24 19:32:28,700 | [MCK] choppy/sideways (ADX 24.3) -> mean-reversion strategy | Signal: HOLD | Shares held: 0.0 | Last price: $868.76
2026-09-24 19:32:28,700 | [MCK] ACTION: No trade.
2026-09-24 19:32:28,720 | [MCO] choppy/sideways (ADX 13.2) -> mean-reversion strategy | Signal: HOLD | Shares held: 0.0 | Last price: $467.46
2026-09-24 19:32:28,720 | [MCO] ACTION: No trade.
2026-09-24 19:32:28,739 | [MDLZ] choppy/sideways (ADX 18.1) -> mean-reversion strategy | Signal: HOLD | Shares held: 0.0 | Last price: $60.92
2026-09-24 19:32:28,740 | [MDLZ] ACTION: No trade.
2026-09-24 19:32:28,759 | [MDT] choppy/sideways (ADX 13.7) -> mean-reversion strategy | Signal: HOLD | Shares held: 0.0 | Last price: $88.64
2026-09-24 19:32:28,759 | [MDT] ACTION: No trade.
2026-09-24 19:32:28,779 | [MET] trending (ADX 28.4) -> trend-following strategy | Signal: HOLD | Shares held: 0.0 | Last price: $97.79
2026-09-24 19:32:28,779 | [MET] ACTION: No trade.
2026-09-24 19:32:28,799 | [META] trending (ADX 46.5) -> trend-following strategy | Signal: HOLD | Shares held: 0.0 | Last price: $777.25
2026-09-24 19:32:28,799 | [META] ACTION: No trade.
2026-09-24 19:32:28,819 | [MGM] trending (ADX 58.9) -> trend-following strategy | Signal: HOLD | Shares held: 0.0 | Last price: $33.87
2026-09-24 19:32:28,819 | [MGM] ACTION: No trade.
2026-09-24 19:32:28,838 | [MKC] choppy/sideways (ADX 14.3) -> mean-reversion strategy | Signal: HOLD | Shares held: 0.0 | Last price: $47.96
2026-09-24 19:32:28,838 | [MKC] ACTION: No trade.
2026-09-24 19:32:28,858 | [MLM] trending (ADX 27.2) -> trend-following strategy | Signal: HOLD | Shares held: 0.0 | Last price: $480.45
2026-09-24 19:32:28,858 | [MLM] ACTION: No trade.
2026-09-24 19:32:28,878 | [MMM] choppy/sideways (ADX 17.7) -> mean-reversion strategy | Signal: HOLD | Shares held: 0.0 | Last price: $168.76
2026-09-24 19:32:28,878 | [MMM] ACTION: No trade.
2026-09-24 19:32:28,898 | [MNST] choppy/sideways (ADX 19.2) -> mean-reversion strategy | Signal: HOLD | Shares held: 0.0 | Last price: $42.72
2026-09-24 19:32:28,898 | [MNST] ACTION: No trade.
2026-09-24 19:32:28,917 | [MO] choppy/sideways (ADX 10.5) -> mean-reversion strategy | Signal: HOLD | Shares held: 0.0 | Last price: $69.03
2026-09-24 19:32:28,918 | [MO] ACTION: No trade.
2026-09-24 19:32:28,937 | [MOS] trending (ADX 27.1) -> trend-following strategy | Signal: HOLD | Shares held: 0.0 | Last price: $23.75
2026-09-24 19:32:28,937 | [MOS] ACTION: No trade.
2026-09-24 19:32:28,957 | [MPC] choppy/sideways (ADX 18.7) -> mean-reversion strategy | Signal: HOLD | Shares held: 0.0 | Last price: $391.69
2026-09-24 19:32:28,957 | [MPC] ACTION: No trade.
2026-09-24 19:32:28,977 | [MPWR] choppy/sideways (ADX 8.6) -> mean-reversion strategy | Signal: HOLD | Shares held: 0.0 | Last price: $1342.90
2026-09-24 19:32:28,977 | [MPWR] ACTION: No trade.
2026-09-24 19:32:28,997 | [MRK] choppy/sideways (ADX 15.4) -> mean-reversion strategy | Signal: HOLD | Shares held: 0.0 | Last price: $148.97
2026-09-24 19:32:28,997 | [MRK] ACTION: No trade.
2026-09-24 19:32:29,017 | [MRNA] choppy/sideways (ADX 22.4) -> mean-reversion strategy | Signal: HOLD | Shares held: 0.0 | Last price: $193.11
2026-09-24 19:32:29,017 | [MRNA] ACTION: No trade.
2026-09-24 19:32:29,036 | [MRSH] choppy/sideways (ADX 15.9) -> mean-reversion strategy | Signal: HOLD | Shares held: 0.0 | Last price: $169.75
2026-09-24 19:32:29,036 | [MRSH] ACTION: No trade.
2026-09-24 19:32:29,056 | [MRVL] choppy/sideways (ADX 17.2) -> mean-reversion strategy | Signal: HOLD | Shares held: 0.0 | Last price: $261.10
2026-09-24 19:32:29,056 | [MRVL] ACTION: No trade.
2026-09-24 19:32:29,076 | [MS] trending (ADX 25.2) -> trend-following strategy | Signal: HOLD | Shares held: 0.0 | Last price: $195.84
2026-09-24 19:32:29,076 | [MS] ACTION: No trade.
2026-09-24 19:32:29,096 | [MSCI] trending (ADX 35.3) -> trend-following strategy | Signal: HOLD | Shares held: 0.0 | Last price: $557.06
2026-09-24 19:32:29,097 | [MSCI] ACTION: No trade.
2026-09-24 19:32:29,116 | [MSFT] choppy/sideways (ADX 14.6) -> mean-reversion strategy | Signal: HOLD | Shares held: 0.0 | Last price: $497.77
2026-09-24 19:32:29,116 | [MSFT] ACTION: No trade.
2026-09-24 19:32:29,136 | [MSI] choppy/sideways (ADX 23.7) -> mean-reversion strategy | Signal: HOLD | Shares held: 0.0 | Last price: $457.49
2026-09-24 19:32:29,136 | [MSI] ACTION: No trade.
2026-09-24 19:32:29,156 | [MTB] choppy/sideways (ADX 21.2) -> mean-reversion strategy | Signal: HOLD | Shares held: 0.0 | Last price: $219.18
2026-09-24 19:32:29,156 | [MTB] ACTION: No trade.
2026-09-24 19:32:29,176 | [MTD] trending (ADX 36.9) -> trend-following strategy | Signal: HOLD | Shares held: 0.0 | Last price: $1532.05
2026-09-24 19:32:29,176 | [MTD] ACTION: No trade.
2026-09-24 19:32:29,196 | [MU] choppy/sideways (ADX 20.2) -> mean-reversion strategy | Signal: HOLD | Shares held: 0.0 | Last price: $1076.22
2026-09-24 19:32:29,196 | [MU] ACTION: No trade.
2026-09-24 19:32:29,215 | [NCLH] choppy/sideways (ADX 12.2) -> mean-reversion strategy | Signal: HOLD | Shares held: 0.0 | Last price: $14.20
2026-09-24 19:32:29,215 | [NCLH] ACTION: No trade.
2026-09-24 19:32:29,235 | [NDAQ] choppy/sideways (ADX 18.5) -> mean-reversion strategy | Signal: HOLD | Shares held: 0.0 | Last price: $94.68
2026-09-24 19:32:29,235 | [NDAQ] ACTION: No trade.
2026-09-24 19:32:29,255 | [NDSN] choppy/sideways (ADX 18.8) -> mean-reversion strategy | Signal: HOLD | Shares held: 0.0 | Last price: $323.46
2026-09-24 19:32:29,255 | [NDSN] ACTION: No trade.
2026-09-24 19:32:29,275 | [NEE] trending (ADX 44.5) -> trend-following strategy | Signal: HOLD | Shares held: 0.0 | Last price: $75.93
2026-09-24 19:32:29,275 | [NEE] ACTION: No trade.
2026-09-24 19:32:29,294 | [NEM] choppy/sideways (ADX 23.8) -> mean-reversion strategy | Signal: HOLD | Shares held: 0.0 | Last price: $120.94
2026-09-24 19:32:29,295 | [NEM] ACTION: No trade.
2026-09-24 19:32:29,314 | [NFLX] trending (ADX 25.2) -> trend-following strategy | Signal: HOLD | Shares held: 0.0 | Last price: $71.81
2026-09-24 19:32:29,314 | [NFLX] ACTION: No trade.
2026-09-24 19:32:29,334 | [NI] choppy/sideways (ADX 16.5) -> mean-reversion strategy | Signal: HOLD | Shares held: 0.0 | Last price: $39.16
2026-09-24 19:32:29,334 | [NI] ACTION: No trade.
2026-09-24 19:32:29,354 | [NKE] choppy/sideways (ADX 11.0) -> mean-reversion strategy | Signal: HOLD | Shares held: 0.0 | Last price: $35.87
2026-09-24 19:32:29,354 | [NKE] ACTION: No trade.
2026-09-24 19:32:29,373 | [NOC] choppy/sideways (ADX 16.6) -> mean-reversion strategy | Signal: HOLD | Shares held: 0.0 | Last price: $510.12
2026-09-24 19:32:29,373 | [NOC] ACTION: No trade.
2026-09-24 19:32:29,393 | [NOW] choppy/sideways (ADX 18.4) -> mean-reversion strategy | Signal: HOLD | Shares held: 0.0 | Last price: $138.41
2026-09-24 19:32:29,393 | [NOW] ACTION: No trade.
2026-09-24 19:32:29,413 | [NRG] trending (ADX 28.9) -> trend-following strategy | Signal: HOLD | Shares held: 0.0 | Last price: $97.96
2026-09-24 19:32:29,413 | [NRG] ACTION: No trade.
2026-09-24 19:32:29,432 | [NSC] trending (ADX 26.1) -> trend-following strategy | Signal: HOLD | Shares held: 0.0 | Last price: $313.97
2026-09-24 19:32:29,433 | [NSC] ACTION: No trade.
2026-09-24 19:32:29,452 | [NTAP] choppy/sideways (ADX 16.4) -> mean-reversion strategy | Signal: HOLD | Shares held: 0.0 | Last price: $198.55
2026-09-24 19:32:29,452 | [NTAP] ACTION: No trade.
2026-09-24 19:32:29,472 | [NTRS] choppy/sideways (ADX 18.8) -> mean-reversion strategy | Signal: HOLD | Shares held: 0.0 | Last price: $173.39
2026-09-24 19:32:29,472 | [NTRS] ACTION: No trade.
2026-09-24 19:32:29,492 | [NUE] trending (ADX 33.8) -> trend-following strategy | Signal: HOLD | Shares held: 0.0 | Last price: $249.35
2026-09-24 19:32:29,492 | [NUE] ACTION: No trade.
2026-09-24 19:32:29,511 | [NVDA] choppy/sideways (ADX 20.4) -> mean-reversion strategy | Signal: HOLD | Shares held: 0.0 | Last price: $223.76
2026-09-24 19:32:29,511 | [NVDA] ACTION: No trade.
2026-09-24 19:32:29,531 | [NVR] choppy/sideways (ADX 14.9) -> mean-reversion strategy | Signal: HOLD | Shares held: 0.0 | Last price: $6204.11
2026-09-24 19:32:29,531 | [NVR] ACTION: No trade.
2026-09-24 19:32:29,551 | [NWSA] choppy/sideways (ADX 14.4) -> mean-reversion strategy | Signal: HOLD | Shares held: 0.0 | Last price: $28.48
2026-09-24 19:32:29,551 | [NWSA] ACTION: No trade.
2026-09-24 19:32:29,571 | [NXPI] choppy/sideways (ADX 22.7) -> mean-reversion strategy | Signal: HOLD | Shares held: 0.0 | Last price: $230.69
2026-09-24 19:32:29,571 | [NXPI] ACTION: No trade.
2026-09-24 19:32:29,591 | [O] choppy/sideways (ADX 19.6) -> mean-reversion strategy | Signal: HOLD | Shares held: 0.0 | Last price: $55.38
2026-09-24 19:32:29,591 | [O] ACTION: No trade.
2026-09-24 19:32:29,611 | [ODFL] trending (ADX 28.1) -> trend-following strategy | Signal: HOLD | Shares held: 0.0 | Last price: $174.75
2026-09-24 19:32:29,611 | [ODFL] ACTION: No trade.
2026-09-24 19:32:29,630 | [OKE] choppy/sideways (ADX 15.1) -> mean-reversion strategy | Signal: HOLD | Shares held: 0.0 | Last price: $90.86
2026-09-24 19:32:29,630 | [OKE] ACTION: No trade.
2026-09-24 19:32:29,650 | [OMC] choppy/sideways (ADX 11.4) -> mean-reversion strategy | Signal: HOLD | Shares held: 0.0 | Last price: $74.92
2026-09-24 19:32:29,650 | [OMC] ACTION: No trade.
2026-09-24 19:32:29,670 | [ON] choppy/sideways (ADX 15.4) -> mean-reversion strategy | Signal: HOLD | Shares held: 0.0 | Last price: $73.11
2026-09-24 19:32:29,670 | [ON] ACTION: No trade.
2026-09-24 19:32:29,690 | [ORCL] trending (ADX 30.6) -> trend-following strategy | Signal: HOLD | Shares held: 0.0 | Last price: $139.29
2026-09-24 19:32:29,690 | [ORCL] ACTION: No trade.
2026-09-24 19:32:29,710 | [ORLY] choppy/sideways (ADX 18.8) -> mean-reversion strategy | Signal: HOLD | Shares held: 0.0 | Last price: $86.59
2026-09-24 19:32:29,710 | [ORLY] ACTION: No trade.
2026-09-24 19:32:29,730 | [OTIS] trending (ADX 35.1) -> trend-following strategy | Signal: HOLD | Shares held: 0.0 | Last price: $66.76
2026-09-24 19:32:29,730 | [OTIS] ACTION: No trade.
2026-09-24 19:32:29,750 | [OXY] choppy/sideways (ADX 20.4) -> mean-reversion strategy | Signal: HOLD | Shares held: 0.0 | Last price: $58.04
2026-09-24 19:32:29,750 | [OXY] ACTION: No trade.
2026-09-24 19:32:29,770 | [P] trending (ADX 33.4) -> trend-following strategy | Signal: HOLD | Shares held: 0.0 | Last price: $123.35
2026-09-24 19:32:29,771 | [P] ACTION: No trade.
2026-09-24 19:32:29,791 | [PANW] trending (ADX 38.1) -> trend-following strategy | Signal: HOLD | Shares held: 0.0 | Last price: $391.70
2026-09-24 19:32:29,791 | [PANW] ACTION: No trade.
2026-09-24 19:32:29,811 | [PAYX] trending (ADX 34.5) -> trend-following strategy | Signal: HOLD | Shares held: 0.0 | Last price: $102.13
2026-09-24 19:32:29,811 | [PAYX] ACTION: No trade.
2026-09-24 19:32:29,830 | [PCAR] trending (ADX 27.5) -> trend-following strategy | Signal: HOLD | Shares held: 0.0 | Last price: $110.50
2026-09-24 19:32:29,831 | [PCAR] ACTION: No trade.
2026-09-24 19:32:29,850 | [PCG] trending (ADX 36.5) -> trend-following strategy | Signal: HOLD | Shares held: 0.0 | Last price: $12.29
2026-09-24 19:32:29,850 | [PCG] ACTION: No trade.
2026-09-24 19:32:29,870 | [PEG] trending (ADX 37.1) -> trend-following strategy | Signal: HOLD | Shares held: 0.0 | Last price: $66.70
2026-09-24 19:32:29,870 | [PEG] ACTION: No trade.
2026-09-24 19:32:29,891 | [PEP] choppy/sideways (ADX 14.5) -> mean-reversion strategy | Signal: HOLD | Shares held: 0.0 | Last price: $128.66
2026-09-24 19:32:29,891 | [PEP] ACTION: No trade.
2026-09-24 19:32:29,911 | [PFE] choppy/sideways (ADX 22.7) -> mean-reversion strategy | Signal: HOLD | Shares held: 0.0 | Last price: $28.43
2026-09-24 19:32:29,911 | [PFE] ACTION: No trade.
2026-09-24 19:32:29,931 | [PFG] choppy/sideways (ADX 12.4) -> mean-reversion strategy | Signal: HOLD | Shares held: 0.0 | Last price: $114.31
2026-09-24 19:32:29,931 | [PFG] ACTION: No trade.
2026-09-24 19:32:29,951 | [PG] choppy/sideways (ADX 11.5) -> mean-reversion strategy | Signal: HOLD | Shares held: 0.0 | Last price: $146.60
2026-09-24 19:32:29,951 | [PG] ACTION: No trade.
2026-09-24 19:32:29,971 | [PGR] choppy/sideways (ADX 16.0) -> mean-reversion strategy | Signal: HOLD | Shares held: 0.0 | Last price: $202.27
2026-09-24 19:32:29,971 | [PGR] ACTION: No trade.
2026-09-24 19:32:29,990 | [PH] choppy/sideways (ADX 11.0) -> mean-reversion strategy | Signal: HOLD | Shares held: 0.0 | Last price: $972.38
2026-09-24 19:32:29,991 | [PH] ACTION: No trade.
2026-09-24 19:32:30,010 | [PHM] choppy/sideways (ADX 20.9) -> mean-reversion strategy | Signal: HOLD | Shares held: 0.0 | Last price: $117.82
2026-09-24 19:32:30,010 | [PHM] ACTION: No trade.
2026-09-24 19:32:30,030 | [PKG] trending (ADX 25.8) -> trend-following strategy | Signal: HOLD | Shares held: 0.0 | Last price: $236.56
2026-09-24 19:32:30,030 | [PKG] ACTION: No trade.
2026-09-24 19:32:30,050 | [PLD] choppy/sideways (ADX 17.3) -> mean-reversion strategy | Signal: HOLD | Shares held: 0.0 | Last price: $133.85
2026-09-24 19:32:30,050 | [PLD] ACTION: No trade.
2026-09-24 19:32:30,070 | [PLTR] choppy/sideways (ADX 14.2) -> mean-reversion strategy | Signal: HOLD | Shares held: 0.0 | Last price: $192.49
2026-09-24 19:32:30,070 | [PLTR] ACTION: No trade.
2026-09-24 19:32:30,090 | [PM] choppy/sideways (ADX 14.7) -> mean-reversion strategy | Signal: HOLD | Shares held: 0.0 | Last price: $192.04
2026-09-24 19:32:30,090 | [PM] ACTION: No trade.
2026-09-24 19:32:30,110 | [PNC] choppy/sideways (ADX 23.5) -> mean-reversion strategy | Signal: HOLD | Shares held: 0.0 | Last price: $223.12
2026-09-24 19:32:30,110 | [PNC] ACTION: No trade.
2026-09-24 19:32:30,130 | [PNR] trending (ADX 40.5) -> trend-following strategy | Signal: HOLD | Shares held: 0.0 | Last price: $52.91
2026-09-24 19:32:30,130 | [PNR] ACTION: No trade.
2026-09-24 19:32:30,149 | [PNW] choppy/sideways (ADX 15.2) -> mean-reversion strategy | Signal: HOLD | Shares held: 0.0 | Last price: $91.19
2026-09-24 19:32:30,149 | [PNW] ACTION: No trade.
2026-09-24 19:32:30,169 | [PODD] choppy/sideways (ADX 13.3) -> mean-reversion strategy | Signal: HOLD | Shares held: 0.0 | Last price: $135.22
2026-09-24 19:32:30,169 | [PODD] ACTION: No trade.
2026-09-24 19:32:30,189 | [PPG] choppy/sideways (ADX 14.0) -> mean-reversion strategy | Signal: HOLD | Shares held: 0.0 | Last price: $106.47
2026-09-24 19:32:30,189 | [PPG] ACTION: No trade.
2026-09-24 19:32:30,209 | [PPL] choppy/sideways (ADX 19.8) -> mean-reversion strategy | Signal: HOLD | Shares held: 0.0 | Last price: $32.06
2026-09-24 19:32:30,209 | [PPL] ACTION: No trade.
2026-09-24 19:32:30,230 | [PRU] choppy/sideways (ADX 24.7) -> mean-reversion strategy | Signal: HOLD | Shares held: 0.0 | Last price: $119.29
2026-09-24 19:32:30,230 | [PRU] ACTION: No trade.
2026-09-24 19:32:30,250 | [PSA] trending (ADX 32.6) -> trend-following strategy | Signal: HOLD | Shares held: 0.0 | Last price: $285.36
2026-09-24 19:32:30,250 | [PSA] ACTION: No trade.
2026-09-24 19:32:30,271 | [PSKY] choppy/sideways (ADX 10.3) -> mean-reversion strategy | Signal: HOLD | Shares held: 0.0 | Last price: $10.12
2026-09-24 19:32:30,271 | [PSKY] ACTION: No trade.
2026-09-24 19:32:30,291 | [PSX] choppy/sideways (ADX 18.4) -> mean-reversion strategy | Signal: HOLD | Shares held: 0.0 | Last price: $257.42
2026-09-24 19:32:30,291 | [PSX] ACTION: No trade.
2026-09-24 19:32:30,311 | [PTC] trending (ADX 29.0) -> trend-following strategy | Signal: HOLD | Shares held: 0.0 | Last price: $136.83
2026-09-24 19:32:30,311 | [PTC] ACTION: No trade.
2026-09-24 19:32:30,331 | [PWR] choppy/sideways (ADX 12.5) -> mean-reversion strategy | Signal: HOLD | Shares held: 0.0 | Last price: $644.38
2026-09-24 19:32:30,332 | [PWR] ACTION: No trade.
2026-09-24 19:32:30,352 | [PYPL] choppy/sideways (ADX 12.9) -> mean-reversion strategy | Signal: HOLD | Shares held: 0.0 | Last price: $52.43
2026-09-24 19:32:30,352 | [PYPL] ACTION: No trade.
2026-09-24 19:32:30,371 | [Q] choppy/sideways (ADX 16.7) -> mean-reversion strategy | Signal: HOLD | Shares held: 0.0 | Last price: $121.20
2026-09-24 19:32:30,371 | [Q] ACTION: No trade.
2026-09-24 19:32:30,392 | [QCOM] choppy/sideways (ADX 15.3) -> mean-reversion strategy | Signal: HOLD | Shares held: 0.0 | Last price: $194.75
2026-09-24 19:32:30,392 | [QCOM] ACTION: No trade.
2026-09-24 19:32:30,412 | [RCL] trending (ADX 35.0) -> trend-following strategy | Signal: HOLD | Shares held: 0.0 | Last price: $239.41
2026-09-24 19:32:30,412 | [RCL] ACTION: No trade.
2026-09-24 19:32:30,432 | [RDDT] choppy/sideways (ADX 15.3) -> mean-reversion strategy | Signal: HOLD | Shares held: 0.0 | Last price: $151.84
2026-09-24 19:32:30,432 | [RDDT] ACTION: No trade.
2026-09-24 19:32:30,452 | [REG] choppy/sideways (ADX 13.8) -> mean-reversion strategy | Signal: HOLD | Shares held: 0.0 | Last price: $72.92
2026-09-24 19:32:30,452 | [REG] ACTION: No trade.
2026-09-24 19:32:30,472 | [REGN] choppy/sideways (ADX 15.2) -> mean-reversion strategy | Signal: HOLD | Shares held: 0.0 | Last price: $795.54
2026-09-24 19:32:30,472 | [REGN] ACTION: No trade.
2026-09-24 19:32:30,493 | [RF] choppy/sideways (ADX 23.1) -> mean-reversion strategy | Signal: HOLD | Shares held: 0.0 | Last price: $27.27
2026-09-24 19:32:30,493 | [RF] ACTION: No trade.
2026-09-24 19:32:30,513 | [RJF] choppy/sideways (ADX 20.2) -> mean-reversion strategy | Signal: HOLD | Shares held: 0.0 | Last price: $157.45
2026-09-24 19:32:30,513 | [RJF] ACTION: No trade.
2026-09-24 19:32:30,533 | [RL] trending (ADX 28.5) -> trend-following strategy | Signal: HOLD | Shares held: 0.0 | Last price: $351.53
2026-09-24 19:32:30,533 | [RL] ACTION: No trade.
2026-09-24 19:32:30,553 | [RMD] choppy/sideways (ADX 10.6) -> mean-reversion strategy | Signal: HOLD | Shares held: 0.0 | Last price: $222.98
2026-09-24 19:32:30,553 | [RMD] ACTION: No trade.
2026-09-24 19:32:30,573 | [ROK] choppy/sideways (ADX 12.2) -> mean-reversion strategy | Signal: HOLD | Shares held: 0.0 | Last price: $431.43
2026-09-24 19:32:30,573 | [ROK] ACTION: No trade.
2026-09-24 19:32:30,593 | [ROL] trending (ADX 50.0) -> trend-following strategy | Signal: HOLD | Shares held: 0.0 | Last price: $30.34
2026-09-24 19:32:30,593 | [ROL] ACTION: No trade.
2026-09-24 19:32:30,613 | [ROP] choppy/sideways (ADX 12.2) -> mean-reversion strategy | Signal: HOLD | Shares held: 0.0 | Last price: $363.31
2026-09-24 19:32:30,614 | [ROP] ACTION: No trade.
2026-09-24 19:32:30,634 | [ROST] trending (ADX 25.0) -> trend-following strategy | Signal: HOLD | Shares held: 0.0 | Last price: $236.17
2026-09-24 19:32:30,634 | [ROST] ACTION: No trade.
2026-09-24 19:32:30,654 | [RSG] choppy/sideways (ADX 10.5) -> mean-reversion strategy | Signal: HOLD | Shares held: 0.0 | Last price: $213.61
2026-09-24 19:32:30,655 | [RSG] ACTION: No trade.
2026-09-24 19:32:30,675 | [RTX] choppy/sideways (ADX 22.1) -> mean-reversion strategy | Signal: HOLD | Shares held: 0.0 | Last price: $189.31
2026-09-24 19:32:30,675 | [RTX] ACTION: No trade.
2026-09-24 19:32:30,695 | [RVTY] trending (ADX 42.7) -> trend-following strategy | Signal: HOLD | Shares held: 0.0 | Last price: $151.59
2026-09-24 19:32:30,695 | [RVTY] ACTION: No trade.
2026-09-24 19:32:30,715 | [SBAC] trending (ADX 30.8) -> trend-following strategy | Signal: HOLD | Shares held: 0.0 | Last price: $167.41
2026-09-24 19:32:30,715 | [SBAC] ACTION: No trade.
2026-09-24 19:32:30,736 | [SBUX] choppy/sideways (ADX 11.6) -> mean-reversion strategy | Signal: HOLD | Shares held: 0.0 | Last price: $93.84
2026-09-24 19:32:30,736 | [SBUX] ACTION: No trade.
2026-09-24 19:32:30,756 | [SCHW] trending (ADX 26.3) -> trend-following strategy | Signal: HOLD | Shares held: 0.0 | Last price: $98.97
2026-09-24 19:32:30,756 | [SCHW] ACTION: No trade.
2026-09-24 19:32:30,776 | [SHW] trending (ADX 29.1) -> trend-following strategy | Signal: HOLD | Shares held: 0.0 | Last price: $319.77
2026-09-24 19:32:30,776 | [SHW] ACTION: No trade.
2026-09-24 19:32:30,796 | [SJM] choppy/sideways (ADX 22.1) -> mean-reversion strategy | Signal: HOLD | Shares held: 0.0 | Last price: $122.23
2026-09-24 19:32:30,796 | [SJM] ACTION: No trade.
2026-09-24 19:32:30,816 | [SLB] choppy/sideways (ADX 16.9) -> mean-reversion strategy | Signal: HOLD | Shares held: 0.0 | Last price: $51.65
2026-09-24 19:32:30,816 | [SLB] ACTION: No trade.
2026-09-24 19:32:30,836 | [SMCI] trending (ADX 29.4) -> trend-following strategy | Signal: HOLD | Shares held: 0.0 | Last price: $41.78
2026-09-24 19:32:30,837 | [SMCI] ACTION: No trade.
2026-09-24 19:32:30,857 | [SNDK] trending (ADX 38.2) -> trend-following strategy | Signal: HOLD | Shares held: 0.0 | Last price: $1740.97
2026-09-24 19:32:30,857 | [SNDK] ACTION: No trade.
2026-09-24 19:32:30,876 | [SNPS] choppy/sideways (ADX 15.9) -> mean-reversion strategy | Signal: HOLD | Shares held: 0.0 | Last price: $423.00
2026-09-24 19:32:30,876 | [SNPS] ACTION: No trade.
2026-09-24 19:32:30,896 | [SO] choppy/sideways (ADX 21.0) -> mean-reversion strategy | Signal: HOLD | Shares held: 0.0 | Last price: $83.19
2026-09-24 19:32:30,896 | [SO] ACTION: No trade.
2026-09-24 19:32:30,916 | [SPG] choppy/sideways (ADX 23.6) -> mean-reversion strategy | Signal: HOLD | Shares held: 0.0 | Last price: $205.03
2026-09-24 19:32:30,916 | [SPG] ACTION: No trade.
2026-09-24 19:32:30,936 | [SPGI] choppy/sideways (ADX 14.6) -> mean-reversion strategy | Signal: HOLD | Shares held: 0.0 | Last price: $403.23
2026-09-24 19:32:30,936 | [SPGI] ACTION: No trade.
2026-09-24 19:32:30,956 | [SRE] trending (ADX 51.7) -> trend-following strategy | Signal: HOLD | Shares held: 0.0 | Last price: $77.76
2026-09-24 19:32:30,956 | [SRE] ACTION: No trade.
2026-09-24 19:32:30,976 | [STE] choppy/sideways (ADX 18.5) -> mean-reversion strategy | Signal: HOLD | Shares held: 0.0 | Last price: $209.38
2026-09-24 19:32:30,976 | [STE] ACTION: No trade.
2026-09-24 19:32:30,996 | [STLD] trending (ADX 26.2) -> trend-following strategy | Signal: HOLD | Shares held: 0.0 | Last price: $236.20
2026-09-24 19:32:30,996 | [STLD] ACTION: No trade.
2026-09-24 19:32:31,016 | [STT] choppy/sideways (ADX 12.3) -> mean-reversion strategy | Signal: HOLD | Shares held: 0.0 | Last price: $180.23
2026-09-24 19:32:31,016 | [STT] ACTION: No trade.
2026-09-24 19:32:31,036 | [STX] choppy/sideways (ADX 19.3) -> mean-reversion strategy | Signal: HOLD | Shares held: 0.0 | Last price: $901.45
2026-09-24 19:32:31,036 | [STX] ACTION: No trade.
2026-09-24 19:32:31,056 | [STZ] choppy/sideways (ADX 15.3) -> mean-reversion strategy | Signal: HOLD | Shares held: 0.0 | Last price: $114.84
2026-09-24 19:32:31,056 | [STZ] ACTION: No trade.
2026-09-24 19:32:31,076 | [SW] trending (ADX 31.8) -> trend-following strategy | Signal: HOLD | Shares held: 0.0 | Last price: $45.46
2026-09-24 19:32:31,076 | [SW] ACTION: No trade.
2026-09-24 19:32:31,097 | [SWK] choppy/sideways (ADX 19.1) -> mean-reversion strategy | Signal: HOLD | Shares held: 0.0 | Last price: $90.31
2026-09-24 19:32:31,097 | [SWK] ACTION: No trade.
2026-09-24 19:32:31,117 | [SWKS] choppy/sideways (ADX 18.3) -> mean-reversion strategy | Signal: HOLD | Shares held: 0.0 | Last price: $88.41
2026-09-24 19:32:31,117 | [SWKS] ACTION: No trade.
2026-09-24 19:32:31,137 | [SYF] choppy/sideways (ADX 23.1) -> mean-reversion strategy | Signal: HOLD | Shares held: 0.0 | Last price: $71.43
2026-09-24 19:32:31,137 | [SYF] ACTION: No trade.
2026-09-24 19:32:31,157 | [SYK] trending (ADX 28.5) -> trend-following strategy | Signal: HOLD | Shares held: 0.0 | Last price: $270.71
2026-09-24 19:32:31,157 | [SYK] ACTION: No trade.
2026-09-24 19:32:31,177 | [SYY] choppy/sideways (ADX 19.6) -> mean-reversion strategy | Signal: HOLD | Shares held: 0.0 | Last price: $78.23
2026-09-24 19:32:31,177 | [SYY] ACTION: No trade.
2026-09-24 19:32:31,197 | [T] choppy/sideways (ADX 16.7) -> mean-reversion strategy | Signal: HOLD | Shares held: 0.0 | Last price: $25.52
2026-09-24 19:32:31,197 | [T] ACTION: No trade.
2026-09-24 19:32:31,216 | [TDG] choppy/sideways (ADX 12.4) -> mean-reversion strategy | Signal: HOLD | Shares held: 0.0 | Last price: $1110.57
2026-09-24 19:32:31,216 | [TDG] ACTION: No trade.
2026-09-24 19:32:31,236 | [TDY] choppy/sideways (ADX 12.2) -> mean-reversion strategy | Signal: HOLD | Shares held: 0.0 | Last price: $615.08
2026-09-24 19:32:31,236 | [TDY] ACTION: No trade.
2026-09-24 19:32:31,256 | [TECH] trending (ADX 35.0) -> trend-following strategy | Signal: HOLD | Shares held: 0.0 | Last price: $72.59
2026-09-24 19:32:31,256 | [TECH] ACTION: No trade.
2026-09-24 19:32:31,276 | [TEL] choppy/sideways (ADX 17.3) -> mean-reversion strategy | Signal: HOLD | Shares held: 0.0 | Last price: $213.67
2026-09-24 19:32:31,276 | [TEL] ACTION: No trade.
2026-09-24 19:32:31,296 | [TER] choppy/sideways (ADX 19.5) -> mean-reversion strategy | Signal: HOLD | Shares held: 0.0 | Last price: $387.07
2026-09-24 19:32:31,296 | [TER] ACTION: No trade.
2026-09-24 19:32:31,316 | [TFC] trending (ADX 26.7) -> trend-following strategy | Signal: BUY | Shares held: 0.0 | Last price: $47.16
2026-09-24 19:32:31,316 | [TFC] ACTION: No trade (within 90 min of close -- not enough runway left today for a new position).
2026-09-24 19:32:31,335 | [TGT] choppy/sideways (ADX 19.4) -> mean-reversion strategy | Signal: HOLD | Shares held: 0.0 | Last price: $156.69
2026-09-24 19:32:31,335 | [TGT] ACTION: No trade.
2026-09-24 19:32:31,355 | [TJX] choppy/sideways (ADX 17.6) -> mean-reversion strategy | Signal: HOLD | Shares held: 0.0 | Last price: $131.55
2026-09-24 19:32:31,355 | [TJX] ACTION: No trade.
2026-09-24 19:32:31,375 | [TKO] trending (ADX 29.7) -> trend-following strategy | Signal: BUY | Shares held: 0.0 | Last price: $184.53
2026-09-24 19:32:31,375 | [TKO] ACTION: No trade (within 90 min of close -- not enough runway left today for a new position).
2026-09-24 19:32:31,395 | [TMO] trending (ADX 26.3) -> trend-following strategy | Signal: HOLD | Shares held: 0.0 | Last price: $681.53
2026-09-24 19:32:31,395 | [TMO] ACTION: No trade.
2026-09-24 19:32:31,415 | [TMUS] choppy/sideways (ADX 14.4) -> mean-reversion strategy | Signal: HOLD | Shares held: 0.0 | Last price: $165.13
2026-09-24 19:32:31,415 | [TMUS] ACTION: No trade.
2026-09-24 19:32:31,435 | [TPL] trending (ADX 31.2) -> trend-following strategy | Signal: HOLD | Shares held: 0.0 | Last price: $338.70
2026-09-24 19:32:31,435 | [TPL] ACTION: No trade.
2026-09-24 19:32:31,455 | [TPR] choppy/sideways (ADX 17.2) -> mean-reversion strategy | Signal: HOLD | Shares held: 0.0 | Last price: $112.11
2026-09-24 19:32:31,455 | [TPR] ACTION: No trade.
2026-09-24 19:32:31,518 | [TRGP] trending (ADX 28.5) -> trend-following strategy | Signal: HOLD | Shares held: 0.0 | Last price: $284.15
2026-09-24 19:32:31,518 | [TRGP] ACTION: No trade.
2026-09-24 19:32:31,538 | [TRMB] trending (ADX 32.1) -> trend-following strategy | Signal: HOLD | Shares held: 0.0 | Last price: $57.72
2026-09-24 19:32:31,538 | [TRMB] ACTION: No trade.
2026-09-24 19:32:31,558 | [TROW] choppy/sideways (ADX 15.1) -> mean-reversion strategy | Signal: HOLD | Shares held: 0.0 | Last price: $104.00
2026-09-24 19:32:31,558 | [TROW] ACTION: No trade.
2026-09-24 19:32:31,578 | [TRV] choppy/sideways (ADX 16.8) -> mean-reversion strategy | Signal: HOLD | Shares held: 0.0 | Last price: $363.97
2026-09-24 19:32:31,578 | [TRV] ACTION: No trade.
2026-09-24 19:32:31,598 | [TSCO] trending (ADX 25.6) -> trend-following strategy | Signal: HOLD | Shares held: 0.0 | Last price: $31.59
2026-09-24 19:32:31,598 | [TSCO] ACTION: No trade.
2026-09-24 19:32:31,618 | [TSLA] choppy/sideways (ADX 17.2) -> mean-reversion strategy | Signal: HOLD | Shares held: 0.0 | Last price: $379.59
2026-09-24 19:32:31,618 | [TSLA] ACTION: No trade.
2026-09-24 19:32:31,638 | [TSN] choppy/sideways (ADX 12.9) -> mean-reversion strategy | Signal: HOLD | Shares held: 0.0 | Last price: $51.09
2026-09-24 19:32:31,638 | [TSN] ACTION: No trade.
2026-09-24 19:32:31,658 | [TT] choppy/sideways (ADX 13.4) -> mean-reversion strategy | Signal: HOLD | Shares held: 0.0 | Last price: $438.36
2026-09-24 19:32:31,659 | [TT] ACTION: No trade.
2026-09-24 19:32:31,679 | [TTWO] choppy/sideways (ADX 24.3) -> mean-reversion strategy | Signal: HOLD | Shares held: 0.0 | Last price: $203.86
2026-09-24 19:32:31,679 | [TTWO] ACTION: No trade.
2026-09-24 19:32:31,699 | [TXN] choppy/sideways (ADX 12.2) -> mean-reversion strategy | Signal: HOLD | Shares held: 0.0 | Last price: $270.06
2026-09-24 19:32:31,699 | [TXN] ACTION: No trade.
2026-09-24 19:32:31,719 | [TXT] choppy/sideways (ADX 17.3) -> mean-reversion strategy | Signal: HOLD | Shares held: 0.0 | Last price: $76.28
2026-09-24 19:32:31,719 | [TXT] ACTION: No trade.
2026-09-24 19:32:31,739 | [TYL] choppy/sideways (ADX 11.3) -> mean-reversion strategy | Signal: HOLD | Shares held: 0.0 | Last price: $330.15
2026-09-24 19:32:31,739 | [TYL] ACTION: No trade.
2026-09-24 19:32:31,759 | [UAL] trending (ADX 28.5) -> trend-following strategy | Signal: HOLD | Shares held: 0.0 | Last price: $111.39
2026-09-24 19:32:31,760 | [UAL] ACTION: No trade.
2026-09-24 19:32:31,779 | [UBER] choppy/sideways (ADX 9.9) -> mean-reversion strategy | Signal: HOLD | Shares held: 0.0 | Last price: $69.31
2026-09-24 19:32:31,779 | [UBER] ACTION: No trade.
2026-09-24 19:32:31,799 | [UDR] choppy/sideways (ADX 19.4) -> mean-reversion strategy | Signal: HOLD | Shares held: 0.0 | Last price: $33.52
2026-09-24 19:32:31,799 | [UDR] ACTION: No trade.
2026-09-24 19:32:31,819 | [UHS] trending (ADX 39.9) -> trend-following strategy | Signal: HOLD | Shares held: 0.0 | Last price: $177.85
2026-09-24 19:32:31,819 | [UHS] ACTION: No trade.
2026-09-24 19:32:31,839 | [ULTA] choppy/sideways (ADX 19.5) -> mean-reversion strategy | Signal: HOLD | Shares held: 0.0 | Last price: $547.13
2026-09-24 19:32:31,839 | [ULTA] ACTION: No trade.
2026-09-24 19:32:31,859 | [UNH] choppy/sideways (ADX 24.7) -> mean-reversion strategy | Signal: HOLD | Shares held: 0.0 | Last price: $374.87
2026-09-24 19:32:31,859 | [UNH] ACTION: No trade.
2026-09-24 19:32:31,879 | [UNP] trending (ADX 31.0) -> trend-following strategy | Signal: HOLD | Shares held: 0.0 | Last price: $273.40
2026-09-24 19:32:31,879 | [UNP] ACTION: No trade.
2026-09-24 19:32:31,899 | [UPS] trending (ADX 48.3) -> trend-following strategy | Signal: HOLD | Shares held: 0.0 | Last price: $91.99
2026-09-24 19:32:31,899 | [UPS] ACTION: No trade.
2026-09-24 19:32:31,919 | [URI] trending (ADX 26.7) -> trend-following strategy | Signal: HOLD | Shares held: 0.0 | Last price: $1017.60
2026-09-24 19:32:31,919 | [URI] ACTION: No trade.
2026-09-24 19:32:31,939 | [USB] choppy/sideways (ADX 21.4) -> mean-reversion strategy | Signal: HOLD | Shares held: 0.0 | Last price: $58.41
2026-09-24 19:32:31,939 | [USB] ACTION: No trade.
2026-09-24 19:32:31,959 | [V] trending (ADX 31.8) -> trend-following strategy | Signal: HOLD | Shares held: 0.0 | Last price: $367.13
2026-09-24 19:32:31,959 | [V] ACTION: No trade.
2026-09-24 19:32:31,978 | [VEEV] trending (ADX 36.4) -> trend-following strategy | Signal: HOLD | Shares held: 0.0 | Last price: $274.76
2026-09-24 19:32:31,978 | [VEEV] ACTION: No trade.
2026-09-24 19:32:31,998 | [VICI] trending (ADX 34.4) -> trend-following strategy | Signal: HOLD | Shares held: 0.0 | Last price: $23.27
2026-09-24 19:32:31,998 | [VICI] ACTION: No trade.
2026-09-24 19:32:32,018 | [VLO] choppy/sideways (ADX 15.6) -> mean-reversion strategy | Signal: HOLD | Shares held: 0.0 | Last price: $384.83
2026-09-24 19:32:32,018 | [VLO] ACTION: No trade.
2026-09-24 19:32:32,038 | [VLTO] trending (ADX 26.5) -> trend-following strategy | Signal: HOLD | Shares held: 0.0 | Last price: $96.29
2026-09-24 19:32:32,038 | [VLTO] ACTION: No trade.
2026-09-24 19:32:32,058 | [VMC] choppy/sideways (ADX 15.0) -> mean-reversion strategy | Signal: HOLD | Shares held: 0.0 | Last price: $241.81
2026-09-24 19:32:32,058 | [VMC] ACTION: No trade.
2026-09-24 19:32:32,077 | [VMRK] choppy/sideways (ADX 14.5) -> mean-reversion strategy | Signal: HOLD | Shares held: 0.0 | Last price: $61.03
2026-09-24 19:32:32,078 | [VMRK] ACTION: No trade.
2026-09-24 19:32:32,098 | [VRSK] choppy/sideways (ADX 20.6) -> mean-reversion strategy | Signal: HOLD | Shares held: 0.0 | Last price: $168.31
2026-09-24 19:32:32,098 | [VRSK] ACTION: No trade.
2026-09-24 19:32:32,118 | [VRSN] choppy/sideways (ADX 13.9) -> mean-reversion strategy | Signal: HOLD | Shares held: 0.0 | Last price: $293.67
2026-09-24 19:32:32,118 | [VRSN] ACTION: No trade.
2026-09-24 19:32:32,138 | [VRT] trending (ADX 26.5) -> trend-following strategy | Signal: HOLD | Shares held: 0.0 | Last price: $244.35
2026-09-24 19:32:32,138 | [VRT] ACTION: No trade.
2026-09-24 19:32:32,157 | [VRTX] trending (ADX 28.7) -> trend-following strategy | Signal: HOLD | Shares held: 0.0 | Last price: $523.21
2026-09-24 19:32:32,158 | [VRTX] ACTION: No trade.
2026-09-24 19:32:32,178 | [VST] choppy/sideways (ADX 22.5) -> mean-reversion strategy | Signal: HOLD | Shares held: 0.0 | Last price: $138.09
2026-09-24 19:32:32,178 | [VST] ACTION: No trade.
2026-09-24 19:32:32,197 | [VTR] choppy/sideways (ADX 16.3) -> mean-reversion strategy | Signal: HOLD | Shares held: 0.0 | Last price: $87.36
2026-09-24 19:32:32,198 | [VTR] ACTION: No trade.
2026-09-24 19:32:32,217 | [VTRS] choppy/sideways (ADX 11.2) -> mean-reversion strategy | Signal: HOLD | Shares held: 0.0 | Last price: $17.24
2026-09-24 19:32:32,217 | [VTRS] ACTION: No trade.
2026-09-24 19:32:32,237 | [VZ] trending (ADX 26.2) -> trend-following strategy | Signal: HOLD | Shares held: 0.0 | Last price: $47.30
2026-09-24 19:32:32,237 | [VZ] ACTION: No trade.
2026-09-24 19:32:32,257 | [WAB] choppy/sideways (ADX 23.9) -> mean-reversion strategy | Signal: HOLD | Shares held: 0.0 | Last price: $289.00
2026-09-24 19:32:32,257 | [WAB] ACTION: No trade.
2026-09-24 19:32:32,277 | [WAT] trending (ADX 31.0) -> trend-following strategy | Signal: HOLD | Shares held: 0.0 | Last price: $433.29
2026-09-24 19:32:32,277 | [WAT] ACTION: No trade.
2026-09-24 19:32:32,297 | [WBD] choppy/sideways (ADX 21.2) -> mean-reversion strategy | Signal: HOLD | Shares held: 0.0 | Last price: $30.84
2026-09-24 19:32:32,297 | [WBD] ACTION: No trade.
2026-09-24 19:32:32,316 | [WDAY] trending (ADX 26.7) -> trend-following strategy | Signal: BUY | Shares held: 0.0 | Last price: $191.83
2026-09-24 19:32:32,316 | [WDAY] ACTION: No trade (within 90 min of close -- not enough runway left today for a new position).
2026-09-24 19:32:32,336 | [WDC] choppy/sideways (ADX 19.4) -> mean-reversion strategy | Signal: HOLD | Shares held: 0.0 | Last price: $451.07
2026-09-24 19:32:32,336 | [WDC] ACTION: No trade.
2026-09-24 19:32:32,356 | [WEC] choppy/sideways (ADX 13.8) -> mean-reversion strategy | Signal: HOLD | Shares held: 0.0 | Last price: $101.60
2026-09-24 19:32:32,356 | [WEC] ACTION: No trade.
2026-09-24 19:32:32,376 | [WELL] choppy/sideways (ADX 19.4) -> mean-reversion strategy | Signal: HOLD | Shares held: 0.0 | Last price: $234.83
2026-09-24 19:32:32,376 | [WELL] ACTION: No trade.
2026-09-24 19:32:32,396 | [WFC] trending (ADX 28.6) -> trend-following strategy | Signal: HOLD | Shares held: 0.0 | Last price: $82.23
2026-09-24 19:32:32,396 | [WFC] ACTION: No trade.
2026-09-24 19:32:32,416 | [WM] choppy/sideways (ADX 12.0) -> mean-reversion strategy | Signal: HOLD | Shares held: 0.0 | Last price: $208.32
2026-09-24 19:32:32,416 | [WM] ACTION: No trade.
2026-09-24 19:32:32,436 | [WMB] trending (ADX 41.5) -> trend-following strategy | Signal: HOLD | Shares held: 0.0 | Last price: $70.57
2026-09-24 19:32:32,436 | [WMB] ACTION: No trade.
2026-09-24 19:32:32,456 | [WMT] trending (ADX 32.4) -> trend-following strategy | Signal: HOLD | Shares held: 0.0 | Last price: $108.14
2026-09-24 19:32:32,456 | [WMT] ACTION: No trade.
2026-09-24 19:32:32,476 | [WRB] trending (ADX 27.2) -> trend-following strategy | Signal: HOLD | Shares held: 0.0 | Last price: $67.59
2026-09-24 19:32:32,476 | [WRB] ACTION: No trade.
2026-09-24 19:32:32,496 | [WSM] choppy/sideways (ADX 14.1) -> mean-reversion strategy | Signal: HOLD | Shares held: 0.0 | Last price: $226.74
2026-09-24 19:32:32,496 | [WSM] ACTION: No trade.
2026-09-24 19:32:32,516 | [WST] choppy/sideways (ADX 12.4) -> mean-reversion strategy | Signal: HOLD | Shares held: 0.0 | Last price: $375.38
2026-09-24 19:32:32,516 | [WST] ACTION: No trade.
2026-09-24 19:32:32,536 | [WTW] choppy/sideways (ADX 9.7) -> mean-reversion strategy | Signal: HOLD | Shares held: 0.0 | Last price: $294.27
2026-09-24 19:32:32,536 | [WTW] ACTION: No trade.
2026-09-24 19:32:32,556 | [WY] trending (ADX 46.0) -> trend-following strategy | Signal: HOLD | Shares held: 0.0 | Last price: $20.25
2026-09-24 19:32:32,556 | [WY] ACTION: No trade.
2026-09-24 19:32:32,576 | [WYNN] trending (ADX 25.9) -> trend-following strategy | Signal: HOLD | Shares held: 0.0 | Last price: $80.33
2026-09-24 19:32:32,576 | [WYNN] ACTION: No trade.
2026-09-24 19:32:32,596 | [XEL] trending (ADX 33.4) -> trend-following strategy | Signal: HOLD | Shares held: 0.0 | Last price: $69.89
2026-09-24 19:32:32,596 | [XEL] ACTION: No trade.
2026-09-24 19:32:32,616 | [XOM] trending (ADX 25.6) -> trend-following strategy | Signal: HOLD | Shares held: 0.0 | Last price: $162.16
2026-09-24 19:32:32,616 | [XOM] ACTION: No trade.
2026-09-24 19:32:32,636 | [XYL] trending (ADX 57.5) -> trend-following strategy | Signal: HOLD | Shares held: 0.0 | Last price: $102.48
2026-09-24 19:32:32,636 | [XYL] ACTION: No trade.
2026-09-24 19:32:32,656 | [XYZ] choppy/sideways (ADX 23.6) -> mean-reversion strategy | Signal: HOLD | Shares held: 0.0 | Last price: $76.42
2026-09-24 19:32:32,656 | [XYZ] ACTION: No trade.
2026-09-24 19:32:32,678 | [YUM] choppy/sideways (ADX 24.6) -> mean-reversion strategy | Signal: HOLD | Shares held: 0.0 | Last price: $137.86
2026-09-24 19:32:32,678 | [YUM] ACTION: No trade.
2026-09-24 19:32:32,698 | [ZBH] choppy/sideways (ADX 14.5) -> mean-reversion strategy | Signal: HOLD | Shares held: 0.0 | Last price: $89.50
2026-09-24 19:32:32,698 | [ZBH] ACTION: No trade.
2026-09-24 19:32:32,721 | [ZBRA] choppy/sideways (ADX 23.4) -> mean-reversion strategy | Signal: HOLD | Shares held: 0.0 | Last price: $367.59
2026-09-24 19:32:32,721 | [ZBRA] ACTION: No trade.
2026-09-24 19:32:32,742 | [ZTS] choppy/sideways (ADX 21.8) -> mean-reversion strategy | Signal: HOLD | Shares held: 0.0 | Last price: $70.19
2026-09-24 19:32:32,742 | [ZTS] ACTION: No trade.
2026-09-24 19:47:33,008 | SCANNER: refreshing watchlist...
2026-09-24 19:47:33,308 | SCANNER: no candidates survived the price/extension filters.
2026-09-24 19:47:33,308 | SCANNER: every candidate this cycle was a leveraged/inverse ETF.
2026-09-24 19:47:53,804 | S&P 500 liquidity backstop -> MU, META, NVDA, SNDK, AMD, INTC, TSLA, AAPL, GOOGL, MSFT, AMZN, AVGO, GOOG, ORCL, PLTR, DELL, MRVL, WBD, LITE, STX, MRNA, BE, LLY, WDC, AZO, V, JPM, LRCX, CRWD, AMAT, CRM, TMO, MA, VLO, CSCO, PANW, HOOD, GS, TXN, JNJ, GEV, BRK.B, QCOM, NFLX, WMT, XOM, COST, MCD, BAC, CVX, CAT, MPC, MRK, COHR, TJX, DHR, COIN, C, PM, HD, EXPE, UNP, BKNG, BA, DE, MS, DASH, MDT, UNH, APP, ALL, AMGN, SMCI, KLAC, ADI, LIN, ABNB, RCL, NOW, PGR, ABT, GE, SCHW, TMUS, KO, WFC, GILD, MPWR, IBM, ABBV, MCK, NXPI, NKE, PSX, UBER, COF, AXP, PEP, PG, ACN, ILMN, ADBE, ETN, HON, VZ, CDNS, INTU, SYK, HPE, APH, BMY, T, PCAR, NEE, MLM, HCA, SHW, BNY, PH, ADP, CMI, COP, DIS, AEP, GLW, BLK, HLT, ANET, DDOG, RTX, WELL, P, ORLY, ISRG, FANG, CVS, VRTX, AON, TER, VRT, BSX, HONA, REGN, AMT, CL, A, HWM, LOW, MRSH, EQIX, TRV, ACGL, ELV, SNPS, CB, AMP, FTNT, SBUX, MCHP, ICE, STT, IR, TT, GDDY, CSX, MAR, PNC, SPGI, PFE, TDG, CIEN, CMCSA, ON, GM, MMM, URI, CTAS, ROST, HBAN, PYPL, USB, PAYX, SO, EBAY, MDLZ, CRH, LMT, IQV, DVN, PWR, SLB, FDX, NOC, NEM, CASY, UPS, APD, RDDT, AJG, JCI, GD, CAH, BKR, FSLR, CEG, DUK, MTD, MSI, YUM, AKAM, WM, CI, FCX, DXCM, SYY, APO, TFC, D, BX, WAT, PCG, GWW, CRL, WEC, TTWO, MO, DHI, AME, DAL, VEEV, CME, RVTY, FAST, TGT, VMC, CARR, EMR, FITB, RSG, XEL, DRI, VTR, VMRK, CHTR, ROP, CCL, MCO, WDAY, COR, LYV, NSC, NTAP, FOXA, ADSK, WMB, EOG, SWKS, FIX, EW, TRGP, HUM, KR, MSCI, CTVA, EQT, UAL, F, GEN, KKR, VST, PLD, AXON, KEYS, FERG, TPR, NUE, MNST, HPQ, TEL, CTSH, CBRE, TSCO, LH, BBY, DGX, ODFL, CMG, FICO, KEY, NI, OKE, LEN, CMS, DLTR, PSA, OXY, CF, CFG, EXE, O, LHX, ITW, CHRW, WST, JBL, LULU, ETR, NDAQ, DLR, KMI, XYL, KMB, EXR, ROK, ARES, EFX, AIG, RJF, ECL, CNC, ECHO, DTE, CNP, VRSN, KVUE, KDP, AWK, EL, BDX, GIS, RF, SRE, RL, FLEX, TECH, CVNA, MET, BIIB, WAB, PSKY, CCI, OTIS, EXC, NVR, ROL, PEG, WSM, RMD, ULTA, EXPD, IBKR, EME, XYZ, AFL, IDXX, DOV, HIG, CBOE, FFIV, COO, NRG, TDY, GRMN, BAX, JBHT, CPRT, CDW, HAL, KHC, MGM, TYL, HUBB, FISV, PTC, DPZ, ZBH, ZBRA, TKO, ED, DG, HSY, ALB, SYF, OMC, ZTS, CPAY, SPG, GPN, DECK, APA, STZ, MTB, WRB, SW, AEE, BG, VRSK, PHM, LUV, GEHC, DOW, LNT, STLD, INCY, FDXF, PPG, HST, ATO, ESS, VLTO, PPL, CLX, ADM, LYB, FDS, HAS, BRO, IRM, GNRC, PRU, ALLE, EVRG, ES, LVS, NTRS, MAA, NWSA, UHS, TSN, FIS, PFG, NCLH, SBAC, PODD, MOS, MAS, ALGN, TROW, JKHY, LII, IT, EIX, BEN, Q, IP, FE, IVZ, TPL, CHD, AIZ, UDR, INVH, LDOS, SJM, BR, APTV, CSGP, VICI, TXT, WTW, L, IFF, WY, AES, WYNN, PNR, AMCR, DOC, IEX, HII, STE, EG, MKC, CPT, SWK, FRT, BALL, J, PNW, DD, PKG, VTRS, REG, DVA, TRMB, AVY, GPC, NDSN, KIM, HSIC
2026-09-24 19:47:53,806 | SCANNER: new watchlist -> MU, META, NVDA, SNDK, AMD, INTC, TSLA, AAPL, GOOGL, MSFT, AMZN, AVGO, GOOG, ORCL, PLTR, DELL, MRVL, WBD, LITE, STX, MRNA, BE, LLY, WDC, AZO, V, JPM, LRCX, CRWD, AMAT, CRM, TMO, MA, VLO, CSCO, PANW, HOOD, GS, TXN, JNJ, GEV, BRK.B, QCOM, NFLX, WMT, XOM, COST, MCD, BAC, CVX, CAT, MPC, MRK, COHR, TJX, DHR, COIN, C, PM, HD, EXPE, UNP, BKNG, BA, DE, MS, DASH, MDT, UNH, APP, ALL, AMGN, SMCI, KLAC, ADI, LIN, ABNB, RCL, NOW, PGR, ABT, GE, SCHW, TMUS, KO, WFC, GILD, MPWR, IBM, ABBV, MCK, NXPI, NKE, PSX, UBER, COF, AXP, PEP, PG, ACN, ILMN, ADBE, ETN, HON, VZ, CDNS, INTU, SYK, HPE, APH, BMY, T, PCAR, NEE, MLM, HCA, SHW, BNY, PH, ADP, CMI, COP, DIS, AEP, GLW, BLK, HLT, ANET, DDOG, RTX, WELL, P, ORLY, ISRG, FANG, CVS, VRTX, AON, TER, VRT, BSX, HONA, REGN, AMT, CL, A, HWM, LOW, MRSH, EQIX, TRV, ACGL, ELV, SNPS, CB, AMP, FTNT, SBUX, MCHP, ICE, STT, IR, TT, GDDY, CSX, MAR, PNC, SPGI, PFE, TDG, CIEN, CMCSA, ON, GM, MMM, URI, CTAS, ROST, HBAN, PYPL, USB, PAYX, SO, EBAY, MDLZ, CRH, LMT, IQV, DVN, PWR, SLB, FDX, NOC, NEM, CASY, UPS, APD, RDDT, AJG, JCI, GD, CAH, BKR, FSLR, CEG, DUK, MTD, MSI, YUM, AKAM, WM, CI, FCX, DXCM, SYY, APO, TFC, D, BX, WAT, PCG, GWW, CRL, WEC, TTWO, MO, DHI, AME, DAL, VEEV, CME, RVTY, FAST, TGT, VMC, CARR, EMR, FITB, RSG, XEL, DRI, VTR, VMRK, CHTR, ROP, CCL, MCO, WDAY, COR, LYV, NSC, NTAP, FOXA, ADSK, WMB, EOG, SWKS, FIX, EW, TRGP, HUM, KR, MSCI, CTVA, EQT, UAL, F, GEN, KKR, VST, PLD, AXON, KEYS, FERG, TPR, NUE, MNST, HPQ, TEL, CTSH, CBRE, TSCO, LH, BBY, DGX, ODFL, CMG, FICO, KEY, NI, OKE, LEN, CMS, DLTR, PSA, OXY, CF, CFG, EXE, O, LHX, ITW, CHRW, WST, JBL, LULU, ETR, NDAQ, DLR, KMI, XYL, KMB, EXR, ROK, ARES, EFX, AIG, RJF, ECL, CNC, ECHO, DTE, CNP, VRSN, KVUE, KDP, AWK, EL, BDX, GIS, RF, SRE, RL, FLEX, TECH, CVNA, MET, BIIB, WAB, PSKY, CCI, OTIS, EXC, NVR, ROL, PEG, WSM, RMD, ULTA, EXPD, IBKR, EME, XYZ, AFL, IDXX, DOV, HIG, CBOE, FFIV, COO, NRG, TDY, GRMN, BAX, JBHT, CPRT, CDW, HAL, KHC, MGM, TYL, HUBB, FISV, PTC, DPZ, ZBH, ZBRA, TKO, ED, DG, HSY, ALB, SYF, OMC, ZTS, CPAY, SPG, GPN, DECK, APA, STZ, MTB, WRB, SW, AEE, BG, VRSK, PHM, LUV, GEHC, DOW, LNT, STLD, INCY, FDXF, PPG, HST, ATO, ESS, VLTO, PPL, CLX, ADM, LYB, FDS, HAS, BRO, IRM, GNRC, PRU, ALLE, EVRG, ES, LVS, NTRS, MAA, NWSA, UHS, TSN, FIS, PFG, NCLH, SBAC, PODD, MOS, MAS, ALGN, TROW, JKHY, LII, IT, EIX, BEN, Q, IP, FE, IVZ, TPL, CHD, AIZ, UDR, INVH, LDOS, SJM, BR, APTV, CSGP, VICI, TXT, WTW, L, IFF, WY, AES, WYNN, PNR, AMCR, DOC, IEX, HII, STE, EG, MKC, CPT, SWK, FRT, BALL, J, PNW, DD, PKG, VTRS, REG, DVA, TRMB, AVY, GPC, NDSN, KIM, HSIC
2026-09-24 19:47:53,863 | Market is open (closes 2026-09-24 22:00:00 CEST your local time). Checking 490 symbols: A, AAPL, ABBV, ABNB, ABT, ACGL, ACN, ADBE, ADI, ADM, ADP, ADSK, AEE, AEP, AES, AFL, AIG, AIZ, AJG, AKAM, ALB, ALGN, ALL, ALLE, AMAT, AMCR, AMD, AME, AMGN, AMP, AMT, AMZN, ANET, AON, APA, APD, APH, APO, APP, APTV, ARES, ATO, AVGO, AVY, AWK, AXON, AXP, AZO, BA, BAC, BALL, BAX, BBY, BDX, BE, BEN, BG, BIIB, BKNG, BKR, BLK, BMY, BNY, BR, BRK.B, BRO, BSX, BX, C, CAH, CARR, CASY, CAT, CB, CBOE, CBRE, CCI, CCL, CDNS, CDW, CEG, CF, CFG, CHD, CHRW, CHTR, CI, CIEN, CL, CLX, CMCSA, CME, CMG, CMI, CMS, CNC, CNP, COF, COHR, COIN, COO, COP, COR, COST, CPAY, CPRT, CPT, CRH, CRL, CRM, CRWD, CSCO, CSGP, CSX, CTAS, CTSH, CTVA, CVNA, CVS, CVX, D, DAL, DASH, DD, DDOG, DE, DECK, DELL, DG, DGX, DHI, DHR, DIS, DLR, DLTR, DOC, DOV, DOW, DPZ, DRI, DTE, DUK, DVA, DVN, DXCM, EBAY, ECHO, ECL, ED, EFX, EG, EIX, EL, ELV, EME, EMR, EOG, EQIX, EQT, ES, ESS, ETN, ETR, EVRG, EW, EXC, EXE, EXPD, EXPE, EXR, F, FANG, FAST, FCX, FDS, FDX, FDXF, FE, FERG, FFIV, FICO, FIS, FISV, FITB, FIX, FLEX, FOXA, FRT, FSLR, FTNT, GD, GDDY, GE, GEHC, GEN, GEV, GILD, GIS, GLW, GM, GNRC, GOOG, GOOGL, GPC, GPN, GRMN, GS, GWW, HAL, HAS, HBAN, HCA, HD, HIG, HII, HLT, HON, HONA, HOOD, HPE, HPQ, HSIC, HST, HSY, HUBB, HUM, HWM, IBKR, IBM, ICE, IDXX, IEX, IFF, ILMN, INCY, INTC, INTU, INVH, IP, IQV, IR, IRM, ISRG, IT, ITW, IVZ, J, JBHT, JBL, JCI, JKHY, JNJ, JPM, KDP, KEY, KEYS, KHC, KIM, KKR, KLAC, KMB, KMI, KO, KR, KVUE, L, LDOS, LEN, LH, LHX, LII, LIN, LITE, LLY, LMT, LNT, LOW, LRCX, LULU, LUV, LVS, LYB, LYV, MA, MAA, MAR, MAS, MCD, MCHP, MCK, MCO, MDLZ, MDT, MET, META, MGM, MKC, MLM, MMM, MNST, MO, MOS, MPC, MPWR, MRK, MRNA, MRSH, MRVL, MS, MSCI, MSFT, MSI, MTB, MTD, MU, NCLH, NDAQ, NDSN, NEE, NEM, NFLX, NI, NKE, NOC, NOW, NRG, NSC, NTAP, NTRS, NUE, NVDA, NVR, NWSA, NXPI, O, ODFL, OKE, OMC, ON, ORCL, ORLY, OTIS, OXY, P, PANW, PAYX, PCAR, PCG, PEG, PEP, PFE, PFG, PG, PGR, PH, PHM, PKG, PLD, PLTR, PM, PNC, PNR, PNW, PODD, PPG, PPL, PRU, PSA, PSKY, PSX, PTC, PWR, PYPL, Q, QCOM, RCL, RDDT, REG, REGN, RF, RJF, RL, RMD, ROK, ROL, ROP, ROST, RSG, RTX, RVTY, SBAC, SBUX, SCHW, SHW, SJM, SLB, SMCI, SNDK, SNPS, SO, SPG, SPGI, SRE, STE, STLD, STT, STX, STZ, SW, SWK, SWKS, SYF, SYK, SYY, T, TDG, TDY, TECH, TEL, TER, TFC, TGT, TJX, TKO, TMO, TMUS, TPL, TPR, TRGP, TRMB, TROW, TRV, TSCO, TSLA, TSN, TT, TTWO, TXN, TXT, TYL, UAL, UBER, UDR, UHS, ULTA, UNH, UNP, UPS, URI, USB, V, VEEV, VICI, VLO, VLTO, VMC, VMRK, VRSK, VRSN, VRT, VRTX, VST, VTR, VTRS, VZ, WAB, WAT, WBD, WDAY, WDC, WEC, WELL, WFC, WM, WMB, WMT, WRB, WSM, WST, WTW, WY, WYNN, XEL, XOM, XYL, XYZ, YUM, ZBH, ZBRA, ZTS (within 90 min of close -- not enough runway left today for a new position)
2026-09-24 19:48:37,309 | [A] trending (ADX 49.5) -> trend-following strategy | Signal: HOLD | Shares held: 0.0 | Last price: $174.01
2026-09-24 19:48:37,310 | [A] ACTION: No trade.
2026-09-24 19:48:37,330 | [AAPL] choppy/sideways (ADX 14.2) -> mean-reversion strategy | Signal: HOLD | Shares held: 0.0 | Last price: $336.81
2026-09-24 19:48:37,330 | [AAPL] ACTION: No trade.
2026-09-24 19:48:37,350 | [ABBV] choppy/sideways (ADX 13.9) -> mean-reversion strategy | Signal: HOLD | Shares held: 0.0 | Last price: $265.42
2026-09-24 19:48:37,350 | [ABBV] ACTION: No trade.
2026-09-24 19:48:37,370 | [ABNB] choppy/sideways (ADX 14.5) -> mean-reversion strategy | Signal: HOLD | Shares held: 0.0 | Last price: $151.19
2026-09-24 19:48:37,370 | [ABNB] ACTION: No trade.
2026-09-24 19:48:37,390 | [ABT] trending (ADX 28.1) -> trend-following strategy | Signal: HOLD | Shares held: 0.0 | Last price: $101.25
2026-09-24 19:48:37,390 | [ABT] ACTION: No trade.
2026-09-24 19:48:37,410 | [ACGL] choppy/sideways (ADX 11.2) -> mean-reversion strategy | Signal: HOLD | Shares held: 0.0 | Last price: $95.42
2026-09-24 19:48:37,410 | [ACGL] ACTION: No trade.
2026-09-24 19:48:37,430 | [ACN] trending (ADX 53.7) -> trend-following strategy | Signal: HOLD | Shares held: 0.0 | Last price: $178.07
2026-09-24 19:48:37,430 | [ACN] ACTION: No trade.
2026-09-24 19:48:37,450 | [ADBE] choppy/sideways (ADX 13.6) -> mean-reversion strategy | Signal: HOLD | Shares held: 0.0 | Last price: $237.96
2026-09-24 19:48:37,450 | [ADBE] ACTION: No trade.
2026-09-24 19:48:37,470 | [ADI] choppy/sideways (ADX 13.3) -> mean-reversion strategy | Signal: HOLD | Shares held: 0.0 | Last price: $382.69
2026-09-24 19:48:37,470 | [ADI] ACTION: No trade.
2026-09-24 19:48:37,490 | [ADM] choppy/sideways (ADX 21.3) -> mean-reversion strategy | Signal: HOLD | Shares held: 0.0 | Last price: $81.86
2026-09-24 19:48:37,490 | [ADM] ACTION: No trade.
2026-09-24 19:48:37,510 | [ADP] choppy/sideways (ADX 13.3) -> mean-reversion strategy | Signal: HOLD | Shares held: 0.0 | Last price: $264.06
2026-09-24 19:48:37,510 | [ADP] ACTION: No trade.
2026-09-24 19:48:37,531 | [ADSK] trending (ADX 41.5) -> trend-following strategy | Signal: HOLD | Shares held: 0.0 | Last price: $211.64
2026-09-24 19:48:37,531 | [ADSK] ACTION: No trade.
2026-09-24 19:48:37,551 | [AEE] choppy/sideways (ADX 17.5) -> mean-reversion strategy | Signal: HOLD | Shares held: 0.0 | Last price: $99.57
2026-09-24 19:48:37,552 | [AEE] ACTION: No trade.
2026-09-24 19:48:37,571 | [AEP] trending (ADX 25.8) -> trend-following strategy | Signal: HOLD | Shares held: 0.0 | Last price: $117.98
2026-09-24 19:48:37,571 | [AEP] ACTION: No trade.
2026-09-24 19:48:37,591 | [AES] trending (ADX 27.3) -> trend-following strategy | Signal: HOLD | Shares held: 0.0 | Last price: $14.87
2026-09-24 19:48:37,591 | [AES] ACTION: No trade.
2026-09-24 19:48:37,611 | [AFL] choppy/sideways (ADX 16.3) -> mean-reversion strategy | Signal: HOLD | Shares held: 0.0 | Last price: $114.64
2026-09-24 19:48:37,611 | [AFL] ACTION: No trade.
2026-09-24 19:48:37,632 | [AIG] choppy/sideways (ADX 8.4) -> mean-reversion strategy | Signal: HOLD | Shares held: 0.0 | Last price: $75.26
2026-09-24 19:48:37,632 | [AIG] ACTION: No trade.
2026-09-24 19:48:37,652 | [AIZ] trending (ADX 50.0) -> trend-following strategy | Signal: HOLD | Shares held: 0.0 | Last price: $262.33
2026-09-24 19:48:37,652 | [AIZ] ACTION: No trade.
2026-09-24 19:48:37,672 | [AJG] choppy/sideways (ADX 13.1) -> mean-reversion strategy | Signal: HOLD | Shares held: 0.0 | Last price: $227.34
2026-09-24 19:48:37,672 | [AJG] ACTION: No trade.
2026-09-24 19:48:37,692 | [AKAM] choppy/sideways (ADX 24.5) -> mean-reversion strategy | Signal: HOLD | Shares held: 0.0 | Last price: $112.08
2026-09-24 19:48:37,692 | [AKAM] ACTION: No trade.
2026-09-24 19:48:37,712 | [ALB] trending (ADX 41.7) -> trend-following strategy | Signal: HOLD | Shares held: 0.0 | Last price: $108.83
2026-09-24 19:48:37,712 | [ALB] ACTION: No trade.
2026-09-24 19:48:37,732 | [ALGN] choppy/sideways (ADX 15.3) -> mean-reversion strategy | Signal: HOLD | Shares held: 0.0 | Last price: $146.74
2026-09-24 19:48:37,732 | [ALGN] ACTION: No trade.
2026-09-24 19:48:37,751 | [ALL] choppy/sideways (ADX 13.8) -> mean-reversion strategy | Signal: HOLD | Shares held: 0.0 | Last price: $228.41
2026-09-24 19:48:37,751 | [ALL] ACTION: No trade.
2026-09-24 19:48:37,772 | [ALLE] choppy/sideways (ADX 18.4) -> mean-reversion strategy | Signal: HOLD | Shares held: 0.0 | Last price: $152.40
2026-09-24 19:48:37,772 | [ALLE] ACTION: No trade.
2026-09-24 19:48:37,791 | [AMAT] choppy/sideways (ADX 17.6) -> mean-reversion strategy | Signal: HOLD | Shares held: 0.0 | Last price: $473.30
2026-09-24 19:48:37,791 | [AMAT] ACTION: No trade.
2026-09-24 19:48:37,811 | [AMCR] trending (ADX 29.7) -> trend-following strategy | Signal: HOLD | Shares held: 0.0 | Last price: $41.90
2026-09-24 19:48:37,811 | [AMCR] ACTION: No trade.
2026-09-24 19:48:37,831 | [AMD] choppy/sideways (ADX 23.1) -> mean-reversion strategy | Signal: HOLD | Shares held: 0.0 | Last price: $628.82
2026-09-24 19:48:37,831 | [AMD] ACTION: No trade.
2026-09-24 19:48:37,851 | [AME] choppy/sideways (ADX 15.1) -> mean-reversion strategy | Signal: HOLD | Shares held: 0.0 | Last price: $247.72
2026-09-24 19:48:37,851 | [AME] ACTION: No trade.
2026-09-24 19:48:37,871 | [AMGN] choppy/sideways (ADX 14.4) -> mean-reversion strategy | Signal: HOLD | Shares held: 0.0 | Last price: $407.92
2026-09-24 19:48:37,871 | [AMGN] ACTION: No trade.
2026-09-24 19:48:37,891 | [AMP] trending (ADX 41.2) -> trend-following strategy | Signal: HOLD | Shares held: 0.0 | Last price: $483.75
2026-09-24 19:48:37,891 | [AMP] ACTION: No trade.
2026-09-24 19:48:37,911 | [AMT] trending (ADX 32.2) -> trend-following strategy | Signal: HOLD | Shares held: 0.0 | Last price: $168.40
2026-09-24 19:48:37,911 | [AMT] ACTION: No trade.
2026-09-24 19:48:37,931 | [AMZN] choppy/sideways (ADX 22.7) -> mean-reversion strategy | Signal: HOLD | Shares held: 0.0 | Last price: $249.32
2026-09-24 19:48:37,931 | [AMZN] ACTION: No trade.
2026-09-24 19:48:37,950 | [ANET] choppy/sideways (ADX 13.4) -> mean-reversion strategy | Signal: HOLD | Shares held: 0.0 | Last price: $205.32
2026-09-24 19:48:37,951 | [ANET] ACTION: No trade.
2026-09-24 19:48:37,970 | [AON] trending (ADX 59.2) -> trend-following strategy | Signal: HOLD | Shares held: 0.0 | Last price: $276.52
2026-09-24 19:48:37,970 | [AON] ACTION: No trade.
2026-09-24 19:48:37,990 | [APA] choppy/sideways (ADX 20.6) -> mean-reversion strategy | Signal: HOLD | Shares held: 0.0 | Last price: $43.84
2026-09-24 19:48:37,990 | [APA] ACTION: No trade.
2026-09-24 19:48:38,010 | [APD] choppy/sideways (ADX 12.8) -> mean-reversion strategy | Signal: HOLD | Shares held: 0.0 | Last price: $285.36
2026-09-24 19:48:38,010 | [APD] ACTION: No trade.
2026-09-24 19:48:38,030 | [APH] choppy/sideways (ADX 20.8) -> mean-reversion strategy | Signal: HOLD | Shares held: 0.0 | Last price: $83.00
2026-09-24 19:48:38,030 | [APH] ACTION: No trade.
2026-09-24 19:48:38,050 | [APO] trending (ADX 34.9) -> trend-following strategy | Signal: HOLD | Shares held: 0.0 | Last price: $120.19
2026-09-24 19:48:38,050 | [APO] ACTION: No trade.
2026-09-24 19:48:38,070 | [APP] choppy/sideways (ADX 18.3) -> mean-reversion strategy | Signal: HOLD | Shares held: 0.0 | Last price: $311.88
2026-09-24 19:48:38,070 | [APP] ACTION: No trade.
2026-09-24 19:48:38,090 | [APTV] trending (ADX 26.6) -> trend-following strategy | Signal: HOLD | Shares held: 0.0 | Last price: $43.35
2026-09-24 19:48:38,091 | [APTV] ACTION: No trade.
2026-09-24 19:48:38,111 | [ARES] choppy/sideways (ADX 21.7) -> mean-reversion strategy | Signal: HOLD | Shares held: 0.0 | Last price: $119.60
2026-09-24 19:48:38,111 | [ARES] ACTION: No trade.
2026-09-24 19:48:38,131 | [ATO] choppy/sideways (ADX 14.9) -> mean-reversion strategy | Signal: HOLD | Shares held: 0.0 | Last price: $156.84
2026-09-24 19:48:38,131 | [ATO] ACTION: No trade.
2026-09-24 19:48:38,151 | [AVGO] trending (ADX 32.0) -> trend-following strategy | Signal: HOLD | Shares held: 0.0 | Last price: $349.60
2026-09-24 19:48:38,151 | [AVGO] ACTION: No trade.
2026-09-24 19:48:38,171 | [AVY] trending (ADX 28.4) -> trend-following strategy | Signal: HOLD | Shares held: 0.0 | Last price: $169.16
2026-09-24 19:48:38,171 | [AVY] ACTION: No trade.
2026-09-24 19:48:38,191 | [AWK] choppy/sideways (ADX 21.1) -> mean-reversion strategy | Signal: HOLD | Shares held: 0.0 | Last price: $131.99
2026-09-24 19:48:38,191 | [AWK] ACTION: No trade.
2026-09-24 19:48:38,211 | [AXON] choppy/sideways (ADX 22.5) -> mean-reversion strategy | Signal: HOLD | Shares held: 0.0 | Last price: $446.29
2026-09-24 19:48:38,211 | [AXON] ACTION: No trade.
2026-09-24 19:48:38,231 | [AXP] trending (ADX 29.6) -> trend-following strategy | Signal: HOLD | Shares held: 0.0 | Last price: $304.46
2026-09-24 19:48:38,231 | [AXP] ACTION: No trade.
2026-09-24 19:48:38,251 | [AZO] choppy/sideways (ADX 9.3) -> mean-reversion strategy | Signal: HOLD | Shares held: 0.0 | Last price: $2860.25
2026-09-24 19:48:38,251 | [AZO] ACTION: No trade.
2026-09-24 19:48:38,271 | [BA] choppy/sideways (ADX 23.9) -> mean-reversion strategy | Signal: HOLD | Shares held: 0.0 | Last price: $197.88
2026-09-24 19:48:38,271 | [BA] ACTION: No trade.
2026-09-24 19:48:38,290 | [BAC] choppy/sideways (ADX 13.8) -> mean-reversion strategy | Signal: HOLD | Shares held: 0.0 | Last price: $56.17
2026-09-24 19:48:38,291 | [BAC] ACTION: No trade.
2026-09-24 19:48:38,310 | [BALL] trending (ADX 42.1) -> trend-following strategy | Signal: HOLD | Shares held: 0.0 | Last price: $56.81
2026-09-24 19:48:38,310 | [BALL] ACTION: No trade.
2026-09-24 19:48:38,330 | [BAX] choppy/sideways (ADX 15.0) -> mean-reversion strategy | Signal: HOLD | Shares held: 0.0 | Last price: $23.54
2026-09-24 19:48:38,330 | [BAX] ACTION: No trade.
2026-09-24 19:48:38,350 | [BBY] choppy/sideways (ADX 16.4) -> mean-reversion strategy | Signal: HOLD | Shares held: 0.0 | Last price: $90.90
2026-09-24 19:48:38,350 | [BBY] ACTION: No trade.
2026-09-24 19:48:38,370 | [BDX] choppy/sideways (ADX 23.6) -> mean-reversion strategy | Signal: HOLD | Shares held: 0.0 | Last price: $179.56
2026-09-24 19:48:38,370 | [BDX] ACTION: No trade.
2026-09-24 19:48:38,390 | [BE] choppy/sideways (ADX 20.0) -> mean-reversion strategy | Signal: HOLD | Shares held: 0.0 | Last price: $265.92
2026-09-24 19:48:38,390 | [BE] ACTION: No trade.
2026-09-24 19:48:38,409 | [BEN] choppy/sideways (ADX 19.1) -> mean-reversion strategy | Signal: HOLD | Shares held: 0.0 | Last price: $32.55
2026-09-24 19:48:38,409 | [BEN] ACTION: No trade.
2026-09-24 19:48:38,429 | [BG] choppy/sideways (ADX 24.2) -> mean-reversion strategy | Signal: HOLD | Shares held: 0.0 | Last price: $110.23
2026-09-24 19:48:38,429 | [BG] ACTION: No trade.
2026-09-24 19:48:38,449 | [BIIB] choppy/sideways (ADX 14.2) -> mean-reversion strategy | Signal: HOLD | Shares held: 0.0 | Last price: $227.72
2026-09-24 19:48:38,449 | [BIIB] ACTION: No trade.
2026-09-24 19:48:38,469 | [BKNG] choppy/sideways (ADX 11.4) -> mean-reversion strategy | Signal: HOLD | Shares held: 0.0 | Last price: $157.62
2026-09-24 19:48:38,469 | [BKNG] ACTION: No trade.
2026-09-24 19:48:38,489 | [BKR] choppy/sideways (ADX 14.9) -> mean-reversion strategy | Signal: HOLD | Shares held: 0.0 | Last price: $57.28
2026-09-24 19:48:38,489 | [BKR] ACTION: No trade.
2026-09-24 19:48:38,508 | [BLK] choppy/sideways (ADX 19.6) -> mean-reversion strategy | Signal: HOLD | Shares held: 0.0 | Last price: $1071.57
2026-09-24 19:48:38,509 | [BLK] ACTION: No trade.
2026-09-24 19:48:38,528 | [BMY] choppy/sideways (ADX 21.6) -> mean-reversion strategy | Signal: HOLD | Shares held: 0.0 | Last price: $61.18
2026-09-24 19:48:38,528 | [BMY] ACTION: No trade.
2026-09-24 19:48:38,548 | [BNY] choppy/sideways (ADX 9.7) -> mean-reversion strategy | Signal: HOLD | Shares held: 0.0 | Last price: $150.17
2026-09-24 19:48:38,548 | [BNY] ACTION: No trade.
2026-09-24 19:48:38,568 | [BR] choppy/sideways (ADX 10.8) -> mean-reversion strategy | Signal: HOLD | Shares held: 0.0 | Last price: $162.60
2026-09-24 19:48:38,568 | [BR] ACTION: No trade.
2026-09-24 19:48:38,588 | [BRK.B] choppy/sideways (ADX 13.6) -> mean-reversion strategy | Signal: HOLD | Shares held: 0.0 | Last price: $506.66
2026-09-24 19:48:38,588 | [BRK.B] ACTION: No trade.
2026-09-24 19:48:38,608 | [BRO] trending (ADX 30.1) -> trend-following strategy | Signal: HOLD | Shares held: 0.0 | Last price: $60.44
2026-09-24 19:48:38,608 | [BRO] ACTION: No trade.
2026-09-24 19:48:38,627 | [BSX] choppy/sideways (ADX 13.4) -> mean-reversion strategy | Signal: HOLD | Shares held: 0.0 | Last price: $44.90
2026-09-24 19:48:38,627 | [BSX] ACTION: No trade.
2026-09-24 19:48:38,647 | [BX] trending (ADX 28.2) -> trend-following strategy | Signal: HOLD | Shares held: 0.0 | Last price: $117.05
2026-09-24 19:48:38,647 | [BX] ACTION: No trade.
2026-09-24 19:48:38,667 | [C] choppy/sideways (ADX 13.4) -> mean-reversion strategy | Signal: HOLD | Shares held: 0.0 | Last price: $132.48
2026-09-24 19:48:38,667 | [C] ACTION: No trade.
2026-09-24 19:48:38,687 | [CAH] choppy/sideways (ADX 17.9) -> mean-reversion strategy | Signal: HOLD | Shares held: 0.0 | Last price: $222.74
2026-09-24 19:48:38,687 | [CAH] ACTION: No trade.
2026-09-24 19:48:38,707 | [CARR] choppy/sideways (ADX 17.9) -> mean-reversion strategy | Signal: HOLD | Shares held: 0.0 | Last price: $54.62
2026-09-24 19:48:38,707 | [CARR] ACTION: No trade.
2026-09-24 19:48:38,727 | [CASY] choppy/sideways (ADX 15.4) -> mean-reversion strategy | Signal: HOLD | Shares held: 0.0 | Last price: $598.99
2026-09-24 19:48:38,727 | [CASY] ACTION: No trade.
2026-09-24 19:48:38,747 | [CAT] choppy/sideways (ADX 11.4) -> mean-reversion strategy | Signal: HOLD | Shares held: 0.0 | Last price: $803.52
2026-09-24 19:48:38,747 | [CAT] ACTION: No trade.
2026-09-24 19:48:38,766 | [CB] choppy/sideways (ADX 15.1) -> mean-reversion strategy | Signal: HOLD | Shares held: 0.0 | Last price: $336.33
2026-09-24 19:48:38,766 | [CB] ACTION: No trade.
2026-09-24 19:48:38,786 | [CBOE] trending (ADX 26.7) -> trend-following strategy | Signal: HOLD | Shares held: 0.0 | Last price: $267.18
2026-09-24 19:48:38,786 | [CBOE] ACTION: No trade.
2026-09-24 19:48:38,806 | [CBRE] choppy/sideways (ADX 21.0) -> mean-reversion strategy | Signal: HOLD | Shares held: 0.0 | Last price: $136.61
2026-09-24 19:48:38,806 | [CBRE] ACTION: No trade.
2026-09-24 19:48:38,827 | [CCI] trending (ADX 40.5) -> trend-following strategy | Signal: HOLD | Shares held: 0.0 | Last price: $68.21
2026-09-24 19:48:38,827 | [CCI] ACTION: No trade.
2026-09-24 19:48:38,847 | [CCL] choppy/sideways (ADX 15.1) -> mean-reversion strategy | Signal: HOLD | Shares held: 0.0 | Last price: $21.80
2026-09-24 19:48:38,848 | [CCL] ACTION: No trade.
2026-09-24 19:48:38,868 | [CDNS] trending (ADX 31.4) -> trend-following strategy | Signal: HOLD | Shares held: 0.0 | Last price: $320.59
2026-09-24 19:48:38,868 | [CDNS] ACTION: No trade.
2026-09-24 19:48:38,888 | [CDW] trending (ADX 27.8) -> trend-following strategy | Signal: HOLD | Shares held: 0.0 | Last price: $140.93
2026-09-24 19:48:38,888 | [CDW] ACTION: No trade.
2026-09-24 19:48:38,908 | [CEG] choppy/sideways (ADX 18.0) -> mean-reversion strategy | Signal: HOLD | Shares held: 0.0 | Last price: $262.22
2026-09-24 19:48:38,908 | [CEG] ACTION: No trade.
2026-09-24 19:48:38,928 | [CF] choppy/sideways (ADX 20.8) -> mean-reversion strategy | Signal: HOLD | Shares held: 0.0 | Last price: $118.85
2026-09-24 19:48:38,928 | [CF] ACTION: No trade.
2026-09-24 19:48:38,947 | [CFG] choppy/sideways (ADX 23.0) -> mean-reversion strategy | Signal: HOLD | Shares held: 0.0 | Last price: $64.72
2026-09-24 19:48:38,948 | [CFG] ACTION: No trade.
2026-09-24 19:48:38,968 | [CHD] choppy/sideways (ADX 14.6) -> mean-reversion strategy | Signal: HOLD | Shares held: 0.0 | Last price: $95.66
2026-09-24 19:48:38,968 | [CHD] ACTION: No trade.
2026-09-24 19:48:38,988 | [CHRW] trending (ADX 31.1) -> trend-following strategy | Signal: HOLD | Shares held: 0.0 | Last price: $146.43
2026-09-24 19:48:38,988 | [CHRW] ACTION: No trade.
2026-09-24 19:48:39,008 | [CHTR] choppy/sideways (ADX 16.6) -> mean-reversion strategy | Signal: HOLD | Shares held: 0.0 | Last price: $117.48
2026-09-24 19:48:39,008 | [CHTR] ACTION: No trade.
2026-09-24 19:48:39,028 | [CI] trending (ADX 35.3) -> trend-following strategy | Signal: HOLD | Shares held: 0.0 | Last price: $265.63
2026-09-24 19:48:39,028 | [CI] ACTION: No trade.
2026-09-24 19:48:39,048 | [CIEN] choppy/sideways (ADX 11.1) -> mean-reversion strategy | Signal: HOLD | Shares held: 0.0 | Last price: $359.08
2026-09-24 19:48:39,048 | [CIEN] ACTION: No trade.
2026-09-24 19:48:39,068 | [CL] choppy/sideways (ADX 24.0) -> mean-reversion strategy | Signal: HOLD | Shares held: 0.0 | Last price: $85.41
2026-09-24 19:48:39,068 | [CL] ACTION: No trade.
2026-09-24 19:48:39,088 | [CLX] trending (ADX 49.6) -> trend-following strategy | Signal: HOLD | Shares held: 0.0 | Last price: $81.98
2026-09-24 19:48:39,088 | [CLX] ACTION: No trade.
2026-09-24 19:48:39,108 | [CMCSA] choppy/sideways (ADX 24.0) -> mean-reversion strategy | Signal: HOLD | Shares held: 0.0 | Last price: $22.14
2026-09-24 19:48:39,108 | [CMCSA] ACTION: No trade.
2026-09-24 19:48:39,128 | [CME] trending (ADX 37.1) -> trend-following strategy | Signal: HOLD | Shares held: 0.0 | Last price: $268.59
2026-09-24 19:48:39,128 | [CME] ACTION: No trade.
2026-09-24 19:48:39,148 | [CMG] trending (ADX 29.2) -> trend-following strategy | Signal: HOLD | Shares held: 0.0 | Last price: $31.86
2026-09-24 19:48:39,148 | [CMG] ACTION: No trade.
2026-09-24 19:48:39,168 | [CMI] choppy/sideways (ADX 14.7) -> mean-reversion strategy | Signal: HOLD | Shares held: 0.0 | Last price: $520.50
2026-09-24 19:48:39,168 | [CMI] ACTION: No trade.
2026-09-24 19:48:39,189 | [CMS] choppy/sideways (ADX 17.9) -> mean-reversion strategy | Signal: HOLD | Shares held: 0.0 | Last price: $63.12
2026-09-24 19:48:39,189 | [CMS] ACTION: No trade.
2026-09-24 19:48:39,209 | [CNC] choppy/sideways (ADX 22.0) -> mean-reversion strategy | Signal: HOLD | Shares held: 0.0 | Last price: $61.88
2026-09-24 19:48:39,209 | [CNC] ACTION: No trade.
2026-09-24 19:48:39,229 | [CNP] trending (ADX 53.6) -> trend-following strategy | Signal: HOLD | Shares held: 0.0 | Last price: $37.01
2026-09-24 19:48:39,229 | [CNP] ACTION: No trade.
2026-09-24 19:48:39,249 | [COF] choppy/sideways (ADX 18.5) -> mean-reversion strategy | Signal: HOLD | Shares held: 0.0 | Last price: $196.22
2026-09-24 19:48:39,249 | [COF] ACTION: No trade.
2026-09-24 19:48:39,269 | [COHR] trending (ADX 29.0) -> trend-following strategy | Signal: HOLD | Shares held: 0.0 | Last price: $291.34
2026-09-24 19:48:39,269 | [COHR] ACTION: No trade.
2026-09-24 19:48:39,289 | [COIN] choppy/sideways (ADX 24.0) -> mean-reversion strategy | Signal: HOLD | Shares held: 0.0 | Last price: $198.92
2026-09-24 19:48:39,289 | [COIN] ACTION: No trade.
2026-09-24 19:48:39,309 | [COO] choppy/sideways (ADX 14.1) -> mean-reversion strategy | Signal: HOLD | Shares held: 0.0 | Last price: $55.62
2026-09-24 19:48:39,309 | [COO] ACTION: No trade.
2026-09-24 19:48:39,329 | [COP] choppy/sideways (ADX 17.6) -> mean-reversion strategy | Signal: HOLD | Shares held: 0.0 | Last price: $129.44
2026-09-24 19:48:39,329 | [COP] ACTION: No trade.
2026-09-24 19:48:39,349 | [COR] choppy/sideways (ADX 24.7) -> mean-reversion strategy | Signal: HOLD | Shares held: 0.0 | Last price: $310.24
2026-09-24 19:48:39,349 | [COR] ACTION: No trade.
2026-09-24 19:48:39,369 | [COST] choppy/sideways (ADX 12.4) -> mean-reversion strategy | Signal: HOLD | Shares held: 0.0 | Last price: $899.10
2026-09-24 19:48:39,369 | [COST] ACTION: No trade.
2026-09-24 19:48:39,389 | [CPAY] trending (ADX 28.1) -> trend-following strategy | Signal: HOLD | Shares held: 0.0 | Last price: $399.70
2026-09-24 19:48:39,390 | [CPAY] ACTION: No trade.
2026-09-24 19:48:39,409 | [CPRT] choppy/sideways (ADX 11.2) -> mean-reversion strategy | Signal: HOLD | Shares held: 0.0 | Last price: $28.14
2026-09-24 19:48:39,409 | [CPRT] ACTION: No trade.
2026-09-24 19:48:39,429 | [CPT] choppy/sideways (ADX 16.0) -> mean-reversion strategy | Signal: HOLD | Shares held: 0.0 | Last price: $97.46
2026-09-24 19:48:39,429 | [CPT] ACTION: No trade.
2026-09-24 19:48:39,449 | [CRH] choppy/sideways (ADX 20.3) -> mean-reversion strategy | Signal: HOLD | Shares held: 0.0 | Last price: $83.83
2026-09-24 19:48:39,450 | [CRH] ACTION: No trade.
2026-09-24 19:48:39,469 | [CRL] trending (ADX 31.8) -> trend-following strategy | Signal: HOLD | Shares held: 0.0 | Last price: $296.00
2026-09-24 19:48:39,469 | [CRL] ACTION: No trade.
2026-09-24 19:48:39,489 | [CRM] choppy/sideways (ADX 23.0) -> mean-reversion strategy | Signal: HOLD | Shares held: 0.0 | Last price: $238.93
2026-09-24 19:48:39,489 | [CRM] ACTION: No trade.
2026-09-24 19:48:39,509 | [CRWD] trending (ADX 37.1) -> trend-following strategy | Signal: HOLD | Shares held: 0.0 | Last price: $260.21
2026-09-24 19:48:39,509 | [CRWD] ACTION: No trade.
2026-09-24 19:48:39,529 | [CSCO] choppy/sideways (ADX 23.6) -> mean-reversion strategy | Signal: HOLD | Shares held: 0.0 | Last price: $106.73
2026-09-24 19:48:39,529 | [CSCO] ACTION: No trade.
2026-09-24 19:48:39,549 | [CSGP] trending (ADX 33.7) -> trend-following strategy | Signal: HOLD | Shares held: 0.0 | Last price: $27.42
2026-09-24 19:48:39,549 | [CSGP] ACTION: No trade.
2026-09-24 19:48:39,569 | [CSX] choppy/sideways (ADX 20.9) -> mean-reversion strategy | Signal: HOLD | Shares held: 0.0 | Last price: $46.94
2026-09-24 19:48:39,569 | [CSX] ACTION: No trade.
2026-09-24 19:48:39,589 | [CTAS] choppy/sideways (ADX 17.6) -> mean-reversion strategy | Signal: HOLD | Shares held: 0.0 | Last price: $198.50
2026-09-24 19:48:39,589 | [CTAS] ACTION: No trade.
2026-09-24 19:48:39,609 | [CTSH] trending (ADX 41.4) -> trend-following strategy | Signal: HOLD | Shares held: 0.0 | Last price: $57.16
2026-09-24 19:48:39,609 | [CTSH] ACTION: No trade.
2026-09-24 19:48:39,629 | [CTVA] choppy/sideways (ADX 11.4) -> mean-reversion strategy | Signal: HOLD | Shares held: 0.0 | Last price: $79.30
2026-09-24 19:48:39,629 | [CTVA] ACTION: No trade.
2026-09-24 19:48:39,648 | [CVNA] choppy/sideways (ADX 14.9) -> mean-reversion strategy | Signal: HOLD | Shares held: 0.0 | Last price: $63.84
2026-09-24 19:48:39,649 | [CVNA] ACTION: No trade.
2026-09-24 19:48:39,668 | [CVS] trending (ADX 37.2) -> trend-following strategy | Signal: HOLD | Shares held: 0.0 | Last price: $84.90
2026-09-24 19:48:39,669 | [CVS] ACTION: No trade.
2026-09-24 19:48:39,689 | [CVX] choppy/sideways (ADX 17.0) -> mean-reversion strategy | Signal: HOLD | Shares held: 0.0 | Last price: $206.12
2026-09-24 19:48:39,689 | [CVX] ACTION: No trade.
2026-09-24 19:48:39,738 | [D] trending (ADX 32.6) -> trend-following strategy | Signal: HOLD | Shares held: 0.0 | Last price: $60.67
2026-09-24 19:48:39,738 | [D] ACTION: No trade.
2026-09-24 19:48:39,758 | [DAL] trending (ADX 30.4) -> trend-following strategy | Signal: HOLD | Shares held: 0.0 | Last price: $82.91
2026-09-24 19:48:39,758 | [DAL] ACTION: No trade.
2026-09-24 19:48:39,778 | [DASH] choppy/sideways (ADX 20.2) -> mean-reversion strategy | Signal: HOLD | Shares held: 0.0 | Last price: $187.44
2026-09-24 19:48:39,778 | [DASH] ACTION: No trade.
2026-09-24 19:48:39,798 | [DD] choppy/sideways (ADX 14.7) -> mean-reversion strategy | Signal: HOLD | Shares held: 0.0 | Last price: $130.42
2026-09-24 19:48:39,798 | [DD] ACTION: No trade.
2026-09-24 19:48:39,817 | [DDOG] choppy/sideways (ADX 23.1) -> mean-reversion strategy | Signal: HOLD | Shares held: 0.0 | Last price: $257.44
2026-09-24 19:48:39,818 | [DDOG] ACTION: No trade.
2026-09-24 19:48:39,837 | [DE] trending (ADX 30.6) -> trend-following strategy | Signal: HOLD | Shares held: 0.0 | Last price: $694.58
2026-09-24 19:48:39,837 | [DE] ACTION: No trade.
2026-09-24 19:48:39,857 | [DECK] choppy/sideways (ADX 13.1) -> mean-reversion strategy | Signal: HOLD | Shares held: 0.0 | Last price: $78.61
2026-09-24 19:48:39,857 | [DECK] ACTION: No trade.
2026-09-24 19:48:39,877 | [DELL] trending (ADX 26.9) -> trend-following strategy | Signal: HOLD | Shares held: 0.0 | Last price: $542.07
2026-09-24 19:48:39,877 | [DELL] ACTION: No trade.
2026-09-24 19:48:39,897 | [DG] trending (ADX 32.8) -> trend-following strategy | Signal: HOLD | Shares held: 0.0 | Last price: $123.13
2026-09-24 19:48:39,898 | [DG] ACTION: No trade.
2026-09-24 19:48:39,918 | [DGX] choppy/sideways (ADX 15.5) -> mean-reversion strategy | Signal: HOLD | Shares held: 0.0 | Last price: $237.02
2026-09-24 19:48:39,918 | [DGX] ACTION: No trade.
2026-09-24 19:48:39,937 | [DHI] choppy/sideways (ADX 19.7) -> mean-reversion strategy | Signal: HOLD | Shares held: 0.0 | Last price: $140.30
2026-09-24 19:48:39,938 | [DHI] ACTION: No trade.
2026-09-24 19:48:39,957 | [DHR] choppy/sideways (ADX 23.6) -> mean-reversion strategy | Signal: HOLD | Shares held: 0.0 | Last price: $223.66
2026-09-24 19:48:39,957 | [DHR] ACTION: No trade.
2026-09-24 19:48:39,977 | [DIS] choppy/sideways (ADX 21.6) -> mean-reversion strategy | Signal: HOLD | Shares held: 0.0 | Last price: $105.36
2026-09-24 19:48:39,977 | [DIS] ACTION: No trade.
2026-09-24 19:48:39,997 | [DLR] choppy/sideways (ADX 13.9) -> mean-reversion strategy | Signal: HOLD | Shares held: 0.0 | Last price: $181.85
2026-09-24 19:48:39,997 | [DLR] ACTION: No trade.
2026-09-24 19:48:40,018 | [DLTR] trending (ADX 27.9) -> trend-following strategy | Signal: HOLD | Shares held: 0.0 | Last price: $113.67
2026-09-24 19:48:40,018 | [DLTR] ACTION: No trade.
2026-09-24 19:48:40,038 | [DOC] choppy/sideways (ADX 23.1) -> mean-reversion strategy | Signal: HOLD | Shares held: 0.0 | Last price: $20.39
2026-09-24 19:48:40,038 | [DOC] ACTION: No trade.
2026-09-24 19:48:40,058 | [DOV] choppy/sideways (ADX 15.0) -> mean-reversion strategy | Signal: HOLD | Shares held: 0.0 | Last price: $187.62
2026-09-24 19:48:40,058 | [DOV] ACTION: No trade.
2026-09-24 19:48:40,078 | [DOW] choppy/sideways (ADX 16.1) -> mean-reversion strategy | Signal: HOLD | Shares held: 0.0 | Last price: $28.61
2026-09-24 19:48:40,078 | [DOW] ACTION: No trade.
2026-09-24 19:48:40,099 | [DPZ] choppy/sideways (ADX 11.1) -> mean-reversion strategy | Signal: HOLD | Shares held: 0.0 | Last price: $292.91
2026-09-24 19:48:40,099 | [DPZ] ACTION: No trade.
2026-09-24 19:48:40,119 | [DRI] trending (ADX 33.0) -> trend-following strategy | Signal: HOLD | Shares held: 0.0 | Last price: $207.36
2026-09-24 19:48:40,119 | [DRI] ACTION: No trade.
2026-09-24 19:48:40,139 | [DTE] trending (ADX 28.6) -> trend-following strategy | Signal: HOLD | Shares held: 0.0 | Last price: $121.65
2026-09-24 19:48:40,139 | [DTE] ACTION: No trade.
2026-09-24 19:48:40,159 | [DUK] trending (ADX 27.7) -> trend-following strategy | Signal: HOLD | Shares held: 0.0 | Last price: $113.78
2026-09-24 19:48:40,159 | [DUK] ACTION: No trade.
2026-09-24 19:48:40,179 | [DVA] trending (ADX 49.6) -> trend-following strategy | Signal: HOLD | Shares held: 0.0 | Last price: $174.91
2026-09-24 19:48:40,179 | [DVA] ACTION: No trade.
2026-09-24 19:48:40,200 | [DVN] choppy/sideways (ADX 17.0) -> mean-reversion strategy | Signal: HOLD | Shares held: 0.0 | Last price: $48.70
2026-09-24 19:48:40,200 | [DVN] ACTION: No trade.
2026-09-24 19:48:40,220 | [DXCM] trending (ADX 26.8) -> trend-following strategy | Signal: HOLD | Shares held: 0.0 | Last price: $87.61
2026-09-24 19:48:40,220 | [DXCM] ACTION: No trade.
2026-09-24 19:48:40,241 | [EBAY] choppy/sideways (ADX 6.0) -> mean-reversion strategy | Signal: HOLD | Shares held: 0.0 | Last price: $108.09
2026-09-24 19:48:40,241 | [EBAY] ACTION: No trade.
2026-09-24 19:48:40,261 | [ECHO] trending (ADX 38.5) -> trend-following strategy | Signal: HOLD | Shares held: 0.0 | Last price: $90.77
2026-09-24 19:48:40,261 | [ECHO] ACTION: No trade.
2026-09-24 19:48:40,282 | [ECL] choppy/sideways (ADX 18.8) -> mean-reversion strategy | Signal: HOLD | Shares held: 0.0 | Last price: $275.21
2026-09-24 19:48:40,282 | [ECL] ACTION: No trade.
2026-09-24 19:48:40,302 | [ED] choppy/sideways (ADX 15.2) -> mean-reversion strategy | Signal: HOLD | Shares held: 0.0 | Last price: $103.28
2026-09-24 19:48:40,303 | [ED] ACTION: No trade.
2026-09-24 19:48:40,323 | [EFX] trending (ADX 37.6) -> trend-following strategy | Signal: HOLD | Shares held: 0.0 | Last price: $149.39
2026-09-24 19:48:40,323 | [EFX] ACTION: No trade.
2026-09-24 19:48:40,343 | [EG] choppy/sideways (ADX 15.4) -> mean-reversion strategy | Signal: HOLD | Shares held: 0.0 | Last price: $375.02
2026-09-24 19:48:40,344 | [EG] ACTION: No trade.
2026-09-24 19:48:40,366 | [EIX] trending (ADX 38.4) -> trend-following strategy | Signal: HOLD | Shares held: 0.0 | Last price: $52.81
2026-09-24 19:48:40,366 | [EIX] ACTION: No trade.
2026-09-24 19:48:40,387 | [EL] choppy/sideways (ADX 22.3) -> mean-reversion strategy | Signal: HOLD | Shares held: 0.0 | Last price: $95.77
2026-09-24 19:48:40,387 | [EL] ACTION: No trade.
2026-09-24 19:48:40,408 | [ELV] choppy/sideways (ADX 24.1) -> mean-reversion strategy | Signal: HOLD | Shares held: 0.0 | Last price: $399.90
2026-09-24 19:48:40,408 | [ELV] ACTION: No trade.
2026-09-24 19:48:40,428 | [EME] choppy/sideways (ADX 20.9) -> mean-reversion strategy | Signal: HOLD | Shares held: 0.0 | Last price: $748.11
2026-09-24 19:48:40,428 | [EME] ACTION: No trade.
2026-09-24 19:48:40,448 | [EMR] choppy/sideways (ADX 11.8) -> mean-reversion strategy | Signal: HOLD | Shares held: 0.0 | Last price: $155.90
2026-09-24 19:48:40,448 | [EMR] ACTION: No trade.
2026-09-24 19:48:40,469 | [EOG] choppy/sideways (ADX 14.8) -> mean-reversion strategy | Signal: HOLD | Shares held: 0.0 | Last price: $142.66
2026-09-24 19:48:40,469 | [EOG] ACTION: No trade.
2026-09-24 19:48:40,490 | [EQIX] choppy/sideways (ADX 14.5) -> mean-reversion strategy | Signal: HOLD | Shares held: 0.0 | Last price: $1041.70
2026-09-24 19:48:40,490 | [EQIX] ACTION: No trade.
2026-09-24 19:48:40,510 | [EQT] choppy/sideways (ADX 15.1) -> mean-reversion strategy | Signal: HOLD | Shares held: 0.0 | Last price: $51.95
2026-09-24 19:48:40,510 | [EQT] ACTION: No trade.
2026-09-24 19:48:40,529 | [ES] trending (ADX 40.9) -> trend-following strategy | Signal: HOLD | Shares held: 0.0 | Last price: $64.09
2026-09-24 19:48:40,530 | [ES] ACTION: No trade.
2026-09-24 19:48:40,550 | [ESS] choppy/sideways (ADX 13.9) -> mean-reversion strategy | Signal: HOLD | Shares held: 0.0 | Last price: $272.14
2026-09-24 19:48:40,550 | [ESS] ACTION: No trade.
2026-09-24 19:48:40,570 | [ETN] choppy/sideways (ADX 16.9) -> mean-reversion strategy | Signal: HOLD | Shares held: 0.0 | Last price: $438.90
2026-09-24 19:48:40,570 | [ETN] ACTION: No trade.
2026-09-24 19:48:40,590 | [ETR] choppy/sideways (ADX 20.4) -> mean-reversion strategy | Signal: HOLD | Shares held: 0.0 | Last price: $98.30
2026-09-24 19:48:40,590 | [ETR] ACTION: No trade.
2026-09-24 19:48:40,610 | [EVRG] trending (ADX 38.0) -> trend-following strategy | Signal: HOLD | Shares held: 0.0 | Last price: $77.97
2026-09-24 19:48:40,611 | [EVRG] ACTION: No trade.
2026-09-24 19:48:40,631 | [EW] choppy/sideways (ADX 16.0) -> mean-reversion strategy | Signal: HOLD | Shares held: 0.0 | Last price: $86.12
2026-09-24 19:48:40,631 | [EW] ACTION: No trade.
2026-09-24 19:48:40,652 | [EXC] trending (ADX 38.9) -> trend-following strategy | Signal: HOLD | Shares held: 0.0 | Last price: $40.35
2026-09-24 19:48:40,652 | [EXC] ACTION: No trade.
2026-09-24 19:48:40,672 | [EXE] choppy/sideways (ADX 18.0) -> mean-reversion strategy | Signal: HOLD | Shares held: 0.0 | Last price: $88.28
2026-09-24 19:48:40,673 | [EXE] ACTION: No trade.
2026-09-24 19:48:40,693 | [EXPD] trending (ADX 48.4) -> trend-following strategy | Signal: HOLD | Shares held: 0.0 | Last price: $183.66
2026-09-24 19:48:40,693 | [EXPD] ACTION: No trade.
2026-09-24 19:48:40,713 | [EXPE] choppy/sideways (ADX 9.4) -> mean-reversion strategy | Signal: HOLD | Shares held: 0.0 | Last price: $262.69
2026-09-24 19:48:40,713 | [EXPE] ACTION: No trade.
2026-09-24 19:48:40,733 | [EXR] choppy/sideways (ADX 22.2) -> mean-reversion strategy | Signal: HOLD | Shares held: 0.0 | Last price: $133.20
2026-09-24 19:48:40,733 | [EXR] ACTION: No trade.
2026-09-24 19:48:40,753 | [F] trending (ADX 31.4) -> trend-following strategy | Signal: HOLD | Shares held: 0.0 | Last price: $12.62
2026-09-24 19:48:40,753 | [F] ACTION: No trade.
2026-09-24 19:48:40,773 | [FANG] choppy/sideways (ADX 19.4) -> mean-reversion strategy | Signal: HOLD | Shares held: 0.0 | Last price: $189.05
2026-09-24 19:48:40,773 | [FANG] ACTION: No trade.
2026-09-24 19:48:40,794 | [FAST] trending (ADX 26.9) -> trend-following strategy | Signal: HOLD | Shares held: 0.0 | Last price: $50.67
2026-09-24 19:48:40,794 | [FAST] ACTION: No trade.
2026-09-24 19:48:40,814 | [FCX] choppy/sideways (ADX 14.4) -> mean-reversion strategy | Signal: HOLD | Shares held: 0.0 | Last price: $71.88
2026-09-24 19:48:40,814 | [FCX] ACTION: No trade.
2026-09-24 19:48:40,834 | [FDS] choppy/sideways (ADX 11.8) -> mean-reversion strategy | Signal: HOLD | Shares held: 0.0 | Last price: $271.81
2026-09-24 19:48:40,834 | [FDS] ACTION: No trade.
2026-09-24 19:48:40,854 | [FDX] trending (ADX 59.2) -> trend-following strategy | Signal: HOLD | Shares held: 0.0 | Last price: $280.13
2026-09-24 19:48:40,854 | [FDX] ACTION: No trade.
2026-09-24 19:48:40,874 | [FDXF] trending (ADX 33.7) -> trend-following strategy | Signal: HOLD | Shares held: 0.0 | Last price: $115.19
2026-09-24 19:48:40,874 | [FDXF] ACTION: No trade.
2026-09-24 19:48:40,894 | [FE] trending (ADX 42.0) -> trend-following strategy | Signal: HOLD | Shares held: 0.0 | Last price: $43.33
2026-09-24 19:48:40,894 | [FE] ACTION: No trade.
2026-09-24 19:48:40,914 | [FERG] choppy/sideways (ADX 14.5) -> mean-reversion strategy | Signal: HOLD | Shares held: 0.0 | Last price: $220.17
2026-09-24 19:48:40,914 | [FERG] ACTION: No trade.
2026-09-24 19:48:40,934 | [FFIV] choppy/sideways (ADX 18.3) -> mean-reversion strategy | Signal: HOLD | Shares held: 0.0 | Last price: $451.00
2026-09-24 19:48:40,934 | [FFIV] ACTION: No trade.
2026-09-24 19:48:40,955 | [FICO] trending (ADX 33.6) -> trend-following strategy | Signal: HOLD | Shares held: 0.0 | Last price: $856.99
2026-09-24 19:48:40,955 | [FICO] ACTION: No trade.
2026-09-24 19:48:40,975 | [FIS] trending (ADX 29.5) -> trend-following strategy | Signal: HOLD | Shares held: 0.0 | Last price: $35.00
2026-09-24 19:48:40,975 | [FIS] ACTION: No trade.
2026-09-24 19:48:40,995 | [FISV] trending (ADX 27.8) -> trend-following strategy | Signal: HOLD | Shares held: 0.0 | Last price: $46.12
2026-09-24 19:48:40,995 | [FISV] ACTION: No trade.
2026-09-24 19:48:41,015 | [FITB] choppy/sideways (ADX 24.0) -> mean-reversion strategy | Signal: HOLD | Shares held: 0.0 | Last price: $51.51
2026-09-24 19:48:41,015 | [FITB] ACTION: No trade.
2026-09-24 19:48:41,035 | [FIX] choppy/sideways (ADX 14.6) -> mean-reversion strategy | Signal: HOLD | Shares held: 0.0 | Last price: $1640.32
2026-09-24 19:48:41,035 | [FIX] ACTION: No trade.
2026-09-24 19:48:41,055 | [FLEX] choppy/sideways (ADX 18.4) -> mean-reversion strategy | Signal: HOLD | Shares held: 0.0 | Last price: $112.37
2026-09-24 19:48:41,055 | [FLEX] ACTION: No trade.
2026-09-24 19:48:41,075 | [FOXA] choppy/sideways (ADX 14.7) -> mean-reversion strategy | Signal: HOLD | Shares held: 0.0 | Last price: $64.11
2026-09-24 19:48:41,075 | [FOXA] ACTION: No trade.
2026-09-24 19:48:41,095 | [FRT] choppy/sideways (ADX 16.9) -> mean-reversion strategy | Signal: HOLD | Shares held: 0.0 | Last price: $110.57
2026-09-24 19:48:41,095 | [FRT] ACTION: No trade.
2026-09-24 19:48:41,115 | [FSLR] trending (ADX 60.7) -> trend-following strategy | Signal: HOLD | Shares held: 0.0 | Last price: $172.27
2026-09-24 19:48:41,115 | [FSLR] ACTION: No trade.
2026-09-24 19:48:41,135 | [FTNT] choppy/sideways (ADX 24.3) -> mean-reversion strategy | Signal: HOLD | Shares held: 0.0 | Last price: $179.69
2026-09-24 19:48:41,135 | [FTNT] ACTION: No trade.
2026-09-24 19:48:41,156 | [GD] trending (ADX 29.4) -> trend-following strategy | Signal: HOLD | Shares held: 0.0 | Last price: $339.00
2026-09-24 19:48:41,156 | [GD] ACTION: No trade.
2026-09-24 19:48:41,176 | [GDDY] trending (ADX 30.9) -> trend-following strategy | Signal: HOLD | Shares held: 0.0 | Last price: $101.06
2026-09-24 19:48:41,176 | [GDDY] ACTION: No trade.
2026-09-24 19:48:41,197 | [GE] choppy/sideways (ADX 15.3) -> mean-reversion strategy | Signal: HOLD | Shares held: 0.0 | Last price: $321.02
2026-09-24 19:48:41,197 | [GE] ACTION: No trade.
2026-09-24 19:48:41,217 | [GEHC] choppy/sideways (ADX 15.9) -> mean-reversion strategy | Signal: HOLD | Shares held: 0.0 | Last price: $66.47
2026-09-24 19:48:41,217 | [GEHC] ACTION: No trade.
2026-09-24 19:48:41,237 | [GEN] trending (ADX 37.5) -> trend-following strategy | Signal: HOLD | Shares held: 0.0 | Last price: $23.68
2026-09-24 19:48:41,237 | [GEN] ACTION: No trade.
2026-09-24 19:48:41,257 | [GEV] choppy/sideways (ADX 13.9) -> mean-reversion strategy | Signal: HOLD | Shares held: 0.0 | Last price: $955.59
2026-09-24 19:48:41,257 | [GEV] ACTION: No trade.
2026-09-24 19:48:41,277 | [GILD] choppy/sideways (ADX 15.1) -> mean-reversion strategy | Signal: HOLD | Shares held: 0.0 | Last price: $149.88
2026-09-24 19:48:41,277 | [GILD] ACTION: No trade.
2026-09-24 19:48:41,297 | [GIS] choppy/sideways (ADX 15.5) -> mean-reversion strategy | Signal: HOLD | Shares held: 0.0 | Last price: $34.91
2026-09-24 19:48:41,297 | [GIS] ACTION: No trade.
2026-09-24 19:48:41,317 | [GLW] choppy/sideways (ADX 18.6) -> mean-reversion strategy | Signal: HOLD | Shares held: 0.0 | Last price: $154.72
2026-09-24 19:48:41,317 | [GLW] ACTION: No trade.
2026-09-24 19:48:41,337 | [GM] trending (ADX 40.5) -> trend-following strategy | Signal: HOLD | Shares held: 0.0 | Last price: $80.19
2026-09-24 19:48:41,337 | [GM] ACTION: No trade.
2026-09-24 19:48:41,357 | [GNRC] trending (ADX 27.7) -> trend-following strategy | Signal: HOLD | Shares held: 0.0 | Last price: $198.05
2026-09-24 19:48:41,357 | [GNRC] ACTION: No trade.
2026-09-24 19:48:41,377 | [GOOG] choppy/sideways (ADX 21.3) -> mean-reversion strategy | Signal: HOLD | Shares held: 0.0 | Last price: $338.08
2026-09-24 19:48:41,377 | [GOOG] ACTION: No trade.
2026-09-24 19:48:41,397 | [GOOGL] choppy/sideways (ADX 23.0) -> mean-reversion strategy | Signal: HOLD | Shares held: 0.0 | Last price: $342.06
2026-09-24 19:48:41,397 | [GOOGL] ACTION: No trade.
2026-09-24 19:48:41,418 | [GPC] choppy/sideways (ADX 11.3) -> mean-reversion strategy | Signal: HOLD | Shares held: 0.0 | Last price: $129.31
2026-09-24 19:48:41,418 | [GPC] ACTION: No trade.
2026-09-24 19:48:41,438 | [GPN] trending (ADX 30.8) -> trend-following strategy | Signal: HOLD | Shares held: 0.0 | Last price: $85.19
2026-09-24 19:48:41,438 | [GPN] ACTION: No trade.
2026-09-24 19:48:41,459 | [GRMN] trending (ADX 34.6) -> trend-following strategy | Signal: HOLD | Shares held: 0.0 | Last price: $294.56
2026-09-24 19:48:41,459 | [GRMN] ACTION: No trade.
2026-09-24 19:48:41,479 | [GS] choppy/sideways (ADX 23.6) -> mean-reversion strategy | Signal: HOLD | Shares held: 0.0 | Last price: $922.76
2026-09-24 19:48:41,479 | [GS] ACTION: No trade.
2026-09-24 19:48:41,500 | [GWW] choppy/sideways (ADX 14.2) -> mean-reversion strategy | Signal: HOLD | Shares held: 0.0 | Last price: $1277.74
2026-09-24 19:48:41,500 | [GWW] ACTION: No trade.
2026-09-24 19:48:41,520 | [HAL] choppy/sideways (ADX 23.8) -> mean-reversion strategy | Signal: HOLD | Shares held: 0.0 | Last price: $32.72
2026-09-24 19:48:41,520 | [HAL] ACTION: No trade.
2026-09-24 19:48:41,540 | [HAS] choppy/sideways (ADX 13.3) -> mean-reversion strategy | Signal: HOLD | Shares held: 0.0 | Last price: $86.90
2026-09-24 19:48:41,540 | [HAS] ACTION: No trade.
2026-09-24 19:48:41,560 | [HBAN] choppy/sideways (ADX 20.1) -> mean-reversion strategy | Signal: HOLD | Shares held: 0.0 | Last price: $15.37
2026-09-24 19:48:41,560 | [HBAN] ACTION: No trade.
2026-09-24 19:48:41,580 | [HCA] trending (ADX 38.9) -> trend-following strategy | Signal: HOLD | Shares held: 0.0 | Last price: $425.31
2026-09-24 19:48:41,580 | [HCA] ACTION: No trade.
2026-09-24 19:48:41,600 | [HD] trending (ADX 26.6) -> trend-following strategy | Signal: HOLD | Shares held: 0.0 | Last price: $292.33
2026-09-24 19:48:41,601 | [HD] ACTION: No trade.
2026-09-24 19:48:41,620 | [HIG] trending (ADX 38.2) -> trend-following strategy | Signal: HOLD | Shares held: 0.0 | Last price: $126.06
2026-09-24 19:48:41,621 | [HIG] ACTION: No trade.
2026-09-24 19:48:41,641 | [HII] choppy/sideways (ADX 17.7) -> mean-reversion strategy | Signal: HOLD | Shares held: 0.0 | Last price: $267.09
2026-09-24 19:48:41,641 | [HII] ACTION: No trade.
2026-09-24 19:48:41,661 | [HLT] trending (ADX 28.0) -> trend-following strategy | Signal: HOLD | Shares held: 0.0 | Last price: $313.75
2026-09-24 19:48:41,661 | [HLT] ACTION: No trade.
2026-09-24 19:48:41,681 | [HON] choppy/sideways (ADX 12.4) -> mean-reversion strategy | Signal: HOLD | Shares held: 0.0 | Last price: $211.64
2026-09-24 19:48:41,681 | [HON] ACTION: No trade.
2026-09-24 19:48:41,701 | [HONA] trending (ADX 26.0) -> trend-following strategy | Signal: HOLD | Shares held: 0.0 | Last price: $159.90
2026-09-24 19:48:41,701 | [HONA] ACTION: No trade.
2026-09-24 19:48:41,721 | [HOOD] trending (ADX 25.4) -> trend-following strategy | Signal: HOLD | Shares held: 0.0 | Last price: $120.85
2026-09-24 19:48:41,721 | [HOOD] ACTION: No trade.
2026-09-24 19:48:41,741 | [HPE] choppy/sideways (ADX 24.6) -> mean-reversion strategy | Signal: HOLD | Shares held: 0.0 | Last price: $63.87
2026-09-24 19:48:41,741 | [HPE] ACTION: No trade.
2026-09-24 19:48:41,761 | [HPQ] choppy/sideways (ADX 23.2) -> mean-reversion strategy | Signal: HOLD | Shares held: 0.0 | Last price: $31.42
2026-09-24 19:48:41,761 | [HPQ] ACTION: No trade.
2026-09-24 19:48:41,781 | [HSIC] choppy/sideways (ADX 21.7) -> mean-reversion strategy | Signal: HOLD | Shares held: 0.0 | Last price: $85.82
2026-09-24 19:48:41,781 | [HSIC] ACTION: No trade.
2026-09-24 19:48:41,801 | [HST] choppy/sideways (ADX 14.7) -> mean-reversion strategy | Signal: HOLD | Shares held: 0.0 | Last price: $22.27
2026-09-24 19:48:41,801 | [HST] ACTION: No trade.
2026-09-24 19:48:41,821 | [HSY] choppy/sideways (ADX 18.6) -> mean-reversion strategy | Signal: HOLD | Shares held: 0.0 | Last price: $166.85
2026-09-24 19:48:41,821 | [HSY] ACTION: No trade.
2026-09-24 19:48:41,841 | [HUBB] choppy/sideways (ADX 14.6) -> mean-reversion strategy | Signal: HOLD | Shares held: 0.0 | Last price: $465.75
2026-09-24 19:48:41,842 | [HUBB] ACTION: No trade.
2026-09-24 19:48:41,862 | [HUM] choppy/sideways (ADX 16.1) -> mean-reversion strategy | Signal: HOLD | Shares held: 0.0 | Last price: $381.03
2026-09-24 19:48:41,862 | [HUM] ACTION: No trade.
2026-09-24 19:48:41,882 | [HWM] choppy/sideways (ADX 19.0) -> mean-reversion strategy | Signal: HOLD | Shares held: 0.0 | Last price: $231.31
2026-09-24 19:48:41,882 | [HWM] ACTION: No trade.
2026-09-24 19:48:41,902 | [IBKR] choppy/sideways (ADX 21.2) -> mean-reversion strategy | Signal: HOLD | Shares held: 0.0 | Last price: $90.02
2026-09-24 19:48:41,902 | [IBKR] ACTION: No trade.
2026-09-24 19:48:41,922 | [IBM] trending (ADX 41.6) -> trend-following strategy | Signal: HOLD | Shares held: 0.0 | Last price: $227.18
2026-09-24 19:48:41,922 | [IBM] ACTION: No trade.
2026-09-24 19:48:41,942 | [ICE] choppy/sideways (ADX 14.5) -> mean-reversion strategy | Signal: HOLD | Shares held: 0.0 | Last price: $156.67
2026-09-24 19:48:41,942 | [ICE] ACTION: No trade.
2026-09-24 19:48:41,962 | [IDXX] trending (ADX 35.3) -> trend-following strategy | Signal: HOLD | Shares held: 0.0 | Last price: $514.24
2026-09-24 19:48:41,962 | [IDXX] ACTION: No trade.
2026-09-24 19:48:41,982 | [IEX] choppy/sideways (ADX 10.0) -> mean-reversion strategy | Signal: HOLD | Shares held: 0.0 | Last price: $228.47
2026-09-24 19:48:41,982 | [IEX] ACTION: No trade.
2026-09-24 19:48:42,002 | [IFF] choppy/sideways (ADX 11.1) -> mean-reversion strategy | Signal: HOLD | Shares held: 0.0 | Last price: $85.84
2026-09-24 19:48:42,002 | [IFF] ACTION: No trade.
2026-09-24 19:48:42,022 | [ILMN] trending (ADX 54.5) -> trend-following strategy | Signal: HOLD | Shares held: 0.0 | Last price: $275.81
2026-09-24 19:48:42,022 | [ILMN] ACTION: No trade.
2026-09-24 19:48:42,042 | [INCY] choppy/sideways (ADX 22.6) -> mean-reversion strategy | Signal: HOLD | Shares held: 0.0 | Last price: $124.16
2026-09-24 19:48:42,042 | [INCY] ACTION: No trade.
2026-09-24 19:48:42,063 | [INTC] choppy/sideways (ADX 22.5) -> mean-reversion strategy | Signal: HOLD | Shares held: 0.0 | Last price: $127.14
2026-09-24 19:48:42,063 | [INTC] ACTION: No trade.
2026-09-24 19:48:42,083 | [INTU] trending (ADX 29.5) -> trend-following strategy | Signal: HOLD | Shares held: 0.0 | Last price: $277.01
2026-09-24 19:48:42,083 | [INTU] ACTION: No trade.
2026-09-24 19:48:42,103 | [INVH] trending (ADX 30.5) -> trend-following strategy | Signal: HOLD | Shares held: 0.0 | Last price: $26.57
2026-09-24 19:48:42,103 | [INVH] ACTION: No trade.
2026-09-24 19:48:42,123 | [IP] trending (ADX 30.2) -> trend-following strategy | Signal: HOLD | Shares held: 0.0 | Last price: $34.76
2026-09-24 19:48:42,123 | [IP] ACTION: No trade.
2026-09-24 19:48:42,143 | [IQV] trending (ADX 28.2) -> trend-following strategy | Signal: HOLD | Shares held: 0.0 | Last price: $275.65
2026-09-24 19:48:42,143 | [IQV] ACTION: No trade.
2026-09-24 19:48:42,163 | [IR] choppy/sideways (ADX 20.3) -> mean-reversion strategy | Signal: HOLD | Shares held: 0.0 | Last price: $75.12
2026-09-24 19:48:42,163 | [IR] ACTION: No trade.
2026-09-24 19:48:42,183 | [IRM] trending (ADX 36.9) -> trend-following strategy | Signal: HOLD | Shares held: 0.0 | Last price: $114.50
2026-09-24 19:48:42,183 | [IRM] ACTION: No trade.
2026-09-24 19:48:42,203 | [ISRG] choppy/sideways (ADX 14.6) -> mean-reversion strategy | Signal: HOLD | Shares held: 0.0 | Last price: $399.27
2026-09-24 19:48:42,203 | [ISRG] ACTION: No trade.
2026-09-24 19:48:42,223 | [IT] choppy/sideways (ADX 11.5) -> mean-reversion strategy | Signal: HOLD | Shares held: 0.0 | Last price: $179.03
2026-09-24 19:48:42,223 | [IT] ACTION: No trade.
2026-09-24 19:48:42,243 | [ITW] choppy/sideways (ADX 13.5) -> mean-reversion strategy | Signal: HOLD | Shares held: 0.0 | Last price: $271.71
2026-09-24 19:48:42,243 | [ITW] ACTION: No trade.
2026-09-24 19:48:42,263 | [IVZ] choppy/sideways (ADX 15.5) -> mean-reversion strategy | Signal: HOLD | Shares held: 0.0 | Last price: $30.59
2026-09-24 19:48:42,263 | [IVZ] ACTION: No trade.
2026-09-24 19:48:42,283 | [J] trending (ADX 32.9) -> trend-following strategy | Signal: HOLD | Shares held: 0.0 | Last price: $135.76
2026-09-24 19:48:42,283 | [J] ACTION: No trade.
2026-09-24 19:48:42,303 | [JBHT] trending (ADX 29.0) -> trend-following strategy | Signal: HOLD | Shares held: 0.0 | Last price: $229.98
2026-09-24 19:48:42,303 | [JBHT] ACTION: No trade.
2026-09-24 19:48:42,323 | [JBL] choppy/sideways (ADX 12.7) -> mean-reversion strategy | Signal: HOLD | Shares held: 0.0 | Last price: $310.49
2026-09-24 19:48:42,323 | [JBL] ACTION: No trade.
2026-09-24 19:48:42,343 | [JCI] choppy/sideways (ADX 18.0) -> mean-reversion strategy | Signal: HOLD | Shares held: 0.0 | Last price: $144.85
2026-09-24 19:48:42,343 | [JCI] ACTION: No trade.
2026-09-24 19:48:42,363 | [JKHY] trending (ADX 30.1) -> trend-following strategy | Signal: HOLD | Shares held: 0.0 | Last price: $148.13
2026-09-24 19:48:42,363 | [JKHY] ACTION: No trade.
2026-09-24 19:48:42,383 | [JNJ] choppy/sideways (ADX 14.8) -> mean-reversion strategy | Signal: HOLD | Shares held: 0.0 | Last price: $272.01
2026-09-24 19:48:42,383 | [JNJ] ACTION: No trade.
2026-09-24 19:48:42,404 | [JPM] choppy/sideways (ADX 13.7) -> mean-reversion strategy | Signal: HOLD | Shares held: 0.0 | Last price: $338.02
2026-09-24 19:48:42,404 | [JPM] ACTION: No trade.
2026-09-24 19:48:42,458 | [KDP] choppy/sideways (ADX 16.9) -> mean-reversion strategy | Signal: HOLD | Shares held: 0.0 | Last price: $30.95
2026-09-24 19:48:42,458 | [KDP] ACTION: No trade.
2026-09-24 19:48:42,478 | [KEY] choppy/sideways (ADX 22.3) -> mean-reversion strategy | Signal: HOLD | Shares held: 0.0 | Last price: $20.29
2026-09-24 19:48:42,478 | [KEY] ACTION: No trade.
2026-09-24 19:48:42,498 | [KEYS] choppy/sideways (ADX 21.3) -> mean-reversion strategy | Signal: HOLD | Shares held: 0.0 | Last price: $357.93
2026-09-24 19:48:42,498 | [KEYS] ACTION: No trade.
2026-09-24 19:48:42,518 | [KHC] choppy/sideways (ADX 25.0) -> mean-reversion strategy | Signal: HOLD | Shares held: 0.0 | Last price: $23.84
2026-09-24 19:48:42,518 | [KHC] ACTION: No trade.
2026-09-24 19:48:42,538 | [KIM] choppy/sideways (ADX 18.0) -> mean-reversion strategy | Signal: HOLD | Shares held: 0.0 | Last price: $22.32
2026-09-24 19:48:42,538 | [KIM] ACTION: No trade.
2026-09-24 19:48:42,561 | [KKR] choppy/sideways (ADX 17.0) -> mean-reversion strategy | Signal: HOLD | Shares held: 0.0 | Last price: $95.58
2026-09-24 19:48:42,561 | [KKR] ACTION: No trade.
2026-09-24 19:48:42,586 | [KLAC] choppy/sideways (ADX 11.5) -> mean-reversion strategy | Signal: HOLD | Shares held: 0.0 | Last price: $186.44
2026-09-24 19:48:42,586 | [KLAC] ACTION: No trade.
2026-09-24 19:48:42,608 | [KMB] choppy/sideways (ADX 10.4) -> mean-reversion strategy | Signal: HOLD | Shares held: 0.0 | Last price: $97.27
2026-09-24 19:48:42,608 | [KMB] ACTION: No trade.
2026-09-24 19:48:42,628 | [KMI] choppy/sideways (ADX 14.8) -> mean-reversion strategy | Signal: HOLD | Shares held: 0.0 | Last price: $31.34
2026-09-24 19:48:42,628 | [KMI] ACTION: No trade.
2026-09-24 19:48:42,648 | [KO] choppy/sideways (ADX 14.2) -> mean-reversion strategy | Signal: HOLD | Shares held: 0.0 | Last price: $88.34
2026-09-24 19:48:42,648 | [KO] ACTION: No trade.
2026-09-24 19:48:42,668 | [KR] choppy/sideways (ADX 11.1) -> mean-reversion strategy | Signal: HOLD | Shares held: 0.0 | Last price: $59.17
2026-09-24 19:48:42,668 | [KR] ACTION: No trade.
2026-09-24 19:48:42,688 | [KVUE] choppy/sideways (ADX 9.9) -> mean-reversion strategy | Signal: HOLD | Shares held: 0.0 | Last price: $17.64
2026-09-24 19:48:42,688 | [KVUE] ACTION: No trade.
2026-09-24 19:48:42,708 | [L] choppy/sideways (ADX 12.7) -> mean-reversion strategy | Signal: HOLD | Shares held: 0.0 | Last price: $105.45
2026-09-24 19:48:42,708 | [L] ACTION: No trade.
2026-09-24 19:48:42,728 | [LDOS] choppy/sideways (ADX 14.7) -> mean-reversion strategy | Signal: HOLD | Shares held: 0.0 | Last price: $123.97
2026-09-24 19:48:42,728 | [LDOS] ACTION: No trade.
2026-09-24 19:48:42,748 | [LEN] choppy/sideways (ADX 19.4) -> mean-reversion strategy | Signal: HOLD | Shares held: 0.0 | Last price: $81.20
2026-09-24 19:48:42,748 | [LEN] ACTION: No trade.
2026-09-24 19:48:42,768 | [LH] choppy/sideways (ADX 14.9) -> mean-reversion strategy | Signal: HOLD | Shares held: 0.0 | Last price: $309.10
2026-09-24 19:48:42,768 | [LH] ACTION: No trade.
2026-09-24 19:48:42,787 | [LHX] choppy/sideways (ADX 13.8) -> mean-reversion strategy | Signal: HOLD | Shares held: 0.0 | Last price: $239.29
2026-09-24 19:48:42,788 | [LHX] ACTION: No trade.
2026-09-24 19:48:42,807 | [LII] choppy/sideways (ADX 16.5) -> mean-reversion strategy | Signal: HOLD | Shares held: 0.0 | Last price: $367.66
2026-09-24 19:48:42,807 | [LII] ACTION: No trade.
2026-09-24 19:48:42,827 | [LIN] choppy/sideways (ADX 17.8) -> mean-reversion strategy | Signal: HOLD | Shares held: 0.0 | Last price: $467.00
2026-09-24 19:48:42,828 | [LIN] ACTION: No trade.
2026-09-24 19:48:42,848 | [LITE] choppy/sideways (ADX 16.4) -> mean-reversion strategy | Signal: HOLD | Shares held: 0.0 | Last price: $927.45
2026-09-24 19:48:42,848 | [LITE] ACTION: No trade.
2026-09-24 19:48:42,868 | [LLY] trending (ADX 33.2) -> trend-following strategy | Signal: HOLD | Shares held: 0.0 | Last price: $1190.51
2026-09-24 19:48:42,868 | [LLY] ACTION: No trade.
2026-09-24 19:48:42,888 | [LMT] choppy/sideways (ADX 17.0) -> mean-reversion strategy | Signal: HOLD | Shares held: 0.0 | Last price: $526.41
2026-09-24 19:48:42,888 | [LMT] ACTION: No trade.
2026-09-24 19:48:42,908 | [LNT] trending (ADX 26.8) -> trend-following strategy | Signal: HOLD | Shares held: 0.0 | Last price: $63.54
2026-09-24 19:48:42,908 | [LNT] ACTION: No trade.
2026-09-24 19:48:42,928 | [LOW] trending (ADX 25.5) -> trend-following strategy | Signal: HOLD | Shares held: 0.0 | Last price: $188.26
2026-09-24 19:48:42,928 | [LOW] ACTION: No trade.
2026-09-24 19:48:42,948 | [LRCX] choppy/sideways (ADX 12.2) -> mean-reversion strategy | Signal: HOLD | Shares held: 0.0 | Last price: $305.52
2026-09-24 19:48:42,949 | [LRCX] ACTION: No trade.
2026-09-24 19:48:42,969 | [LULU] choppy/sideways (ADX 13.2) -> mean-reversion strategy | Signal: HOLD | Shares held: 0.0 | Last price: $101.26
2026-09-24 19:48:42,969 | [LULU] ACTION: No trade.
2026-09-24 19:48:42,989 | [LUV] trending (ADX 30.5) -> trend-following strategy | Signal: HOLD | Shares held: 0.0 | Last price: $41.55
2026-09-24 19:48:42,989 | [LUV] ACTION: No trade.
2026-09-24 19:48:43,009 | [LVS] choppy/sideways (ADX 23.1) -> mean-reversion strategy | Signal: HOLD | Shares held: 0.0 | Last price: $38.70
2026-09-24 19:48:43,009 | [LVS] ACTION: No trade.
2026-09-24 19:48:43,029 | [LYB] choppy/sideways (ADX 16.9) -> mean-reversion strategy | Signal: HOLD | Shares held: 0.0 | Last price: $60.36
2026-09-24 19:48:43,029 | [LYB] ACTION: No trade.
2026-09-24 19:48:43,049 | [LYV] choppy/sideways (ADX 22.9) -> mean-reversion strategy | Signal: HOLD | Shares held: 0.0 | Last price: $170.65
2026-09-24 19:48:43,049 | [LYV] ACTION: No trade.
2026-09-24 19:48:43,069 | [MA] choppy/sideways (ADX 19.1) -> mean-reversion strategy | Signal: HOLD | Shares held: 0.0 | Last price: $565.04
2026-09-24 19:48:43,069 | [MA] ACTION: No trade.
2026-09-24 19:48:43,090 | [MAA] choppy/sideways (ADX 20.6) -> mean-reversion strategy | Signal: HOLD | Shares held: 0.0 | Last price: $117.42
2026-09-24 19:48:43,090 | [MAA] ACTION: No trade.
2026-09-24 19:48:43,110 | [MAR] choppy/sideways (ADX 19.6) -> mean-reversion strategy | Signal: HOLD | Shares held: 0.0 | Last price: $353.11
2026-09-24 19:48:43,110 | [MAR] ACTION: No trade.
2026-09-24 19:48:43,130 | [MAS] trending (ADX 28.7) -> trend-following strategy | Signal: HOLD | Shares held: 0.0 | Last price: $67.40
2026-09-24 19:48:43,130 | [MAS] ACTION: No trade.
2026-09-24 19:48:43,150 | [MCD] choppy/sideways (ADX 23.2) -> mean-reversion strategy | Signal: HOLD | Shares held: 0.0 | Last price: $238.05
2026-09-24 19:48:43,150 | [MCD] ACTION: No trade.
2026-09-24 19:48:43,170 | [MCHP] choppy/sideways (ADX 14.2) -> mean-reversion strategy | Signal: HOLD | Shares held: 0.0 | Last price: $74.41
2026-09-24 19:48:43,170 | [MCHP] ACTION: No trade.
2026-09-24 19:48:43,190 | [MCK] trending (ADX 26.4) -> trend-following strategy | Signal: HOLD | Shares held: 0.0 | Last price: $869.00
2026-09-24 19:48:43,190 | [MCK] ACTION: No trade.
2026-09-24 19:48:43,209 | [MCO] choppy/sideways (ADX 12.5) -> mean-reversion strategy | Signal: HOLD | Shares held: 0.0 | Last price: $467.49
2026-09-24 19:48:43,209 | [MCO] ACTION: No trade.
2026-09-24 19:48:43,229 | [MDLZ] choppy/sideways (ADX 17.4) -> mean-reversion strategy | Signal: HOLD | Shares held: 0.0 | Last price: $60.92
2026-09-24 19:48:43,229 | [MDLZ] ACTION: No trade.
2026-09-24 19:48:43,249 | [MDT] choppy/sideways (ADX 13.3) -> mean-reversion strategy | Signal: HOLD | Shares held: 0.0 | Last price: $88.69
2026-09-24 19:48:43,249 | [MDT] ACTION: No trade.
2026-09-24 19:48:43,269 | [MET] trending (ADX 28.0) -> trend-following strategy | Signal: HOLD | Shares held: 0.0 | Last price: $97.82
2026-09-24 19:48:43,269 | [MET] ACTION: No trade.
2026-09-24 19:48:43,289 | [META] trending (ADX 46.2) -> trend-following strategy | Signal: HOLD | Shares held: 0.0 | Last price: $777.81
2026-09-24 19:48:43,289 | [META] ACTION: No trade.
2026-09-24 19:48:43,309 | [MGM] trending (ADX 57.5) -> trend-following strategy | Signal: HOLD | Shares held: 0.0 | Last price: $33.90
2026-09-24 19:48:43,309 | [MGM] ACTION: No trade.
2026-09-24 19:48:43,329 | [MKC] choppy/sideways (ADX 15.7) -> mean-reversion strategy | Signal: HOLD | Shares held: 0.0 | Last price: $47.94
2026-09-24 19:48:43,329 | [MKC] ACTION: No trade.
2026-09-24 19:48:43,349 | [MLM] trending (ADX 27.1) -> trend-following strategy | Signal: HOLD | Shares held: 0.0 | Last price: $480.20
2026-09-24 19:48:43,349 | [MLM] ACTION: No trade.
2026-09-24 19:48:43,369 | [MMM] choppy/sideways (ADX 18.0) -> mean-reversion strategy | Signal: HOLD | Shares held: 0.0 | Last price: $168.14
2026-09-24 19:48:43,369 | [MMM] ACTION: No trade.
2026-09-24 19:48:43,389 | [MNST] choppy/sideways (ADX 19.4) -> mean-reversion strategy | Signal: HOLD | Shares held: 0.0 | Last price: $42.70
2026-09-24 19:48:43,389 | [MNST] ACTION: No trade.
2026-09-24 19:48:43,409 | [MO] choppy/sideways (ADX 10.5) -> mean-reversion strategy | Signal: HOLD | Shares held: 0.0 | Last price: $68.95
2026-09-24 19:48:43,409 | [MO] ACTION: No trade.
2026-09-24 19:48:43,429 | [MOS] trending (ADX 25.8) -> trend-following strategy | Signal: HOLD | Shares held: 0.0 | Last price: $23.82
2026-09-24 19:48:43,429 | [MOS] ACTION: No trade.
2026-09-24 19:48:43,449 | [MPC] choppy/sideways (ADX 19.9) -> mean-reversion strategy | Signal: HOLD | Shares held: 0.0 | Last price: $391.39
2026-09-24 19:48:43,449 | [MPC] ACTION: No trade.
2026-09-24 19:48:43,469 | [MPWR] choppy/sideways (ADX 8.1) -> mean-reversion strategy | Signal: HOLD | Shares held: 0.0 | Last price: $1344.22
2026-09-24 19:48:43,469 | [MPWR] ACTION: No trade.
2026-09-24 19:48:43,489 | [MRK] choppy/sideways (ADX 14.8) -> mean-reversion strategy | Signal: HOLD | Shares held: 0.0 | Last price: $148.75
2026-09-24 19:48:43,489 | [MRK] ACTION: No trade.
2026-09-24 19:48:43,509 | [MRNA] choppy/sideways (ADX 23.9) -> mean-reversion strategy | Signal: HOLD | Shares held: 0.0 | Last price: $193.39
2026-09-24 19:48:43,509 | [MRNA] ACTION: No trade.
2026-09-24 19:48:43,528 | [MRSH] choppy/sideways (ADX 15.6) -> mean-reversion strategy | Signal: HOLD | Shares held: 0.0 | Last price: $169.87
2026-09-24 19:48:43,529 | [MRSH] ACTION: No trade.
2026-09-24 19:48:43,548 | [MRVL] choppy/sideways (ADX 17.1) -> mean-reversion strategy | Signal: HOLD | Shares held: 0.0 | Last price: $261.24
2026-09-24 19:48:43,548 | [MRVL] ACTION: No trade.
2026-09-24 19:48:43,568 | [MS] choppy/sideways (ADX 24.5) -> mean-reversion strategy | Signal: HOLD | Shares held: 0.0 | Last price: $196.31
2026-09-24 19:48:43,568 | [MS] ACTION: No trade.
2026-09-24 19:48:43,588 | [MSCI] trending (ADX 35.9) -> trend-following strategy | Signal: HOLD | Shares held: 0.0 | Last price: $557.63
2026-09-24 19:48:43,588 | [MSCI] ACTION: No trade.
2026-09-24 19:48:43,608 | [MSFT] choppy/sideways (ADX 14.4) -> mean-reversion strategy | Signal: HOLD | Shares held: 0.0 | Last price: $497.33
2026-09-24 19:48:43,608 | [MSFT] ACTION: No trade.
2026-09-24 19:48:43,628 | [MSI] trending (ADX 25.9) -> trend-following strategy | Signal: HOLD | Shares held: 0.0 | Last price: $455.02
2026-09-24 19:48:43,628 | [MSI] ACTION: No trade.
2026-09-24 19:48:43,648 | [MTB] choppy/sideways (ADX 21.1) -> mean-reversion strategy | Signal: HOLD | Shares held: 0.0 | Last price: $219.31
2026-09-24 19:48:43,648 | [MTB] ACTION: No trade.
2026-09-24 19:48:43,668 | [MTD] trending (ADX 36.6) -> trend-following strategy | Signal: HOLD | Shares held: 0.0 | Last price: $1523.85
2026-09-24 19:48:43,668 | [MTD] ACTION: No trade.
2026-09-24 19:48:43,688 | [MU] choppy/sideways (ADX 20.8) -> mean-reversion strategy | Signal: HOLD | Shares held: 0.0 | Last price: $1075.32
2026-09-24 19:48:43,688 | [MU] ACTION: No trade.
2026-09-24 19:48:43,707 | [NCLH] choppy/sideways (ADX 11.6) -> mean-reversion strategy | Signal: HOLD | Shares held: 0.0 | Last price: $14.22
2026-09-24 19:48:43,708 | [NCLH] ACTION: No trade.
2026-09-24 19:48:43,727 | [NDAQ] choppy/sideways (ADX 18.6) -> mean-reversion strategy | Signal: HOLD | Shares held: 0.0 | Last price: $94.62
2026-09-24 19:48:43,727 | [NDAQ] ACTION: No trade.
2026-09-24 19:48:43,747 | [NDSN] choppy/sideways (ADX 18.9) -> mean-reversion strategy | Signal: HOLD | Shares held: 0.0 | Last price: $323.40
2026-09-24 19:48:43,747 | [NDSN] ACTION: No trade.
2026-09-24 19:48:43,767 | [NEE] trending (ADX 43.8) -> trend-following strategy | Signal: HOLD | Shares held: 0.0 | Last price: $76.03
2026-09-24 19:48:43,768 | [NEE] ACTION: No trade.
2026-09-24 19:48:43,788 | [NEM] choppy/sideways (ADX 23.0) -> mean-reversion strategy | Signal: HOLD | Shares held: 0.0 | Last price: $121.08
2026-09-24 19:48:43,788 | [NEM] ACTION: No trade.
2026-09-24 19:48:43,807 | [NFLX] choppy/sideways (ADX 24.1) -> mean-reversion strategy | Signal: HOLD | Shares held: 0.0 | Last price: $71.72
2026-09-24 19:48:43,808 | [NFLX] ACTION: No trade.
2026-09-24 19:48:43,827 | [NI] choppy/sideways (ADX 15.8) -> mean-reversion strategy | Signal: HOLD | Shares held: 0.0 | Last price: $39.19
2026-09-24 19:48:43,827 | [NI] ACTION: No trade.
2026-09-24 19:48:43,847 | [NKE] choppy/sideways (ADX 11.6) -> mean-reversion strategy | Signal: HOLD | Shares held: 0.0 | Last price: $35.92
2026-09-24 19:48:43,847 | [NKE] ACTION: No trade.
2026-09-24 19:48:43,867 | [NOC] choppy/sideways (ADX 17.7) -> mean-reversion strategy | Signal: HOLD | Shares held: 0.0 | Last price: $511.06
2026-09-24 19:48:43,867 | [NOC] ACTION: No trade.
2026-09-24 19:48:43,887 | [NOW] choppy/sideways (ADX 18.6) -> mean-reversion strategy | Signal: HOLD | Shares held: 0.0 | Last price: $138.16
2026-09-24 19:48:43,887 | [NOW] ACTION: No trade.
2026-09-24 19:48:43,907 | [NRG] trending (ADX 28.6) -> trend-following strategy | Signal: HOLD | Shares held: 0.0 | Last price: $98.04
2026-09-24 19:48:43,907 | [NRG] ACTION: No trade.
2026-09-24 19:48:43,927 | [NSC] trending (ADX 25.6) -> trend-following strategy | Signal: HOLD | Shares held: 0.0 | Last price: $313.69
2026-09-24 19:48:43,927 | [NSC] ACTION: No trade.
2026-09-24 19:48:43,947 | [NTAP] choppy/sideways (ADX 15.4) -> mean-reversion strategy | Signal: HOLD | Shares held: 0.0 | Last price: $198.32
2026-09-24 19:48:43,947 | [NTAP] ACTION: No trade.
2026-09-24 19:48:43,967 | [NTRS] choppy/sideways (ADX 18.2) -> mean-reversion strategy | Signal: HOLD | Shares held: 0.0 | Last price: $174.34
2026-09-24 19:48:43,967 | [NTRS] ACTION: No trade.
2026-09-24 19:48:43,987 | [NUE] trending (ADX 33.0) -> trend-following strategy | Signal: HOLD | Shares held: 0.0 | Last price: $249.12
2026-09-24 19:48:43,987 | [NUE] ACTION: No trade.
2026-09-24 19:48:44,007 | [NVDA] choppy/sideways (ADX 19.7) -> mean-reversion strategy | Signal: HOLD | Shares held: 0.0 | Last price: $223.55
2026-09-24 19:48:44,007 | [NVDA] ACTION: No trade.
2026-09-24 19:48:44,027 | [NVR] choppy/sideways (ADX 13.9) -> mean-reversion strategy | Signal: HOLD | Shares held: 0.0 | Last price: $6219.90
2026-09-24 19:48:44,027 | [NVR] ACTION: No trade.
2026-09-24 19:48:44,047 | [NWSA] choppy/sideways (ADX 14.5) -> mean-reversion strategy | Signal: HOLD | Shares held: 0.0 | Last price: $28.52
2026-09-24 19:48:44,047 | [NWSA] ACTION: No trade.
2026-09-24 19:48:44,067 | [NXPI] choppy/sideways (ADX 21.4) -> mean-reversion strategy | Signal: HOLD | Shares held: 0.0 | Last price: $230.71
2026-09-24 19:48:44,067 | [NXPI] ACTION: No trade.
2026-09-24 19:48:44,087 | [O] choppy/sideways (ADX 19.1) -> mean-reversion strategy | Signal: HOLD | Shares held: 0.0 | Last price: $55.56
2026-09-24 19:48:44,087 | [O] ACTION: No trade.
2026-09-24 19:48:44,107 | [ODFL] trending (ADX 27.5) -> trend-following strategy | Signal: HOLD | Shares held: 0.0 | Last price: $175.13
2026-09-24 19:48:44,107 | [ODFL] ACTION: No trade.
2026-09-24 19:48:44,127 | [OKE] choppy/sideways (ADX 14.8) -> mean-reversion strategy | Signal: HOLD | Shares held: 0.0 | Last price: $91.06
2026-09-24 19:48:44,127 | [OKE] ACTION: No trade.
2026-09-24 19:48:44,147 | [OMC] choppy/sideways (ADX 10.7) -> mean-reversion strategy | Signal: HOLD | Shares held: 0.0 | Last price: $75.01
2026-09-24 19:48:44,147 | [OMC] ACTION: No trade.
2026-09-24 19:48:44,167 | [ON] choppy/sideways (ADX 15.6) -> mean-reversion strategy | Signal: HOLD | Shares held: 0.0 | Last price: $73.01
2026-09-24 19:48:44,167 | [ON] ACTION: No trade.
2026-09-24 19:48:44,187 | [ORCL] trending (ADX 29.1) -> trend-following strategy | Signal: HOLD | Shares held: 0.0 | Last price: $139.25
2026-09-24 19:48:44,187 | [ORCL] ACTION: No trade.
2026-09-24 19:48:44,207 | [ORLY] choppy/sideways (ADX 17.7) -> mean-reversion strategy | Signal: HOLD | Shares held: 0.0 | Last price: $86.64
2026-09-24 19:48:44,207 | [ORLY] ACTION: No trade.
2026-09-24 19:48:44,227 | [OTIS] trending (ADX 35.4) -> trend-following strategy | Signal: HOLD | Shares held: 0.0 | Last price: $66.92
2026-09-24 19:48:44,227 | [OTIS] ACTION: No trade.
2026-09-24 19:48:44,247 | [OXY] choppy/sideways (ADX 19.9) -> mean-reversion strategy | Signal: HOLD | Shares held: 0.0 | Last price: $58.04
2026-09-24 19:48:44,247 | [OXY] ACTION: No trade.
2026-09-24 19:48:44,267 | [P] trending (ADX 31.0) -> trend-following strategy | Signal: HOLD | Shares held: 0.0 | Last price: $123.30
2026-09-24 19:48:44,267 | [P] ACTION: No trade.
2026-09-24 19:48:44,287 | [PANW] trending (ADX 36.3) -> trend-following strategy | Signal: HOLD | Shares held: 0.0 | Last price: $390.86
2026-09-24 19:48:44,287 | [PANW] ACTION: No trade.
2026-09-24 19:48:44,306 | [PAYX] trending (ADX 35.1) -> trend-following strategy | Signal: HOLD | Shares held: 0.0 | Last price: $102.02
2026-09-24 19:48:44,307 | [PAYX] ACTION: No trade.
2026-09-24 19:48:44,326 | [PCAR] trending (ADX 26.1) -> trend-following strategy | Signal: HOLD | Shares held: 0.0 | Last price: $110.93
2026-09-24 19:48:44,326 | [PCAR] ACTION: No trade.
2026-09-24 19:48:44,346 | [PCG] trending (ADX 34.0) -> trend-following strategy | Signal: HOLD | Shares held: 0.0 | Last price: $12.35
2026-09-24 19:48:44,346 | [PCG] ACTION: No trade.
2026-09-24 19:48:44,366 | [PEG] trending (ADX 36.1) -> trend-following strategy | Signal: HOLD | Shares held: 0.0 | Last price: $66.86
2026-09-24 19:48:44,366 | [PEG] ACTION: No trade.
2026-09-24 19:48:44,386 | [PEP] choppy/sideways (ADX 14.6) -> mean-reversion strategy | Signal: HOLD | Shares held: 0.0 | Last price: $128.35
2026-09-24 19:48:44,386 | [PEP] ACTION: No trade.
2026-09-24 19:48:44,406 | [PFE] choppy/sideways (ADX 21.3) -> mean-reversion strategy | Signal: HOLD | Shares held: 0.0 | Last price: $28.41
2026-09-24 19:48:44,406 | [PFE] ACTION: No trade.
2026-09-24 19:48:44,426 | [PFG] choppy/sideways (ADX 13.1) -> mean-reversion strategy | Signal: HOLD | Shares held: 0.0 | Last price: $114.55
2026-09-24 19:48:44,426 | [PFG] ACTION: No trade.
2026-09-24 19:48:44,446 | [PG] choppy/sideways (ADX 12.0) -> mean-reversion strategy | Signal: HOLD | Shares held: 0.0 | Last price: $146.25
2026-09-24 19:48:44,446 | [PG] ACTION: No trade.
2026-09-24 19:48:44,465 | [PGR] choppy/sideways (ADX 15.1) -> mean-reversion strategy | Signal: HOLD | Shares held: 0.0 | Last price: $202.26
2026-09-24 19:48:44,465 | [PGR] ACTION: No trade.
2026-09-24 19:48:44,485 | [PH] choppy/sideways (ADX 11.0) -> mean-reversion strategy | Signal: HOLD | Shares held: 0.0 | Last price: $974.34
2026-09-24 19:48:44,485 | [PH] ACTION: No trade.
2026-09-24 19:48:44,505 | [PHM] choppy/sideways (ADX 20.2) -> mean-reversion strategy | Signal: HOLD | Shares held: 0.0 | Last price: $117.92
2026-09-24 19:48:44,505 | [PHM] ACTION: No trade.
2026-09-24 19:48:44,525 | [PKG] choppy/sideways (ADX 24.6) -> mean-reversion strategy | Signal: HOLD | Shares held: 0.0 | Last price: $236.94
2026-09-24 19:48:44,525 | [PKG] ACTION: No trade.
2026-09-24 19:48:44,544 | [PLD] choppy/sideways (ADX 17.0) -> mean-reversion strategy | Signal: HOLD | Shares held: 0.0 | Last price: $134.04
2026-09-24 19:48:44,545 | [PLD] ACTION: No trade.
2026-09-24 19:48:44,564 | [PLTR] choppy/sideways (ADX 13.8) -> mean-reversion strategy | Signal: HOLD | Shares held: 0.0 | Last price: $192.26
2026-09-24 19:48:44,564 | [PLTR] ACTION: No trade.
2026-09-24 19:48:44,584 | [PM] choppy/sideways (ADX 14.8) -> mean-reversion strategy | Signal: HOLD | Shares held: 0.0 | Last price: $191.70
2026-09-24 19:48:44,584 | [PM] ACTION: No trade.
2026-09-24 19:48:44,604 | [PNC] choppy/sideways (ADX 22.6) -> mean-reversion strategy | Signal: HOLD | Shares held: 0.0 | Last price: $223.44
2026-09-24 19:48:44,604 | [PNC] ACTION: No trade.
2026-09-24 19:48:44,624 | [PNR] trending (ADX 41.1) -> trend-following strategy | Signal: HOLD | Shares held: 0.0 | Last price: $52.95
2026-09-24 19:48:44,624 | [PNR] ACTION: No trade.
2026-09-24 19:48:44,643 | [PNW] choppy/sideways (ADX 14.3) -> mean-reversion strategy | Signal: HOLD | Shares held: 0.0 | Last price: $91.36
2026-09-24 19:48:44,644 | [PNW] ACTION: No trade.
2026-09-24 19:48:44,663 | [PODD] choppy/sideways (ADX 13.1) -> mean-reversion strategy | Signal: HOLD | Shares held: 0.0 | Last price: $135.57
2026-09-24 19:48:44,663 | [PODD] ACTION: No trade.
2026-09-24 19:48:44,683 | [PPG] choppy/sideways (ADX 13.9) -> mean-reversion strategy | Signal: HOLD | Shares held: 0.0 | Last price: $106.41
2026-09-24 19:48:44,683 | [PPG] ACTION: No trade.
2026-09-24 19:48:44,703 | [PPL] choppy/sideways (ADX 19.0) -> mean-reversion strategy | Signal: HOLD | Shares held: 0.0 | Last price: $32.12
2026-09-24 19:48:44,703 | [PPL] ACTION: No trade.
2026-09-24 19:48:44,723 | [PRU] trending (ADX 25.2) -> trend-following strategy | Signal: HOLD | Shares held: 0.0 | Last price: $119.45
2026-09-24 19:48:44,723 | [PRU] ACTION: No trade.
2026-09-24 19:48:44,742 | [PSA] trending (ADX 31.5) -> trend-following strategy | Signal: HOLD | Shares held: 0.0 | Last price: $286.00
2026-09-24 19:48:44,742 | [PSA] ACTION: No trade.
2026-09-24 19:48:44,762 | [PSKY] choppy/sideways (ADX 9.9) -> mean-reversion strategy | Signal: HOLD | Shares held: 0.0 | Last price: $10.16
2026-09-24 19:48:44,762 | [PSKY] ACTION: No trade.
2026-09-24 19:48:44,782 | [PSX] choppy/sideways (ADX 19.4) -> mean-reversion strategy | Signal: HOLD | Shares held: 0.0 | Last price: $256.80
2026-09-24 19:48:44,782 | [PSX] ACTION: No trade.
2026-09-24 19:48:44,802 | [PTC] trending (ADX 28.1) -> trend-following strategy | Signal: HOLD | Shares held: 0.0 | Last price: $137.20
2026-09-24 19:48:44,802 | [PTC] ACTION: No trade.
2026-09-24 19:48:44,822 | [PWR] choppy/sideways (ADX 11.7) -> mean-reversion strategy | Signal: HOLD | Shares held: 0.0 | Last price: $643.49
2026-09-24 19:48:44,822 | [PWR] ACTION: No trade.
2026-09-24 19:48:44,841 | [PYPL] choppy/sideways (ADX 13.4) -> mean-reversion strategy | Signal: HOLD | Shares held: 0.0 | Last price: $52.54
2026-09-24 19:48:44,842 | [PYPL] ACTION: No trade.
2026-09-24 19:48:44,863 | [Q] choppy/sideways (ADX 16.9) -> mean-reversion strategy | Signal: HOLD | Shares held: 0.0 | Last price: $121.55
2026-09-24 19:48:44,864 | [Q] ACTION: No trade.
2026-09-24 19:48:44,883 | [QCOM] choppy/sideways (ADX 15.3) -> mean-reversion strategy | Signal: HOLD | Shares held: 0.0 | Last price: $194.84
2026-09-24 19:48:44,883 | [QCOM] ACTION: No trade.
2026-09-24 19:48:44,903 | [RCL] trending (ADX 34.5) -> trend-following strategy | Signal: HOLD | Shares held: 0.0 | Last price: $240.37
2026-09-24 19:48:44,903 | [RCL] ACTION: No trade.
2026-09-24 19:48:44,923 | [RDDT] choppy/sideways (ADX 14.7) -> mean-reversion strategy | Signal: HOLD | Shares held: 0.0 | Last price: $152.48
2026-09-24 19:48:44,923 | [RDDT] ACTION: No trade.
2026-09-24 19:48:44,943 | [REG] choppy/sideways (ADX 14.5) -> mean-reversion strategy | Signal: HOLD | Shares held: 0.0 | Last price: $73.17
2026-09-24 19:48:44,943 | [REG] ACTION: No trade.
2026-09-24 19:48:44,963 | [REGN] choppy/sideways (ADX 15.0) -> mean-reversion strategy | Signal: HOLD | Shares held: 0.0 | Last price: $794.36
2026-09-24 19:48:44,963 | [REGN] ACTION: No trade.
2026-09-24 19:48:44,983 | [RF] choppy/sideways (ADX 22.7) -> mean-reversion strategy | Signal: HOLD | Shares held: 0.0 | Last price: $27.32
2026-09-24 19:48:44,983 | [RF] ACTION: No trade.
2026-09-24 19:48:45,002 | [RJF] choppy/sideways (ADX 18.8) -> mean-reversion strategy | Signal: HOLD | Shares held: 0.0 | Last price: $158.52
2026-09-24 19:48:45,002 | [RJF] ACTION: No trade.
2026-09-24 19:48:45,022 | [RL] trending (ADX 28.8) -> trend-following strategy | Signal: HOLD | Shares held: 0.0 | Last price: $352.65
2026-09-24 19:48:45,022 | [RL] ACTION: No trade.
2026-09-24 19:48:45,042 | [RMD] choppy/sideways (ADX 12.0) -> mean-reversion strategy | Signal: HOLD | Shares held: 0.0 | Last price: $222.55
2026-09-24 19:48:45,042 | [RMD] ACTION: No trade.
2026-09-24 19:48:45,062 | [ROK] choppy/sideways (ADX 11.6) -> mean-reversion strategy | Signal: HOLD | Shares held: 0.0 | Last price: $432.18
2026-09-24 19:48:45,062 | [ROK] ACTION: No trade.
2026-09-24 19:48:45,082 | [ROL] trending (ADX 49.3) -> trend-following strategy | Signal: HOLD | Shares held: 0.0 | Last price: $30.42
2026-09-24 19:48:45,082 | [ROL] ACTION: No trade.
2026-09-24 19:48:45,103 | [ROP] choppy/sideways (ADX 11.9) -> mean-reversion strategy | Signal: HOLD | Shares held: 0.0 | Last price: $363.44
2026-09-24 19:48:45,103 | [ROP] ACTION: No trade.
2026-09-24 19:48:45,123 | [ROST] choppy/sideways (ADX 24.7) -> mean-reversion strategy | Signal: HOLD | Shares held: 0.0 | Last price: $236.00
2026-09-24 19:48:45,123 | [ROST] ACTION: No trade.
2026-09-24 19:48:45,142 | [RSG] choppy/sideways (ADX 10.1) -> mean-reversion strategy | Signal: HOLD | Shares held: 0.0 | Last price: $213.38
2026-09-24 19:48:45,142 | [RSG] ACTION: No trade.
2026-09-24 19:48:45,162 | [RTX] choppy/sideways (ADX 24.1) -> mean-reversion strategy | Signal: HOLD | Shares held: 0.0 | Last price: $189.51
2026-09-24 19:48:45,162 | [RTX] ACTION: No trade.
2026-09-24 19:48:45,182 | [RVTY] trending (ADX 44.9) -> trend-following strategy | Signal: HOLD | Shares held: 0.0 | Last price: $151.52
2026-09-24 19:48:45,182 | [RVTY] ACTION: No trade.
2026-09-24 19:48:45,202 | [SBAC] trending (ADX 29.6) -> trend-following strategy | Signal: HOLD | Shares held: 0.0 | Last price: $167.39
2026-09-24 19:48:45,202 | [SBAC] ACTION: No trade.
2026-09-24 19:48:45,222 | [SBUX] choppy/sideways (ADX 12.8) -> mean-reversion strategy | Signal: HOLD | Shares held: 0.0 | Last price: $93.94
2026-09-24 19:48:45,222 | [SBUX] ACTION: No trade.
2026-09-24 19:48:45,242 | [SCHW] choppy/sideways (ADX 24.4) -> mean-reversion strategy | Signal: HOLD | Shares held: 0.0 | Last price: $99.23
2026-09-24 19:48:45,242 | [SCHW] ACTION: No trade.
2026-09-24 19:48:45,261 | [SHW] trending (ADX 28.4) -> trend-following strategy | Signal: HOLD | Shares held: 0.0 | Last price: $320.02
2026-09-24 19:48:45,261 | [SHW] ACTION: No trade.
2026-09-24 19:48:45,281 | [SJM] choppy/sideways (ADX 22.8) -> mean-reversion strategy | Signal: HOLD | Shares held: 0.0 | Last price: $122.31
2026-09-24 19:48:45,281 | [SJM] ACTION: No trade.
2026-09-24 19:48:45,301 | [SLB] choppy/sideways (ADX 18.0) -> mean-reversion strategy | Signal: HOLD | Shares held: 0.0 | Last price: $51.52
2026-09-24 19:48:45,301 | [SLB] ACTION: No trade.
2026-09-24 19:48:45,321 | [SMCI] trending (ADX 29.0) -> trend-following strategy | Signal: HOLD | Shares held: 0.0 | Last price: $41.84
2026-09-24 19:48:45,321 | [SMCI] ACTION: No trade.
2026-09-24 19:48:45,341 | [SNDK] trending (ADX 37.2) -> trend-following strategy | Signal: HOLD | Shares held: 0.0 | Last price: $1747.97
2026-09-24 19:48:45,341 | [SNDK] ACTION: No trade.
2026-09-24 19:48:45,406 | [SNPS] choppy/sideways (ADX 16.3) -> mean-reversion strategy | Signal: HOLD | Shares held: 0.0 | Last price: $423.63
2026-09-24 19:48:45,406 | [SNPS] ACTION: No trade.
2026-09-24 19:48:45,426 | [SO] choppy/sideways (ADX 19.8) -> mean-reversion strategy | Signal: HOLD | Shares held: 0.0 | Last price: $83.31
2026-09-24 19:48:45,426 | [SO] ACTION: No trade.
2026-09-24 19:48:45,446 | [SPG] choppy/sideways (ADX 24.0) -> mean-reversion strategy | Signal: HOLD | Shares held: 0.0 | Last price: $205.37
2026-09-24 19:48:45,446 | [SPG] ACTION: No trade.
2026-09-24 19:48:45,466 | [SPGI] choppy/sideways (ADX 13.7) -> mean-reversion strategy | Signal: HOLD | Shares held: 0.0 | Last price: $403.38
2026-09-24 19:48:45,466 | [SPGI] ACTION: No trade.
2026-09-24 19:48:45,485 | [SRE] trending (ADX 49.9) -> trend-following strategy | Signal: HOLD | Shares held: 0.0 | Last price: $77.94
2026-09-24 19:48:45,485 | [SRE] ACTION: No trade.
2026-09-24 19:48:45,505 | [STE] choppy/sideways (ADX 17.5) -> mean-reversion strategy | Signal: HOLD | Shares held: 0.0 | Last price: $209.56
2026-09-24 19:48:45,505 | [STE] ACTION: No trade.
2026-09-24 19:48:45,525 | [STLD] trending (ADX 25.5) -> trend-following strategy | Signal: HOLD | Shares held: 0.0 | Last price: $236.38
2026-09-24 19:48:45,525 | [STLD] ACTION: No trade.
2026-09-24 19:48:45,544 | [STT] choppy/sideways (ADX 11.9) -> mean-reversion strategy | Signal: HOLD | Shares held: 0.0 | Last price: $180.90
2026-09-24 19:48:45,544 | [STT] ACTION: No trade.
2026-09-24 19:48:45,564 | [STX] choppy/sideways (ADX 20.0) -> mean-reversion strategy | Signal: HOLD | Shares held: 0.0 | Last price: $902.43
2026-09-24 19:48:45,564 | [STX] ACTION: No trade.
2026-09-24 19:48:45,584 | [STZ] choppy/sideways (ADX 15.5) -> mean-reversion strategy | Signal: HOLD | Shares held: 0.0 | Last price: $114.56
2026-09-24 19:48:45,584 | [STZ] ACTION: No trade.
2026-09-24 19:48:45,604 | [SW] trending (ADX 31.0) -> trend-following strategy | Signal: HOLD | Shares held: 0.0 | Last price: $45.62
2026-09-24 19:48:45,604 | [SW] ACTION: No trade.
2026-09-24 19:48:45,623 | [SWK] choppy/sideways (ADX 18.1) -> mean-reversion strategy | Signal: HOLD | Shares held: 0.0 | Last price: $90.47
2026-09-24 19:48:45,623 | [SWK] ACTION: No trade.
2026-09-24 19:48:45,643 | [SWKS] choppy/sideways (ADX 18.8) -> mean-reversion strategy | Signal: HOLD | Shares held: 0.0 | Last price: $88.03
2026-09-24 19:48:45,643 | [SWKS] ACTION: No trade.
2026-09-24 19:48:45,663 | [SYF] choppy/sideways (ADX 23.6) -> mean-reversion strategy | Signal: HOLD | Shares held: 0.0 | Last price: $71.44
2026-09-24 19:48:45,663 | [SYF] ACTION: No trade.
2026-09-24 19:48:45,683 | [SYK] trending (ADX 27.8) -> trend-following strategy | Signal: HOLD | Shares held: 0.0 | Last price: $271.38
2026-09-24 19:48:45,683 | [SYK] ACTION: No trade.
2026-09-24 19:48:45,702 | [SYY] choppy/sideways (ADX 18.6) -> mean-reversion strategy | Signal: HOLD | Shares held: 0.0 | Last price: $78.13
2026-09-24 19:48:45,702 | [SYY] ACTION: No trade.
2026-09-24 19:48:45,724 | [T] choppy/sideways (ADX 15.5) -> mean-reversion strategy | Signal: HOLD | Shares held: 0.0 | Last price: $25.54
2026-09-24 19:48:45,724 | [T] ACTION: No trade.
2026-09-24 19:48:45,744 | [TDG] choppy/sideways (ADX 12.2) -> mean-reversion strategy | Signal: HOLD | Shares held: 0.0 | Last price: $1110.84
2026-09-24 19:48:45,744 | [TDG] ACTION: No trade.
2026-09-24 19:48:45,764 | [TDY] choppy/sideways (ADX 12.3) -> mean-reversion strategy | Signal: HOLD | Shares held: 0.0 | Last price: $615.06
2026-09-24 19:48:45,764 | [TDY] ACTION: No trade.
2026-09-24 19:48:45,784 | [TECH] trending (ADX 36.2) -> trend-following strategy | Signal: HOLD | Shares held: 0.0 | Last price: $72.58
2026-09-24 19:48:45,784 | [TECH] ACTION: No trade.
2026-09-24 19:48:45,804 | [TEL] choppy/sideways (ADX 16.3) -> mean-reversion strategy | Signal: HOLD | Shares held: 0.0 | Last price: $213.87
2026-09-24 19:48:45,804 | [TEL] ACTION: No trade.
2026-09-24 19:48:45,823 | [TER] choppy/sideways (ADX 19.9) -> mean-reversion strategy | Signal: HOLD | Shares held: 0.0 | Last price: $386.54
2026-09-24 19:48:45,823 | [TER] ACTION: No trade.
2026-09-24 19:48:45,843 | [TFC] trending (ADX 27.4) -> trend-following strategy | Signal: HOLD | Shares held: 0.0 | Last price: $47.31
2026-09-24 19:48:45,843 | [TFC] ACTION: No trade.
2026-09-24 19:48:45,863 | [TGT] choppy/sideways (ADX 18.7) -> mean-reversion strategy | Signal: HOLD | Shares held: 0.0 | Last price: $156.62
2026-09-24 19:48:45,863 | [TGT] ACTION: No trade.
2026-09-24 19:48:45,883 | [TJX] choppy/sideways (ADX 17.1) -> mean-reversion strategy | Signal: HOLD | Shares held: 0.0 | Last price: $131.58
2026-09-24 19:48:45,883 | [TJX] ACTION: No trade.
2026-09-24 19:48:45,902 | [TKO] trending (ADX 29.2) -> trend-following strategy | Signal: HOLD | Shares held: 0.0 | Last price: $185.54
2026-09-24 19:48:45,902 | [TKO] ACTION: No trade.
2026-09-24 19:48:45,922 | [TMO] trending (ADX 27.4) -> trend-following strategy | Signal: HOLD | Shares held: 0.0 | Last price: $681.42
2026-09-24 19:48:45,922 | [TMO] ACTION: No trade.
2026-09-24 19:48:45,943 | [TMUS] choppy/sideways (ADX 13.9) -> mean-reversion strategy | Signal: HOLD | Shares held: 0.0 | Last price: $165.50
2026-09-24 19:48:45,943 | [TMUS] ACTION: No trade.
2026-09-24 19:48:45,963 | [TPL] trending (ADX 29.2) -> trend-following strategy | Signal: HOLD | Shares held: 0.0 | Last price: $340.14
2026-09-24 19:48:45,963 | [TPL] ACTION: No trade.
2026-09-24 19:48:45,983 | [TPR] choppy/sideways (ADX 17.0) -> mean-reversion strategy | Signal: HOLD | Shares held: 0.0 | Last price: $112.25
2026-09-24 19:48:45,983 | [TPR] ACTION: No trade.
2026-09-24 19:48:46,002 | [TRGP] trending (ADX 28.4) -> trend-following strategy | Signal: HOLD | Shares held: 0.0 | Last price: $283.52
2026-09-24 19:48:46,003 | [TRGP] ACTION: No trade.
2026-09-24 19:48:46,022 | [TRMB] trending (ADX 32.6) -> trend-following strategy | Signal: HOLD | Shares held: 0.0 | Last price: $57.79
2026-09-24 19:48:46,022 | [TRMB] ACTION: No trade.
2026-09-24 19:48:46,042 | [TROW] choppy/sideways (ADX 14.1) -> mean-reversion strategy | Signal: HOLD | Shares held: 0.0 | Last price: $104.22
2026-09-24 19:48:46,042 | [TROW] ACTION: No trade.
2026-09-24 19:48:46,062 | [TRV] choppy/sideways (ADX 15.9) -> mean-reversion strategy | Signal: HOLD | Shares held: 0.0 | Last price: $363.99
2026-09-24 19:48:46,062 | [TRV] ACTION: No trade.
2026-09-24 19:48:46,082 | [TSCO] choppy/sideways (ADX 24.9) -> mean-reversion strategy | Signal: HOLD | Shares held: 0.0 | Last price: $31.52
2026-09-24 19:48:46,082 | [TSCO] ACTION: No trade.
2026-09-24 19:48:46,102 | [TSLA] choppy/sideways (ADX 16.8) -> mean-reversion strategy | Signal: HOLD | Shares held: 0.0 | Last price: $379.27
2026-09-24 19:48:46,102 | [TSLA] ACTION: No trade.
2026-09-24 19:48:46,122 | [TSN] choppy/sideways (ADX 12.6) -> mean-reversion strategy | Signal: HOLD | Shares held: 0.0 | Last price: $51.05
2026-09-24 19:48:46,122 | [TSN] ACTION: No trade.
2026-09-24 19:48:46,142 | [TT] choppy/sideways (ADX 13.6) -> mean-reversion strategy | Signal: HOLD | Shares held: 0.0 | Last price: $438.35
2026-09-24 19:48:46,142 | [TT] ACTION: No trade.
2026-09-24 19:48:46,162 | [TTWO] choppy/sideways (ADX 24.6) -> mean-reversion strategy | Signal: HOLD | Shares held: 0.0 | Last price: $203.38
2026-09-24 19:48:46,162 | [TTWO] ACTION: No trade.
2026-09-24 19:48:46,182 | [TXN] choppy/sideways (ADX 11.7) -> mean-reversion strategy | Signal: HOLD | Shares held: 0.0 | Last price: $270.06
2026-09-24 19:48:46,182 | [TXN] ACTION: No trade.
2026-09-24 19:48:46,202 | [TXT] choppy/sideways (ADX 16.8) -> mean-reversion strategy | Signal: HOLD | Shares held: 0.0 | Last price: $76.41
2026-09-24 19:48:46,202 | [TXT] ACTION: No trade.
2026-09-24 19:48:46,222 | [TYL] choppy/sideways (ADX 11.6) -> mean-reversion strategy | Signal: HOLD | Shares held: 0.0 | Last price: $330.29
2026-09-24 19:48:46,222 | [TYL] ACTION: No trade.
2026-09-24 19:48:46,242 | [UAL] trending (ADX 27.1) -> trend-following strategy | Signal: HOLD | Shares held: 0.0 | Last price: $111.45
2026-09-24 19:48:46,242 | [UAL] ACTION: No trade.
2026-09-24 19:48:46,261 | [UBER] choppy/sideways (ADX 9.8) -> mean-reversion strategy | Signal: HOLD | Shares held: 0.0 | Last price: $69.44
2026-09-24 19:48:46,262 | [UBER] ACTION: No trade.
2026-09-24 19:48:46,282 | [UDR] choppy/sideways (ADX 18.5) -> mean-reversion strategy | Signal: HOLD | Shares held: 0.0 | Last price: $33.58
2026-09-24 19:48:46,282 | [UDR] ACTION: No trade.
2026-09-24 19:48:46,301 | [UHS] trending (ADX 39.9) -> trend-following strategy | Signal: HOLD | Shares held: 0.0 | Last price: $177.19
2026-09-24 19:48:46,302 | [UHS] ACTION: No trade.
2026-09-24 19:48:46,321 | [ULTA] choppy/sideways (ADX 19.8) -> mean-reversion strategy | Signal: HOLD | Shares held: 0.0 | Last price: $548.32
2026-09-24 19:48:46,322 | [ULTA] ACTION: No trade.
2026-09-24 19:48:46,341 | [UNH] trending (ADX 26.0) -> trend-following strategy | Signal: HOLD | Shares held: 0.0 | Last price: $374.95
2026-09-24 19:48:46,341 | [UNH] ACTION: No trade.
2026-09-24 19:48:46,361 | [UNP] trending (ADX 30.0) -> trend-following strategy | Signal: HOLD | Shares held: 0.0 | Last price: $273.60
2026-09-24 19:48:46,361 | [UNP] ACTION: No trade.
2026-09-24 19:48:46,381 | [UPS] trending (ADX 48.2) -> trend-following strategy | Signal: HOLD | Shares held: 0.0 | Last price: $91.73
2026-09-24 19:48:46,381 | [UPS] ACTION: No trade.
2026-09-24 19:48:46,401 | [URI] trending (ADX 25.6) -> trend-following strategy | Signal: HOLD | Shares held: 0.0 | Last price: $1019.60
2026-09-24 19:48:46,401 | [URI] ACTION: No trade.
2026-09-24 19:48:46,421 | [USB] choppy/sideways (ADX 21.3) -> mean-reversion strategy | Signal: HOLD | Shares held: 0.0 | Last price: $58.50
2026-09-24 19:48:46,421 | [USB] ACTION: No trade.
2026-09-24 19:48:46,441 | [V] trending (ADX 32.9) -> trend-following strategy | Signal: HOLD | Shares held: 0.0 | Last price: $367.53
2026-09-24 19:48:46,441 | [V] ACTION: No trade.
2026-09-24 19:48:46,461 | [VEEV] trending (ADX 36.8) -> trend-following strategy | Signal: HOLD | Shares held: 0.0 | Last price: $275.37
2026-09-24 19:48:46,461 | [VEEV] ACTION: No trade.
2026-09-24 19:48:46,481 | [VICI] trending (ADX 32.8) -> trend-following strategy | Signal: HOLD | Shares held: 0.0 | Last price: $23.30
2026-09-24 19:48:46,481 | [VICI] ACTION: No trade.
2026-09-24 19:48:46,500 | [VLO] choppy/sideways (ADX 15.5) -> mean-reversion strategy | Signal: HOLD | Shares held: 0.0 | Last price: $384.60
2026-09-24 19:48:46,500 | [VLO] ACTION: No trade.
2026-09-24 19:48:46,520 | [VLTO] trending (ADX 27.2) -> trend-following strategy | Signal: HOLD | Shares held: 0.0 | Last price: $96.05
2026-09-24 19:48:46,521 | [VLTO] ACTION: No trade.
2026-09-24 19:48:46,540 | [VMC] choppy/sideways (ADX 14.7) -> mean-reversion strategy | Signal: HOLD | Shares held: 0.0 | Last price: $242.00
2026-09-24 19:48:46,540 | [VMC] ACTION: No trade.
2026-09-24 19:48:46,560 | [VMRK] choppy/sideways (ADX 14.2) -> mean-reversion strategy | Signal: HOLD | Shares held: 0.0 | Last price: $61.20
2026-09-24 19:48:46,560 | [VMRK] ACTION: No trade.
2026-09-24 19:48:46,581 | [VRSK] choppy/sideways (ADX 21.2) -> mean-reversion strategy | Signal: HOLD | Shares held: 0.0 | Last price: $169.35
2026-09-24 19:48:46,581 | [VRSK] ACTION: No trade.
2026-09-24 19:48:46,601 | [VRSN] choppy/sideways (ADX 13.6) -> mean-reversion strategy | Signal: HOLD | Shares held: 0.0 | Last price: $293.23
2026-09-24 19:48:46,601 | [VRSN] ACTION: No trade.
2026-09-24 19:48:46,621 | [VRT] choppy/sideways (ADX 24.9) -> mean-reversion strategy | Signal: HOLD | Shares held: 0.0 | Last price: $245.99
2026-09-24 19:48:46,621 | [VRT] ACTION: No trade.
2026-09-24 19:48:46,642 | [VRTX] trending (ADX 28.9) -> trend-following strategy | Signal: HOLD | Shares held: 0.0 | Last price: $522.81
2026-09-24 19:48:46,642 | [VRTX] ACTION: No trade.
2026-09-24 19:48:46,662 | [VST] choppy/sideways (ADX 21.1) -> mean-reversion strategy | Signal: HOLD | Shares held: 0.0 | Last price: $138.09
2026-09-24 19:48:46,662 | [VST] ACTION: No trade.
2026-09-24 19:48:46,682 | [VTR] choppy/sideways (ADX 15.8) -> mean-reversion strategy | Signal: HOLD | Shares held: 0.0 | Last price: $87.35
2026-09-24 19:48:46,682 | [VTR] ACTION: No trade.
2026-09-24 19:48:46,702 | [VTRS] choppy/sideways (ADX 11.9) -> mean-reversion strategy | Signal: HOLD | Shares held: 0.0 | Last price: $17.30
2026-09-24 19:48:46,702 | [VTRS] ACTION: No trade.
2026-09-24 19:48:46,723 | [VZ] trending (ADX 25.2) -> trend-following strategy | Signal: HOLD | Shares held: 0.0 | Last price: $47.33
2026-09-24 19:48:46,723 | [VZ] ACTION: No trade.
2026-09-24 19:48:46,743 | [WAB] choppy/sideways (ADX 23.5) -> mean-reversion strategy | Signal: HOLD | Shares held: 0.0 | Last price: $289.56
2026-09-24 19:48:46,743 | [WAB] ACTION: No trade.
2026-09-24 19:48:46,764 | [WAT] trending (ADX 31.9) -> trend-following strategy | Signal: HOLD | Shares held: 0.0 | Last price: $432.45
2026-09-24 19:48:46,764 | [WAT] ACTION: No trade.
2026-09-24 19:48:46,785 | [WBD] choppy/sideways (ADX 20.9) -> mean-reversion strategy | Signal: HOLD | Shares held: 0.0 | Last price: $30.82
2026-09-24 19:48:46,785 | [WBD] ACTION: No trade.
2026-09-24 19:48:46,805 | [WDAY] trending (ADX 25.7) -> trend-following strategy | Signal: HOLD | Shares held: 0.0 | Last price: $191.41
2026-09-24 19:48:46,805 | [WDAY] ACTION: No trade.
2026-09-24 19:48:46,825 | [WDC] choppy/sideways (ADX 19.6) -> mean-reversion strategy | Signal: HOLD | Shares held: 0.0 | Last price: $450.69
2026-09-24 19:48:46,825 | [WDC] ACTION: No trade.
2026-09-24 19:48:46,846 | [WEC] choppy/sideways (ADX 13.0) -> mean-reversion strategy | Signal: HOLD | Shares held: 0.0 | Last price: $101.75
2026-09-24 19:48:46,846 | [WEC] ACTION: No trade.
2026-09-24 19:48:46,867 | [WELL] choppy/sideways (ADX 18.0) -> mean-reversion strategy | Signal: HOLD | Shares held: 0.0 | Last price: $234.72
2026-09-24 19:48:46,867 | [WELL] ACTION: No trade.
2026-09-24 19:48:46,887 | [WFC] trending (ADX 29.1) -> trend-following strategy | Signal: HOLD | Shares held: 0.0 | Last price: $82.47
2026-09-24 19:48:46,887 | [WFC] ACTION: No trade.
2026-09-24 19:48:46,908 | [WM] choppy/sideways (ADX 11.3) -> mean-reversion strategy | Signal: HOLD | Shares held: 0.0 | Last price: $208.53
2026-09-24 19:48:46,908 | [WM] ACTION: No trade.
2026-09-24 19:48:46,928 | [WMB] trending (ADX 39.5) -> trend-following strategy | Signal: HOLD | Shares held: 0.0 | Last price: $70.75
2026-09-24 19:48:46,928 | [WMB] ACTION: No trade.
2026-09-24 19:48:46,949 | [WMT] trending (ADX 33.6) -> trend-following strategy | Signal: HOLD | Shares held: 0.0 | Last price: $107.86
2026-09-24 19:48:46,949 | [WMT] ACTION: No trade.
2026-09-24 19:48:46,970 | [WRB] trending (ADX 28.1) -> trend-following strategy | Signal: HOLD | Shares held: 0.0 | Last price: $67.56
2026-09-24 19:48:46,970 | [WRB] ACTION: No trade.
2026-09-24 19:48:46,990 | [WSM] choppy/sideways (ADX 13.5) -> mean-reversion strategy | Signal: HOLD | Shares held: 0.0 | Last price: $227.39
2026-09-24 19:48:46,991 | [WSM] ACTION: No trade.
2026-09-24 19:48:47,012 | [WST] choppy/sideways (ADX 11.7) -> mean-reversion strategy | Signal: HOLD | Shares held: 0.0 | Last price: $373.47
2026-09-24 19:48:47,012 | [WST] ACTION: No trade.
2026-09-24 19:48:47,032 | [WTW] choppy/sideways (ADX 10.4) -> mean-reversion strategy | Signal: HOLD | Shares held: 0.0 | Last price: $294.33
2026-09-24 19:48:47,033 | [WTW] ACTION: No trade.
2026-09-24 19:48:47,055 | [WY] trending (ADX 46.7) -> trend-following strategy | Signal: HOLD | Shares held: 0.0 | Last price: $20.25
2026-09-24 19:48:47,056 | [WY] ACTION: No trade.
2026-09-24 19:48:47,081 | [WYNN] trending (ADX 25.3) -> trend-following strategy | Signal: HOLD | Shares held: 0.0 | Last price: $80.17
2026-09-24 19:48:47,082 | [WYNN] ACTION: No trade.
2026-09-24 19:48:47,104 | [XEL] trending (ADX 33.0) -> trend-following strategy | Signal: HOLD | Shares held: 0.0 | Last price: $69.98
2026-09-24 19:48:47,105 | [XEL] ACTION: No trade.
2026-09-24 19:48:47,125 | [XOM] trending (ADX 25.3) -> trend-following strategy | Signal: HOLD | Shares held: 0.0 | Last price: $162.21
2026-09-24 19:48:47,125 | [XOM] ACTION: No trade.
2026-09-24 19:48:47,146 | [XYL] trending (ADX 57.1) -> trend-following strategy | Signal: HOLD | Shares held: 0.0 | Last price: $102.82
2026-09-24 19:48:47,146 | [XYL] ACTION: No trade.
2026-09-24 19:48:47,167 | [XYZ] choppy/sideways (ADX 23.9) -> mean-reversion strategy | Signal: HOLD | Shares held: 0.0 | Last price: $76.46
2026-09-24 19:48:47,167 | [XYZ] ACTION: No trade.
2026-09-24 19:48:47,187 | [YUM] trending (ADX 25.9) -> trend-following strategy | Signal: HOLD | Shares held: 0.0 | Last price: $138.03
2026-09-24 19:48:47,187 | [YUM] ACTION: No trade.
2026-09-24 19:48:47,208 | [ZBH] choppy/sideways (ADX 13.8) -> mean-reversion strategy | Signal: HOLD | Shares held: 0.0 | Last price: $89.68
2026-09-24 19:48:47,208 | [ZBH] ACTION: No trade.
2026-09-24 19:48:47,228 | [ZBRA] choppy/sideways (ADX 22.8) -> mean-reversion strategy | Signal: HOLD | Shares held: 0.0 | Last price: $367.16
2026-09-24 19:48:47,228 | [ZBRA] ACTION: No trade.
2026-09-24 19:48:47,249 | [ZTS] choppy/sideways (ADX 22.2) -> mean-reversion strategy | Signal: HOLD | Shares held: 0.0 | Last price: $70.16
2026-09-24 19:48:47,249 | [ZTS] ACTION: No trade.
2026-09-24 19:50:02,096 | Within 10 min of close -- flattening all positions for the day.
2026-09-24 19:50:02,152 | EOD FLATTEN: no open positions to close.
2026-09-24 20:00:02,091 | Market is closed. Next open: 2026-09-25 15:30:00 CEST (your local time) -- in 17.5 hours.
2026-09-24 20:00:02,150 | Market is closed for the day -- exiting early instead of idling.
2026-09-24 20:00:02,150 | Duration window finished.
