2026-09-22 19:02:18,194 | === Adaptive Intraday Trading Bot starting (PAPER TRADING MODE) ===
2026-09-22 19:02:18,194 | Watchlist mode: AUTOMATIC SCANNER (refreshes every 0.5h, up to 50 movers + S&P 500 backstop, 500 watchlist slots total, min price $10, max extension 20%, leveraged ETFs excluded: True, news filter: True). Fallback list: TSLA, NVDA, COIN, AMD, PLTR
2026-09-22 19:02:18,194 | Scanner minimum listing age: ON -- requires >= 100 trading days of daily bar history (real cases this catches: ALMR ~80d, EROC ~43d)
2026-09-22 19:02:18,194 | Bar size: 15min | Check interval while market open: 15min
2026-09-22 19:02:18,194 | Active strategies: gap_continuation, trend_following, mean_reversion (regime-switched by ADX)
2026-09-22 19:02:18,194 | Trend strategy: EMA 9/21 crossover | Range strategy: RSI 14 (25.0/75.0) | Switched by ADX 14 (threshold 25.0)
2026-09-22 19:02:18,194 | No new entries between 210-270 min after the open (historically weak window in backtesting)
2026-09-22 19:02:18,194 | Scanner opening-range blackout: ON -- no new scanner-pick (non-S&P-500) entries in the first 45 min after the open (real-money-confirmed, additive to the lunch-window blackout above, not a replacement for it)
2026-09-22 19:02:18,194 | Risk management: fixed stop-loss -5% / take-profit +10% on every buy
2026-09-22 19:02:18,194 | Position sizing: flat $500 per trade
2026-09-22 19:02:18,195 | Graduated conviction sizing: ON -- qualifying strategies: none yet (real evidence-gated, see strategy.py). 1 of 3 confirming signals (strategy match / ADX >= 35 / volume >= 2.5x avg) sizes at $5000; 2 or more signals sizes at up to the full remaining $25,000/day pool (volatility-based size-down always wins when a trade qualifies for both)
2026-09-22 19:02:18,195 | Position limits: max 18 concurrent positions | max 5.0% aggregate portfolio risk | daily loss circuit breaker at -3% (pauses new entries only)
2026-09-22 19:02:18,195 | Portfolio heat cap: max $2,000 aggregate $-at-risk across all open positions
2026-09-22 19:02:18,195 | Sector concentration cap: max 2 open positions per sector (new entries only; symbols with no known sector are exempt)
2026-09-22 19:02:18,195 | End-of-day mode: positions will be auto-closed 10 min before market close.
2026-09-22 19:02:18,195 | Loaded saved watchlist from previous run: NVDA, MU, SNDK, META, AMD, INTC, AAPL, TSLA, MSFT, AVGO, GOOGL, AMZN, BE, GOOG, LITE, DELL, MRVL, QCOM, CVX, PLTR, V, STX, ORCL, ILMN, NFLX, AMAT, JPM, WDC, TXN, BRK.B, LLY, TMO, LRCX, XOM, CRM, WBD, HOOD, CRWD, GS, GEV, JNJ, PANW, MRK, MRNA, P, MPC, CSCO, COIN, WMT, COST, AMGN, CAT, GILD, C, MA, VLO, COHR, HCA, HONA, BAC, GE, DHR, UNH, AZO, APP, IBM, ABBV, MCK, TJX, ABT, LIN, KLAC, UNP, REGN, PEP, PG, ADI, SMCI, EBAY, ADP, TMUS, BA, PSX, KO, WELL, HD, IQV, SCHW, BMY, MDT, ANET, ETN, ACN, ISRG, WFC, COP, MS, BKNG, COF, NOW, DASH, MCD, PGR, FANG, ADBE, BNY, DE, PM, FTNT, VZ, AON, BLK, NKE, INTU, HON, GLW, NEE, SWKS, ORLY, MPWR, CVS, WDAY, AXP, RTX, ABNB, PCAR, SYK, HPE, SO, NXPI, APH, MAR, CB, TRV, DIS, T, CIEN, VRT, NEM, HLT, MRSH, VRTX, GM, EXPE, PH, BDX, ELV, BSX, UBER, WRB, VEEV, CSX, CL, WMB, AEP, ROST, PFE, CMI, TER, HWM, ROP, ALL, TGT, LMT, SLB, RSG, DXCM, LOW, CAH, TDG, DDOG, URI, CDNS, BKR, CEG, SBUX, STT, DUK, TT, TEL, OTIS, CTSH, COR, EQIX, VMRK, GD, SHW, ON, RDDT, VTR, OKE, DAL, CARR, MDLZ, PNC, ICE, KMI, NOC, SNPS, PAYX, TRGP, USB, APD, IR, CME, HBAN, DVN, FDX, DHI, PLD, ACGL, MMM, EOG, FIX, AMP, SPGI, WM, MTD, MLM, KR, TFC, MSI, AMT, JCI, CMCSA, MCHP, GNRC, PYPL, DLTR, CTAS, A, UPS, TPR, XEL, FCX, CRH, RMD, APO, F, NTAP, ADSK, HUM, HPQ, DLR, PWR, TTWO, ADM, ARES, CNC, AFL, OMC, MO, SYY, CASY, NVR, ECL, ETR, FLEX, CTVA, NSC, MNST, EME, YUM, MCO, KEYS, MET, FOXA, BG, ROK, LHX, ODFL, PTC, MSCI, FERG, JBL, AIG, SPG, JBHT, CBRE, LYV, LEN, GRMN, NUE, EQT, FICO, WSM, RVTY, HIG, EMR, ULTA, WAT, ITW, SRE, AKAM, GWW, FDXF, KDP, TYL, VMC, FFIV, EW, KVUE, IDXX, BX, DG, CCI, VRSN, KKR, AWK, NDAQ, KMB, RCL, MTB, WEC, STLD, CHTR, FAST, EG, DGX, CI, BBY, STZ, EFX, HSY, PSKY, AME, XYL, RJF, CRL, PEG, CNP, PSA, HAL, ECHO, D, EXE, VST, AXON, AJG, DOV, CVNA, ZTS, O, LH, DRI, LULU, CF, TSCO, PHM, CPRT, DTE, GEHC, OXY, SYF, WAB, CBOE, EL, EXC, BIIB, VRSK, APTV, TECH, LYB, EXPD, FSLR, FITB, TKO, ZBRA, LVS, EIX, NRG, UAL, EXR, KEY, HUBB, MAS, CMG, CFG, GDDY, GIS, SW, VLTO, COO, CMS, RF, BR, INCY, CDW, IBKR, GPN, WST, NI, PRU, LUV, PPG, ED, ZBH, IT, KHC, PFG, GEN, ROL, ALLE, DVA, HST, TSN, FISV, ATO, ALB, RL, DECK, NTRS, DPZ, JKHY, WTW, CHRW, ES, UHS, IP, LDOS, SJM, IRM, Q, CCL, FDS, BRO, CSGP, APA, PCG, SBAC, DOW, PODD, SNA, EVRG, XYZ, STE, AEE, IFF, GPC, CLX, AVY, PPL, CINF, CPAY, INVH, MKC, BAX, LNT, TRMB, SWK, TXT, LII, DD, TROW, TPL, HII, PNR, L, MAA, CHD, HAS, FE, TDY, MOS, FTV, PKG, NWSA, J, FIS, VICI, WYNN, ALGN, UDR, HSIC, KIM, IVZ, AMCR, BXP, ESS, VTRS, BEN, ARE, DOC, PNW, NDSN, FRT, IEX, CPT, AIZ, MGM
2026-09-22 19:02:18,195 | Restored daily risk state from previous run: day 2026-09-21, breaker tripped: False
2026-09-22 19:02:18,195 | Restored open-position context for 2 symbol(s) from previous run.
2026-09-22 19:02:18,195 | Running in --duration-minutes mode: cycling for 150 minutes, then exiting.
2026-09-22 19:02:18,272 | Daily loss circuit breaker: tracking from starting equity $99,331.58 (limit -3%).
2026-09-22 19:02:18,272 | Daily conviction-sizing pool reset: $25,000 available today.
2026-09-22 19:02:18,272 | SCANNER: refreshing watchlist...
2026-09-22 19:02:18,785 | SCANNER: candidate VICR -- +18.5% today, $265.26, liquid, 6 recent news item(s)
2026-09-22 19:02:18,838 | S&P 500: refreshed constituent list (503 symbols).
2026-09-22 19:02:36,034 | S&P 500 liquidity backstop -> MU, NVDA, META, SNDK, AMD, INTC, AAPL, MSFT, TSLA, GOOGL, AMZN, AVGO, BE, GOOG, LITE, DELL, MRVL, QCOM, V, STX, CVX, PLTR, JPM, ORCL, NFLX, AMAT, LLY, WBD, TXN, ILMN, WDC, LRCX, XOM, PANW, JNJ, BRK.B, CSCO, MRNA, CRM, TMO, MRK, HOOD, CRWD, GEV, WMT, P, GS, MPC, AMGN, COST, COIN, MA, VLO, C, CAT, COHR, AZO, GILD, DHR, HCA, SCHW, UNP, UNH, GE, BAC, MS, MCK, KLAC, HONA, TJX, APP, IBM, ABBV, ADI, LIN, WFC, REGN, BKNG, HD, EBAY, ABT, ADP, PM, ETN, MDT, PG, DASH, WELL, PEP, KO, PSX, MPWR, NOW, BNY, PGR, ACN, PCAR, HON, COP, ADBE, DE, INTU, IQV, COF, TMUS, MCD, BA, SMCI, ORLY, ISRG, BLK, FTNT, ALL, ANET, ABNB, BMY, APH, CVS, EXPE, RTX, VZ, SWKS, GLW, VRTX, NKE, NEE, NXPI, FANG, AXP, AON, NEM, AEP, TRV, TER, GM, PH, CB, SYK, UBER, T, SO, DXCM, HLT, DIS, MRSH, HPE, MAR, CDNS, VRT, CIEN, WDAY, ROP, CMI, ROST, CSX, PYPL, STT, EQIX, BDX, PFE, VEEV, DDOG, WRB, LMT, WMB, CL, BSX, SHW, DAL, ELV, HWM, RSG, TDG, CARR, CAH, CTSH, LOW, AMP, VTR, ACGL, GD, SLB, DUK, TGT, SNPS, TT, TFC, NOC, TRGP, BKR, COR, RDDT, PNC, TEL, APD, PAYX, USB, OKE, CEG, MMM, URI, SBUX, TPR, ICE, FIX, CME, DVN, ON, KMI, MCHP, AMT, MDLZ, DHI, MLM, DLTR, MSI, VMRK, HBAN, JCI, FDX, CMCSA, NSC, RCL, PWR, A, ARES, UPS, EOG, CTAS, PLD, ADSK, FOXA, IR, MTD, NTAP, OTIS, TTWO, FCX, SPGI, OMC, CRH, KR, DLR, YUM, HUM, HPQ, APO, XEL, RMD, CNC, JBL, F, D, SYY, MCO, NVR, AFL, EME, MNST, ETR, CASY, AKAM, WM, EQT, LYV, FLEX, MO, GRMN, NUE, ECL, LHX, BX, LEN, ODFL, EMR, WAT, AIG, HIG, GWW, BG, DGX, FERG, CBRE, VMC, ADM, MSCI, IDXX, RVTY, ITW, KEYS, CTVA, SPG, FICO, WSM, MET, PTC, EW, VRSN, WEC, CI, JBHT, ULTA, RJF, AJG, KKR, CHTR, ROK, SRE, TYL, ECHO, EFX, AWK, STLD, STZ, KDP, PSA, HSY, EL, DG, FAST, GDDY, CF, DRI, NDAQ, EXE, AME, PCG, PEG, FFIV, BIIB, KVUE, FDXF, CCI, WAB, TSCO, EG, LH, KMB, CVNA, VST, LULU, AXON, BBY, RF, UAL, CDW, EXPD, CFG, EXC, CRL, FITB, OXY, KEY, DTE, XYL, NI, ALB, HAL, CPRT, CBOE, PHM, EXR, WST, GEN, CMS, TKO, MTB, SYF, ZBRA, VRSK, DOV, IBKR, APTV, O, CNP, GIS, GPN, CCL, FSLR, TECH, GEHC, VLTO, DECK, CHRW, INCY, HST, LYB, BR, PPG, CMG, BRO, WTW, LVS, ZTS, NRG, SW, ALLE, MAS, FISV, ROL, DPZ, NTRS, KHC, GNRC, ATO, RL, IT, HUBB, EIX, ED, Q, JKHY, TSN, PFG, ZBH, XYZ, LUV, ES, APA, CSGP, COO, PRU, SJM, AEE, FDS, CPAY, IRM, CLX, PODD, SBAC, BAX, UHS, DVA, LDOS, SNA, GPC, EVRG, STE, LNT, AVY, TPL, L, INVH, IFF, MKC, HII, SWK, TROW, LII, DOW, CINF, TRMB, DD, PPL, HAS, IP, TXT, MAA, CHD, J, PNR, TDY, NWSA, FE, PKG, BEN, FIS, MOS, VICI, AMCR, ALGN, FTV, IVZ, PNW, UDR, ESS, WYNN, BXP, MGM, DOC, IEX, FRT, NDSN, CPT, AIZ, VTRS, NCLH, ARE, BALL, HSIC
2026-09-22 19:02:36,037 | SCANNER: new watchlist -> VICR, MU, NVDA, META, SNDK, AMD, INTC, AAPL, MSFT, TSLA, GOOGL, AMZN, AVGO, BE, GOOG, LITE, DELL, MRVL, QCOM, V, STX, CVX, PLTR, JPM, ORCL, NFLX, AMAT, LLY, WBD, TXN, ILMN, WDC, LRCX, XOM, PANW, JNJ, BRK.B, CSCO, MRNA, CRM, TMO, MRK, HOOD, CRWD, GEV, WMT, P, GS, MPC, AMGN, COST, COIN, MA, VLO, C, CAT, COHR, AZO, GILD, DHR, HCA, SCHW, UNP, UNH, GE, BAC, MS, MCK, KLAC, HONA, TJX, APP, IBM, ABBV, ADI, LIN, WFC, REGN, BKNG, HD, EBAY, ABT, ADP, PM, ETN, MDT, PG, DASH, WELL, PEP, KO, PSX, MPWR, NOW, BNY, PGR, ACN, PCAR, HON, COP, ADBE, DE, INTU, IQV, COF, TMUS, MCD, BA, SMCI, ORLY, ISRG, BLK, FTNT, ALL, ANET, ABNB, BMY, APH, CVS, EXPE, RTX, VZ, SWKS, GLW, VRTX, NKE, NEE, NXPI, FANG, AXP, AON, NEM, AEP, TRV, TER, GM, PH, CB, SYK, UBER, T, SO, DXCM, HLT, DIS, MRSH, HPE, MAR, CDNS, VRT, CIEN, WDAY, ROP, CMI, ROST, CSX, PYPL, STT, EQIX, BDX, PFE, VEEV, DDOG, WRB, LMT, WMB, CL, BSX, SHW, DAL, ELV, HWM, RSG, TDG, CARR, CAH, CTSH, LOW, AMP, VTR, ACGL, GD, SLB, DUK, TGT, SNPS, TT, TFC, NOC, TRGP, BKR, COR, RDDT, PNC, TEL, APD, PAYX, USB, OKE, CEG, MMM, URI, SBUX, TPR, ICE, FIX, CME, DVN, ON, KMI, MCHP, AMT, MDLZ, DHI, MLM, DLTR, MSI, VMRK, HBAN, JCI, FDX, CMCSA, NSC, RCL, PWR, A, ARES, UPS, EOG, CTAS, PLD, ADSK, FOXA, IR, MTD, NTAP, OTIS, TTWO, FCX, SPGI, OMC, CRH, KR, DLR, YUM, HUM, HPQ, APO, XEL, RMD, CNC, JBL, F, D, SYY, MCO, NVR, AFL, EME, MNST, ETR, CASY, AKAM, WM, EQT, LYV, FLEX, MO, GRMN, NUE, ECL, LHX, BX, LEN, ODFL, EMR, WAT, AIG, HIG, GWW, BG, DGX, FERG, CBRE, VMC, ADM, MSCI, IDXX, RVTY, ITW, KEYS, CTVA, SPG, FICO, WSM, MET, PTC, EW, VRSN, WEC, CI, JBHT, ULTA, RJF, AJG, KKR, CHTR, ROK, SRE, TYL, ECHO, EFX, AWK, STLD, STZ, KDP, PSA, HSY, EL, DG, FAST, GDDY, CF, DRI, NDAQ, EXE, AME, PCG, PEG, FFIV, BIIB, KVUE, FDXF, CCI, WAB, TSCO, EG, LH, KMB, CVNA, VST, LULU, AXON, BBY, RF, UAL, CDW, EXPD, CFG, EXC, CRL, FITB, OXY, KEY, DTE, XYL, NI, ALB, HAL, CPRT, CBOE, PHM, EXR, WST, GEN, CMS, TKO, MTB, SYF, ZBRA, VRSK, DOV, IBKR, APTV, O, CNP, GIS, GPN, CCL, FSLR, TECH, GEHC, VLTO, DECK, CHRW, INCY, HST, LYB, BR, PPG, CMG, BRO, WTW, LVS, ZTS, NRG, SW, ALLE, MAS, FISV, ROL, DPZ, NTRS, KHC, GNRC, ATO, RL, IT, HUBB, EIX, ED, Q, JKHY, TSN, PFG, ZBH, XYZ, LUV, ES, APA, CSGP, COO, PRU, SJM, AEE, FDS, CPAY, IRM, CLX, PODD, SBAC, BAX, UHS, DVA, LDOS, SNA, GPC, EVRG, STE, LNT, AVY, TPL, L, INVH, IFF, MKC, HII, SWK, TROW, LII, DOW, CINF, TRMB, DD, PPL, HAS, IP, TXT, MAA, CHD, J, PNR, TDY, NWSA, FE, PKG, BEN, FIS, MOS, VICI, AMCR, ALGN, FTV, IVZ, PNW, UDR, ESS, WYNN, BXP, MGM, DOC, IEX, FRT, NDSN, CPT, AIZ, VTRS, NCLH, ARE, BALL, HSIC
2026-09-22 19:02:36,048 | Market is open (closes 2026-09-22 22:00:00 CEST your local time). Checking 491 symbols: A, AAPL, ABBV, ABNB, ABT, ACGL, ACN, ADBE, ADI, ADM, ADP, ADSK, AEE, AEP, AFL, AIG, AIZ, AJG, AKAM, ALB, ALGN, ALL, ALLE, AMAT, AMCR, AMD, AME, AMGN, AMP, AMT, AMZN, ANET, AON, APA, APD, APH, APO, APP, APTV, ARE, ARES, ATO, AVGO, AVY, AWK, AXON, AXP, AZO, BA, BAC, BALL, BAX, BBY, BDX, BE, BEN, BG, BIIB, BKNG, BKR, BLK, BMY, BNY, BR, BRK.B, BRO, BSX, BX, BXP, C, CAH, CARR, CASY, CAT, CB, CBOE, CBRE, CCI, CCL, CDNS, CDW, CEG, CF, CFG, CHD, CHRW, CHTR, CI, CIEN, CINF, CL, CLX, CMCSA, CME, CMG, CMI, CMS, CNC, CNP, COF, COHR, COIN, COO, COP, COR, COST, CPAY, CPRT, CPT, CRH, CRL, CRM, CRWD, CSCO, CSGP, CSX, CTAS, CTSH, CTVA, CVNA, CVS, CVX, D, DAL, DASH, DD, DDOG, DE, DECK, DELL, DG, DGX, DHI, DHR, DIS, DLR, DLTR, DOC, DOV, DOW, DPZ, DRI, DTE, DUK, DVA, DVN, DXCM, EBAY, ECHO, ECL, ED, EFX, EG, EIX, EL, ELV, EME, EMR, EOG, EQIX, EQT, ES, ESS, ETN, ETR, EVRG, EW, EXC, EXE, EXPD, EXPE, EXR, F, FANG, FAST, FCX, FDS, FDX, FDXF, FE, FERG, FFIV, FICO, FIS, FISV, FITB, FIX, FLEX, FOXA, FRT, FSLR, FTNT, FTV, GD, GDDY, GE, GEHC, GEN, GEV, GILD, GIS, GLW, GM, GNRC, GOOG, GOOGL, GPC, GPN, GRMN, GS, GWW, HAL, HAS, HBAN, HCA, HD, HIG, HII, HLT, HON, HONA, HOOD, HPE, HPQ, HSIC, HST, HSY, HUBB, HUM, HWM, IBKR, IBM, ICE, IDXX, IEX, IFF, ILMN, INCY, INTC, INTU, INVH, IP, IQV, IR, IRM, ISRG, IT, ITW, IVZ, J, JBHT, JBL, JCI, JKHY, JNJ, JPM, KDP, KEY, KEYS, KHC, KKR, KLAC, KMB, KMI, KO, KR, KVUE, L, LDOS, LEN, LH, LHX, LII, LIN, LITE, LLY, LMT, LNT, LOW, LRCX, LULU, LUV, LVS, LYB, LYV, MA, MAA, MAR, MAS, MCD, MCHP, MCK, MCO, MDLZ, MDT, MET, META, MGM, MKC, MLM, MMM, MNST, MO, MOS, MPC, MPWR, MRK, MRNA, MRSH, MRVL, MS, MSCI, MSFT, MSI, MTB, MTD, MU, NCLH, NDAQ, NDSN, NEE, NEM, NFLX, NI, NKE, NOC, NOW, NRG, NSC, NTAP, NTRS, NUE, NVDA, NVR, NWSA, NXPI, O, ODFL, OKE, OMC, ON, ORCL, ORLY, OTIS, OXY, P, PANW, PAYX, PCAR, PCG, PEG, PEP, PFE, PFG, PG, PGR, PH, PHM, PKG, PLD, PLTR, PM, PNC, PNR, PNW, PODD, PPG, PPL, PRU, PSA, PSX, PTC, PWR, PYPL, Q, QCOM, RCL, RDDT, REGN, RF, RJF, RL, RMD, ROK, ROL, ROP, ROST, RSG, RTX, RVTY, SBAC, SBUX, SCHW, SHW, SJM, SLB, SMCI, SNA, SNDK, SNPS, SO, SPG, SPGI, SRE, STE, STLD, STT, STX, STZ, SW, SWK, SWKS, SYF, SYK, SYY, T, TDG, TDY, TECH, TEL, TER, TFC, TGT, TJX, TKO, TMO, TMUS, TPL, TPR, TRGP, TRMB, TROW, TRV, TSCO, TSLA, TSN, TT, TTWO, TXN, TXT, TYL, UAL, UBER, UDR, UHS, ULTA, UNH, UNP, UPS, URI, USB, V, VEEV, VICI, VICR, VLO, VLTO, VMC, VMRK, VRSK, VRSN, VRT, VRTX, VST, VTR, VTRS, VZ, WAB, WAT, WBD, WDAY, WDC, WEC, WELL, WFC, WM, WMB, WMT, WRB, WSM, WST, WTW, WYNN, XEL, XOM, XYL, XYZ, YUM, ZBH, ZBRA, ZTS (within 90 min of close -- not enough runway left today for a new position)
2026-09-22 19:03:11,026 | [A] trending (ADX 45.8) -> trend-following strategy | Signal: HOLD | Shares held: 0.0 | Last price: $166.08
2026-09-22 19:03:11,026 | [A] ACTION: No trade.
2026-09-22 19:03:11,057 | [AAPL] trending (ADX 32.4) -> trend-following strategy | Signal: HOLD | Shares held: 0.0 | Last price: $340.26
2026-09-22 19:03:11,057 | [AAPL] ACTION: No trade.
2026-09-22 19:03:11,087 | [ABBV] choppy/sideways (ADX 15.8) -> mean-reversion strategy | Signal: HOLD | Shares held: 0.0 | Last price: $265.55
2026-09-22 19:03:11,087 | [ABBV] ACTION: No trade.
2026-09-22 19:03:11,127 | [ABNB] trending (ADX 36.4) -> trend-following strategy | Signal: HOLD | Shares held: 0.0 | Last price: $161.42
2026-09-22 19:03:11,127 | [ABNB] ACTION: No trade.
2026-09-22 19:03:11,157 | [ABT] trending (ADX 27.1) -> trend-following strategy | Signal: HOLD | Shares held: 0.0 | Last price: $104.18
2026-09-22 19:03:11,157 | [ABT] ACTION: No trade.
2026-09-22 19:03:11,197 | [ACGL] trending (ADX 36.5) -> trend-following strategy | Signal: HOLD | Shares held: 0.0 | Last price: $95.06
2026-09-22 19:03:11,198 | [ACGL] ACTION: No trade.
2026-09-22 19:03:11,236 | [ACN] choppy/sideways (ADX 10.5) -> mean-reversion strategy | Signal: HOLD | Shares held: 0.0 | Last price: $184.53
2026-09-22 19:03:11,236 | [ACN] ACTION: No trade.
2026-09-22 19:03:11,266 | [ADBE] choppy/sideways (ADX 21.6) -> mean-reversion strategy | Signal: HOLD | Shares held: 0.0 | Last price: $238.25
2026-09-22 19:03:11,266 | [ADBE] ACTION: No trade.
2026-09-22 19:03:11,304 | [ADI] trending (ADX 42.1) -> trend-following strategy | Signal: HOLD | Shares held: 0.0 | Last price: $386.78
2026-09-22 19:03:11,304 | [ADI] ACTION: No trade.
2026-09-22 19:03:11,345 | [ADM] choppy/sideways (ADX 22.6) -> mean-reversion strategy | Signal: HOLD | Shares held: 0.0 | Last price: $83.34
2026-09-22 19:03:11,345 | [ADM] ACTION: No trade.
2026-09-22 19:03:11,384 | [ADP] choppy/sideways (ADX 18.2) -> mean-reversion strategy | Signal: HOLD | Shares held: 0.0 | Last price: $269.39
2026-09-22 19:03:11,384 | [ADP] ACTION: No trade.
2026-09-22 19:03:11,424 | [ADSK] trending (ADX 25.4) -> trend-following strategy | Signal: HOLD | Shares held: 0.0 | Last price: $219.84
2026-09-22 19:03:11,424 | [ADSK] ACTION: No trade.
2026-09-22 19:03:11,463 | [AEE] choppy/sideways (ADX 22.3) -> mean-reversion strategy | Signal: HOLD | Shares held: 0.0 | Last price: $101.64
2026-09-22 19:03:11,463 | [AEE] ACTION: No trade.
2026-09-22 19:03:11,502 | [AEP] choppy/sideways (ADX 11.6) -> mean-reversion strategy | Signal: HOLD | Shares held: 0.0 | Last price: $120.17
2026-09-22 19:03:11,502 | [AEP] ACTION: No trade.
2026-09-22 19:03:11,542 | [AFL] choppy/sideways (ADX 16.9) -> mean-reversion strategy | Signal: HOLD | Shares held: 0.0 | Last price: $114.56
2026-09-22 19:03:11,542 | [AFL] ACTION: No trade.
2026-09-22 19:03:11,583 | [AIG] trending (ADX 29.4) -> trend-following strategy | Signal: HOLD | Shares held: 0.0 | Last price: $75.61
2026-09-22 19:03:11,583 | [AIG] ACTION: No trade.
2026-09-22 19:03:11,623 | [AIZ] trending (ADX 26.1) -> trend-following strategy | Signal: HOLD | Shares held: 0.0 | Last price: $274.53
2026-09-22 19:03:11,623 | [AIZ] ACTION: No trade.
2026-09-22 19:03:11,662 | [AJG] trending (ADX 40.9) -> trend-following strategy | Signal: HOLD | Shares held: 0.0 | Last price: $230.61
2026-09-22 19:03:11,662 | [AJG] ACTION: No trade.
2026-09-22 19:03:11,705 | [AKAM] trending (ADX 40.5) -> trend-following strategy | Signal: HOLD | Shares held: 0.0 | Last price: $117.84
2026-09-22 19:03:11,706 | [AKAM] ACTION: No trade.
2026-09-22 19:03:11,744 | [ALB] trending (ADX 28.7) -> trend-following strategy | Signal: HOLD | Shares held: 0.0 | Last price: $116.42
2026-09-22 19:03:11,744 | [ALB] ACTION: No trade.
2026-09-22 19:03:11,788 | [ALGN] trending (ADX 36.7) -> trend-following strategy | Signal: HOLD | Shares held: 0.0 | Last price: $152.29
2026-09-22 19:03:11,788 | [ALGN] ACTION: No trade.
2026-09-22 19:03:11,827 | [ALL] trending (ADX 60.2) -> trend-following strategy | Signal: HOLD | Shares held: 0.0 | Last price: $227.38
2026-09-22 19:03:11,827 | [ALL] ACTION: No trade.
2026-09-22 19:03:11,866 | [ALLE] trending (ADX 26.4) -> trend-following strategy | Signal: HOLD | Shares held: 0.0 | Last price: $154.15
2026-09-22 19:03:11,866 | [ALLE] ACTION: No trade.
2026-09-22 19:03:11,898 | [AMAT] trending (ADX 25.9) -> trend-following strategy | Signal: HOLD | Shares held: 0.0 | Last price: $468.63
2026-09-22 19:03:11,898 | [AMAT] ACTION: No trade.
2026-09-22 19:03:11,938 | [AMCR] trending (ADX 38.4) -> trend-following strategy | Signal: HOLD | Shares held: 0.0 | Last price: $43.09
2026-09-22 19:03:11,938 | [AMCR] ACTION: No trade.
2026-09-22 19:03:11,968 | [AMD] trending (ADX 27.8) -> trend-following strategy | Signal: HOLD | Shares held: 0.0 | Last price: $619.02
2026-09-22 19:03:11,968 | [AMD] ACTION: No trade.
2026-09-22 19:03:12,007 | [AME] trending (ADX 48.2) -> trend-following strategy | Signal: HOLD | Shares held: 0.0 | Last price: $245.05
2026-09-22 19:03:12,007 | [AME] ACTION: No trade.
2026-09-22 19:03:12,048 | [AMGN] trending (ADX 50.4) -> trend-following strategy | Signal: HOLD | Shares held: 0.0 | Last price: $409.63
2026-09-22 19:03:12,048 | [AMGN] ACTION: No trade.
2026-09-22 19:03:12,088 | [AMP] trending (ADX 32.3) -> trend-following strategy | Signal: HOLD | Shares held: 0.0 | Last price: $515.78
2026-09-22 19:03:12,088 | [AMP] ACTION: No trade.
2026-09-22 19:03:12,127 | [AMT] choppy/sideways (ADX 20.8) -> mean-reversion strategy | Signal: HOLD | Shares held: 0.0 | Last price: $175.54
2026-09-22 19:03:12,127 | [AMT] ACTION: No trade.
2026-09-22 19:03:12,158 | [AMZN] trending (ADX 31.2) -> trend-following strategy | Signal: HOLD | Shares held: 0.0 | Last price: $254.91
2026-09-22 19:03:12,158 | [AMZN] ACTION: No trade.
2026-09-22 19:03:12,201 | [ANET] choppy/sideways (ADX 19.3) -> mean-reversion strategy | Signal: HOLD | Shares held: 0.0 | Last price: $205.12
2026-09-22 19:03:12,201 | [ANET] ACTION: No trade.
2026-09-22 19:03:12,240 | [AON] trending (ADX 39.5) -> trend-following strategy | Signal: HOLD | Shares held: 0.0 | Last price: $286.27
2026-09-22 19:03:12,240 | [AON] ACTION: No trade.
2026-09-22 19:03:12,286 | [APA] trending (ADX 43.4) -> trend-following strategy | Signal: HOLD | Shares held: 0.0 | Last price: $42.77
2026-09-22 19:03:12,286 | [APA] ACTION: No trade.
2026-09-22 19:03:12,326 | [APD] trending (ADX 29.7) -> trend-following strategy | Signal: HOLD | Shares held: 0.0 | Last price: $287.39
2026-09-22 19:03:12,327 | [APD] ACTION: No trade.
2026-09-22 19:03:12,367 | [APH] trending (ADX 27.0) -> trend-following strategy | Signal: HOLD | Shares held: 0.0 | Last price: $82.78
2026-09-22 19:03:12,367 | [APH] ACTION: No trade.
2026-09-22 19:03:12,408 | [APO] choppy/sideways (ADX 18.7) -> mean-reversion strategy | Signal: HOLD | Shares held: 0.0 | Last price: $124.87
2026-09-22 19:03:12,408 | [APO] ACTION: No trade.
2026-09-22 19:03:12,450 | [APP] choppy/sideways (ADX 15.6) -> mean-reversion strategy | Signal: HOLD | Shares held: 0.0 | Last price: $326.70
2026-09-22 19:03:12,450 | [APP] ACTION: No trade.
2026-09-22 19:03:12,490 | [APTV] choppy/sideways (ADX 12.8) -> mean-reversion strategy | Signal: HOLD | Shares held: 0.0 | Last price: $44.63
2026-09-22 19:03:12,490 | [APTV] ACTION: No trade.
2026-09-22 19:03:12,529 | [ARE] choppy/sideways (ADX 13.4) -> mean-reversion strategy | Signal: HOLD | Shares held: 0.0 | Last price: $54.55
2026-09-22 19:03:12,529 | [ARE] ACTION: No trade.
2026-09-22 19:03:12,569 | [ARES] choppy/sideways (ADX 16.5) -> mean-reversion strategy | Signal: HOLD | Shares held: 0.0 | Last price: $125.81
2026-09-22 19:03:12,569 | [ARES] ACTION: No trade.
2026-09-22 19:03:12,607 | [ATO] trending (ADX 42.0) -> trend-following strategy | Signal: HOLD | Shares held: 0.0 | Last price: $158.31
2026-09-22 19:03:12,608 | [ATO] ACTION: No trade.
2026-09-22 19:03:12,638 | [AVGO] choppy/sideways (ADX 24.5) -> mean-reversion strategy | Signal: HOLD | Shares held: 0.0 | Last price: $364.24
2026-09-22 19:03:12,638 | [AVGO] ACTION: No trade.
2026-09-22 19:03:12,682 | [AVY] trending (ADX 30.6) -> trend-following strategy | Signal: HOLD | Shares held: 0.0 | Last price: $171.46
2026-09-22 19:03:12,682 | [AVY] ACTION: No trade.
2026-09-22 19:03:12,722 | [AWK] choppy/sideways (ADX 14.5) -> mean-reversion strategy | Signal: HOLD | Shares held: 0.0 | Last price: $134.09
2026-09-22 19:03:12,722 | [AWK] ACTION: No trade.
2026-09-22 19:03:12,761 | [AXON] trending (ADX 40.6) -> trend-following strategy | Signal: HOLD | Shares held: 0.0 | Last price: $458.21
2026-09-22 19:03:12,761 | [AXON] ACTION: No trade.
2026-09-22 19:03:12,790 | [AXP] trending (ADX 29.1) -> trend-following strategy | Signal: HOLD | Shares held: 0.0 | Last price: $305.96
2026-09-22 19:03:12,791 | [AXP] ACTION: No trade.
2026-09-22 19:03:12,829 | [AZO] choppy/sideways (ADX 12.9) -> mean-reversion strategy | Signal: HOLD | Shares held: 0.0 | Last price: $2923.67
2026-09-22 19:03:12,829 | [AZO] ACTION: No trade.
2026-09-22 19:03:12,860 | [BA] choppy/sideways (ADX 17.6) -> mean-reversion strategy | Signal: HOLD | Shares held: 0.0 | Last price: $198.10
2026-09-22 19:03:12,860 | [BA] ACTION: No trade.
2026-09-22 19:03:12,891 | [BAC] trending (ADX 38.5) -> trend-following strategy | Signal: HOLD | Shares held: 0.0 | Last price: $56.47
2026-09-22 19:03:12,891 | [BAC] ACTION: No trade.
2026-09-22 19:03:12,932 | [BALL] trending (ADX 25.7) -> trend-following strategy | Signal: HOLD | Shares held: 0.0 | Last price: $60.20
2026-09-22 19:03:12,932 | [BALL] ACTION: No trade.
2026-09-22 19:03:12,972 | [BAX] trending (ADX 44.5) -> trend-following strategy | Signal: HOLD | Shares held: 0.0 | Last price: $23.57
2026-09-22 19:03:12,972 | [BAX] ACTION: No trade.
2026-09-22 19:03:13,016 | [BBY] trending (ADX 29.0) -> trend-following strategy | Signal: HOLD | Shares held: 0.0 | Last price: $95.16
2026-09-22 19:03:13,016 | [BBY] ACTION: No trade.
2026-09-22 19:03:13,056 | [BDX] trending (ADX 39.0) -> trend-following strategy | Signal: HOLD | Shares held: 0.0 | Last price: $182.92
2026-09-22 19:03:13,056 | [BDX] ACTION: No trade.
2026-09-22 19:03:13,095 | [BE] choppy/sideways (ADX 14.2) -> mean-reversion strategy | Signal: HOLD | Shares held: 0.0 | Last price: $275.86
2026-09-22 19:03:13,095 | [BE] ACTION: No trade.
2026-09-22 19:03:13,135 | [BEN] trending (ADX 27.0) -> trend-following strategy | Signal: HOLD | Shares held: 0.0 | Last price: $33.26
2026-09-22 19:03:13,135 | [BEN] ACTION: No trade.
2026-09-22 19:03:13,174 | [BG] trending (ADX 28.3) -> trend-following strategy | Signal: HOLD | Shares held: 0.0 | Last price: $111.75
2026-09-22 19:03:13,174 | [BG] ACTION: No trade.
2026-09-22 19:03:13,215 | [BIIB] trending (ADX 25.1) -> trend-following strategy | Signal: HOLD | Shares held: 0.0 | Last price: $226.09
2026-09-22 19:03:13,215 | [BIIB] ACTION: No trade.
2026-09-22 19:03:13,245 | [BKNG] trending (ADX 30.3) -> trend-following strategy | Signal: HOLD | Shares held: 0.0 | Last price: $161.03
2026-09-22 19:03:13,245 | [BKNG] ACTION: No trade.
2026-09-22 19:03:13,284 | [BKR] choppy/sideways (ADX 20.0) -> mean-reversion strategy | Signal: HOLD | Shares held: 0.0 | Last price: $56.88
2026-09-22 19:03:13,284 | [BKR] ACTION: No trade.
2026-09-22 19:03:13,323 | [BLK] choppy/sideways (ADX 13.7) -> mean-reversion strategy | Signal: HOLD | Shares held: 0.0 | Last price: $1072.82
2026-09-22 19:03:13,323 | [BLK] ACTION: No trade.
2026-09-22 19:03:13,361 | [BMY] choppy/sideways (ADX 22.6) -> mean-reversion strategy | Signal: HOLD | Shares held: 0.0 | Last price: $62.52
2026-09-22 19:03:13,362 | [BMY] ACTION: No trade.
2026-09-22 19:03:13,401 | [BNY] choppy/sideways (ADX 17.8) -> mean-reversion strategy | Signal: HOLD | Shares held: 0.0 | Last price: $151.04
2026-09-22 19:03:13,401 | [BNY] ACTION: No trade.
2026-09-22 19:03:13,441 | [BR] choppy/sideways (ADX 12.9) -> mean-reversion strategy | Signal: HOLD | Shares held: 0.0 | Last price: $162.73
2026-09-22 19:03:13,441 | [BR] ACTION: No trade.
2026-09-22 19:03:13,480 | [BRK.B] trending (ADX 26.5) -> trend-following strategy | Signal: HOLD | Shares held: 0.0 | Last price: $504.00
2026-09-22 19:03:13,480 | [BRK.B] ACTION: No trade.
2026-09-22 19:03:13,520 | [BRO] trending (ADX 37.7) -> trend-following strategy | Signal: HOLD | Shares held: 0.0 | Last price: $62.46
2026-09-22 19:03:13,520 | [BRO] ACTION: No trade.
2026-09-22 19:03:13,559 | [BSX] Gap Pattern (Type A) continuation, gap held and extended | Signal: BUY | Shares held: 0.0 | Last price: $44.77
2026-09-22 19:03:13,559 | [BSX] ACTION: No trade (within 90 min of close -- not enough runway left today for a new position).
2026-09-22 19:03:13,599 | [BX] choppy/sideways (ADX 15.9) -> mean-reversion strategy | Signal: HOLD | Shares held: 0.0 | Last price: $124.68
2026-09-22 19:03:13,599 | [BX] ACTION: No trade.
2026-09-22 19:03:13,637 | [BXP] choppy/sideways (ADX 9.5) -> mean-reversion strategy | Signal: HOLD | Shares held: 0.0 | Last price: $63.96
2026-09-22 19:03:13,637 | [BXP] ACTION: No trade.
2026-09-22 19:03:13,667 | [C] choppy/sideways (ADX 24.2) -> mean-reversion strategy | Signal: HOLD | Shares held: 0.0 | Last price: $132.75
2026-09-22 19:03:13,667 | [C] ACTION: No trade.
2026-09-22 19:03:13,706 | [CAH] choppy/sideways (ADX 23.3) -> mean-reversion strategy | Signal: HOLD | Shares held: 0.0 | Last price: $222.28
2026-09-22 19:03:13,706 | [CAH] ACTION: No trade.
2026-09-22 19:03:13,744 | [CARR] choppy/sideways (ADX 20.7) -> mean-reversion strategy | Signal: HOLD | Shares held: 0.0 | Last price: $55.09
2026-09-22 19:03:13,744 | [CARR] ACTION: No trade.
2026-09-22 19:03:13,783 | [CASY] choppy/sideways (ADX 22.2) -> mean-reversion strategy | Signal: HOLD | Shares held: 0.0 | Last price: $585.57
2026-09-22 19:03:13,783 | [CASY] ACTION: No trade.
2026-09-22 19:03:13,814 | [CAT] trending (ADX 28.1) -> trend-following strategy | Signal: HOLD | Shares held: 0.0 | Last price: $806.00
2026-09-22 19:03:13,814 | [CAT] ACTION: No trade.
2026-09-22 19:03:13,853 | [CB] choppy/sideways (ADX 24.3) -> mean-reversion strategy | Signal: HOLD | Shares held: 0.0 | Last price: $336.58
2026-09-22 19:03:13,853 | [CB] ACTION: No trade.
2026-09-22 19:03:13,897 | [CBOE] trending (ADX 27.0) -> trend-following strategy | Signal: HOLD | Shares held: 0.0 | Last price: $266.00
2026-09-22 19:03:13,897 | [CBOE] ACTION: No trade.
2026-09-22 19:03:13,937 | [CBRE] choppy/sideways (ADX 18.0) -> mean-reversion strategy | Signal: HOLD | Shares held: 0.0 | Last price: $140.71
2026-09-22 19:03:13,938 | [CBRE] ACTION: No trade.
2026-09-22 19:03:13,976 | [CCI] choppy/sideways (ADX 15.1) -> mean-reversion strategy | Signal: HOLD | Shares held: 0.0 | Last price: $72.64
2026-09-22 19:03:13,977 | [CCI] ACTION: No trade.
2026-09-22 19:03:14,016 | [CCL] choppy/sideways (ADX 24.2) -> mean-reversion strategy | Signal: HOLD | Shares held: 0.0 | Last price: $22.30
2026-09-22 19:03:14,016 | [CCL] ACTION: No trade.
2026-09-22 19:03:14,058 | [CDNS] trending (ADX 63.8) -> trend-following strategy | Signal: HOLD | Shares held: 0.0 | Last price: $303.50
2026-09-22 19:03:14,058 | [CDNS] ACTION: No trade.
2026-09-22 19:03:14,098 | [CDW] choppy/sideways (ADX 19.9) -> mean-reversion strategy | Signal: HOLD | Shares held: 0.0 | Last price: $147.93
2026-09-22 19:03:14,098 | [CDW] ACTION: No trade.
2026-09-22 19:03:14,139 | [CEG] choppy/sideways (ADX 11.5) -> mean-reversion strategy | Signal: HOLD | Shares held: 0.0 | Last price: $263.97
2026-09-22 19:03:14,140 | [CEG] ACTION: No trade.
2026-09-22 19:03:14,180 | [CF] trending (ADX 46.3) -> trend-following strategy | Signal: HOLD | Shares held: 0.0 | Last price: $121.78
2026-09-22 19:03:14,180 | [CF] ACTION: No trade.
2026-09-22 19:03:14,220 | [CFG] trending (ADX 36.7) -> trend-following strategy | Signal: HOLD | Shares held: 0.0 | Last price: $65.78
2026-09-22 19:03:14,220 | [CFG] ACTION: No trade.
2026-09-22 19:03:14,260 | [CHD] choppy/sideways (ADX 21.3) -> mean-reversion strategy | Signal: HOLD | Shares held: 0.0 | Last price: $96.17
2026-09-22 19:03:14,260 | [CHD] ACTION: No trade.
2026-09-22 19:03:14,299 | [CHRW] trending (ADX 30.4) -> trend-following strategy | Signal: HOLD | Shares held: 0.0 | Last price: $148.76
2026-09-22 19:03:14,299 | [CHRW] ACTION: No trade.
2026-09-22 19:03:14,339 | [CHTR] trending (ADX 39.1) -> trend-following strategy | Signal: HOLD | Shares held: 0.0 | Last price: $118.19
2026-09-22 19:03:14,339 | [CHTR] ACTION: No trade.
2026-09-22 19:03:14,379 | [CI] choppy/sideways (ADX 17.0) -> mean-reversion strategy | Signal: HOLD | Shares held: 0.0 | Last price: $274.74
2026-09-22 19:03:14,379 | [CI] ACTION: No trade.
2026-09-22 19:03:14,419 | [CIEN] trending (ADX 28.7) -> trend-following strategy | Signal: HOLD | Shares held: 0.0 | Last price: $369.64
2026-09-22 19:03:14,419 | [CIEN] ACTION: No trade.
2026-09-22 19:03:14,459 | [CINF] trending (ADX 31.7) -> trend-following strategy | Signal: HOLD | Shares held: 0.0 | Last price: $165.89
2026-09-22 19:03:14,460 | [CINF] ACTION: No trade.
2026-09-22 19:03:14,501 | [CL] choppy/sideways (ADX 14.1) -> mean-reversion strategy | Signal: HOLD | Shares held: 0.0 | Last price: $87.02
2026-09-22 19:03:14,501 | [CL] ACTION: No trade.
2026-09-22 19:03:14,543 | [CLX] trending (ADX 27.4) -> trend-following strategy | Signal: HOLD | Shares held: 0.0 | Last price: $87.02
2026-09-22 19:03:14,543 | [CLX] ACTION: No trade.
2026-09-22 19:03:14,585 | [CMCSA] choppy/sideways (ADX 19.4) -> mean-reversion strategy | Signal: HOLD | Shares held: 0.0 | Last price: $22.39
2026-09-22 19:03:14,585 | [CMCSA] ACTION: No trade.
2026-09-22 19:03:14,628 | [CME] trending (ADX 46.5) -> trend-following strategy | Signal: HOLD | Shares held: 0.0 | Last price: $268.55
2026-09-22 19:03:14,628 | [CME] ACTION: No trade.
2026-09-22 19:03:14,669 | [CMG] choppy/sideways (ADX 12.7) -> mean-reversion strategy | Signal: HOLD | Shares held: 0.0 | Last price: $32.95
2026-09-22 19:03:14,669 | [CMG] ACTION: No trade.
2026-09-22 19:03:14,709 | [CMI] trending (ADX 31.0) -> trend-following strategy | Signal: HOLD | Shares held: 0.0 | Last price: $522.74
2026-09-22 19:03:14,709 | [CMI] ACTION: No trade.
2026-09-22 19:03:14,747 | [CMS] trending (ADX 29.7) -> trend-following strategy | Signal: HOLD | Shares held: 0.0 | Last price: $64.40
2026-09-22 19:03:14,747 | [CMS] ACTION: No trade.
2026-09-22 19:03:14,786 | [CNC] trending (ADX 30.7) -> trend-following strategy | Signal: HOLD | Shares held: 0.0 | Last price: $63.70
2026-09-22 19:03:14,786 | [CNC] ACTION: No trade.
2026-09-22 19:03:14,824 | [CNP] choppy/sideways (ADX 23.0) -> mean-reversion strategy | Signal: HOLD | Shares held: 0.0 | Last price: $37.87
2026-09-22 19:03:14,824 | [CNP] ACTION: No trade.
2026-09-22 19:03:14,862 | [COF] choppy/sideways (ADX 20.6) -> mean-reversion strategy | Signal: HOLD | Shares held: 0.0 | Last price: $201.28
2026-09-22 19:03:14,863 | [COF] ACTION: No trade.
2026-09-22 19:03:14,904 | [COHR] trending (ADX 30.5) -> trend-following strategy | Signal: HOLD | Shares held: 0.0 | Last price: $306.74
2026-09-22 19:03:14,904 | [COHR] ACTION: No trade.
2026-09-22 19:03:14,935 | [COIN] choppy/sideways (ADX 20.1) -> mean-reversion strategy | Signal: HOLD | Shares held: 0.0 | Last price: $201.77
2026-09-22 19:03:14,935 | [COIN] ACTION: No trade.
2026-09-22 19:03:14,975 | [COO] choppy/sideways (ADX 15.7) -> mean-reversion strategy | Signal: HOLD | Shares held: 0.0 | Last price: $55.09
2026-09-22 19:03:14,975 | [COO] ACTION: No trade.
2026-09-22 19:03:15,005 | [COP] trending (ADX 42.4) -> trend-following strategy | Signal: HOLD | Shares held: 0.0 | Last price: $126.08
2026-09-22 19:03:15,005 | [COP] ACTION: No trade.
2026-09-22 19:03:15,044 | [COR] trending (ADX 26.3) -> trend-following strategy | Signal: HOLD | Shares held: 0.0 | Last price: $314.88
2026-09-22 19:03:15,044 | [COR] ACTION: No trade.
2026-09-22 19:03:15,074 | [COST] choppy/sideways (ADX 17.5) -> mean-reversion strategy | Signal: HOLD | Shares held: 0.0 | Last price: $900.00
2026-09-22 19:03:15,074 | [COST] ACTION: No trade.
2026-09-22 19:03:15,148 | [CPAY] trending (ADX 34.8) -> trend-following strategy | Signal: HOLD | Shares held: 0.0 | Last price: $392.19
2026-09-22 19:03:15,148 | [CPAY] ACTION: No trade.
2026-09-22 19:03:15,187 | [CPRT] choppy/sideways (ADX 12.5) -> mean-reversion strategy | Signal: HOLD | Shares held: 0.0 | Last price: $28.82
2026-09-22 19:03:15,187 | [CPRT] ACTION: No trade.
2026-09-22 19:03:15,227 | [CPT] choppy/sideways (ADX 21.2) -> mean-reversion strategy | Signal: HOLD | Shares held: 0.0 | Last price: $99.42
2026-09-22 19:03:15,227 | [CPT] ACTION: No trade.
2026-09-22 19:03:15,266 | [CRH] trending (ADX 43.4) -> trend-following strategy | Signal: HOLD | Shares held: 0.0 | Last price: $87.76
2026-09-22 19:03:15,266 | [CRH] ACTION: No trade.
2026-09-22 19:03:15,304 | [CRL] trending (ADX 39.5) -> trend-following strategy | Signal: HOLD | Shares held: 0.0 | Last price: $286.28
2026-09-22 19:03:15,305 | [CRL] ACTION: No trade.
2026-09-22 19:03:15,334 | [CRM] choppy/sideways (ADX 13.0) -> mean-reversion strategy | Signal: HOLD | Shares held: 0.0 | Last price: $232.42
2026-09-22 19:03:15,335 | [CRM] ACTION: No trade.
2026-09-22 19:03:15,378 | [CRWD] choppy/sideways (ADX 13.4) -> mean-reversion strategy | Signal: HOLD | Shares held: 0.0 | Last price: $248.55
2026-09-22 19:03:15,378 | [CRWD] ACTION: No trade.
2026-09-22 19:03:15,408 | [CSCO] trending (ADX 45.1) -> trend-following strategy | Signal: HOLD | Shares held: 0.0 | Last price: $106.05
2026-09-22 19:03:15,408 | [CSCO] ACTION: No trade.
2026-09-22 19:03:15,454 | [CSGP] choppy/sideways (ADX 22.9) -> mean-reversion strategy | Signal: HOLD | Shares held: 0.0 | Last price: $28.73
2026-09-22 19:03:15,454 | [CSGP] ACTION: No trade.
2026-09-22 19:03:15,493 | [CSX] choppy/sideways (ADX 20.2) -> mean-reversion strategy | Signal: HOLD | Shares held: 0.0 | Last price: $46.45
2026-09-22 19:03:15,493 | [CSX] ACTION: No trade.
2026-09-22 19:03:15,534 | [CTAS] choppy/sideways (ADX 10.9) -> mean-reversion strategy | Signal: HOLD | Shares held: 0.0 | Last price: $197.68
2026-09-22 19:03:15,534 | [CTAS] ACTION: No trade.
2026-09-22 19:03:15,572 | [CTSH] choppy/sideways (ADX 19.3) -> mean-reversion strategy | Signal: HOLD | Shares held: 0.0 | Last price: $58.90
2026-09-22 19:03:15,572 | [CTSH] ACTION: No trade.
2026-09-22 19:03:15,612 | [CTVA] trending (ADX 34.3) -> trend-following strategy | Signal: HOLD | Shares held: 0.0 | Last price: $81.23
2026-09-22 19:03:15,613 | [CTVA] ACTION: No trade.
2026-09-22 19:03:15,652 | [CVNA] choppy/sideways (ADX 14.9) -> mean-reversion strategy | Signal: HOLD | Shares held: 0.0 | Last price: $66.26
2026-09-22 19:03:15,652 | [CVNA] ACTION: No trade.
2026-09-22 19:03:15,690 | [CVS] choppy/sideways (ADX 14.0) -> mean-reversion strategy | Signal: HOLD | Shares held: 0.0 | Last price: $87.35
2026-09-22 19:03:15,690 | [CVS] ACTION: No trade.
2026-09-22 19:03:15,721 | [CVX] trending (ADX 30.8) -> trend-following strategy | Signal: HOLD | Shares held: 0.0 | Last price: $203.04
2026-09-22 19:03:15,721 | [CVX] ACTION: No trade.
2026-09-22 19:03:15,761 | [D] choppy/sideways (ADX 17.9) -> mean-reversion strategy | Signal: HOLD | Shares held: 0.0 | Last price: $62.62
2026-09-22 19:03:15,761 | [D] ACTION: No trade.
2026-09-22 19:03:15,801 | [DAL] trending (ADX 44.0) -> trend-following strategy | Signal: HOLD | Shares held: 0.0 | Last price: $83.40
2026-09-22 19:03:15,801 | [DAL] ACTION: No trade.
2026-09-22 19:03:15,841 | [DASH] choppy/sideways (ADX 12.9) -> mean-reversion strategy | Signal: HOLD | Shares held: 0.0 | Last price: $192.69
2026-09-22 19:03:15,841 | [DASH] ACTION: No trade.
2026-09-22 19:03:15,881 | [DD] trending (ADX 31.0) -> trend-following strategy | Signal: HOLD | Shares held: 0.0 | Last price: $131.61
2026-09-22 19:03:15,881 | [DD] ACTION: No trade.
2026-09-22 19:03:15,924 | [DDOG] trending (ADX 51.3) -> trend-following strategy | Signal: HOLD | Shares held: 0.0 | Last price: $248.86
2026-09-22 19:03:15,925 | [DDOG] ACTION: No trade.
2026-09-22 19:03:15,964 | [DE] trending (ADX 33.7) -> trend-following strategy | Signal: HOLD | Shares held: 0.0 | Last price: $699.01
2026-09-22 19:03:15,964 | [DE] ACTION: No trade.
2026-09-22 19:03:16,004 | [DECK] choppy/sideways (ADX 16.8) -> mean-reversion strategy | Signal: HOLD | Shares held: 0.0 | Last price: $79.78
2026-09-22 19:03:16,005 | [DECK] ACTION: No trade.
2026-09-22 19:03:16,044 | [DELL] trending (ADX 42.8) -> trend-following strategy | Signal: HOLD | Shares held: 0.0 | Last price: $552.49
2026-09-22 19:03:16,044 | [DELL] ACTION: No trade.
2026-09-22 19:03:16,084 | [DG] choppy/sideways (ADX 16.4) -> mean-reversion strategy | Signal: HOLD | Shares held: 0.0 | Last price: $124.31
2026-09-22 19:03:16,085 | [DG] ACTION: No trade.
2026-09-22 19:03:16,125 | [DGX] trending (ADX 43.4) -> trend-following strategy | Signal: HOLD | Shares held: 0.0 | Last price: $236.32
2026-09-22 19:03:16,125 | [DGX] ACTION: No trade.
2026-09-22 19:03:16,167 | [DHI] Gap Pattern (Type A) continuation, gap held and extended | Signal: BUY | Shares held: 0.0 | Last price: $143.95
2026-09-22 19:03:16,167 | [DHI] ACTION: No trade (within 90 min of close -- not enough runway left today for a new position).
2026-09-22 19:03:16,196 | [DHR] trending (ADX 43.0) -> trend-following strategy | Signal: HOLD | Shares held: 0.0 | Last price: $220.71
2026-09-22 19:03:16,197 | [DHR] ACTION: No trade.
2026-09-22 19:03:16,226 | [DIS] choppy/sideways (ADX 15.4) -> mean-reversion strategy | Signal: HOLD | Shares held: 0.0 | Last price: $103.43
2026-09-22 19:03:16,226 | [DIS] ACTION: No trade.
2026-09-22 19:03:16,267 | [DLR] choppy/sideways (ADX 17.9) -> mean-reversion strategy | Signal: HOLD | Shares held: 0.0 | Last price: $186.18
2026-09-22 19:03:16,267 | [DLR] ACTION: No trade.
2026-09-22 19:03:16,306 | [DLTR] trending (ADX 31.2) -> trend-following strategy | Signal: HOLD | Shares held: 0.0 | Last price: $116.36
2026-09-22 19:03:16,306 | [DLTR] ACTION: No trade.
2026-09-22 19:03:16,345 | [DOC] choppy/sideways (ADX 19.8) -> mean-reversion strategy | Signal: HOLD | Shares held: 0.0 | Last price: $20.66
2026-09-22 19:03:16,345 | [DOC] ACTION: No trade.
2026-09-22 19:03:16,386 | [DOV] choppy/sideways (ADX 15.8) -> mean-reversion strategy | Signal: HOLD | Shares held: 0.0 | Last price: $186.48
2026-09-22 19:03:16,386 | [DOV] ACTION: No trade.
2026-09-22 19:03:16,429 | [DOW] choppy/sideways (ADX 14.0) -> mean-reversion strategy | Signal: HOLD | Shares held: 0.0 | Last price: $28.16
2026-09-22 19:03:16,429 | [DOW] ACTION: No trade.
2026-09-22 19:03:16,468 | [DPZ] choppy/sideways (ADX 13.0) -> mean-reversion strategy | Signal: HOLD | Shares held: 0.0 | Last price: $296.76
2026-09-22 19:03:16,468 | [DPZ] ACTION: No trade.
2026-09-22 19:03:16,506 | [DRI] trending (ADX 33.1) -> trend-following strategy | Signal: HOLD | Shares held: 0.0 | Last price: $214.12
2026-09-22 19:03:16,506 | [DRI] ACTION: No trade.
2026-09-22 19:03:16,548 | [DTE] trending (ADX 33.8) -> trend-following strategy | Signal: HOLD | Shares held: 0.0 | Last price: $125.82
2026-09-22 19:03:16,548 | [DTE] ACTION: No trade.
2026-09-22 19:03:16,590 | [DUK] trending (ADX 28.7) -> trend-following strategy | Signal: HOLD | Shares held: 0.0 | Last price: $116.45
2026-09-22 19:03:16,590 | [DUK] ACTION: No trade.
2026-09-22 19:03:16,630 | [DVA] choppy/sideways (ADX 11.1) -> mean-reversion strategy | Signal: HOLD | Shares held: 0.0 | Last price: $184.38
2026-09-22 19:03:16,630 | [DVA] ACTION: No trade.
2026-09-22 19:03:16,678 | [DVN] trending (ADX 33.1) -> trend-following strategy | Signal: HOLD | Shares held: 0.0 | Last price: $47.12
2026-09-22 19:03:16,678 | [DVN] ACTION: No trade.
2026-09-22 19:03:16,717 | [DXCM] choppy/sideways (ADX 20.0) -> mean-reversion strategy | Signal: HOLD | Shares held: 0.0 | Last price: $90.17
2026-09-22 19:03:16,717 | [DXCM] ACTION: No trade.
2026-09-22 19:03:16,756 | [EBAY] trending (ADX 25.5) -> trend-following strategy | Signal: HOLD | Shares held: 0.0 | Last price: $109.69
2026-09-22 19:03:16,756 | [EBAY] ACTION: No trade.
2026-09-22 19:03:16,795 | [ECHO] choppy/sideways (ADX 18.9) -> mean-reversion strategy | Signal: HOLD | Shares held: 0.0 | Last price: $95.50
2026-09-22 19:03:16,795 | [ECHO] ACTION: No trade.
2026-09-22 19:03:16,836 | [ECL] trending (ADX 43.7) -> trend-following strategy | Signal: HOLD | Shares held: 0.0 | Last price: $275.52
2026-09-22 19:03:16,836 | [ECL] ACTION: No trade.
2026-09-22 19:03:16,875 | [ED] trending (ADX 39.9) -> trend-following strategy | Signal: HOLD | Shares held: 0.0 | Last price: $103.85
2026-09-22 19:03:16,875 | [ED] ACTION: No trade.
2026-09-22 19:03:16,915 | [EFX] choppy/sideways (ADX 10.1) -> mean-reversion strategy | Signal: HOLD | Shares held: 0.0 | Last price: $159.50
2026-09-22 19:03:16,915 | [EFX] ACTION: No trade.
2026-09-22 19:03:16,956 | [EG] choppy/sideways (ADX 16.7) -> mean-reversion strategy | Signal: HOLD | Shares held: 0.0 | Last price: $370.28
2026-09-22 19:03:16,956 | [EG] ACTION: No trade.
2026-09-22 19:03:16,997 | [EIX] choppy/sideways (ADX 15.8) -> mean-reversion strategy | Signal: HOLD | Shares held: 0.0 | Last price: $55.62
2026-09-22 19:03:16,997 | [EIX] ACTION: No trade.
2026-09-22 19:03:17,036 | [EL] trending (ADX 43.9) -> trend-following strategy | Signal: HOLD | Shares held: 0.0 | Last price: $99.71
2026-09-22 19:03:17,036 | [EL] ACTION: No trade.
2026-09-22 19:03:17,074 | [ELV] choppy/sideways (ADX 15.8) -> mean-reversion strategy | Signal: HOLD | Shares held: 0.0 | Last price: $403.07
2026-09-22 19:03:17,074 | [ELV] ACTION: No trade.
2026-09-22 19:03:17,113 | [EME] choppy/sideways (ADX 10.5) -> mean-reversion strategy | Signal: HOLD | Shares held: 0.0 | Last price: $753.51
2026-09-22 19:03:17,113 | [EME] ACTION: No trade.
2026-09-22 19:03:17,154 | [EMR] trending (ADX 55.5) -> trend-following strategy | Signal: HOLD | Shares held: 0.0 | Last price: $154.94
2026-09-22 19:03:17,154 | [EMR] ACTION: No trade.
2026-09-22 19:03:17,195 | [EOG] trending (ADX 34.6) -> trend-following strategy | Signal: HOLD | Shares held: 0.0 | Last price: $140.30
2026-09-22 19:03:17,195 | [EOG] ACTION: No trade.
2026-09-22 19:03:17,235 | [EQIX] trending (ADX 27.8) -> trend-following strategy | Signal: HOLD | Shares held: 0.0 | Last price: $1064.09
2026-09-22 19:03:17,235 | [EQIX] ACTION: No trade.
2026-09-22 19:03:17,276 | [EQT] trending (ADX 28.2) -> trend-following strategy | Signal: HOLD | Shares held: 0.0 | Last price: $51.15
2026-09-22 19:03:17,276 | [EQT] ACTION: No trade.
2026-09-22 19:03:17,317 | [ES] trending (ADX 33.0) -> trend-following strategy | Signal: HOLD | Shares held: 0.0 | Last price: $66.44
2026-09-22 19:03:17,317 | [ES] ACTION: No trade.
2026-09-22 19:03:17,358 | [ESS] trending (ADX 43.3) -> trend-following strategy | Signal: HOLD | Shares held: 0.0 | Last price: $274.79
2026-09-22 19:03:17,358 | [ESS] ACTION: No trade.
2026-09-22 19:03:17,396 | [ETN] trending (ADX 33.0) -> trend-following strategy | Signal: HOLD | Shares held: 0.0 | Last price: $441.23
2026-09-22 19:03:17,396 | [ETN] ACTION: No trade.
2026-09-22 19:03:17,435 | [ETR] choppy/sideways (ADX 13.3) -> mean-reversion strategy | Signal: HOLD | Shares held: 0.0 | Last price: $101.18
2026-09-22 19:03:17,435 | [ETR] ACTION: No trade.
2026-09-22 19:03:17,472 | [EVRG] choppy/sideways (ADX 20.7) -> mean-reversion strategy | Signal: HOLD | Shares held: 0.0 | Last price: $79.64
2026-09-22 19:03:17,473 | [EVRG] ACTION: No trade.
2026-09-22 19:03:17,511 | [EW] choppy/sideways (ADX 20.7) -> mean-reversion strategy | Signal: HOLD | Shares held: 0.0 | Last price: $89.03
2026-09-22 19:03:17,511 | [EW] ACTION: No trade.
2026-09-22 19:03:17,551 | [EXC] choppy/sideways (ADX 23.5) -> mean-reversion strategy | Signal: HOLD | Shares held: 0.0 | Last price: $41.81
2026-09-22 19:03:17,551 | [EXC] ACTION: No trade.
2026-09-22 19:03:17,591 | [EXE] choppy/sideways (ADX 13.5) -> mean-reversion strategy | Signal: HOLD | Shares held: 0.0 | Last price: $87.45
2026-09-22 19:03:17,591 | [EXE] ACTION: No trade.
2026-09-22 19:03:17,633 | [EXPD] trending (ADX 37.9) -> trend-following strategy | Signal: HOLD | Shares held: 0.0 | Last price: $187.00
2026-09-22 19:03:17,633 | [EXPD] ACTION: No trade.
2026-09-22 19:03:17,674 | [EXPE] trending (ADX 25.9) -> trend-following strategy | Signal: HOLD | Shares held: 0.0 | Last price: $267.44
2026-09-22 19:03:17,674 | [EXPE] ACTION: No trade.
2026-09-22 19:03:17,715 | [EXR] trending (ADX 25.5) -> trend-following strategy | Signal: HOLD | Shares held: 0.0 | Last price: $135.88
2026-09-22 19:03:17,715 | [EXR] ACTION: No trade.
2026-09-22 19:03:17,758 | [F] choppy/sideways (ADX 10.0) -> mean-reversion strategy | Signal: HOLD | Shares held: 0.0 | Last price: $13.06
2026-09-22 19:03:17,758 | [F] ACTION: No trade.
2026-09-22 19:03:17,802 | [FANG] trending (ADX 25.1) -> trend-following strategy | Signal: HOLD | Shares held: 0.0 | Last price: $185.75
2026-09-22 19:03:17,802 | [FANG] ACTION: No trade.
2026-09-22 19:03:17,849 | [FAST] trending (ADX 34.7) -> trend-following strategy | Signal: HOLD | Shares held: 0.0 | Last price: $49.84
2026-09-22 19:03:17,849 | [FAST] ACTION: No trade.
2026-09-22 19:03:17,895 | [FCX] trending (ADX 46.7) -> trend-following strategy | Signal: HOLD | Shares held: 0.0 | Last price: $74.51
2026-09-22 19:03:17,895 | [FCX] ACTION: No trade.
2026-09-22 19:03:17,939 | [FDS] choppy/sideways (ADX 21.9) -> mean-reversion strategy | Signal: HOLD | Shares held: 0.0 | Last price: $278.81
2026-09-22 19:03:17,939 | [FDS] ACTION: No trade.
2026-09-22 19:03:17,980 | [FDX] choppy/sideways (ADX 12.5) -> mean-reversion strategy | Signal: HOLD | Shares held: 0.0 | Last price: $296.05
2026-09-22 19:03:17,980 | [FDX] ACTION: No trade.
2026-09-22 19:03:18,021 | [FDXF] choppy/sideways (ADX 20.7) -> mean-reversion strategy | Signal: HOLD | Shares held: 0.0 | Last price: $119.38
2026-09-22 19:03:18,021 | [FDXF] ACTION: No trade.
2026-09-22 19:03:18,065 | [FE] choppy/sideways (ADX 21.8) -> mean-reversion strategy | Signal: HOLD | Shares held: 0.0 | Last price: $44.90
2026-09-22 19:03:18,065 | [FE] ACTION: No trade.
2026-09-22 19:03:18,105 | [FERG] trending (ADX 41.0) -> trend-following strategy | Signal: HOLD | Shares held: 0.0 | Last price: $220.83
2026-09-22 19:03:18,105 | [FERG] ACTION: No trade.
2026-09-22 19:03:18,145 | [FFIV] choppy/sideways (ADX 24.4) -> mean-reversion strategy | Signal: HOLD | Shares held: 0.0 | Last price: $451.00
2026-09-22 19:03:18,145 | [FFIV] ACTION: No trade.
2026-09-22 19:03:18,186 | [FICO] choppy/sideways (ADX 11.4) -> mean-reversion strategy | Signal: HOLD | Shares held: 0.0 | Last price: $922.15
2026-09-22 19:03:18,186 | [FICO] ACTION: No trade.
2026-09-22 19:03:18,235 | [FIS] choppy/sideways (ADX 22.8) -> mean-reversion strategy | Signal: HOLD | Shares held: 0.0 | Last price: $34.87
2026-09-22 19:03:18,235 | [FIS] ACTION: No trade.
2026-09-22 19:03:18,275 | [FISV] choppy/sideways (ADX 15.2) -> mean-reversion strategy | Signal: HOLD | Shares held: 0.0 | Last price: $45.91
2026-09-22 19:03:18,275 | [FISV] ACTION: No trade.
2026-09-22 19:03:18,315 | [FITB] choppy/sideways (ADX 14.9) -> mean-reversion strategy | Signal: HOLD | Shares held: 0.0 | Last price: $52.77
2026-09-22 19:03:18,315 | [FITB] ACTION: No trade.
2026-09-22 19:03:18,354 | [FIX] choppy/sideways (ADX 13.8) -> mean-reversion strategy | Signal: HOLD | Shares held: 0.0 | Last price: $1619.86
2026-09-22 19:03:18,354 | [FIX] ACTION: No trade.
2026-09-22 19:03:18,393 | [FLEX] trending (ADX 26.7) -> trend-following strategy | Signal: HOLD | Shares held: 0.0 | Last price: $113.51
2026-09-22 19:03:18,393 | [FLEX] ACTION: No trade.
2026-09-22 19:03:18,432 | [FOXA] choppy/sideways (ADX 14.2) -> mean-reversion strategy | Signal: HOLD | Shares held: 0.0 | Last price: $64.27
2026-09-22 19:03:18,433 | [FOXA] ACTION: No trade.
2026-09-22 19:03:18,471 | [FRT] trending (ADX 27.3) -> trend-following strategy | Signal: HOLD | Shares held: 0.0 | Last price: $110.74
2026-09-22 19:03:18,471 | [FRT] ACTION: No trade.
2026-09-22 19:03:18,511 | [FSLR] trending (ADX 25.3) -> trend-following strategy | Signal: HOLD | Shares held: 0.0 | Last price: $199.84
2026-09-22 19:03:18,511 | [FSLR] ACTION: No trade.
2026-09-22 19:03:18,549 | [FTNT] choppy/sideways (ADX 23.2) -> mean-reversion strategy | Signal: HOLD | Shares held: 0.0 | Last price: $174.03
2026-09-22 19:03:18,549 | [FTNT] ACTION: No trade.
2026-09-22 19:03:18,593 | [FTV] trending (ADX 39.7) -> trend-following strategy | Signal: HOLD | Shares held: 0.0 | Last price: $55.80
2026-09-22 19:03:18,593 | [FTV] ACTION: No trade.
2026-09-22 19:03:18,633 | [GD] trending (ADX 47.3) -> trend-following strategy | Signal: HOLD | Shares held: 0.0 | Last price: $343.96
2026-09-22 19:03:18,633 | [GD] ACTION: No trade.
2026-09-22 19:03:18,678 | [GDDY] choppy/sideways (ADX 24.9) -> mean-reversion strategy | Signal: HOLD | Shares held: 0.0 | Last price: $99.18
2026-09-22 19:03:18,679 | [GDDY] ACTION: No trade.
2026-09-22 19:03:18,709 | [GE] choppy/sideways (ADX 17.2) -> mean-reversion strategy | Signal: HOLD | Shares held: 0.0 | Last price: $319.50
2026-09-22 19:03:18,709 | [GE] ACTION: No trade.
2026-09-22 19:03:18,748 | [GEHC] trending (ADX 37.7) -> trend-following strategy | Signal: HOLD | Shares held: 0.0 | Last price: $66.14
2026-09-22 19:03:18,748 | [GEHC] ACTION: No trade.
2026-09-22 19:03:18,790 | [GEN] trending (ADX 59.8) -> trend-following strategy | Signal: HOLD | Shares held: 0.0 | Last price: $26.81
2026-09-22 19:03:18,790 | [GEN] ACTION: No trade.
2026-09-22 19:03:18,829 | [GEV] choppy/sideways (ADX 18.4) -> mean-reversion strategy | Signal: HOLD | Shares held: 0.0 | Last price: $950.55
2026-09-22 19:03:18,829 | [GEV] ACTION: No trade.
2026-09-22 19:03:18,869 | [GILD] choppy/sideways (ADX 20.2) -> mean-reversion strategy | Signal: HOLD | Shares held: 0.0 | Last price: $152.77
2026-09-22 19:03:18,869 | [GILD] ACTION: No trade.
2026-09-22 19:03:18,908 | [GIS] trending (ADX 25.7) -> trend-following strategy | Signal: HOLD | Shares held: 0.0 | Last price: $35.45
2026-09-22 19:03:18,908 | [GIS] ACTION: No trade.
2026-09-22 19:03:18,951 | [GLW] choppy/sideways (ADX 18.1) -> mean-reversion strategy | Signal: HOLD | Shares held: 0.0 | Last price: $159.31
2026-09-22 19:03:18,951 | [GLW] ACTION: No trade.
2026-09-22 19:03:18,994 | [GM] choppy/sideways (ADX 17.8) -> mean-reversion strategy | Signal: HOLD | Shares held: 0.0 | Last price: $83.61
2026-09-22 19:03:18,994 | [GM] ACTION: No trade.
2026-09-22 19:03:19,034 | [GNRC] choppy/sideways (ADX 23.3) -> mean-reversion strategy | Signal: HOLD | Shares held: 0.0 | Last price: $206.66
2026-09-22 19:03:19,034 | [GNRC] ACTION: No trade.
2026-09-22 19:03:19,064 | [GOOG] choppy/sideways (ADX 18.6) -> mean-reversion strategy | Signal: HOLD | Shares held: 0.0 | Last price: $348.07
2026-09-22 19:03:19,064 | [GOOG] ACTION: No trade.
2026-09-22 19:03:19,094 | [GOOGL] choppy/sideways (ADX 18.5) -> mean-reversion strategy | Signal: HOLD | Shares held: 0.0 | Last price: $352.43
2026-09-22 19:03:19,094 | [GOOGL] ACTION: No trade.
2026-09-22 19:03:19,135 | [GPC] trending (ADX 38.3) -> trend-following strategy | Signal: HOLD | Shares held: 0.0 | Last price: $129.70
2026-09-22 19:03:19,135 | [GPC] ACTION: No trade.
2026-09-22 19:03:19,175 | [GPN] choppy/sideways (ADX 11.6) -> mean-reversion strategy | Signal: HOLD | Shares held: 0.0 | Last price: $84.96
2026-09-22 19:03:19,175 | [GPN] ACTION: No trade.
2026-09-22 19:03:19,216 | [GRMN] trending (ADX 33.8) -> trend-following strategy | Signal: HOLD | Shares held: 0.0 | Last price: $283.07
2026-09-22 19:03:19,216 | [GRMN] ACTION: No trade.
2026-09-22 19:03:19,246 | [GS] choppy/sideways (ADX 18.0) -> mean-reversion strategy | Signal: HOLD | Shares held: 0.0 | Last price: $950.88
2026-09-22 19:03:19,246 | [GS] ACTION: No trade.
2026-09-22 19:03:19,285 | [GWW] trending (ADX 28.6) -> trend-following strategy | Signal: HOLD | Shares held: 0.0 | Last price: $1266.45
2026-09-22 19:03:19,285 | [GWW] ACTION: No trade.
2026-09-22 19:03:19,326 | [HAL] choppy/sideways (ADX 19.3) -> mean-reversion strategy | Signal: HOLD | Shares held: 0.0 | Last price: $32.97
2026-09-22 19:03:19,326 | [HAL] ACTION: No trade.
2026-09-22 19:03:19,368 | [HAS] choppy/sideways (ADX 13.6) -> mean-reversion strategy | Signal: HOLD | Shares held: 0.0 | Last price: $87.83
2026-09-22 19:03:19,368 | [HAS] ACTION: No trade.
2026-09-22 19:03:19,408 | [HBAN] trending (ADX 33.2) -> trend-following strategy | Signal: HOLD | Shares held: 0.0 | Last price: $15.67
2026-09-22 19:03:19,408 | [HBAN] ACTION: No trade.
2026-09-22 19:03:19,448 | [HCA] choppy/sideways (ADX 22.2) -> mean-reversion strategy | Signal: HOLD | Shares held: 0.0 | Last price: $440.69
2026-09-22 19:03:19,448 | [HCA] ACTION: No trade.
2026-09-22 19:03:19,479 | [HD] trending (ADX 35.1) -> trend-following strategy | Signal: HOLD | Shares held: 0.0 | Last price: $304.91
2026-09-22 19:03:19,479 | [HD] ACTION: No trade.
2026-09-22 19:03:19,519 | [HIG] trending (ADX 41.8) -> trend-following strategy | Signal: HOLD | Shares held: 0.0 | Last price: $129.49
2026-09-22 19:03:19,519 | [HIG] ACTION: No trade.
2026-09-22 19:03:19,559 | [HII] choppy/sideways (ADX 11.0) -> mean-reversion strategy | Signal: HOLD | Shares held: 0.0 | Last price: $271.82
2026-09-22 19:03:19,559 | [HII] ACTION: No trade.
2026-09-22 19:03:19,598 | [HLT] trending (ADX 35.2) -> trend-following strategy | Signal: HOLD | Shares held: 0.0 | Last price: $309.58
2026-09-22 19:03:19,598 | [HLT] ACTION: No trade.
2026-09-22 19:03:19,629 | [HON] trending (ADX 42.4) -> trend-following strategy | Signal: HOLD | Shares held: 0.0 | Last price: $211.31
2026-09-22 19:03:19,629 | [HON] ACTION: No trade.
2026-09-22 19:03:19,673 | [HONA] choppy/sideways (ADX 14.5) -> mean-reversion strategy | Signal: HOLD | Shares held: 0.0 | Last price: $167.89
2026-09-22 19:03:19,673 | [HONA] ACTION: No trade.
2026-09-22 19:03:19,717 | [HOOD] choppy/sideways (ADX 20.3) -> mean-reversion strategy | Signal: HOLD | Shares held: 0.0 | Last price: $124.12
2026-09-22 19:03:19,717 | [HOOD] ACTION: No trade.
2026-09-22 19:03:19,761 | [HPE] choppy/sideways (ADX 14.5) -> mean-reversion strategy | Signal: HOLD | Shares held: 0.0 | Last price: $61.26
2026-09-22 19:03:19,761 | [HPE] ACTION: No trade.
2026-09-22 19:03:19,804 | [HPQ] choppy/sideways (ADX 23.3) -> mean-reversion strategy | Signal: HOLD | Shares held: 0.0 | Last price: $32.06
2026-09-22 19:03:19,804 | [HPQ] ACTION: No trade.
2026-09-22 19:03:19,845 | [HSIC] trending (ADX 36.5) -> trend-following strategy | Signal: HOLD | Shares held: 0.0 | Last price: $87.35
2026-09-22 19:03:19,845 | [HSIC] ACTION: No trade.
2026-09-22 19:03:19,884 | [HST] choppy/sideways (ADX 21.4) -> mean-reversion strategy | Signal: HOLD | Shares held: 0.0 | Last price: $22.30
2026-09-22 19:03:19,884 | [HST] ACTION: No trade.
2026-09-22 19:03:19,924 | [HSY] choppy/sideways (ADX 20.4) -> mean-reversion strategy | Signal: HOLD | Shares held: 0.0 | Last price: $168.43
2026-09-22 19:03:19,924 | [HSY] ACTION: No trade.
2026-09-22 19:03:19,965 | [HUBB] trending (ADX 26.6) -> trend-following strategy | Signal: HOLD | Shares held: 0.0 | Last price: $457.23
2026-09-22 19:03:19,965 | [HUBB] ACTION: No trade.
2026-09-22 19:03:20,015 | [HUM] choppy/sideways (ADX 23.8) -> mean-reversion strategy | Signal: HOLD | Shares held: 0.0 | Last price: $372.46
2026-09-22 19:03:20,016 | [HUM] ACTION: No trade.
2026-09-22 19:03:20,055 | [HWM] choppy/sideways (ADX 11.6) -> mean-reversion strategy | Signal: HOLD | Shares held: 0.0 | Last price: $225.85
2026-09-22 19:03:20,055 | [HWM] ACTION: No trade.
2026-09-22 19:03:20,094 | [IBKR] trending (ADX 26.5) -> trend-following strategy | Signal: HOLD | Shares held: 0.0 | Last price: $91.42
2026-09-22 19:03:20,094 | [IBKR] ACTION: No trade.
2026-09-22 19:03:20,124 | [IBM] choppy/sideways (ADX 14.0) -> mean-reversion strategy | Signal: HOLD | Shares held: 0.0 | Last price: $231.88
2026-09-22 19:03:20,124 | [IBM] ACTION: No trade.
2026-09-22 19:03:20,164 | [ICE] trending (ADX 34.2) -> trend-following strategy | Signal: HOLD | Shares held: 0.0 | Last price: $153.33
2026-09-22 19:03:20,164 | [ICE] ACTION: No trade.
2026-09-22 19:03:20,205 | [IDXX] choppy/sideways (ADX 15.5) -> mean-reversion strategy | Signal: HOLD | Shares held: 0.0 | Last price: $521.49
2026-09-22 19:03:20,206 | [IDXX] ACTION: No trade.
2026-09-22 19:03:20,245 | [IEX] trending (ADX 30.0) -> trend-following strategy | Signal: HOLD | Shares held: 0.0 | Last price: $226.69
2026-09-22 19:03:20,245 | [IEX] ACTION: No trade.
2026-09-22 19:03:20,285 | [IFF] trending (ADX 35.4) -> trend-following strategy | Signal: HOLD | Shares held: 0.0 | Last price: $85.73
2026-09-22 19:03:20,285 | [IFF] ACTION: No trade.
2026-09-22 19:03:20,325 | [ILMN] choppy/sideways (ADX 15.4) -> mean-reversion strategy | Signal: HOLD | Shares held: 0.0 | Last price: $247.18
2026-09-22 19:03:20,325 | [ILMN] ACTION: No trade.
2026-09-22 19:03:20,365 | [INCY] trending (ADX 27.5) -> trend-following strategy | Signal: HOLD | Shares held: 0.0 | Last price: $127.41
2026-09-22 19:03:20,365 | [INCY] ACTION: No trade.
2026-09-22 19:03:20,395 | [INTC] choppy/sideways (ADX 17.5) -> mean-reversion strategy | Signal: HOLD | Shares held: 0.0 | Last price: $122.77
2026-09-22 19:03:20,396 | [INTC] ACTION: No trade.
2026-09-22 19:03:20,470 | [INTU] choppy/sideways (ADX 18.1) -> mean-reversion strategy | Signal: HOLD | Shares held: 0.0 | Last price: $289.89
2026-09-22 19:03:20,470 | [INTU] ACTION: No trade.
2026-09-22 19:03:20,511 | [INVH] choppy/sideways (ADX 10.1) -> mean-reversion strategy | Signal: HOLD | Shares held: 0.0 | Last price: $27.23
2026-09-22 19:03:20,512 | [INVH] ACTION: No trade.
2026-09-22 19:03:20,555 | [IP] trending (ADX 25.5) -> trend-following strategy | Signal: HOLD | Shares held: 0.0 | Last price: $35.77
2026-09-22 19:03:20,555 | [IP] ACTION: No trade.
2026-09-22 19:03:20,596 | [IQV] trending (ADX 27.1) -> trend-following strategy | Signal: HOLD | Shares held: 0.0 | Last price: $271.45
2026-09-22 19:03:20,596 | [IQV] ACTION: No trade.
2026-09-22 19:03:20,635 | [IR] choppy/sideways (ADX 25.0) -> mean-reversion strategy | Signal: HOLD | Shares held: 0.0 | Last price: $73.42
2026-09-22 19:03:20,635 | [IR] ACTION: No trade.
2026-09-22 19:03:20,674 | [IRM] trending (ADX 40.9) -> trend-following strategy | Signal: HOLD | Shares held: 0.0 | Last price: $118.06
2026-09-22 19:03:20,674 | [IRM] ACTION: No trade.
2026-09-22 19:03:20,713 | [ISRG] choppy/sideways (ADX 18.9) -> mean-reversion strategy | Signal: HOLD | Shares held: 0.0 | Last price: $401.89
2026-09-22 19:03:20,713 | [ISRG] ACTION: No trade.
2026-09-22 19:03:20,753 | [IT] choppy/sideways (ADX 17.6) -> mean-reversion strategy | Signal: HOLD | Shares held: 0.0 | Last price: $179.72
2026-09-22 19:03:20,753 | [IT] ACTION: No trade.
2026-09-22 19:03:20,791 | [ITW] choppy/sideways (ADX 22.3) -> mean-reversion strategy | Signal: HOLD | Shares held: 0.0 | Last price: $268.94
2026-09-22 19:03:20,791 | [ITW] ACTION: No trade.
2026-09-22 19:03:20,838 | [IVZ] choppy/sideways (ADX 19.9) -> mean-reversion strategy | Signal: HOLD | Shares held: 0.0 | Last price: $30.93
2026-09-22 19:03:20,838 | [IVZ] ACTION: No trade.
2026-09-22 19:03:20,876 | [J] choppy/sideways (ADX 14.9) -> mean-reversion strategy | Signal: HOLD | Shares held: 0.0 | Last price: $143.07
2026-09-22 19:03:20,876 | [J] ACTION: No trade.
2026-09-22 19:03:20,914 | [JBHT] trending (ADX 25.0) -> trend-following strategy | Signal: HOLD | Shares held: 0.0 | Last price: $236.75
2026-09-22 19:03:20,915 | [JBHT] ACTION: No trade.
2026-09-22 19:03:20,959 | [JBL] trending (ADX 47.8) -> trend-following strategy | Signal: HOLD | Shares held: 0.0 | Last price: $306.88
2026-09-22 19:03:20,959 | [JBL] ACTION: No trade.
2026-09-22 19:03:21,002 | [JCI] trending (ADX 33.0) -> trend-following strategy | Signal: HOLD | Shares held: 0.0 | Last price: $146.04
2026-09-22 19:03:21,002 | [JCI] ACTION: No trade.
2026-09-22 19:03:21,041 | [JKHY] choppy/sideways (ADX 21.1) -> mean-reversion strategy | Signal: HOLD | Shares held: 0.0 | Last price: $149.25
2026-09-22 19:03:21,041 | [JKHY] ACTION: No trade.
2026-09-22 19:03:21,071 | [JNJ] choppy/sideways (ADX 19.1) -> mean-reversion strategy | Signal: HOLD | Shares held: 0.0 | Last price: $269.71
2026-09-22 19:03:21,071 | [JNJ] ACTION: No trade.
2026-09-22 19:03:21,100 | [JPM] trending (ADX 33.2) -> trend-following strategy | Signal: HOLD | Shares held: 0.0 | Last price: $340.77
2026-09-22 19:03:21,101 | [JPM] ACTION: No trade.
2026-09-22 19:03:21,140 | [KDP] choppy/sideways (ADX 21.4) -> mean-reversion strategy | Signal: HOLD | Shares held: 0.0 | Last price: $31.33
2026-09-22 19:03:21,140 | [KDP] ACTION: No trade.
2026-09-22 19:03:21,181 | [KEY] choppy/sideways (ADX 22.6) -> mean-reversion strategy | Signal: HOLD | Shares held: 0.0 | Last price: $20.52
2026-09-22 19:03:21,181 | [KEY] ACTION: No trade.
2026-09-22 19:03:21,219 | [KEYS] trending (ADX 38.7) -> trend-following strategy | Signal: HOLD | Shares held: 0.0 | Last price: $347.31
2026-09-22 19:03:21,220 | [KEYS] ACTION: No trade.
2026-09-22 19:03:21,259 | [KHC] choppy/sideways (ADX 17.3) -> mean-reversion strategy | Signal: HOLD | Shares held: 0.0 | Last price: $24.05
2026-09-22 19:03:21,259 | [KHC] ACTION: No trade.
2026-09-22 19:03:21,298 | [KKR] choppy/sideways (ADX 14.0) -> mean-reversion strategy | Signal: HOLD | Shares held: 0.0 | Last price: $99.78
2026-09-22 19:03:21,298 | [KKR] ACTION: No trade.
2026-09-22 19:03:21,337 | [KLAC] trending (ADX 25.5) -> trend-following strategy | Signal: HOLD | Shares held: 0.0 | Last price: $185.76
2026-09-22 19:03:21,337 | [KLAC] ACTION: No trade.
2026-09-22 19:03:21,376 | [KMB] choppy/sideways (ADX 20.4) -> mean-reversion strategy | Signal: HOLD | Shares held: 0.0 | Last price: $98.84
2026-09-22 19:03:21,376 | [KMB] ACTION: No trade.
2026-09-22 19:03:21,415 | [KMI] trending (ADX 33.1) -> trend-following strategy | Signal: HOLD | Shares held: 0.0 | Last price: $31.34
2026-09-22 19:03:21,415 | [KMI] ACTION: No trade.
2026-09-22 19:03:21,445 | [KO] choppy/sideways (ADX 14.6) -> mean-reversion strategy | Signal: HOLD | Shares held: 0.0 | Last price: $88.65
2026-09-22 19:03:21,446 | [KO] ACTION: No trade.
2026-09-22 19:03:21,486 | [KR] trending (ADX 28.0) -> trend-following strategy | Signal: HOLD | Shares held: 0.0 | Last price: $59.01
2026-09-22 19:03:21,486 | [KR] ACTION: No trade.
2026-09-22 19:03:21,525 | [KVUE] choppy/sideways (ADX 20.9) -> mean-reversion strategy | Signal: HOLD | Shares held: 0.0 | Last price: $17.86
2026-09-22 19:03:21,525 | [KVUE] ACTION: No trade.
2026-09-22 19:03:24,575 | [L] trending (ADX 26.4) -> trend-following strategy | Signal: HOLD | Shares held: 0.0 | Last price: $106.28
2026-09-22 19:03:24,575 | [L] ACTION: No trade.
2026-09-22 19:03:24,615 | [LDOS] trending (ADX 30.8) -> trend-following strategy | Signal: HOLD | Shares held: 0.0 | Last price: $123.86
2026-09-22 19:03:24,615 | [LDOS] ACTION: No trade.
2026-09-22 19:03:24,655 | [LEN] Gap Pattern (Type A) continuation, gap held and extended | Signal: BUY | Shares held: 0.0 | Last price: $82.85
2026-09-22 19:03:24,655 | [LEN] ACTION: No trade (within 90 min of close -- not enough runway left today for a new position).
2026-09-22 19:03:24,694 | [LH] trending (ADX 36.6) -> trend-following strategy | Signal: HOLD | Shares held: 0.0 | Last price: $313.70
2026-09-22 19:03:24,694 | [LH] ACTION: No trade.
2026-09-22 19:03:24,734 | [LHX] trending (ADX 37.5) -> trend-following strategy | Signal: HOLD | Shares held: 0.0 | Last price: $240.57
2026-09-22 19:03:24,734 | [LHX] ACTION: No trade.
2026-09-22 19:03:24,775 | [LII] trending (ADX 32.9) -> trend-following strategy | Signal: HOLD | Shares held: 0.0 | Last price: $367.81
2026-09-22 19:03:24,775 | [LII] ACTION: No trade.
2026-09-22 19:03:24,814 | [LIN] trending (ADX 30.8) -> trend-following strategy | Signal: HOLD | Shares held: 0.0 | Last price: $465.41
2026-09-22 19:03:24,814 | [LIN] ACTION: No trade.
2026-09-22 19:03:24,853 | [LITE] trending (ADX 25.8) -> trend-following strategy | Signal: HOLD | Shares held: 0.0 | Last price: $943.36
2026-09-22 19:03:24,853 | [LITE] ACTION: No trade.
2026-09-22 19:03:24,883 | [LLY] choppy/sideways (ADX 9.1) -> mean-reversion strategy | Signal: HOLD | Shares held: 0.0 | Last price: $1169.50
2026-09-22 19:03:24,883 | [LLY] ACTION: No trade.
2026-09-22 19:03:24,913 | [LMT] trending (ADX 34.1) -> trend-following strategy | Signal: HOLD | Shares held: 0.0 | Last price: $521.79
2026-09-22 19:03:24,913 | [LMT] ACTION: No trade.
2026-09-22 19:03:24,952 | [LNT] choppy/sideways (ADX 21.4) -> mean-reversion strategy | Signal: HOLD | Shares held: 0.0 | Last price: $64.89
2026-09-22 19:03:24,952 | [LNT] ACTION: No trade.
2026-09-22 19:03:24,983 | [LOW] trending (ADX 38.4) -> trend-following strategy | Signal: HOLD | Shares held: 0.0 | Last price: $195.87
2026-09-22 19:03:24,983 | [LOW] ACTION: No trade.
2026-09-22 19:03:25,024 | [LRCX] trending (ADX 31.3) -> trend-following strategy | Signal: HOLD | Shares held: 0.0 | Last price: $307.47
2026-09-22 19:03:25,024 | [LRCX] ACTION: No trade.
2026-09-22 19:03:25,063 | [LULU] trending (ADX 38.6) -> trend-following strategy | Signal: HOLD | Shares held: 0.0 | Last price: $102.92
2026-09-22 19:03:25,063 | [LULU] ACTION: No trade.
2026-09-22 19:03:25,107 | [LUV] trending (ADX 33.4) -> trend-following strategy | Signal: HOLD | Shares held: 0.0 | Last price: $42.12
2026-09-22 19:03:25,107 | [LUV] ACTION: No trade.
2026-09-22 19:03:28,156 | [LVS] choppy/sideways (ADX 19.8) -> mean-reversion strategy | Signal: HOLD | Shares held: 0.0 | Last price: $39.62
2026-09-22 19:03:28,156 | [LVS] ACTION: No trade.
2026-09-22 19:03:28,195 | [LYB] trending (ADX 35.9) -> trend-following strategy | Signal: HOLD | Shares held: 0.0 | Last price: $59.65
2026-09-22 19:03:28,195 | [LYB] ACTION: No trade.
2026-09-22 19:03:28,234 | [LYV] trending (ADX 28.1) -> trend-following strategy | Signal: HOLD | Shares held: 0.0 | Last price: $169.55
2026-09-22 19:03:28,234 | [LYV] ACTION: No trade.
2026-09-22 19:03:28,264 | [MA] choppy/sideways (ADX 22.0) -> mean-reversion strategy | Signal: HOLD | Shares held: 0.0 | Last price: $558.37
2026-09-22 19:03:28,264 | [MA] ACTION: No trade.
2026-09-22 19:03:28,303 | [MAA] choppy/sideways (ADX 18.8) -> mean-reversion strategy | Signal: HOLD | Shares held: 0.0 | Last price: $119.41
2026-09-22 19:03:28,303 | [MAA] ACTION: No trade.
2026-09-22 19:03:28,342 | [MAR] trending (ADX 52.6) -> trend-following strategy | Signal: HOLD | Shares held: 0.0 | Last price: $348.57
2026-09-22 19:03:28,343 | [MAR] ACTION: No trade.
2026-09-22 19:03:28,381 | [MAS] trending (ADX 39.6) -> trend-following strategy | Signal: HOLD | Shares held: 0.0 | Last price: $69.65
2026-09-22 19:03:28,381 | [MAS] ACTION: No trade.
2026-09-22 19:03:28,412 | [MCD] choppy/sideways (ADX 23.5) -> mean-reversion strategy | Signal: HOLD | Shares held: 0.0 | Last price: $250.57
2026-09-22 19:03:28,412 | [MCD] ACTION: No trade.
2026-09-22 19:03:28,450 | [MCHP] trending (ADX 39.5) -> trend-following strategy | Signal: HOLD | Shares held: 0.0 | Last price: $75.19
2026-09-22 19:03:28,450 | [MCHP] ACTION: No trade.
2026-09-22 19:03:28,488 | [MCK] choppy/sideways (ADX 21.8) -> mean-reversion strategy | Signal: HOLD | Shares held: 0.0 | Last price: $894.32
2026-09-22 19:03:28,488 | [MCK] ACTION: No trade.
2026-09-22 19:03:28,527 | [MCO] trending (ADX 26.4) -> trend-following strategy | Signal: HOLD | Shares held: 0.0 | Last price: $468.80
2026-09-22 19:03:28,527 | [MCO] ACTION: No trade.
2026-09-22 19:03:28,566 | [MDLZ] choppy/sideways (ADX 16.7) -> mean-reversion strategy | Signal: HOLD | Shares held: 0.0 | Last price: $61.04
2026-09-22 19:03:28,566 | [MDLZ] ACTION: No trade.
2026-09-22 19:03:28,604 | [MDT] choppy/sideways (ADX 15.7) -> mean-reversion strategy | Signal: HOLD | Shares held: 0.0 | Last price: $90.82
2026-09-22 19:03:28,604 | [MDT] ACTION: No trade.
2026-09-22 19:03:28,643 | [MET] choppy/sideways (ADX 13.6) -> mean-reversion strategy | Signal: HOLD | Shares held: 0.0 | Last price: $96.11
2026-09-22 19:03:28,643 | [MET] ACTION: No trade.
2026-09-22 19:03:28,673 | [META] choppy/sideways (ADX 20.0) -> mean-reversion strategy | Signal: HOLD | Shares held: 0.0 | Last price: $739.05
2026-09-22 19:03:28,673 | [META] ACTION: No trade.
2026-09-22 19:03:31,721 | [MGM] choppy/sideways (ADX 16.4) -> mean-reversion strategy | Signal: HOLD | Shares held: 0.0 | Last price: $38.50
2026-09-22 19:03:31,721 | [MGM] ACTION: No trade.
2026-09-22 19:03:31,760 | [MKC] choppy/sideways (ADX 9.2) -> mean-reversion strategy | Signal: HOLD | Shares held: 0.0 | Last price: $49.19
2026-09-22 19:03:31,760 | [MKC] ACTION: No trade.
2026-09-22 19:03:31,799 | [MLM] trending (ADX 32.1) -> trend-following strategy | Signal: HOLD | Shares held: 0.0 | Last price: $499.69
2026-09-22 19:03:31,799 | [MLM] ACTION: No trade.
2026-09-22 19:03:31,829 | [MMM] trending (ADX 43.3) -> trend-following strategy | Signal: HOLD | Shares held: 0.0 | Last price: $167.98
2026-09-22 19:03:31,829 | [MMM] ACTION: No trade.
2026-09-22 19:03:31,869 | [MNST] choppy/sideways (ADX 9.1) -> mean-reversion strategy | Signal: HOLD | Shares held: 0.0 | Last price: $44.70
2026-09-22 19:03:31,869 | [MNST] ACTION: No trade.
2026-09-22 19:03:31,910 | [MO] choppy/sideways (ADX 16.2) -> mean-reversion strategy | Signal: HOLD | Shares held: 0.0 | Last price: $68.78
2026-09-22 19:03:31,910 | [MO] ACTION: No trade.
2026-09-22 19:03:31,950 | [MOS] trending (ADX 25.7) -> trend-following strategy | Signal: HOLD | Shares held: 0.0 | Last price: $24.93
2026-09-22 19:03:31,950 | [MOS] ACTION: No trade.
2026-09-22 19:03:31,990 | [MPC] trending (ADX 31.4) -> trend-following strategy | Signal: HOLD | Shares held: 0.0 | Last price: $396.10
2026-09-22 19:03:31,991 | [MPC] ACTION: No trade.
2026-09-22 19:03:32,032 | [MPWR] trending (ADX 63.7) -> trend-following strategy | Signal: HOLD | Shares held: 0.0 | Last price: $1381.47
2026-09-22 19:03:32,032 | [MPWR] ACTION: No trade.
2026-09-22 19:03:32,064 | [MRK] trending (ADX 26.4) -> trend-following strategy | Signal: HOLD | Shares held: 0.0 | Last price: $151.64
2026-09-22 19:03:32,064 | [MRK] ACTION: No trade.
2026-09-22 19:03:32,104 | [MRNA] trending (ADX 29.0) -> trend-following strategy | Signal: HOLD | Shares held: 0.0 | Last price: $183.96
2026-09-22 19:03:32,104 | [MRNA] ACTION: No trade.
2026-09-22 19:03:32,143 | [MRSH] trending (ADX 33.4) -> trend-following strategy | Signal: HOLD | Shares held: 0.0 | Last price: $170.03
2026-09-22 19:03:32,143 | [MRSH] ACTION: No trade.
2026-09-22 19:03:32,184 | [MRVL] trending (ADX 29.4) -> trend-following strategy | Signal: HOLD | Shares held: 0.0 | Last price: $263.92
2026-09-22 19:03:32,184 | [MRVL] ACTION: No trade.
2026-09-22 19:03:32,214 | [MS] trending (ADX 32.9) -> trend-following strategy | Signal: HOLD | Shares held: 0.0 | Last price: $200.41
2026-09-22 19:03:32,214 | [MS] ACTION: No trade.
2026-09-22 19:03:32,254 | [MSCI] choppy/sideways (ADX 22.0) -> mean-reversion strategy | Signal: HOLD | Shares held: 0.0 | Last price: $550.58
2026-09-22 19:03:32,254 | [MSCI] ACTION: No trade.
2026-09-22 19:03:32,285 | [MSFT] choppy/sideways (ADX 24.0) -> mean-reversion strategy | Signal: HOLD | Shares held: 0.0 | Last price: $498.24
2026-09-22 19:03:32,285 | [MSFT] ACTION: No trade.
2026-09-22 19:03:35,334 | [MSI] choppy/sideways (ADX 16.5) -> mean-reversion strategy | Signal: HOLD | Shares held: 0.0 | Last price: $458.29
2026-09-22 19:03:35,335 | [MSI] ACTION: No trade.
2026-09-22 19:03:35,380 | [MTB] choppy/sideways (ADX 11.9) -> mean-reversion strategy | Signal: HOLD | Shares held: 0.0 | Last price: $224.14
2026-09-22 19:03:35,380 | [MTB] ACTION: No trade.
2026-09-22 19:03:35,421 | [MTD] trending (ADX 66.3) -> trend-following strategy | Signal: HOLD | Shares held: 0.0 | Last price: $1491.45
2026-09-22 19:03:35,421 | [MTD] ACTION: No trade.
2026-09-22 19:03:35,453 | [MU] trending (ADX 38.5) -> trend-following strategy | Signal: HOLD | Shares held: 0.0 | Last price: $1089.44
2026-09-22 19:03:35,453 | [MU] ACTION: No trade.
2026-09-22 19:03:35,495 | [NCLH] choppy/sideways (ADX 16.1) -> mean-reversion strategy | Signal: HOLD | Shares held: 0.0 | Last price: $14.24
2026-09-22 19:03:35,495 | [NCLH] ACTION: No trade.
2026-09-22 19:03:35,536 | [NDAQ] trending (ADX 35.4) -> trend-following strategy | Signal: HOLD | Shares held: 0.0 | Last price: $94.56
2026-09-22 19:03:35,536 | [NDAQ] ACTION: No trade.
2026-09-22 19:03:35,582 | [NDSN] trending (ADX 39.2) -> trend-following strategy | Signal: HOLD | Shares held: 0.0 | Last price: $318.98
2026-09-22 19:03:35,582 | [NDSN] ACTION: No trade.
2026-09-22 19:03:35,623 | [NEE] choppy/sideways (ADX 22.0) -> mean-reversion strategy | Signal: HOLD | Shares held: 0.0 | Last price: $79.45
2026-09-22 19:03:35,623 | [NEE] ACTION: No trade.
2026-09-22 19:03:35,666 | [NEM] trending (ADX 39.8) -> trend-following strategy | Signal: HOLD | Shares held: 0.0 | Last price: $126.49
2026-09-22 19:03:35,666 | [NEM] ACTION: No trade.
2026-09-22 19:03:35,697 | [NFLX] trending (ADX 33.5) -> trend-following strategy | Signal: HOLD | Shares held: 0.0 | Last price: $71.84
2026-09-22 19:03:35,697 | [NFLX] ACTION: No trade.
2026-09-22 19:03:35,738 | [NI] trending (ADX 27.8) -> trend-following strategy | Signal: HOLD | Shares held: 0.0 | Last price: $40.10
2026-09-22 19:03:35,738 | [NI] ACTION: No trade.
2026-09-22 19:03:35,769 | [NKE] choppy/sideways (ADX 17.9) -> mean-reversion strategy | Signal: HOLD | Shares held: 0.0 | Last price: $36.01
2026-09-22 19:03:35,770 | [NKE] ACTION: No trade.
2026-09-22 19:03:35,811 | [NOC] trending (ADX 35.4) -> trend-following strategy | Signal: HOLD | Shares held: 0.0 | Last price: $508.88
2026-09-22 19:03:35,811 | [NOC] ACTION: No trade.
2026-09-22 19:03:35,843 | [NOW] trending (ADX 30.7) -> trend-following strategy | Signal: HOLD | Shares held: 0.0 | Last price: $137.26
2026-09-22 19:03:35,843 | [NOW] ACTION: No trade.
2026-09-22 19:03:35,884 | [NRG] choppy/sideways (ADX 14.0) -> mean-reversion strategy | Signal: HOLD | Shares held: 0.0 | Last price: $102.93
2026-09-22 19:03:35,884 | [NRG] ACTION: No trade.
2026-09-22 19:03:35,927 | [NSC] trending (ADX 35.9) -> trend-following strategy | Signal: HOLD | Shares held: 0.0 | Last price: $313.82
2026-09-22 19:03:35,927 | [NSC] ACTION: No trade.
2026-09-22 19:03:35,968 | [NTAP] choppy/sideways (ADX 22.1) -> mean-reversion strategy | Signal: HOLD | Shares held: 0.0 | Last price: $192.47
2026-09-22 19:03:35,968 | [NTAP] ACTION: No trade.
2026-09-22 19:03:39,019 | [NTRS] trending (ADX 31.0) -> trend-following strategy | Signal: HOLD | Shares held: 0.0 | Last price: $173.81
2026-09-22 19:03:39,019 | [NTRS] ACTION: No trade.
2026-09-22 19:03:39,059 | [NUE] choppy/sideways (ADX 19.6) -> mean-reversion strategy | Signal: HOLD | Shares held: 0.0 | Last price: $245.47
2026-09-22 19:03:39,059 | [NUE] ACTION: No trade.
2026-09-22 19:03:39,091 | [NVDA] trending (ADX 59.3) -> trend-following strategy | Signal: HOLD | Shares held: 0.0 | Last price: $229.31
2026-09-22 19:03:39,091 | [NVDA] ACTION: No trade.
2026-09-22 19:03:39,138 | [NVR] trending (ADX 39.0) -> trend-following strategy | Signal: HOLD | Shares held: 0.0 | Last price: $6336.00
2026-09-22 19:03:39,138 | [NVR] ACTION: No trade.
2026-09-22 19:03:39,182 | [NWSA] trending (ADX 28.9) -> trend-following strategy | Signal: HOLD | Shares held: 0.0 | Last price: $29.16
2026-09-22 19:03:39,182 | [NWSA] ACTION: No trade.
2026-09-22 19:03:39,225 | [NXPI] trending (ADX 57.2) -> trend-following strategy | Signal: HOLD | Shares held: 0.0 | Last price: $234.64
2026-09-22 19:03:39,225 | [NXPI] ACTION: No trade.
2026-09-22 19:03:39,267 | [O] choppy/sideways (ADX 10.1) -> mean-reversion strategy | Signal: HOLD | Shares held: 0.0 | Last price: $56.59
2026-09-22 19:03:39,267 | [O] ACTION: No trade.
2026-09-22 19:03:39,309 | [ODFL] trending (ADX 27.5) -> trend-following strategy | Signal: HOLD | Shares held: 0.0 | Last price: $175.67
2026-09-22 19:03:39,309 | [ODFL] ACTION: No trade.
2026-09-22 19:03:39,352 | [OKE] trending (ADX 32.8) -> trend-following strategy | Signal: HOLD | Shares held: 0.0 | Last price: $90.86
2026-09-22 19:03:39,353 | [OKE] ACTION: No trade.
2026-09-22 19:03:39,398 | [OMC] choppy/sideways (ADX 10.9) -> mean-reversion strategy | Signal: HOLD | Shares held: 0.0 | Last price: $75.34
2026-09-22 19:03:39,398 | [OMC] ACTION: No trade.
2026-09-22 19:03:39,440 | [ON] trending (ADX 44.7) -> trend-following strategy | Signal: HOLD | Shares held: 0.0 | Last price: $73.14
2026-09-22 19:03:39,440 | [ON] ACTION: No trade.
2026-09-22 19:03:39,471 | [ORCL] choppy/sideways (ADX 21.6) -> mean-reversion strategy | Signal: HOLD | Shares held: 0.0 | Last price: $150.27
2026-09-22 19:03:39,471 | [ORCL] ACTION: No trade.
2026-09-22 19:03:39,512 | [ORLY] choppy/sideways (ADX 9.5) -> mean-reversion strategy | Signal: HOLD | Shares held: 0.0 | Last price: $86.21
2026-09-22 19:03:39,513 | [ORLY] ACTION: No trade.
2026-09-22 19:03:42,564 | [OTIS] choppy/sideways (ADX 19.1) -> mean-reversion strategy | Signal: HOLD | Shares held: 0.0 | Last price: $67.65
2026-09-22 19:03:42,564 | [OTIS] ACTION: No trade.
2026-09-22 19:03:42,602 | [OXY] trending (ADX 39.7) -> trend-following strategy | Signal: HOLD | Shares held: 0.0 | Last price: $56.62
2026-09-22 19:03:42,602 | [OXY] ACTION: No trade.
2026-09-22 19:03:42,642 | [P] choppy/sideways (ADX 13.1) -> mean-reversion strategy | Signal: HOLD | Shares held: 0.0 | Last price: $110.00
2026-09-22 19:03:42,642 | [P] ACTION: No trade.
2026-09-22 19:03:42,673 | [PANW] trending (ADX 25.4) -> trend-following strategy | Signal: HOLD | Shares held: 0.0 | Last price: $374.60
2026-09-22 19:03:42,674 | [PANW] ACTION: No trade.
2026-09-22 19:03:42,714 | [PAYX] choppy/sideways (ADX 13.8) -> mean-reversion strategy | Signal: HOLD | Shares held: 0.0 | Last price: $114.24
2026-09-22 19:03:42,715 | [PAYX] ACTION: No trade.
2026-09-22 19:03:42,754 | [PCAR] choppy/sideways (ADX 14.7) -> mean-reversion strategy | Signal: HOLD | Shares held: 0.0 | Last price: $112.80
2026-09-22 19:03:42,754 | [PCAR] ACTION: No trade.
2026-09-22 19:03:42,795 | [PCG] choppy/sideways (ADX 19.0) -> mean-reversion strategy | Signal: HOLD | Shares held: 0.0 | Last price: $13.04
2026-09-22 19:03:42,795 | [PCG] ACTION: No trade.
2026-09-22 19:03:42,835 | [PEG] choppy/sideways (ADX 17.8) -> mean-reversion strategy | Signal: HOLD | Shares held: 0.0 | Last price: $69.35
2026-09-22 19:03:42,835 | [PEG] ACTION: No trade.
2026-09-22 19:03:42,865 | [PEP] choppy/sideways (ADX 23.1) -> mean-reversion strategy | Signal: HOLD | Shares held: 0.0 | Last price: $130.85
2026-09-22 19:03:42,866 | [PEP] ACTION: No trade.
2026-09-22 19:03:42,896 | [PFE] choppy/sideways (ADX 14.9) -> mean-reversion strategy | Signal: HOLD | Shares held: 0.0 | Last price: $27.85
2026-09-22 19:03:42,896 | [PFE] ACTION: No trade.
2026-09-22 19:03:42,935 | [PFG] trending (ADX 33.0) -> trend-following strategy | Signal: HOLD | Shares held: 0.0 | Last price: $114.00
2026-09-22 19:03:42,935 | [PFG] ACTION: No trade.
2026-09-22 19:03:42,965 | [PG] choppy/sideways (ADX 20.0) -> mean-reversion strategy | Signal: HOLD | Shares held: 0.0 | Last price: $147.66
2026-09-22 19:03:42,965 | [PG] ACTION: No trade.
2026-09-22 19:03:43,005 | [PGR] trending (ADX 35.8) -> trend-following strategy | Signal: HOLD | Shares held: 0.0 | Last price: $206.27
2026-09-22 19:03:43,005 | [PGR] ACTION: No trade.
2026-09-22 19:03:43,043 | [PH] choppy/sideways (ADX 22.0) -> mean-reversion strategy | Signal: HOLD | Shares held: 0.0 | Last price: $962.97
2026-09-22 19:03:43,043 | [PH] ACTION: No trade.
2026-09-22 19:03:43,083 | [PHM] trending (ADX 45.9) -> trend-following strategy | Signal: HOLD | Shares held: 0.0 | Last price: $122.20
2026-09-22 19:03:43,083 | [PHM] ACTION: No trade.
2026-09-22 19:03:43,122 | [PKG] choppy/sideways (ADX 14.9) -> mean-reversion strategy | Signal: HOLD | Shares held: 0.0 | Last price: $238.88
2026-09-22 19:03:43,122 | [PKG] ACTION: No trade.
2026-09-22 19:03:46,172 | [PLD] choppy/sideways (ADX 23.3) -> mean-reversion strategy | Signal: HOLD | Shares held: 0.0 | Last price: $135.51
2026-09-22 19:03:46,173 | [PLD] ACTION: No trade.
2026-09-22 19:03:46,203 | [PLTR] trending (ADX 37.6) -> trend-following strategy | Signal: HOLD | Shares held: 0.0 | Last price: $184.22
2026-09-22 19:03:46,203 | [PLTR] ACTION: No trade.
2026-09-22 19:03:46,234 | [PM] trending (ADX 34.4) -> trend-following strategy | Signal: HOLD | Shares held: 0.0 | Last price: $190.49
2026-09-22 19:03:46,234 | [PM] ACTION: No trade.
2026-09-22 19:03:46,275 | [PNC] trending (ADX 33.2) -> trend-following strategy | Signal: HOLD | Shares held: 0.0 | Last price: $228.41
2026-09-22 19:03:46,275 | [PNC] ACTION: No trade.
2026-09-22 19:03:46,314 | [PNR] trending (ADX 35.5) -> trend-following strategy | Signal: SELL | Shares held: 0.0 | Last price: $55.81
2026-09-22 19:03:46,314 | [PNR] ACTION: No trade.
2026-09-22 19:03:46,355 | [PNW] choppy/sideways (ADX 24.8) -> mean-reversion strategy | Signal: HOLD | Shares held: 0.0 | Last price: $93.22
2026-09-22 19:03:46,355 | [PNW] ACTION: No trade.
2026-09-22 19:03:46,396 | [PODD] choppy/sideways (ADX 9.8) -> mean-reversion strategy | Signal: HOLD | Shares held: 0.0 | Last price: $139.02
2026-09-22 19:03:46,396 | [PODD] ACTION: No trade.
2026-09-22 19:03:46,435 | [PPG] trending (ADX 30.9) -> trend-following strategy | Signal: HOLD | Shares held: 0.0 | Last price: $107.22
2026-09-22 19:03:46,435 | [PPG] ACTION: No trade.
2026-09-22 19:03:46,477 | [PPL] trending (ADX 26.7) -> trend-following strategy | Signal: HOLD | Shares held: 0.0 | Last price: $32.95
2026-09-22 19:03:46,477 | [PPL] ACTION: No trade.
2026-09-22 19:03:46,515 | [PRU] choppy/sideways (ADX 21.7) -> mean-reversion strategy | Signal: HOLD | Shares held: 0.0 | Last price: $117.47
2026-09-22 19:03:46,515 | [PRU] ACTION: No trade.
2026-09-22 19:03:46,555 | [PSA] trending (ADX 34.6) -> trend-following strategy | Signal: HOLD | Shares held: 0.0 | Last price: $291.25
2026-09-22 19:03:46,555 | [PSA] ACTION: No trade.
2026-09-22 19:03:46,595 | [PSX] trending (ADX 29.4) -> trend-following strategy | Signal: HOLD | Shares held: 0.0 | Last price: $260.69
2026-09-22 19:03:46,595 | [PSX] ACTION: No trade.
2026-09-22 19:03:46,635 | [PTC] trending (ADX 29.0) -> trend-following strategy | Signal: HOLD | Shares held: 0.0 | Last price: $137.48
2026-09-22 19:03:46,635 | [PTC] ACTION: No trade.
2026-09-22 19:03:46,675 | [PWR] choppy/sideways (ADX 24.9) -> mean-reversion strategy | Signal: HOLD | Shares held: 0.0 | Last price: $644.19
2026-09-22 19:03:46,675 | [PWR] ACTION: No trade.
2026-09-22 19:03:49,727 | [PYPL] trending (ADX 32.3) -> trend-following strategy | Signal: HOLD | Shares held: 0.0 | Last price: $52.90
2026-09-22 19:03:49,727 | [PYPL] ACTION: No trade.
2026-09-22 19:03:49,773 | [Q] trending (ADX 26.0) -> trend-following strategy | Signal: HOLD | Shares held: 0.0 | Last price: $124.78
2026-09-22 19:03:49,773 | [Q] ACTION: No trade.
2026-09-22 19:03:49,803 | [QCOM] trending (ADX 43.9) -> trend-following strategy | Signal: HOLD | Shares held: 0.0 | Last price: $196.16
2026-09-22 19:03:49,803 | [QCOM] ACTION: No trade.
2026-09-22 19:03:49,843 | [RCL] trending (ADX 31.1) -> trend-following strategy | Signal: HOLD | Shares held: 0.0 | Last price: $234.97
2026-09-22 19:03:49,843 | [RCL] ACTION: No trade.
2026-09-22 19:03:49,882 | [RDDT] trending (ADX 32.7) -> trend-following strategy | Signal: HOLD | Shares held: 0.0 | Last price: $153.73
2026-09-22 19:03:49,882 | [RDDT] ACTION: No trade.
2026-09-22 19:03:49,921 | [REGN] trending (ADX 47.8) -> trend-following strategy | Signal: HOLD | Shares held: 0.0 | Last price: $811.00
2026-09-22 19:03:49,921 | [REGN] ACTION: No trade.
2026-09-22 19:03:49,961 | [RF] trending (ADX 27.6) -> trend-following strategy | Signal: HOLD | Shares held: 0.0 | Last price: $27.98
2026-09-22 19:03:49,961 | [RF] ACTION: No trade.
2026-09-22 19:03:50,001 | [RJF] choppy/sideways (ADX 24.3) -> mean-reversion strategy | Signal: HOLD | Shares held: 0.0 | Last price: $159.88
2026-09-22 19:03:50,001 | [RJF] ACTION: No trade.
2026-09-22 19:03:50,039 | [RL] Gap Pattern (Type A) continuation, gap held and extended | Signal: BUY | Shares held: 0.0 | Last price: $348.13
2026-09-22 19:03:50,039 | [RL] ACTION: No trade (within 90 min of close -- not enough runway left today for a new position).
2026-09-22 19:03:50,079 | [RMD] choppy/sideways (ADX 25.0) -> mean-reversion strategy | Signal: HOLD | Shares held: 0.0 | Last price: $224.67
2026-09-22 19:03:50,079 | [RMD] ACTION: No trade.
2026-09-22 19:03:50,118 | [ROK] trending (ADX 35.4) -> trend-following strategy | Signal: HOLD | Shares held: 0.0 | Last price: $426.58
2026-09-22 19:03:50,118 | [ROK] ACTION: No trade.
2026-09-22 19:03:50,205 | [ROL] choppy/sideways (ADX 18.9) -> mean-reversion strategy | Signal: HOLD | Shares held: 0.0 | Last price: $32.70
2026-09-22 19:03:50,205 | [ROL] ACTION: No trade.
2026-09-22 19:03:50,244 | [ROP] choppy/sideways (ADX 16.2) -> mean-reversion strategy | Signal: HOLD | Shares held: 0.0 | Last price: $363.57
2026-09-22 19:03:50,244 | [ROP] ACTION: No trade.
2026-09-22 19:03:53,294 | [ROST] choppy/sideways (ADX 22.2) -> mean-reversion strategy | Signal: HOLD | Shares held: 0.0 | Last price: $233.29
2026-09-22 19:03:53,294 | [ROST] ACTION: No trade.
2026-09-22 19:03:53,335 | [RSG] choppy/sideways (ADX 23.5) -> mean-reversion strategy | Signal: HOLD | Shares held: 0.0 | Last price: $213.82
2026-09-22 19:03:53,335 | [RSG] ACTION: No trade.
2026-09-22 19:03:53,366 | [RTX] trending (ADX 28.1) -> trend-following strategy | Signal: HOLD | Shares held: 0.0 | Last price: $191.57
2026-09-22 19:03:53,366 | [RTX] ACTION: No trade.
2026-09-22 19:03:53,405 | [RVTY] choppy/sideways (ADX 18.1) -> mean-reversion strategy | Signal: HOLD | Shares held: 0.0 | Last price: $142.30
2026-09-22 19:03:53,405 | [RVTY] ACTION: No trade.
2026-09-22 19:03:53,445 | [SBAC] choppy/sideways (ADX 12.1) -> mean-reversion strategy | Signal: HOLD | Shares held: 0.0 | Last price: $176.44
2026-09-22 19:03:53,445 | [SBAC] ACTION: No trade.
2026-09-22 19:03:53,476 | [SBUX] choppy/sideways (ADX 13.9) -> mean-reversion strategy | Signal: HOLD | Shares held: 0.0 | Last price: $94.72
2026-09-22 19:03:53,476 | [SBUX] ACTION: No trade.
2026-09-22 19:03:53,507 | [SCHW] trending (ADX 49.6) -> trend-following strategy | Signal: HOLD | Shares held: 0.0 | Last price: $101.13
2026-09-22 19:03:53,507 | [SCHW] ACTION: No trade.
2026-09-22 19:03:53,546 | [SHW] trending (ADX 29.4) -> trend-following strategy | Signal: HOLD | Shares held: 0.0 | Last price: $327.73
2026-09-22 19:03:53,546 | [SHW] ACTION: No trade.
2026-09-22 19:03:53,585 | [SJM] trending (ADX 25.6) -> trend-following strategy | Signal: HOLD | Shares held: 0.0 | Last price: $120.94
2026-09-22 19:03:53,585 | [SJM] ACTION: No trade.
2026-09-22 19:03:53,615 | [SLB] trending (ADX 25.0) -> trend-following strategy | Signal: HOLD | Shares held: 0.0 | Last price: $52.31
2026-09-22 19:03:53,615 | [SLB] ACTION: No trade.
2026-09-22 19:03:53,645 | [SMCI] choppy/sideways (ADX 20.6) -> mean-reversion strategy | Signal: HOLD | Shares held: 0.0 | Last price: $41.50
2026-09-22 19:03:53,645 | [SMCI] ACTION: No trade.
2026-09-22 19:03:53,687 | [SNA] trending (ADX 29.3) -> trend-following strategy | Signal: HOLD | Shares held: 0.0 | Last price: $371.47
2026-09-22 19:03:53,687 | [SNA] ACTION: No trade.
2026-09-22 19:03:53,725 | [SNDK] trending (ADX 44.2) -> trend-following strategy | Signal: HOLD | Shares held: 0.0 | Last price: $1888.57
2026-09-22 19:03:53,725 | [SNDK] ACTION: No trade.
2026-09-22 19:03:53,765 | [SNPS] trending (ADX 49.9) -> trend-following strategy | Signal: HOLD | Shares held: 0.0 | Last price: $410.66
2026-09-22 19:03:53,766 | [SNPS] ACTION: No trade.
2026-09-22 19:03:53,806 | [SO] choppy/sideways (ADX 11.7) -> mean-reversion strategy | Signal: HOLD | Shares held: 0.0 | Last price: $85.23
2026-09-22 19:03:53,806 | [SO] ACTION: No trade.
2026-09-22 19:03:53,845 | [SPG] choppy/sideways (ADX 17.0) -> mean-reversion strategy | Signal: HOLD | Shares held: 0.0 | Last price: $205.84
2026-09-22 19:03:53,845 | [SPG] ACTION: No trade.
2026-09-22 19:03:53,886 | [SPGI] choppy/sideways (ADX 13.4) -> mean-reversion strategy | Signal: HOLD | Shares held: 0.0 | Last price: $402.71
2026-09-22 19:03:53,887 | [SPGI] ACTION: No trade.
2026-09-22 19:03:56,935 | [SRE] choppy/sideways (ADX 19.9) -> mean-reversion strategy | Signal: HOLD | Shares held: 0.0 | Last price: $80.94
2026-09-22 19:03:56,935 | [SRE] ACTION: No trade.
2026-09-22 19:03:56,977 | [STE] trending (ADX 37.5) -> trend-following strategy | Signal: HOLD | Shares held: 0.0 | Last price: $208.85
2026-09-22 19:03:56,977 | [STE] ACTION: No trade.
2026-09-22 19:03:57,018 | [STLD] choppy/sideways (ADX 19.3) -> mean-reversion strategy | Signal: HOLD | Shares held: 0.0 | Last price: $233.28
2026-09-22 19:03:57,018 | [STLD] ACTION: No trade.
2026-09-22 19:03:57,057 | [STT] choppy/sideways (ADX 20.2) -> mean-reversion strategy | Signal: HOLD | Shares held: 0.0 | Last price: $180.43
2026-09-22 19:03:57,057 | [STT] ACTION: No trade.
2026-09-22 19:03:57,097 | [STX] trending (ADX 41.3) -> trend-following strategy | Signal: HOLD | Shares held: 0.0 | Last price: $915.42
2026-09-22 19:03:57,097 | [STX] ACTION: No trade.
2026-09-22 19:03:57,139 | [STZ] trending (ADX 31.9) -> trend-following strategy | Signal: HOLD | Shares held: 0.0 | Last price: $117.42
2026-09-22 19:03:57,139 | [STZ] ACTION: No trade.
2026-09-22 19:03:57,179 | [SW] choppy/sideways (ADX 21.6) -> mean-reversion strategy | Signal: HOLD | Shares held: 0.0 | Last price: $46.55
2026-09-22 19:03:57,179 | [SW] ACTION: No trade.
2026-09-22 19:03:57,219 | [SWK] trending (ADX 36.0) -> trend-following strategy | Signal: HOLD | Shares held: 0.0 | Last price: $91.54
2026-09-22 19:03:57,219 | [SWK] ACTION: No trade.
2026-09-22 19:03:57,260 | [SWKS] choppy/sideways (ADX 14.7) -> mean-reversion strategy | Signal: HOLD | Shares held: 0.0 | Last price: $89.21
2026-09-22 19:03:57,260 | [SWKS] ACTION: No trade.
2026-09-22 19:03:57,303 | [SYF] choppy/sideways (ADX 24.7) -> mean-reversion strategy | Signal: HOLD | Shares held: 0.0 | Last price: $73.06
2026-09-22 19:03:57,303 | [SYF] ACTION: No trade.
2026-09-22 19:03:57,343 | [SYK] trending (ADX 28.2) -> trend-following strategy | Signal: HOLD | Shares held: 0.0 | Last price: $275.57
2026-09-22 19:03:57,343 | [SYK] ACTION: No trade.
2026-09-22 19:03:57,384 | [SYY] choppy/sideways (ADX 12.0) -> mean-reversion strategy | Signal: HOLD | Shares held: 0.0 | Last price: $78.64
2026-09-22 19:03:57,384 | [SYY] ACTION: No trade.
2026-09-22 19:03:57,416 | [T] trending (ADX 36.6) -> trend-following strategy | Signal: HOLD | Shares held: 0.0 | Last price: $25.06
2026-09-22 19:03:57,416 | [T] ACTION: No trade.
2026-09-22 19:04:00,472 | [TDG] trending (ADX 33.0) -> trend-following strategy | Signal: HOLD | Shares held: 0.0 | Last price: $1107.13
2026-09-22 19:04:00,472 | [TDG] ACTION: No trade.
2026-09-22 19:04:00,513 | [TDY] trending (ADX 29.6) -> trend-following strategy | Signal: HOLD | Shares held: 0.0 | Last price: $612.11
2026-09-22 19:04:00,513 | [TDY] ACTION: No trade.
2026-09-22 19:04:00,556 | [TECH] choppy/sideways (ADX 23.3) -> mean-reversion strategy | Signal: HOLD | Shares held: 0.0 | Last price: $72.58
2026-09-22 19:04:00,556 | [TECH] ACTION: No trade.
2026-09-22 19:04:00,597 | [TEL] trending (ADX 34.1) -> trend-following strategy | Signal: HOLD | Shares held: 0.0 | Last price: $212.41
2026-09-22 19:04:00,597 | [TEL] ACTION: No trade.
2026-09-22 19:04:00,637 | [TER] trending (ADX 38.2) -> trend-following strategy | Signal: HOLD | Shares held: 0.0 | Last price: $395.49
2026-09-22 19:04:00,638 | [TER] ACTION: No trade.
2026-09-22 19:04:00,681 | [TFC] trending (ADX 34.4) -> trend-following strategy | Signal: HOLD | Shares held: 0.0 | Last price: $47.97
2026-09-22 19:04:00,681 | [TFC] ACTION: No trade.
2026-09-22 19:04:00,723 | [TGT] choppy/sideways (ADX 14.0) -> mean-reversion strategy | Signal: HOLD | Shares held: 0.0 | Last price: $159.92
2026-09-22 19:04:00,723 | [TGT] ACTION: No trade.
2026-09-22 19:04:00,763 | [TJX] choppy/sideways (ADX 17.5) -> mean-reversion strategy | Signal: HOLD | Shares held: 0.0 | Last price: $130.78
2026-09-22 19:04:00,764 | [TJX] ACTION: No trade.
2026-09-22 19:04:00,807 | [TKO] trending (ADX 26.8) -> trend-following strategy | Signal: HOLD | Shares held: 0.0 | Last price: $188.01
2026-09-22 19:04:00,807 | [TKO] ACTION: No trade.
2026-09-22 19:04:00,838 | [TMO] choppy/sideways (ADX 17.5) -> mean-reversion strategy | Signal: HOLD | Shares held: 0.0 | Last price: $657.63
2026-09-22 19:04:00,838 | [TMO] ACTION: No trade.
2026-09-22 19:04:00,869 | [TMUS] trending (ADX 36.1) -> trend-following strategy | Signal: HOLD | Shares held: 0.0 | Last price: $161.66
2026-09-22 19:04:00,869 | [TMUS] ACTION: No trade.
2026-09-22 19:04:00,910 | [TPL] choppy/sideways (ADX 19.7) -> mean-reversion strategy | Signal: HOLD | Shares held: 0.0 | Last price: $357.28
2026-09-22 19:04:00,910 | [TPL] ACTION: No trade.
2026-09-22 19:04:00,952 | [TPR] choppy/sideways (ADX 18.4) -> mean-reversion strategy | Signal: HOLD | Shares held: 0.0 | Last price: $112.27
2026-09-22 19:04:00,952 | [TPR] ACTION: No trade.
2026-09-22 19:04:04,004 | [TRGP] trending (ADX 35.1) -> trend-following strategy | Signal: HOLD | Shares held: 0.0 | Last price: $286.05
2026-09-22 19:04:04,004 | [TRGP] ACTION: No trade.
2026-09-22 19:04:04,043 | [TRMB] trending (ADX 38.7) -> trend-following strategy | Signal: HOLD | Shares held: 0.0 | Last price: $58.98
2026-09-22 19:04:04,043 | [TRMB] ACTION: No trade.
2026-09-22 19:04:04,083 | [TROW] choppy/sideways (ADX 19.2) -> mean-reversion strategy | Signal: HOLD | Shares held: 0.0 | Last price: $104.05
2026-09-22 19:04:04,083 | [TROW] ACTION: No trade.
2026-09-22 19:04:04,126 | [TRV] trending (ADX 39.7) -> trend-following strategy | Signal: HOLD | Shares held: 0.0 | Last price: $362.36
2026-09-22 19:04:04,126 | [TRV] ACTION: No trade.
2026-09-22 19:04:04,164 | [TSCO] trending (ADX 25.4) -> trend-following strategy | Signal: HOLD | Shares held: 0.0 | Last price: $32.99
2026-09-22 19:04:04,164 | [TSCO] ACTION: No trade.
2026-09-22 19:04:04,195 | [TSLA] trending (ADX 35.6) -> trend-following strategy | Signal: HOLD | Shares held: 0.0 | Last price: $379.73
2026-09-22 19:04:04,195 | [TSLA] ACTION: No trade.
2026-09-22 19:04:04,236 | [TSN] choppy/sideways (ADX 20.9) -> mean-reversion strategy | Signal: HOLD | Shares held: 0.0 | Last price: $52.00
2026-09-22 19:04:04,236 | [TSN] ACTION: No trade.
2026-09-22 19:04:04,279 | [TT] trending (ADX 45.9) -> trend-following strategy | Signal: HOLD | Shares held: 0.0 | Last price: $437.85
2026-09-22 19:04:04,279 | [TT] ACTION: No trade.
2026-09-22 19:04:04,319 | [TTWO] choppy/sideways (ADX 16.1) -> mean-reversion strategy | Signal: HOLD | Shares held: 0.0 | Last price: $205.88
2026-09-22 19:04:04,319 | [TTWO] ACTION: No trade.
2026-09-22 19:04:04,349 | [TXN] choppy/sideways (ADX 19.6) -> mean-reversion strategy | Signal: HOLD | Shares held: 0.0 | Last price: $269.01
2026-09-22 19:04:04,349 | [TXN] ACTION: No trade.
2026-09-22 19:04:04,387 | [TXT] choppy/sideways (ADX 21.8) -> mean-reversion strategy | Signal: HOLD | Shares held: 0.0 | Last price: $78.17
2026-09-22 19:04:04,387 | [TXT] ACTION: No trade.
2026-09-22 19:04:04,431 | [TYL] choppy/sideways (ADX 19.0) -> mean-reversion strategy | Signal: HOLD | Shares held: 0.0 | Last price: $331.48
2026-09-22 19:04:04,432 | [TYL] ACTION: No trade.
2026-09-22 19:04:04,471 | [UAL] trending (ADX 35.2) -> trend-following strategy | Signal: HOLD | Shares held: 0.0 | Last price: $115.31
2026-09-22 19:04:04,471 | [UAL] ACTION: No trade.
2026-09-22 19:04:04,512 | [UBER] choppy/sideways (ADX 20.3) -> mean-reversion strategy | Signal: HOLD | Shares held: 0.0 | Last price: $69.55
2026-09-22 19:04:04,512 | [UBER] ACTION: No trade.
2026-09-22 19:04:07,565 | [UDR] trending (ADX 43.3) -> trend-following strategy | Signal: HOLD | Shares held: 0.0 | Last price: $34.20
2026-09-22 19:04:07,566 | [UDR] ACTION: No trade.
2026-09-22 19:04:07,606 | [UHS] trending (ADX 37.3) -> trend-following strategy | Signal: HOLD | Shares held: 0.0 | Last price: $180.81
2026-09-22 19:04:07,606 | [UHS] ACTION: No trade.
2026-09-22 19:04:07,647 | [ULTA] choppy/sideways (ADX 21.6) -> mean-reversion strategy | Signal: HOLD | Shares held: 0.0 | Last price: $555.52
2026-09-22 19:04:07,647 | [ULTA] ACTION: No trade.
2026-09-22 19:04:07,677 | [UNH] choppy/sideways (ADX 12.3) -> mean-reversion strategy | Signal: HOLD | Shares held: 0.0 | Last price: $373.77
2026-09-22 19:04:07,677 | [UNH] ACTION: No trade.
2026-09-22 19:04:07,717 | [UNP] choppy/sideways (ADX 24.6) -> mean-reversion strategy | Signal: HOLD | Shares held: 0.0 | Last price: $273.52
2026-09-22 19:04:07,717 | [UNP] ACTION: No trade.
2026-09-22 19:04:07,746 | [UPS] trending (ADX 26.1) -> trend-following strategy | Signal: HOLD | Shares held: 0.0 | Last price: $95.69
2026-09-22 19:04:07,746 | [UPS] ACTION: No trade.
2026-09-22 19:04:07,786 | [URI] trending (ADX 50.1) -> trend-following strategy | Signal: HOLD | Shares held: 0.0 | Last price: $1050.99
2026-09-22 19:04:07,787 | [URI] ACTION: No trade.
2026-09-22 19:04:07,828 | [USB] trending (ADX 27.7) -> trend-following strategy | Signal: HOLD | Shares held: 0.0 | Last price: $59.40
2026-09-22 19:04:07,828 | [USB] ACTION: No trade.
2026-09-22 19:04:07,859 | [V] choppy/sideways (ADX 23.8) -> mean-reversion strategy | Signal: HOLD | Shares held: 0.0 | Last price: $363.26
2026-09-22 19:04:07,859 | [V] ACTION: No trade.
2026-09-22 19:04:07,907 | [VEEV] trending (ADX 37.9) -> trend-following strategy | Signal: HOLD | Shares held: 0.0 | Last price: $263.08
2026-09-22 19:04:07,907 | [VEEV] ACTION: No trade.
2026-09-22 19:04:07,947 | [VICI] choppy/sideways (ADX 17.6) -> mean-reversion strategy | Signal: HOLD | Shares held: 0.0 | Last price: $24.00
2026-09-22 19:04:07,947 | [VICI] ACTION: No trade.
2026-09-22 19:04:07,990 | [VICR] trending (ADX 53.7) -> trend-following strategy | Signal: HOLD | Shares held: 0.0 | Last price: $265.43
2026-09-22 19:04:07,990 | [VICR] ACTION: No trade.
2026-09-22 19:04:08,030 | [VLO] choppy/sideways (ADX 19.8) -> mean-reversion strategy | Signal: HOLD | Shares held: 0.0 | Last price: $386.38
2026-09-22 19:04:08,030 | [VLO] ACTION: No trade.
2026-09-22 19:04:08,071 | [VLTO] trending (ADX 36.9) -> trend-following strategy | Signal: HOLD | Shares held: 0.0 | Last price: $95.83
2026-09-22 19:04:08,071 | [VLTO] ACTION: No trade.
2026-09-22 19:04:08,111 | [VMC] choppy/sideways (ADX 18.6) -> mean-reversion strategy | Signal: HOLD | Shares held: 0.0 | Last price: $246.24
2026-09-22 19:04:08,111 | [VMC] ACTION: No trade.
2026-09-22 19:04:11,162 | [VMRK] choppy/sideways (ADX 20.7) -> mean-reversion strategy | Signal: HOLD | Shares held: 0.0 | Last price: $62.21
2026-09-22 19:04:11,162 | [VMRK] ACTION: No trade.
2026-09-22 19:04:11,202 | [VRSK] choppy/sideways (ADX 16.4) -> mean-reversion strategy | Signal: HOLD | Shares held: 0.0 | Last price: $171.99
2026-09-22 19:04:11,202 | [VRSK] ACTION: No trade.
2026-09-22 19:04:11,245 | [VRSN] choppy/sideways (ADX 23.3) -> mean-reversion strategy | Signal: HOLD | Shares held: 0.0 | Last price: $299.58
2026-09-22 19:04:11,245 | [VRSN] ACTION: No trade.
2026-09-22 19:04:11,289 | [VRT] choppy/sideways (ADX 13.3) -> mean-reversion strategy | Signal: HOLD | Shares held: 0.0 | Last price: $253.48
2026-09-22 19:04:11,289 | [VRT] ACTION: No trade.
2026-09-22 19:04:11,330 | [VRTX] trending (ADX 43.0) -> trend-following strategy | Signal: HOLD | Shares held: 0.0 | Last price: $522.64
2026-09-22 19:04:11,330 | [VRTX] ACTION: No trade.
2026-09-22 19:04:11,369 | [VST] choppy/sideways (ADX 15.4) -> mean-reversion strategy | Signal: HOLD | Shares held: 0.0 | Last price: $140.93
2026-09-22 19:04:11,369 | [VST] ACTION: No trade.
2026-09-22 19:04:11,408 | [VTR] choppy/sideways (ADX 7.9) -> mean-reversion strategy | Signal: HOLD | Shares held: 0.0 | Last price: $86.81
2026-09-22 19:04:11,408 | [VTR] ACTION: No trade.
2026-09-22 19:04:11,447 | [VTRS] choppy/sideways (ADX 13.3) -> mean-reversion strategy | Signal: HOLD | Shares held: 0.0 | Last price: $17.14
2026-09-22 19:04:11,447 | [VTRS] ACTION: No trade.
2026-09-22 19:04:11,476 | [VZ] trending (ADX 52.8) -> trend-following strategy | Signal: HOLD | Shares held: 0.0 | Last price: $46.38
2026-09-22 19:04:11,476 | [VZ] ACTION: No trade.
2026-09-22 19:04:11,517 | [WAB] trending (ADX 37.1) -> trend-following strategy | Signal: HOLD | Shares held: 0.0 | Last price: $288.21
2026-09-22 19:04:11,517 | [WAB] ACTION: No trade.
2026-09-22 19:04:11,560 | [WAT] choppy/sideways (ADX 22.2) -> mean-reversion strategy | Signal: HOLD | Shares held: 0.0 | Last price: $426.57
2026-09-22 19:04:11,560 | [WAT] ACTION: No trade.
2026-09-22 19:04:11,600 | [WBD] trending (ADX 63.2) -> trend-following strategy | Signal: HOLD | Shares held: 0.0 | Last price: $30.81
2026-09-22 19:04:11,601 | [WBD] ACTION: No trade.
2026-09-22 19:04:11,640 | [WDAY] choppy/sideways (ADX 11.5) -> mean-reversion strategy | Signal: HOLD | Shares held: 0.0 | Last price: $189.60
2026-09-22 19:04:11,640 | [WDAY] ACTION: No trade.
2026-09-22 19:04:14,692 | [WDC] trending (ADX 38.3) -> trend-following strategy | Signal: HOLD | Shares held: 0.0 | Last price: $460.76
2026-09-22 19:04:14,692 | [WDC] ACTION: No trade.
2026-09-22 19:04:14,732 | [WEC] choppy/sideways (ADX 23.8) -> mean-reversion strategy | Signal: HOLD | Shares held: 0.0 | Last price: $102.86
2026-09-22 19:04:14,732 | [WEC] ACTION: No trade.
2026-09-22 19:04:14,772 | [WELL] choppy/sideways (ADX 15.9) -> mean-reversion strategy | Signal: HOLD | Shares held: 0.0 | Last price: $230.49
2026-09-22 19:04:14,772 | [WELL] ACTION: No trade.
2026-09-22 19:04:14,802 | [WFC] trending (ADX 37.2) -> trend-following strategy | Signal: HOLD | Shares held: 0.0 | Last price: $83.55
2026-09-22 19:04:14,803 | [WFC] ACTION: No trade.
2026-09-22 19:04:14,843 | [WM] trending (ADX 32.3) -> trend-following strategy | Signal: HOLD | Shares held: 0.0 | Last price: $207.26
2026-09-22 19:04:14,843 | [WM] ACTION: No trade.
2026-09-22 19:04:14,883 | [WMB] choppy/sideways (ADX 22.0) -> mean-reversion strategy | Signal: HOLD | Shares held: 0.0 | Last price: $71.16
2026-09-22 19:04:14,883 | [WMB] ACTION: No trade.
2026-09-22 19:04:14,915 | [WMT] trending (ADX 40.9) -> trend-following strategy | Signal: HOLD | Shares held: 0.0 | Last price: $109.82
2026-09-22 19:04:14,915 | [WMT] ACTION: No trade.
2026-09-22 19:04:14,956 | [WRB] trending (ADX 27.8) -> trend-following strategy | Signal: HOLD | Shares held: 0.0 | Last price: $68.44
2026-09-22 19:04:14,956 | [WRB] ACTION: No trade.
2026-09-22 19:04:14,997 | [WSM] trending (ADX 40.1) -> trend-following strategy | Signal: HOLD | Shares held: 0.0 | Last price: $233.03
2026-09-22 19:04:14,997 | [WSM] ACTION: No trade.
2026-09-22 19:04:15,040 | [WST] trending (ADX 41.4) -> trend-following strategy | Signal: HOLD | Shares held: 0.0 | Last price: $374.48
2026-09-22 19:04:15,040 | [WST] ACTION: No trade.
2026-09-22 19:04:15,079 | [WTW] trending (ADX 34.4) -> trend-following strategy | Signal: HOLD | Shares held: 0.0 | Last price: $300.64
2026-09-22 19:04:15,079 | [WTW] ACTION: No trade.
2026-09-22 19:04:15,120 | [WYNN] choppy/sideways (ADX 15.6) -> mean-reversion strategy | Signal: HOLD | Shares held: 0.0 | Last price: $82.60
2026-09-22 19:04:15,120 | [WYNN] ACTION: No trade.
2026-09-22 19:04:15,161 | [XEL] choppy/sideways (ADX 23.8) -> mean-reversion strategy | Signal: HOLD | Shares held: 0.0 | Last price: $71.94
2026-09-22 19:04:15,161 | [XEL] ACTION: No trade.
2026-09-22 19:04:15,192 | [XOM] choppy/sideways (ADX 19.2) -> mean-reversion strategy | Signal: HOLD | Shares held: 0.0 | Last price: $159.15
2026-09-22 19:04:15,192 | [XOM] ACTION: No trade.
2026-09-22 19:04:15,232 | [XYL] choppy/sideways (ADX 13.7) -> mean-reversion strategy | Signal: HOLD | Shares held: 0.0 | Last price: $107.48
2026-09-22 19:04:15,232 | [XYL] ACTION: No trade.
2026-09-22 19:04:18,285 | [XYZ] choppy/sideways (ADX 15.4) -> mean-reversion strategy | Signal: HOLD | Shares held: 0.0 | Last price: $77.33
2026-09-22 19:04:18,285 | [XYZ] ACTION: No trade.
2026-09-22 19:04:18,324 | [YUM] trending (ADX 29.7) -> trend-following strategy | Signal: HOLD | Shares held: 0.0 | Last price: $139.80
2026-09-22 19:04:18,324 | [YUM] ACTION: No trade.
2026-09-22 19:04:18,363 | [ZBH] choppy/sideways (ADX 18.7) -> mean-reversion strategy | Signal: HOLD | Shares held: 0.0 | Last price: $93.62
2026-09-22 19:04:18,363 | [ZBH] ACTION: No trade.
2026-09-22 19:04:18,402 | [ZBRA] trending (ADX 55.1) -> trend-following strategy | Signal: HOLD | Shares held: 0.0 | Last price: $362.77
2026-09-22 19:04:18,402 | [ZBRA] ACTION: No trade.
2026-09-22 19:04:18,442 | [ZTS] trending (ADX 33.5) -> trend-following strategy | Signal: HOLD | Shares held: 0.0 | Last price: $72.92
2026-09-22 19:04:18,442 | [ZTS] ACTION: No trade.
2026-09-22 19:19:18,524 | Market is open (closes 2026-09-22 22:00:00 CEST your local time). Checking 491 symbols: A, AAPL, ABBV, ABNB, ABT, ACGL, ACN, ADBE, ADI, ADM, ADP, ADSK, AEE, AEP, AFL, AIG, AIZ, AJG, AKAM, ALB, ALGN, ALL, ALLE, AMAT, AMCR, AMD, AME, AMGN, AMP, AMT, AMZN, ANET, AON, APA, APD, APH, APO, APP, APTV, ARE, ARES, ATO, AVGO, AVY, AWK, AXON, AXP, AZO, BA, BAC, BALL, BAX, BBY, BDX, BE, BEN, BG, BIIB, BKNG, BKR, BLK, BMY, BNY, BR, BRK.B, BRO, BSX, BX, BXP, C, CAH, CARR, CASY, CAT, CB, CBOE, CBRE, CCI, CCL, CDNS, CDW, CEG, CF, CFG, CHD, CHRW, CHTR, CI, CIEN, CINF, CL, CLX, CMCSA, CME, CMG, CMI, CMS, CNC, CNP, COF, COHR, COIN, COO, COP, COR, COST, CPAY, CPRT, CPT, CRH, CRL, CRM, CRWD, CSCO, CSGP, CSX, CTAS, CTSH, CTVA, CVNA, CVS, CVX, D, DAL, DASH, DD, DDOG, DE, DECK, DELL, DG, DGX, DHI, DHR, DIS, DLR, DLTR, DOC, DOV, DOW, DPZ, DRI, DTE, DUK, DVA, DVN, DXCM, EBAY, ECHO, ECL, ED, EFX, EG, EIX, EL, ELV, EME, EMR, EOG, EQIX, EQT, ES, ESS, ETN, ETR, EVRG, EW, EXC, EXE, EXPD, EXPE, EXR, F, FANG, FAST, FCX, FDS, FDX, FDXF, FE, FERG, FFIV, FICO, FIS, FISV, FITB, FIX, FLEX, FOXA, FRT, FSLR, FTNT, FTV, GD, GDDY, GE, GEHC, GEN, GEV, GILD, GIS, GLW, GM, GNRC, GOOG, GOOGL, GPC, GPN, GRMN, GS, GWW, HAL, HAS, HBAN, HCA, HD, HIG, HII, HLT, HON, HONA, HOOD, HPE, HPQ, HSIC, HST, HSY, HUBB, HUM, HWM, IBKR, IBM, ICE, IDXX, IEX, IFF, ILMN, INCY, INTC, INTU, INVH, IP, IQV, IR, IRM, ISRG, IT, ITW, IVZ, J, JBHT, JBL, JCI, JKHY, JNJ, JPM, KDP, KEY, KEYS, KHC, KKR, KLAC, KMB, KMI, KO, KR, KVUE, L, LDOS, LEN, LH, LHX, LII, LIN, LITE, LLY, LMT, LNT, LOW, LRCX, LULU, LUV, LVS, LYB, LYV, MA, MAA, MAR, MAS, MCD, MCHP, MCK, MCO, MDLZ, MDT, MET, META, MGM, MKC, MLM, MMM, MNST, MO, MOS, MPC, MPWR, MRK, MRNA, MRSH, MRVL, MS, MSCI, MSFT, MSI, MTB, MTD, MU, NCLH, NDAQ, NDSN, NEE, NEM, NFLX, NI, NKE, NOC, NOW, NRG, NSC, NTAP, NTRS, NUE, NVDA, NVR, NWSA, NXPI, O, ODFL, OKE, OMC, ON, ORCL, ORLY, OTIS, OXY, P, PANW, PAYX, PCAR, PCG, PEG, PEP, PFE, PFG, PG, PGR, PH, PHM, PKG, PLD, PLTR, PM, PNC, PNR, PNW, PODD, PPG, PPL, PRU, PSA, PSX, PTC, PWR, PYPL, Q, QCOM, RCL, RDDT, REGN, RF, RJF, RL, RMD, ROK, ROL, ROP, ROST, RSG, RTX, RVTY, SBAC, SBUX, SCHW, SHW, SJM, SLB, SMCI, SNA, SNDK, SNPS, SO, SPG, SPGI, SRE, STE, STLD, STT, STX, STZ, SW, SWK, SWKS, SYF, SYK, SYY, T, TDG, TDY, TECH, TEL, TER, TFC, TGT, TJX, TKO, TMO, TMUS, TPL, TPR, TRGP, TRMB, TROW, TRV, TSCO, TSLA, TSN, TT, TTWO, TXN, TXT, TYL, UAL, UBER, UDR, UHS, ULTA, UNH, UNP, UPS, URI, USB, V, VEEV, VICI, VICR, VLO, VLTO, VMC, VMRK, VRSK, VRSN, VRT, VRTX, VST, VTR, VTRS, VZ, WAB, WAT, WBD, WDAY, WDC, WEC, WELL, WFC, WM, WMB, WMT, WRB, WSM, WST, WTW, WYNN, XEL, XOM, XYL, XYZ, YUM, ZBH, ZBRA, ZTS (within 90 min of close -- not enough runway left today for a new position)
2026-09-22 19:19:38,450 | [A] trending (ADX 45.1) -> trend-following strategy | Signal: HOLD | Shares held: 0.0 | Last price: $166.43
2026-09-22 19:19:38,450 | [A] ACTION: No trade.
2026-09-22 19:19:38,480 | [AAPL] trending (ADX 30.4) -> trend-following strategy | Signal: SELL | Shares held: 0.0 | Last price: $340.23
2026-09-22 19:19:38,480 | [AAPL] ACTION: No trade.
2026-09-22 19:19:38,509 | [ABBV] choppy/sideways (ADX 15.3) -> mean-reversion strategy | Signal: HOLD | Shares held: 0.0 | Last price: $265.61
2026-09-22 19:19:38,509 | [ABBV] ACTION: No trade.
2026-09-22 19:19:38,538 | [ABNB] trending (ADX 37.7) -> trend-following strategy | Signal: HOLD | Shares held: 0.0 | Last price: $161.22
2026-09-22 19:19:38,538 | [ABNB] ACTION: No trade.
2026-09-22 19:19:38,568 | [ABT] trending (ADX 26.4) -> trend-following strategy | Signal: HOLD | Shares held: 0.0 | Last price: $104.18
2026-09-22 19:19:38,568 | [ABT] ACTION: No trade.
2026-09-22 19:19:38,597 | [ACGL] trending (ADX 35.5) -> trend-following strategy | Signal: HOLD | Shares held: 0.0 | Last price: $95.20
2026-09-22 19:19:38,597 | [ACGL] ACTION: No trade.
2026-09-22 19:19:38,626 | [ACN] choppy/sideways (ADX 10.8) -> mean-reversion strategy | Signal: HOLD | Shares held: 0.0 | Last price: $184.21
2026-09-22 19:19:38,626 | [ACN] ACTION: No trade.
2026-09-22 19:19:38,655 | [ADBE] choppy/sideways (ADX 22.4) -> mean-reversion strategy | Signal: HOLD | Shares held: 0.0 | Last price: $238.29
2026-09-22 19:19:38,655 | [ADBE] ACTION: No trade.
2026-09-22 19:19:38,684 | [ADI] trending (ADX 42.0) -> trend-following strategy | Signal: HOLD | Shares held: 0.0 | Last price: $387.82
2026-09-22 19:19:38,684 | [ADI] ACTION: No trade.
2026-09-22 19:19:38,714 | [ADM] choppy/sideways (ADX 22.8) -> mean-reversion strategy | Signal: HOLD | Shares held: 0.0 | Last price: $83.23
2026-09-22 19:19:38,714 | [ADM] ACTION: No trade.
2026-09-22 19:19:38,743 | [ADP] choppy/sideways (ADX 18.6) -> mean-reversion strategy | Signal: HOLD | Shares held: 0.0 | Last price: $269.56
2026-09-22 19:19:38,743 | [ADP] ACTION: No trade.
2026-09-22 19:19:38,772 | [ADSK] trending (ADX 27.2) -> trend-following strategy | Signal: HOLD | Shares held: 0.0 | Last price: $220.19
2026-09-22 19:19:38,772 | [ADSK] ACTION: No trade.
2026-09-22 19:19:38,801 | [AEE] choppy/sideways (ADX 22.5) -> mean-reversion strategy | Signal: HOLD | Shares held: 0.0 | Last price: $101.72
2026-09-22 19:19:38,801 | [AEE] ACTION: No trade.
2026-09-22 19:19:38,831 | [AEP] choppy/sideways (ADX 11.9) -> mean-reversion strategy | Signal: HOLD | Shares held: 0.0 | Last price: $120.20
2026-09-22 19:19:38,831 | [AEP] ACTION: No trade.
2026-09-22 19:19:38,860 | [AFL] choppy/sideways (ADX 16.4) -> mean-reversion strategy | Signal: HOLD | Shares held: 0.0 | Last price: $114.38
2026-09-22 19:19:38,861 | [AFL] ACTION: No trade.
2026-09-22 19:19:38,890 | [AIG] trending (ADX 30.0) -> trend-following strategy | Signal: HOLD | Shares held: 0.0 | Last price: $75.58
2026-09-22 19:19:38,890 | [AIG] ACTION: No trade.
2026-09-22 19:19:38,919 | [AIZ] trending (ADX 25.5) -> trend-following strategy | Signal: HOLD | Shares held: 0.0 | Last price: $275.09
2026-09-22 19:19:38,919 | [AIZ] ACTION: No trade.
2026-09-22 19:19:38,948 | [AJG] trending (ADX 38.5) -> trend-following strategy | Signal: HOLD | Shares held: 0.0 | Last price: $230.75
2026-09-22 19:19:38,948 | [AJG] ACTION: No trade.
2026-09-22 19:19:38,977 | [AKAM] trending (ADX 39.1) -> trend-following strategy | Signal: HOLD | Shares held: 0.0 | Last price: $118.56
2026-09-22 19:19:38,977 | [AKAM] ACTION: No trade.
2026-09-22 19:19:39,006 | [ALB] trending (ADX 30.2) -> trend-following strategy | Signal: HOLD | Shares held: 0.0 | Last price: $116.64
2026-09-22 19:19:39,007 | [ALB] ACTION: No trade.
2026-09-22 19:19:39,036 | [ALGN] trending (ADX 37.6) -> trend-following strategy | Signal: HOLD | Shares held: 0.0 | Last price: $152.59
2026-09-22 19:19:39,036 | [ALGN] ACTION: No trade.
2026-09-22 19:19:39,066 | [ALL] trending (ADX 58.3) -> trend-following strategy | Signal: HOLD | Shares held: 0.0 | Last price: $229.44
2026-09-22 19:19:39,066 | [ALL] ACTION: No trade.
2026-09-22 19:19:39,095 | [ALLE] trending (ADX 27.7) -> trend-following strategy | Signal: HOLD | Shares held: 0.0 | Last price: $153.94
2026-09-22 19:19:39,096 | [ALLE] ACTION: No trade.
2026-09-22 19:19:39,125 | [AMAT] trending (ADX 25.8) -> trend-following strategy | Signal: HOLD | Shares held: 0.0 | Last price: $470.46
2026-09-22 19:19:39,125 | [AMAT] ACTION: No trade.
2026-09-22 19:19:39,155 | [AMCR] trending (ADX 38.0) -> trend-following strategy | Signal: HOLD | Shares held: 0.0 | Last price: $43.15
2026-09-22 19:19:39,155 | [AMCR] ACTION: No trade.
2026-09-22 19:19:39,185 | [AMD] trending (ADX 27.2) -> trend-following strategy | Signal: HOLD | Shares held: 0.0 | Last price: $620.93
2026-09-22 19:19:39,185 | [AMD] ACTION: No trade.
2026-09-22 19:19:39,215 | [AME] trending (ADX 46.9) -> trend-following strategy | Signal: HOLD | Shares held: 0.0 | Last price: $245.37
2026-09-22 19:19:39,215 | [AME] ACTION: No trade.
2026-09-22 19:19:39,244 | [AMGN] trending (ADX 50.5) -> trend-following strategy | Signal: HOLD | Shares held: 0.0 | Last price: $409.81
2026-09-22 19:19:39,244 | [AMGN] ACTION: No trade.
2026-09-22 19:19:39,275 | [AMP] trending (ADX 31.2) -> trend-following strategy | Signal: HOLD | Shares held: 0.0 | Last price: $515.54
2026-09-22 19:19:39,275 | [AMP] ACTION: No trade.
2026-09-22 19:19:39,306 | [AMT] choppy/sideways (ADX 20.0) -> mean-reversion strategy | Signal: HOLD | Shares held: 0.0 | Last price: $175.52
2026-09-22 19:19:39,306 | [AMT] ACTION: No trade.
2026-09-22 19:19:39,338 | [AMZN] trending (ADX 29.6) -> trend-following strategy | Signal: HOLD | Shares held: 0.0 | Last price: $255.31
2026-09-22 19:19:39,338 | [AMZN] ACTION: No trade.
2026-09-22 19:19:39,368 | [ANET] choppy/sideways (ADX 19.2) -> mean-reversion strategy | Signal: HOLD | Shares held: 0.0 | Last price: $204.95
2026-09-22 19:19:39,368 | [ANET] ACTION: No trade.
2026-09-22 19:19:39,399 | [AON] trending (ADX 37.8) -> trend-following strategy | Signal: HOLD | Shares held: 0.0 | Last price: $286.40
2026-09-22 19:19:39,399 | [AON] ACTION: No trade.
2026-09-22 19:19:39,430 | [APA] trending (ADX 43.3) -> trend-following strategy | Signal: HOLD | Shares held: 0.0 | Last price: $42.68
2026-09-22 19:19:39,430 | [APA] ACTION: No trade.
2026-09-22 19:19:39,490 | [APD] trending (ADX 30.2) -> trend-following strategy | Signal: HOLD | Shares held: 0.0 | Last price: $287.94
2026-09-22 19:19:39,491 | [APD] ACTION: No trade.
2026-09-22 19:19:39,521 | [APH] trending (ADX 27.9) -> trend-following strategy | Signal: HOLD | Shares held: 0.0 | Last price: $83.13
2026-09-22 19:19:39,521 | [APH] ACTION: No trade.
2026-09-22 19:19:39,551 | [APO] choppy/sideways (ADX 18.7) -> mean-reversion strategy | Signal: HOLD | Shares held: 0.0 | Last price: $124.85
2026-09-22 19:19:39,551 | [APO] ACTION: No trade.
2026-09-22 19:19:39,581 | [APP] choppy/sideways (ADX 15.2) -> mean-reversion strategy | Signal: HOLD | Shares held: 0.0 | Last price: $326.84
2026-09-22 19:19:39,581 | [APP] ACTION: No trade.
2026-09-22 19:19:39,611 | [APTV] choppy/sideways (ADX 12.0) -> mean-reversion strategy | Signal: HOLD | Shares held: 0.0 | Last price: $44.75
2026-09-22 19:19:39,611 | [APTV] ACTION: No trade.
2026-09-22 19:19:39,641 | [ARE] choppy/sideways (ADX 13.5) -> mean-reversion strategy | Signal: HOLD | Shares held: 0.0 | Last price: $54.46
2026-09-22 19:19:39,641 | [ARE] ACTION: No trade.
2026-09-22 19:19:39,670 | [ARES] choppy/sideways (ADX 16.6) -> mean-reversion strategy | Signal: HOLD | Shares held: 0.0 | Last price: $125.89
2026-09-22 19:19:39,670 | [ARES] ACTION: No trade.
2026-09-22 19:19:39,699 | [ATO] trending (ADX 41.1) -> trend-following strategy | Signal: HOLD | Shares held: 0.0 | Last price: $158.24
2026-09-22 19:19:39,699 | [ATO] ACTION: No trade.
2026-09-22 19:19:39,729 | [AVGO] trending (ADX 25.5) -> trend-following strategy | Signal: HOLD | Shares held: 0.0 | Last price: $365.46
2026-09-22 19:19:39,729 | [AVGO] ACTION: No trade.
2026-09-22 19:19:39,758 | [AVY] trending (ADX 31.6) -> trend-following strategy | Signal: HOLD | Shares held: 0.0 | Last price: $171.75
2026-09-22 19:19:39,759 | [AVY] ACTION: No trade.
2026-09-22 19:19:39,788 | [AWK] choppy/sideways (ADX 14.1) -> mean-reversion strategy | Signal: HOLD | Shares held: 0.0 | Last price: $134.26
2026-09-22 19:19:39,788 | [AWK] ACTION: No trade.
2026-09-22 19:19:39,817 | [AXON] trending (ADX 41.0) -> trend-following strategy | Signal: HOLD | Shares held: 0.0 | Last price: $458.78
2026-09-22 19:19:39,817 | [AXON] ACTION: No trade.
2026-09-22 19:19:39,847 | [AXP] trending (ADX 29.6) -> trend-following strategy | Signal: HOLD | Shares held: 0.0 | Last price: $305.80
2026-09-22 19:19:39,847 | [AXP] ACTION: No trade.
2026-09-22 19:19:39,877 | [AZO] choppy/sideways (ADX 13.8) -> mean-reversion strategy | Signal: HOLD | Shares held: 0.0 | Last price: $2920.00
2026-09-22 19:19:39,877 | [AZO] ACTION: No trade.
2026-09-22 19:19:39,906 | [BA] choppy/sideways (ADX 16.9) -> mean-reversion strategy | Signal: HOLD | Shares held: 0.0 | Last price: $197.99
2026-09-22 19:19:39,906 | [BA] ACTION: No trade.
2026-09-22 19:19:39,935 | [BAC] trending (ADX 37.9) -> trend-following strategy | Signal: HOLD | Shares held: 0.0 | Last price: $56.43
2026-09-22 19:19:39,936 | [BAC] ACTION: No trade.
2026-09-22 19:19:39,965 | [BALL] trending (ADX 25.0) -> trend-following strategy | Signal: HOLD | Shares held: 0.0 | Last price: $60.16
2026-09-22 19:19:39,965 | [BALL] ACTION: No trade.
2026-09-22 19:19:39,994 | [BAX] trending (ADX 42.9) -> trend-following strategy | Signal: HOLD | Shares held: 0.0 | Last price: $23.66
2026-09-22 19:19:39,994 | [BAX] ACTION: No trade.
2026-09-22 19:19:40,024 | [BBY] trending (ADX 28.3) -> trend-following strategy | Signal: HOLD | Shares held: 0.0 | Last price: $95.03
2026-09-22 19:19:40,024 | [BBY] ACTION: No trade.
2026-09-22 19:19:40,054 | [BDX] trending (ADX 40.3) -> trend-following strategy | Signal: HOLD | Shares held: 0.0 | Last price: $182.99
2026-09-22 19:19:40,054 | [BDX] ACTION: No trade.
2026-09-22 19:19:40,085 | [BE] choppy/sideways (ADX 14.0) -> mean-reversion strategy | Signal: HOLD | Shares held: 0.0 | Last price: $275.05
2026-09-22 19:19:40,085 | [BE] ACTION: No trade.
2026-09-22 19:19:40,114 | [BEN] trending (ADX 26.8) -> trend-following strategy | Signal: HOLD | Shares held: 0.0 | Last price: $33.21
2026-09-22 19:19:40,114 | [BEN] ACTION: No trade.
2026-09-22 19:19:40,145 | [BG] trending (ADX 29.0) -> trend-following strategy | Signal: HOLD | Shares held: 0.0 | Last price: $111.45
2026-09-22 19:19:40,146 | [BG] ACTION: No trade.
2026-09-22 19:19:40,176 | [BIIB] trending (ADX 25.8) -> trend-following strategy | Signal: HOLD | Shares held: 0.0 | Last price: $225.95
2026-09-22 19:19:40,176 | [BIIB] ACTION: No trade.
2026-09-22 19:19:40,207 | [BKNG] trending (ADX 29.0) -> trend-following strategy | Signal: HOLD | Shares held: 0.0 | Last price: $161.06
2026-09-22 19:19:40,207 | [BKNG] ACTION: No trade.
2026-09-22 19:19:40,237 | [BKR] choppy/sideways (ADX 20.7) -> mean-reversion strategy | Signal: HOLD | Shares held: 0.0 | Last price: $56.89
2026-09-22 19:19:40,237 | [BKR] ACTION: No trade.
2026-09-22 19:19:40,267 | [BLK] choppy/sideways (ADX 12.9) -> mean-reversion strategy | Signal: HOLD | Shares held: 0.0 | Last price: $1069.16
2026-09-22 19:19:40,267 | [BLK] ACTION: No trade.
2026-09-22 19:19:40,298 | [BMY] choppy/sideways (ADX 23.4) -> mean-reversion strategy | Signal: HOLD | Shares held: 0.0 | Last price: $62.38
2026-09-22 19:19:40,298 | [BMY] ACTION: No trade.
2026-09-22 19:19:40,328 | [BNY] choppy/sideways (ADX 17.2) -> mean-reversion strategy | Signal: HOLD | Shares held: 0.0 | Last price: $150.80
2026-09-22 19:19:40,328 | [BNY] ACTION: No trade.
2026-09-22 19:19:40,359 | [BR] choppy/sideways (ADX 13.6) -> mean-reversion strategy | Signal: HOLD | Shares held: 0.0 | Last price: $163.05
2026-09-22 19:19:40,359 | [BR] ACTION: No trade.
2026-09-22 19:19:40,389 | [BRK.B] trending (ADX 26.1) -> trend-following strategy | Signal: HOLD | Shares held: 0.0 | Last price: $504.38
2026-09-22 19:19:40,389 | [BRK.B] ACTION: No trade.
2026-09-22 19:19:40,419 | [BRO] trending (ADX 35.8) -> trend-following strategy | Signal: HOLD | Shares held: 0.0 | Last price: $62.53
2026-09-22 19:19:40,420 | [BRO] ACTION: No trade.
2026-09-22 19:19:40,449 | [BSX] trending (ADX 41.9) -> trend-following strategy | Signal: HOLD | Shares held: 0.0 | Last price: $44.82
2026-09-22 19:19:40,449 | [BSX] ACTION: No trade.
2026-09-22 19:19:40,479 | [BX] choppy/sideways (ADX 14.8) -> mean-reversion strategy | Signal: HOLD | Shares held: 0.0 | Last price: $124.74
2026-09-22 19:19:40,479 | [BX] ACTION: No trade.
2026-09-22 19:19:40,509 | [BXP] choppy/sideways (ADX 10.3) -> mean-reversion strategy | Signal: HOLD | Shares held: 0.0 | Last price: $64.25
2026-09-22 19:19:40,509 | [BXP] ACTION: No trade.
2026-09-22 19:19:40,538 | [C] choppy/sideways (ADX 22.5) -> mean-reversion strategy | Signal: HOLD | Shares held: 0.0 | Last price: $132.64
2026-09-22 19:19:40,539 | [C] ACTION: No trade.
2026-09-22 19:19:40,568 | [CAH] trending (ADX 25.1) -> trend-following strategy | Signal: HOLD | Shares held: 0.0 | Last price: $222.00
2026-09-22 19:19:40,568 | [CAH] ACTION: No trade.
2026-09-22 19:19:40,597 | [CARR] choppy/sideways (ADX 20.0) -> mean-reversion strategy | Signal: HOLD | Shares held: 0.0 | Last price: $55.14
2026-09-22 19:19:40,597 | [CARR] ACTION: No trade.
2026-09-22 19:19:40,626 | [CASY] choppy/sideways (ADX 21.9) -> mean-reversion strategy | Signal: HOLD | Shares held: 0.0 | Last price: $587.68
2026-09-22 19:19:40,627 | [CASY] ACTION: No trade.
2026-09-22 19:19:40,656 | [CAT] trending (ADX 27.2) -> trend-following strategy | Signal: HOLD | Shares held: 0.0 | Last price: $807.63
2026-09-22 19:19:40,656 | [CAT] ACTION: No trade.
2026-09-22 19:19:40,686 | [CB] choppy/sideways (ADX 22.7) -> mean-reversion strategy | Signal: HOLD | Shares held: 0.0 | Last price: $336.94
2026-09-22 19:19:40,686 | [CB] ACTION: No trade.
2026-09-22 19:19:40,715 | [CBOE] trending (ADX 26.6) -> trend-following strategy | Signal: HOLD | Shares held: 0.0 | Last price: $265.85
2026-09-22 19:19:40,715 | [CBOE] ACTION: No trade.
2026-09-22 19:19:40,744 | [CBRE] choppy/sideways (ADX 17.9) -> mean-reversion strategy | Signal: HOLD | Shares held: 0.0 | Last price: $140.60
2026-09-22 19:19:40,745 | [CBRE] ACTION: No trade.
2026-09-22 19:19:40,774 | [CCI] choppy/sideways (ADX 15.4) -> mean-reversion strategy | Signal: HOLD | Shares held: 0.0 | Last price: $72.60
2026-09-22 19:19:40,774 | [CCI] ACTION: No trade.
2026-09-22 19:19:40,804 | [CCL] choppy/sideways (ADX 22.7) -> mean-reversion strategy | Signal: HOLD | Shares held: 0.0 | Last price: $22.20
2026-09-22 19:19:40,804 | [CCL] ACTION: No trade.
2026-09-22 19:19:40,833 | [CDNS] trending (ADX 63.3) -> trend-following strategy | Signal: HOLD | Shares held: 0.0 | Last price: $302.80
2026-09-22 19:19:40,833 | [CDNS] ACTION: No trade.
2026-09-22 19:19:40,863 | [CDW] choppy/sideways (ADX 19.9) -> mean-reversion strategy | Signal: HOLD | Shares held: 0.0 | Last price: $148.25
2026-09-22 19:19:40,863 | [CDW] ACTION: No trade.
2026-09-22 19:19:40,892 | [CEG] choppy/sideways (ADX 10.8) -> mean-reversion strategy | Signal: HOLD | Shares held: 0.0 | Last price: $264.24
2026-09-22 19:19:40,892 | [CEG] ACTION: No trade.
2026-09-22 19:19:40,922 | [CF] trending (ADX 43.1) -> trend-following strategy | Signal: HOLD | Shares held: 0.0 | Last price: $121.50
2026-09-22 19:19:40,922 | [CF] ACTION: No trade.
2026-09-22 19:19:40,951 | [CFG] trending (ADX 36.2) -> trend-following strategy | Signal: HOLD | Shares held: 0.0 | Last price: $65.68
2026-09-22 19:19:40,951 | [CFG] ACTION: No trade.
2026-09-22 19:19:40,981 | [CHD] choppy/sideways (ADX 19.9) -> mean-reversion strategy | Signal: HOLD | Shares held: 0.0 | Last price: $96.23
2026-09-22 19:19:40,981 | [CHD] ACTION: No trade.
2026-09-22 19:19:41,010 | [CHRW] trending (ADX 32.9) -> trend-following strategy | Signal: HOLD | Shares held: 0.0 | Last price: $149.04
2026-09-22 19:19:41,010 | [CHRW] ACTION: No trade.
2026-09-22 19:19:41,039 | [CHTR] trending (ADX 39.2) -> trend-following strategy | Signal: HOLD | Shares held: 0.0 | Last price: $117.53
2026-09-22 19:19:41,039 | [CHTR] ACTION: No trade.
2026-09-22 19:19:41,069 | [CI] choppy/sideways (ADX 16.5) -> mean-reversion strategy | Signal: HOLD | Shares held: 0.0 | Last price: $274.65
2026-09-22 19:19:41,069 | [CI] ACTION: No trade.
2026-09-22 19:19:41,098 | [CIEN] trending (ADX 26.7) -> trend-following strategy | Signal: HOLD | Shares held: 0.0 | Last price: $368.27
2026-09-22 19:19:41,099 | [CIEN] ACTION: No trade.
2026-09-22 19:19:41,128 | [CINF] trending (ADX 30.5) -> trend-following strategy | Signal: HOLD | Shares held: 0.0 | Last price: $166.25
2026-09-22 19:19:41,128 | [CINF] ACTION: No trade.
2026-09-22 19:19:41,158 | [CL] choppy/sideways (ADX 14.0) -> mean-reversion strategy | Signal: HOLD | Shares held: 0.0 | Last price: $87.16
2026-09-22 19:19:41,158 | [CL] ACTION: No trade.
2026-09-22 19:19:41,188 | [CLX] trending (ADX 26.8) -> trend-following strategy | Signal: HOLD | Shares held: 0.0 | Last price: $87.15
2026-09-22 19:19:41,188 | [CLX] ACTION: No trade.
2026-09-22 19:19:41,218 | [CMCSA] choppy/sideways (ADX 20.8) -> mean-reversion strategy | Signal: HOLD | Shares held: 0.0 | Last price: $22.38
2026-09-22 19:19:41,218 | [CMCSA] ACTION: No trade.
2026-09-22 19:19:41,247 | [CME] trending (ADX 46.8) -> trend-following strategy | Signal: HOLD | Shares held: 0.0 | Last price: $268.54
2026-09-22 19:19:41,248 | [CME] ACTION: No trade.
2026-09-22 19:19:41,277 | [CMG] choppy/sideways (ADX 13.5) -> mean-reversion strategy | Signal: HOLD | Shares held: 0.0 | Last price: $32.84
2026-09-22 19:19:41,278 | [CMG] ACTION: No trade.
2026-09-22 19:19:41,307 | [CMI] trending (ADX 30.3) -> trend-following strategy | Signal: HOLD | Shares held: 0.0 | Last price: $523.58
2026-09-22 19:19:41,307 | [CMI] ACTION: No trade.
2026-09-22 19:19:41,338 | [CMS] trending (ADX 29.6) -> trend-following strategy | Signal: HOLD | Shares held: 0.0 | Last price: $64.46
2026-09-22 19:19:41,338 | [CMS] ACTION: No trade.
2026-09-22 19:19:41,369 | [CNC] trending (ADX 30.4) -> trend-following strategy | Signal: HOLD | Shares held: 0.0 | Last price: $63.40
2026-09-22 19:19:41,369 | [CNC] ACTION: No trade.
2026-09-22 19:19:41,398 | [CNP] choppy/sideways (ADX 22.3) -> mean-reversion strategy | Signal: HOLD | Shares held: 0.0 | Last price: $37.85
2026-09-22 19:19:41,398 | [CNP] ACTION: No trade.
2026-09-22 19:19:41,428 | [COF] choppy/sideways (ADX 19.9) -> mean-reversion strategy | Signal: HOLD | Shares held: 0.0 | Last price: $200.97
2026-09-22 19:19:41,429 | [COF] ACTION: No trade.
2026-09-22 19:19:41,458 | [COHR] trending (ADX 30.6) -> trend-following strategy | Signal: HOLD | Shares held: 0.0 | Last price: $306.36
2026-09-22 19:19:41,459 | [COHR] ACTION: No trade.
2026-09-22 19:19:41,489 | [COIN] choppy/sideways (ADX 20.1) -> mean-reversion strategy | Signal: HOLD | Shares held: 0.0 | Last price: $201.50
2026-09-22 19:19:41,489 | [COIN] ACTION: No trade.
2026-09-22 19:19:41,519 | [COO] choppy/sideways (ADX 15.2) -> mean-reversion strategy | Signal: HOLD | Shares held: 0.0 | Last price: $55.07
2026-09-22 19:19:41,519 | [COO] ACTION: No trade.
2026-09-22 19:19:41,549 | [COP] trending (ADX 42.4) -> trend-following strategy | Signal: HOLD | Shares held: 0.0 | Last price: $126.11
2026-09-22 19:19:41,549 | [COP] ACTION: No trade.
2026-09-22 19:19:41,579 | [COR] trending (ADX 25.1) -> trend-following strategy | Signal: HOLD | Shares held: 0.0 | Last price: $314.93
2026-09-22 19:19:41,579 | [COR] ACTION: No trade.
2026-09-22 19:19:41,609 | [COST] choppy/sideways (ADX 16.3) -> mean-reversion strategy | Signal: HOLD | Shares held: 0.0 | Last price: $899.05
2026-09-22 19:19:41,609 | [COST] ACTION: No trade.
2026-09-22 19:19:41,640 | [CPAY] trending (ADX 33.8) -> trend-following strategy | Signal: HOLD | Shares held: 0.0 | Last price: $392.76
2026-09-22 19:19:41,640 | [CPAY] ACTION: No trade.
2026-09-22 19:19:41,670 | [CPRT] choppy/sideways (ADX 11.6) -> mean-reversion strategy | Signal: HOLD | Shares held: 0.0 | Last price: $28.93
2026-09-22 19:19:41,671 | [CPRT] ACTION: No trade.
2026-09-22 19:19:41,702 | [CPT] choppy/sideways (ADX 20.1) -> mean-reversion strategy | Signal: HOLD | Shares held: 0.0 | Last price: $99.48
2026-09-22 19:19:41,702 | [CPT] ACTION: No trade.
2026-09-22 19:19:41,733 | [CRH] trending (ADX 43.4) -> trend-following strategy | Signal: HOLD | Shares held: 0.0 | Last price: $87.78
2026-09-22 19:19:41,733 | [CRH] ACTION: No trade.
2026-09-22 19:19:41,765 | [CRL] trending (ADX 36.9) -> trend-following strategy | Signal: HOLD | Shares held: 0.0 | Last price: $286.35
2026-09-22 19:19:41,766 | [CRL] ACTION: No trade.
2026-09-22 19:19:41,797 | [CRM] choppy/sideways (ADX 12.6) -> mean-reversion strategy | Signal: HOLD | Shares held: 0.0 | Last price: $232.85
2026-09-22 19:19:41,797 | [CRM] ACTION: No trade.
2026-09-22 19:19:41,827 | [CRWD] choppy/sideways (ADX 13.4) -> mean-reversion strategy | Signal: HOLD | Shares held: 0.0 | Last price: $248.38
2026-09-22 19:19:41,827 | [CRWD] ACTION: No trade.
2026-09-22 19:19:41,857 | [CSCO] trending (ADX 42.9) -> trend-following strategy | Signal: HOLD | Shares held: 0.0 | Last price: $105.92
2026-09-22 19:19:41,858 | [CSCO] ACTION: No trade.
2026-09-22 19:19:41,887 | [CSGP] choppy/sideways (ADX 21.6) -> mean-reversion strategy | Signal: HOLD | Shares held: 0.0 | Last price: $28.83
2026-09-22 19:19:41,887 | [CSGP] ACTION: No trade.
2026-09-22 19:19:41,917 | [CSX] choppy/sideways (ADX 20.8) -> mean-reversion strategy | Signal: HOLD | Shares held: 0.0 | Last price: $46.56
2026-09-22 19:19:41,917 | [CSX] ACTION: No trade.
2026-09-22 19:19:41,946 | [CTAS] choppy/sideways (ADX 13.0) -> mean-reversion strategy | Signal: HOLD | Shares held: 0.0 | Last price: $197.81
2026-09-22 19:19:41,946 | [CTAS] ACTION: No trade.
2026-09-22 19:19:41,976 | [CTSH] choppy/sideways (ADX 19.6) -> mean-reversion strategy | Signal: HOLD | Shares held: 0.0 | Last price: $58.85
2026-09-22 19:19:41,976 | [CTSH] ACTION: No trade.
2026-09-22 19:19:42,005 | [CTVA] trending (ADX 33.9) -> trend-following strategy | Signal: HOLD | Shares held: 0.0 | Last price: $81.25
2026-09-22 19:19:42,005 | [CTVA] ACTION: No trade.
2026-09-22 19:19:42,035 | [CVNA] choppy/sideways (ADX 15.3) -> mean-reversion strategy | Signal: HOLD | Shares held: 0.0 | Last price: $66.00
2026-09-22 19:19:42,035 | [CVNA] ACTION: No trade.
2026-09-22 19:19:42,064 | [CVS] choppy/sideways (ADX 13.4) -> mean-reversion strategy | Signal: HOLD | Shares held: 0.0 | Last price: $87.27
2026-09-22 19:19:42,064 | [CVS] ACTION: No trade.
2026-09-22 19:19:42,093 | [CVX] trending (ADX 31.1) -> trend-following strategy | Signal: HOLD | Shares held: 0.0 | Last price: $202.93
2026-09-22 19:19:42,094 | [CVX] ACTION: No trade.
2026-09-22 19:19:42,125 | [D] choppy/sideways (ADX 18.9) -> mean-reversion strategy | Signal: HOLD | Shares held: 0.0 | Last price: $62.65
2026-09-22 19:19:42,125 | [D] ACTION: No trade.
2026-09-22 19:19:42,154 | [DAL] trending (ADX 44.3) -> trend-following strategy | Signal: HOLD | Shares held: 0.0 | Last price: $83.32
2026-09-22 19:19:42,154 | [DAL] ACTION: No trade.
2026-09-22 19:19:42,184 | [DASH] choppy/sideways (ADX 13.4) -> mean-reversion strategy | Signal: HOLD | Shares held: 0.0 | Last price: $192.37
2026-09-22 19:19:42,184 | [DASH] ACTION: No trade.
2026-09-22 19:19:42,214 | [DD] trending (ADX 30.5) -> trend-following strategy | Signal: HOLD | Shares held: 0.0 | Last price: $131.84
2026-09-22 19:19:42,214 | [DD] ACTION: No trade.
2026-09-22 19:19:42,244 | [DDOG] trending (ADX 50.6) -> trend-following strategy | Signal: HOLD | Shares held: 0.0 | Last price: $249.22
2026-09-22 19:19:42,244 | [DDOG] ACTION: No trade.
2026-09-22 19:19:42,274 | [DE] trending (ADX 33.2) -> trend-following strategy | Signal: HOLD | Shares held: 0.0 | Last price: $697.97
2026-09-22 19:19:42,274 | [DE] ACTION: No trade.
2026-09-22 19:19:42,303 | [DECK] choppy/sideways (ADX 15.6) -> mean-reversion strategy | Signal: HOLD | Shares held: 0.0 | Last price: $79.78
2026-09-22 19:19:42,304 | [DECK] ACTION: No trade.
2026-09-22 19:19:42,334 | [DELL] trending (ADX 43.3) -> trend-following strategy | Signal: HOLD | Shares held: 0.0 | Last price: $550.54
2026-09-22 19:19:42,334 | [DELL] ACTION: No trade.
2026-09-22 19:19:42,364 | [DG] choppy/sideways (ADX 16.4) -> mean-reversion strategy | Signal: HOLD | Shares held: 0.0 | Last price: $124.13
2026-09-22 19:19:42,364 | [DG] ACTION: No trade.
2026-09-22 19:19:42,394 | [DGX] trending (ADX 42.5) -> trend-following strategy | Signal: HOLD | Shares held: 0.0 | Last price: $235.17
2026-09-22 19:19:42,394 | [DGX] ACTION: No trade.
2026-09-22 19:19:42,425 | [DHI] trending (ADX 47.8) -> trend-following strategy | Signal: HOLD | Shares held: 0.0 | Last price: $144.19
2026-09-22 19:19:42,425 | [DHI] ACTION: No trade.
2026-09-22 19:19:42,454 | [DHR] trending (ADX 41.6) -> trend-following strategy | Signal: HOLD | Shares held: 0.0 | Last price: $220.93
2026-09-22 19:19:42,454 | [DHR] ACTION: No trade.
2026-09-22 19:19:42,483 | [DIS] choppy/sideways (ADX 14.3) -> mean-reversion strategy | Signal: HOLD | Shares held: 0.0 | Last price: $103.77
2026-09-22 19:19:42,483 | [DIS] ACTION: No trade.
2026-09-22 19:19:42,512 | [DLR] choppy/sideways (ADX 17.0) -> mean-reversion strategy | Signal: HOLD | Shares held: 0.0 | Last price: $186.25
2026-09-22 19:19:42,512 | [DLR] ACTION: No trade.
2026-09-22 19:19:42,541 | [DLTR] trending (ADX 30.4) -> trend-following strategy | Signal: HOLD | Shares held: 0.0 | Last price: $116.04
2026-09-22 19:19:42,542 | [DLTR] ACTION: No trade.
2026-09-22 19:19:42,571 | [DOC] choppy/sideways (ADX 19.1) -> mean-reversion strategy | Signal: HOLD | Shares held: 0.0 | Last price: $20.63
2026-09-22 19:19:42,571 | [DOC] ACTION: No trade.
2026-09-22 19:19:42,601 | [DOV] choppy/sideways (ADX 14.9) -> mean-reversion strategy | Signal: HOLD | Shares held: 0.0 | Last price: $186.49
2026-09-22 19:19:42,601 | [DOV] ACTION: No trade.
2026-09-22 19:19:42,631 | [DOW] choppy/sideways (ADX 15.1) -> mean-reversion strategy | Signal: HOLD | Shares held: 0.0 | Last price: $28.18
2026-09-22 19:19:42,631 | [DOW] ACTION: No trade.
2026-09-22 19:19:42,660 | [DPZ] choppy/sideways (ADX 12.9) -> mean-reversion strategy | Signal: HOLD | Shares held: 0.0 | Last price: $296.76
2026-09-22 19:19:42,660 | [DPZ] ACTION: No trade.
2026-09-22 19:19:42,690 | [DRI] trending (ADX 32.9) -> trend-following strategy | Signal: HOLD | Shares held: 0.0 | Last price: $214.02
2026-09-22 19:19:42,690 | [DRI] ACTION: No trade.
2026-09-22 19:19:42,719 | [DTE] trending (ADX 33.6) -> trend-following strategy | Signal: HOLD | Shares held: 0.0 | Last price: $125.95
2026-09-22 19:19:42,719 | [DTE] ACTION: No trade.
2026-09-22 19:19:42,749 | [DUK] trending (ADX 29.3) -> trend-following strategy | Signal: HOLD | Shares held: 0.0 | Last price: $116.48
2026-09-22 19:19:42,749 | [DUK] ACTION: No trade.
2026-09-22 19:19:42,779 | [DVA] choppy/sideways (ADX 10.7) -> mean-reversion strategy | Signal: HOLD | Shares held: 0.0 | Last price: $184.08
2026-09-22 19:19:42,779 | [DVA] ACTION: No trade.
2026-09-22 19:19:42,809 | [DVN] trending (ADX 33.8) -> trend-following strategy | Signal: HOLD | Shares held: 0.0 | Last price: $47.09
2026-09-22 19:19:42,809 | [DVN] ACTION: No trade.
2026-09-22 19:19:42,838 | [DXCM] choppy/sideways (ADX 20.3) -> mean-reversion strategy | Signal: HOLD | Shares held: 0.0 | Last price: $90.02
2026-09-22 19:19:42,838 | [DXCM] ACTION: No trade.
2026-09-22 19:19:42,868 | [EBAY] trending (ADX 26.3) -> trend-following strategy | Signal: HOLD | Shares held: 0.0 | Last price: $109.69
2026-09-22 19:19:42,868 | [EBAY] ACTION: No trade.
2026-09-22 19:19:42,898 | [ECHO] choppy/sideways (ADX 18.2) -> mean-reversion strategy | Signal: HOLD | Shares held: 0.0 | Last price: $95.44
2026-09-22 19:19:42,898 | [ECHO] ACTION: No trade.
2026-09-22 19:19:42,928 | [ECL] trending (ADX 43.7) -> trend-following strategy | Signal: HOLD | Shares held: 0.0 | Last price: $275.89
2026-09-22 19:19:42,928 | [ECL] ACTION: No trade.
2026-09-22 19:19:42,958 | [ED] trending (ADX 39.4) -> trend-following strategy | Signal: HOLD | Shares held: 0.0 | Last price: $103.90
2026-09-22 19:19:42,959 | [ED] ACTION: No trade.
2026-09-22 19:19:42,989 | [EFX] choppy/sideways (ADX 10.1) -> mean-reversion strategy | Signal: HOLD | Shares held: 0.0 | Last price: $159.87
2026-09-22 19:19:42,989 | [EFX] ACTION: No trade.
2026-09-22 19:19:43,019 | [EG] choppy/sideways (ADX 17.6) -> mean-reversion strategy | Signal: HOLD | Shares held: 0.0 | Last price: $371.24
2026-09-22 19:19:43,019 | [EG] ACTION: No trade.
2026-09-22 19:19:43,050 | [EIX] choppy/sideways (ADX 16.1) -> mean-reversion strategy | Signal: HOLD | Shares held: 0.0 | Last price: $55.53
2026-09-22 19:19:43,050 | [EIX] ACTION: No trade.
2026-09-22 19:19:43,081 | [EL] trending (ADX 44.7) -> trend-following strategy | Signal: HOLD | Shares held: 0.0 | Last price: $100.27
2026-09-22 19:19:43,081 | [EL] ACTION: No trade.
2026-09-22 19:19:43,111 | [ELV] choppy/sideways (ADX 15.6) -> mean-reversion strategy | Signal: HOLD | Shares held: 0.0 | Last price: $403.08
2026-09-22 19:19:43,112 | [ELV] ACTION: No trade.
2026-09-22 19:19:43,142 | [EME] choppy/sideways (ADX 10.5) -> mean-reversion strategy | Signal: HOLD | Shares held: 0.0 | Last price: $754.80
2026-09-22 19:19:43,142 | [EME] ACTION: No trade.
2026-09-22 19:19:43,173 | [EMR] trending (ADX 55.6) -> trend-following strategy | Signal: HOLD | Shares held: 0.0 | Last price: $155.04
2026-09-22 19:19:43,173 | [EMR] ACTION: No trade.
2026-09-22 19:19:43,204 | [EOG] trending (ADX 34.9) -> trend-following strategy | Signal: HOLD | Shares held: 0.0 | Last price: $140.38
2026-09-22 19:19:43,204 | [EOG] ACTION: No trade.
2026-09-22 19:19:43,234 | [EQIX] trending (ADX 28.6) -> trend-following strategy | Signal: HOLD | Shares held: 0.0 | Last price: $1064.92
2026-09-22 19:19:43,235 | [EQIX] ACTION: No trade.
2026-09-22 19:19:43,265 | [EQT] trending (ADX 29.1) -> trend-following strategy | Signal: HOLD | Shares held: 0.0 | Last price: $51.45
2026-09-22 19:19:43,265 | [EQT] ACTION: No trade.
2026-09-22 19:19:43,295 | [ES] trending (ADX 32.3) -> trend-following strategy | Signal: HOLD | Shares held: 0.0 | Last price: $66.42
2026-09-22 19:19:43,296 | [ES] ACTION: No trade.
2026-09-22 19:19:43,328 | [ESS] trending (ADX 42.6) -> trend-following strategy | Signal: HOLD | Shares held: 0.0 | Last price: $274.70
2026-09-22 19:19:43,328 | [ESS] ACTION: No trade.
2026-09-22 19:19:43,359 | [ETN] trending (ADX 32.7) -> trend-following strategy | Signal: HOLD | Shares held: 0.0 | Last price: $441.66
2026-09-22 19:19:43,359 | [ETN] ACTION: No trade.
2026-09-22 19:19:43,390 | [ETR] choppy/sideways (ADX 14.8) -> mean-reversion strategy | Signal: HOLD | Shares held: 0.0 | Last price: $101.14
2026-09-22 19:19:43,390 | [ETR] ACTION: No trade.
2026-09-22 19:19:43,420 | [EVRG] choppy/sideways (ADX 20.8) -> mean-reversion strategy | Signal: HOLD | Shares held: 0.0 | Last price: $79.62
2026-09-22 19:19:43,420 | [EVRG] ACTION: No trade.
2026-09-22 19:19:43,450 | [EW] choppy/sideways (ADX 20.1) -> mean-reversion strategy | Signal: HOLD | Shares held: 0.0 | Last price: $88.93
2026-09-22 19:19:43,450 | [EW] ACTION: No trade.
2026-09-22 19:19:43,522 | [EXC] choppy/sideways (ADX 24.4) -> mean-reversion strategy | Signal: HOLD | Shares held: 0.0 | Last price: $41.84
2026-09-22 19:19:43,522 | [EXC] ACTION: No trade.
2026-09-22 19:19:43,552 | [EXE] choppy/sideways (ADX 12.8) -> mean-reversion strategy | Signal: HOLD | Shares held: 0.0 | Last price: $87.73
2026-09-22 19:19:43,552 | [EXE] ACTION: No trade.
2026-09-22 19:19:43,583 | [EXPD] trending (ADX 39.6) -> trend-following strategy | Signal: HOLD | Shares held: 0.0 | Last price: $186.52
2026-09-22 19:19:43,583 | [EXPD] ACTION: No trade.
2026-09-22 19:19:43,613 | [EXPE] trending (ADX 25.8) -> trend-following strategy | Signal: HOLD | Shares held: 0.0 | Last price: $266.57
2026-09-22 19:19:43,614 | [EXPE] ACTION: No trade.
2026-09-22 19:19:43,644 | [EXR] trending (ADX 27.8) -> trend-following strategy | Signal: HOLD | Shares held: 0.0 | Last price: $135.22
2026-09-22 19:19:43,644 | [EXR] ACTION: No trade.
2026-09-22 19:19:43,674 | [F] choppy/sideways (ADX 9.8) -> mean-reversion strategy | Signal: HOLD | Shares held: 0.0 | Last price: $13.06
2026-09-22 19:19:43,674 | [F] ACTION: No trade.
2026-09-22 19:19:43,704 | [FANG] trending (ADX 25.6) -> trend-following strategy | Signal: HOLD | Shares held: 0.0 | Last price: $185.74
2026-09-22 19:19:43,704 | [FANG] ACTION: No trade.
2026-09-22 19:19:43,733 | [FAST] trending (ADX 33.7) -> trend-following strategy | Signal: HOLD | Shares held: 0.0 | Last price: $49.84
2026-09-22 19:19:43,733 | [FAST] ACTION: No trade.
2026-09-22 19:19:43,763 | [FCX] trending (ADX 46.6) -> trend-following strategy | Signal: HOLD | Shares held: 0.0 | Last price: $74.36
2026-09-22 19:19:43,763 | [FCX] ACTION: No trade.
2026-09-22 19:19:43,792 | [FDS] choppy/sideways (ADX 21.1) -> mean-reversion strategy | Signal: HOLD | Shares held: 0.0 | Last price: $279.40
2026-09-22 19:19:43,792 | [FDS] ACTION: No trade.
2026-09-22 19:19:43,821 | [FDX] choppy/sideways (ADX 11.7) -> mean-reversion strategy | Signal: HOLD | Shares held: 0.0 | Last price: $296.32
2026-09-22 19:19:43,821 | [FDX] ACTION: No trade.
2026-09-22 19:19:43,850 | [FDXF] choppy/sideways (ADX 20.4) -> mean-reversion strategy | Signal: HOLD | Shares held: 0.0 | Last price: $119.58
2026-09-22 19:19:43,850 | [FDXF] ACTION: No trade.
2026-09-22 19:19:43,880 | [FE] choppy/sideways (ADX 22.5) -> mean-reversion strategy | Signal: HOLD | Shares held: 0.0 | Last price: $44.89
2026-09-22 19:19:43,880 | [FE] ACTION: No trade.
2026-09-22 19:19:43,910 | [FERG] trending (ADX 40.9) -> trend-following strategy | Signal: HOLD | Shares held: 0.0 | Last price: $220.96
2026-09-22 19:19:43,910 | [FERG] ACTION: No trade.
2026-09-22 19:19:43,940 | [FFIV] choppy/sideways (ADX 24.3) -> mean-reversion strategy | Signal: HOLD | Shares held: 0.0 | Last price: $451.78
2026-09-22 19:19:43,940 | [FFIV] ACTION: No trade.
2026-09-22 19:19:43,970 | [FICO] choppy/sideways (ADX 10.8) -> mean-reversion strategy | Signal: HOLD | Shares held: 0.0 | Last price: $918.52
2026-09-22 19:19:43,970 | [FICO] ACTION: No trade.
2026-09-22 19:19:44,000 | [FIS] choppy/sideways (ADX 22.6) -> mean-reversion strategy | Signal: HOLD | Shares held: 0.0 | Last price: $34.90
2026-09-22 19:19:44,000 | [FIS] ACTION: No trade.
2026-09-22 19:19:44,030 | [FISV] choppy/sideways (ADX 15.8) -> mean-reversion strategy | Signal: HOLD | Shares held: 0.0 | Last price: $45.93
2026-09-22 19:19:44,030 | [FISV] ACTION: No trade.
2026-09-22 19:19:44,060 | [FITB] choppy/sideways (ADX 14.1) -> mean-reversion strategy | Signal: HOLD | Shares held: 0.0 | Last price: $52.72
2026-09-22 19:19:44,060 | [FITB] ACTION: No trade.
2026-09-22 19:19:44,089 | [FIX] choppy/sideways (ADX 14.1) -> mean-reversion strategy | Signal: HOLD | Shares held: 0.0 | Last price: $1623.29
2026-09-22 19:19:44,090 | [FIX] ACTION: No trade.
2026-09-22 19:19:44,119 | [FLEX] trending (ADX 26.5) -> trend-following strategy | Signal: HOLD | Shares held: 0.0 | Last price: $114.27
2026-09-22 19:19:44,119 | [FLEX] ACTION: No trade.
2026-09-22 19:19:44,149 | [FOXA] choppy/sideways (ADX 13.8) -> mean-reversion strategy | Signal: HOLD | Shares held: 0.0 | Last price: $64.24
2026-09-22 19:19:44,149 | [FOXA] ACTION: No trade.
2026-09-22 19:19:44,180 | [FRT] trending (ADX 26.3) -> trend-following strategy | Signal: HOLD | Shares held: 0.0 | Last price: $110.69
2026-09-22 19:19:44,180 | [FRT] ACTION: No trade.
2026-09-22 19:19:44,210 | [FSLR] choppy/sideways (ADX 24.4) -> mean-reversion strategy | Signal: HOLD | Shares held: 0.0 | Last price: $200.03
2026-09-22 19:19:44,210 | [FSLR] ACTION: No trade.
2026-09-22 19:19:44,240 | [FTNT] choppy/sideways (ADX 21.8) -> mean-reversion strategy | Signal: HOLD | Shares held: 0.0 | Last price: $173.77
2026-09-22 19:19:44,240 | [FTNT] ACTION: No trade.
2026-09-22 19:19:44,270 | [FTV] trending (ADX 39.5) -> trend-following strategy | Signal: HOLD | Shares held: 0.0 | Last price: $55.83
2026-09-22 19:19:44,270 | [FTV] ACTION: No trade.
2026-09-22 19:19:44,301 | [GD] trending (ADX 46.6) -> trend-following strategy | Signal: HOLD | Shares held: 0.0 | Last price: $344.25
2026-09-22 19:19:44,301 | [GD] ACTION: No trade.
2026-09-22 19:19:44,331 | [GDDY] trending (ADX 25.6) -> trend-following strategy | Signal: HOLD | Shares held: 0.0 | Last price: $98.40
2026-09-22 19:19:44,331 | [GDDY] ACTION: No trade.
2026-09-22 19:19:44,362 | [GE] choppy/sideways (ADX 17.8) -> mean-reversion strategy | Signal: HOLD | Shares held: 0.0 | Last price: $319.58
2026-09-22 19:19:44,362 | [GE] ACTION: No trade.
2026-09-22 19:19:44,392 | [GEHC] trending (ADX 37.2) -> trend-following strategy | Signal: HOLD | Shares held: 0.0 | Last price: $66.30
2026-09-22 19:19:44,393 | [GEHC] ACTION: No trade.
2026-09-22 19:19:44,423 | [GEN] trending (ADX 60.0) -> trend-following strategy | Signal: HOLD | Shares held: 0.0 | Last price: $26.91
2026-09-22 19:19:44,423 | [GEN] ACTION: No trade.
2026-09-22 19:19:44,453 | [GEV] choppy/sideways (ADX 17.3) -> mean-reversion strategy | Signal: HOLD | Shares held: 0.0 | Last price: $950.88
2026-09-22 19:19:44,453 | [GEV] ACTION: No trade.
2026-09-22 19:19:44,482 | [GILD] choppy/sideways (ADX 19.7) -> mean-reversion strategy | Signal: HOLD | Shares held: 0.0 | Last price: $152.65
2026-09-22 19:19:44,482 | [GILD] ACTION: No trade.
2026-09-22 19:19:44,511 | [GIS] trending (ADX 25.6) -> trend-following strategy | Signal: HOLD | Shares held: 0.0 | Last price: $35.53
2026-09-22 19:19:44,511 | [GIS] ACTION: No trade.
2026-09-22 19:19:44,542 | [GLW] choppy/sideways (ADX 17.0) -> mean-reversion strategy | Signal: HOLD | Shares held: 0.0 | Last price: $159.53
2026-09-22 19:19:44,542 | [GLW] ACTION: No trade.
2026-09-22 19:19:44,573 | [GM] choppy/sideways (ADX 18.1) -> mean-reversion strategy | Signal: HOLD | Shares held: 0.0 | Last price: $83.52
2026-09-22 19:19:44,573 | [GM] ACTION: No trade.
2026-09-22 19:19:44,603 | [GNRC] choppy/sideways (ADX 22.2) -> mean-reversion strategy | Signal: HOLD | Shares held: 0.0 | Last price: $206.15
2026-09-22 19:19:44,603 | [GNRC] ACTION: No trade.
2026-09-22 19:19:44,632 | [GOOG] choppy/sideways (ADX 18.0) -> mean-reversion strategy | Signal: HOLD | Shares held: 0.0 | Last price: $348.11
2026-09-22 19:19:44,632 | [GOOG] ACTION: No trade.
2026-09-22 19:19:44,662 | [GOOGL] choppy/sideways (ADX 18.1) -> mean-reversion strategy | Signal: HOLD | Shares held: 0.0 | Last price: $352.41
2026-09-22 19:19:44,662 | [GOOGL] ACTION: No trade.
2026-09-22 19:19:44,692 | [GPC] trending (ADX 35.6) -> trend-following strategy | Signal: HOLD | Shares held: 0.0 | Last price: $129.79
2026-09-22 19:19:44,692 | [GPC] ACTION: No trade.
2026-09-22 19:19:44,723 | [GPN] choppy/sideways (ADX 11.0) -> mean-reversion strategy | Signal: HOLD | Shares held: 0.0 | Last price: $84.94
2026-09-22 19:19:44,723 | [GPN] ACTION: No trade.
2026-09-22 19:19:44,752 | [GRMN] trending (ADX 32.2) -> trend-following strategy | Signal: HOLD | Shares held: 0.0 | Last price: $282.86
2026-09-22 19:19:44,752 | [GRMN] ACTION: No trade.
2026-09-22 19:19:44,782 | [GS] choppy/sideways (ADX 17.3) -> mean-reversion strategy | Signal: HOLD | Shares held: 0.0 | Last price: $951.16
2026-09-22 19:19:44,782 | [GS] ACTION: No trade.
2026-09-22 19:19:44,811 | [GWW] trending (ADX 29.8) -> trend-following strategy | Signal: HOLD | Shares held: 0.0 | Last price: $1267.51
2026-09-22 19:19:44,811 | [GWW] ACTION: No trade.
2026-09-22 19:19:44,841 | [HAL] choppy/sideways (ADX 20.2) -> mean-reversion strategy | Signal: HOLD | Shares held: 0.0 | Last price: $32.98
2026-09-22 19:19:44,841 | [HAL] ACTION: No trade.
2026-09-22 19:19:44,871 | [HAS] choppy/sideways (ADX 13.5) -> mean-reversion strategy | Signal: HOLD | Shares held: 0.0 | Last price: $87.82
2026-09-22 19:19:44,871 | [HAS] ACTION: No trade.
2026-09-22 19:19:44,901 | [HBAN] trending (ADX 33.0) -> trend-following strategy | Signal: HOLD | Shares held: 0.0 | Last price: $15.63
2026-09-22 19:19:44,901 | [HBAN] ACTION: No trade.
2026-09-22 19:19:44,931 | [HCA] choppy/sideways (ADX 23.8) -> mean-reversion strategy | Signal: SELL | Shares held: 0.0 | Last price: $441.23
2026-09-22 19:19:44,931 | [HCA] ACTION: No trade.
2026-09-22 19:19:44,961 | [HD] trending (ADX 36.5) -> trend-following strategy | Signal: HOLD | Shares held: 0.0 | Last price: $305.36
2026-09-22 19:19:44,961 | [HD] ACTION: No trade.
2026-09-22 19:19:44,990 | [HIG] trending (ADX 40.6) -> trend-following strategy | Signal: HOLD | Shares held: 0.0 | Last price: $129.67
2026-09-22 19:19:44,990 | [HIG] ACTION: No trade.
2026-09-22 19:19:45,020 | [HII] choppy/sideways (ADX 11.4) -> mean-reversion strategy | Signal: HOLD | Shares held: 0.0 | Last price: $271.98
2026-09-22 19:19:45,020 | [HII] ACTION: No trade.
2026-09-22 19:19:45,050 | [HLT] trending (ADX 34.1) -> trend-following strategy | Signal: HOLD | Shares held: 0.0 | Last price: $308.54
2026-09-22 19:19:45,050 | [HLT] ACTION: No trade.
2026-09-22 19:19:45,080 | [HON] trending (ADX 42.7) -> trend-following strategy | Signal: HOLD | Shares held: 0.0 | Last price: $211.54
2026-09-22 19:19:45,080 | [HON] ACTION: No trade.
2026-09-22 19:19:45,110 | [HONA] choppy/sideways (ADX 13.8) -> mean-reversion strategy | Signal: HOLD | Shares held: 0.0 | Last price: $168.00
2026-09-22 19:19:45,110 | [HONA] ACTION: No trade.
2026-09-22 19:19:45,140 | [HOOD] choppy/sideways (ADX 19.2) -> mean-reversion strategy | Signal: HOLD | Shares held: 0.0 | Last price: $124.14
2026-09-22 19:19:45,140 | [HOOD] ACTION: No trade.
2026-09-22 19:19:45,170 | [HPE] choppy/sideways (ADX 13.8) -> mean-reversion strategy | Signal: HOLD | Shares held: 0.0 | Last price: $61.17
2026-09-22 19:19:45,170 | [HPE] ACTION: No trade.
2026-09-22 19:19:45,200 | [HPQ] choppy/sideways (ADX 22.7) -> mean-reversion strategy | Signal: HOLD | Shares held: 0.0 | Last price: $31.95
2026-09-22 19:19:45,200 | [HPQ] ACTION: No trade.
2026-09-22 19:19:45,230 | [HSIC] trending (ADX 37.0) -> trend-following strategy | Signal: HOLD | Shares held: 0.0 | Last price: $87.48
2026-09-22 19:19:45,230 | [HSIC] ACTION: No trade.
2026-09-22 19:19:45,260 | [HST] choppy/sideways (ADX 20.7) -> mean-reversion strategy | Signal: HOLD | Shares held: 0.0 | Last price: $22.27
2026-09-22 19:19:45,260 | [HST] ACTION: No trade.
2026-09-22 19:19:45,291 | [HSY] choppy/sideways (ADX 19.1) -> mean-reversion strategy | Signal: HOLD | Shares held: 0.0 | Last price: $168.60
2026-09-22 19:19:45,291 | [HSY] ACTION: No trade.
2026-09-22 19:19:45,321 | [HUBB] trending (ADX 25.4) -> trend-following strategy | Signal: HOLD | Shares held: 0.0 | Last price: $456.43
2026-09-22 19:19:45,321 | [HUBB] ACTION: No trade.
2026-09-22 19:19:45,352 | [HUM] choppy/sideways (ADX 24.2) -> mean-reversion strategy | Signal: HOLD | Shares held: 0.0 | Last price: $371.70
2026-09-22 19:19:45,352 | [HUM] ACTION: No trade.
2026-09-22 19:19:45,383 | [HWM] choppy/sideways (ADX 11.4) -> mean-reversion strategy | Signal: HOLD | Shares held: 0.0 | Last price: $225.75
2026-09-22 19:19:45,383 | [HWM] ACTION: No trade.
2026-09-22 19:19:45,413 | [IBKR] choppy/sideways (ADX 25.0) -> mean-reversion strategy | Signal: HOLD | Shares held: 0.0 | Last price: $91.47
2026-09-22 19:19:45,413 | [IBKR] ACTION: No trade.
2026-09-22 19:19:45,443 | [IBM] choppy/sideways (ADX 13.8) -> mean-reversion strategy | Signal: HOLD | Shares held: 0.0 | Last price: $232.16
2026-09-22 19:19:45,443 | [IBM] ACTION: No trade.
2026-09-22 19:19:45,473 | [ICE] trending (ADX 32.5) -> trend-following strategy | Signal: HOLD | Shares held: 0.0 | Last price: $153.53
2026-09-22 19:19:45,473 | [ICE] ACTION: No trade.
2026-09-22 19:19:45,503 | [IDXX] choppy/sideways (ADX 15.0) -> mean-reversion strategy | Signal: HOLD | Shares held: 0.0 | Last price: $522.33
2026-09-22 19:19:45,503 | [IDXX] ACTION: No trade.
2026-09-22 19:19:45,534 | [IEX] trending (ADX 29.9) -> trend-following strategy | Signal: HOLD | Shares held: 0.0 | Last price: $226.55
2026-09-22 19:19:45,534 | [IEX] ACTION: No trade.
2026-09-22 19:19:45,564 | [IFF] trending (ADX 35.4) -> trend-following strategy | Signal: HOLD | Shares held: 0.0 | Last price: $85.88
2026-09-22 19:19:45,565 | [IFF] ACTION: No trade.
2026-09-22 19:19:45,594 | [ILMN] choppy/sideways (ADX 15.1) -> mean-reversion strategy | Signal: HOLD | Shares held: 0.0 | Last price: $246.74
2026-09-22 19:19:45,594 | [ILMN] ACTION: No trade.
2026-09-22 19:19:45,624 | [INCY] trending (ADX 27.4) -> trend-following strategy | Signal: HOLD | Shares held: 0.0 | Last price: $127.27
2026-09-22 19:19:45,624 | [INCY] ACTION: No trade.
2026-09-22 19:19:45,653 | [INTC] choppy/sideways (ADX 17.4) -> mean-reversion strategy | Signal: HOLD | Shares held: 0.0 | Last price: $122.91
2026-09-22 19:19:45,653 | [INTC] ACTION: No trade.
2026-09-22 19:19:45,683 | [INTU] choppy/sideways (ADX 17.6) -> mean-reversion strategy | Signal: HOLD | Shares held: 0.0 | Last price: $290.53
2026-09-22 19:19:45,683 | [INTU] ACTION: No trade.
2026-09-22 19:19:45,713 | [INVH] choppy/sideways (ADX 9.7) -> mean-reversion strategy | Signal: HOLD | Shares held: 0.0 | Last price: $27.18
2026-09-22 19:19:45,713 | [INVH] ACTION: No trade.
2026-09-22 19:19:45,743 | [IP] trending (ADX 25.5) -> trend-following strategy | Signal: HOLD | Shares held: 0.0 | Last price: $35.87
2026-09-22 19:19:45,743 | [IP] ACTION: No trade.
2026-09-22 19:19:45,772 | [IQV] trending (ADX 27.0) -> trend-following strategy | Signal: HOLD | Shares held: 0.0 | Last price: $271.26
2026-09-22 19:19:45,772 | [IQV] ACTION: No trade.
2026-09-22 19:19:45,802 | [IR] choppy/sideways (ADX 24.2) -> mean-reversion strategy | Signal: HOLD | Shares held: 0.0 | Last price: $73.43
2026-09-22 19:19:45,802 | [IR] ACTION: No trade.
2026-09-22 19:19:45,831 | [IRM] trending (ADX 40.6) -> trend-following strategy | Signal: HOLD | Shares held: 0.0 | Last price: $118.12
2026-09-22 19:19:45,831 | [IRM] ACTION: No trade.
2026-09-22 19:19:45,861 | [ISRG] choppy/sideways (ADX 17.8) -> mean-reversion strategy | Signal: HOLD | Shares held: 0.0 | Last price: $401.19
2026-09-22 19:19:45,861 | [ISRG] ACTION: No trade.
2026-09-22 19:19:45,890 | [IT] choppy/sideways (ADX 17.1) -> mean-reversion strategy | Signal: HOLD | Shares held: 0.0 | Last price: $179.91
2026-09-22 19:19:45,890 | [IT] ACTION: No trade.
2026-09-22 19:19:45,920 | [ITW] choppy/sideways (ADX 22.7) -> mean-reversion strategy | Signal: HOLD | Shares held: 0.0 | Last price: $269.12
2026-09-22 19:19:45,920 | [ITW] ACTION: No trade.
2026-09-22 19:19:45,950 | [IVZ] choppy/sideways (ADX 19.4) -> mean-reversion strategy | Signal: HOLD | Shares held: 0.0 | Last price: $30.84
2026-09-22 19:19:45,950 | [IVZ] ACTION: No trade.
2026-09-22 19:19:45,980 | [J] choppy/sideways (ADX 14.7) -> mean-reversion strategy | Signal: HOLD | Shares held: 0.0 | Last price: $143.10
2026-09-22 19:19:45,980 | [J] ACTION: No trade.
2026-09-22 19:19:46,010 | [JBHT] choppy/sideways (ADX 24.1) -> mean-reversion strategy | Signal: HOLD | Shares held: 0.0 | Last price: $237.29
2026-09-22 19:19:46,010 | [JBHT] ACTION: No trade.
2026-09-22 19:19:46,039 | [JBL] trending (ADX 48.0) -> trend-following strategy | Signal: HOLD | Shares held: 0.0 | Last price: $307.89
2026-09-22 19:19:46,039 | [JBL] ACTION: No trade.
2026-09-22 19:19:46,069 | [JCI] trending (ADX 33.1) -> trend-following strategy | Signal: HOLD | Shares held: 0.0 | Last price: $146.29
2026-09-22 19:19:46,069 | [JCI] ACTION: No trade.
2026-09-22 19:19:46,099 | [JKHY] choppy/sideways (ADX 20.6) -> mean-reversion strategy | Signal: HOLD | Shares held: 0.0 | Last price: $149.37
2026-09-22 19:19:46,099 | [JKHY] ACTION: No trade.
2026-09-22 19:19:46,130 | [JNJ] choppy/sideways (ADX 18.3) -> mean-reversion strategy | Signal: HOLD | Shares held: 0.0 | Last price: $269.23
2026-09-22 19:19:46,130 | [JNJ] ACTION: No trade.
2026-09-22 19:19:46,161 | [JPM] trending (ADX 32.7) -> trend-following strategy | Signal: HOLD | Shares held: 0.0 | Last price: $340.51
2026-09-22 19:19:46,161 | [JPM] ACTION: No trade.
2026-09-22 19:19:46,192 | [KDP] choppy/sideways (ADX 19.9) -> mean-reversion strategy | Signal: HOLD | Shares held: 0.0 | Last price: $31.38
2026-09-22 19:19:46,192 | [KDP] ACTION: No trade.
2026-09-22 19:19:46,222 | [KEY] choppy/sideways (ADX 22.5) -> mean-reversion strategy | Signal: HOLD | Shares held: 0.0 | Last price: $20.49
2026-09-22 19:19:46,222 | [KEY] ACTION: No trade.
2026-09-22 19:19:46,253 | [KEYS] trending (ADX 40.1) -> trend-following strategy | Signal: HOLD | Shares held: 0.0 | Last price: $346.85
2026-09-22 19:19:46,253 | [KEYS] ACTION: No trade.
2026-09-22 19:19:46,283 | [KHC] choppy/sideways (ADX 18.3) -> mean-reversion strategy | Signal: HOLD | Shares held: 0.0 | Last price: $24.04
2026-09-22 19:19:46,283 | [KHC] ACTION: No trade.
2026-09-22 19:19:46,313 | [KKR] choppy/sideways (ADX 13.4) -> mean-reversion strategy | Signal: HOLD | Shares held: 0.0 | Last price: $99.68
2026-09-22 19:19:46,313 | [KKR] ACTION: No trade.
2026-09-22 19:19:46,343 | [KLAC] trending (ADX 25.8) -> trend-following strategy | Signal: HOLD | Shares held: 0.0 | Last price: $186.61
2026-09-22 19:19:46,343 | [KLAC] ACTION: No trade.
2026-09-22 19:19:46,374 | [KMB] choppy/sideways (ADX 20.2) -> mean-reversion strategy | Signal: HOLD | Shares held: 0.0 | Last price: $98.91
2026-09-22 19:19:46,374 | [KMB] ACTION: No trade.
2026-09-22 19:19:46,406 | [KMI] trending (ADX 34.1) -> trend-following strategy | Signal: HOLD | Shares held: 0.0 | Last price: $31.25
2026-09-22 19:19:46,406 | [KMI] ACTION: No trade.
2026-09-22 19:19:46,436 | [KO] choppy/sideways (ADX 15.8) -> mean-reversion strategy | Signal: HOLD | Shares held: 0.0 | Last price: $88.83
2026-09-22 19:19:46,437 | [KO] ACTION: No trade.
2026-09-22 19:19:46,467 | [KR] trending (ADX 29.5) -> trend-following strategy | Signal: HOLD | Shares held: 0.0 | Last price: $58.78
2026-09-22 19:19:46,467 | [KR] ACTION: No trade.
2026-09-22 19:19:46,497 | [KVUE] choppy/sideways (ADX 20.5) -> mean-reversion strategy | Signal: HOLD | Shares held: 0.0 | Last price: $17.88
2026-09-22 19:19:46,497 | [KVUE] ACTION: No trade.
2026-09-22 19:19:46,527 | [L] trending (ADX 25.4) -> trend-following strategy | Signal: HOLD | Shares held: 0.0 | Last price: $106.35
2026-09-22 19:19:46,528 | [L] ACTION: No trade.
2026-09-22 19:19:46,558 | [LDOS] trending (ADX 29.2) -> trend-following strategy | Signal: HOLD | Shares held: 0.0 | Last price: $123.76
2026-09-22 19:19:46,558 | [LDOS] ACTION: No trade.
2026-09-22 19:19:46,588 | [LEN] trending (ADX 43.3) -> trend-following strategy | Signal: HOLD | Shares held: 0.0 | Last price: $82.76
2026-09-22 19:19:46,588 | [LEN] ACTION: No trade.
2026-09-22 19:19:46,618 | [LH] trending (ADX 36.3) -> trend-following strategy | Signal: HOLD | Shares held: 0.0 | Last price: $312.73
2026-09-22 19:19:46,618 | [LH] ACTION: No trade.
2026-09-22 19:19:46,647 | [LHX] trending (ADX 36.4) -> trend-following strategy | Signal: HOLD | Shares held: 0.0 | Last price: $240.73
2026-09-22 19:19:46,648 | [LHX] ACTION: No trade.
2026-09-22 19:19:46,678 | [LII] trending (ADX 32.7) -> trend-following strategy | Signal: HOLD | Shares held: 0.0 | Last price: $367.62
2026-09-22 19:19:46,678 | [LII] ACTION: No trade.
2026-09-22 19:19:46,708 | [LIN] trending (ADX 31.7) -> trend-following strategy | Signal: HOLD | Shares held: 0.0 | Last price: $465.52
2026-09-22 19:19:46,709 | [LIN] ACTION: No trade.
2026-09-22 19:19:46,739 | [LITE] trending (ADX 26.3) -> trend-following strategy | Signal: HOLD | Shares held: 0.0 | Last price: $943.71
2026-09-22 19:19:46,739 | [LITE] ACTION: No trade.
2026-09-22 19:19:46,770 | [LLY] choppy/sideways (ADX 8.5) -> mean-reversion strategy | Signal: HOLD | Shares held: 0.0 | Last price: $1169.38
2026-09-22 19:19:46,770 | [LLY] ACTION: No trade.
2026-09-22 19:19:46,801 | [LMT] trending (ADX 33.0) -> trend-following strategy | Signal: HOLD | Shares held: 0.0 | Last price: $521.67
2026-09-22 19:19:46,801 | [LMT] ACTION: No trade.
2026-09-22 19:19:46,831 | [LNT] choppy/sideways (ADX 21.6) -> mean-reversion strategy | Signal: HOLD | Shares held: 0.0 | Last price: $64.90
2026-09-22 19:19:46,831 | [LNT] ACTION: No trade.
2026-09-22 19:19:46,861 | [LOW] trending (ADX 39.0) -> trend-following strategy | Signal: HOLD | Shares held: 0.0 | Last price: $196.01
2026-09-22 19:19:46,861 | [LOW] ACTION: No trade.
2026-09-22 19:19:46,890 | [LRCX] trending (ADX 30.9) -> trend-following strategy | Signal: HOLD | Shares held: 0.0 | Last price: $308.50
2026-09-22 19:19:46,890 | [LRCX] ACTION: No trade.
2026-09-22 19:19:46,920 | [LULU] trending (ADX 37.5) -> trend-following strategy | Signal: HOLD | Shares held: 0.0 | Last price: $102.70
2026-09-22 19:19:46,920 | [LULU] ACTION: No trade.
2026-09-22 19:19:46,950 | [LUV] trending (ADX 32.3) -> trend-following strategy | Signal: HOLD | Shares held: 0.0 | Last price: $42.08
2026-09-22 19:19:46,951 | [LUV] ACTION: No trade.
2026-09-22 19:19:46,981 | [LVS] choppy/sideways (ADX 20.6) -> mean-reversion strategy | Signal: HOLD | Shares held: 0.0 | Last price: $39.70
2026-09-22 19:19:46,981 | [LVS] ACTION: No trade.
2026-09-22 19:19:47,011 | [LYB] trending (ADX 37.6) -> trend-following strategy | Signal: HOLD | Shares held: 0.0 | Last price: $59.49
2026-09-22 19:19:47,011 | [LYB] ACTION: No trade.
2026-09-22 19:19:47,041 | [LYV] trending (ADX 26.6) -> trend-following strategy | Signal: HOLD | Shares held: 0.0 | Last price: $169.59
2026-09-22 19:19:47,041 | [LYV] ACTION: No trade.
2026-09-22 19:19:47,072 | [MA] choppy/sideways (ADX 21.0) -> mean-reversion strategy | Signal: HOLD | Shares held: 0.0 | Last price: $558.39
2026-09-22 19:19:47,072 | [MA] ACTION: No trade.
2026-09-22 19:19:47,102 | [MAA] choppy/sideways (ADX 17.7) -> mean-reversion strategy | Signal: HOLD | Shares held: 0.0 | Last price: $119.30
2026-09-22 19:19:47,102 | [MAA] ACTION: No trade.
2026-09-22 19:19:47,132 | [MAR] trending (ADX 53.5) -> trend-following strategy | Signal: HOLD | Shares held: 0.0 | Last price: $347.93
2026-09-22 19:19:47,132 | [MAR] ACTION: No trade.
2026-09-22 19:19:47,162 | [MAS] trending (ADX 40.1) -> trend-following strategy | Signal: HOLD | Shares held: 0.0 | Last price: $69.75
2026-09-22 19:19:47,162 | [MAS] ACTION: No trade.
2026-09-22 19:19:47,192 | [MCD] choppy/sideways (ADX 22.7) -> mean-reversion strategy | Signal: HOLD | Shares held: 0.0 | Last price: $250.82
2026-09-22 19:19:47,192 | [MCD] ACTION: No trade.
2026-09-22 19:19:47,222 | [MCHP] trending (ADX 37.7) -> trend-following strategy | Signal: HOLD | Shares held: 0.0 | Last price: $75.34
2026-09-22 19:19:47,222 | [MCHP] ACTION: No trade.
2026-09-22 19:19:47,253 | [MCK] choppy/sideways (ADX 22.1) -> mean-reversion strategy | Signal: HOLD | Shares held: 0.0 | Last price: $895.90
2026-09-22 19:19:47,253 | [MCK] ACTION: No trade.
2026-09-22 19:19:47,283 | [MCO] trending (ADX 26.8) -> trend-following strategy | Signal: HOLD | Shares held: 0.0 | Last price: $469.01
2026-09-22 19:19:47,283 | [MCO] ACTION: No trade.
2026-09-22 19:19:47,314 | [MDLZ] choppy/sideways (ADX 15.7) -> mean-reversion strategy | Signal: HOLD | Shares held: 0.0 | Last price: $61.02
2026-09-22 19:19:47,314 | [MDLZ] ACTION: No trade.
2026-09-22 19:19:47,345 | [MDT] choppy/sideways (ADX 16.1) -> mean-reversion strategy | Signal: HOLD | Shares held: 0.0 | Last price: $90.76
2026-09-22 19:19:47,346 | [MDT] ACTION: No trade.
2026-09-22 19:19:47,377 | [MET] choppy/sideways (ADX 13.0) -> mean-reversion strategy | Signal: HOLD | Shares held: 0.0 | Last price: $95.80
2026-09-22 19:19:47,377 | [MET] ACTION: No trade.
2026-09-22 19:19:47,408 | [META] choppy/sideways (ADX 19.0) -> mean-reversion strategy | Signal: HOLD | Shares held: 0.0 | Last price: $738.25
2026-09-22 19:19:47,408 | [META] ACTION: No trade.
2026-09-22 19:19:47,438 | [MGM] choppy/sideways (ADX 16.1) -> mean-reversion strategy | Signal: HOLD | Shares held: 0.0 | Last price: $38.60
2026-09-22 19:19:47,438 | [MGM] ACTION: No trade.
2026-09-22 19:19:47,468 | [MKC] choppy/sideways (ADX 8.9) -> mean-reversion strategy | Signal: HOLD | Shares held: 0.0 | Last price: $49.23
2026-09-22 19:19:47,468 | [MKC] ACTION: No trade.
2026-09-22 19:19:47,498 | [MLM] trending (ADX 33.0) -> trend-following strategy | Signal: HOLD | Shares held: 0.0 | Last price: $499.99
2026-09-22 19:19:47,498 | [MLM] ACTION: No trade.
2026-09-22 19:19:47,577 | [MMM] trending (ADX 43.6) -> trend-following strategy | Signal: HOLD | Shares held: 0.0 | Last price: $168.10
2026-09-22 19:19:47,577 | [MMM] ACTION: No trade.
2026-09-22 19:19:47,607 | [MNST] choppy/sideways (ADX 8.5) -> mean-reversion strategy | Signal: HOLD | Shares held: 0.0 | Last price: $44.63
2026-09-22 19:19:47,607 | [MNST] ACTION: No trade.
2026-09-22 19:19:47,637 | [MO] choppy/sideways (ADX 15.6) -> mean-reversion strategy | Signal: HOLD | Shares held: 0.0 | Last price: $68.83
2026-09-22 19:19:47,637 | [MO] ACTION: No trade.
2026-09-22 19:19:47,667 | [MOS] trending (ADX 26.2) -> trend-following strategy | Signal: HOLD | Shares held: 0.0 | Last price: $24.81
2026-09-22 19:19:47,667 | [MOS] ACTION: No trade.
2026-09-22 19:19:47,697 | [MPC] trending (ADX 32.4) -> trend-following strategy | Signal: HOLD | Shares held: 0.0 | Last price: $391.51
2026-09-22 19:19:47,697 | [MPC] ACTION: No trade.
2026-09-22 19:19:47,726 | [MPWR] trending (ADX 62.6) -> trend-following strategy | Signal: HOLD | Shares held: 0.0 | Last price: $1385.09
2026-09-22 19:19:47,726 | [MPWR] ACTION: No trade.
2026-09-22 19:19:47,755 | [MRK] trending (ADX 25.1) -> trend-following strategy | Signal: HOLD | Shares held: 0.0 | Last price: $151.64
2026-09-22 19:19:47,755 | [MRK] ACTION: No trade.
2026-09-22 19:19:47,786 | [MRNA] trending (ADX 29.2) -> trend-following strategy | Signal: HOLD | Shares held: 0.0 | Last price: $183.48
2026-09-22 19:19:47,786 | [MRNA] ACTION: No trade.
2026-09-22 19:19:47,816 | [MRSH] trending (ADX 31.4) -> trend-following strategy | Signal: HOLD | Shares held: 0.0 | Last price: $170.05
2026-09-22 19:19:47,816 | [MRSH] ACTION: No trade.
2026-09-22 19:19:47,846 | [MRVL] trending (ADX 29.2) -> trend-following strategy | Signal: HOLD | Shares held: 0.0 | Last price: $264.06
2026-09-22 19:19:47,846 | [MRVL] ACTION: No trade.
2026-09-22 19:19:47,876 | [MS] trending (ADX 31.9) -> trend-following strategy | Signal: HOLD | Shares held: 0.0 | Last price: $200.34
2026-09-22 19:19:47,876 | [MS] ACTION: No trade.
2026-09-22 19:19:47,905 | [MSCI] choppy/sideways (ADX 21.7) -> mean-reversion strategy | Signal: HOLD | Shares held: 0.0 | Last price: $550.88
2026-09-22 19:19:47,905 | [MSCI] ACTION: No trade.
2026-09-22 19:19:47,935 | [MSFT] choppy/sideways (ADX 24.7) -> mean-reversion strategy | Signal: HOLD | Shares held: 0.0 | Last price: $498.35
2026-09-22 19:19:47,935 | [MSFT] ACTION: No trade.
2026-09-22 19:19:47,965 | [MSI] choppy/sideways (ADX 15.7) -> mean-reversion strategy | Signal: HOLD | Shares held: 0.0 | Last price: $458.35
2026-09-22 19:19:47,965 | [MSI] ACTION: No trade.
2026-09-22 19:19:47,994 | [MTB] choppy/sideways (ADX 11.5) -> mean-reversion strategy | Signal: HOLD | Shares held: 0.0 | Last price: $224.17
2026-09-22 19:19:47,994 | [MTB] ACTION: No trade.
2026-09-22 19:19:48,023 | [MTD] trending (ADX 65.4) -> trend-following strategy | Signal: HOLD | Shares held: 0.0 | Last price: $1494.83
2026-09-22 19:19:48,023 | [MTD] ACTION: No trade.
2026-09-22 19:19:48,053 | [MU] trending (ADX 39.8) -> trend-following strategy | Signal: HOLD | Shares held: 0.0 | Last price: $1092.50
2026-09-22 19:19:48,053 | [MU] ACTION: No trade.
2026-09-22 19:19:48,083 | [NCLH] choppy/sideways (ADX 15.3) -> mean-reversion strategy | Signal: HOLD | Shares held: 0.0 | Last price: $14.27
2026-09-22 19:19:48,083 | [NCLH] ACTION: No trade.
2026-09-22 19:19:48,113 | [NDAQ] trending (ADX 35.6) -> trend-following strategy | Signal: HOLD | Shares held: 0.0 | Last price: $94.60
2026-09-22 19:19:48,113 | [NDAQ] ACTION: No trade.
2026-09-22 19:19:48,143 | [NDSN] trending (ADX 39.9) -> trend-following strategy | Signal: HOLD | Shares held: 0.0 | Last price: $319.01
2026-09-22 19:19:48,143 | [NDSN] ACTION: No trade.
2026-09-22 19:19:48,172 | [NEE] choppy/sideways (ADX 22.7) -> mean-reversion strategy | Signal: HOLD | Shares held: 0.0 | Last price: $79.50
2026-09-22 19:19:48,172 | [NEE] ACTION: No trade.
2026-09-22 19:19:48,202 | [NEM] trending (ADX 41.6) -> trend-following strategy | Signal: HOLD | Shares held: 0.0 | Last price: $126.82
2026-09-22 19:19:48,202 | [NEM] ACTION: No trade.
2026-09-22 19:19:48,231 | [NFLX] trending (ADX 33.0) -> trend-following strategy | Signal: HOLD | Shares held: 0.0 | Last price: $71.88
2026-09-22 19:19:48,231 | [NFLX] ACTION: No trade.
2026-09-22 19:19:48,261 | [NI] trending (ADX 29.5) -> trend-following strategy | Signal: HOLD | Shares held: 0.0 | Last price: $40.14
2026-09-22 19:19:48,261 | [NI] ACTION: No trade.
2026-09-22 19:19:48,291 | [NKE] choppy/sideways (ADX 17.6) -> mean-reversion strategy | Signal: HOLD | Shares held: 0.0 | Last price: $36.05
2026-09-22 19:19:48,291 | [NKE] ACTION: No trade.
2026-09-22 19:19:48,321 | [NOC] trending (ADX 34.6) -> trend-following strategy | Signal: HOLD | Shares held: 0.0 | Last price: $509.69
2026-09-22 19:19:48,321 | [NOC] ACTION: No trade.
2026-09-22 19:19:48,352 | [NOW] trending (ADX 31.7) -> trend-following strategy | Signal: HOLD | Shares held: 0.0 | Last price: $137.46
2026-09-22 19:19:48,352 | [NOW] ACTION: No trade.
2026-09-22 19:19:48,382 | [NRG] choppy/sideways (ADX 13.5) -> mean-reversion strategy | Signal: HOLD | Shares held: 0.0 | Last price: $102.81
2026-09-22 19:19:48,383 | [NRG] ACTION: No trade.
2026-09-22 19:19:48,414 | [NSC] trending (ADX 36.9) -> trend-following strategy | Signal: HOLD | Shares held: 0.0 | Last price: $314.39
2026-09-22 19:19:48,414 | [NSC] ACTION: No trade.
2026-09-22 19:19:48,444 | [NTAP] choppy/sideways (ADX 22.3) -> mean-reversion strategy | Signal: HOLD | Shares held: 0.0 | Last price: $192.72
2026-09-22 19:19:48,444 | [NTAP] ACTION: No trade.
2026-09-22 19:19:48,473 | [NTRS] trending (ADX 31.6) -> trend-following strategy | Signal: HOLD | Shares held: 0.0 | Last price: $173.61
2026-09-22 19:19:48,473 | [NTRS] ACTION: No trade.
2026-09-22 19:19:48,502 | [NUE] choppy/sideways (ADX 19.5) -> mean-reversion strategy | Signal: HOLD | Shares held: 0.0 | Last price: $245.39
2026-09-22 19:19:48,502 | [NUE] ACTION: No trade.
2026-09-22 19:19:48,533 | [NVDA] trending (ADX 58.9) -> trend-following strategy | Signal: HOLD | Shares held: 0.0 | Last price: $229.55
2026-09-22 19:19:48,533 | [NVDA] ACTION: No trade.
2026-09-22 19:19:48,563 | [NVR] trending (ADX 38.7) -> trend-following strategy | Signal: HOLD | Shares held: 0.0 | Last price: $6336.28
2026-09-22 19:19:48,563 | [NVR] ACTION: No trade.
2026-09-22 19:19:48,593 | [NWSA] trending (ADX 29.5) -> trend-following strategy | Signal: HOLD | Shares held: 0.0 | Last price: $29.13
2026-09-22 19:19:48,593 | [NWSA] ACTION: No trade.
2026-09-22 19:19:48,622 | [NXPI] trending (ADX 55.9) -> trend-following strategy | Signal: HOLD | Shares held: 0.0 | Last price: $235.40
2026-09-22 19:19:48,622 | [NXPI] ACTION: No trade.
2026-09-22 19:19:48,651 | [O] choppy/sideways (ADX 9.5) -> mean-reversion strategy | Signal: HOLD | Shares held: 0.0 | Last price: $56.64
2026-09-22 19:19:48,652 | [O] ACTION: No trade.
2026-09-22 19:19:48,681 | [ODFL] trending (ADX 26.4) -> trend-following strategy | Signal: HOLD | Shares held: 0.0 | Last price: $176.13
2026-09-22 19:19:48,681 | [ODFL] ACTION: No trade.
2026-09-22 19:19:48,711 | [OKE] trending (ADX 34.1) -> trend-following strategy | Signal: HOLD | Shares held: 0.0 | Last price: $90.71
2026-09-22 19:19:48,711 | [OKE] ACTION: No trade.
2026-09-22 19:19:48,740 | [OMC] choppy/sideways (ADX 10.6) -> mean-reversion strategy | Signal: HOLD | Shares held: 0.0 | Last price: $75.39
2026-09-22 19:19:48,740 | [OMC] ACTION: No trade.
2026-09-22 19:19:48,769 | [ON] trending (ADX 44.2) -> trend-following strategy | Signal: HOLD | Shares held: 0.0 | Last price: $73.44
2026-09-22 19:19:48,769 | [ON] ACTION: No trade.
2026-09-22 19:19:48,799 | [ORCL] choppy/sideways (ADX 21.9) -> mean-reversion strategy | Signal: HOLD | Shares held: 0.0 | Last price: $150.46
2026-09-22 19:19:48,799 | [ORCL] ACTION: No trade.
2026-09-22 19:19:48,831 | [ORLY] choppy/sideways (ADX 9.2) -> mean-reversion strategy | Signal: HOLD | Shares held: 0.0 | Last price: $86.32
2026-09-22 19:19:48,831 | [ORLY] ACTION: No trade.
2026-09-22 19:19:48,862 | [OTIS] choppy/sideways (ADX 18.2) -> mean-reversion strategy | Signal: HOLD | Shares held: 0.0 | Last price: $67.68
2026-09-22 19:19:48,862 | [OTIS] ACTION: No trade.
2026-09-22 19:19:48,893 | [OXY] trending (ADX 40.9) -> trend-following strategy | Signal: HOLD | Shares held: 0.0 | Last price: $56.62
2026-09-22 19:19:48,894 | [OXY] ACTION: No trade.
2026-09-22 19:19:48,924 | [P] choppy/sideways (ADX 12.4) -> mean-reversion strategy | Signal: HOLD | Shares held: 0.0 | Last price: $109.77
2026-09-22 19:19:48,924 | [P] ACTION: No trade.
2026-09-22 19:19:48,954 | [PANW] trending (ADX 25.1) -> trend-following strategy | Signal: HOLD | Shares held: 0.0 | Last price: $374.89
2026-09-22 19:19:48,955 | [PANW] ACTION: No trade.
2026-09-22 19:19:48,984 | [PAYX] choppy/sideways (ADX 12.8) -> mean-reversion strategy | Signal: HOLD | Shares held: 0.0 | Last price: $114.46
2026-09-22 19:19:48,984 | [PAYX] ACTION: No trade.
2026-09-22 19:19:49,013 | [PCAR] choppy/sideways (ADX 13.8) -> mean-reversion strategy | Signal: HOLD | Shares held: 0.0 | Last price: $113.47
2026-09-22 19:19:49,013 | [PCAR] ACTION: No trade.
2026-09-22 19:19:49,043 | [PCG] choppy/sideways (ADX 20.1) -> mean-reversion strategy | Signal: HOLD | Shares held: 0.0 | Last price: $12.96
2026-09-22 19:19:49,043 | [PCG] ACTION: No trade.
2026-09-22 19:19:49,072 | [PEG] choppy/sideways (ADX 16.6) -> mean-reversion strategy | Signal: HOLD | Shares held: 0.0 | Last price: $69.39
2026-09-22 19:19:49,072 | [PEG] ACTION: No trade.
2026-09-22 19:19:49,101 | [PEP] choppy/sideways (ADX 23.0) -> mean-reversion strategy | Signal: HOLD | Shares held: 0.0 | Last price: $131.06
2026-09-22 19:19:49,101 | [PEP] ACTION: No trade.
2026-09-22 19:19:49,130 | [PFE] choppy/sideways (ADX 14.1) -> mean-reversion strategy | Signal: HOLD | Shares held: 0.0 | Last price: $27.84
2026-09-22 19:19:49,130 | [PFE] ACTION: No trade.
2026-09-22 19:19:49,160 | [PFG] trending (ADX 32.1) -> trend-following strategy | Signal: HOLD | Shares held: 0.0 | Last price: $113.58
2026-09-22 19:19:49,160 | [PFG] ACTION: No trade.
2026-09-22 19:19:49,190 | [PG] choppy/sideways (ADX 20.4) -> mean-reversion strategy | Signal: HOLD | Shares held: 0.0 | Last price: $147.97
2026-09-22 19:19:49,190 | [PG] ACTION: No trade.
2026-09-22 19:19:49,220 | [PGR] trending (ADX 34.4) -> trend-following strategy | Signal: HOLD | Shares held: 0.0 | Last price: $206.71
2026-09-22 19:19:49,220 | [PGR] ACTION: No trade.
2026-09-22 19:19:49,250 | [PH] choppy/sideways (ADX 21.7) -> mean-reversion strategy | Signal: HOLD | Shares held: 0.0 | Last price: $963.76
2026-09-22 19:19:49,250 | [PH] ACTION: No trade.
2026-09-22 19:19:49,280 | [PHM] trending (ADX 45.4) -> trend-following strategy | Signal: HOLD | Shares held: 0.0 | Last price: $122.32
2026-09-22 19:19:49,280 | [PHM] ACTION: No trade.
2026-09-22 19:19:49,310 | [PKG] choppy/sideways (ADX 14.6) -> mean-reversion strategy | Signal: HOLD | Shares held: 0.0 | Last price: $239.07
2026-09-22 19:19:49,310 | [PKG] ACTION: No trade.
2026-09-22 19:19:49,341 | [PLD] choppy/sideways (ADX 22.2) -> mean-reversion strategy | Signal: HOLD | Shares held: 0.0 | Last price: $135.58
2026-09-22 19:19:49,341 | [PLD] ACTION: No trade.
2026-09-22 19:19:49,372 | [PLTR] trending (ADX 36.6) -> trend-following strategy | Signal: HOLD | Shares held: 0.0 | Last price: $184.28
2026-09-22 19:19:49,372 | [PLTR] ACTION: No trade.
2026-09-22 19:19:49,404 | [PM] trending (ADX 35.5) -> trend-following strategy | Signal: HOLD | Shares held: 0.0 | Last price: $190.84
2026-09-22 19:19:49,404 | [PM] ACTION: No trade.
2026-09-22 19:19:49,436 | [PNC] trending (ADX 32.2) -> trend-following strategy | Signal: HOLD | Shares held: 0.0 | Last price: $228.35
2026-09-22 19:19:49,436 | [PNC] ACTION: No trade.
2026-09-22 19:19:49,466 | [PNR] trending (ADX 35.0) -> trend-following strategy | Signal: HOLD | Shares held: 0.0 | Last price: $55.76
2026-09-22 19:19:49,467 | [PNR] ACTION: No trade.
2026-09-22 19:19:49,497 | [PNW] trending (ADX 25.4) -> trend-following strategy | Signal: HOLD | Shares held: 0.0 | Last price: $93.27
2026-09-22 19:19:49,497 | [PNW] ACTION: No trade.
2026-09-22 19:19:49,527 | [PODD] choppy/sideways (ADX 10.1) -> mean-reversion strategy | Signal: HOLD | Shares held: 0.0 | Last price: $139.02
2026-09-22 19:19:49,528 | [PODD] ACTION: No trade.
2026-09-22 19:19:49,558 | [PPG] trending (ADX 30.0) -> trend-following strategy | Signal: HOLD | Shares held: 0.0 | Last price: $107.39
2026-09-22 19:19:49,558 | [PPG] ACTION: No trade.
2026-09-22 19:19:49,588 | [PPL] trending (ADX 28.0) -> trend-following strategy | Signal: HOLD | Shares held: 0.0 | Last price: $32.94
2026-09-22 19:19:49,588 | [PPL] ACTION: No trade.
2026-09-22 19:19:49,619 | [PRU] choppy/sideways (ADX 20.2) -> mean-reversion strategy | Signal: HOLD | Shares held: 0.0 | Last price: $117.31
2026-09-22 19:19:49,619 | [PRU] ACTION: No trade.
2026-09-22 19:19:49,649 | [PSA] trending (ADX 35.9) -> trend-following strategy | Signal: HOLD | Shares held: 0.0 | Last price: $290.57
2026-09-22 19:19:49,649 | [PSA] ACTION: No trade.
2026-09-22 19:19:49,679 | [PSX] trending (ADX 29.8) -> trend-following strategy | Signal: HOLD | Shares held: 0.0 | Last price: $258.62
2026-09-22 19:19:49,679 | [PSX] ACTION: No trade.
2026-09-22 19:19:49,710 | [PTC] trending (ADX 31.9) -> trend-following strategy | Signal: HOLD | Shares held: 0.0 | Last price: $139.62
2026-09-22 19:19:49,710 | [PTC] ACTION: No trade.
2026-09-22 19:19:49,740 | [PWR] choppy/sideways (ADX 24.7) -> mean-reversion strategy | Signal: HOLD | Shares held: 0.0 | Last price: $645.66
2026-09-22 19:19:49,741 | [PWR] ACTION: No trade.
2026-09-22 19:19:49,771 | [PYPL] trending (ADX 31.4) -> trend-following strategy | Signal: HOLD | Shares held: 0.0 | Last price: $52.88
2026-09-22 19:19:49,771 | [PYPL] ACTION: No trade.
2026-09-22 19:19:49,802 | [Q] trending (ADX 28.1) -> trend-following strategy | Signal: HOLD | Shares held: 0.0 | Last price: $125.02
2026-09-22 19:19:49,802 | [Q] ACTION: No trade.
2026-09-22 19:19:49,833 | [QCOM] trending (ADX 44.0) -> trend-following strategy | Signal: HOLD | Shares held: 0.0 | Last price: $196.59
2026-09-22 19:19:49,833 | [QCOM] ACTION: No trade.
2026-09-22 19:19:49,863 | [RCL] trending (ADX 33.0) -> trend-following strategy | Signal: HOLD | Shares held: 0.0 | Last price: $232.20
2026-09-22 19:19:49,863 | [RCL] ACTION: No trade.
2026-09-22 19:19:49,893 | [RDDT] trending (ADX 32.7) -> trend-following strategy | Signal: HOLD | Shares held: 0.0 | Last price: $153.00
2026-09-22 19:19:49,893 | [RDDT] ACTION: No trade.
2026-09-22 19:19:49,922 | [REGN] trending (ADX 48.6) -> trend-following strategy | Signal: HOLD | Shares held: 0.0 | Last price: $810.43
2026-09-22 19:19:49,922 | [REGN] ACTION: No trade.
2026-09-22 19:19:49,952 | [RF] trending (ADX 26.8) -> trend-following strategy | Signal: HOLD | Shares held: 0.0 | Last price: $27.98
2026-09-22 19:19:49,952 | [RF] ACTION: No trade.
2026-09-22 19:19:49,983 | [RJF] choppy/sideways (ADX 23.1) -> mean-reversion strategy | Signal: HOLD | Shares held: 0.0 | Last price: $159.71
2026-09-22 19:19:49,983 | [RJF] ACTION: No trade.
2026-09-22 19:19:50,014 | [RL] trending (ADX 39.7) -> trend-following strategy | Signal: HOLD | Shares held: 0.0 | Last price: $348.17
2026-09-22 19:19:50,014 | [RL] ACTION: No trade.
2026-09-22 19:19:50,045 | [RMD] choppy/sideways (ADX 24.9) -> mean-reversion strategy | Signal: HOLD | Shares held: 0.0 | Last price: $224.47
2026-09-22 19:19:50,045 | [RMD] ACTION: No trade.
2026-09-22 19:19:50,075 | [ROK] trending (ADX 36.1) -> trend-following strategy | Signal: HOLD | Shares held: 0.0 | Last price: $427.24
2026-09-22 19:19:50,076 | [ROK] ACTION: No trade.
2026-09-22 19:19:50,105 | [ROL] choppy/sideways (ADX 17.9) -> mean-reversion strategy | Signal: HOLD | Shares held: 0.0 | Last price: $32.88
2026-09-22 19:19:50,105 | [ROL] ACTION: No trade.
2026-09-22 19:19:50,135 | [ROP] choppy/sideways (ADX 15.4) -> mean-reversion strategy | Signal: HOLD | Shares held: 0.0 | Last price: $364.52
2026-09-22 19:19:50,136 | [ROP] ACTION: No trade.
2026-09-22 19:19:50,166 | [ROST] choppy/sideways (ADX 20.8) -> mean-reversion strategy | Signal: HOLD | Shares held: 0.0 | Last price: $232.34
2026-09-22 19:19:50,166 | [ROST] ACTION: No trade.
2026-09-22 19:19:50,196 | [RSG] choppy/sideways (ADX 23.1) -> mean-reversion strategy | Signal: HOLD | Shares held: 0.0 | Last price: $214.06
2026-09-22 19:19:50,196 | [RSG] ACTION: No trade.
2026-09-22 19:19:50,226 | [RTX] trending (ADX 26.9) -> trend-following strategy | Signal: HOLD | Shares held: 0.0 | Last price: $191.69
2026-09-22 19:19:50,226 | [RTX] ACTION: No trade.
2026-09-22 19:19:50,256 | [RVTY] choppy/sideways (ADX 19.2) -> mean-reversion strategy | Signal: HOLD | Shares held: 0.0 | Last price: $142.59
2026-09-22 19:19:50,256 | [RVTY] ACTION: No trade.
2026-09-22 19:19:50,286 | [SBAC] choppy/sideways (ADX 11.6) -> mean-reversion strategy | Signal: HOLD | Shares held: 0.0 | Last price: $176.48
2026-09-22 19:19:50,286 | [SBAC] ACTION: No trade.
2026-09-22 19:19:50,317 | [SBUX] choppy/sideways (ADX 13.4) -> mean-reversion strategy | Signal: HOLD | Shares held: 0.0 | Last price: $94.75
2026-09-22 19:19:50,317 | [SBUX] ACTION: No trade.
2026-09-22 19:19:50,348 | [SCHW] trending (ADX 48.3) -> trend-following strategy | Signal: HOLD | Shares held: 0.0 | Last price: $100.98
2026-09-22 19:19:50,348 | [SCHW] ACTION: No trade.
2026-09-22 19:19:50,379 | [SHW] trending (ADX 29.8) -> trend-following strategy | Signal: HOLD | Shares held: 0.0 | Last price: $327.70
2026-09-22 19:19:50,379 | [SHW] ACTION: No trade.
2026-09-22 19:19:50,410 | [SJM] choppy/sideways (ADX 24.7) -> mean-reversion strategy | Signal: HOLD | Shares held: 0.0 | Last price: $121.07
2026-09-22 19:19:50,410 | [SJM] ACTION: No trade.
2026-09-22 19:19:50,440 | [SLB] choppy/sideways (ADX 24.7) -> mean-reversion strategy | Signal: HOLD | Shares held: 0.0 | Last price: $52.30
2026-09-22 19:19:50,441 | [SLB] ACTION: No trade.
2026-09-22 19:19:50,470 | [SMCI] choppy/sideways (ADX 22.7) -> mean-reversion strategy | Signal: HOLD | Shares held: 0.0 | Last price: $41.55
2026-09-22 19:19:50,470 | [SMCI] ACTION: No trade.
2026-09-22 19:19:50,500 | [SNA] trending (ADX 29.9) -> trend-following strategy | Signal: HOLD | Shares held: 0.0 | Last price: $371.94
2026-09-22 19:19:50,500 | [SNA] ACTION: No trade.
2026-09-22 19:19:50,530 | [SNDK] trending (ADX 44.4) -> trend-following strategy | Signal: HOLD | Shares held: 0.0 | Last price: $1889.93
2026-09-22 19:19:50,530 | [SNDK] ACTION: No trade.
2026-09-22 19:19:50,560 | [SNPS] trending (ADX 48.2) -> trend-following strategy | Signal: HOLD | Shares held: 0.0 | Last price: $410.22
2026-09-22 19:19:50,560 | [SNPS] ACTION: No trade.
2026-09-22 19:19:50,589 | [SO] choppy/sideways (ADX 11.6) -> mean-reversion strategy | Signal: HOLD | Shares held: 0.0 | Last price: $85.25
2026-09-22 19:19:50,589 | [SO] ACTION: No trade.
2026-09-22 19:19:50,618 | [SPG] choppy/sideways (ADX 17.2) -> mean-reversion strategy | Signal: HOLD | Shares held: 0.0 | Last price: $205.96
2026-09-22 19:19:50,618 | [SPG] ACTION: No trade.
2026-09-22 19:19:50,649 | [SPGI] choppy/sideways (ADX 13.2) -> mean-reversion strategy | Signal: HOLD | Shares held: 0.0 | Last price: $403.20
2026-09-22 19:19:50,649 | [SPGI] ACTION: No trade.
2026-09-22 19:19:50,679 | [SRE] choppy/sideways (ADX 20.6) -> mean-reversion strategy | Signal: HOLD | Shares held: 0.0 | Last price: $80.97
2026-09-22 19:19:50,680 | [SRE] ACTION: No trade.
2026-09-22 19:19:50,710 | [STE] trending (ADX 38.1) -> trend-following strategy | Signal: HOLD | Shares held: 0.0 | Last price: $208.98
2026-09-22 19:19:50,711 | [STE] ACTION: No trade.
2026-09-22 19:19:50,740 | [STLD] choppy/sideways (ADX 19.3) -> mean-reversion strategy | Signal: HOLD | Shares held: 0.0 | Last price: $232.96
2026-09-22 19:19:50,740 | [STLD] ACTION: No trade.
2026-09-22 19:19:50,771 | [STT] choppy/sideways (ADX 20.0) -> mean-reversion strategy | Signal: HOLD | Shares held: 0.0 | Last price: $179.97
2026-09-22 19:19:50,771 | [STT] ACTION: No trade.
2026-09-22 19:19:50,802 | [STX] trending (ADX 41.9) -> trend-following strategy | Signal: HOLD | Shares held: 0.0 | Last price: $919.14
2026-09-22 19:19:50,802 | [STX] ACTION: No trade.
2026-09-22 19:19:50,833 | [STZ] trending (ADX 31.3) -> trend-following strategy | Signal: HOLD | Shares held: 0.0 | Last price: $117.48
2026-09-22 19:19:50,833 | [STZ] ACTION: No trade.
2026-09-22 19:19:50,864 | [SW] choppy/sideways (ADX 22.5) -> mean-reversion strategy | Signal: HOLD | Shares held: 0.0 | Last price: $46.56
2026-09-22 19:19:50,864 | [SW] ACTION: No trade.
2026-09-22 19:19:50,895 | [SWK] trending (ADX 35.4) -> trend-following strategy | Signal: HOLD | Shares held: 0.0 | Last price: $91.73
2026-09-22 19:19:50,895 | [SWK] ACTION: No trade.
2026-09-22 19:19:50,926 | [SWKS] choppy/sideways (ADX 14.3) -> mean-reversion strategy | Signal: HOLD | Shares held: 0.0 | Last price: $89.27
2026-09-22 19:19:50,926 | [SWKS] ACTION: No trade.
2026-09-22 19:19:50,956 | [SYF] trending (ADX 25.8) -> trend-following strategy | Signal: HOLD | Shares held: 0.0 | Last price: $72.86
2026-09-22 19:19:50,956 | [SYF] ACTION: No trade.
2026-09-22 19:19:50,986 | [SYK] trending (ADX 27.3) -> trend-following strategy | Signal: SELL | Shares held: 0.0 | Last price: $275.44
2026-09-22 19:19:50,986 | [SYK] ACTION: No trade.
2026-09-22 19:19:51,016 | [SYY] choppy/sideways (ADX 11.3) -> mean-reversion strategy | Signal: HOLD | Shares held: 0.0 | Last price: $78.53
2026-09-22 19:19:51,017 | [SYY] ACTION: No trade.
2026-09-22 19:19:51,048 | [T] trending (ADX 37.4) -> trend-following strategy | Signal: HOLD | Shares held: 0.0 | Last price: $25.04
2026-09-22 19:19:51,048 | [T] ACTION: No trade.
2026-09-22 19:19:51,079 | [TDG] trending (ADX 32.9) -> trend-following strategy | Signal: HOLD | Shares held: 0.0 | Last price: $1107.36
2026-09-22 19:19:51,079 | [TDG] ACTION: No trade.
2026-09-22 19:19:51,109 | [TDY] trending (ADX 29.1) -> trend-following strategy | Signal: HOLD | Shares held: 0.0 | Last price: $612.94
2026-09-22 19:19:51,110 | [TDY] ACTION: No trade.
2026-09-22 19:19:51,139 | [TECH] choppy/sideways (ADX 22.6) -> mean-reversion strategy | Signal: HOLD | Shares held: 0.0 | Last price: $72.58
2026-09-22 19:19:51,139 | [TECH] ACTION: No trade.
2026-09-22 19:19:51,169 | [TEL] trending (ADX 34.8) -> trend-following strategy | Signal: HOLD | Shares held: 0.0 | Last price: $213.04
2026-09-22 19:19:51,169 | [TEL] ACTION: No trade.
2026-09-22 19:19:51,199 | [TER] trending (ADX 38.6) -> trend-following strategy | Signal: HOLD | Shares held: 0.0 | Last price: $396.41
2026-09-22 19:19:51,199 | [TER] ACTION: No trade.
2026-09-22 19:19:51,229 | [TFC] trending (ADX 33.8) -> trend-following strategy | Signal: HOLD | Shares held: 0.0 | Last price: $48.00
2026-09-22 19:19:51,229 | [TFC] ACTION: No trade.
2026-09-22 19:19:51,259 | [TGT] choppy/sideways (ADX 13.3) -> mean-reversion strategy | Signal: HOLD | Shares held: 0.0 | Last price: $159.36
2026-09-22 19:19:51,259 | [TGT] ACTION: No trade.
2026-09-22 19:19:51,288 | [TJX] choppy/sideways (ADX 16.5) -> mean-reversion strategy | Signal: HOLD | Shares held: 0.0 | Last price: $130.54
2026-09-22 19:19:51,288 | [TJX] ACTION: No trade.
2026-09-22 19:19:51,317 | [TKO] trending (ADX 26.8) -> trend-following strategy | Signal: HOLD | Shares held: 0.0 | Last price: $188.02
2026-09-22 19:19:51,317 | [TKO] ACTION: No trade.
2026-09-22 19:19:51,347 | [TMO] choppy/sideways (ADX 17.9) -> mean-reversion strategy | Signal: HOLD | Shares held: 0.0 | Last price: $657.72
2026-09-22 19:19:51,347 | [TMO] ACTION: No trade.
2026-09-22 19:19:51,377 | [TMUS] trending (ADX 37.5) -> trend-following strategy | Signal: HOLD | Shares held: 0.0 | Last price: $161.76
2026-09-22 19:19:51,377 | [TMUS] ACTION: No trade.
2026-09-22 19:19:51,407 | [TPL] choppy/sideways (ADX 20.5) -> mean-reversion strategy | Signal: HOLD | Shares held: 0.0 | Last price: $357.50
2026-09-22 19:19:51,408 | [TPL] ACTION: No trade.
2026-09-22 19:19:51,438 | [TPR] choppy/sideways (ADX 17.1) -> mean-reversion strategy | Signal: HOLD | Shares held: 0.0 | Last price: $112.13
2026-09-22 19:19:51,438 | [TPR] ACTION: No trade.
2026-09-22 19:19:51,469 | [TRGP] trending (ADX 37.0) -> trend-following strategy | Signal: HOLD | Shares held: 0.0 | Last price: $285.19
2026-09-22 19:19:51,469 | [TRGP] ACTION: No trade.
2026-09-22 19:19:51,501 | [TRMB] trending (ADX 38.9) -> trend-following strategy | Signal: HOLD | Shares held: 0.0 | Last price: $59.09
2026-09-22 19:19:51,501 | [TRMB] ACTION: No trade.
2026-09-22 19:19:51,532 | [TROW] choppy/sideways (ADX 20.4) -> mean-reversion strategy | Signal: HOLD | Shares held: 0.0 | Last price: $103.86
2026-09-22 19:19:51,532 | [TROW] ACTION: No trade.
2026-09-22 19:19:51,563 | [TRV] trending (ADX 38.4) -> trend-following strategy | Signal: HOLD | Shares held: 0.0 | Last price: $362.83
2026-09-22 19:19:51,563 | [TRV] ACTION: No trade.
2026-09-22 19:19:51,593 | [TSCO] trending (ADX 25.3) -> trend-following strategy | Signal: HOLD | Shares held: 0.0 | Last price: $33.00
2026-09-22 19:19:51,593 | [TSCO] ACTION: No trade.
2026-09-22 19:19:51,623 | [TSLA] trending (ADX 36.2) -> trend-following strategy | Signal: HOLD | Shares held: 0.0 | Last price: $379.36
2026-09-22 19:19:51,623 | [TSLA] ACTION: No trade.
2026-09-22 19:19:51,653 | [TSN] choppy/sideways (ADX 20.8) -> mean-reversion strategy | Signal: HOLD | Shares held: 0.0 | Last price: $51.98
2026-09-22 19:19:51,653 | [TSN] ACTION: No trade.
2026-09-22 19:19:51,683 | [TT] trending (ADX 43.9) -> trend-following strategy | Signal: HOLD | Shares held: 0.0 | Last price: $437.37
2026-09-22 19:19:51,683 | [TT] ACTION: No trade.
2026-09-22 19:19:51,714 | [TTWO] choppy/sideways (ADX 15.0) -> mean-reversion strategy | Signal: HOLD | Shares held: 0.0 | Last price: $205.97
2026-09-22 19:19:51,714 | [TTWO] ACTION: No trade.
2026-09-22 19:19:51,744 | [TXN] choppy/sideways (ADX 19.1) -> mean-reversion strategy | Signal: HOLD | Shares held: 0.0 | Last price: $270.42
2026-09-22 19:19:51,744 | [TXN] ACTION: No trade.
2026-09-22 19:19:51,773 | [TXT] choppy/sideways (ADX 22.8) -> mean-reversion strategy | Signal: HOLD | Shares held: 0.0 | Last price: $78.05
2026-09-22 19:19:51,774 | [TXT] ACTION: No trade.
2026-09-22 19:19:51,804 | [TYL] choppy/sideways (ADX 20.0) -> mean-reversion strategy | Signal: HOLD | Shares held: 0.0 | Last price: $331.50
2026-09-22 19:19:51,804 | [TYL] ACTION: No trade.
2026-09-22 19:19:51,833 | [UAL] trending (ADX 34.2) -> trend-following strategy | Signal: HOLD | Shares held: 0.0 | Last price: $114.95
2026-09-22 19:19:51,833 | [UAL] ACTION: No trade.
2026-09-22 19:19:51,863 | [UBER] choppy/sideways (ADX 20.8) -> mean-reversion strategy | Signal: HOLD | Shares held: 0.0 | Last price: $69.67
2026-09-22 19:19:51,864 | [UBER] ACTION: No trade.
2026-09-22 19:19:51,894 | [UDR] trending (ADX 41.2) -> trend-following strategy | Signal: HOLD | Shares held: 0.0 | Last price: $34.16
2026-09-22 19:19:51,894 | [UDR] ACTION: No trade.
2026-09-22 19:19:51,924 | [UHS] trending (ADX 38.3) -> trend-following strategy | Signal: HOLD | Shares held: 0.0 | Last price: $180.65
2026-09-22 19:19:51,924 | [UHS] ACTION: No trade.
2026-09-22 19:19:51,955 | [ULTA] choppy/sideways (ADX 21.1) -> mean-reversion strategy | Signal: HOLD | Shares held: 0.0 | Last price: $553.78
2026-09-22 19:19:51,955 | [ULTA] ACTION: No trade.
2026-09-22 19:19:51,985 | [UNH] choppy/sideways (ADX 11.7) -> mean-reversion strategy | Signal: HOLD | Shares held: 0.0 | Last price: $373.51
2026-09-22 19:19:51,986 | [UNH] ACTION: No trade.
2026-09-22 19:19:52,016 | [UNP] trending (ADX 25.9) -> trend-following strategy | Signal: HOLD | Shares held: 0.0 | Last price: $274.22
2026-09-22 19:19:52,016 | [UNP] ACTION: No trade.
2026-09-22 19:19:52,047 | [UPS] trending (ADX 25.7) -> trend-following strategy | Signal: HOLD | Shares held: 0.0 | Last price: $95.85
2026-09-22 19:19:52,047 | [UPS] ACTION: No trade.
2026-09-22 19:19:52,078 | [URI] trending (ADX 48.1) -> trend-following strategy | Signal: HOLD | Shares held: 0.0 | Last price: $1048.24
2026-09-22 19:19:52,078 | [URI] ACTION: No trade.
2026-09-22 19:19:52,110 | [USB] trending (ADX 27.1) -> trend-following strategy | Signal: HOLD | Shares held: 0.0 | Last price: $59.34
2026-09-22 19:19:52,110 | [USB] ACTION: No trade.
2026-09-22 19:19:52,140 | [V] choppy/sideways (ADX 23.0) -> mean-reversion strategy | Signal: HOLD | Shares held: 0.0 | Last price: $363.22
2026-09-22 19:19:52,140 | [V] ACTION: No trade.
2026-09-22 19:19:52,171 | [VEEV] trending (ADX 36.6) -> trend-following strategy | Signal: HOLD | Shares held: 0.0 | Last price: $263.07
2026-09-22 19:19:52,171 | [VEEV] ACTION: No trade.
2026-09-22 19:19:52,203 | [VICI] choppy/sideways (ADX 16.7) -> mean-reversion strategy | Signal: HOLD | Shares held: 0.0 | Last price: $23.98
2026-09-22 19:19:52,203 | [VICI] ACTION: No trade.
2026-09-22 19:19:52,235 | [VICR] trending (ADX 54.2) -> trend-following strategy | Signal: HOLD | Shares held: 0.0 | Last price: $266.48
2026-09-22 19:19:52,235 | [VICR] ACTION: No trade.
2026-09-22 19:19:52,266 | [VLO] choppy/sideways (ADX 20.8) -> mean-reversion strategy | Signal: HOLD | Shares held: 0.0 | Last price: $381.26
2026-09-22 19:19:52,267 | [VLO] ACTION: No trade.
2026-09-22 19:19:52,298 | [VLTO] trending (ADX 36.0) -> trend-following strategy | Signal: HOLD | Shares held: 0.0 | Last price: $95.83
2026-09-22 19:19:52,298 | [VLTO] ACTION: No trade.
2026-09-22 19:19:52,398 | [VMC] choppy/sideways (ADX 19.9) -> mean-reversion strategy | Signal: HOLD | Shares held: 0.0 | Last price: $246.69
2026-09-22 19:19:52,398 | [VMC] ACTION: No trade.
2026-09-22 19:19:52,430 | [VMRK] choppy/sideways (ADX 20.5) -> mean-reversion strategy | Signal: HOLD | Shares held: 0.0 | Last price: $62.20
2026-09-22 19:19:52,430 | [VMRK] ACTION: No trade.
2026-09-22 19:19:52,461 | [VRSK] choppy/sideways (ADX 16.2) -> mean-reversion strategy | Signal: HOLD | Shares held: 0.0 | Last price: $172.01
2026-09-22 19:19:52,461 | [VRSK] ACTION: No trade.
2026-09-22 19:19:52,492 | [VRSN] trending (ADX 26.2) -> trend-following strategy | Signal: HOLD | Shares held: 0.0 | Last price: $299.12
2026-09-22 19:19:52,492 | [VRSN] ACTION: No trade.
2026-09-22 19:19:52,524 | [VRT] choppy/sideways (ADX 13.3) -> mean-reversion strategy | Signal: HOLD | Shares held: 0.0 | Last price: $254.34
2026-09-22 19:19:52,524 | [VRT] ACTION: No trade.
2026-09-22 19:19:52,557 | [VRTX] trending (ADX 42.6) -> trend-following strategy | Signal: HOLD | Shares held: 0.0 | Last price: $520.32
2026-09-22 19:19:52,557 | [VRTX] ACTION: No trade.
2026-09-22 19:19:52,588 | [VST] choppy/sideways (ADX 15.0) -> mean-reversion strategy | Signal: HOLD | Shares held: 0.0 | Last price: $140.87
2026-09-22 19:19:52,588 | [VST] ACTION: No trade.
2026-09-22 19:19:52,619 | [VTR] choppy/sideways (ADX 8.2) -> mean-reversion strategy | Signal: HOLD | Shares held: 0.0 | Last price: $86.87
2026-09-22 19:19:52,619 | [VTR] ACTION: No trade.
2026-09-22 19:19:52,651 | [VTRS] choppy/sideways (ADX 12.5) -> mean-reversion strategy | Signal: HOLD | Shares held: 0.0 | Last price: $17.14
2026-09-22 19:19:52,651 | [VTRS] ACTION: No trade.
2026-09-22 19:19:52,683 | [VZ] trending (ADX 54.0) -> trend-following strategy | Signal: HOLD | Shares held: 0.0 | Last price: $46.36
2026-09-22 19:19:52,683 | [VZ] ACTION: No trade.
2026-09-22 19:19:52,714 | [WAB] trending (ADX 38.6) -> trend-following strategy | Signal: HOLD | Shares held: 0.0 | Last price: $288.62
2026-09-22 19:19:52,714 | [WAB] ACTION: No trade.
2026-09-22 19:19:52,744 | [WAT] choppy/sideways (ADX 22.1) -> mean-reversion strategy | Signal: HOLD | Shares held: 0.0 | Last price: $425.93
2026-09-22 19:19:52,744 | [WAT] ACTION: No trade.
2026-09-22 19:19:52,778 | [WBD] trending (ADX 63.1) -> trend-following strategy | Signal: HOLD | Shares held: 0.0 | Last price: $30.80
2026-09-22 19:19:52,778 | [WBD] ACTION: No trade.
2026-09-22 19:19:52,812 | [WDAY] choppy/sideways (ADX 11.3) -> mean-reversion strategy | Signal: HOLD | Shares held: 0.0 | Last price: $189.68
2026-09-22 19:19:52,813 | [WDAY] ACTION: No trade.
2026-09-22 19:19:52,846 | [WDC] trending (ADX 38.4) -> trend-following strategy | Signal: HOLD | Shares held: 0.0 | Last price: $461.59
2026-09-22 19:19:52,846 | [WDC] ACTION: No trade.
2026-09-22 19:19:52,877 | [WEC] choppy/sideways (ADX 23.9) -> mean-reversion strategy | Signal: HOLD | Shares held: 0.0 | Last price: $102.91
2026-09-22 19:19:52,877 | [WEC] ACTION: No trade.
2026-09-22 19:19:52,908 | [WELL] choppy/sideways (ADX 15.9) -> mean-reversion strategy | Signal: HOLD | Shares held: 0.0 | Last price: $230.78
2026-09-22 19:19:52,908 | [WELL] ACTION: No trade.
2026-09-22 19:19:52,938 | [WFC] trending (ADX 36.9) -> trend-following strategy | Signal: HOLD | Shares held: 0.0 | Last price: $83.40
2026-09-22 19:19:52,939 | [WFC] ACTION: No trade.
2026-09-22 19:19:52,969 | [WM] trending (ADX 31.7) -> trend-following strategy | Signal: HOLD | Shares held: 0.0 | Last price: $207.40
2026-09-22 19:19:52,969 | [WM] ACTION: No trade.
2026-09-22 19:19:52,999 | [WMB] choppy/sideways (ADX 23.7) -> mean-reversion strategy | Signal: HOLD | Shares held: 0.0 | Last price: $71.11
2026-09-22 19:19:52,999 | [WMB] ACTION: No trade.
2026-09-22 19:19:53,029 | [WMT] trending (ADX 41.4) -> trend-following strategy | Signal: HOLD | Shares held: 0.0 | Last price: $109.93
2026-09-22 19:19:53,029 | [WMT] ACTION: No trade.
2026-09-22 19:19:53,059 | [WRB] trending (ADX 26.3) -> trend-following strategy | Signal: HOLD | Shares held: 0.0 | Last price: $68.51
2026-09-22 19:19:53,059 | [WRB] ACTION: No trade.
2026-09-22 19:19:53,089 | [WSM] trending (ADX 39.2) -> trend-following strategy | Signal: HOLD | Shares held: 0.0 | Last price: $232.56
2026-09-22 19:19:53,089 | [WSM] ACTION: No trade.
2026-09-22 19:19:53,118 | [WST] trending (ADX 41.1) -> trend-following strategy | Signal: HOLD | Shares held: 0.0 | Last price: $373.46
2026-09-22 19:19:53,119 | [WST] ACTION: No trade.
2026-09-22 19:19:53,148 | [WTW] trending (ADX 32.0) -> trend-following strategy | Signal: HOLD | Shares held: 0.0 | Last price: $301.19
2026-09-22 19:19:53,148 | [WTW] ACTION: No trade.
2026-09-22 19:19:53,177 | [WYNN] choppy/sideways (ADX 14.7) -> mean-reversion strategy | Signal: HOLD | Shares held: 0.0 | Last price: $82.75
2026-09-22 19:19:53,177 | [WYNN] ACTION: No trade.
2026-09-22 19:19:53,207 | [XEL] choppy/sideways (ADX 23.3) -> mean-reversion strategy | Signal: HOLD | Shares held: 0.0 | Last price: $72.06
2026-09-22 19:19:53,207 | [XEL] ACTION: No trade.
2026-09-22 19:19:53,238 | [XOM] choppy/sideways (ADX 19.7) -> mean-reversion strategy | Signal: HOLD | Shares held: 0.0 | Last price: $159.04
2026-09-22 19:19:53,238 | [XOM] ACTION: No trade.
2026-09-22 19:19:53,269 | [XYL] choppy/sideways (ADX 14.4) -> mean-reversion strategy | Signal: HOLD | Shares held: 0.0 | Last price: $107.47
2026-09-22 19:19:53,269 | [XYL] ACTION: No trade.
2026-09-22 19:19:53,299 | [XYZ] choppy/sideways (ADX 14.4) -> mean-reversion strategy | Signal: HOLD | Shares held: 0.0 | Last price: $77.50
2026-09-22 19:19:53,299 | [XYZ] ACTION: No trade.
2026-09-22 19:19:53,329 | [YUM] trending (ADX 28.4) -> trend-following strategy | Signal: SELL | Shares held: 0.0 | Last price: $139.17
2026-09-22 19:19:53,329 | [YUM] ACTION: No trade.
2026-09-22 19:19:53,359 | [ZBH] choppy/sideways (ADX 18.5) -> mean-reversion strategy | Signal: HOLD | Shares held: 0.0 | Last price: $93.67
2026-09-22 19:19:53,359 | [ZBH] ACTION: No trade.
2026-09-22 19:19:53,390 | [ZBRA] trending (ADX 55.7) -> trend-following strategy | Signal: HOLD | Shares held: 0.0 | Last price: $362.16
2026-09-22 19:19:53,391 | [ZBRA] ACTION: No trade.
2026-09-22 19:19:53,422 | [ZTS] trending (ADX 34.5) -> trend-following strategy | Signal: HOLD | Shares held: 0.0 | Last price: $73.19
2026-09-22 19:19:53,423 | [ZTS] ACTION: No trade.
2026-09-22 19:34:53,494 | SCANNER: refreshing watchlist...
2026-09-22 19:34:53,840 | SCANNER: candidate VICR -- +19.6% today, $267.75, liquid, 6 recent news item(s)
2026-09-22 19:35:00,909 | S&P 500 liquidity backstop -> MU, NVDA, META, SNDK, AMD, INTC, AAPL, MSFT, TSLA, GOOGL, AMZN, AVGO, BE, GOOG, LITE, DELL, MRVL, V, QCOM, STX, CVX, PLTR, JPM, WBD, ORCL, NFLX, LLY, AMAT, TXN, WDC, ILMN, LRCX, XOM, PANW, JNJ, BRK.B, CSCO, MRNA, MRK, CRM, HOOD, TMO, CRWD, GEV, WMT, P, GS, MPC, AMGN, COST, COIN, VLO, MA, C, CAT, COHR, AZO, GILD, DHR, HCA, SCHW, UNP, UNH, GE, BAC, MS, MCK, KLAC, HONA, TJX, APP, IBM, ADI, ABBV, LIN, WFC, REGN, BKNG, HD, ADP, PM, ABT, MDT, EBAY, ETN, PG, DASH, KO, WELL, PSX, PEP, MPWR, NOW, BNY, PGR, PCAR, ACN, HON, ADBE, COP, DE, INTU, COF, IQV, TMUS, SMCI, ORLY, MCD, ALL, BA, ISRG, FTNT, ABNB, APH, EXPE, ANET, CVS, BMY, BLK, RTX, VZ, SWKS, VRTX, GLW, NEE, NKE, NXPI, AXP, FANG, NEM, AEP, TRV, AON, TER, UBER, CB, GM, SYK, SO, DXCM, T, PH, HLT, DIS, MRSH, MAR, CDNS, HPE, ROP, VRT, CMI, WDAY, ROST, PYPL, CIEN, CSX, STT, EQIX, PFE, VEEV, BDX, WRB, DDOG, LMT, CL, WMB, SHW, DAL, BSX, TDG, ELV, RSG, ACGL, HWM, CARR, LOW, CAH, CTSH, VTR, GD, RCL, SLB, AMP, TT, DUK, TGT, SNPS, BKR, TRGP, TFC, NOC, APD, PNC, RDDT, PAYX, USB, COR, OKE, MMM, TPR, TEL, SBUX, ON, URI, CEG, FIX, ICE, CME, DVN, MCHP, KMI, MLM, MDLZ, MSI, DLTR, AMT, VMRK, DHI, JCI, HBAN, FDX, CMCSA, NSC, PWR, A, ARES, CTAS, UPS, PLD, EOG, FOXA, ADSK, MTD, IR, NTAP, TTWO, SPGI, OTIS, OMC, FCX, YUM, CRH, DLR, KR, HPQ, HUM, D, RMD, APO, JBL, XEL, CNC, F, SYY, EME, MCO, NVR, MNST, AFL, EQT, ETR, AKAM, CASY, LYV, WM, FLEX, MO, GRMN, NUE, LHX, ECL, BX, ODFL, AIG, EMR, GWW, WAT, LEN, HIG, DGX, CTVA, BG, VMC, RVTY, CBRE, KEYS, FICO, ITW, MSCI, SPG, WSM, PTC, ADM, IDXX, FERG, VRSN, AJG, EW, MET, RJF, WEC, CI, CHTR, KKR, ULTA, SRE, JBHT, ECHO, TYL, EFX, ROK, AWK, GDDY, PSA, STZ, STLD, EL, PSKY, EXE, CF, KDP, DG, HSY, DRI, FAST, NDAQ, AME, LH, PCG, FFIV, PEG, WAB, BIIB, FDXF, CCI, EG, KVUE, TSCO, CVNA, KMB, EXPD, VST, BBY, RF, CFG, UAL, AXON, EXR, LULU, CDW, CRL, FITB, NI, EXC, OXY, DTE, KEY, CBOE, ALB, XYL, CMS, PHM, CPRT, HAL, WST, SYF, GEN, TKO, MTB, ZBRA, VRSK, IBKR, GIS, CCL, APTV, DOV, O, CNP, GPN, CHRW, FSLR, TECH, VLTO, GEHC, DECK, INCY, HST, LYB, BR, PPG, BRO, CMG, LVS, WTW, ZTS, NRG, SW, MAS, ROL, FISV, ALLE, NTRS, DPZ, KHC, RL, ATO, HUBB, IT, EIX, GNRC, Q, JKHY, PFG, ED, XYZ, LUV, TSN, ZBH, APA, ES, PRU, CSGP, SJM, AEE, FDS, CPAY, IRM, COO, PODD, CLX, SBAC, BAX, LDOS, UHS, SNA, GPC, DVA, EVRG, STE, LNT, AVY, TPL, HII, INVH, IFF, L, SWK, MKC, TROW, LII, DOW, CINF, PPL, TRMB, DD, HAS, TXT, IP, CHD, TDY, PNR, J, MAA, NWSA, FE, BEN, PKG, FIS, MOS, VICI, AMCR, ALGN, IVZ, FTV, PNW, UDR, ESS, BXP, MGM, WYNN, IEX, DOC, FRT, NDSN, CPT, NCLH, AIZ, VTRS, BALL, ARE
2026-09-22 19:35:00,911 | SCANNER: new watchlist -> VICR, MU, NVDA, META, SNDK, AMD, INTC, AAPL, MSFT, TSLA, GOOGL, AMZN, AVGO, BE, GOOG, LITE, DELL, MRVL, V, QCOM, STX, CVX, PLTR, JPM, WBD, ORCL, NFLX, LLY, AMAT, TXN, WDC, ILMN, LRCX, XOM, PANW, JNJ, BRK.B, CSCO, MRNA, MRK, CRM, HOOD, TMO, CRWD, GEV, WMT, P, GS, MPC, AMGN, COST, COIN, VLO, MA, C, CAT, COHR, AZO, GILD, DHR, HCA, SCHW, UNP, UNH, GE, BAC, MS, MCK, KLAC, HONA, TJX, APP, IBM, ADI, ABBV, LIN, WFC, REGN, BKNG, HD, ADP, PM, ABT, MDT, EBAY, ETN, PG, DASH, KO, WELL, PSX, PEP, MPWR, NOW, BNY, PGR, PCAR, ACN, HON, ADBE, COP, DE, INTU, COF, IQV, TMUS, SMCI, ORLY, MCD, ALL, BA, ISRG, FTNT, ABNB, APH, EXPE, ANET, CVS, BMY, BLK, RTX, VZ, SWKS, VRTX, GLW, NEE, NKE, NXPI, AXP, FANG, NEM, AEP, TRV, AON, TER, UBER, CB, GM, SYK, SO, DXCM, T, PH, HLT, DIS, MRSH, MAR, CDNS, HPE, ROP, VRT, CMI, WDAY, ROST, PYPL, CIEN, CSX, STT, EQIX, PFE, VEEV, BDX, WRB, DDOG, LMT, CL, WMB, SHW, DAL, BSX, TDG, ELV, RSG, ACGL, HWM, CARR, LOW, CAH, CTSH, VTR, GD, RCL, SLB, AMP, TT, DUK, TGT, SNPS, BKR, TRGP, TFC, NOC, APD, PNC, RDDT, PAYX, USB, COR, OKE, MMM, TPR, TEL, SBUX, ON, URI, CEG, FIX, ICE, CME, DVN, MCHP, KMI, MLM, MDLZ, MSI, DLTR, AMT, VMRK, DHI, JCI, HBAN, FDX, CMCSA, NSC, PWR, A, ARES, CTAS, UPS, PLD, EOG, FOXA, ADSK, MTD, IR, NTAP, TTWO, SPGI, OTIS, OMC, FCX, YUM, CRH, DLR, KR, HPQ, HUM, D, RMD, APO, JBL, XEL, CNC, F, SYY, EME, MCO, NVR, MNST, AFL, EQT, ETR, AKAM, CASY, LYV, WM, FLEX, MO, GRMN, NUE, LHX, ECL, BX, ODFL, AIG, EMR, GWW, WAT, LEN, HIG, DGX, CTVA, BG, VMC, RVTY, CBRE, KEYS, FICO, ITW, MSCI, SPG, WSM, PTC, ADM, IDXX, FERG, VRSN, AJG, EW, MET, RJF, WEC, CI, CHTR, KKR, ULTA, SRE, JBHT, ECHO, TYL, EFX, ROK, AWK, GDDY, PSA, STZ, STLD, EL, PSKY, EXE, CF, KDP, DG, HSY, DRI, FAST, NDAQ, AME, LH, PCG, FFIV, PEG, WAB, BIIB, FDXF, CCI, EG, KVUE, TSCO, CVNA, KMB, EXPD, VST, BBY, RF, CFG, UAL, AXON, EXR, LULU, CDW, CRL, FITB, NI, EXC, OXY, DTE, KEY, CBOE, ALB, XYL, CMS, PHM, CPRT, HAL, WST, SYF, GEN, TKO, MTB, ZBRA, VRSK, IBKR, GIS, CCL, APTV, DOV, O, CNP, GPN, CHRW, FSLR, TECH, VLTO, GEHC, DECK, INCY, HST, LYB, BR, PPG, BRO, CMG, LVS, WTW, ZTS, NRG, SW, MAS, ROL, FISV, ALLE, NTRS, DPZ, KHC, RL, ATO, HUBB, IT, EIX, GNRC, Q, JKHY, PFG, ED, XYZ, LUV, TSN, ZBH, APA, ES, PRU, CSGP, SJM, AEE, FDS, CPAY, IRM, COO, PODD, CLX, SBAC, BAX, LDOS, UHS, SNA, GPC, DVA, EVRG, STE, LNT, AVY, TPL, HII, INVH, IFF, L, SWK, MKC, TROW, LII, DOW, CINF, PPL, TRMB, DD, HAS, TXT, IP, CHD, TDY, PNR, J, MAA, NWSA, FE, BEN, PKG, FIS, MOS, VICI, AMCR, ALGN, IVZ, FTV, PNW, UDR, ESS, BXP, MGM, WYNN, IEX, DOC, FRT, NDSN, CPT, NCLH, AIZ, VTRS, BALL, ARE
2026-09-22 19:35:00,927 | Market is open (closes 2026-09-22 22:00:00 CEST your local time). Checking 491 symbols: A, AAPL, ABBV, ABNB, ABT, ACGL, ACN, ADBE, ADI, ADM, ADP, ADSK, AEE, AEP, AFL, AIG, AIZ, AJG, AKAM, ALB, ALGN, ALL, ALLE, AMAT, AMCR, AMD, AME, AMGN, AMP, AMT, AMZN, ANET, AON, APA, APD, APH, APO, APP, APTV, ARE, ARES, ATO, AVGO, AVY, AWK, AXON, AXP, AZO, BA, BAC, BALL, BAX, BBY, BDX, BE, BEN, BG, BIIB, BKNG, BKR, BLK, BMY, BNY, BR, BRK.B, BRO, BSX, BX, BXP, C, CAH, CARR, CASY, CAT, CB, CBOE, CBRE, CCI, CCL, CDNS, CDW, CEG, CF, CFG, CHD, CHRW, CHTR, CI, CIEN, CINF, CL, CLX, CMCSA, CME, CMG, CMI, CMS, CNC, CNP, COF, COHR, COIN, COO, COP, COR, COST, CPAY, CPRT, CPT, CRH, CRL, CRM, CRWD, CSCO, CSGP, CSX, CTAS, CTSH, CTVA, CVNA, CVS, CVX, D, DAL, DASH, DD, DDOG, DE, DECK, DELL, DG, DGX, DHI, DHR, DIS, DLR, DLTR, DOC, DOV, DOW, DPZ, DRI, DTE, DUK, DVA, DVN, DXCM, EBAY, ECHO, ECL, ED, EFX, EG, EIX, EL, ELV, EME, EMR, EOG, EQIX, EQT, ES, ESS, ETN, ETR, EVRG, EW, EXC, EXE, EXPD, EXPE, EXR, F, FANG, FAST, FCX, FDS, FDX, FDXF, FE, FERG, FFIV, FICO, FIS, FISV, FITB, FIX, FLEX, FOXA, FRT, FSLR, FTNT, FTV, GD, GDDY, GE, GEHC, GEN, GEV, GILD, GIS, GLW, GM, GNRC, GOOG, GOOGL, GPC, GPN, GRMN, GS, GWW, HAL, HAS, HBAN, HCA, HD, HIG, HII, HLT, HON, HONA, HOOD, HPE, HPQ, HST, HSY, HUBB, HUM, HWM, IBKR, IBM, ICE, IDXX, IEX, IFF, ILMN, INCY, INTC, INTU, INVH, IP, IQV, IR, IRM, ISRG, IT, ITW, IVZ, J, JBHT, JBL, JCI, JKHY, JNJ, JPM, KDP, KEY, KEYS, KHC, KKR, KLAC, KMB, KMI, KO, KR, KVUE, L, LDOS, LEN, LH, LHX, LII, LIN, LITE, LLY, LMT, LNT, LOW, LRCX, LULU, LUV, LVS, LYB, LYV, MA, MAA, MAR, MAS, MCD, MCHP, MCK, MCO, MDLZ, MDT, MET, META, MGM, MKC, MLM, MMM, MNST, MO, MOS, MPC, MPWR, MRK, MRNA, MRSH, MRVL, MS, MSCI, MSFT, MSI, MTB, MTD, MU, NCLH, NDAQ, NDSN, NEE, NEM, NFLX, NI, NKE, NOC, NOW, NRG, NSC, NTAP, NTRS, NUE, NVDA, NVR, NWSA, NXPI, O, ODFL, OKE, OMC, ON, ORCL, ORLY, OTIS, OXY, P, PANW, PAYX, PCAR, PCG, PEG, PEP, PFE, PFG, PG, PGR, PH, PHM, PKG, PLD, PLTR, PM, PNC, PNR, PNW, PODD, PPG, PPL, PRU, PSA, PSKY, PSX, PTC, PWR, PYPL, Q, QCOM, RCL, RDDT, REGN, RF, RJF, RL, RMD, ROK, ROL, ROP, ROST, RSG, RTX, RVTY, SBAC, SBUX, SCHW, SHW, SJM, SLB, SMCI, SNA, SNDK, SNPS, SO, SPG, SPGI, SRE, STE, STLD, STT, STX, STZ, SW, SWK, SWKS, SYF, SYK, SYY, T, TDG, TDY, TECH, TEL, TER, TFC, TGT, TJX, TKO, TMO, TMUS, TPL, TPR, TRGP, TRMB, TROW, TRV, TSCO, TSLA, TSN, TT, TTWO, TXN, TXT, TYL, UAL, UBER, UDR, UHS, ULTA, UNH, UNP, UPS, URI, USB, V, VEEV, VICI, VICR, VLO, VLTO, VMC, VMRK, VRSK, VRSN, VRT, VRTX, VST, VTR, VTRS, VZ, WAB, WAT, WBD, WDAY, WDC, WEC, WELL, WFC, WM, WMB, WMT, WRB, WSM, WST, WTW, WYNN, XEL, XOM, XYL, XYZ, YUM, ZBH, ZBRA, ZTS (within 90 min of close -- not enough runway left today for a new position)
2026-09-22 19:35:32,968 | [A] trending (ADX 44.6) -> trend-following strategy | Signal: HOLD | Shares held: 0.0 | Last price: $166.44
2026-09-22 19:35:32,968 | [A] ACTION: No trade.
2026-09-22 19:35:33,000 | [AAPL] trending (ADX 28.2) -> trend-following strategy | Signal: HOLD | Shares held: 0.0 | Last price: $340.11
2026-09-22 19:35:33,000 | [AAPL] ACTION: No trade.
2026-09-22 19:35:33,031 | [ABBV] choppy/sideways (ADX 14.2) -> mean-reversion strategy | Signal: HOLD | Shares held: 0.0 | Last price: $265.69
2026-09-22 19:35:33,031 | [ABBV] ACTION: No trade.
2026-09-22 19:35:33,063 | [ABNB] trending (ADX 39.1) -> trend-following strategy | Signal: HOLD | Shares held: 0.0 | Last price: $160.79
2026-09-22 19:35:33,063 | [ABNB] ACTION: No trade.
2026-09-22 19:35:33,093 | [ABT] trending (ADX 25.9) -> trend-following strategy | Signal: HOLD | Shares held: 0.0 | Last price: $104.20
2026-09-22 19:35:33,093 | [ABT] ACTION: No trade.
2026-09-22 19:35:33,123 | [ACGL] trending (ADX 34.5) -> trend-following strategy | Signal: HOLD | Shares held: 0.0 | Last price: $95.25
2026-09-22 19:35:33,123 | [ACGL] ACTION: No trade.
2026-09-22 19:35:33,153 | [ACN] choppy/sideways (ADX 11.0) -> mean-reversion strategy | Signal: HOLD | Shares held: 0.0 | Last price: $184.78
2026-09-22 19:35:33,153 | [ACN] ACTION: No trade.
2026-09-22 19:35:33,183 | [ADBE] choppy/sideways (ADX 22.6) -> mean-reversion strategy | Signal: HOLD | Shares held: 0.0 | Last price: $239.00
2026-09-22 19:35:33,183 | [ADBE] ACTION: No trade.
2026-09-22 19:35:33,213 | [ADI] trending (ADX 41.9) -> trend-following strategy | Signal: HOLD | Shares held: 0.0 | Last price: $387.38
2026-09-22 19:35:33,213 | [ADI] ACTION: No trade.
2026-09-22 19:35:33,244 | [ADM] choppy/sideways (ADX 23.5) -> mean-reversion strategy | Signal: HOLD | Shares held: 0.0 | Last price: $82.96
2026-09-22 19:35:33,244 | [ADM] ACTION: No trade.
2026-09-22 19:35:33,274 | [ADP] choppy/sideways (ADX 19.7) -> mean-reversion strategy | Signal: HOLD | Shares held: 0.0 | Last price: $270.14
2026-09-22 19:35:33,274 | [ADP] ACTION: No trade.
2026-09-22 19:35:33,304 | [ADSK] trending (ADX 29.1) -> trend-following strategy | Signal: HOLD | Shares held: 0.0 | Last price: $220.65
2026-09-22 19:35:33,304 | [ADSK] ACTION: No trade.
2026-09-22 19:35:33,334 | [AEE] choppy/sideways (ADX 21.9) -> mean-reversion strategy | Signal: HOLD | Shares held: 0.0 | Last price: $101.80
2026-09-22 19:35:33,334 | [AEE] ACTION: No trade.
2026-09-22 19:35:33,363 | [AEP] choppy/sideways (ADX 11.7) -> mean-reversion strategy | Signal: HOLD | Shares held: 0.0 | Last price: $120.22
2026-09-22 19:35:33,363 | [AEP] ACTION: No trade.
2026-09-22 19:35:33,393 | [AFL] choppy/sideways (ADX 15.9) -> mean-reversion strategy | Signal: HOLD | Shares held: 0.0 | Last price: $114.54
2026-09-22 19:35:33,393 | [AFL] ACTION: No trade.
2026-09-22 19:35:33,424 | [AIG] trending (ADX 29.9) -> trend-following strategy | Signal: HOLD | Shares held: 0.0 | Last price: $75.39
2026-09-22 19:35:33,424 | [AIG] ACTION: No trade.
2026-09-22 19:35:33,454 | [AIZ] choppy/sideways (ADX 24.6) -> mean-reversion strategy | Signal: HOLD | Shares held: 0.0 | Last price: $275.18
2026-09-22 19:35:33,455 | [AIZ] ACTION: No trade.
2026-09-22 19:35:33,485 | [AJG] trending (ADX 36.3) -> trend-following strategy | Signal: HOLD | Shares held: 0.0 | Last price: $230.88
2026-09-22 19:35:33,485 | [AJG] ACTION: No trade.
2026-09-22 19:35:33,515 | [AKAM] trending (ADX 38.3) -> trend-following strategy | Signal: HOLD | Shares held: 0.0 | Last price: $118.87
2026-09-22 19:35:33,515 | [AKAM] ACTION: No trade.
2026-09-22 19:35:33,546 | [ALB] trending (ADX 31.6) -> trend-following strategy | Signal: HOLD | Shares held: 0.0 | Last price: $116.54
2026-09-22 19:35:33,546 | [ALB] ACTION: No trade.
2026-09-22 19:35:33,576 | [ALGN] trending (ADX 38.6) -> trend-following strategy | Signal: HOLD | Shares held: 0.0 | Last price: $152.46
2026-09-22 19:35:33,577 | [ALGN] ACTION: No trade.
2026-09-22 19:35:33,607 | [ALL] trending (ADX 56.0) -> trend-following strategy | Signal: HOLD | Shares held: 0.0 | Last price: $230.00
2026-09-22 19:35:33,607 | [ALL] ACTION: No trade.
2026-09-22 19:35:33,637 | [ALLE] trending (ADX 29.0) -> trend-following strategy | Signal: HOLD | Shares held: 0.0 | Last price: $154.03
2026-09-22 19:35:33,637 | [ALLE] ACTION: No trade.
2026-09-22 19:35:33,666 | [AMAT] trending (ADX 25.9) -> trend-following strategy | Signal: HOLD | Shares held: 0.0 | Last price: $470.80
2026-09-22 19:35:33,667 | [AMAT] ACTION: No trade.
2026-09-22 19:35:33,697 | [AMCR] trending (ADX 37.7) -> trend-following strategy | Signal: HOLD | Shares held: 0.0 | Last price: $43.18
2026-09-22 19:35:33,697 | [AMCR] ACTION: No trade.
2026-09-22 19:35:33,728 | [AMD] trending (ADX 26.8) -> trend-following strategy | Signal: HOLD | Shares held: 0.0 | Last price: $620.76
2026-09-22 19:35:33,728 | [AMD] ACTION: No trade.
2026-09-22 19:35:33,759 | [AME] trending (ADX 45.7) -> trend-following strategy | Signal: HOLD | Shares held: 0.0 | Last price: $245.31
2026-09-22 19:35:33,759 | [AME] ACTION: No trade.
2026-09-22 19:35:33,789 | [AMGN] trending (ADX 50.2) -> trend-following strategy | Signal: HOLD | Shares held: 0.0 | Last price: $409.27
2026-09-22 19:35:33,789 | [AMGN] ACTION: No trade.
2026-09-22 19:35:33,820 | [AMP] trending (ADX 30.2) -> trend-following strategy | Signal: HOLD | Shares held: 0.0 | Last price: $515.48
2026-09-22 19:35:33,820 | [AMP] ACTION: No trade.
2026-09-22 19:35:33,850 | [AMT] choppy/sideways (ADX 19.1) -> mean-reversion strategy | Signal: HOLD | Shares held: 0.0 | Last price: $175.46
2026-09-22 19:35:33,850 | [AMT] ACTION: No trade.
2026-09-22 19:35:33,880 | [AMZN] trending (ADX 27.6) -> trend-following strategy | Signal: HOLD | Shares held: 0.0 | Last price: $255.85
2026-09-22 19:35:33,881 | [AMZN] ACTION: No trade.
2026-09-22 19:35:33,911 | [ANET] choppy/sideways (ADX 19.5) -> mean-reversion strategy | Signal: HOLD | Shares held: 0.0 | Last price: $205.10
2026-09-22 19:35:33,911 | [ANET] ACTION: No trade.
2026-09-22 19:35:33,943 | [AON] trending (ADX 35.7) -> trend-following strategy | Signal: HOLD | Shares held: 0.0 | Last price: $286.89
2026-09-22 19:35:33,943 | [AON] ACTION: No trade.
2026-09-22 19:35:33,974 | [APA] trending (ADX 43.2) -> trend-following strategy | Signal: HOLD | Shares held: 0.0 | Last price: $42.59
2026-09-22 19:35:33,974 | [APA] ACTION: No trade.
2026-09-22 19:35:34,005 | [APD] trending (ADX 30.8) -> trend-following strategy | Signal: HOLD | Shares held: 0.0 | Last price: $287.96
2026-09-22 19:35:34,005 | [APD] ACTION: No trade.
2026-09-22 19:35:34,036 | [APH] trending (ADX 28.9) -> trend-following strategy | Signal: HOLD | Shares held: 0.0 | Last price: $83.00
2026-09-22 19:35:34,036 | [APH] ACTION: No trade.
2026-09-22 19:35:34,066 | [APO] choppy/sideways (ADX 19.1) -> mean-reversion strategy | Signal: HOLD | Shares held: 0.0 | Last price: $124.93
2026-09-22 19:35:34,066 | [APO] ACTION: No trade.
2026-09-22 19:35:34,096 | [APP] choppy/sideways (ADX 15.7) -> mean-reversion strategy | Signal: HOLD | Shares held: 0.0 | Last price: $328.78
2026-09-22 19:35:34,096 | [APP] ACTION: No trade.
2026-09-22 19:35:34,125 | [APTV] choppy/sideways (ADX 11.3) -> mean-reversion strategy | Signal: HOLD | Shares held: 0.0 | Last price: $44.67
2026-09-22 19:35:34,126 | [APTV] ACTION: No trade.
2026-09-22 19:35:34,155 | [ARE] choppy/sideways (ADX 13.1) -> mean-reversion strategy | Signal: HOLD | Shares held: 0.0 | Last price: $54.51
2026-09-22 19:35:34,155 | [ARE] ACTION: No trade.
2026-09-22 19:35:34,185 | [ARES] choppy/sideways (ADX 16.2) -> mean-reversion strategy | Signal: HOLD | Shares held: 0.0 | Last price: $125.76
2026-09-22 19:35:34,185 | [ARES] ACTION: No trade.
2026-09-22 19:35:34,215 | [ATO] trending (ADX 40.3) -> trend-following strategy | Signal: HOLD | Shares held: 0.0 | Last price: $158.28
2026-09-22 19:35:34,215 | [ATO] ACTION: No trade.
2026-09-22 19:35:34,244 | [AVGO] trending (ADX 26.5) -> trend-following strategy | Signal: HOLD | Shares held: 0.0 | Last price: $365.31
2026-09-22 19:35:34,244 | [AVGO] ACTION: No trade.
2026-09-22 19:35:34,275 | [AVY] trending (ADX 33.1) -> trend-following strategy | Signal: HOLD | Shares held: 0.0 | Last price: $172.19
2026-09-22 19:35:34,275 | [AVY] ACTION: No trade.
2026-09-22 19:35:34,305 | [AWK] choppy/sideways (ADX 14.7) -> mean-reversion strategy | Signal: HOLD | Shares held: 0.0 | Last price: $134.59
2026-09-22 19:35:34,305 | [AWK] ACTION: No trade.
2026-09-22 19:35:34,335 | [AXON] trending (ADX 41.6) -> trend-following strategy | Signal: HOLD | Shares held: 0.0 | Last price: $459.56
2026-09-22 19:35:34,335 | [AXON] ACTION: No trade.
2026-09-22 19:35:34,365 | [AXP] trending (ADX 30.2) -> trend-following strategy | Signal: HOLD | Shares held: 0.0 | Last price: $305.93
2026-09-22 19:35:34,365 | [AXP] ACTION: No trade.
2026-09-22 19:35:34,394 | [AZO] choppy/sideways (ADX 14.7) -> mean-reversion strategy | Signal: HOLD | Shares held: 0.0 | Last price: $2924.80
2026-09-22 19:35:34,394 | [AZO] ACTION: No trade.
2026-09-22 19:35:34,424 | [BA] choppy/sideways (ADX 16.3) -> mean-reversion strategy | Signal: HOLD | Shares held: 0.0 | Last price: $198.19
2026-09-22 19:35:34,424 | [BA] ACTION: No trade.
2026-09-22 19:35:34,453 | [BAC] trending (ADX 37.8) -> trend-following strategy | Signal: HOLD | Shares held: 0.0 | Last price: $56.36
2026-09-22 19:35:34,453 | [BAC] ACTION: No trade.
2026-09-22 19:35:34,483 | [BALL] choppy/sideways (ADX 23.9) -> mean-reversion strategy | Signal: HOLD | Shares held: 0.0 | Last price: $60.06
2026-09-22 19:35:34,483 | [BALL] ACTION: No trade.
2026-09-22 19:35:34,513 | [BAX] trending (ADX 41.3) -> trend-following strategy | Signal: HOLD | Shares held: 0.0 | Last price: $23.61
2026-09-22 19:35:34,513 | [BAX] ACTION: No trade.
2026-09-22 19:35:34,571 | [BBY] trending (ADX 27.6) -> trend-following strategy | Signal: HOLD | Shares held: 0.0 | Last price: $94.93
2026-09-22 19:35:34,571 | [BBY] ACTION: No trade.
2026-09-22 19:35:34,601 | [BDX] trending (ADX 41.9) -> trend-following strategy | Signal: HOLD | Shares held: 0.0 | Last price: $183.31
2026-09-22 19:35:34,601 | [BDX] ACTION: No trade.
2026-09-22 19:35:34,631 | [BE] choppy/sideways (ADX 13.9) -> mean-reversion strategy | Signal: HOLD | Shares held: 0.0 | Last price: $274.12
2026-09-22 19:35:34,631 | [BE] ACTION: No trade.
2026-09-22 19:35:34,661 | [BEN] trending (ADX 26.0) -> trend-following strategy | Signal: HOLD | Shares held: 0.0 | Last price: $33.22
2026-09-22 19:35:34,661 | [BEN] ACTION: No trade.
2026-09-22 19:35:34,692 | [BG] trending (ADX 29.8) -> trend-following strategy | Signal: HOLD | Shares held: 0.0 | Last price: $111.30
2026-09-22 19:35:34,692 | [BG] ACTION: No trade.
2026-09-22 19:35:34,723 | [BIIB] choppy/sideways (ADX 25.0) -> mean-reversion strategy | Signal: HOLD | Shares held: 0.0 | Last price: $224.81
2026-09-22 19:35:34,723 | [BIIB] ACTION: No trade.
2026-09-22 19:35:34,754 | [BKNG] trending (ADX 28.2) -> trend-following strategy | Signal: HOLD | Shares held: 0.0 | Last price: $161.30
2026-09-22 19:35:34,754 | [BKNG] ACTION: No trade.
2026-09-22 19:35:34,785 | [BKR] choppy/sideways (ADX 19.9) -> mean-reversion strategy | Signal: HOLD | Shares held: 0.0 | Last price: $57.09
2026-09-22 19:35:34,785 | [BKR] ACTION: No trade.
2026-09-22 19:35:34,815 | [BLK] choppy/sideways (ADX 12.2) -> mean-reversion strategy | Signal: HOLD | Shares held: 0.0 | Last price: $1069.51
2026-09-22 19:35:34,815 | [BLK] ACTION: No trade.
2026-09-22 19:35:34,845 | [BMY] choppy/sideways (ADX 24.5) -> mean-reversion strategy | Signal: HOLD | Shares held: 0.0 | Last price: $62.36
2026-09-22 19:35:34,846 | [BMY] ACTION: No trade.
2026-09-22 19:35:34,875 | [BNY] choppy/sideways (ADX 17.1) -> mean-reversion strategy | Signal: HOLD | Shares held: 0.0 | Last price: $150.51
2026-09-22 19:35:34,876 | [BNY] ACTION: No trade.
2026-09-22 19:35:34,905 | [BR] choppy/sideways (ADX 14.1) -> mean-reversion strategy | Signal: HOLD | Shares held: 0.0 | Last price: $163.16
2026-09-22 19:35:34,905 | [BR] ACTION: No trade.
2026-09-22 19:35:34,936 | [BRK.B] trending (ADX 25.1) -> trend-following strategy | Signal: HOLD | Shares held: 0.0 | Last price: $504.73
2026-09-22 19:35:34,936 | [BRK.B] ACTION: No trade.
2026-09-22 19:35:34,967 | [BRO] trending (ADX 33.5) -> trend-following strategy | Signal: HOLD | Shares held: 0.0 | Last price: $62.65
2026-09-22 19:35:34,967 | [BRO] ACTION: No trade.
2026-09-22 19:35:34,998 | [BSX] trending (ADX 42.2) -> trend-following strategy | Signal: HOLD | Shares held: 0.0 | Last price: $44.99
2026-09-22 19:35:34,998 | [BSX] ACTION: No trade.
2026-09-22 19:35:35,027 | [BX] choppy/sideways (ADX 14.2) -> mean-reversion strategy | Signal: HOLD | Shares held: 0.0 | Last price: $124.64
2026-09-22 19:35:35,027 | [BX] ACTION: No trade.
2026-09-22 19:35:35,057 | [BXP] choppy/sideways (ADX 11.2) -> mean-reversion strategy | Signal: HOLD | Shares held: 0.0 | Last price: $64.39
2026-09-22 19:35:35,057 | [BXP] ACTION: No trade.
2026-09-22 19:35:35,086 | [C] choppy/sideways (ADX 21.2) -> mean-reversion strategy | Signal: HOLD | Shares held: 0.0 | Last price: $132.72
2026-09-22 19:35:35,087 | [C] ACTION: No trade.
2026-09-22 19:35:35,116 | [CAH] trending (ADX 26.6) -> trend-following strategy | Signal: HOLD | Shares held: 0.0 | Last price: $222.12
2026-09-22 19:35:35,116 | [CAH] ACTION: No trade.
2026-09-22 19:35:35,145 | [CARR] choppy/sideways (ADX 19.0) -> mean-reversion strategy | Signal: HOLD | Shares held: 0.0 | Last price: $54.99
2026-09-22 19:35:35,145 | [CARR] ACTION: No trade.
2026-09-22 19:35:35,174 | [CASY] choppy/sideways (ADX 21.7) -> mean-reversion strategy | Signal: HOLD | Shares held: 0.0 | Last price: $586.39
2026-09-22 19:35:35,174 | [CASY] ACTION: No trade.
2026-09-22 19:35:35,204 | [CAT] trending (ADX 26.3) -> trend-following strategy | Signal: HOLD | Shares held: 0.0 | Last price: $805.83
2026-09-22 19:35:35,204 | [CAT] ACTION: No trade.
2026-09-22 19:35:35,233 | [CB] choppy/sideways (ADX 21.9) -> mean-reversion strategy | Signal: HOLD | Shares held: 0.0 | Last price: $337.33
2026-09-22 19:35:35,233 | [CB] ACTION: No trade.
2026-09-22 19:35:35,262 | [CBOE] trending (ADX 26.7) -> trend-following strategy | Signal: HOLD | Shares held: 0.0 | Last price: $265.68
2026-09-22 19:35:35,262 | [CBOE] ACTION: No trade.
2026-09-22 19:35:35,292 | [CBRE] choppy/sideways (ADX 17.8) -> mean-reversion strategy | Signal: HOLD | Shares held: 0.0 | Last price: $140.81
2026-09-22 19:35:35,292 | [CBRE] ACTION: No trade.
2026-09-22 19:35:35,321 | [CCI] choppy/sideways (ADX 16.0) -> mean-reversion strategy | Signal: HOLD | Shares held: 0.0 | Last price: $72.52
2026-09-22 19:35:35,321 | [CCI] ACTION: No trade.
2026-09-22 19:35:35,350 | [CCL] choppy/sideways (ADX 21.2) -> mean-reversion strategy | Signal: HOLD | Shares held: 0.0 | Last price: $22.18
2026-09-22 19:35:35,350 | [CCL] ACTION: No trade.
2026-09-22 19:35:35,380 | [CDNS] trending (ADX 62.8) -> trend-following strategy | Signal: HOLD | Shares held: 0.0 | Last price: $302.57
2026-09-22 19:35:35,380 | [CDNS] ACTION: No trade.
2026-09-22 19:35:35,409 | [CDW] choppy/sideways (ADX 19.9) -> mean-reversion strategy | Signal: HOLD | Shares held: 0.0 | Last price: $148.26
2026-09-22 19:35:35,409 | [CDW] ACTION: No trade.
2026-09-22 19:35:35,439 | [CEG] choppy/sideways (ADX 10.9) -> mean-reversion strategy | Signal: HOLD | Shares held: 0.0 | Last price: $264.97
2026-09-22 19:35:35,439 | [CEG] ACTION: No trade.
2026-09-22 19:35:35,468 | [CF] trending (ADX 40.6) -> trend-following strategy | Signal: HOLD | Shares held: 0.0 | Last price: $121.09
2026-09-22 19:35:35,468 | [CF] ACTION: No trade.
2026-09-22 19:35:35,498 | [CFG] trending (ADX 35.4) -> trend-following strategy | Signal: HOLD | Shares held: 0.0 | Last price: $65.84
2026-09-22 19:35:35,498 | [CFG] ACTION: No trade.
2026-09-22 19:35:35,527 | [CHD] choppy/sideways (ADX 18.6) -> mean-reversion strategy | Signal: HOLD | Shares held: 0.0 | Last price: $96.19
2026-09-22 19:35:35,527 | [CHD] ACTION: No trade.
2026-09-22 19:35:35,556 | [CHRW] trending (ADX 34.0) -> trend-following strategy | Signal: HOLD | Shares held: 0.0 | Last price: $149.08
2026-09-22 19:35:35,557 | [CHRW] ACTION: No trade.
2026-09-22 19:35:35,586 | [CHTR] trending (ADX 39.3) -> trend-following strategy | Signal: HOLD | Shares held: 0.0 | Last price: $118.25
2026-09-22 19:35:35,587 | [CHTR] ACTION: No trade.
2026-09-22 19:35:35,616 | [CI] choppy/sideways (ADX 15.7) -> mean-reversion strategy | Signal: HOLD | Shares held: 0.0 | Last price: $274.38
2026-09-22 19:35:35,616 | [CI] ACTION: No trade.
2026-09-22 19:35:35,646 | [CIEN] choppy/sideways (ADX 24.8) -> mean-reversion strategy | Signal: HOLD | Shares held: 0.0 | Last price: $369.00
2026-09-22 19:35:35,646 | [CIEN] ACTION: No trade.
2026-09-22 19:35:35,676 | [CINF] trending (ADX 28.5) -> trend-following strategy | Signal: HOLD | Shares held: 0.0 | Last price: $166.46
2026-09-22 19:35:35,676 | [CINF] ACTION: No trade.
2026-09-22 19:35:35,707 | [CL] choppy/sideways (ADX 13.9) -> mean-reversion strategy | Signal: HOLD | Shares held: 0.0 | Last price: $87.11
2026-09-22 19:35:35,707 | [CL] ACTION: No trade.
2026-09-22 19:35:35,738 | [CLX] trending (ADX 25.5) -> trend-following strategy | Signal: HOLD | Shares held: 0.0 | Last price: $86.83
2026-09-22 19:35:35,738 | [CLX] ACTION: No trade.
2026-09-22 19:35:35,768 | [CMCSA] choppy/sideways (ADX 21.6) -> mean-reversion strategy | Signal: HOLD | Shares held: 0.0 | Last price: $22.43
2026-09-22 19:35:35,768 | [CMCSA] ACTION: No trade.
2026-09-22 19:35:35,798 | [CME] trending (ADX 47.2) -> trend-following strategy | Signal: HOLD | Shares held: 0.0 | Last price: $268.69
2026-09-22 19:35:35,799 | [CME] ACTION: No trade.
2026-09-22 19:35:35,829 | [CMG] choppy/sideways (ADX 14.4) -> mean-reversion strategy | Signal: HOLD | Shares held: 0.0 | Last price: $32.80
2026-09-22 19:35:35,829 | [CMG] ACTION: No trade.
2026-09-22 19:35:35,859 | [CMI] trending (ADX 29.7) -> trend-following strategy | Signal: HOLD | Shares held: 0.0 | Last price: $522.02
2026-09-22 19:35:35,859 | [CMI] ACTION: No trade.
2026-09-22 19:35:35,889 | [CMS] trending (ADX 28.6) -> trend-following strategy | Signal: HOLD | Shares held: 0.0 | Last price: $64.50
2026-09-22 19:35:35,889 | [CMS] ACTION: No trade.
2026-09-22 19:35:35,919 | [CNC] trending (ADX 30.5) -> trend-following strategy | Signal: HOLD | Shares held: 0.0 | Last price: $63.29
2026-09-22 19:35:35,919 | [CNC] ACTION: No trade.
2026-09-22 19:35:35,949 | [CNP] choppy/sideways (ADX 21.6) -> mean-reversion strategy | Signal: HOLD | Shares held: 0.0 | Last price: $37.90
2026-09-22 19:35:35,949 | [CNP] ACTION: No trade.
2026-09-22 19:35:35,981 | [COF] choppy/sideways (ADX 18.7) -> mean-reversion strategy | Signal: HOLD | Shares held: 0.0 | Last price: $201.75
2026-09-22 19:35:35,981 | [COF] ACTION: No trade.
2026-09-22 19:35:36,012 | [COHR] trending (ADX 30.1) -> trend-following strategy | Signal: HOLD | Shares held: 0.0 | Last price: $306.51
2026-09-22 19:35:36,012 | [COHR] ACTION: No trade.
2026-09-22 19:35:36,043 | [COIN] choppy/sideways (ADX 20.1) -> mean-reversion strategy | Signal: HOLD | Shares held: 0.0 | Last price: $202.21
2026-09-22 19:35:36,043 | [COIN] ACTION: No trade.
2026-09-22 19:35:36,073 | [COO] choppy/sideways (ADX 14.9) -> mean-reversion strategy | Signal: HOLD | Shares held: 0.0 | Last price: $55.15
2026-09-22 19:35:36,073 | [COO] ACTION: No trade.
2026-09-22 19:35:36,103 | [COP] trending (ADX 42.4) -> trend-following strategy | Signal: HOLD | Shares held: 0.0 | Last price: $125.89
2026-09-22 19:35:36,103 | [COP] ACTION: No trade.
2026-09-22 19:35:36,133 | [COR] choppy/sideways (ADX 24.0) -> mean-reversion strategy | Signal: HOLD | Shares held: 0.0 | Last price: $314.75
2026-09-22 19:35:36,133 | [COR] ACTION: No trade.
2026-09-22 19:35:36,163 | [COST] choppy/sideways (ADX 15.4) -> mean-reversion strategy | Signal: HOLD | Shares held: 0.0 | Last price: $899.04
2026-09-22 19:35:36,163 | [COST] ACTION: No trade.
2026-09-22 19:35:36,193 | [CPAY] trending (ADX 32.7) -> trend-following strategy | Signal: HOLD | Shares held: 0.0 | Last price: $393.25
2026-09-22 19:35:36,193 | [CPAY] ACTION: No trade.
2026-09-22 19:35:36,222 | [CPRT] choppy/sideways (ADX 11.3) -> mean-reversion strategy | Signal: HOLD | Shares held: 0.0 | Last price: $29.00
2026-09-22 19:35:36,223 | [CPRT] ACTION: No trade.
2026-09-22 19:35:36,252 | [CPT] choppy/sideways (ADX 19.2) -> mean-reversion strategy | Signal: HOLD | Shares held: 0.0 | Last price: $99.48
2026-09-22 19:35:36,252 | [CPT] ACTION: No trade.
2026-09-22 19:35:36,282 | [CRH] trending (ADX 43.2) -> trend-following strategy | Signal: HOLD | Shares held: 0.0 | Last price: $87.75
2026-09-22 19:35:36,283 | [CRH] ACTION: No trade.
2026-09-22 19:35:36,312 | [CRL] trending (ADX 35.2) -> trend-following strategy | Signal: HOLD | Shares held: 0.0 | Last price: $285.37
2026-09-22 19:35:36,312 | [CRL] ACTION: No trade.
2026-09-22 19:35:36,342 | [CRM] choppy/sideways (ADX 12.8) -> mean-reversion strategy | Signal: HOLD | Shares held: 0.0 | Last price: $233.65
2026-09-22 19:35:36,342 | [CRM] ACTION: No trade.
2026-09-22 19:35:36,373 | [CRWD] choppy/sideways (ADX 13.4) -> mean-reversion strategy | Signal: HOLD | Shares held: 0.0 | Last price: $248.88
2026-09-22 19:35:36,373 | [CRWD] ACTION: No trade.
2026-09-22 19:35:36,403 | [CSCO] trending (ADX 40.9) -> trend-following strategy | Signal: HOLD | Shares held: 0.0 | Last price: $105.67
2026-09-22 19:35:36,403 | [CSCO] ACTION: No trade.
2026-09-22 19:35:36,433 | [CSGP] choppy/sideways (ADX 20.5) -> mean-reversion strategy | Signal: HOLD | Shares held: 0.0 | Last price: $28.95
2026-09-22 19:35:36,433 | [CSGP] ACTION: No trade.
2026-09-22 19:35:36,463 | [CSX] choppy/sideways (ADX 21.5) -> mean-reversion strategy | Signal: HOLD | Shares held: 0.0 | Last price: $46.56
2026-09-22 19:35:36,463 | [CSX] ACTION: No trade.
2026-09-22 19:35:36,492 | [CTAS] choppy/sideways (ADX 14.4) -> mean-reversion strategy | Signal: HOLD | Shares held: 0.0 | Last price: $197.90
2026-09-22 19:35:36,492 | [CTAS] ACTION: No trade.
2026-09-22 19:35:36,522 | [CTSH] choppy/sideways (ADX 19.9) -> mean-reversion strategy | Signal: HOLD | Shares held: 0.0 | Last price: $58.98
2026-09-22 19:35:36,522 | [CTSH] ACTION: No trade.
2026-09-22 19:35:36,551 | [CTVA] trending (ADX 32.5) -> trend-following strategy | Signal: HOLD | Shares held: 0.0 | Last price: $80.91
2026-09-22 19:35:36,552 | [CTVA] ACTION: No trade.
2026-09-22 19:35:36,581 | [CVNA] choppy/sideways (ADX 15.6) -> mean-reversion strategy | Signal: HOLD | Shares held: 0.0 | Last price: $65.94
2026-09-22 19:35:36,581 | [CVNA] ACTION: No trade.
2026-09-22 19:35:36,610 | [CVS] choppy/sideways (ADX 13.5) -> mean-reversion strategy | Signal: HOLD | Shares held: 0.0 | Last price: $87.13
2026-09-22 19:35:36,611 | [CVS] ACTION: No trade.
2026-09-22 19:35:36,640 | [CVX] trending (ADX 31.4) -> trend-following strategy | Signal: HOLD | Shares held: 0.0 | Last price: $202.75
2026-09-22 19:35:36,640 | [CVX] ACTION: No trade.
2026-09-22 19:35:36,670 | [D] choppy/sideways (ADX 20.1) -> mean-reversion strategy | Signal: HOLD | Shares held: 0.0 | Last price: $62.66
2026-09-22 19:35:36,670 | [D] ACTION: No trade.
2026-09-22 19:35:36,700 | [DAL] trending (ADX 44.7) -> trend-following strategy | Signal: HOLD | Shares held: 0.0 | Last price: $83.34
2026-09-22 19:35:36,700 | [DAL] ACTION: No trade.
2026-09-22 19:35:36,730 | [DASH] choppy/sideways (ADX 14.0) -> mean-reversion strategy | Signal: HOLD | Shares held: 0.0 | Last price: $192.65
2026-09-22 19:35:36,730 | [DASH] ACTION: No trade.
2026-09-22 19:35:36,760 | [DD] trending (ADX 30.1) -> trend-following strategy | Signal: HOLD | Shares held: 0.0 | Last price: $131.72
2026-09-22 19:35:36,760 | [DD] ACTION: No trade.
2026-09-22 19:35:36,790 | [DDOG] trending (ADX 50.2) -> trend-following strategy | Signal: HOLD | Shares held: 0.0 | Last price: $249.61
2026-09-22 19:35:36,790 | [DDOG] ACTION: No trade.
2026-09-22 19:35:36,819 | [DE] trending (ADX 32.7) -> trend-following strategy | Signal: HOLD | Shares held: 0.0 | Last price: $698.93
2026-09-22 19:35:36,819 | [DE] ACTION: No trade.
2026-09-22 19:35:36,849 | [DECK] choppy/sideways (ADX 15.2) -> mean-reversion strategy | Signal: HOLD | Shares held: 0.0 | Last price: $80.17
2026-09-22 19:35:36,850 | [DECK] ACTION: No trade.
2026-09-22 19:35:36,880 | [DELL] trending (ADX 43.8) -> trend-following strategy | Signal: HOLD | Shares held: 0.0 | Last price: $548.91
2026-09-22 19:35:36,881 | [DELL] ACTION: No trade.
2026-09-22 19:35:36,911 | [DG] choppy/sideways (ADX 15.9) -> mean-reversion strategy | Signal: HOLD | Shares held: 0.0 | Last price: $123.97
2026-09-22 19:35:36,911 | [DG] ACTION: No trade.
2026-09-22 19:35:36,942 | [DGX] trending (ADX 41.7) -> trend-following strategy | Signal: HOLD | Shares held: 0.0 | Last price: $235.31
2026-09-22 19:35:36,942 | [DGX] ACTION: No trade.
2026-09-22 19:35:36,974 | [DHI] trending (ADX 48.2) -> trend-following strategy | Signal: HOLD | Shares held: 0.0 | Last price: $144.30
2026-09-22 19:35:36,975 | [DHI] ACTION: No trade.
2026-09-22 19:35:37,006 | [DHR] trending (ADX 40.1) -> trend-following strategy | Signal: HOLD | Shares held: 0.0 | Last price: $220.87
2026-09-22 19:35:37,006 | [DHR] ACTION: No trade.
2026-09-22 19:35:37,037 | [DIS] choppy/sideways (ADX 13.8) -> mean-reversion strategy | Signal: HOLD | Shares held: 0.0 | Last price: $103.94
2026-09-22 19:35:37,037 | [DIS] ACTION: No trade.
2026-09-22 19:35:37,069 | [DLR] choppy/sideways (ADX 16.1) -> mean-reversion strategy | Signal: HOLD | Shares held: 0.0 | Last price: $186.15
2026-09-22 19:35:37,069 | [DLR] ACTION: No trade.
2026-09-22 19:35:37,100 | [DLTR] trending (ADX 28.9) -> trend-following strategy | Signal: HOLD | Shares held: 0.0 | Last price: $115.75
2026-09-22 19:35:37,100 | [DLTR] ACTION: No trade.
2026-09-22 19:35:37,131 | [DOC] choppy/sideways (ADX 18.7) -> mean-reversion strategy | Signal: HOLD | Shares held: 0.0 | Last price: $20.63
2026-09-22 19:35:37,131 | [DOC] ACTION: No trade.
2026-09-22 19:35:37,162 | [DOV] choppy/sideways (ADX 14.1) -> mean-reversion strategy | Signal: HOLD | Shares held: 0.0 | Last price: $186.33
2026-09-22 19:35:37,162 | [DOV] ACTION: No trade.
2026-09-22 19:35:37,194 | [DOW] choppy/sideways (ADX 15.1) -> mean-reversion strategy | Signal: HOLD | Shares held: 0.0 | Last price: $28.20
2026-09-22 19:35:37,194 | [DOW] ACTION: No trade.
2026-09-22 19:35:37,226 | [DPZ] choppy/sideways (ADX 12.6) -> mean-reversion strategy | Signal: HOLD | Shares held: 0.0 | Last price: $297.36
2026-09-22 19:35:37,226 | [DPZ] ACTION: No trade.
2026-09-22 19:35:37,257 | [DRI] trending (ADX 32.5) -> trend-following strategy | Signal: HOLD | Shares held: 0.0 | Last price: $214.22
2026-09-22 19:35:37,257 | [DRI] ACTION: No trade.
2026-09-22 19:35:37,288 | [DTE] trending (ADX 32.6) -> trend-following strategy | Signal: HOLD | Shares held: 0.0 | Last price: $126.02
2026-09-22 19:35:37,288 | [DTE] ACTION: No trade.
2026-09-22 19:35:37,319 | [DUK] trending (ADX 29.5) -> trend-following strategy | Signal: HOLD | Shares held: 0.0 | Last price: $116.50
2026-09-22 19:35:37,319 | [DUK] ACTION: No trade.
2026-09-22 19:35:37,350 | [DVA] choppy/sideways (ADX 10.3) -> mean-reversion strategy | Signal: HOLD | Shares held: 0.0 | Last price: $184.17
2026-09-22 19:35:37,350 | [DVA] ACTION: No trade.
2026-09-22 19:35:37,380 | [DVN] trending (ADX 34.6) -> trend-following strategy | Signal: HOLD | Shares held: 0.0 | Last price: $46.98
2026-09-22 19:35:37,380 | [DVN] ACTION: No trade.
2026-09-22 19:35:37,411 | [DXCM] choppy/sideways (ADX 20.6) -> mean-reversion strategy | Signal: HOLD | Shares held: 0.0 | Last price: $90.07
2026-09-22 19:35:37,412 | [DXCM] ACTION: No trade.
2026-09-22 19:35:37,443 | [EBAY] trending (ADX 26.7) -> trend-following strategy | Signal: HOLD | Shares held: 0.0 | Last price: $109.81
2026-09-22 19:35:37,443 | [EBAY] ACTION: No trade.
2026-09-22 19:35:37,474 | [ECHO] choppy/sideways (ADX 17.2) -> mean-reversion strategy | Signal: HOLD | Shares held: 0.0 | Last price: $95.43
2026-09-22 19:35:37,474 | [ECHO] ACTION: No trade.
2026-09-22 19:35:37,506 | [ECL] trending (ADX 44.1) -> trend-following strategy | Signal: HOLD | Shares held: 0.0 | Last price: $276.46
2026-09-22 19:35:37,506 | [ECL] ACTION: No trade.
2026-09-22 19:35:37,537 | [ED] trending (ADX 38.0) -> trend-following strategy | Signal: HOLD | Shares held: 0.0 | Last price: $103.96
2026-09-22 19:35:37,537 | [ED] ACTION: No trade.
2026-09-22 19:35:37,569 | [EFX] choppy/sideways (ADX 10.1) -> mean-reversion strategy | Signal: HOLD | Shares held: 0.0 | Last price: $159.88
2026-09-22 19:35:37,569 | [EFX] ACTION: No trade.
2026-09-22 19:35:37,600 | [EG] choppy/sideways (ADX 19.0) -> mean-reversion strategy | Signal: HOLD | Shares held: 0.0 | Last price: $371.88
2026-09-22 19:35:37,600 | [EG] ACTION: No trade.
2026-09-22 19:35:37,631 | [EIX] choppy/sideways (ADX 16.4) -> mean-reversion strategy | Signal: HOLD | Shares held: 0.0 | Last price: $55.54
2026-09-22 19:35:37,631 | [EIX] ACTION: No trade.
2026-09-22 19:35:37,662 | [EL] trending (ADX 45.5) -> trend-following strategy | Signal: HOLD | Shares held: 0.0 | Last price: $100.06
2026-09-22 19:35:37,662 | [EL] ACTION: No trade.
2026-09-22 19:35:37,693 | [ELV] choppy/sideways (ADX 15.4) -> mean-reversion strategy | Signal: HOLD | Shares held: 0.0 | Last price: $402.98
2026-09-22 19:35:37,693 | [ELV] ACTION: No trade.
2026-09-22 19:35:37,723 | [EME] choppy/sideways (ADX 11.0) -> mean-reversion strategy | Signal: HOLD | Shares held: 0.0 | Last price: $754.17
2026-09-22 19:35:37,723 | [EME] ACTION: No trade.
2026-09-22 19:35:37,754 | [EMR] trending (ADX 55.0) -> trend-following strategy | Signal: HOLD | Shares held: 0.0 | Last price: $154.57
2026-09-22 19:35:37,754 | [EMR] ACTION: No trade.
2026-09-22 19:35:37,784 | [EOG] trending (ADX 35.2) -> trend-following strategy | Signal: HOLD | Shares held: 0.0 | Last price: $140.04
2026-09-22 19:35:37,784 | [EOG] ACTION: No trade.
2026-09-22 19:35:37,815 | [EQIX] trending (ADX 29.4) -> trend-following strategy | Signal: HOLD | Shares held: 0.0 | Last price: $1064.60
2026-09-22 19:35:37,815 | [EQIX] ACTION: No trade.
2026-09-22 19:35:37,847 | [EQT] trending (ADX 29.9) -> trend-following strategy | Signal: HOLD | Shares held: 0.0 | Last price: $51.38
2026-09-22 19:35:37,847 | [EQT] ACTION: No trade.
2026-09-22 19:35:37,877 | [ES] trending (ADX 31.6) -> trend-following strategy | Signal: HOLD | Shares held: 0.0 | Last price: $66.45
2026-09-22 19:35:37,877 | [ES] ACTION: No trade.
2026-09-22 19:35:37,908 | [ESS] trending (ADX 41.7) -> trend-following strategy | Signal: HOLD | Shares held: 0.0 | Last price: $274.81
2026-09-22 19:35:37,908 | [ESS] ACTION: No trade.
2026-09-22 19:35:37,938 | [ETN] trending (ADX 32.6) -> trend-following strategy | Signal: HOLD | Shares held: 0.0 | Last price: $440.66
2026-09-22 19:35:37,939 | [ETN] ACTION: No trade.
2026-09-22 19:35:37,970 | [ETR] choppy/sideways (ADX 16.1) -> mean-reversion strategy | Signal: HOLD | Shares held: 0.0 | Last price: $101.21
2026-09-22 19:35:37,971 | [ETR] ACTION: No trade.
2026-09-22 19:35:38,002 | [EVRG] choppy/sideways (ADX 21.1) -> mean-reversion strategy | Signal: HOLD | Shares held: 0.0 | Last price: $79.60
2026-09-22 19:35:38,002 | [EVRG] ACTION: No trade.
2026-09-22 19:35:38,033 | [EW] choppy/sideways (ADX 19.6) -> mean-reversion strategy | Signal: HOLD | Shares held: 0.0 | Last price: $88.98
2026-09-22 19:35:38,033 | [EW] ACTION: No trade.
2026-09-22 19:35:38,063 | [EXC] choppy/sideways (ADX 24.5) -> mean-reversion strategy | Signal: HOLD | Shares held: 0.0 | Last price: $41.84
2026-09-22 19:35:38,063 | [EXC] ACTION: No trade.
2026-09-22 19:35:38,093 | [EXE] choppy/sideways (ADX 12.1) -> mean-reversion strategy | Signal: HOLD | Shares held: 0.0 | Last price: $87.67
2026-09-22 19:35:38,093 | [EXE] ACTION: No trade.
2026-09-22 19:35:38,123 | [EXPD] trending (ADX 41.1) -> trend-following strategy | Signal: HOLD | Shares held: 0.0 | Last price: $186.27
2026-09-22 19:35:38,123 | [EXPD] ACTION: No trade.
2026-09-22 19:35:38,153 | [EXPE] trending (ADX 26.0) -> trend-following strategy | Signal: HOLD | Shares held: 0.0 | Last price: $266.57
2026-09-22 19:35:38,153 | [EXPE] ACTION: No trade.
2026-09-22 19:35:38,183 | [EXR] trending (ADX 30.1) -> trend-following strategy | Signal: HOLD | Shares held: 0.0 | Last price: $135.34
2026-09-22 19:35:38,183 | [EXR] ACTION: No trade.
2026-09-22 19:35:38,214 | [F] choppy/sideways (ADX 9.5) -> mean-reversion strategy | Signal: HOLD | Shares held: 0.0 | Last price: $13.09
2026-09-22 19:35:38,214 | [F] ACTION: No trade.
2026-09-22 19:35:38,244 | [FANG] trending (ADX 26.4) -> trend-following strategy | Signal: HOLD | Shares held: 0.0 | Last price: $184.93
2026-09-22 19:35:38,244 | [FANG] ACTION: No trade.
2026-09-22 19:35:38,274 | [FAST] trending (ADX 31.5) -> trend-following strategy | Signal: HOLD | Shares held: 0.0 | Last price: $49.73
2026-09-22 19:35:38,274 | [FAST] ACTION: No trade.
2026-09-22 19:35:38,303 | [FCX] trending (ADX 46.5) -> trend-following strategy | Signal: HOLD | Shares held: 0.0 | Last price: $74.29
2026-09-22 19:35:38,303 | [FCX] ACTION: No trade.
2026-09-22 19:35:38,333 | [FDS] choppy/sideways (ADX 20.7) -> mean-reversion strategy | Signal: HOLD | Shares held: 0.0 | Last price: $278.31
2026-09-22 19:35:38,333 | [FDS] ACTION: No trade.
2026-09-22 19:35:38,363 | [FDX] choppy/sideways (ADX 10.9) -> mean-reversion strategy | Signal: HOLD | Shares held: 0.0 | Last price: $296.06
2026-09-22 19:35:38,363 | [FDX] ACTION: No trade.
2026-09-22 19:35:38,393 | [FDXF] choppy/sideways (ADX 20.1) -> mean-reversion strategy | Signal: HOLD | Shares held: 0.0 | Last price: $119.55
2026-09-22 19:35:38,393 | [FDXF] ACTION: No trade.
2026-09-22 19:35:38,422 | [FE] choppy/sideways (ADX 22.7) -> mean-reversion strategy | Signal: HOLD | Shares held: 0.0 | Last price: $44.92
2026-09-22 19:35:38,422 | [FE] ACTION: No trade.
2026-09-22 19:35:38,452 | [FERG] trending (ADX 40.7) -> trend-following strategy | Signal: HOLD | Shares held: 0.0 | Last price: $220.72
2026-09-22 19:35:38,452 | [FERG] ACTION: No trade.
2026-09-22 19:35:38,481 | [FFIV] choppy/sideways (ADX 24.3) -> mean-reversion strategy | Signal: HOLD | Shares held: 0.0 | Last price: $451.14
2026-09-22 19:35:38,481 | [FFIV] ACTION: No trade.
2026-09-22 19:35:38,511 | [FICO] choppy/sideways (ADX 10.0) -> mean-reversion strategy | Signal: HOLD | Shares held: 0.0 | Last price: $921.59
2026-09-22 19:35:38,511 | [FICO] ACTION: No trade.
2026-09-22 19:35:38,541 | [FIS] choppy/sideways (ADX 22.2) -> mean-reversion strategy | Signal: HOLD | Shares held: 0.0 | Last price: $34.99
2026-09-22 19:35:38,541 | [FIS] ACTION: No trade.
2026-09-22 19:35:38,570 | [FISV] choppy/sideways (ADX 15.4) -> mean-reversion strategy | Signal: HOLD | Shares held: 0.0 | Last price: $46.21
2026-09-22 19:35:38,570 | [FISV] ACTION: No trade.
2026-09-22 19:35:38,631 | [FITB] choppy/sideways (ADX 13.4) -> mean-reversion strategy | Signal: HOLD | Shares held: 0.0 | Last price: $52.91
2026-09-22 19:35:38,631 | [FITB] ACTION: No trade.
2026-09-22 19:35:38,660 | [FIX] choppy/sideways (ADX 14.7) -> mean-reversion strategy | Signal: HOLD | Shares held: 0.0 | Last price: $1620.48
2026-09-22 19:35:38,660 | [FIX] ACTION: No trade.
2026-09-22 19:35:38,690 | [FLEX] trending (ADX 26.3) -> trend-following strategy | Signal: HOLD | Shares held: 0.0 | Last price: $114.00
2026-09-22 19:35:38,690 | [FLEX] ACTION: No trade.
2026-09-22 19:35:38,719 | [FOXA] choppy/sideways (ADX 13.3) -> mean-reversion strategy | Signal: HOLD | Shares held: 0.0 | Last price: $64.39
2026-09-22 19:35:38,719 | [FOXA] ACTION: No trade.
2026-09-22 19:35:38,748 | [FRT] trending (ADX 25.4) -> trend-following strategy | Signal: HOLD | Shares held: 0.0 | Last price: $110.72
2026-09-22 19:35:38,748 | [FRT] ACTION: No trade.
2026-09-22 19:35:38,777 | [FSLR] choppy/sideways (ADX 23.1) -> mean-reversion strategy | Signal: HOLD | Shares held: 0.0 | Last price: $199.73
2026-09-22 19:35:38,777 | [FSLR] ACTION: No trade.
2026-09-22 19:35:38,807 | [FTNT] choppy/sideways (ADX 20.4) -> mean-reversion strategy | Signal: HOLD | Shares held: 0.0 | Last price: $173.78
2026-09-22 19:35:38,807 | [FTNT] ACTION: No trade.
2026-09-22 19:35:38,837 | [FTV] trending (ADX 39.3) -> trend-following strategy | Signal: HOLD | Shares held: 0.0 | Last price: $55.86
2026-09-22 19:35:38,837 | [FTV] ACTION: No trade.
2026-09-22 19:35:38,867 | [GD] trending (ADX 45.6) -> trend-following strategy | Signal: HOLD | Shares held: 0.0 | Last price: $344.20
2026-09-22 19:35:38,867 | [GD] ACTION: No trade.
2026-09-22 19:35:38,896 | [GDDY] trending (ADX 26.9) -> trend-following strategy | Signal: HOLD | Shares held: 0.0 | Last price: $98.21
2026-09-22 19:35:38,896 | [GDDY] ACTION: No trade.
2026-09-22 19:35:38,924 | [GE] choppy/sideways (ADX 18.4) -> mean-reversion strategy | Signal: HOLD | Shares held: 0.0 | Last price: $319.64
2026-09-22 19:35:38,924 | [GE] ACTION: No trade.
2026-09-22 19:35:38,954 | [GEHC] trending (ADX 36.4) -> trend-following strategy | Signal: HOLD | Shares held: 0.0 | Last price: $66.13
2026-09-22 19:35:38,954 | [GEHC] ACTION: No trade.
2026-09-22 19:35:38,985 | [GEN] trending (ADX 60.0) -> trend-following strategy | Signal: HOLD | Shares held: 0.0 | Last price: $26.96
2026-09-22 19:35:38,985 | [GEN] ACTION: No trade.
2026-09-22 19:35:39,015 | [GEV] choppy/sideways (ADX 16.6) -> mean-reversion strategy | Signal: HOLD | Shares held: 0.0 | Last price: $951.48
2026-09-22 19:35:39,016 | [GEV] ACTION: No trade.
2026-09-22 19:35:39,045 | [GILD] choppy/sideways (ADX 19.3) -> mean-reversion strategy | Signal: HOLD | Shares held: 0.0 | Last price: $152.60
2026-09-22 19:35:39,045 | [GILD] ACTION: No trade.
2026-09-22 19:35:39,074 | [GIS] trending (ADX 25.4) -> trend-following strategy | Signal: HOLD | Shares held: 0.0 | Last price: $35.59
2026-09-22 19:35:39,074 | [GIS] ACTION: No trade.
2026-09-22 19:35:39,103 | [GLW] choppy/sideways (ADX 16.3) -> mean-reversion strategy | Signal: HOLD | Shares held: 0.0 | Last price: $158.98
2026-09-22 19:35:39,103 | [GLW] ACTION: No trade.
2026-09-22 19:35:39,132 | [GM] choppy/sideways (ADX 18.3) -> mean-reversion strategy | Signal: HOLD | Shares held: 0.0 | Last price: $83.50
2026-09-22 19:35:39,132 | [GM] ACTION: No trade.
2026-09-22 19:35:39,161 | [GNRC] choppy/sideways (ADX 20.8) -> mean-reversion strategy | Signal: HOLD | Shares held: 0.0 | Last price: $206.02
2026-09-22 19:35:39,161 | [GNRC] ACTION: No trade.
2026-09-22 19:35:39,191 | [GOOG] choppy/sideways (ADX 16.9) -> mean-reversion strategy | Signal: HOLD | Shares held: 0.0 | Last price: $349.13
2026-09-22 19:35:39,191 | [GOOG] ACTION: No trade.
2026-09-22 19:35:39,219 | [GOOGL] choppy/sideways (ADX 17.0) -> mean-reversion strategy | Signal: HOLD | Shares held: 0.0 | Last price: $353.27
2026-09-22 19:35:39,219 | [GOOGL] ACTION: No trade.
2026-09-22 19:35:39,248 | [GPC] trending (ADX 33.1) -> trend-following strategy | Signal: HOLD | Shares held: 0.0 | Last price: $129.78
2026-09-22 19:35:39,248 | [GPC] ACTION: No trade.
2026-09-22 19:35:39,277 | [GPN] choppy/sideways (ADX 10.8) -> mean-reversion strategy | Signal: HOLD | Shares held: 0.0 | Last price: $85.02
2026-09-22 19:35:39,278 | [GPN] ACTION: No trade.
2026-09-22 19:35:39,307 | [GRMN] trending (ADX 30.2) -> trend-following strategy | Signal: HOLD | Shares held: 0.0 | Last price: $284.10
2026-09-22 19:35:39,307 | [GRMN] ACTION: No trade.
2026-09-22 19:35:39,336 | [GS] choppy/sideways (ADX 17.2) -> mean-reversion strategy | Signal: HOLD | Shares held: 0.0 | Last price: $951.31
2026-09-22 19:35:39,337 | [GS] ACTION: No trade.
2026-09-22 19:35:39,366 | [GWW] trending (ADX 31.3) -> trend-following strategy | Signal: HOLD | Shares held: 0.0 | Last price: $1264.97
2026-09-22 19:35:39,366 | [GWW] ACTION: No trade.
2026-09-22 19:35:39,396 | [HAL] choppy/sideways (ADX 20.8) -> mean-reversion strategy | Signal: HOLD | Shares held: 0.0 | Last price: $32.98
2026-09-22 19:35:39,396 | [HAL] ACTION: No trade.
2026-09-22 19:35:39,426 | [HAS] choppy/sideways (ADX 13.2) -> mean-reversion strategy | Signal: HOLD | Shares held: 0.0 | Last price: $87.89
2026-09-22 19:35:39,426 | [HAS] ACTION: No trade.
2026-09-22 19:35:39,456 | [HBAN] trending (ADX 32.7) -> trend-following strategy | Signal: HOLD | Shares held: 0.0 | Last price: $15.68
2026-09-22 19:35:39,456 | [HBAN] ACTION: No trade.
2026-09-22 19:35:39,486 | [HCA] trending (ADX 25.8) -> trend-following strategy | Signal: HOLD | Shares held: 0.0 | Last price: $442.20
2026-09-22 19:35:39,486 | [HCA] ACTION: No trade.
2026-09-22 19:35:39,516 | [HD] trending (ADX 38.1) -> trend-following strategy | Signal: HOLD | Shares held: 0.0 | Last price: $305.54
2026-09-22 19:35:39,516 | [HD] ACTION: No trade.
2026-09-22 19:35:39,546 | [HIG] trending (ADX 38.9) -> trend-following strategy | Signal: HOLD | Shares held: 0.0 | Last price: $129.87
2026-09-22 19:35:39,546 | [HIG] ACTION: No trade.
2026-09-22 19:35:39,576 | [HII] choppy/sideways (ADX 11.7) -> mean-reversion strategy | Signal: HOLD | Shares held: 0.0 | Last price: $271.80
2026-09-22 19:35:39,576 | [HII] ACTION: No trade.
2026-09-22 19:35:39,605 | [HLT] trending (ADX 33.1) -> trend-following strategy | Signal: HOLD | Shares held: 0.0 | Last price: $309.04
2026-09-22 19:35:39,605 | [HLT] ACTION: No trade.
2026-09-22 19:35:39,634 | [HON] trending (ADX 43.0) -> trend-following strategy | Signal: HOLD | Shares held: 0.0 | Last price: $211.45
2026-09-22 19:35:39,634 | [HON] ACTION: No trade.
2026-09-22 19:35:39,664 | [HONA] choppy/sideways (ADX 13.4) -> mean-reversion strategy | Signal: HOLD | Shares held: 0.0 | Last price: $167.50
2026-09-22 19:35:39,664 | [HONA] ACTION: No trade.
2026-09-22 19:35:39,695 | [HOOD] choppy/sideways (ADX 19.9) -> mean-reversion strategy | Signal: HOLD | Shares held: 0.0 | Last price: $125.43
2026-09-22 19:35:39,695 | [HOOD] ACTION: No trade.
2026-09-22 19:35:39,725 | [HPE] choppy/sideways (ADX 13.1) -> mean-reversion strategy | Signal: HOLD | Shares held: 0.0 | Last price: $61.02
2026-09-22 19:35:39,725 | [HPE] ACTION: No trade.
2026-09-22 19:35:39,756 | [HPQ] choppy/sideways (ADX 22.2) -> mean-reversion strategy | Signal: HOLD | Shares held: 0.0 | Last price: $31.95
2026-09-22 19:35:39,756 | [HPQ] ACTION: No trade.
2026-09-22 19:35:39,787 | [HST] choppy/sideways (ADX 20.0) -> mean-reversion strategy | Signal: HOLD | Shares held: 0.0 | Last price: $22.27
2026-09-22 19:35:39,787 | [HST] ACTION: No trade.
2026-09-22 19:35:39,818 | [HSY] choppy/sideways (ADX 17.9) -> mean-reversion strategy | Signal: HOLD | Shares held: 0.0 | Last price: $168.46
2026-09-22 19:35:39,818 | [HSY] ACTION: No trade.
2026-09-22 19:35:39,848 | [HUBB] choppy/sideways (ADX 23.7) -> mean-reversion strategy | Signal: HOLD | Shares held: 0.0 | Last price: $456.40
2026-09-22 19:35:39,848 | [HUBB] ACTION: No trade.
2026-09-22 19:35:39,879 | [HUM] choppy/sideways (ADX 24.7) -> mean-reversion strategy | Signal: HOLD | Shares held: 0.0 | Last price: $371.55
2026-09-22 19:35:39,879 | [HUM] ACTION: No trade.
2026-09-22 19:35:39,909 | [HWM] choppy/sideways (ADX 10.8) -> mean-reversion strategy | Signal: HOLD | Shares held: 0.0 | Last price: $225.81
2026-09-22 19:35:39,909 | [HWM] ACTION: No trade.
2026-09-22 19:35:39,939 | [IBKR] choppy/sideways (ADX 24.1) -> mean-reversion strategy | Signal: HOLD | Shares held: 0.0 | Last price: $92.05
2026-09-22 19:35:39,939 | [IBKR] ACTION: No trade.
2026-09-22 19:35:39,970 | [IBM] choppy/sideways (ADX 13.8) -> mean-reversion strategy | Signal: HOLD | Shares held: 0.0 | Last price: $232.37
2026-09-22 19:35:39,970 | [IBM] ACTION: No trade.
2026-09-22 19:35:40,001 | [ICE] trending (ADX 30.8) -> trend-following strategy | Signal: HOLD | Shares held: 0.0 | Last price: $153.47
2026-09-22 19:35:40,002 | [ICE] ACTION: No trade.
2026-09-22 19:35:40,033 | [IDXX] choppy/sideways (ADX 15.0) -> mean-reversion strategy | Signal: HOLD | Shares held: 0.0 | Last price: $522.99
2026-09-22 19:35:40,034 | [IDXX] ACTION: No trade.
2026-09-22 19:35:40,064 | [IEX] trending (ADX 29.3) -> trend-following strategy | Signal: HOLD | Shares held: 0.0 | Last price: $226.19
2026-09-22 19:35:40,064 | [IEX] ACTION: No trade.
2026-09-22 19:35:40,094 | [IFF] trending (ADX 35.6) -> trend-following strategy | Signal: HOLD | Shares held: 0.0 | Last price: $85.92
2026-09-22 19:35:40,094 | [IFF] ACTION: No trade.
2026-09-22 19:35:40,124 | [ILMN] choppy/sideways (ADX 15.1) -> mean-reversion strategy | Signal: HOLD | Shares held: 0.0 | Last price: $246.91
2026-09-22 19:35:40,124 | [ILMN] ACTION: No trade.
2026-09-22 19:35:40,154 | [INCY] trending (ADX 27.7) -> trend-following strategy | Signal: HOLD | Shares held: 0.0 | Last price: $126.94
2026-09-22 19:35:40,154 | [INCY] ACTION: No trade.
2026-09-22 19:35:40,184 | [INTC] choppy/sideways (ADX 17.7) -> mean-reversion strategy | Signal: HOLD | Shares held: 0.0 | Last price: $122.81
2026-09-22 19:35:40,184 | [INTC] ACTION: No trade.
2026-09-22 19:35:40,215 | [INTU] choppy/sideways (ADX 16.7) -> mean-reversion strategy | Signal: HOLD | Shares held: 0.0 | Last price: $292.50
2026-09-22 19:35:40,215 | [INTU] ACTION: No trade.
2026-09-22 19:35:40,245 | [INVH] choppy/sideways (ADX 9.3) -> mean-reversion strategy | Signal: HOLD | Shares held: 0.0 | Last price: $27.20
2026-09-22 19:35:40,245 | [INVH] ACTION: No trade.
2026-09-22 19:35:40,276 | [IP] trending (ADX 25.6) -> trend-following strategy | Signal: HOLD | Shares held: 0.0 | Last price: $35.86
2026-09-22 19:35:40,276 | [IP] ACTION: No trade.
2026-09-22 19:35:40,307 | [IQV] trending (ADX 25.5) -> trend-following strategy | Signal: HOLD | Shares held: 0.0 | Last price: $270.43
2026-09-22 19:35:40,307 | [IQV] ACTION: No trade.
2026-09-22 19:35:40,337 | [IR] choppy/sideways (ADX 23.2) -> mean-reversion strategy | Signal: HOLD | Shares held: 0.0 | Last price: $73.33
2026-09-22 19:35:40,337 | [IR] ACTION: No trade.
2026-09-22 19:35:40,366 | [IRM] trending (ADX 39.1) -> trend-following strategy | Signal: HOLD | Shares held: 0.0 | Last price: $117.72
2026-09-22 19:35:40,367 | [IRM] ACTION: No trade.
2026-09-22 19:35:40,396 | [ISRG] choppy/sideways (ADX 17.1) -> mean-reversion strategy | Signal: HOLD | Shares held: 0.0 | Last price: $401.99
2026-09-22 19:35:40,396 | [ISRG] ACTION: No trade.
2026-09-22 19:35:40,425 | [IT] choppy/sideways (ADX 16.2) -> mean-reversion strategy | Signal: HOLD | Shares held: 0.0 | Last price: $180.22
2026-09-22 19:35:40,425 | [IT] ACTION: No trade.
2026-09-22 19:35:40,455 | [ITW] choppy/sideways (ADX 23.1) -> mean-reversion strategy | Signal: HOLD | Shares held: 0.0 | Last price: $269.12
2026-09-22 19:35:40,455 | [ITW] ACTION: No trade.
2026-09-22 19:35:40,484 | [IVZ] choppy/sideways (ADX 18.7) -> mean-reversion strategy | Signal: HOLD | Shares held: 0.0 | Last price: $30.88
2026-09-22 19:35:40,484 | [IVZ] ACTION: No trade.
2026-09-22 19:35:40,514 | [J] choppy/sideways (ADX 14.6) -> mean-reversion strategy | Signal: HOLD | Shares held: 0.0 | Last price: $143.04
2026-09-22 19:35:40,514 | [J] ACTION: No trade.
2026-09-22 19:35:40,544 | [JBHT] choppy/sideways (ADX 24.1) -> mean-reversion strategy | Signal: HOLD | Shares held: 0.0 | Last price: $237.92
2026-09-22 19:35:40,544 | [JBHT] ACTION: No trade.
2026-09-22 19:35:40,573 | [JBL] trending (ADX 47.5) -> trend-following strategy | Signal: HOLD | Shares held: 0.0 | Last price: $306.30
2026-09-22 19:35:40,573 | [JBL] ACTION: No trade.
2026-09-22 19:35:40,603 | [JCI] trending (ADX 33.3) -> trend-following strategy | Signal: HOLD | Shares held: 0.0 | Last price: $146.06
2026-09-22 19:35:40,603 | [JCI] ACTION: No trade.
2026-09-22 19:35:40,634 | [JKHY] choppy/sideways (ADX 20.3) -> mean-reversion strategy | Signal: HOLD | Shares held: 0.0 | Last price: $149.56
2026-09-22 19:35:40,634 | [JKHY] ACTION: No trade.
2026-09-22 19:35:40,664 | [JNJ] choppy/sideways (ADX 17.4) -> mean-reversion strategy | Signal: HOLD | Shares held: 0.0 | Last price: $269.31
2026-09-22 19:35:40,664 | [JNJ] ACTION: No trade.
2026-09-22 19:35:40,694 | [JPM] trending (ADX 32.2) -> trend-following strategy | Signal: HOLD | Shares held: 0.0 | Last price: $340.46
2026-09-22 19:35:40,694 | [JPM] ACTION: No trade.
2026-09-22 19:35:40,723 | [KDP] choppy/sideways (ADX 19.3) -> mean-reversion strategy | Signal: HOLD | Shares held: 0.0 | Last price: $31.49
2026-09-22 19:35:40,724 | [KDP] ACTION: No trade.
2026-09-22 19:35:40,753 | [KEY] choppy/sideways (ADX 21.6) -> mean-reversion strategy | Signal: HOLD | Shares held: 0.0 | Last price: $20.55
2026-09-22 19:35:40,753 | [KEY] ACTION: No trade.
2026-09-22 19:35:40,783 | [KEYS] trending (ADX 41.1) -> trend-following strategy | Signal: HOLD | Shares held: 0.0 | Last price: $346.30
2026-09-22 19:35:40,783 | [KEYS] ACTION: No trade.
2026-09-22 19:35:40,813 | [KHC] choppy/sideways (ADX 18.9) -> mean-reversion strategy | Signal: HOLD | Shares held: 0.0 | Last price: $24.07
2026-09-22 19:35:40,813 | [KHC] ACTION: No trade.
2026-09-22 19:35:40,843 | [KKR] choppy/sideways (ADX 13.2) -> mean-reversion strategy | Signal: HOLD | Shares held: 0.0 | Last price: $99.34
2026-09-22 19:35:40,843 | [KKR] ACTION: No trade.
2026-09-22 19:35:40,872 | [KLAC] trending (ADX 26.2) -> trend-following strategy | Signal: HOLD | Shares held: 0.0 | Last price: $186.59
2026-09-22 19:35:40,872 | [KLAC] ACTION: No trade.
2026-09-22 19:35:40,902 | [KMB] choppy/sideways (ADX 19.9) -> mean-reversion strategy | Signal: HOLD | Shares held: 0.0 | Last price: $98.86
2026-09-22 19:35:40,902 | [KMB] ACTION: No trade.
2026-09-22 19:35:40,931 | [KMI] trending (ADX 35.0) -> trend-following strategy | Signal: HOLD | Shares held: 0.0 | Last price: $31.27
2026-09-22 19:35:40,931 | [KMI] ACTION: No trade.
2026-09-22 19:35:40,961 | [KO] choppy/sideways (ADX 17.1) -> mean-reversion strategy | Signal: HOLD | Shares held: 0.0 | Last price: $88.88
2026-09-22 19:35:40,961 | [KO] ACTION: No trade.
2026-09-22 19:35:40,991 | [KR] trending (ADX 31.1) -> trend-following strategy | Signal: HOLD | Shares held: 0.0 | Last price: $58.72
2026-09-22 19:35:40,991 | [KR] ACTION: No trade.
2026-09-22 19:35:41,022 | [KVUE] choppy/sideways (ADX 20.2) -> mean-reversion strategy | Signal: HOLD | Shares held: 0.0 | Last price: $17.87
2026-09-22 19:35:41,022 | [KVUE] ACTION: No trade.
2026-09-22 19:35:41,052 | [L] choppy/sideways (ADX 24.1) -> mean-reversion strategy | Signal: HOLD | Shares held: 0.0 | Last price: $106.38
2026-09-22 19:35:41,053 | [L] ACTION: No trade.
2026-09-22 19:35:41,083 | [LDOS] trending (ADX 28.0) -> trend-following strategy | Signal: HOLD | Shares held: 0.0 | Last price: $123.74
2026-09-22 19:35:41,083 | [LDOS] ACTION: No trade.
2026-09-22 19:35:41,112 | [LEN] Gap Pattern (Type A) continuation, gap held and extended | Signal: BUY | Shares held: 0.0 | Last price: $82.95
2026-09-22 19:35:41,112 | [LEN] ACTION: No trade (within 90 min of close -- not enough runway left today for a new position).
2026-09-22 19:35:41,141 | [LH] trending (ADX 36.2) -> trend-following strategy | Signal: HOLD | Shares held: 0.0 | Last price: $311.95
2026-09-22 19:35:41,141 | [LH] ACTION: No trade.
2026-09-22 19:35:41,170 | [LHX] trending (ADX 35.2) -> trend-following strategy | Signal: HOLD | Shares held: 0.0 | Last price: $240.72
2026-09-22 19:35:41,171 | [LHX] ACTION: No trade.
2026-09-22 19:35:41,200 | [LII] trending (ADX 32.5) -> trend-following strategy | Signal: HOLD | Shares held: 0.0 | Last price: $367.43
2026-09-22 19:35:41,200 | [LII] ACTION: No trade.
2026-09-22 19:35:41,230 | [LIN] trending (ADX 31.5) -> trend-following strategy | Signal: HOLD | Shares held: 0.0 | Last price: $465.30
2026-09-22 19:35:41,230 | [LIN] ACTION: No trade.
2026-09-22 19:35:41,263 | [LITE] trending (ADX 26.4) -> trend-following strategy | Signal: HOLD | Shares held: 0.0 | Last price: $941.91
2026-09-22 19:35:41,263 | [LITE] ACTION: No trade.
2026-09-22 19:35:41,292 | [LLY] choppy/sideways (ADX 8.1) -> mean-reversion strategy | Signal: HOLD | Shares held: 0.0 | Last price: $1169.06
2026-09-22 19:35:41,292 | [LLY] ACTION: No trade.
2026-09-22 19:35:41,322 | [LMT] trending (ADX 31.6) -> trend-following strategy | Signal: HOLD | Shares held: 0.0 | Last price: $522.31
2026-09-22 19:35:41,322 | [LMT] ACTION: No trade.
2026-09-22 19:35:41,351 | [LNT] choppy/sideways (ADX 22.1) -> mean-reversion strategy | Signal: HOLD | Shares held: 0.0 | Last price: $64.89
2026-09-22 19:35:41,351 | [LNT] ACTION: No trade.
2026-09-22 19:35:41,380 | [LOW] trending (ADX 39.7) -> trend-following strategy | Signal: HOLD | Shares held: 0.0 | Last price: $195.99
2026-09-22 19:35:41,380 | [LOW] ACTION: No trade.
2026-09-22 19:35:41,410 | [LRCX] trending (ADX 30.5) -> trend-following strategy | Signal: HOLD | Shares held: 0.0 | Last price: $308.18
2026-09-22 19:35:41,410 | [LRCX] ACTION: No trade.
2026-09-22 19:35:41,439 | [LULU] trending (ADX 36.5) -> trend-following strategy | Signal: HOLD | Shares held: 0.0 | Last price: $102.86
2026-09-22 19:35:41,439 | [LULU] ACTION: No trade.
2026-09-22 19:35:41,468 | [LUV] trending (ADX 31.4) -> trend-following strategy | Signal: HOLD | Shares held: 0.0 | Last price: $42.01
2026-09-22 19:35:41,468 | [LUV] ACTION: No trade.
2026-09-22 19:35:41,498 | [LVS] choppy/sideways (ADX 21.4) -> mean-reversion strategy | Signal: HOLD | Shares held: 0.0 | Last price: $39.63
2026-09-22 19:35:41,498 | [LVS] ACTION: No trade.
2026-09-22 19:35:41,527 | [LYB] trending (ADX 39.2) -> trend-following strategy | Signal: HOLD | Shares held: 0.0 | Last price: $59.44
2026-09-22 19:35:41,527 | [LYB] ACTION: No trade.
2026-09-22 19:35:41,556 | [LYV] trending (ADX 25.7) -> trend-following strategy | Signal: HOLD | Shares held: 0.0 | Last price: $170.00
2026-09-22 19:35:41,556 | [LYV] ACTION: No trade.
2026-09-22 19:35:41,586 | [MA] choppy/sideways (ADX 20.5) -> mean-reversion strategy | Signal: HOLD | Shares held: 0.0 | Last price: $558.66
2026-09-22 19:35:41,586 | [MA] ACTION: No trade.
2026-09-22 19:35:41,616 | [MAA] choppy/sideways (ADX 16.7) -> mean-reversion strategy | Signal: HOLD | Shares held: 0.0 | Last price: $119.37
2026-09-22 19:35:41,616 | [MAA] ACTION: No trade.
2026-09-22 19:35:41,645 | [MAR] trending (ADX 54.6) -> trend-following strategy | Signal: HOLD | Shares held: 0.0 | Last price: $348.75
2026-09-22 19:35:41,645 | [MAR] ACTION: No trade.
2026-09-22 19:35:41,675 | [MAS] trending (ADX 40.9) -> trend-following strategy | Signal: HOLD | Shares held: 0.0 | Last price: $69.89
2026-09-22 19:35:41,675 | [MAS] ACTION: No trade.
2026-09-22 19:35:41,705 | [MCD] choppy/sideways (ADX 22.5) -> mean-reversion strategy | Signal: HOLD | Shares held: 0.0 | Last price: $251.12
2026-09-22 19:35:41,705 | [MCD] ACTION: No trade.
2026-09-22 19:35:41,734 | [MCHP] trending (ADX 35.8) -> trend-following strategy | Signal: HOLD | Shares held: 0.0 | Last price: $75.28
2026-09-22 19:35:41,734 | [MCHP] ACTION: No trade.
2026-09-22 19:35:41,763 | [MCK] choppy/sideways (ADX 22.9) -> mean-reversion strategy | Signal: HOLD | Shares held: 0.0 | Last price: $895.31
2026-09-22 19:35:41,764 | [MCK] ACTION: No trade.
2026-09-22 19:35:41,793 | [MCO] trending (ADX 27.2) -> trend-following strategy | Signal: HOLD | Shares held: 0.0 | Last price: $469.62
2026-09-22 19:35:41,793 | [MCO] ACTION: No trade.
2026-09-22 19:35:41,822 | [MDLZ] choppy/sideways (ADX 15.3) -> mean-reversion strategy | Signal: HOLD | Shares held: 0.0 | Last price: $61.13
2026-09-22 19:35:41,822 | [MDLZ] ACTION: No trade.
2026-09-22 19:35:41,852 | [MDT] choppy/sideways (ADX 16.7) -> mean-reversion strategy | Signal: HOLD | Shares held: 0.0 | Last price: $90.67
2026-09-22 19:35:41,852 | [MDT] ACTION: No trade.
2026-09-22 19:35:41,881 | [MET] choppy/sideways (ADX 12.4) -> mean-reversion strategy | Signal: HOLD | Shares held: 0.0 | Last price: $95.85
2026-09-22 19:35:41,881 | [MET] ACTION: No trade.
2026-09-22 19:35:41,910 | [META] choppy/sideways (ADX 17.7) -> mean-reversion strategy | Signal: HOLD | Shares held: 0.0 | Last price: $739.85
2026-09-22 19:35:41,910 | [META] ACTION: No trade.
2026-09-22 19:35:41,939 | [MGM] choppy/sideways (ADX 16.2) -> mean-reversion strategy | Signal: HOLD | Shares held: 0.0 | Last price: $38.67
2026-09-22 19:35:41,939 | [MGM] ACTION: No trade.
2026-09-22 19:35:41,969 | [MKC] choppy/sideways (ADX 9.4) -> mean-reversion strategy | Signal: HOLD | Shares held: 0.0 | Last price: $49.33
2026-09-22 19:35:41,969 | [MKC] ACTION: No trade.
2026-09-22 19:35:42,000 | [MLM] trending (ADX 33.9) -> trend-following strategy | Signal: HOLD | Shares held: 0.0 | Last price: $499.79
2026-09-22 19:35:42,000 | [MLM] ACTION: No trade.
2026-09-22 19:35:42,031 | [MMM] trending (ADX 44.3) -> trend-following strategy | Signal: HOLD | Shares held: 0.0 | Last price: $168.34
2026-09-22 19:35:42,031 | [MMM] ACTION: No trade.
2026-09-22 19:35:42,061 | [MNST] choppy/sideways (ADX 8.4) -> mean-reversion strategy | Signal: HOLD | Shares held: 0.0 | Last price: $44.54
2026-09-22 19:35:42,061 | [MNST] ACTION: No trade.
2026-09-22 19:35:42,090 | [MO] choppy/sideways (ADX 15.2) -> mean-reversion strategy | Signal: HOLD | Shares held: 0.0 | Last price: $68.91
2026-09-22 19:35:42,090 | [MO] ACTION: No trade.
2026-09-22 19:35:42,119 | [MOS] trending (ADX 25.9) -> trend-following strategy | Signal: HOLD | Shares held: 0.0 | Last price: $24.70
2026-09-22 19:35:42,119 | [MOS] ACTION: No trade.
2026-09-22 19:35:42,148 | [MPC] trending (ADX 33.4) -> trend-following strategy | Signal: HOLD | Shares held: 0.0 | Last price: $391.58
2026-09-22 19:35:42,148 | [MPC] ACTION: No trade.
2026-09-22 19:35:42,178 | [MPWR] trending (ADX 61.5) -> trend-following strategy | Signal: HOLD | Shares held: 0.0 | Last price: $1383.56
2026-09-22 19:35:42,178 | [MPWR] ACTION: No trade.
2026-09-22 19:35:42,207 | [MRK] choppy/sideways (ADX 23.5) -> mean-reversion strategy | Signal: HOLD | Shares held: 0.0 | Last price: $151.10
2026-09-22 19:35:42,207 | [MRK] ACTION: No trade.
2026-09-22 19:35:42,236 | [MRNA] trending (ADX 28.9) -> trend-following strategy | Signal: HOLD | Shares held: 0.0 | Last price: $183.19
2026-09-22 19:35:42,236 | [MRNA] ACTION: No trade.
2026-09-22 19:35:42,265 | [MRSH] trending (ADX 29.4) -> trend-following strategy | Signal: HOLD | Shares held: 0.0 | Last price: $170.16
2026-09-22 19:35:42,266 | [MRSH] ACTION: No trade.
2026-09-22 19:35:42,295 | [MRVL] trending (ADX 28.9) -> trend-following strategy | Signal: HOLD | Shares held: 0.0 | Last price: $264.42
2026-09-22 19:35:42,295 | [MRVL] ACTION: No trade.
2026-09-22 19:35:42,324 | [MS] trending (ADX 30.2) -> trend-following strategy | Signal: HOLD | Shares held: 0.0 | Last price: $200.31
2026-09-22 19:35:42,324 | [MS] ACTION: No trade.
2026-09-22 19:35:42,353 | [MSCI] choppy/sideways (ADX 20.9) -> mean-reversion strategy | Signal: HOLD | Shares held: 0.0 | Last price: $551.70
2026-09-22 19:35:42,353 | [MSCI] ACTION: No trade.
2026-09-22 19:35:42,382 | [MSFT] trending (ADX 25.5) -> trend-following strategy | Signal: HOLD | Shares held: 0.0 | Last price: $499.06
2026-09-22 19:35:42,382 | [MSFT] ACTION: No trade.
2026-09-22 19:35:42,411 | [MSI] choppy/sideways (ADX 15.0) -> mean-reversion strategy | Signal: HOLD | Shares held: 0.0 | Last price: $458.42
2026-09-22 19:35:42,411 | [MSI] ACTION: No trade.
2026-09-22 19:35:42,440 | [MTB] choppy/sideways (ADX 10.8) -> mean-reversion strategy | Signal: HOLD | Shares held: 0.0 | Last price: $224.34
2026-09-22 19:35:42,440 | [MTB] ACTION: No trade.
2026-09-22 19:35:42,469 | [MTD] trending (ADX 64.9) -> trend-following strategy | Signal: HOLD | Shares held: 0.0 | Last price: $1498.07
2026-09-22 19:35:42,470 | [MTD] ACTION: No trade.
2026-09-22 19:35:42,500 | [MU] trending (ADX 40.9) -> trend-following strategy | Signal: HOLD | Shares held: 0.0 | Last price: $1091.89
2026-09-22 19:35:42,500 | [MU] ACTION: No trade.
2026-09-22 19:35:42,529 | [NCLH] choppy/sideways (ADX 14.7) -> mean-reversion strategy | Signal: HOLD | Shares held: 0.0 | Last price: $14.23
2026-09-22 19:35:42,529 | [NCLH] ACTION: No trade.
2026-09-22 19:35:42,559 | [NDAQ] trending (ADX 35.8) -> trend-following strategy | Signal: HOLD | Shares held: 0.0 | Last price: $94.68
2026-09-22 19:35:42,559 | [NDAQ] ACTION: No trade.
2026-09-22 19:35:42,637 | [NDSN] trending (ADX 40.6) -> trend-following strategy | Signal: HOLD | Shares held: 0.0 | Last price: $319.19
2026-09-22 19:35:42,637 | [NDSN] ACTION: No trade.
2026-09-22 19:35:42,666 | [NEE] choppy/sideways (ADX 23.5) -> mean-reversion strategy | Signal: HOLD | Shares held: 0.0 | Last price: $79.48
2026-09-22 19:35:42,666 | [NEE] ACTION: No trade.
2026-09-22 19:35:42,696 | [NEM] trending (ADX 43.5) -> trend-following strategy | Signal: HOLD | Shares held: 0.0 | Last price: $127.22
2026-09-22 19:35:42,696 | [NEM] ACTION: No trade.
2026-09-22 19:35:42,725 | [NFLX] trending (ADX 31.7) -> trend-following strategy | Signal: HOLD | Shares held: 0.0 | Last price: $72.03
2026-09-22 19:35:42,725 | [NFLX] ACTION: No trade.
2026-09-22 19:35:42,754 | [NI] trending (ADX 30.0) -> trend-following strategy | Signal: HOLD | Shares held: 0.0 | Last price: $40.18
2026-09-22 19:35:42,754 | [NI] ACTION: No trade.
2026-09-22 19:35:42,783 | [NKE] choppy/sideways (ADX 17.7) -> mean-reversion strategy | Signal: HOLD | Shares held: 0.0 | Last price: $36.11
2026-09-22 19:35:42,783 | [NKE] ACTION: No trade.
2026-09-22 19:35:42,812 | [NOC] trending (ADX 33.2) -> trend-following strategy | Signal: HOLD | Shares held: 0.0 | Last price: $510.88
2026-09-22 19:35:42,812 | [NOC] ACTION: No trade.
2026-09-22 19:35:42,841 | [NOW] trending (ADX 32.9) -> trend-following strategy | Signal: HOLD | Shares held: 0.0 | Last price: $137.84
2026-09-22 19:35:42,841 | [NOW] ACTION: No trade.
2026-09-22 19:35:42,871 | [NRG] choppy/sideways (ADX 14.6) -> mean-reversion strategy | Signal: HOLD | Shares held: 0.0 | Last price: $103.99
2026-09-22 19:35:42,871 | [NRG] ACTION: No trade.
2026-09-22 19:35:42,900 | [NSC] trending (ADX 38.1) -> trend-following strategy | Signal: HOLD | Shares held: 0.0 | Last price: $314.37
2026-09-22 19:35:42,900 | [NSC] ACTION: No trade.
2026-09-22 19:35:42,929 | [NTAP] choppy/sideways (ADX 21.6) -> mean-reversion strategy | Signal: HOLD | Shares held: 0.0 | Last price: $193.02
2026-09-22 19:35:42,929 | [NTAP] ACTION: No trade.
2026-09-22 19:35:42,958 | [NTRS] trending (ADX 31.8) -> trend-following strategy | Signal: HOLD | Shares held: 0.0 | Last price: $173.94
2026-09-22 19:35:42,958 | [NTRS] ACTION: No trade.
2026-09-22 19:35:42,987 | [NUE] choppy/sideways (ADX 18.8) -> mean-reversion strategy | Signal: HOLD | Shares held: 0.0 | Last price: $244.93
2026-09-22 19:35:42,987 | [NUE] ACTION: No trade.
2026-09-22 19:35:43,017 | [NVDA] trending (ADX 58.6) -> trend-following strategy | Signal: HOLD | Shares held: 0.0 | Last price: $229.69
2026-09-22 19:35:43,017 | [NVDA] ACTION: No trade.
2026-09-22 19:35:43,047 | [NVR] trending (ADX 38.9) -> trend-following strategy | Signal: HOLD | Shares held: 0.0 | Last price: $6349.82
2026-09-22 19:35:43,047 | [NVR] ACTION: No trade.
2026-09-22 19:35:43,076 | [NWSA] trending (ADX 30.3) -> trend-following strategy | Signal: HOLD | Shares held: 0.0 | Last price: $29.20
2026-09-22 19:35:43,076 | [NWSA] ACTION: No trade.
2026-09-22 19:35:43,105 | [NXPI] trending (ADX 54.9) -> trend-following strategy | Signal: HOLD | Shares held: 0.0 | Last price: $235.84
2026-09-22 19:35:43,105 | [NXPI] ACTION: No trade.
2026-09-22 19:35:43,134 | [O] choppy/sideways (ADX 8.9) -> mean-reversion strategy | Signal: HOLD | Shares held: 0.0 | Last price: $56.62
2026-09-22 19:35:43,134 | [O] ACTION: No trade.
2026-09-22 19:35:43,164 | [ODFL] trending (ADX 26.2) -> trend-following strategy | Signal: HOLD | Shares held: 0.0 | Last price: $176.57
2026-09-22 19:35:43,164 | [ODFL] ACTION: No trade.
2026-09-22 19:35:43,194 | [OKE] trending (ADX 35.4) -> trend-following strategy | Signal: HOLD | Shares held: 0.0 | Last price: $90.62
2026-09-22 19:35:43,194 | [OKE] ACTION: No trade.
2026-09-22 19:35:43,224 | [OMC] choppy/sideways (ADX 10.4) -> mean-reversion strategy | Signal: HOLD | Shares held: 0.0 | Last price: $75.37
2026-09-22 19:35:43,224 | [OMC] ACTION: No trade.
2026-09-22 19:35:43,253 | [ON] trending (ADX 42.9) -> trend-following strategy | Signal: HOLD | Shares held: 0.0 | Last price: $72.88
2026-09-22 19:35:43,253 | [ON] ACTION: No trade.
2026-09-22 19:35:43,283 | [ORCL] choppy/sideways (ADX 22.2) -> mean-reversion strategy | Signal: HOLD | Shares held: 0.0 | Last price: $150.22
2026-09-22 19:35:43,283 | [ORCL] ACTION: No trade.
2026-09-22 19:35:43,312 | [ORLY] choppy/sideways (ADX 8.7) -> mean-reversion strategy | Signal: HOLD | Shares held: 0.0 | Last price: $86.49
2026-09-22 19:35:43,312 | [ORLY] ACTION: No trade.
2026-09-22 19:35:43,342 | [OTIS] choppy/sideways (ADX 18.6) -> mean-reversion strategy | Signal: HOLD | Shares held: 0.0 | Last price: $67.87
2026-09-22 19:35:43,342 | [OTIS] ACTION: No trade.
2026-09-22 19:35:43,371 | [OXY] trending (ADX 42.2) -> trend-following strategy | Signal: HOLD | Shares held: 0.0 | Last price: $56.48
2026-09-22 19:35:43,371 | [OXY] ACTION: No trade.
2026-09-22 19:35:43,400 | [P] choppy/sideways (ADX 11.6) -> mean-reversion strategy | Signal: HOLD | Shares held: 0.0 | Last price: $109.29
2026-09-22 19:35:43,400 | [P] ACTION: No trade.
2026-09-22 19:35:43,429 | [PANW] choppy/sideways (ADX 24.8) -> mean-reversion strategy | Signal: HOLD | Shares held: 0.0 | Last price: $375.06
2026-09-22 19:35:43,429 | [PANW] ACTION: No trade.
2026-09-22 19:35:43,458 | [PAYX] choppy/sideways (ADX 13.0) -> mean-reversion strategy | Signal: HOLD | Shares held: 0.0 | Last price: $114.95
2026-09-22 19:35:43,458 | [PAYX] ACTION: No trade.
2026-09-22 19:35:43,487 | [PCAR] choppy/sideways (ADX 13.1) -> mean-reversion strategy | Signal: HOLD | Shares held: 0.0 | Last price: $113.55
2026-09-22 19:35:43,487 | [PCAR] ACTION: No trade.
2026-09-22 19:35:43,516 | [PCG] choppy/sideways (ADX 21.2) -> mean-reversion strategy | Signal: HOLD | Shares held: 0.0 | Last price: $12.99
2026-09-22 19:35:43,516 | [PCG] ACTION: No trade.
2026-09-22 19:35:43,548 | [PEG] choppy/sideways (ADX 15.8) -> mean-reversion strategy | Signal: HOLD | Shares held: 0.0 | Last price: $69.41
2026-09-22 19:35:43,548 | [PEG] ACTION: No trade.
2026-09-22 19:35:43,578 | [PEP] choppy/sideways (ADX 23.2) -> mean-reversion strategy | Signal: HOLD | Shares held: 0.0 | Last price: $131.14
2026-09-22 19:35:43,578 | [PEP] ACTION: No trade.
2026-09-22 19:35:43,609 | [PFE] choppy/sideways (ADX 13.9) -> mean-reversion strategy | Signal: HOLD | Shares held: 0.0 | Last price: $27.89
2026-09-22 19:35:43,609 | [PFE] ACTION: No trade.
2026-09-22 19:35:43,639 | [PFG] trending (ADX 31.3) -> trend-following strategy | Signal: HOLD | Shares held: 0.0 | Last price: $113.65
2026-09-22 19:35:43,639 | [PFG] ACTION: No trade.
2026-09-22 19:35:43,669 | [PG] choppy/sideways (ADX 21.3) -> mean-reversion strategy | Signal: HOLD | Shares held: 0.0 | Last price: $148.02
2026-09-22 19:35:43,669 | [PG] ACTION: No trade.
2026-09-22 19:35:43,699 | [PGR] trending (ADX 32.5) -> trend-following strategy | Signal: HOLD | Shares held: 0.0 | Last price: $207.03
2026-09-22 19:35:43,699 | [PGR] ACTION: No trade.
2026-09-22 19:35:43,728 | [PH] choppy/sideways (ADX 21.8) -> mean-reversion strategy | Signal: HOLD | Shares held: 0.0 | Last price: $964.16
2026-09-22 19:35:43,729 | [PH] ACTION: No trade.
2026-09-22 19:35:43,758 | [PHM] trending (ADX 45.1) -> trend-following strategy | Signal: HOLD | Shares held: 0.0 | Last price: $122.38
2026-09-22 19:35:43,758 | [PHM] ACTION: No trade.
2026-09-22 19:35:43,787 | [PKG] choppy/sideways (ADX 14.3) -> mean-reversion strategy | Signal: HOLD | Shares held: 0.0 | Last price: $238.93
2026-09-22 19:35:43,788 | [PKG] ACTION: No trade.
2026-09-22 19:35:43,817 | [PLD] choppy/sideways (ADX 22.1) -> mean-reversion strategy | Signal: HOLD | Shares held: 0.0 | Last price: $135.88
2026-09-22 19:35:43,817 | [PLD] ACTION: No trade.
2026-09-22 19:35:43,846 | [PLTR] trending (ADX 35.9) -> trend-following strategy | Signal: HOLD | Shares held: 0.0 | Last price: $184.65
2026-09-22 19:35:43,847 | [PLTR] ACTION: No trade.
2026-09-22 19:35:43,877 | [PM] trending (ADX 36.7) -> trend-following strategy | Signal: HOLD | Shares held: 0.0 | Last price: $191.36
2026-09-22 19:35:43,877 | [PM] ACTION: No trade.
2026-09-22 19:35:43,906 | [PNC] trending (ADX 30.8) -> trend-following strategy | Signal: HOLD | Shares held: 0.0 | Last price: $228.81
2026-09-22 19:35:43,906 | [PNC] ACTION: No trade.
2026-09-22 19:35:43,935 | [PNR] trending (ADX 34.0) -> trend-following strategy | Signal: HOLD | Shares held: 0.0 | Last price: $55.73
2026-09-22 19:35:43,935 | [PNR] ACTION: No trade.
2026-09-22 19:35:43,964 | [PNW] trending (ADX 26.3) -> trend-following strategy | Signal: HOLD | Shares held: 0.0 | Last price: $93.33
2026-09-22 19:35:43,964 | [PNW] ACTION: No trade.
2026-09-22 19:35:43,995 | [PODD] choppy/sideways (ADX 9.9) -> mean-reversion strategy | Signal: HOLD | Shares held: 0.0 | Last price: $139.97
2026-09-22 19:35:43,995 | [PODD] ACTION: No trade.
2026-09-22 19:35:44,027 | [PPG] trending (ADX 29.5) -> trend-following strategy | Signal: HOLD | Shares held: 0.0 | Last price: $107.53
2026-09-22 19:35:44,027 | [PPG] ACTION: No trade.
2026-09-22 19:35:44,058 | [PPL] trending (ADX 28.4) -> trend-following strategy | Signal: HOLD | Shares held: 0.0 | Last price: $32.99
2026-09-22 19:35:44,058 | [PPL] ACTION: No trade.
2026-09-22 19:35:44,087 | [PRU] choppy/sideways (ADX 18.8) -> mean-reversion strategy | Signal: HOLD | Shares held: 0.0 | Last price: $117.43
2026-09-22 19:35:44,087 | [PRU] ACTION: No trade.
2026-09-22 19:35:44,117 | [PSA] trending (ADX 37.3) -> trend-following strategy | Signal: HOLD | Shares held: 0.0 | Last price: $290.63
2026-09-22 19:35:44,117 | [PSA] ACTION: No trade.
2026-09-22 19:35:44,160 | [PSKY] choppy/sideways (ADX 23.0) -> mean-reversion strategy | Signal: HOLD | Shares held: 0.0 | Last price: $10.04
2026-09-22 19:35:44,160 | [PSKY] ACTION: No trade.
2026-09-22 19:35:44,190 | [PSX] trending (ADX 30.2) -> trend-following strategy | Signal: HOLD | Shares held: 0.0 | Last price: $258.43
2026-09-22 19:35:44,190 | [PSX] ACTION: No trade.
2026-09-22 19:35:44,219 | [PTC] trending (ADX 34.6) -> trend-following strategy | Signal: HOLD | Shares held: 0.0 | Last price: $139.23
2026-09-22 19:35:44,220 | [PTC] ACTION: No trade.
2026-09-22 19:35:44,249 | [PWR] choppy/sideways (ADX 24.6) -> mean-reversion strategy | Signal: HOLD | Shares held: 0.0 | Last price: $645.04
2026-09-22 19:35:44,250 | [PWR] ACTION: No trade.
2026-09-22 19:35:44,280 | [PYPL] trending (ADX 30.8) -> trend-following strategy | Signal: HOLD | Shares held: 0.0 | Last price: $53.04
2026-09-22 19:35:44,280 | [PYPL] ACTION: No trade.
2026-09-22 19:35:44,310 | [Q] trending (ADX 30.0) -> trend-following strategy | Signal: HOLD | Shares held: 0.0 | Last price: $124.75
2026-09-22 19:35:44,310 | [Q] ACTION: No trade.
2026-09-22 19:35:44,341 | [QCOM] trending (ADX 43.8) -> trend-following strategy | Signal: HOLD | Shares held: 0.0 | Last price: $196.27
2026-09-22 19:35:44,341 | [QCOM] ACTION: No trade.
2026-09-22 19:35:44,371 | [RCL] trending (ADX 33.7) -> trend-following strategy | Signal: HOLD | Shares held: 0.0 | Last price: $235.04
2026-09-22 19:35:44,371 | [RCL] ACTION: No trade.
2026-09-22 19:35:44,401 | [RDDT] trending (ADX 32.7) -> trend-following strategy | Signal: HOLD | Shares held: 0.0 | Last price: $153.33
2026-09-22 19:35:44,401 | [RDDT] ACTION: No trade.
2026-09-22 19:35:44,431 | [REGN] trending (ADX 48.2) -> trend-following strategy | Signal: HOLD | Shares held: 0.0 | Last price: $808.82
2026-09-22 19:35:44,431 | [REGN] ACTION: No trade.
2026-09-22 19:35:44,460 | [RF] trending (ADX 25.7) -> trend-following strategy | Signal: HOLD | Shares held: 0.0 | Last price: $28.04
2026-09-22 19:35:44,461 | [RF] ACTION: No trade.
2026-09-22 19:35:44,491 | [RJF] choppy/sideways (ADX 21.9) -> mean-reversion strategy | Signal: HOLD | Shares held: 0.0 | Last price: $159.93
2026-09-22 19:35:44,491 | [RJF] ACTION: No trade.
2026-09-22 19:35:44,520 | [RL] trending (ADX 40.3) -> trend-following strategy | Signal: HOLD | Shares held: 0.0 | Last price: $347.70
2026-09-22 19:35:44,521 | [RL] ACTION: No trade.
2026-09-22 19:35:44,550 | [RMD] choppy/sideways (ADX 24.5) -> mean-reversion strategy | Signal: HOLD | Shares held: 0.0 | Last price: $224.54
2026-09-22 19:35:44,550 | [RMD] ACTION: No trade.
2026-09-22 19:35:44,580 | [ROK] trending (ADX 36.9) -> trend-following strategy | Signal: HOLD | Shares held: 0.0 | Last price: $427.44
2026-09-22 19:35:44,580 | [ROK] ACTION: No trade.
2026-09-22 19:35:44,609 | [ROL] choppy/sideways (ADX 17.3) -> mean-reversion strategy | Signal: HOLD | Shares held: 0.0 | Last price: $32.99
2026-09-22 19:35:44,609 | [ROL] ACTION: No trade.
2026-09-22 19:35:44,638 | [ROP] choppy/sideways (ADX 15.0) -> mean-reversion strategy | Signal: HOLD | Shares held: 0.0 | Last price: $366.01
2026-09-22 19:35:44,639 | [ROP] ACTION: No trade.
2026-09-22 19:35:44,668 | [ROST] choppy/sideways (ADX 19.5) -> mean-reversion strategy | Signal: HOLD | Shares held: 0.0 | Last price: $232.65
2026-09-22 19:35:44,668 | [ROST] ACTION: No trade.
2026-09-22 19:35:44,697 | [RSG] choppy/sideways (ADX 21.4) -> mean-reversion strategy | Signal: HOLD | Shares held: 0.0 | Last price: $214.44
2026-09-22 19:35:44,697 | [RSG] ACTION: No trade.
2026-09-22 19:35:44,727 | [RTX] trending (ADX 26.0) -> trend-following strategy | Signal: BUY | Shares held: 0.0 | Last price: $191.66
2026-09-22 19:35:44,727 | [RTX] ACTION: No trade (within 90 min of close -- not enough runway left today for a new position).
2026-09-22 19:35:44,756 | [RVTY] choppy/sideways (ADX 20.9) -> mean-reversion strategy | Signal: HOLD | Shares held: 0.0 | Last price: $141.87
2026-09-22 19:35:44,756 | [RVTY] ACTION: No trade.
2026-09-22 19:35:44,786 | [SBAC] choppy/sideways (ADX 11.6) -> mean-reversion strategy | Signal: HOLD | Shares held: 0.0 | Last price: $176.03
2026-09-22 19:35:44,786 | [SBAC] ACTION: No trade.
2026-09-22 19:35:44,816 | [SBUX] choppy/sideways (ADX 13.7) -> mean-reversion strategy | Signal: HOLD | Shares held: 0.0 | Last price: $95.06
2026-09-22 19:35:44,816 | [SBUX] ACTION: No trade.
2026-09-22 19:35:44,845 | [SCHW] trending (ADX 46.7) -> trend-following strategy | Signal: HOLD | Shares held: 0.0 | Last price: $101.25
2026-09-22 19:35:44,845 | [SCHW] ACTION: No trade.
2026-09-22 19:35:44,875 | [SHW] trending (ADX 30.3) -> trend-following strategy | Signal: HOLD | Shares held: 0.0 | Last price: $327.91
2026-09-22 19:35:44,875 | [SHW] ACTION: No trade.
2026-09-22 19:35:44,904 | [SJM] choppy/sideways (ADX 23.9) -> mean-reversion strategy | Signal: HOLD | Shares held: 0.0 | Last price: $121.00
2026-09-22 19:35:44,904 | [SJM] ACTION: No trade.
2026-09-22 19:35:44,934 | [SLB] choppy/sideways (ADX 23.8) -> mean-reversion strategy | Signal: HOLD | Shares held: 0.0 | Last price: $52.12
2026-09-22 19:35:44,934 | [SLB] ACTION: No trade.
2026-09-22 19:35:44,963 | [SMCI] choppy/sideways (ADX 24.7) -> mean-reversion strategy | Signal: HOLD | Shares held: 0.0 | Last price: $41.45
2026-09-22 19:35:44,963 | [SMCI] ACTION: No trade.
2026-09-22 19:35:44,992 | [SNA] trending (ADX 30.6) -> trend-following strategy | Signal: HOLD | Shares held: 0.0 | Last price: $372.10
2026-09-22 19:35:44,993 | [SNA] ACTION: No trade.
2026-09-22 19:35:45,022 | [SNDK] trending (ADX 44.1) -> trend-following strategy | Signal: HOLD | Shares held: 0.0 | Last price: $1889.52
2026-09-22 19:35:45,023 | [SNDK] ACTION: No trade.
2026-09-22 19:35:45,053 | [SNPS] trending (ADX 46.2) -> trend-following strategy | Signal: HOLD | Shares held: 0.0 | Last price: $409.84
2026-09-22 19:35:45,053 | [SNPS] ACTION: No trade.
2026-09-22 19:35:45,083 | [SO] choppy/sideways (ADX 11.0) -> mean-reversion strategy | Signal: HOLD | Shares held: 0.0 | Last price: $85.30
2026-09-22 19:35:45,083 | [SO] ACTION: No trade.
2026-09-22 19:35:45,112 | [SPG] choppy/sideways (ADX 17.5) -> mean-reversion strategy | Signal: HOLD | Shares held: 0.0 | Last price: $205.94
2026-09-22 19:35:45,112 | [SPG] ACTION: No trade.
2026-09-22 19:35:45,142 | [SPGI] choppy/sideways (ADX 12.7) -> mean-reversion strategy | Signal: HOLD | Shares held: 0.0 | Last price: $403.41
2026-09-22 19:35:45,142 | [SPGI] ACTION: No trade.
2026-09-22 19:35:45,171 | [SRE] choppy/sideways (ADX 19.8) -> mean-reversion strategy | Signal: HOLD | Shares held: 0.0 | Last price: $81.13
2026-09-22 19:35:45,171 | [SRE] ACTION: No trade.
2026-09-22 19:35:45,200 | [STE] trending (ADX 38.2) -> trend-following strategy | Signal: HOLD | Shares held: 0.0 | Last price: $208.76
2026-09-22 19:35:45,200 | [STE] ACTION: No trade.
2026-09-22 19:35:45,229 | [STLD] choppy/sideways (ADX 19.2) -> mean-reversion strategy | Signal: HOLD | Shares held: 0.0 | Last price: $232.68
2026-09-22 19:35:45,230 | [STLD] ACTION: No trade.
2026-09-22 19:35:45,259 | [STT] choppy/sideways (ADX 19.8) -> mean-reversion strategy | Signal: HOLD | Shares held: 0.0 | Last price: $180.04
2026-09-22 19:35:45,259 | [STT] ACTION: No trade.
2026-09-22 19:35:45,289 | [STX] trending (ADX 42.4) -> trend-following strategy | Signal: HOLD | Shares held: 0.0 | Last price: $919.37
2026-09-22 19:35:45,289 | [STX] ACTION: No trade.
2026-09-22 19:35:45,318 | [STZ] trending (ADX 30.1) -> trend-following strategy | Signal: HOLD | Shares held: 0.0 | Last price: $117.67
2026-09-22 19:35:45,318 | [STZ] ACTION: No trade.
2026-09-22 19:35:45,348 | [SW] choppy/sideways (ADX 23.0) -> mean-reversion strategy | Signal: HOLD | Shares held: 0.0 | Last price: $46.51
2026-09-22 19:35:45,348 | [SW] ACTION: No trade.
2026-09-22 19:35:45,377 | [SWK] trending (ADX 34.8) -> trend-following strategy | Signal: HOLD | Shares held: 0.0 | Last price: $91.50
2026-09-22 19:35:45,377 | [SWK] ACTION: No trade.
2026-09-22 19:35:45,406 | [SWKS] choppy/sideways (ADX 14.0) -> mean-reversion strategy | Signal: HOLD | Shares held: 0.0 | Last price: $89.20
2026-09-22 19:35:45,406 | [SWKS] ACTION: No trade.
2026-09-22 19:35:45,435 | [SYF] trending (ADX 26.8) -> trend-following strategy | Signal: HOLD | Shares held: 0.0 | Last price: $73.07
2026-09-22 19:35:45,436 | [SYF] ACTION: No trade.
2026-09-22 19:35:45,465 | [SYK] trending (ADX 26.5) -> trend-following strategy | Signal: HOLD | Shares held: 0.0 | Last price: $275.59
2026-09-22 19:35:45,465 | [SYK] ACTION: No trade.
2026-09-22 19:35:45,494 | [SYY] choppy/sideways (ADX 11.0) -> mean-reversion strategy | Signal: HOLD | Shares held: 0.0 | Last price: $78.64
2026-09-22 19:35:45,494 | [SYY] ACTION: No trade.
2026-09-22 19:35:45,523 | [T] trending (ADX 38.4) -> trend-following strategy | Signal: HOLD | Shares held: 0.0 | Last price: $25.03
2026-09-22 19:35:45,523 | [T] ACTION: No trade.
2026-09-22 19:35:45,555 | [TDG] trending (ADX 33.3) -> trend-following strategy | Signal: HOLD | Shares held: 0.0 | Last price: $1110.81
2026-09-22 19:35:45,555 | [TDG] ACTION: No trade.
2026-09-22 19:35:45,585 | [TDY] trending (ADX 28.3) -> trend-following strategy | Signal: HOLD | Shares held: 0.0 | Last price: $612.05
2026-09-22 19:35:45,585 | [TDY] ACTION: No trade.
2026-09-22 19:35:45,614 | [TECH] choppy/sideways (ADX 22.6) -> mean-reversion strategy | Signal: HOLD | Shares held: 0.0 | Last price: $72.56
2026-09-22 19:35:45,614 | [TECH] ACTION: No trade.
2026-09-22 19:35:45,643 | [TEL] trending (ADX 35.5) -> trend-following strategy | Signal: HOLD | Shares held: 0.0 | Last price: $212.82
2026-09-22 19:35:45,644 | [TEL] ACTION: No trade.
2026-09-22 19:35:45,673 | [TER] trending (ADX 38.8) -> trend-following strategy | Signal: HOLD | Shares held: 0.0 | Last price: $395.62
2026-09-22 19:35:45,673 | [TER] ACTION: No trade.
2026-09-22 19:35:45,702 | [TFC] trending (ADX 32.2) -> trend-following strategy | Signal: HOLD | Shares held: 0.0 | Last price: $48.12
2026-09-22 19:35:45,702 | [TFC] ACTION: No trade.
2026-09-22 19:35:45,731 | [TGT] choppy/sideways (ADX 13.2) -> mean-reversion strategy | Signal: HOLD | Shares held: 0.0 | Last price: $158.91
2026-09-22 19:35:45,732 | [TGT] ACTION: No trade.
2026-09-22 19:35:45,761 | [TJX] choppy/sideways (ADX 15.7) -> mean-reversion strategy | Signal: HOLD | Shares held: 0.0 | Last price: $130.79
2026-09-22 19:35:45,761 | [TJX] ACTION: No trade.
2026-09-22 19:35:45,790 | [TKO] trending (ADX 26.5) -> trend-following strategy | Signal: HOLD | Shares held: 0.0 | Last price: $188.41
2026-09-22 19:35:45,790 | [TKO] ACTION: No trade.
2026-09-22 19:35:45,820 | [TMO] choppy/sideways (ADX 17.7) -> mean-reversion strategy | Signal: HOLD | Shares held: 0.0 | Last price: $658.03
2026-09-22 19:35:45,820 | [TMO] ACTION: No trade.
2026-09-22 19:35:45,849 | [TMUS] trending (ADX 38.3) -> trend-following strategy | Signal: HOLD | Shares held: 0.0 | Last price: $161.95
2026-09-22 19:35:45,849 | [TMUS] ACTION: No trade.
2026-09-22 19:35:45,878 | [TPL] choppy/sideways (ADX 20.9) -> mean-reversion strategy | Signal: HOLD | Shares held: 0.0 | Last price: $357.24
2026-09-22 19:35:45,878 | [TPL] ACTION: No trade.
2026-09-22 19:35:45,908 | [TPR] choppy/sideways (ADX 16.0) -> mean-reversion strategy | Signal: HOLD | Shares held: 0.0 | Last price: $112.22
2026-09-22 19:35:45,908 | [TPR] ACTION: No trade.
2026-09-22 19:35:45,937 | [TRGP] trending (ADX 39.0) -> trend-following strategy | Signal: HOLD | Shares held: 0.0 | Last price: $284.27
2026-09-22 19:35:45,937 | [TRGP] ACTION: No trade.
2026-09-22 19:35:45,966 | [TRMB] trending (ADX 39.6) -> trend-following strategy | Signal: HOLD | Shares held: 0.0 | Last price: $59.31
2026-09-22 19:35:45,966 | [TRMB] ACTION: No trade.
2026-09-22 19:35:45,995 | [TROW] choppy/sideways (ADX 21.3) -> mean-reversion strategy | Signal: HOLD | Shares held: 0.0 | Last price: $103.92
2026-09-22 19:35:45,995 | [TROW] ACTION: No trade.
2026-09-22 19:35:46,025 | [TRV] trending (ADX 36.7) -> trend-following strategy | Signal: HOLD | Shares held: 0.0 | Last price: $362.96
2026-09-22 19:35:46,025 | [TRV] ACTION: No trade.
2026-09-22 19:35:46,056 | [TSCO] trending (ADX 25.7) -> trend-following strategy | Signal: HOLD | Shares held: 0.0 | Last price: $33.09
2026-09-22 19:35:46,056 | [TSCO] ACTION: No trade.
2026-09-22 19:35:46,087 | [TSLA] trending (ADX 36.5) -> trend-following strategy | Signal: HOLD | Shares held: 0.0 | Last price: $379.24
2026-09-22 19:35:46,087 | [TSLA] ACTION: No trade.
2026-09-22 19:35:46,117 | [TSN] choppy/sideways (ADX 20.7) -> mean-reversion strategy | Signal: HOLD | Shares held: 0.0 | Last price: $52.03
2026-09-22 19:35:46,117 | [TSN] ACTION: No trade.
2026-09-22 19:35:46,146 | [TT] trending (ADX 41.5) -> trend-following strategy | Signal: HOLD | Shares held: 0.0 | Last price: $436.76
2026-09-22 19:35:46,146 | [TT] ACTION: No trade.
2026-09-22 19:35:46,175 | [TTWO] choppy/sideways (ADX 14.4) -> mean-reversion strategy | Signal: HOLD | Shares held: 0.0 | Last price: $206.58
2026-09-22 19:35:46,175 | [TTWO] ACTION: No trade.
2026-09-22 19:35:46,205 | [TXN] choppy/sideways (ADX 18.8) -> mean-reversion strategy | Signal: HOLD | Shares held: 0.0 | Last price: $269.86
2026-09-22 19:35:46,205 | [TXN] ACTION: No trade.
2026-09-22 19:35:46,233 | [TXT] choppy/sideways (ADX 23.8) -> mean-reversion strategy | Signal: HOLD | Shares held: 0.0 | Last price: $78.09
2026-09-22 19:35:46,233 | [TXT] ACTION: No trade.
2026-09-22 19:35:46,262 | [TYL] choppy/sideways (ADX 21.2) -> mean-reversion strategy | Signal: HOLD | Shares held: 0.0 | Last price: $332.56
2026-09-22 19:35:46,262 | [TYL] ACTION: No trade.
2026-09-22 19:35:46,291 | [UAL] trending (ADX 33.3) -> trend-following strategy | Signal: HOLD | Shares held: 0.0 | Last price: $114.78
2026-09-22 19:35:46,291 | [UAL] ACTION: No trade.
2026-09-22 19:35:46,320 | [UBER] choppy/sideways (ADX 19.6) -> mean-reversion strategy | Signal: HOLD | Shares held: 0.0 | Last price: $70.08
2026-09-22 19:35:46,320 | [UBER] ACTION: No trade.
2026-09-22 19:35:46,349 | [UDR] trending (ADX 38.9) -> trend-following strategy | Signal: HOLD | Shares held: 0.0 | Last price: $34.15
2026-09-22 19:35:46,349 | [UDR] ACTION: No trade.
2026-09-22 19:35:46,378 | [UHS] trending (ADX 38.6) -> trend-following strategy | Signal: HOLD | Shares held: 0.0 | Last price: $180.51
2026-09-22 19:35:46,378 | [UHS] ACTION: No trade.
2026-09-22 19:35:46,406 | [ULTA] choppy/sideways (ADX 21.1) -> mean-reversion strategy | Signal: HOLD | Shares held: 0.0 | Last price: $554.76
2026-09-22 19:35:46,407 | [ULTA] ACTION: No trade.
2026-09-22 19:35:46,435 | [UNH] choppy/sideways (ADX 11.1) -> mean-reversion strategy | Signal: HOLD | Shares held: 0.0 | Last price: $373.83
2026-09-22 19:35:46,435 | [UNH] ACTION: No trade.
2026-09-22 19:35:46,464 | [UNP] trending (ADX 27.3) -> trend-following strategy | Signal: HOLD | Shares held: 0.0 | Last price: $274.19
2026-09-22 19:35:46,464 | [UNP] ACTION: No trade.
2026-09-22 19:35:46,493 | [UPS] trending (ADX 25.3) -> trend-following strategy | Signal: HOLD | Shares held: 0.0 | Last price: $95.81
2026-09-22 19:35:46,493 | [UPS] ACTION: No trade.
2026-09-22 19:35:46,522 | [URI] trending (ADX 46.1) -> trend-following strategy | Signal: HOLD | Shares held: 0.0 | Last price: $1046.21
2026-09-22 19:35:46,522 | [URI] ACTION: No trade.
2026-09-22 19:35:46,552 | [USB] trending (ADX 26.3) -> trend-following strategy | Signal: HOLD | Shares held: 0.0 | Last price: $59.45
2026-09-22 19:35:46,552 | [USB] ACTION: No trade.
2026-09-22 19:35:46,581 | [V] choppy/sideways (ADX 22.5) -> mean-reversion strategy | Signal: HOLD | Shares held: 0.0 | Last price: $362.86
2026-09-22 19:35:46,581 | [V] ACTION: No trade.
2026-09-22 19:35:46,610 | [VEEV] trending (ADX 35.5) -> trend-following strategy | Signal: HOLD | Shares held: 0.0 | Last price: $263.29
2026-09-22 19:35:46,610 | [VEEV] ACTION: No trade.
2026-09-22 19:35:46,639 | [VICI] choppy/sideways (ADX 16.0) -> mean-reversion strategy | Signal: HOLD | Shares held: 0.0 | Last price: $24.00
2026-09-22 19:35:46,639 | [VICI] ACTION: No trade.
2026-09-22 19:35:46,668 | [VICR] trending (ADX 54.7) -> trend-following strategy | Signal: HOLD | Shares held: 0.0 | Last price: $266.63
2026-09-22 19:35:46,669 | [VICR] ACTION: No trade.
2026-09-22 19:35:46,698 | [VLO] choppy/sideways (ADX 21.8) -> mean-reversion strategy | Signal: HOLD | Shares held: 0.0 | Last price: $378.25
2026-09-22 19:35:46,698 | [VLO] ACTION: No trade.
2026-09-22 19:35:46,727 | [VLTO] trending (ADX 36.3) -> trend-following strategy | Signal: HOLD | Shares held: 0.0 | Last price: $96.18
2026-09-22 19:35:46,727 | [VLTO] ACTION: No trade.
2026-09-22 19:35:46,757 | [VMC] choppy/sideways (ADX 21.3) -> mean-reversion strategy | Signal: HOLD | Shares held: 0.0 | Last price: $246.60
2026-09-22 19:35:46,757 | [VMC] ACTION: No trade.
2026-09-22 19:35:46,787 | [VMRK] choppy/sideways (ADX 20.5) -> mean-reversion strategy | Signal: HOLD | Shares held: 0.0 | Last price: $62.30
2026-09-22 19:35:46,787 | [VMRK] ACTION: No trade.
2026-09-22 19:35:46,817 | [VRSK] choppy/sideways (ADX 15.5) -> mean-reversion strategy | Signal: HOLD | Shares held: 0.0 | Last price: $171.83
2026-09-22 19:35:46,817 | [VRSK] ACTION: No trade.
2026-09-22 19:35:46,847 | [VRSN] trending (ADX 28.9) -> trend-following strategy | Signal: HOLD | Shares held: 0.0 | Last price: $298.86
2026-09-22 19:35:46,847 | [VRSN] ACTION: No trade.
2026-09-22 19:35:46,877 | [VRT] choppy/sideways (ADX 13.4) -> mean-reversion strategy | Signal: HOLD | Shares held: 0.0 | Last price: $253.87
2026-09-22 19:35:46,877 | [VRT] ACTION: No trade.
2026-09-22 19:35:46,907 | [VRTX] trending (ADX 40.3) -> trend-following strategy | Signal: HOLD | Shares held: 0.0 | Last price: $518.28
2026-09-22 19:35:46,907 | [VRTX] ACTION: No trade.
2026-09-22 19:35:46,937 | [VST] choppy/sideways (ADX 14.4) -> mean-reversion strategy | Signal: HOLD | Shares held: 0.0 | Last price: $141.35
2026-09-22 19:35:46,937 | [VST] ACTION: No trade.
2026-09-22 19:35:46,967 | [VTR] choppy/sideways (ADX 8.3) -> mean-reversion strategy | Signal: HOLD | Shares held: 0.0 | Last price: $86.85
2026-09-22 19:35:46,967 | [VTR] ACTION: No trade.
2026-09-22 19:35:46,996 | [VTRS] choppy/sideways (ADX 11.9) -> mean-reversion strategy | Signal: HOLD | Shares held: 0.0 | Last price: $17.11
2026-09-22 19:35:46,997 | [VTRS] ACTION: No trade.
2026-09-22 19:35:47,027 | [VZ] trending (ADX 55.4) -> trend-following strategy | Signal: HOLD | Shares held: 0.0 | Last price: $46.29
2026-09-22 19:35:47,027 | [VZ] ACTION: No trade.
2026-09-22 19:35:47,058 | [WAB] trending (ADX 40.0) -> trend-following strategy | Signal: HOLD | Shares held: 0.0 | Last price: $288.46
2026-09-22 19:35:47,058 | [WAB] ACTION: No trade.
2026-09-22 19:35:47,088 | [WAT] choppy/sideways (ADX 22.1) -> mean-reversion strategy | Signal: HOLD | Shares held: 0.0 | Last price: $425.45
2026-09-22 19:35:47,088 | [WAT] ACTION: No trade.
2026-09-22 19:35:47,118 | [WBD] trending (ADX 62.9) -> trend-following strategy | Signal: HOLD | Shares held: 0.0 | Last price: $30.82
2026-09-22 19:35:47,118 | [WBD] ACTION: No trade.
2026-09-22 19:35:47,147 | [WDAY] choppy/sideways (ADX 10.7) -> mean-reversion strategy | Signal: HOLD | Shares held: 0.0 | Last price: $190.57
2026-09-22 19:35:47,147 | [WDAY] ACTION: No trade.
2026-09-22 19:35:47,178 | [WDC] trending (ADX 38.5) -> trend-following strategy | Signal: HOLD | Shares held: 0.0 | Last price: $460.76
2026-09-22 19:35:47,178 | [WDC] ACTION: No trade.
2026-09-22 19:35:47,208 | [WEC] choppy/sideways (ADX 23.2) -> mean-reversion strategy | Signal: HOLD | Shares held: 0.0 | Last price: $103.02
2026-09-22 19:35:47,208 | [WEC] ACTION: No trade.
2026-09-22 19:35:47,237 | [WELL] choppy/sideways (ADX 15.7) -> mean-reversion strategy | Signal: HOLD | Shares held: 0.0 | Last price: $230.89
2026-09-22 19:35:47,237 | [WELL] ACTION: No trade.
2026-09-22 19:35:47,267 | [WFC] trending (ADX 36.7) -> trend-following strategy | Signal: HOLD | Shares held: 0.0 | Last price: $83.58
2026-09-22 19:35:47,267 | [WFC] ACTION: No trade.
2026-09-22 19:35:47,355 | [WM] trending (ADX 29.8) -> trend-following strategy | Signal: HOLD | Shares held: 0.0 | Last price: $207.77
2026-09-22 19:35:47,355 | [WM] ACTION: No trade.
2026-09-22 19:35:47,384 | [WMB] trending (ADX 25.3) -> trend-following strategy | Signal: HOLD | Shares held: 0.0 | Last price: $71.12
2026-09-22 19:35:47,384 | [WMB] ACTION: No trade.
2026-09-22 19:35:47,414 | [WMT] trending (ADX 42.1) -> trend-following strategy | Signal: HOLD | Shares held: 0.0 | Last price: $109.93
2026-09-22 19:35:47,414 | [WMT] ACTION: No trade.
2026-09-22 19:35:47,443 | [WRB] choppy/sideways (ADX 24.5) -> mean-reversion strategy | Signal: HOLD | Shares held: 0.0 | Last price: $68.57
2026-09-22 19:35:47,443 | [WRB] ACTION: No trade.
2026-09-22 19:35:47,472 | [WSM] trending (ADX 38.2) -> trend-following strategy | Signal: HOLD | Shares held: 0.0 | Last price: $232.24
2026-09-22 19:35:47,472 | [WSM] ACTION: No trade.
2026-09-22 19:35:47,502 | [WST] trending (ADX 40.4) -> trend-following strategy | Signal: HOLD | Shares held: 0.0 | Last price: $372.86
2026-09-22 19:35:47,502 | [WST] ACTION: No trade.
2026-09-22 19:35:47,531 | [WTW] trending (ADX 29.9) -> trend-following strategy | Signal: HOLD | Shares held: 0.0 | Last price: $301.44
2026-09-22 19:35:47,531 | [WTW] ACTION: No trade.
2026-09-22 19:35:47,561 | [WYNN] choppy/sideways (ADX 14.0) -> mean-reversion strategy | Signal: HOLD | Shares held: 0.0 | Last price: $82.70
2026-09-22 19:35:47,561 | [WYNN] ACTION: No trade.
2026-09-22 19:35:47,591 | [XEL] choppy/sideways (ADX 22.4) -> mean-reversion strategy | Signal: HOLD | Shares held: 0.0 | Last price: $72.08
2026-09-22 19:35:47,591 | [XEL] ACTION: No trade.
2026-09-22 19:35:47,620 | [XOM] choppy/sideways (ADX 20.3) -> mean-reversion strategy | Signal: HOLD | Shares held: 0.0 | Last price: $158.77
2026-09-22 19:35:47,620 | [XOM] ACTION: No trade.
2026-09-22 19:35:47,650 | [XYL] choppy/sideways (ADX 15.6) -> mean-reversion strategy | Signal: HOLD | Shares held: 0.0 | Last price: $107.61
2026-09-22 19:35:47,650 | [XYL] ACTION: No trade.
2026-09-22 19:35:47,680 | [XYZ] choppy/sideways (ADX 13.5) -> mean-reversion strategy | Signal: HOLD | Shares held: 0.0 | Last price: $77.64
2026-09-22 19:35:47,680 | [XYZ] ACTION: No trade.
2026-09-22 19:35:47,710 | [YUM] trending (ADX 27.7) -> trend-following strategy | Signal: HOLD | Shares held: 0.0 | Last price: $139.19
2026-09-22 19:35:47,710 | [YUM] ACTION: No trade.
2026-09-22 19:35:47,740 | [ZBH] choppy/sideways (ADX 17.4) -> mean-reversion strategy | Signal: HOLD | Shares held: 0.0 | Last price: $93.85
2026-09-22 19:35:47,741 | [ZBH] ACTION: No trade.
2026-09-22 19:35:47,771 | [ZBRA] trending (ADX 56.0) -> trend-following strategy | Signal: HOLD | Shares held: 0.0 | Last price: $361.55
2026-09-22 19:35:47,771 | [ZBRA] ACTION: No trade.
2026-09-22 19:35:47,802 | [ZTS] trending (ADX 35.9) -> trend-following strategy | Signal: HOLD | Shares held: 0.0 | Last price: $73.28
2026-09-22 19:35:47,802 | [ZTS] ACTION: No trade.
2026-09-22 19:50:02,111 | Within 10 min of close -- flattening all positions for the day.
2026-09-22 19:50:02,125 | EOD FLATTEN: no open positions to close.
2026-09-22 20:00:02,021 | Market is closed. Next open: 2026-09-23 15:30:00 CEST (your local time) -- in 17.5 hours.
2026-09-22 20:00:02,034 | Market is closed for the day -- exiting early instead of idling.
2026-09-22 20:00:02,034 | Duration window finished.
