2026-09-23 18:51:42,424 | === Adaptive Intraday Trading Bot starting (PAPER TRADING MODE) ===
2026-09-23 18:51:42,424 | Watchlist mode: AUTOMATIC SCANNER (refreshes every 0.5h, up to 50 movers + S&P 500 backstop, 500 watchlist slots total, min price $10, max extension 20%, leveraged ETFs excluded: True, news filter: True). Fallback list: TSLA, NVDA, COIN, AMD, PLTR
2026-09-23 18:51:42,424 | Scanner minimum listing age: ON -- requires >= 100 trading days of daily bar history (real cases this catches: ALMR ~80d, EROC ~43d)
2026-09-23 18:51:42,424 | Bar size: 15min | Check interval while market open: 15min
2026-09-23 18:51:42,424 | Active strategies: gap_continuation, trend_following, mean_reversion (regime-switched by ADX)
2026-09-23 18:51:42,424 | Trend strategy: EMA 9/21 crossover | Range strategy: RSI 14 (25.0/75.0) | Switched by ADX 14 (threshold 25.0)
2026-09-23 18:51:42,424 | No new entries between 210-270 min after the open (historically weak window in backtesting)
2026-09-23 18:51:42,424 | Scanner opening-range blackout: ON -- no new scanner-pick (non-S&P-500) entries in the first 45 min after the open (real-money-confirmed, additive to the lunch-window blackout above, not a replacement for it)
2026-09-23 18:51:42,424 | Risk management: fixed stop-loss -5% / take-profit +10% on every buy
2026-09-23 18:51:42,425 | Position sizing: flat $500 per trade
2026-09-23 18:51:42,425 | Graduated conviction sizing: ON -- qualifying strategies: none yet (real evidence-gated, see strategy.py). 1 of 3 confirming signals (strategy match / ADX >= 35 / volume >= 2.5x avg) sizes at $5000; 2 or more signals sizes at up to the full remaining $25,000/day pool (volatility-based size-down always wins when a trade qualifies for both)
2026-09-23 18:51:42,425 | Position limits: max 18 concurrent positions | max 5.0% aggregate portfolio risk | daily loss circuit breaker at -3% (pauses new entries only)
2026-09-23 18:51:42,425 | Portfolio heat cap: max $2,000 aggregate $-at-risk across all open positions
2026-09-23 18:51:42,425 | Sector concentration cap: max 2 open positions per sector (new entries only; symbols with no known sector are exempt)
2026-09-23 18:51:42,425 | End-of-day mode: positions will be auto-closed 10 min before market close.
2026-09-23 18:51:42,425 | Loaded saved watchlist from previous run: VICR, MU, NVDA, META, SNDK, AMD, INTC, AAPL, MSFT, TSLA, GOOGL, AMZN, AVGO, BE, GOOG, LITE, DELL, MRVL, V, QCOM, STX, CVX, PLTR, JPM, WBD, ORCL, NFLX, LLY, AMAT, TXN, WDC, ILMN, LRCX, XOM, PANW, JNJ, BRK.B, CSCO, MRNA, MRK, CRM, HOOD, TMO, CRWD, GEV, WMT, P, GS, MPC, AMGN, COST, COIN, VLO, MA, C, CAT, COHR, AZO, GILD, DHR, HCA, SCHW, UNP, UNH, GE, BAC, MS, MCK, KLAC, HONA, TJX, APP, IBM, ADI, ABBV, LIN, WFC, REGN, BKNG, HD, ADP, PM, ABT, MDT, EBAY, ETN, PG, DASH, KO, WELL, PSX, PEP, MPWR, NOW, BNY, PGR, PCAR, ACN, HON, ADBE, COP, DE, INTU, COF, IQV, TMUS, SMCI, ORLY, MCD, ALL, BA, ISRG, FTNT, ABNB, APH, EXPE, ANET, CVS, BMY, BLK, RTX, VZ, SWKS, VRTX, GLW, NEE, NKE, NXPI, AXP, FANG, NEM, AEP, TRV, AON, TER, UBER, CB, GM, SYK, SO, DXCM, T, PH, HLT, DIS, MRSH, MAR, CDNS, HPE, ROP, VRT, CMI, WDAY, ROST, PYPL, CIEN, CSX, STT, EQIX, PFE, VEEV, BDX, WRB, DDOG, LMT, CL, WMB, SHW, DAL, BSX, TDG, ELV, RSG, ACGL, HWM, CARR, LOW, CAH, CTSH, VTR, GD, RCL, SLB, AMP, TT, DUK, TGT, SNPS, BKR, TRGP, TFC, NOC, APD, PNC, RDDT, PAYX, USB, COR, OKE, MMM, TPR, TEL, SBUX, ON, URI, CEG, FIX, ICE, CME, DVN, MCHP, KMI, MLM, MDLZ, MSI, DLTR, AMT, VMRK, DHI, JCI, HBAN, FDX, CMCSA, NSC, PWR, A, ARES, CTAS, UPS, PLD, EOG, FOXA, ADSK, MTD, IR, NTAP, TTWO, SPGI, OTIS, OMC, FCX, YUM, CRH, DLR, KR, HPQ, HUM, D, RMD, APO, JBL, XEL, CNC, F, SYY, EME, MCO, NVR, MNST, AFL, EQT, ETR, AKAM, CASY, LYV, WM, FLEX, MO, GRMN, NUE, LHX, ECL, BX, ODFL, AIG, EMR, GWW, WAT, LEN, HIG, DGX, CTVA, BG, VMC, RVTY, CBRE, KEYS, FICO, ITW, MSCI, SPG, WSM, PTC, ADM, IDXX, FERG, VRSN, AJG, EW, MET, RJF, WEC, CI, CHTR, KKR, ULTA, SRE, JBHT, ECHO, TYL, EFX, ROK, AWK, GDDY, PSA, STZ, STLD, EL, PSKY, EXE, CF, KDP, DG, HSY, DRI, FAST, NDAQ, AME, LH, PCG, FFIV, PEG, WAB, BIIB, FDXF, CCI, EG, KVUE, TSCO, CVNA, KMB, EXPD, VST, BBY, RF, CFG, UAL, AXON, EXR, LULU, CDW, CRL, FITB, NI, EXC, OXY, DTE, KEY, CBOE, ALB, XYL, CMS, PHM, CPRT, HAL, WST, SYF, GEN, TKO, MTB, ZBRA, VRSK, IBKR, GIS, CCL, APTV, DOV, O, CNP, GPN, CHRW, FSLR, TECH, VLTO, GEHC, DECK, INCY, HST, LYB, BR, PPG, BRO, CMG, LVS, WTW, ZTS, NRG, SW, MAS, ROL, FISV, ALLE, NTRS, DPZ, KHC, RL, ATO, HUBB, IT, EIX, GNRC, Q, JKHY, PFG, ED, XYZ, LUV, TSN, ZBH, APA, ES, PRU, CSGP, SJM, AEE, FDS, CPAY, IRM, COO, PODD, CLX, SBAC, BAX, LDOS, UHS, SNA, GPC, DVA, EVRG, STE, LNT, AVY, TPL, HII, INVH, IFF, L, SWK, MKC, TROW, LII, DOW, CINF, PPL, TRMB, DD, HAS, TXT, IP, CHD, TDY, PNR, J, MAA, NWSA, FE, BEN, PKG, FIS, MOS, VICI, AMCR, ALGN, IVZ, FTV, PNW, UDR, ESS, BXP, MGM, WYNN, IEX, DOC, FRT, NDSN, CPT, NCLH, AIZ, VTRS, BALL, ARE
2026-09-23 18:51:42,425 | Restored daily risk state from previous run: day 2026-09-22, breaker tripped: False
2026-09-23 18:51:42,425 | Restored open-position context for 2 symbol(s) from previous run.
2026-09-23 18:51:42,425 | Running in --duration-minutes mode: cycling for 150 minutes, then exiting.
2026-09-23 18:51:42,472 | Daily loss circuit breaker: tracking from starting equity $99,331.58 (limit -3%).
2026-09-23 18:51:42,472 | Daily conviction-sizing pool reset: $25,000 available today.
2026-09-23 18:51:42,472 | SCANNER: refreshing watchlist...
2026-09-23 18:51:42,772 | SCANNER: candidate ALKT -- -19.9% today, $14.50, liquid, 2 recent news item(s)
2026-09-23 18:51:42,772 | SCANNER: candidate VOYG -- -18.7% today, $30.51, liquid, 5 recent news item(s)
2026-09-23 18:51:42,809 | S&P 500: refreshed constituent list (503 symbols).
2026-09-23 18:51:51,693 | S&P 500 liquidity backstop -> MU, NVDA, META, SNDK, AMD, INTC, AAPL, MSFT, TSLA, GOOGL, AMZN, AVGO, BE, GOOG, DELL, PLTR, LITE, MRVL, V, CVX, STX, QCOM, WBD, TXN, ILMN, JPM, ORCL, MRNA, WDC, LLY, JNJ, AMAT, XOM, LRCX, NFLX, BRK.B, PANW, CRWD, CSCO, CRM, MPC, MRK, P, GEV, VLO, MA, TMO, AZO, WMT, GS, HOOD, COST, AMGN, C, MCK, COHR, CAT, UNP, MCD, BKNG, EXPE, HCA, APP, BAC, TJX, PM, ABT, KLAC, UNH, ADI, DHR, GE, COIN, GILD, LIN, MS, REGN, DE, PSX, IBM, ABBV, MDT, EBAY, WFC, ADP, SCHW, HONA, NOW, ALL, MPWR, PGR, HD, ABNB, HON, ADBE, KO, DASH, WELL, ETN, ACN, BMY, PCAR, COF, BA, TMUS, COP, SMCI, PG, PEP, ORLY, BNY, FTNT, APH, IQV, NXPI, RTX, VZ, ANET, RCL, CVS, INTU, UBER, AXP, GLW, TER, BLK, T, CB, SYK, NKE, NEM, VRTX, AEP, STT, NEE, AON, FANG, ISRG, TRV, HLT, ROP, MRSH, VEEV, CDNS, CMI, SWKS, DIS, DXCM, MAR, ELV, WDAY, PH, CL, DDOG, HPE, HWM, PYPL, SHW, PFE, VTR, SO, CIEN, ROST, BSX, WRB, ACGL, PNC, LOW, VRT, EQIX, PAYX, LMT, MLM, DAL, CSX, GM, RDDT, USB, SNPS, CARR, DVN, AMT, CTSH, TDG, TT, AMP, A, IR, CAH, SLB, BKR, MDLZ, MMM, FIX, MCHP, ON, VMRK, APD, RSG, ICE, BDX, GD, TFC, CMCSA, TRGP, WMB, JCI, MSI, COR, MTD, SBUX, TGT, NTAP, DUK, ARES, CME, URI, ADSK, PWR, CEG, YUM, TPR, FDX, JBL, NOC, DHI, OKE, TEL, NSC, SPGI, D, APO, HPQ, CASY, KMI, DLTR, MCO, FOXA, EQT, RMD, HBAN, OMC, CNC, CRH, EOG, SYY, UPS, HUM, CTAS, DLR, EMR, XEL, AFL, AKAM, TTWO, AJG, PTC, MO, KEYS, KR, WEC, EME, NVR, RVTY, FCX, MSCI, PLD, ETR, GWW, LH, FICO, WM, F, LYV, BX, VMC, FLEX, HIG, DRI, GDDY, MNST, WAT, ODFL, NUE, CHTR, CRL, CTVA, OTIS, CI, LHX, VRSN, PCG, TYL, BG, CBRE, WSM, EFX, DGX, CF, KKR, RJF, EXE, ECHO, FAST, ITW, KDP, GRMN, AIG, ULTA, FITB, BBY, MET, PSA, LEN, EW, ECL, TSCO, ROK, HSY, FERG, WST, NI, AWK, EL, UAL, NDAQ, STLD, STZ, IDXX, WAB, PEG, FDXF, CHRW, VST, ADM, OXY, CCL, EXPD, FFIV, EXR, RF, BIIB, SRE, AME, KEY, DTE, KMB, LULU, ZBRA, CMS, CCI, CPRT, CBOE, KVUE, DG, CDW, SYF, SPG, XYL, JBHT, PHM, EXC, GIS, GPN, CFG, TECH, WTW, DOV, TKO, AXON, ROL, EG, VRSK, CMG, GEN, MTB, HAL, CNP, O, INCY, APTV, RL, HST, VLTO, ZTS, DPZ, DECK, FSLR, XYZ, NTRS, IBKR, LVS, BR, ALB, ALLE, IT, BRO, KHC, LUV, NRG, CVNA, LYB, PPG, Q, BAX, ZBH, CSGP, FDS, JKHY, APA, MAS, ES, SW, HUBB, PFG, LDOS, GEHC, HAS, ATO, SJM, FISV, EIX, CPAY, PRU, TSN, UHS, PODD, AVY, AEE, NWSA, ED, EVRG, IRM, GNRC, TDY, COO, LNT, DOW, CLX, TPL, LII, PPL, SNA, SBAC, TROW, L, HII, MKC, SWK, J, GPC, INVH, STE, PNR, BEN, TRMB, TXT, MOS, CINF, ESS, MAA, CHD, IFF, DVA, IP, ALGN, FIS, AIZ, FE, DD, IVZ, UDR, VICI, FRT, AMCR, BXP, MGM, PNW, IEX, NCLH, NDSN, PKG, AES, DOC, FTV, WYNN, VTRS, REG, BALL, CPT
2026-09-23 18:51:51,695 | SCANNER: new watchlist -> ALKT, VOYG, MU, NVDA, META, SNDK, AMD, INTC, AAPL, MSFT, TSLA, GOOGL, AMZN, AVGO, BE, GOOG, DELL, PLTR, LITE, MRVL, V, CVX, STX, QCOM, WBD, TXN, ILMN, JPM, ORCL, MRNA, WDC, LLY, JNJ, AMAT, XOM, LRCX, NFLX, BRK.B, PANW, CRWD, CSCO, CRM, MPC, MRK, P, GEV, VLO, MA, TMO, AZO, WMT, GS, HOOD, COST, AMGN, C, MCK, COHR, CAT, UNP, MCD, BKNG, EXPE, HCA, APP, BAC, TJX, PM, ABT, KLAC, UNH, ADI, DHR, GE, COIN, GILD, LIN, MS, REGN, DE, PSX, IBM, ABBV, MDT, EBAY, WFC, ADP, SCHW, HONA, NOW, ALL, MPWR, PGR, HD, ABNB, HON, ADBE, KO, DASH, WELL, ETN, ACN, BMY, PCAR, COF, BA, TMUS, COP, SMCI, PG, PEP, ORLY, BNY, FTNT, APH, IQV, NXPI, RTX, VZ, ANET, RCL, CVS, INTU, UBER, AXP, GLW, TER, BLK, T, CB, SYK, NKE, NEM, VRTX, AEP, STT, NEE, AON, FANG, ISRG, TRV, HLT, ROP, MRSH, VEEV, CDNS, CMI, SWKS, DIS, DXCM, MAR, ELV, WDAY, PH, CL, DDOG, HPE, HWM, PYPL, SHW, PFE, VTR, SO, CIEN, ROST, BSX, WRB, ACGL, PNC, LOW, VRT, EQIX, PAYX, LMT, MLM, DAL, CSX, GM, RDDT, USB, SNPS, CARR, DVN, AMT, CTSH, TDG, TT, AMP, A, IR, CAH, SLB, BKR, MDLZ, MMM, FIX, MCHP, ON, VMRK, APD, RSG, ICE, BDX, GD, TFC, CMCSA, TRGP, WMB, JCI, MSI, COR, MTD, SBUX, TGT, NTAP, DUK, ARES, CME, URI, ADSK, PWR, CEG, YUM, TPR, FDX, JBL, NOC, DHI, OKE, TEL, NSC, SPGI, D, APO, HPQ, CASY, KMI, DLTR, MCO, FOXA, EQT, RMD, HBAN, OMC, CNC, CRH, EOG, SYY, UPS, HUM, CTAS, DLR, EMR, XEL, AFL, AKAM, TTWO, AJG, PTC, MO, KEYS, KR, WEC, EME, NVR, RVTY, FCX, MSCI, PLD, ETR, GWW, LH, FICO, WM, F, LYV, BX, VMC, FLEX, HIG, DRI, GDDY, MNST, WAT, ODFL, NUE, CHTR, CRL, CTVA, OTIS, CI, LHX, VRSN, PCG, TYL, BG, CBRE, WSM, EFX, DGX, CF, KKR, RJF, EXE, ECHO, FAST, ITW, KDP, GRMN, AIG, ULTA, FITB, BBY, MET, PSA, LEN, EW, ECL, TSCO, ROK, HSY, FERG, WST, NI, AWK, EL, UAL, NDAQ, STLD, STZ, IDXX, WAB, PEG, FDXF, CHRW, VST, ADM, OXY, CCL, EXPD, FFIV, EXR, RF, BIIB, SRE, AME, KEY, DTE, KMB, LULU, ZBRA, CMS, CCI, CPRT, CBOE, KVUE, DG, CDW, SYF, SPG, XYL, JBHT, PHM, EXC, GIS, GPN, CFG, TECH, WTW, DOV, TKO, AXON, ROL, EG, VRSK, CMG, GEN, MTB, HAL, CNP, O, INCY, APTV, RL, HST, VLTO, ZTS, DPZ, DECK, FSLR, XYZ, NTRS, IBKR, LVS, BR, ALB, ALLE, IT, BRO, KHC, LUV, NRG, CVNA, LYB, PPG, Q, BAX, ZBH, CSGP, FDS, JKHY, APA, MAS, ES, SW, HUBB, PFG, LDOS, GEHC, HAS, ATO, SJM, FISV, EIX, CPAY, PRU, TSN, UHS, PODD, AVY, AEE, NWSA, ED, EVRG, IRM, GNRC, TDY, COO, LNT, DOW, CLX, TPL, LII, PPL, SNA, SBAC, TROW, L, HII, MKC, SWK, J, GPC, INVH, STE, PNR, BEN, TRMB, TXT, MOS, CINF, ESS, MAA, CHD, IFF, DVA, IP, ALGN, FIS, AIZ, FE, DD, IVZ, UDR, VICI, FRT, AMCR, BXP, MGM, PNW, IEX, NCLH, NDSN, PKG, AES, DOC, FTV, WYNN, VTRS, REG, BALL, CPT
2026-09-23 18:51:51,702 | Market is open (closes 2026-09-23 22:00:00 CEST your local time). Checking 492 symbols: A, AAPL, ABBV, ABNB, ABT, ACGL, ACN, ADBE, ADI, ADM, ADP, ADSK, AEE, AEP, AES, AFL, AIG, AIZ, AJG, AKAM, ALB, ALGN, ALKT, ALL, ALLE, AMAT, AMCR, AMD, AME, AMGN, AMP, AMT, AMZN, ANET, AON, APA, APD, APH, APO, APP, APTV, ARES, ATO, AVGO, AVY, AWK, AXON, AXP, AZO, BA, BAC, BALL, BAX, BBY, BDX, BE, BEN, BG, BIIB, BKNG, BKR, BLK, BMY, BNY, BR, BRK.B, BRO, BSX, BX, BXP, C, CAH, CARR, CASY, CAT, CB, CBOE, CBRE, CCI, CCL, CDNS, CDW, CEG, CF, CFG, CHD, CHRW, CHTR, CI, CIEN, CINF, CL, CLX, CMCSA, CME, CMG, CMI, CMS, CNC, CNP, COF, COHR, COIN, COO, COP, COR, COST, CPAY, CPRT, CPT, CRH, CRL, CRM, CRWD, CSCO, CSGP, CSX, CTAS, CTSH, CTVA, CVNA, CVS, CVX, D, DAL, DASH, DD, DDOG, DE, DECK, DELL, DG, DGX, DHI, DHR, DIS, DLR, DLTR, DOC, DOV, DOW, DPZ, DRI, DTE, DUK, DVA, DVN, DXCM, EBAY, ECHO, ECL, ED, EFX, EG, EIX, EL, ELV, EME, EMR, EOG, EQIX, EQT, ES, ESS, ETN, ETR, EVRG, EW, EXC, EXE, EXPD, EXPE, EXR, F, FANG, FAST, FCX, FDS, FDX, FDXF, FE, FERG, FFIV, FICO, FIS, FISV, FITB, FIX, FLEX, FOXA, FRT, FSLR, FTNT, FTV, GD, GDDY, GE, GEHC, GEN, GEV, GILD, GIS, GLW, GM, GNRC, GOOG, GOOGL, GPC, GPN, GRMN, GS, GWW, HAL, HAS, HBAN, HCA, HD, HIG, HII, HLT, HON, HONA, HOOD, HPE, HPQ, HST, HSY, HUBB, HUM, HWM, IBKR, IBM, ICE, IDXX, IEX, IFF, ILMN, INCY, INTC, INTU, INVH, IP, IQV, IR, IRM, ISRG, IT, ITW, IVZ, J, JBHT, JBL, JCI, JKHY, JNJ, JPM, KDP, KEY, KEYS, KHC, KKR, KLAC, KMB, KMI, KO, KR, KVUE, L, LDOS, LEN, LH, LHX, LII, LIN, LITE, LLY, LMT, LNT, LOW, LRCX, LULU, LUV, LVS, LYB, LYV, MA, MAA, MAR, MAS, MCD, MCHP, MCK, MCO, MDLZ, MDT, MET, META, MGM, MKC, MLM, MMM, MNST, MO, MOS, MPC, MPWR, MRK, MRNA, MRSH, MRVL, MS, MSCI, MSFT, MSI, MTB, MTD, MU, NCLH, NDAQ, NDSN, NEE, NEM, NFLX, NI, NKE, NOC, NOW, NRG, NSC, NTAP, NTRS, NUE, NVDA, NVR, NWSA, NXPI, O, ODFL, OKE, OMC, ON, ORCL, ORLY, OTIS, OXY, P, PANW, PAYX, PCAR, PCG, PEG, PEP, PFE, PFG, PG, PGR, PH, PHM, PKG, PLD, PLTR, PM, PNC, PNR, PNW, PODD, PPG, PPL, PRU, PSA, PSX, PTC, PWR, PYPL, Q, QCOM, RCL, RDDT, REG, REGN, RF, RJF, RL, RMD, ROK, ROL, ROP, ROST, RSG, RTX, RVTY, SBAC, SBUX, SCHW, SHW, SJM, SLB, SMCI, SNA, SNDK, SNPS, SO, SPG, SPGI, SRE, STE, STLD, STT, STX, STZ, SW, SWK, SWKS, SYF, SYK, SYY, T, TDG, TDY, TECH, TEL, TER, TFC, TGT, TJX, TKO, TMO, TMUS, TPL, TPR, TRGP, TRMB, TROW, TRV, TSCO, TSLA, TSN, TT, TTWO, TXN, TXT, TYL, UAL, UBER, UDR, UHS, ULTA, UNH, UNP, UPS, URI, USB, V, VEEV, VICI, VLO, VLTO, VMC, VMRK, VOYG, VRSK, VRSN, VRT, VRTX, VST, VTR, VTRS, VZ, WAB, WAT, WBD, WDAY, WDC, WEC, WELL, WFC, WM, WMB, WMT, WRB, WSM, WST, WTW, WYNN, XEL, XOM, XYL, XYZ, YUM, ZBH, ZBRA, ZTS (within 90 min of close -- not enough runway left today for a new position)
2026-09-23 18:52:14,310 | [A] choppy/sideways (ADX 24.6) -> mean-reversion strategy | Signal: HOLD | Shares held: 0.0 | Last price: $164.17
2026-09-23 18:52:14,310 | [A] ACTION: No trade.
2026-09-23 18:52:14,341 | [AAPL] choppy/sideways (ADX 21.7) -> mean-reversion strategy | Signal: HOLD | Shares held: 0.0 | Last price: $336.88
2026-09-23 18:52:14,342 | [AAPL] ACTION: No trade.
2026-09-23 18:52:14,372 | [ABBV] choppy/sideways (ADX 12.6) -> mean-reversion strategy | Signal: HOLD | Shares held: 0.0 | Last price: $264.45
2026-09-23 18:52:14,372 | [ABBV] ACTION: No trade.
2026-09-23 18:52:14,408 | [ABNB] trending (ADX 50.2) -> trend-following strategy | Signal: HOLD | Shares held: 0.0 | Last price: $151.88
2026-09-23 18:52:14,408 | [ABNB] ACTION: No trade.
2026-09-23 18:52:14,439 | [ABT] choppy/sideways (ADX 12.0) -> mean-reversion strategy | Signal: HOLD | Shares held: 0.0 | Last price: $103.59
2026-09-23 18:52:14,439 | [ABT] ACTION: No trade.
2026-09-23 18:52:14,476 | [ACGL] trending (ADX 26.1) -> trend-following strategy | Signal: SELL | Shares held: 0.0 | Last price: $95.19
2026-09-23 18:52:14,476 | [ACGL] ACTION: No trade.
2026-09-23 18:52:14,522 | [ACN] choppy/sideways (ADX 14.6) -> mean-reversion strategy | Signal: HOLD | Shares held: 0.0 | Last price: $184.75
2026-09-23 18:52:14,522 | [ACN] ACTION: No trade.
2026-09-23 18:52:14,553 | [ADBE] choppy/sideways (ADX 20.6) -> mean-reversion strategy | Signal: HOLD | Shares held: 0.0 | Last price: $240.42
2026-09-23 18:52:14,553 | [ADBE] ACTION: No trade.
2026-09-23 18:52:14,588 | [ADI] choppy/sideways (ADX 18.7) -> mean-reversion strategy | Signal: HOLD | Shares held: 0.0 | Last price: $383.39
2026-09-23 18:52:14,588 | [ADI] ACTION: No trade.
2026-09-23 18:52:14,626 | [ADM] trending (ADX 38.6) -> trend-following strategy | Signal: HOLD | Shares held: 0.0 | Last price: $81.61
2026-09-23 18:52:14,626 | [ADM] ACTION: No trade.
2026-09-23 18:52:14,664 | [ADP] choppy/sideways (ADX 16.3) -> mean-reversion strategy | Signal: HOLD | Shares held: 0.0 | Last price: $265.81
2026-09-23 18:52:14,665 | [ADP] ACTION: No trade.
2026-09-23 18:52:14,704 | [ADSK] choppy/sideways (ADX 16.4) -> mean-reversion strategy | Signal: HOLD | Shares held: 0.0 | Last price: $218.06
2026-09-23 18:52:14,704 | [ADSK] ACTION: No trade.
2026-09-23 18:52:14,745 | [AEE] trending (ADX 42.8) -> trend-following strategy | Signal: HOLD | Shares held: 0.0 | Last price: $99.93
2026-09-23 18:52:14,745 | [AEE] ACTION: No trade.
2026-09-23 18:52:14,782 | [AEP] choppy/sideways (ADX 21.2) -> mean-reversion strategy | Signal: HOLD | Shares held: 0.0 | Last price: $118.71
2026-09-23 18:52:14,782 | [AEP] ACTION: No trade.
2026-09-23 18:52:14,819 | [AES] choppy/sideways (ADX 16.4) -> mean-reversion strategy | Signal: HOLD | Shares held: 0.0 | Last price: $14.82
2026-09-23 18:52:14,819 | [AES] ACTION: No trade.
2026-09-23 18:52:14,855 | [AFL] choppy/sideways (ADX 12.0) -> mean-reversion strategy | Signal: HOLD | Shares held: 0.0 | Last price: $114.93
2026-09-23 18:52:14,855 | [AFL] ACTION: No trade.
2026-09-23 18:52:14,891 | [AIG] choppy/sideways (ADX 14.9) -> mean-reversion strategy | Signal: HOLD | Shares held: 0.0 | Last price: $75.36
2026-09-23 18:52:14,891 | [AIG] ACTION: No trade.
2026-09-23 18:52:14,928 | [AIZ] trending (ADX 31.7) -> trend-following strategy | Signal: HOLD | Shares held: 0.0 | Last price: $270.77
2026-09-23 18:52:14,928 | [AIZ] ACTION: No trade.
2026-09-23 18:52:14,965 | [AJG] choppy/sideways (ADX 19.2) -> mean-reversion strategy | Signal: HOLD | Shares held: 0.0 | Last price: $229.00
2026-09-23 18:52:14,965 | [AJG] ACTION: No trade.
2026-09-23 18:52:15,003 | [AKAM] choppy/sideways (ADX 20.2) -> mean-reversion strategy | Signal: HOLD | Shares held: 0.0 | Last price: $117.93
2026-09-23 18:52:15,004 | [AKAM] ACTION: No trade.
2026-09-23 18:52:15,039 | [ALB] choppy/sideways (ADX 15.1) -> mean-reversion strategy | Signal: HOLD | Shares held: 0.0 | Last price: $114.80
2026-09-23 18:52:15,039 | [ALB] ACTION: No trade.
2026-09-23 18:52:15,075 | [ALGN] trending (ADX 32.8) -> trend-following strategy | Signal: HOLD | Shares held: 0.0 | Last price: $147.45
2026-09-23 18:52:15,075 | [ALGN] ACTION: No trade.
2026-09-23 18:52:15,113 | [ALKT] trending (ADX 56.0) -> trend-following strategy | Signal: HOLD | Shares held: 0.0 | Last price: $14.51
2026-09-23 18:52:15,113 | [ALKT] ACTION: No trade.
2026-09-23 18:52:15,149 | [ALL] choppy/sideways (ADX 21.4) -> mean-reversion strategy | Signal: HOLD | Shares held: 0.0 | Last price: $227.46
2026-09-23 18:52:15,149 | [ALL] ACTION: No trade.
2026-09-23 18:52:15,186 | [ALLE] trending (ADX 51.3) -> trend-following strategy | Signal: HOLD | Shares held: 0.0 | Last price: $154.44
2026-09-23 18:52:15,186 | [ALLE] ACTION: No trade.
2026-09-23 18:52:15,216 | [AMAT] choppy/sideways (ADX 15.2) -> mean-reversion strategy | Signal: HOLD | Shares held: 0.0 | Last price: $474.24
2026-09-23 18:52:15,216 | [AMAT] ACTION: No trade.
2026-09-23 18:52:15,255 | [AMCR] choppy/sideways (ADX 12.6) -> mean-reversion strategy | Signal: HOLD | Shares held: 0.0 | Last price: $42.90
2026-09-23 18:52:15,255 | [AMCR] ACTION: No trade.
2026-09-23 18:52:15,285 | [AMD] choppy/sideways (ADX 17.7) -> mean-reversion strategy | Signal: HOLD | Shares held: 0.0 | Last price: $614.06
2026-09-23 18:52:15,285 | [AMD] ACTION: No trade.
2026-09-23 18:52:15,324 | [AME] choppy/sideways (ADX 23.2) -> mean-reversion strategy | Signal: HOLD | Shares held: 0.0 | Last price: $246.39
2026-09-23 18:52:15,324 | [AME] ACTION: No trade.
2026-09-23 18:52:15,362 | [AMGN] choppy/sideways (ADX 20.4) -> mean-reversion strategy | Signal: HOLD | Shares held: 0.0 | Last price: $406.90
2026-09-23 18:52:15,362 | [AMGN] ACTION: No trade.
2026-09-23 18:52:15,401 | [AMP] choppy/sideways (ADX 20.3) -> mean-reversion strategy | Signal: HOLD | Shares held: 0.0 | Last price: $505.22
2026-09-23 18:52:15,401 | [AMP] ACTION: No trade.
2026-09-23 18:52:15,438 | [AMT] trending (ADX 27.0) -> trend-following strategy | Signal: HOLD | Shares held: 0.0 | Last price: $171.47
2026-09-23 18:52:15,438 | [AMT] ACTION: No trade.
2026-09-23 18:52:15,468 | [AMZN] trending (ADX 35.4) -> trend-following strategy | Signal: HOLD | Shares held: 0.0 | Last price: $249.72
2026-09-23 18:52:15,468 | [AMZN] ACTION: No trade.
2026-09-23 18:52:15,505 | [ANET] choppy/sideways (ADX 16.0) -> mean-reversion strategy | Signal: HOLD | Shares held: 0.0 | Last price: $203.56
2026-09-23 18:52:15,505 | [ANET] ACTION: No trade.
2026-09-23 18:52:15,540 | [AON] trending (ADX 44.6) -> trend-following strategy | Signal: HOLD | Shares held: 0.0 | Last price: $281.95
2026-09-23 18:52:15,540 | [AON] ACTION: No trade.
2026-09-23 18:52:15,577 | [APA] choppy/sideways (ADX 19.2) -> mean-reversion strategy | Signal: HOLD | Shares held: 0.0 | Last price: $43.65
2026-09-23 18:52:15,577 | [APA] ACTION: No trade.
2026-09-23 18:52:15,614 | [APD] choppy/sideways (ADX 17.9) -> mean-reversion strategy | Signal: HOLD | Shares held: 0.0 | Last price: $286.30
2026-09-23 18:52:15,614 | [APD] ACTION: No trade.
2026-09-23 18:52:15,650 | [APH] choppy/sideways (ADX 14.6) -> mean-reversion strategy | Signal: HOLD | Shares held: 0.0 | Last price: $82.27
2026-09-23 18:52:15,650 | [APH] ACTION: No trade.
2026-09-23 18:52:15,687 | [APO] choppy/sideways (ADX 24.2) -> mean-reversion strategy | Signal: HOLD | Shares held: 0.0 | Last price: $124.46
2026-09-23 18:52:15,687 | [APO] ACTION: No trade.
2026-09-23 18:52:15,724 | [APP] trending (ADX 29.7) -> trend-following strategy | Signal: HOLD | Shares held: 0.0 | Last price: $313.83
2026-09-23 18:52:15,724 | [APP] ACTION: No trade.
2026-09-23 18:52:15,760 | [APTV] choppy/sideways (ADX 13.5) -> mean-reversion strategy | Signal: HOLD | Shares held: 0.0 | Last price: $45.13
2026-09-23 18:52:15,760 | [APTV] ACTION: No trade.
2026-09-23 18:52:15,797 | [ARES] trending (ADX 29.9) -> trend-following strategy | Signal: HOLD | Shares held: 0.0 | Last price: $121.92
2026-09-23 18:52:15,797 | [ARES] ACTION: No trade.
2026-09-23 18:52:15,835 | [ATO] trending (ADX 36.1) -> trend-following strategy | Signal: HOLD | Shares held: 0.0 | Last price: $156.22
2026-09-23 18:52:15,836 | [ATO] ACTION: No trade.
2026-09-23 18:52:15,866 | [AVGO] trending (ADX 39.7) -> trend-following strategy | Signal: HOLD | Shares held: 0.0 | Last price: $354.98
2026-09-23 18:52:15,866 | [AVGO] ACTION: No trade.
2026-09-23 18:52:15,904 | [AVY] trending (ADX 27.0) -> trend-following strategy | Signal: HOLD | Shares held: 0.0 | Last price: $172.74
2026-09-23 18:52:15,904 | [AVY] ACTION: No trade.
2026-09-23 18:52:15,941 | [AWK] choppy/sideways (ADX 15.5) -> mean-reversion strategy | Signal: HOLD | Shares held: 0.0 | Last price: $133.76
2026-09-23 18:52:15,941 | [AWK] ACTION: No trade.
2026-09-23 18:52:15,977 | [AXON] choppy/sideways (ADX 16.9) -> mean-reversion strategy | Signal: HOLD | Shares held: 0.0 | Last price: $450.94
2026-09-23 18:52:15,977 | [AXON] ACTION: No trade.
2026-09-23 18:52:16,008 | [AXP] trending (ADX 38.8) -> trend-following strategy | Signal: HOLD | Shares held: 0.0 | Last price: $302.02
2026-09-23 18:52:16,008 | [AXP] ACTION: No trade.
2026-09-23 18:52:16,045 | [AZO] choppy/sideways (ADX 20.5) -> mean-reversion strategy | Signal: HOLD | Shares held: 0.0 | Last price: $2875.65
2026-09-23 18:52:16,045 | [AZO] ACTION: No trade.
2026-09-23 18:52:16,075 | [BA] trending (ADX 26.6) -> trend-following strategy | Signal: HOLD | Shares held: 0.0 | Last price: $200.86
2026-09-23 18:52:16,075 | [BA] ACTION: No trade.
2026-09-23 18:52:16,106 | [BAC] trending (ADX 38.5) -> trend-following strategy | Signal: HOLD | Shares held: 0.0 | Last price: $55.95
2026-09-23 18:52:16,106 | [BAC] ACTION: No trade.
2026-09-23 18:52:16,141 | [BALL] choppy/sideways (ADX 22.4) -> mean-reversion strategy | Signal: HOLD | Shares held: 0.0 | Last price: $59.14
2026-09-23 18:52:16,141 | [BALL] ACTION: No trade.
2026-09-23 18:52:16,177 | [BAX] trending (ADX 29.2) -> trend-following strategy | Signal: HOLD | Shares held: 0.0 | Last price: $23.57
2026-09-23 18:52:16,178 | [BAX] ACTION: No trade.
2026-09-23 18:52:16,214 | [BBY] trending (ADX 37.5) -> trend-following strategy | Signal: HOLD | Shares held: 0.0 | Last price: $91.50
2026-09-23 18:52:16,214 | [BBY] ACTION: No trade.
2026-09-23 18:52:16,253 | [BDX] choppy/sideways (ADX 18.0) -> mean-reversion strategy | Signal: HOLD | Shares held: 0.0 | Last price: $182.15
2026-09-23 18:52:16,253 | [BDX] ACTION: No trade.
2026-09-23 18:52:16,289 | [BE] choppy/sideways (ADX 13.3) -> mean-reversion strategy | Signal: HOLD | Shares held: 0.0 | Last price: $273.81
2026-09-23 18:52:16,289 | [BE] ACTION: No trade.
2026-09-23 18:52:16,326 | [BEN] choppy/sideways (ADX 12.1) -> mean-reversion strategy | Signal: HOLD | Shares held: 0.0 | Last price: $32.87
2026-09-23 18:52:16,326 | [BEN] ACTION: No trade.
2026-09-23 18:52:16,362 | [BG] trending (ADX 28.3) -> trend-following strategy | Signal: HOLD | Shares held: 0.0 | Last price: $110.68
2026-09-23 18:52:16,362 | [BG] ACTION: No trade.
2026-09-23 18:52:16,398 | [BIIB] choppy/sideways (ADX 15.8) -> mean-reversion strategy | Signal: HOLD | Shares held: 0.0 | Last price: $222.77
2026-09-23 18:52:16,398 | [BIIB] ACTION: No trade.
2026-09-23 18:52:16,429 | [BKNG] choppy/sideways (ADX 15.3) -> mean-reversion strategy | Signal: HOLD | Shares held: 0.0 | Last price: $156.72
2026-09-23 18:52:16,429 | [BKNG] ACTION: No trade.
2026-09-23 18:52:16,480 | [BKR] choppy/sideways (ADX 20.8) -> mean-reversion strategy | Signal: HOLD | Shares held: 0.0 | Last price: $57.84
2026-09-23 18:52:16,481 | [BKR] ACTION: No trade.
2026-09-23 18:52:16,517 | [BLK] choppy/sideways (ADX 17.9) -> mean-reversion strategy | Signal: HOLD | Shares held: 0.0 | Last price: $1061.80
2026-09-23 18:52:16,517 | [BLK] ACTION: No trade.
2026-09-23 18:52:16,555 | [BMY] trending (ADX 34.3) -> trend-following strategy | Signal: HOLD | Shares held: 0.0 | Last price: $61.24
2026-09-23 18:52:16,555 | [BMY] ACTION: No trade.
2026-09-23 18:52:16,593 | [BNY] choppy/sideways (ADX 19.1) -> mean-reversion strategy | Signal: HOLD | Shares held: 0.0 | Last price: $150.26
2026-09-23 18:52:16,593 | [BNY] ACTION: No trade.
2026-09-23 18:52:16,630 | [BR] choppy/sideways (ADX 13.3) -> mean-reversion strategy | Signal: HOLD | Shares held: 0.0 | Last price: $163.90
2026-09-23 18:52:16,630 | [BR] ACTION: No trade.
2026-09-23 18:52:16,669 | [BRK.B] trending (ADX 32.5) -> trend-following strategy | Signal: HOLD | Shares held: 0.0 | Last price: $509.08
2026-09-23 18:52:16,669 | [BRK.B] ACTION: No trade.
2026-09-23 18:52:16,709 | [BRO] choppy/sideways (ADX 22.8) -> mean-reversion strategy | Signal: HOLD | Shares held: 0.0 | Last price: $61.84
2026-09-23 18:52:16,709 | [BRO] ACTION: No trade.
2026-09-23 18:52:16,747 | [BSX] trending (ADX 29.8) -> trend-following strategy | Signal: HOLD | Shares held: 0.0 | Last price: $44.30
2026-09-23 18:52:16,747 | [BSX] ACTION: No trade.
2026-09-23 18:52:16,787 | [BX] trending (ADX 44.2) -> trend-following strategy | Signal: HOLD | Shares held: 0.0 | Last price: $119.92
2026-09-23 18:52:16,787 | [BX] ACTION: No trade.
2026-09-23 18:52:16,825 | [BXP] choppy/sideways (ADX 23.6) -> mean-reversion strategy | Signal: HOLD | Shares held: 0.0 | Last price: $62.71
2026-09-23 18:52:16,825 | [BXP] ACTION: No trade.
2026-09-23 18:52:16,855 | [C] choppy/sideways (ADX 11.4) -> mean-reversion strategy | Signal: HOLD | Shares held: 0.0 | Last price: $132.58
2026-09-23 18:52:16,855 | [C] ACTION: No trade.
2026-09-23 18:52:16,892 | [CAH] choppy/sideways (ADX 15.2) -> mean-reversion strategy | Signal: HOLD | Shares held: 0.0 | Last price: $222.71
2026-09-23 18:52:16,892 | [CAH] ACTION: No trade.
2026-09-23 18:52:16,927 | [CARR] choppy/sideways (ADX 11.0) -> mean-reversion strategy | Signal: HOLD | Shares held: 0.0 | Last price: $55.40
2026-09-23 18:52:16,927 | [CARR] ACTION: No trade.
2026-09-23 18:52:16,964 | [CASY] trending (ADX 30.9) -> trend-following strategy | Signal: HOLD | Shares held: 0.0 | Last price: $600.54
2026-09-23 18:52:16,964 | [CASY] ACTION: No trade.
2026-09-23 18:52:16,994 | [CAT] choppy/sideways (ADX 12.5) -> mean-reversion strategy | Signal: HOLD | Shares held: 0.0 | Last price: $809.50
2026-09-23 18:52:16,994 | [CAT] ACTION: No trade.
2026-09-23 18:52:17,039 | [CB] choppy/sideways (ADX 20.7) -> mean-reversion strategy | Signal: HOLD | Shares held: 0.0 | Last price: $335.08
2026-09-23 18:52:17,039 | [CB] ACTION: No trade.
2026-09-23 18:52:17,076 | [CBOE] choppy/sideways (ADX 22.0) -> mean-reversion strategy | Signal: HOLD | Shares held: 0.0 | Last price: $271.71
2026-09-23 18:52:17,076 | [CBOE] ACTION: No trade.
2026-09-23 18:52:17,113 | [CBRE] trending (ADX 37.0) -> trend-following strategy | Signal: HOLD | Shares held: 0.0 | Last price: $135.40
2026-09-23 18:52:17,113 | [CBRE] ACTION: No trade.
2026-09-23 18:52:17,156 | [CCI] trending (ADX 36.7) -> trend-following strategy | Signal: HOLD | Shares held: 0.0 | Last price: $70.67
2026-09-23 18:52:17,157 | [CCI] ACTION: No trade.
2026-09-23 18:52:17,195 | [CCL] choppy/sideways (ADX 16.5) -> mean-reversion strategy | Signal: HOLD | Shares held: 0.0 | Last price: $21.84
2026-09-23 18:52:17,196 | [CCL] ACTION: No trade.
2026-09-23 18:52:17,232 | [CDNS] trending (ADX 59.9) -> trend-following strategy | Signal: HOLD | Shares held: 0.0 | Last price: $312.57
2026-09-23 18:52:17,232 | [CDNS] ACTION: No trade.
2026-09-23 18:52:17,268 | [CDW] choppy/sideways (ADX 14.1) -> mean-reversion strategy | Signal: HOLD | Shares held: 0.0 | Last price: $146.67
2026-09-23 18:52:17,268 | [CDW] ACTION: No trade.
2026-09-23 18:52:17,306 | [CEG] choppy/sideways (ADX 18.9) -> mean-reversion strategy | Signal: HOLD | Shares held: 0.0 | Last price: $262.86
2026-09-23 18:52:17,306 | [CEG] ACTION: No trade.
2026-09-23 18:52:17,342 | [CF] choppy/sideways (ADX 17.4) -> mean-reversion strategy | Signal: HOLD | Shares held: 0.0 | Last price: $121.05
2026-09-23 18:52:17,342 | [CF] ACTION: No trade.
2026-09-23 18:52:17,377 | [CFG] trending (ADX 26.1) -> trend-following strategy | Signal: HOLD | Shares held: 0.0 | Last price: $65.12
2026-09-23 18:52:17,377 | [CFG] ACTION: No trade.
2026-09-23 18:52:17,414 | [CHD] choppy/sideways (ADX 16.7) -> mean-reversion strategy | Signal: HOLD | Shares held: 0.0 | Last price: $96.27
2026-09-23 18:52:17,414 | [CHD] ACTION: No trade.
2026-09-23 18:52:17,450 | [CHRW] choppy/sideways (ADX 13.5) -> mean-reversion strategy | Signal: HOLD | Shares held: 0.0 | Last price: $150.49
2026-09-23 18:52:17,450 | [CHRW] ACTION: No trade.
2026-09-23 18:52:17,486 | [CHTR] choppy/sideways (ADX 19.3) -> mean-reversion strategy | Signal: HOLD | Shares held: 0.0 | Last price: $119.00
2026-09-23 18:52:17,486 | [CHTR] ACTION: No trade.
2026-09-23 18:52:17,523 | [CI] trending (ADX 45.0) -> trend-following strategy | Signal: HOLD | Shares held: 0.0 | Last price: $268.58
2026-09-23 18:52:17,523 | [CI] ACTION: No trade.
2026-09-23 18:52:17,565 | [CIEN] trending (ADX 25.3) -> trend-following strategy | Signal: HOLD | Shares held: 0.0 | Last price: $357.45
2026-09-23 18:52:17,565 | [CIEN] ACTION: No trade.
2026-09-23 18:52:17,607 | [CINF] trending (ADX 35.1) -> trend-following strategy | Signal: HOLD | Shares held: 0.0 | Last price: $163.38
2026-09-23 18:52:17,607 | [CINF] ACTION: No trade.
2026-09-23 18:52:17,644 | [CL] trending (ADX 26.6) -> trend-following strategy | Signal: HOLD | Shares held: 0.0 | Last price: $86.31
2026-09-23 18:52:17,644 | [CL] ACTION: No trade.
2026-09-23 18:52:17,680 | [CLX] trending (ADX 27.0) -> trend-following strategy | Signal: HOLD | Shares held: 0.0 | Last price: $84.92
2026-09-23 18:52:17,680 | [CLX] ACTION: No trade.
2026-09-23 18:52:17,716 | [CMCSA] choppy/sideways (ADX 20.1) -> mean-reversion strategy | Signal: HOLD | Shares held: 0.0 | Last price: $22.66
2026-09-23 18:52:17,716 | [CMCSA] ACTION: No trade.
2026-09-23 18:52:17,756 | [CME] choppy/sideways (ADX 18.2) -> mean-reversion strategy | Signal: HOLD | Shares held: 0.0 | Last price: $272.99
2026-09-23 18:52:17,756 | [CME] ACTION: No trade.
2026-09-23 18:52:17,792 | [CMG] choppy/sideways (ADX 15.3) -> mean-reversion strategy | Signal: HOLD | Shares held: 0.0 | Last price: $32.80
2026-09-23 18:52:17,792 | [CMG] ACTION: No trade.
2026-09-23 18:52:17,829 | [CMI] choppy/sideways (ADX 14.9) -> mean-reversion strategy | Signal: HOLD | Shares held: 0.0 | Last price: $522.11
2026-09-23 18:52:17,829 | [CMI] ACTION: No trade.
2026-09-23 18:52:17,865 | [CMS] trending (ADX 40.9) -> trend-following strategy | Signal: HOLD | Shares held: 0.0 | Last price: $63.18
2026-09-23 18:52:17,865 | [CMS] ACTION: No trade.
2026-09-23 18:52:17,901 | [CNC] trending (ADX 30.8) -> trend-following strategy | Signal: HOLD | Shares held: 0.0 | Last price: $62.34
2026-09-23 18:52:17,901 | [CNC] ACTION: No trade.
2026-09-23 18:52:17,938 | [CNP] trending (ADX 40.8) -> trend-following strategy | Signal: HOLD | Shares held: 0.0 | Last price: $37.16
2026-09-23 18:52:17,938 | [CNP] ACTION: No trade.
2026-09-23 18:52:17,977 | [COF] trending (ADX 35.5) -> trend-following strategy | Signal: HOLD | Shares held: 0.0 | Last price: $196.59
2026-09-23 18:52:17,977 | [COF] ACTION: No trade.
2026-09-23 18:52:18,013 | [COHR] trending (ADX 28.8) -> trend-following strategy | Signal: HOLD | Shares held: 0.0 | Last price: $301.18
2026-09-23 18:52:18,013 | [COHR] ACTION: No trade.
2026-09-23 18:52:18,043 | [COIN] trending (ADX 42.1) -> trend-following strategy | Signal: HOLD | Shares held: 0.0 | Last price: $198.54
2026-09-23 18:52:18,044 | [COIN] ACTION: No trade.
2026-09-23 18:52:18,080 | [COO] choppy/sideways (ADX 12.5) -> mean-reversion strategy | Signal: HOLD | Shares held: 0.0 | Last price: $55.49
2026-09-23 18:52:18,080 | [COO] ACTION: No trade.
2026-09-23 18:52:18,110 | [COP] choppy/sideways (ADX 21.8) -> mean-reversion strategy | Signal: HOLD | Shares held: 0.0 | Last price: $128.22
2026-09-23 18:52:18,110 | [COP] ACTION: No trade.
2026-09-23 18:52:18,148 | [COR] choppy/sideways (ADX 19.1) -> mean-reversion strategy | Signal: HOLD | Shares held: 0.0 | Last price: $312.55
2026-09-23 18:52:18,148 | [COR] ACTION: No trade.
2026-09-23 18:52:18,178 | [COST] choppy/sideways (ADX 19.7) -> mean-reversion strategy | Signal: HOLD | Shares held: 0.0 | Last price: $903.59
2026-09-23 18:52:18,179 | [COST] ACTION: No trade.
2026-09-23 18:52:18,215 | [CPAY] choppy/sideways (ADX 17.0) -> mean-reversion strategy | Signal: HOLD | Shares held: 0.0 | Last price: $395.83
2026-09-23 18:52:18,215 | [CPAY] ACTION: No trade.
2026-09-23 18:52:18,256 | [CPRT] choppy/sideways (ADX 20.9) -> mean-reversion strategy | Signal: HOLD | Shares held: 0.0 | Last price: $28.43
2026-09-23 18:52:18,256 | [CPRT] ACTION: No trade.
2026-09-23 18:52:18,294 | [CPT] choppy/sideways (ADX 18.1) -> mean-reversion strategy | Signal: HOLD | Shares held: 0.0 | Last price: $98.41
2026-09-23 18:52:18,294 | [CPT] ACTION: No trade.
2026-09-23 18:52:18,332 | [CRH] choppy/sideways (ADX 23.9) -> mean-reversion strategy | Signal: HOLD | Shares held: 0.0 | Last price: $85.73
2026-09-23 18:52:18,333 | [CRH] ACTION: No trade.
2026-09-23 18:52:18,370 | [CRL] trending (ADX 30.7) -> trend-following strategy | Signal: HOLD | Shares held: 0.0 | Last price: $277.30
2026-09-23 18:52:18,370 | [CRL] ACTION: No trade.
2026-09-23 18:52:18,401 | [CRM] trending (ADX 46.9) -> trend-following strategy | Signal: HOLD | Shares held: 0.0 | Last price: $240.12
2026-09-23 18:52:18,401 | [CRM] ACTION: No trade.
2026-09-23 18:52:18,455 | [CRWD] trending (ADX 45.0) -> trend-following strategy | Signal: HOLD | Shares held: 0.0 | Last price: $261.11
2026-09-23 18:52:18,455 | [CRWD] ACTION: No trade.
2026-09-23 18:52:18,486 | [CSCO] choppy/sideways (ADX 19.8) -> mean-reversion strategy | Signal: HOLD | Shares held: 0.0 | Last price: $106.55
2026-09-23 18:52:18,486 | [CSCO] ACTION: No trade.
2026-09-23 18:52:18,521 | [CSGP] choppy/sideways (ADX 24.4) -> mean-reversion strategy | Signal: HOLD | Shares held: 0.0 | Last price: $27.99
2026-09-23 18:52:18,521 | [CSGP] ACTION: No trade.
2026-09-23 18:52:18,557 | [CSX] trending (ADX 31.1) -> trend-following strategy | Signal: HOLD | Shares held: 0.0 | Last price: $47.28
2026-09-23 18:52:18,557 | [CSX] ACTION: No trade.
2026-09-23 18:52:18,593 | [CTAS] choppy/sideways (ADX 24.5) -> mean-reversion strategy | Signal: HOLD | Shares held: 0.0 | Last price: $195.56
2026-09-23 18:52:18,593 | [CTAS] ACTION: No trade.
2026-09-23 18:52:18,629 | [CTSH] choppy/sideways (ADX 24.8) -> mean-reversion strategy | Signal: HOLD | Shares held: 0.0 | Last price: $59.26
2026-09-23 18:52:18,629 | [CTSH] ACTION: No trade.
2026-09-23 18:52:18,665 | [CTVA] choppy/sideways (ADX 12.8) -> mean-reversion strategy | Signal: HOLD | Shares held: 0.0 | Last price: $81.02
2026-09-23 18:52:18,665 | [CTVA] ACTION: No trade.
2026-09-23 18:52:18,702 | [CVNA] choppy/sideways (ADX 20.1) -> mean-reversion strategy | Signal: HOLD | Shares held: 0.0 | Last price: $64.51
2026-09-23 18:52:18,702 | [CVNA] ACTION: No trade.
2026-09-23 18:52:18,742 | [CVS] trending (ADX 35.2) -> trend-following strategy | Signal: HOLD | Shares held: 0.0 | Last price: $85.92
2026-09-23 18:52:18,743 | [CVS] ACTION: No trade.
2026-09-23 18:52:18,774 | [CVX] choppy/sideways (ADX 17.0) -> mean-reversion strategy | Signal: HOLD | Shares held: 0.0 | Last price: $204.97
2026-09-23 18:52:18,774 | [CVX] ACTION: No trade.
2026-09-23 18:52:18,812 | [D] trending (ADX 42.3) -> trend-following strategy | Signal: HOLD | Shares held: 0.0 | Last price: $61.23
2026-09-23 18:52:18,812 | [D] ACTION: No trade.
2026-09-23 18:52:18,848 | [DAL] choppy/sideways (ADX 13.5) -> mean-reversion strategy | Signal: HOLD | Shares held: 0.0 | Last price: $82.09
2026-09-23 18:52:18,848 | [DAL] ACTION: No trade.
2026-09-23 18:52:18,885 | [DASH] choppy/sideways (ADX 22.0) -> mean-reversion strategy | Signal: HOLD | Shares held: 0.0 | Last price: $187.56
2026-09-23 18:52:18,885 | [DASH] ACTION: No trade.
2026-09-23 18:52:18,921 | [DD] choppy/sideways (ADX 14.1) -> mean-reversion strategy | Signal: HOLD | Shares held: 0.0 | Last price: $131.16
2026-09-23 18:52:18,921 | [DD] ACTION: No trade.
2026-09-23 18:52:18,958 | [DDOG] trending (ADX 37.2) -> trend-following strategy | Signal: HOLD | Shares held: 0.0 | Last price: $252.19
2026-09-23 18:52:18,958 | [DDOG] ACTION: No trade.
2026-09-23 18:52:18,994 | [DE] trending (ADX 25.4) -> trend-following strategy | Signal: SELL | Shares held: 0.0 | Last price: $705.62
2026-09-23 18:52:18,994 | [DE] ACTION: No trade.
2026-09-23 18:52:19,033 | [DECK] choppy/sideways (ADX 16.3) -> mean-reversion strategy | Signal: HOLD | Shares held: 0.0 | Last price: $78.73
2026-09-23 18:52:19,034 | [DECK] ACTION: No trade.
2026-09-23 18:52:19,074 | [DELL] choppy/sideways (ADX 17.9) -> mean-reversion strategy | Signal: HOLD | Shares held: 0.0 | Last price: $547.62
2026-09-23 18:52:19,074 | [DELL] ACTION: No trade.
2026-09-23 18:52:19,111 | [DG] trending (ADX 27.6) -> trend-following strategy | Signal: HOLD | Shares held: 0.0 | Last price: $120.77
2026-09-23 18:52:19,111 | [DG] ACTION: No trade.
2026-09-23 18:52:19,148 | [DGX] trending (ADX 34.7) -> trend-following strategy | Signal: HOLD | Shares held: 0.0 | Last price: $232.87
2026-09-23 18:52:19,148 | [DGX] ACTION: No trade.
2026-09-23 18:52:19,184 | [DHI] choppy/sideways (ADX 17.3) -> mean-reversion strategy | Signal: HOLD | Shares held: 0.0 | Last price: $140.83
2026-09-23 18:52:19,184 | [DHI] ACTION: No trade.
2026-09-23 18:52:19,214 | [DHR] choppy/sideways (ADX 18.4) -> mean-reversion strategy | Signal: HOLD | Shares held: 0.0 | Last price: $220.71
2026-09-23 18:52:19,214 | [DHR] ACTION: No trade.
2026-09-23 18:52:19,245 | [DIS] choppy/sideways (ADX 15.8) -> mean-reversion strategy | Signal: HOLD | Shares held: 0.0 | Last price: $103.53
2026-09-23 18:52:19,245 | [DIS] ACTION: No trade.
2026-09-23 18:52:19,282 | [DLR] trending (ADX 36.9) -> trend-following strategy | Signal: HOLD | Shares held: 0.0 | Last price: $182.71
2026-09-23 18:52:19,282 | [DLR] ACTION: No trade.
2026-09-23 18:52:19,320 | [DLTR] trending (ADX 30.9) -> trend-following strategy | Signal: HOLD | Shares held: 0.0 | Last price: $112.90
2026-09-23 18:52:19,321 | [DLTR] ACTION: No trade.
2026-09-23 18:52:19,356 | [DOC] choppy/sideways (ADX 11.0) -> mean-reversion strategy | Signal: HOLD | Shares held: 0.0 | Last price: $20.73
2026-09-23 18:52:19,356 | [DOC] ACTION: No trade.
2026-09-23 18:52:19,392 | [DOV] trending (ADX 39.9) -> trend-following strategy | Signal: HOLD | Shares held: 0.0 | Last price: $189.36
2026-09-23 18:52:19,392 | [DOV] ACTION: No trade.
2026-09-23 18:52:19,427 | [DOW] choppy/sideways (ADX 24.6) -> mean-reversion strategy | Signal: HOLD | Shares held: 0.0 | Last price: $28.69
2026-09-23 18:52:19,427 | [DOW] ACTION: No trade.
2026-09-23 18:52:19,464 | [DPZ] choppy/sideways (ADX 15.7) -> mean-reversion strategy | Signal: HOLD | Shares held: 0.0 | Last price: $294.43
2026-09-23 18:52:19,464 | [DPZ] ACTION: No trade.
2026-09-23 18:52:19,503 | [DRI] choppy/sideways (ADX 20.3) -> mean-reversion strategy | Signal: HOLD | Shares held: 0.0 | Last price: $215.20
2026-09-23 18:52:19,503 | [DRI] ACTION: No trade.
2026-09-23 18:52:19,539 | [DTE] trending (ADX 56.9) -> trend-following strategy | Signal: HOLD | Shares held: 0.0 | Last price: $122.67
2026-09-23 18:52:19,539 | [DTE] ACTION: No trade.
2026-09-23 18:52:19,575 | [DUK] trending (ADX 42.4) -> trend-following strategy | Signal: HOLD | Shares held: 0.0 | Last price: $114.43
2026-09-23 18:52:19,576 | [DUK] ACTION: No trade.
2026-09-23 18:52:19,612 | [DVA] choppy/sideways (ADX 15.3) -> mean-reversion strategy | Signal: HOLD | Shares held: 0.0 | Last price: $183.38
2026-09-23 18:52:19,612 | [DVA] ACTION: No trade.
2026-09-23 18:52:19,651 | [DVN] trending (ADX 25.1) -> trend-following strategy | Signal: HOLD | Shares held: 0.0 | Last price: $48.37
2026-09-23 18:52:19,651 | [DVN] ACTION: No trade.
2026-09-23 18:52:19,688 | [DXCM] trending (ADX 38.6) -> trend-following strategy | Signal: HOLD | Shares held: 0.0 | Last price: $87.78
2026-09-23 18:52:19,688 | [DXCM] ACTION: No trade.
2026-09-23 18:52:19,724 | [EBAY] choppy/sideways (ADX 17.8) -> mean-reversion strategy | Signal: HOLD | Shares held: 0.0 | Last price: $110.19
2026-09-23 18:52:19,725 | [EBAY] ACTION: No trade.
2026-09-23 18:52:19,767 | [ECHO] trending (ADX 32.0) -> trend-following strategy | Signal: HOLD | Shares held: 0.0 | Last price: $93.64
2026-09-23 18:52:19,767 | [ECHO] ACTION: No trade.
2026-09-23 18:52:19,803 | [ECL] choppy/sideways (ADX 21.9) -> mean-reversion strategy | Signal: HOLD | Shares held: 0.0 | Last price: $276.77
2026-09-23 18:52:19,803 | [ECL] ACTION: No trade.
2026-09-23 18:52:19,840 | [ED] trending (ADX 36.2) -> trend-following strategy | Signal: HOLD | Shares held: 0.0 | Last price: $102.87
2026-09-23 18:52:19,840 | [ED] ACTION: No trade.
2026-09-23 18:52:19,875 | [EFX] choppy/sideways (ADX 20.8) -> mean-reversion strategy | Signal: HOLD | Shares held: 0.0 | Last price: $155.88
2026-09-23 18:52:19,875 | [EFX] ACTION: No trade.
2026-09-23 18:52:19,913 | [EG] trending (ADX 26.4) -> trend-following strategy | Signal: HOLD | Shares held: 0.0 | Last price: $372.46
2026-09-23 18:52:19,913 | [EG] ACTION: No trade.
2026-09-23 18:52:19,949 | [EIX] trending (ADX 37.4) -> trend-following strategy | Signal: HOLD | Shares held: 0.0 | Last price: $53.66
2026-09-23 18:52:19,949 | [EIX] ACTION: No trade.
2026-09-23 18:52:19,985 | [EL] choppy/sideways (ADX 16.3) -> mean-reversion strategy | Signal: HOLD | Shares held: 0.0 | Last price: $98.76
2026-09-23 18:52:19,985 | [EL] ACTION: No trade.
2026-09-23 18:52:20,022 | [ELV] trending (ADX 31.2) -> trend-following strategy | Signal: HOLD | Shares held: 0.0 | Last price: $397.87
2026-09-23 18:52:20,022 | [ELV] ACTION: No trade.
2026-09-23 18:52:20,058 | [EME] choppy/sideways (ADX 19.6) -> mean-reversion strategy | Signal: HOLD | Shares held: 0.0 | Last price: $757.85
2026-09-23 18:52:20,058 | [EME] ACTION: No trade.
2026-09-23 18:52:20,095 | [EMR] choppy/sideways (ADX 21.0) -> mean-reversion strategy | Signal: HOLD | Shares held: 0.0 | Last price: $155.13
2026-09-23 18:52:20,095 | [EMR] ACTION: No trade.
2026-09-23 18:52:20,132 | [EOG] choppy/sideways (ADX 16.5) -> mean-reversion strategy | Signal: HOLD | Shares held: 0.0 | Last price: $141.66
2026-09-23 18:52:20,132 | [EOG] ACTION: No trade.
2026-09-23 18:52:20,169 | [EQIX] trending (ADX 34.1) -> trend-following strategy | Signal: HOLD | Shares held: 0.0 | Last price: $1038.99
2026-09-23 18:52:20,169 | [EQIX] ACTION: No trade.
2026-09-23 18:52:20,206 | [EQT] choppy/sideways (ADX 22.4) -> mean-reversion strategy | Signal: HOLD | Shares held: 0.0 | Last price: $51.05
2026-09-23 18:52:20,206 | [EQT] ACTION: No trade.
2026-09-23 18:52:20,242 | [ES] trending (ADX 51.2) -> trend-following strategy | Signal: HOLD | Shares held: 0.0 | Last price: $64.86
2026-09-23 18:52:20,242 | [ES] ACTION: No trade.
2026-09-23 18:52:20,278 | [ESS] choppy/sideways (ADX 18.2) -> mean-reversion strategy | Signal: HOLD | Shares held: 0.0 | Last price: $273.82
2026-09-23 18:52:20,278 | [ESS] ACTION: No trade.
2026-09-23 18:52:20,315 | [ETN] choppy/sideways (ADX 22.4) -> mean-reversion strategy | Signal: HOLD | Shares held: 0.0 | Last price: $437.52
2026-09-23 18:52:20,315 | [ETN] ACTION: No trade.
2026-09-23 18:52:20,352 | [ETR] trending (ADX 42.9) -> trend-following strategy | Signal: HOLD | Shares held: 0.0 | Last price: $99.14
2026-09-23 18:52:20,352 | [ETR] ACTION: No trade.
2026-09-23 18:52:20,390 | [EVRG] trending (ADX 35.1) -> trend-following strategy | Signal: HOLD | Shares held: 0.0 | Last price: $78.43
2026-09-23 18:52:20,390 | [EVRG] ACTION: No trade.
2026-09-23 18:52:20,428 | [EW] trending (ADX 41.4) -> trend-following strategy | Signal: HOLD | Shares held: 0.0 | Last price: $86.54
2026-09-23 18:52:20,428 | [EW] ACTION: No trade.
2026-09-23 18:52:20,468 | [EXC] trending (ADX 53.2) -> trend-following strategy | Signal: HOLD | Shares held: 0.0 | Last price: $40.69
2026-09-23 18:52:20,468 | [EXC] ACTION: No trade.
2026-09-23 18:52:20,504 | [EXE] choppy/sideways (ADX 8.4) -> mean-reversion strategy | Signal: HOLD | Shares held: 0.0 | Last price: $87.59
2026-09-23 18:52:20,504 | [EXE] ACTION: No trade.
2026-09-23 18:52:20,539 | [EXPD] choppy/sideways (ADX 14.1) -> mean-reversion strategy | Signal: HOLD | Shares held: 0.0 | Last price: $188.34
2026-09-23 18:52:20,540 | [EXPD] ACTION: No trade.
2026-09-23 18:52:20,576 | [EXPE] choppy/sideways (ADX 9.4) -> mean-reversion strategy | Signal: HOLD | Shares held: 0.0 | Last price: $263.07
2026-09-23 18:52:20,576 | [EXPE] ACTION: No trade.
2026-09-23 18:52:20,616 | [EXR] trending (ADX 28.8) -> trend-following strategy | Signal: HOLD | Shares held: 0.0 | Last price: $134.46
2026-09-23 18:52:20,616 | [EXR] ACTION: No trade.
2026-09-23 18:52:20,652 | [F] choppy/sideways (ADX 9.6) -> mean-reversion strategy | Signal: HOLD | Shares held: 0.0 | Last price: $12.99
2026-09-23 18:52:20,652 | [F] ACTION: No trade.
2026-09-23 18:52:20,693 | [FANG] choppy/sideways (ADX 19.6) -> mean-reversion strategy | Signal: HOLD | Shares held: 0.0 | Last price: $185.40
2026-09-23 18:52:20,693 | [FANG] ACTION: No trade.
2026-09-23 18:52:20,730 | [FAST] trending (ADX 47.7) -> trend-following strategy | Signal: HOLD | Shares held: 0.0 | Last price: $50.81
2026-09-23 18:52:20,730 | [FAST] ACTION: No trade.
2026-09-23 18:52:20,770 | [FCX] trending (ADX 33.2) -> trend-following strategy | Signal: HOLD | Shares held: 0.0 | Last price: $72.19
2026-09-23 18:52:20,771 | [FCX] ACTION: No trade.
2026-09-23 18:52:20,808 | [FDS] choppy/sideways (ADX 12.0) -> mean-reversion strategy | Signal: HOLD | Shares held: 0.0 | Last price: $280.29
2026-09-23 18:52:20,808 | [FDS] ACTION: No trade.
2026-09-23 18:52:20,845 | [FDX] choppy/sideways (ADX 21.3) -> mean-reversion strategy | Signal: HOLD | Shares held: 0.0 | Last price: $292.31
2026-09-23 18:52:20,845 | [FDX] ACTION: No trade.
2026-09-23 18:52:20,880 | [FDXF] choppy/sideways (ADX 17.4) -> mean-reversion strategy | Signal: HOLD | Shares held: 0.0 | Last price: $119.17
2026-09-23 18:52:20,880 | [FDXF] ACTION: No trade.
2026-09-23 18:52:20,917 | [FE] trending (ADX 49.4) -> trend-following strategy | Signal: HOLD | Shares held: 0.0 | Last price: $43.76
2026-09-23 18:52:20,917 | [FE] ACTION: No trade.
2026-09-23 18:52:20,952 | [FERG] trending (ADX 31.0) -> trend-following strategy | Signal: HOLD | Shares held: 0.0 | Last price: $222.28
2026-09-23 18:52:20,953 | [FERG] ACTION: No trade.
2026-09-23 18:52:20,989 | [FFIV] choppy/sideways (ADX 22.2) -> mean-reversion strategy | Signal: HOLD | Shares held: 0.0 | Last price: $457.63
2026-09-23 18:52:20,989 | [FFIV] ACTION: No trade.
2026-09-23 18:52:21,026 | [FICO] trending (ADX 37.3) -> trend-following strategy | Signal: HOLD | Shares held: 0.0 | Last price: $881.09
2026-09-23 18:52:21,026 | [FICO] ACTION: No trade.
2026-09-23 18:52:21,063 | [FIS] choppy/sideways (ADX 14.3) -> mean-reversion strategy | Signal: HOLD | Shares held: 0.0 | Last price: $34.78
2026-09-23 18:52:21,063 | [FIS] ACTION: No trade.
2026-09-23 18:52:21,100 | [FISV] choppy/sideways (ADX 10.2) -> mean-reversion strategy | Signal: HOLD | Shares held: 0.0 | Last price: $45.91
2026-09-23 18:52:21,100 | [FISV] ACTION: No trade.
2026-09-23 18:52:21,136 | [FITB] choppy/sideways (ADX 19.8) -> mean-reversion strategy | Signal: HOLD | Shares held: 0.0 | Last price: $52.16
2026-09-23 18:52:21,136 | [FITB] ACTION: No trade.
2026-09-23 18:52:21,171 | [FIX] choppy/sideways (ADX 12.5) -> mean-reversion strategy | Signal: HOLD | Shares held: 0.0 | Last price: $1622.60
2026-09-23 18:52:21,171 | [FIX] ACTION: No trade.
2026-09-23 18:52:21,207 | [FLEX] choppy/sideways (ADX 23.5) -> mean-reversion strategy | Signal: HOLD | Shares held: 0.0 | Last price: $112.53
2026-09-23 18:52:21,207 | [FLEX] ACTION: No trade.
2026-09-23 18:52:21,244 | [FOXA] choppy/sideways (ADX 24.6) -> mean-reversion strategy | Signal: HOLD | Shares held: 0.0 | Last price: $63.47
2026-09-23 18:52:21,244 | [FOXA] ACTION: No trade.
2026-09-23 18:52:21,280 | [FRT] choppy/sideways (ADX 12.2) -> mean-reversion strategy | Signal: HOLD | Shares held: 0.0 | Last price: $110.04
2026-09-23 18:52:21,280 | [FRT] ACTION: No trade.
2026-09-23 18:52:21,317 | [FSLR] choppy/sideways (ADX 14.1) -> mean-reversion strategy | Signal: HOLD | Shares held: 0.0 | Last price: $197.24
2026-09-23 18:52:21,317 | [FSLR] ACTION: No trade.
2026-09-23 18:52:21,354 | [FTNT] trending (ADX 31.7) -> trend-following strategy | Signal: HOLD | Shares held: 0.0 | Last price: $177.76
2026-09-23 18:52:21,354 | [FTNT] ACTION: No trade.
2026-09-23 18:52:21,389 | [FTV] choppy/sideways (ADX 22.5) -> mean-reversion strategy | Signal: HOLD | Shares held: 0.0 | Last price: $56.15
2026-09-23 18:52:21,389 | [FTV] ACTION: No trade.
2026-09-23 18:52:21,425 | [GD] choppy/sideways (ADX 15.0) -> mean-reversion strategy | Signal: HOLD | Shares held: 0.0 | Last price: $344.27
2026-09-23 18:52:21,425 | [GD] ACTION: No trade.
2026-09-23 18:52:21,462 | [GDDY] trending (ADX 28.1) -> trend-following strategy | Signal: HOLD | Shares held: 0.0 | Last price: $95.24
2026-09-23 18:52:21,462 | [GDDY] ACTION: No trade.
2026-09-23 18:52:21,492 | [GE] choppy/sideways (ADX 12.8) -> mean-reversion strategy | Signal: HOLD | Shares held: 0.0 | Last price: $320.97
2026-09-23 18:52:21,492 | [GE] ACTION: No trade.
2026-09-23 18:52:21,529 | [GEHC] choppy/sideways (ADX 11.3) -> mean-reversion strategy | Signal: HOLD | Shares held: 0.0 | Last price: $66.02
2026-09-23 18:52:21,529 | [GEHC] ACTION: No trade.
2026-09-23 18:52:21,565 | [GEN] trending (ADX 34.1) -> trend-following strategy | Signal: HOLD | Shares held: 0.0 | Last price: $26.50
2026-09-23 18:52:21,566 | [GEN] ACTION: No trade.
2026-09-23 18:52:21,602 | [GEV] choppy/sideways (ADX 17.5) -> mean-reversion strategy | Signal: HOLD | Shares held: 0.0 | Last price: $945.89
2026-09-23 18:52:21,602 | [GEV] ACTION: No trade.
2026-09-23 18:52:21,638 | [GILD] choppy/sideways (ADX 23.6) -> mean-reversion strategy | Signal: HOLD | Shares held: 0.0 | Last price: $150.39
2026-09-23 18:52:21,638 | [GILD] ACTION: No trade.
2026-09-23 18:52:21,674 | [GIS] choppy/sideways (ADX 21.6) -> mean-reversion strategy | Signal: HOLD | Shares held: 0.0 | Last price: $35.62
2026-09-23 18:52:21,674 | [GIS] ACTION: No trade.
2026-09-23 18:52:21,710 | [GLW] trending (ADX 28.5) -> trend-following strategy | Signal: HOLD | Shares held: 0.0 | Last price: $154.79
2026-09-23 18:52:21,710 | [GLW] ACTION: No trade.
2026-09-23 18:52:21,748 | [GM] choppy/sideways (ADX 18.1) -> mean-reversion strategy | Signal: HOLD | Shares held: 0.0 | Last price: $84.09
2026-09-23 18:52:21,748 | [GM] ACTION: No trade.
2026-09-23 18:52:21,787 | [GNRC] choppy/sideways (ADX 19.0) -> mean-reversion strategy | Signal: HOLD | Shares held: 0.0 | Last price: $201.75
2026-09-23 18:52:21,787 | [GNRC] ACTION: No trade.
2026-09-23 18:52:21,819 | [GOOG] trending (ADX 43.1) -> trend-following strategy | Signal: HOLD | Shares held: 0.0 | Last price: $335.82
2026-09-23 18:52:21,819 | [GOOG] ACTION: No trade.
2026-09-23 18:52:21,849 | [GOOGL] trending (ADX 44.9) -> trend-following strategy | Signal: HOLD | Shares held: 0.0 | Last price: $339.37
2026-09-23 18:52:21,850 | [GOOGL] ACTION: No trade.
2026-09-23 18:52:21,886 | [GPC] choppy/sideways (ADX 19.5) -> mean-reversion strategy | Signal: HOLD | Shares held: 0.0 | Last price: $129.61
2026-09-23 18:52:21,886 | [GPC] ACTION: No trade.
2026-09-23 18:52:21,922 | [GPN] choppy/sideways (ADX 12.0) -> mean-reversion strategy | Signal: HOLD | Shares held: 0.0 | Last price: $84.39
2026-09-23 18:52:21,922 | [GPN] ACTION: No trade.
2026-09-23 18:52:21,959 | [GRMN] choppy/sideways (ADX 13.0) -> mean-reversion strategy | Signal: HOLD | Shares held: 0.0 | Last price: $285.31
2026-09-23 18:52:21,959 | [GRMN] ACTION: No trade.
2026-09-23 18:52:21,990 | [GS] choppy/sideways (ADX 22.6) -> mean-reversion strategy | Signal: HOLD | Shares held: 0.0 | Last price: $937.70
2026-09-23 18:52:21,990 | [GS] ACTION: No trade.
2026-09-23 18:52:22,030 | [GWW] choppy/sideways (ADX 15.2) -> mean-reversion strategy | Signal: HOLD | Shares held: 0.0 | Last price: $1271.53
2026-09-23 18:52:22,030 | [GWW] ACTION: No trade.
2026-09-23 18:52:22,066 | [HAL] choppy/sideways (ADX 17.5) -> mean-reversion strategy | Signal: HOLD | Shares held: 0.0 | Last price: $32.90
2026-09-23 18:52:22,066 | [HAL] ACTION: No trade.
2026-09-23 18:52:22,103 | [HAS] trending (ADX 26.0) -> trend-following strategy | Signal: HOLD | Shares held: 0.0 | Last price: $86.09
2026-09-23 18:52:22,103 | [HAS] ACTION: No trade.
2026-09-23 18:52:22,142 | [HBAN] trending (ADX 28.6) -> trend-following strategy | Signal: HOLD | Shares held: 0.0 | Last price: $15.51
2026-09-23 18:52:22,142 | [HBAN] ACTION: No trade.
2026-09-23 18:52:22,178 | [HCA] choppy/sideways (ADX 23.8) -> mean-reversion strategy | Signal: HOLD | Shares held: 0.0 | Last price: $437.55
2026-09-23 18:52:22,178 | [HCA] ACTION: No trade.
2026-09-23 18:52:22,208 | [HD] trending (ADX 27.5) -> trend-following strategy | Signal: HOLD | Shares held: 0.0 | Last price: $298.64
2026-09-23 18:52:22,209 | [HD] ACTION: No trade.
2026-09-23 18:52:22,245 | [HIG] trending (ADX 37.8) -> trend-following strategy | Signal: HOLD | Shares held: 0.0 | Last price: $127.22
2026-09-23 18:52:22,245 | [HIG] ACTION: No trade.
2026-09-23 18:52:22,281 | [HII] choppy/sideways (ADX 8.9) -> mean-reversion strategy | Signal: HOLD | Shares held: 0.0 | Last price: $270.44
2026-09-23 18:52:22,281 | [HII] ACTION: No trade.
2026-09-23 18:52:22,319 | [HLT] choppy/sideways (ADX 14.0) -> mean-reversion strategy | Signal: HOLD | Shares held: 0.0 | Last price: $308.72
2026-09-23 18:52:22,319 | [HLT] ACTION: No trade.
2026-09-23 18:52:22,349 | [HON] choppy/sideways (ADX 15.4) -> mean-reversion strategy | Signal: HOLD | Shares held: 0.0 | Last price: $211.82
2026-09-23 18:52:22,350 | [HON] ACTION: No trade.
2026-09-23 18:52:22,386 | [HONA] trending (ADX 42.2) -> trend-following strategy | Signal: HOLD | Shares held: 0.0 | Last price: $163.22
2026-09-23 18:52:22,386 | [HONA] ACTION: No trade.
2026-09-23 18:52:22,421 | [HOOD] choppy/sideways (ADX 17.3) -> mean-reversion strategy | Signal: HOLD | Shares held: 0.0 | Last price: $124.97
2026-09-23 18:52:22,421 | [HOOD] ACTION: No trade.
2026-09-23 18:52:22,460 | [HPE] trending (ADX 31.0) -> trend-following strategy | Signal: HOLD | Shares held: 0.0 | Last price: $62.27
2026-09-23 18:52:22,460 | [HPE] ACTION: No trade.
2026-09-23 18:52:22,499 | [HPQ] choppy/sideways (ADX 18.3) -> mean-reversion strategy | Signal: HOLD | Shares held: 0.0 | Last price: $32.05
2026-09-23 18:52:22,499 | [HPQ] ACTION: No trade.
2026-09-23 18:52:22,539 | [HST] choppy/sideways (ADX 13.9) -> mean-reversion strategy | Signal: HOLD | Shares held: 0.0 | Last price: $22.32
2026-09-23 18:52:22,539 | [HST] ACTION: No trade.
2026-09-23 18:52:22,575 | [HSY] choppy/sideways (ADX 15.4) -> mean-reversion strategy | Signal: HOLD | Shares held: 0.0 | Last price: $169.52
2026-09-23 18:52:22,575 | [HSY] ACTION: No trade.
2026-09-23 18:52:22,619 | [HUBB] trending (ADX 30.4) -> trend-following strategy | Signal: HOLD | Shares held: 0.0 | Last price: $468.28
2026-09-23 18:52:22,619 | [HUBB] ACTION: No trade.
2026-09-23 18:52:22,655 | [HUM] choppy/sideways (ADX 22.8) -> mean-reversion strategy | Signal: HOLD | Shares held: 0.0 | Last price: $375.16
2026-09-23 18:52:22,655 | [HUM] ACTION: No trade.
2026-09-23 18:52:22,691 | [HWM] choppy/sideways (ADX 14.5) -> mean-reversion strategy | Signal: HOLD | Shares held: 0.0 | Last price: $229.34
2026-09-23 18:52:22,691 | [HWM] ACTION: No trade.
2026-09-23 18:52:22,729 | [IBKR] choppy/sideways (ADX 10.1) -> mean-reversion strategy | Signal: HOLD | Shares held: 0.0 | Last price: $92.67
2026-09-23 18:52:22,729 | [IBKR] ACTION: No trade.
2026-09-23 18:52:22,760 | [IBM] choppy/sideways (ADX 22.1) -> mean-reversion strategy | Signal: HOLD | Shares held: 0.0 | Last price: $234.20
2026-09-23 18:52:22,760 | [IBM] ACTION: No trade.
2026-09-23 18:52:22,798 | [ICE] choppy/sideways (ADX 15.2) -> mean-reversion strategy | Signal: HOLD | Shares held: 0.0 | Last price: $156.33
2026-09-23 18:52:22,798 | [ICE] ACTION: No trade.
2026-09-23 18:52:22,835 | [IDXX] choppy/sideways (ADX 13.1) -> mean-reversion strategy | Signal: HOLD | Shares held: 0.0 | Last price: $519.71
2026-09-23 18:52:22,835 | [IDXX] ACTION: No trade.
2026-09-23 18:52:22,871 | [IEX] trending (ADX 27.5) -> trend-following strategy | Signal: HOLD | Shares held: 0.0 | Last price: $229.56
2026-09-23 18:52:22,871 | [IEX] ACTION: No trade.
2026-09-23 18:52:22,906 | [IFF] choppy/sideways (ADX 13.7) -> mean-reversion strategy | Signal: HOLD | Shares held: 0.0 | Last price: $85.78
2026-09-23 18:52:22,906 | [IFF] ACTION: No trade.
2026-09-23 18:52:22,942 | [ILMN] trending (ADX 33.8) -> trend-following strategy | Signal: HOLD | Shares held: 0.0 | Last price: $252.24
2026-09-23 18:52:22,942 | [ILMN] ACTION: No trade.
2026-09-23 18:52:22,977 | [INCY] choppy/sideways (ADX 17.3) -> mean-reversion strategy | Signal: HOLD | Shares held: 0.0 | Last price: $124.48
2026-09-23 18:52:22,977 | [INCY] ACTION: No trade.
2026-09-23 18:52:23,008 | [INTC] choppy/sideways (ADX 14.6) -> mean-reversion strategy | Signal: HOLD | Shares held: 0.0 | Last price: $120.92
2026-09-23 18:52:23,008 | [INTC] ACTION: No trade.
2026-09-23 18:52:23,044 | [INTU] choppy/sideways (ADX 8.3) -> mean-reversion strategy | Signal: HOLD | Shares held: 0.0 | Last price: $288.12
2026-09-23 18:52:23,044 | [INTU] ACTION: No trade.
2026-09-23 18:52:23,086 | [INVH] choppy/sideways (ADX 12.6) -> mean-reversion strategy | Signal: HOLD | Shares held: 0.0 | Last price: $26.98
2026-09-23 18:52:23,086 | [INVH] ACTION: No trade.
2026-09-23 18:52:23,123 | [IP] choppy/sideways (ADX 19.7) -> mean-reversion strategy | Signal: HOLD | Shares held: 0.0 | Last price: $35.76
2026-09-23 18:52:23,123 | [IP] ACTION: No trade.
2026-09-23 18:52:23,160 | [IQV] choppy/sideways (ADX 19.5) -> mean-reversion strategy | Signal: HOLD | Shares held: 0.0 | Last price: $267.64
2026-09-23 18:52:23,161 | [IQV] ACTION: No trade.
2026-09-23 18:52:23,197 | [IR] trending (ADX 43.2) -> trend-following strategy | Signal: HOLD | Shares held: 0.0 | Last price: $75.67
2026-09-23 18:52:23,197 | [IR] ACTION: No trade.
2026-09-23 18:52:23,233 | [IRM] trending (ADX 30.4) -> trend-following strategy | Signal: HOLD | Shares held: 0.0 | Last price: $115.73
2026-09-23 18:52:23,233 | [IRM] ACTION: No trade.
2026-09-23 18:52:23,269 | [ISRG] trending (ADX 36.6) -> trend-following strategy | Signal: HOLD | Shares held: 0.0 | Last price: $397.33
2026-09-23 18:52:23,269 | [ISRG] ACTION: No trade.
2026-09-23 18:52:23,305 | [IT] choppy/sideways (ADX 14.4) -> mean-reversion strategy | Signal: HOLD | Shares held: 0.0 | Last price: $179.62
2026-09-23 18:52:23,305 | [IT] ACTION: No trade.
2026-09-23 18:52:23,341 | [ITW] trending (ADX 40.4) -> trend-following strategy | Signal: HOLD | Shares held: 0.0 | Last price: $272.69
2026-09-23 18:52:23,341 | [ITW] ACTION: No trade.
2026-09-23 18:52:23,377 | [IVZ] choppy/sideways (ADX 18.6) -> mean-reversion strategy | Signal: HOLD | Shares held: 0.0 | Last price: $30.66
2026-09-23 18:52:23,377 | [IVZ] ACTION: No trade.
2026-09-23 18:52:23,412 | [J] choppy/sideways (ADX 19.8) -> mean-reversion strategy | Signal: HOLD | Shares held: 0.0 | Last price: $141.89
2026-09-23 18:52:23,412 | [J] ACTION: No trade.
2026-09-23 18:52:23,449 | [JBHT] choppy/sideways (ADX 13.8) -> mean-reversion strategy | Signal: HOLD | Shares held: 0.0 | Last price: $235.75
2026-09-23 18:52:23,449 | [JBHT] ACTION: No trade.
2026-09-23 18:52:23,485 | [JBL] choppy/sideways (ADX 14.4) -> mean-reversion strategy | Signal: HOLD | Shares held: 0.0 | Last price: $306.73
2026-09-23 18:52:23,485 | [JBL] ACTION: No trade.
2026-09-23 18:52:23,520 | [JCI] choppy/sideways (ADX 17.3) -> mean-reversion strategy | Signal: HOLD | Shares held: 0.0 | Last price: $146.28
2026-09-23 18:52:23,520 | [JCI] ACTION: No trade.
2026-09-23 18:52:23,555 | [JKHY] choppy/sideways (ADX 24.0) -> mean-reversion strategy | Signal: HOLD | Shares held: 0.0 | Last price: $148.24
2026-09-23 18:52:23,555 | [JKHY] ACTION: No trade.
2026-09-23 18:52:23,585 | [JNJ] choppy/sideways (ADX 20.3) -> mean-reversion strategy | Signal: HOLD | Shares held: 0.0 | Last price: $267.96
2026-09-23 18:52:23,585 | [JNJ] ACTION: No trade.
2026-09-23 18:52:23,616 | [JPM] trending (ADX 31.5) -> trend-following strategy | Signal: HOLD | Shares held: 0.0 | Last price: $337.67
2026-09-23 18:52:23,616 | [JPM] ACTION: No trade.
2026-09-23 18:52:23,655 | [KDP] trending (ADX 25.0) -> trend-following strategy | Signal: SELL | Shares held: 0.0 | Last price: $31.45
2026-09-23 18:52:23,655 | [KDP] ACTION: No trade.
2026-09-23 18:52:23,692 | [KEY] trending (ADX 25.8) -> trend-following strategy | Signal: HOLD | Shares held: 0.0 | Last price: $20.34
2026-09-23 18:52:23,692 | [KEY] ACTION: No trade.
2026-09-23 18:52:23,728 | [KEYS] trending (ADX 29.3) -> trend-following strategy | Signal: HOLD | Shares held: 0.0 | Last price: $351.75
2026-09-23 18:52:23,728 | [KEYS] ACTION: No trade.
2026-09-23 18:52:23,768 | [KHC] choppy/sideways (ADX 24.7) -> mean-reversion strategy | Signal: HOLD | Shares held: 0.0 | Last price: $23.64
2026-09-23 18:52:23,768 | [KHC] ACTION: No trade.
2026-09-23 18:52:23,808 | [KKR] trending (ADX 29.0) -> trend-following strategy | Signal: HOLD | Shares held: 0.0 | Last price: $97.10
2026-09-23 18:52:23,808 | [KKR] ACTION: No trade.
2026-09-23 18:52:23,844 | [KLAC] choppy/sideways (ADX 12.1) -> mean-reversion strategy | Signal: HOLD | Shares held: 0.0 | Last price: $187.54
2026-09-23 18:52:23,844 | [KLAC] ACTION: No trade.
2026-09-23 18:52:23,884 | [KMB] choppy/sideways (ADX 13.2) -> mean-reversion strategy | Signal: HOLD | Shares held: 0.0 | Last price: $97.92
2026-09-23 18:52:23,884 | [KMB] ACTION: No trade.
2026-09-23 18:52:26,926 | [KMI] choppy/sideways (ADX 17.3) -> mean-reversion strategy | Signal: HOLD | Shares held: 0.0 | Last price: $31.41
2026-09-23 18:52:26,927 | [KMI] ACTION: No trade.
2026-09-23 18:52:26,957 | [KO] trending (ADX 28.8) -> trend-following strategy | Signal: HOLD | Shares held: 0.0 | Last price: $87.86
2026-09-23 18:52:26,957 | [KO] ACTION: No trade.
2026-09-23 18:52:26,993 | [KR] choppy/sideways (ADX 18.7) -> mean-reversion strategy | Signal: HOLD | Shares held: 0.0 | Last price: $58.40
2026-09-23 18:52:26,993 | [KR] ACTION: No trade.
2026-09-23 18:52:27,029 | [KVUE] choppy/sideways (ADX 14.5) -> mean-reversion strategy | Signal: HOLD | Shares held: 0.0 | Last price: $17.71
2026-09-23 18:52:27,029 | [KVUE] ACTION: No trade.
2026-09-23 18:52:27,064 | [L] choppy/sideways (ADX 22.1) -> mean-reversion strategy | Signal: HOLD | Shares held: 0.0 | Last price: $105.45
2026-09-23 18:52:27,064 | [L] ACTION: No trade.
2026-09-23 18:52:27,100 | [LDOS] trending (ADX 29.6) -> trend-following strategy | Signal: HOLD | Shares held: 0.0 | Last price: $125.29
2026-09-23 18:52:27,100 | [LDOS] ACTION: No trade.
2026-09-23 18:52:27,136 | [LEN] choppy/sideways (ADX 17.0) -> mean-reversion strategy | Signal: HOLD | Shares held: 0.0 | Last price: $81.69
2026-09-23 18:52:27,136 | [LEN] ACTION: No trade.
2026-09-23 18:52:27,172 | [LH] trending (ADX 31.6) -> trend-following strategy | Signal: HOLD | Shares held: 0.0 | Last price: $304.84
2026-09-23 18:52:27,172 | [LH] ACTION: No trade.
2026-09-23 18:52:27,210 | [LHX] choppy/sideways (ADX 22.4) -> mean-reversion strategy | Signal: HOLD | Shares held: 0.0 | Last price: $239.58
2026-09-23 18:52:27,210 | [LHX] ACTION: No trade.
2026-09-23 18:52:27,246 | [LII] trending (ADX 27.6) -> trend-following strategy | Signal: HOLD | Shares held: 0.0 | Last price: $371.74
2026-09-23 18:52:27,246 | [LII] ACTION: No trade.
2026-09-23 18:52:27,284 | [LIN] trending (ADX 28.0) -> trend-following strategy | Signal: HOLD | Shares held: 0.0 | Last price: $469.28
2026-09-23 18:52:27,284 | [LIN] ACTION: No trade.
2026-09-23 18:52:27,320 | [LITE] trending (ADX 31.3) -> trend-following strategy | Signal: HOLD | Shares held: 0.0 | Last price: $937.38
2026-09-23 18:52:27,320 | [LITE] ACTION: No trade.
2026-09-23 18:52:27,350 | [LLY] choppy/sideways (ADX 14.0) -> mean-reversion strategy | Signal: HOLD | Shares held: 0.0 | Last price: $1150.80
2026-09-23 18:52:27,350 | [LLY] ACTION: No trade.
2026-09-23 18:52:27,380 | [LMT] choppy/sideways (ADX 20.6) -> mean-reversion strategy | Signal: HOLD | Shares held: 0.0 | Last price: $525.67
2026-09-23 18:52:27,381 | [LMT] ACTION: No trade.
2026-09-23 18:52:27,416 | [LNT] trending (ADX 45.6) -> trend-following strategy | Signal: HOLD | Shares held: 0.0 | Last price: $63.73
2026-09-23 18:52:27,416 | [LNT] ACTION: No trade.
2026-09-23 18:52:27,446 | [LOW] choppy/sideways (ADX 20.3) -> mean-reversion strategy | Signal: HOLD | Shares held: 0.0 | Last price: $192.59
2026-09-23 18:52:27,446 | [LOW] ACTION: No trade.
2026-09-23 18:52:30,488 | [LRCX] choppy/sideways (ADX 12.9) -> mean-reversion strategy | Signal: HOLD | Shares held: 0.0 | Last price: $307.22
2026-09-23 18:52:30,489 | [LRCX] ACTION: No trade.
2026-09-23 18:52:30,524 | [LULU] choppy/sideways (ADX 19.0) -> mean-reversion strategy | Signal: HOLD | Shares held: 0.0 | Last price: $102.32
2026-09-23 18:52:30,524 | [LULU] ACTION: No trade.
2026-09-23 18:52:30,560 | [LUV] trending (ADX 25.0) -> trend-following strategy | Signal: HOLD | Shares held: 0.0 | Last price: $41.13
2026-09-23 18:52:30,560 | [LUV] ACTION: No trade.
2026-09-23 18:52:30,599 | [LVS] trending (ADX 34.8) -> trend-following strategy | Signal: HOLD | Shares held: 0.0 | Last price: $39.10
2026-09-23 18:52:30,599 | [LVS] ACTION: No trade.
2026-09-23 18:52:30,646 | [LYB] choppy/sideways (ADX 20.8) -> mean-reversion strategy | Signal: HOLD | Shares held: 0.0 | Last price: $59.70
2026-09-23 18:52:30,646 | [LYB] ACTION: No trade.
2026-09-23 18:52:30,682 | [LYV] choppy/sideways (ADX 20.7) -> mean-reversion strategy | Signal: HOLD | Shares held: 0.0 | Last price: $170.41
2026-09-23 18:52:30,682 | [LYV] ACTION: No trade.
2026-09-23 18:52:30,712 | [MA] choppy/sideways (ADX 10.0) -> mean-reversion strategy | Signal: HOLD | Shares held: 0.0 | Last price: $559.77
2026-09-23 18:52:30,712 | [MA] ACTION: No trade.
2026-09-23 18:52:30,751 | [MAA] choppy/sideways (ADX 10.5) -> mean-reversion strategy | Signal: HOLD | Shares held: 0.0 | Last price: $118.50
2026-09-23 18:52:30,751 | [MAA] ACTION: No trade.
2026-09-23 18:52:30,787 | [MAR] trending (ADX 45.3) -> trend-following strategy | Signal: HOLD | Shares held: 0.0 | Last price: $352.87
2026-09-23 18:52:30,787 | [MAR] ACTION: No trade.
2026-09-23 18:52:30,824 | [MAS] choppy/sideways (ADX 22.3) -> mean-reversion strategy | Signal: HOLD | Shares held: 0.0 | Last price: $68.45
2026-09-23 18:52:30,824 | [MAS] ACTION: No trade.
2026-09-23 18:52:30,856 | [MCD] trending (ADX 50.9) -> trend-following strategy | Signal: HOLD | Shares held: 0.0 | Last price: $237.70
2026-09-23 18:52:30,856 | [MCD] ACTION: No trade.
2026-09-23 18:52:30,893 | [MCHP] choppy/sideways (ADX 17.0) -> mean-reversion strategy | Signal: HOLD | Shares held: 0.0 | Last price: $75.42
2026-09-23 18:52:30,893 | [MCHP] ACTION: No trade.
2026-09-23 18:52:30,929 | [MCK] choppy/sideways (ADX 20.5) -> mean-reversion strategy | Signal: HOLD | Shares held: 0.0 | Last price: $884.18
2026-09-23 18:52:30,929 | [MCK] ACTION: No trade.
2026-09-23 18:52:30,971 | [MCO] trending (ADX 28.4) -> trend-following strategy | Signal: HOLD | Shares held: 0.0 | Last price: $472.11
2026-09-23 18:52:30,971 | [MCO] ACTION: No trade.
2026-09-23 18:52:34,013 | [MDLZ] choppy/sideways (ADX 11.7) -> mean-reversion strategy | Signal: HOLD | Shares held: 0.0 | Last price: $61.20
2026-09-23 18:52:34,013 | [MDLZ] ACTION: No trade.
2026-09-23 18:52:34,052 | [MDT] trending (ADX 43.8) -> trend-following strategy | Signal: HOLD | Shares held: 0.0 | Last price: $89.25
2026-09-23 18:52:34,052 | [MDT] ACTION: No trade.
2026-09-23 18:52:34,089 | [MET] choppy/sideways (ADX 20.4) -> mean-reversion strategy | Signal: HOLD | Shares held: 0.0 | Last price: $97.23
2026-09-23 18:52:34,089 | [MET] ACTION: No trade.
2026-09-23 18:52:34,120 | [META] choppy/sideways (ADX 23.0) -> mean-reversion strategy | Signal: HOLD | Shares held: 0.0 | Last price: $748.24
2026-09-23 18:52:34,120 | [META] ACTION: No trade.
2026-09-23 18:52:34,156 | [MGM] choppy/sideways (ADX 19.2) -> mean-reversion strategy | Signal: HOLD | Shares held: 0.0 | Last price: $38.01
2026-09-23 18:52:34,156 | [MGM] ACTION: No trade.
2026-09-23 18:52:34,193 | [MKC] choppy/sideways (ADX 8.4) -> mean-reversion strategy | Signal: HOLD | Shares held: 0.0 | Last price: $48.70
2026-09-23 18:52:34,193 | [MKC] ACTION: No trade.
2026-09-23 18:52:34,229 | [MLM] choppy/sideways (ADX 24.0) -> mean-reversion strategy | Signal: HOLD | Shares held: 0.0 | Last price: $496.06
2026-09-23 18:52:34,229 | [MLM] ACTION: No trade.
2026-09-23 18:52:34,259 | [MMM] trending (ADX 39.6) -> trend-following strategy | Signal: HOLD | Shares held: 0.0 | Last price: $169.81
2026-09-23 18:52:34,259 | [MMM] ACTION: No trade.
2026-09-23 18:52:34,294 | [MNST] trending (ADX 29.5) -> trend-following strategy | Signal: HOLD | Shares held: 0.0 | Last price: $43.56
2026-09-23 18:52:34,295 | [MNST] ACTION: No trade.
2026-09-23 18:52:34,331 | [MO] choppy/sideways (ADX 12.5) -> mean-reversion strategy | Signal: HOLD | Shares held: 0.0 | Last price: $68.73
2026-09-23 18:52:34,331 | [MO] ACTION: No trade.
2026-09-23 18:52:34,369 | [MOS] choppy/sideways (ADX 12.3) -> mean-reversion strategy | Signal: HOLD | Shares held: 0.0 | Last price: $24.78
2026-09-23 18:52:34,369 | [MOS] ACTION: No trade.
2026-09-23 18:52:34,404 | [MPC] trending (ADX 28.7) -> trend-following strategy | Signal: HOLD | Shares held: 0.0 | Last price: $387.69
2026-09-23 18:52:34,405 | [MPC] ACTION: No trade.
2026-09-23 18:52:34,440 | [MPWR] trending (ADX 25.3) -> trend-following strategy | Signal: BUY | Shares held: 0.0 | Last price: $1342.62
2026-09-23 18:52:34,440 | [MPWR] ACTION: No trade (within 90 min of close -- not enough runway left today for a new position).
2026-09-23 18:52:34,471 | [MRK] trending (ADX 41.3) -> trend-following strategy | Signal: HOLD | Shares held: 0.0 | Last price: $147.40
2026-09-23 18:52:34,471 | [MRK] ACTION: No trade.
2026-09-23 18:52:37,513 | [MRNA] choppy/sideways (ADX 21.0) -> mean-reversion strategy | Signal: HOLD | Shares held: 0.0 | Last price: $182.71
2026-09-23 18:52:37,513 | [MRNA] ACTION: No trade.
2026-09-23 18:52:37,552 | [MRSH] choppy/sideways (ADX 12.4) -> mean-reversion strategy | Signal: HOLD | Shares held: 0.0 | Last price: $171.01
2026-09-23 18:52:37,552 | [MRSH] ACTION: No trade.
2026-09-23 18:52:37,592 | [MRVL] trending (ADX 27.7) -> trend-following strategy | Signal: HOLD | Shares held: 0.0 | Last price: $258.48
2026-09-23 18:52:37,592 | [MRVL] ACTION: No trade.
2026-09-23 18:52:37,622 | [MS] trending (ADX 31.3) -> trend-following strategy | Signal: HOLD | Shares held: 0.0 | Last price: $198.78
2026-09-23 18:52:37,622 | [MS] ACTION: No trade.
2026-09-23 18:52:37,658 | [MSCI] choppy/sideways (ADX 16.7) -> mean-reversion strategy | Signal: HOLD | Shares held: 0.0 | Last price: $555.42
2026-09-23 18:52:37,658 | [MSCI] ACTION: No trade.
2026-09-23 18:52:37,688 | [MSFT] trending (ADX 28.2) -> trend-following strategy | Signal: HOLD | Shares held: 0.0 | Last price: $500.62
2026-09-23 18:52:37,689 | [MSFT] ACTION: No trade.
2026-09-23 18:52:37,725 | [MSI] choppy/sideways (ADX 18.4) -> mean-reversion strategy | Signal: HOLD | Shares held: 0.0 | Last price: $463.73
2026-09-23 18:52:37,725 | [MSI] ACTION: No trade.
2026-09-23 18:52:37,762 | [MTB] trending (ADX 26.3) -> trend-following strategy | Signal: HOLD | Shares held: 0.0 | Last price: $220.54
2026-09-23 18:52:37,762 | [MTB] ACTION: No trade.
2026-09-23 18:52:37,798 | [MTD] trending (ADX 34.7) -> trend-following strategy | Signal: SELL | Shares held: 0.0 | Last price: $1482.24
2026-09-23 18:52:37,798 | [MTD] ACTION: No trade.
2026-09-23 18:52:37,828 | [MU] choppy/sideways (ADX 17.9) -> mean-reversion strategy | Signal: HOLD | Shares held: 0.0 | Last price: $1071.87
2026-09-23 18:52:37,829 | [MU] ACTION: No trade.
2026-09-23 18:52:37,865 | [NCLH] choppy/sideways (ADX 10.8) -> mean-reversion strategy | Signal: HOLD | Shares held: 0.0 | Last price: $14.11
2026-09-23 18:52:37,865 | [NCLH] ACTION: No trade.
2026-09-23 18:52:37,944 | [NDAQ] trending (ADX 38.5) -> trend-following strategy | Signal: HOLD | Shares held: 0.0 | Last price: $95.95
2026-09-23 18:52:37,944 | [NDAQ] ACTION: No trade.
2026-09-23 18:52:37,980 | [NDSN] choppy/sideways (ADX 20.6) -> mean-reversion strategy | Signal: HOLD | Shares held: 0.0 | Last price: $321.49
2026-09-23 18:52:37,980 | [NDSN] ACTION: No trade.
2026-09-23 18:52:38,015 | [NEE] trending (ADX 48.6) -> trend-following strategy | Signal: HOLD | Shares held: 0.0 | Last price: $77.20
2026-09-23 18:52:38,015 | [NEE] ACTION: No trade.
2026-09-23 18:52:38,051 | [NEM] choppy/sideways (ADX 20.0) -> mean-reversion strategy | Signal: HOLD | Shares held: 0.0 | Last price: $124.03
2026-09-23 18:52:38,051 | [NEM] ACTION: No trade.
2026-09-23 18:52:38,081 | [NFLX] trending (ADX 26.0) -> trend-following strategy | Signal: HOLD | Shares held: 0.0 | Last price: $71.53
2026-09-23 18:52:38,081 | [NFLX] ACTION: No trade.
2026-09-23 18:52:41,123 | [NI] trending (ADX 53.6) -> trend-following strategy | Signal: HOLD | Shares held: 0.0 | Last price: $39.12
2026-09-23 18:52:41,123 | [NI] ACTION: No trade.
2026-09-23 18:52:41,153 | [NKE] choppy/sideways (ADX 14.2) -> mean-reversion strategy | Signal: HOLD | Shares held: 0.0 | Last price: $35.73
2026-09-23 18:52:41,154 | [NKE] ACTION: No trade.
2026-09-23 18:52:41,190 | [NOC] choppy/sideways (ADX 15.5) -> mean-reversion strategy | Signal: HOLD | Shares held: 0.0 | Last price: $513.72
2026-09-23 18:52:41,191 | [NOC] ACTION: No trade.
2026-09-23 18:52:41,221 | [NOW] trending (ADX 54.8) -> trend-following strategy | Signal: HOLD | Shares held: 0.0 | Last price: $140.69
2026-09-23 18:52:41,221 | [NOW] ACTION: No trade.
2026-09-23 18:52:41,258 | [NRG] choppy/sideways (ADX 19.6) -> mean-reversion strategy | Signal: HOLD | Shares held: 0.0 | Last price: $100.61
2026-09-23 18:52:41,258 | [NRG] ACTION: No trade.
2026-09-23 18:52:41,295 | [NSC] trending (ADX 45.9) -> trend-following strategy | Signal: HOLD | Shares held: 0.0 | Last price: $315.86
2026-09-23 18:52:41,295 | [NSC] ACTION: No trade.
2026-09-23 18:52:41,331 | [NTAP] trending (ADX 26.4) -> trend-following strategy | Signal: HOLD | Shares held: 0.0 | Last price: $195.27
2026-09-23 18:52:41,331 | [NTAP] ACTION: No trade.
2026-09-23 18:52:41,367 | [NTRS] trending (ADX 25.2) -> trend-following strategy | Signal: HOLD | Shares held: 0.0 | Last price: $174.12
2026-09-23 18:52:41,367 | [NTRS] ACTION: No trade.
2026-09-23 18:52:41,403 | [NUE] choppy/sideways (ADX 13.2) -> mean-reversion strategy | Signal: HOLD | Shares held: 0.0 | Last price: $245.91
2026-09-23 18:52:41,403 | [NUE] ACTION: No trade.
2026-09-23 18:52:41,433 | [NVDA] trending (ADX 39.8) -> trend-following strategy | Signal: HOLD | Shares held: 0.0 | Last price: $225.38
2026-09-23 18:52:41,433 | [NVDA] ACTION: No trade.
2026-09-23 18:52:41,470 | [NVR] choppy/sideways (ADX 19.9) -> mean-reversion strategy | Signal: HOLD | Shares held: 0.0 | Last price: $6261.31
2026-09-23 18:52:41,470 | [NVR] ACTION: No trade.
2026-09-23 18:52:41,507 | [NWSA] trending (ADX 46.0) -> trend-following strategy | Signal: HOLD | Shares held: 0.0 | Last price: $28.36
2026-09-23 18:52:41,507 | [NWSA] ACTION: No trade.
2026-09-23 18:52:41,545 | [NXPI] choppy/sideways (ADX 20.0) -> mean-reversion strategy | Signal: HOLD | Shares held: 0.0 | Last price: $235.23
2026-09-23 18:52:41,546 | [NXPI] ACTION: No trade.
2026-09-23 18:52:41,584 | [O] trending (ADX 31.9) -> trend-following strategy | Signal: HOLD | Shares held: 0.0 | Last price: $55.56
2026-09-23 18:52:41,584 | [O] ACTION: No trade.
2026-09-23 18:52:41,620 | [ODFL] trending (ADX 29.7) -> trend-following strategy | Signal: HOLD | Shares held: 0.0 | Last price: $178.50
2026-09-23 18:52:41,620 | [ODFL] ACTION: No trade.
2026-09-23 18:52:44,663 | [OKE] choppy/sideways (ADX 22.3) -> mean-reversion strategy | Signal: HOLD | Shares held: 0.0 | Last price: $90.52
2026-09-23 18:52:44,663 | [OKE] ACTION: No trade.
2026-09-23 18:52:44,698 | [OMC] trending (ADX 26.2) -> trend-following strategy | Signal: HOLD | Shares held: 0.0 | Last price: $76.12
2026-09-23 18:52:44,699 | [OMC] ACTION: No trade.
2026-09-23 18:52:44,735 | [ON] trending (ADX 25.1) -> trend-following strategy | Signal: HOLD | Shares held: 0.0 | Last price: $74.06
2026-09-23 18:52:44,735 | [ON] ACTION: No trade.
2026-09-23 18:52:44,765 | [ORCL] choppy/sideways (ADX 23.0) -> mean-reversion strategy | Signal: HOLD | Shares held: 0.0 | Last price: $145.39
2026-09-23 18:52:44,765 | [ORCL] ACTION: No trade.
2026-09-23 18:52:44,802 | [ORLY] choppy/sideways (ADX 20.0) -> mean-reversion strategy | Signal: HOLD | Shares held: 0.0 | Last price: $86.31
2026-09-23 18:52:44,802 | [ORLY] ACTION: No trade.
2026-09-23 18:52:44,839 | [OTIS] choppy/sideways (ADX 21.0) -> mean-reversion strategy | Signal: HOLD | Shares held: 0.0 | Last price: $68.47
2026-09-23 18:52:44,839 | [OTIS] ACTION: No trade.
2026-09-23 18:52:44,875 | [OXY] choppy/sideways (ADX 17.1) -> mean-reversion strategy | Signal: HOLD | Shares held: 0.0 | Last price: $57.40
2026-09-23 18:52:44,875 | [OXY] ACTION: No trade.
2026-09-23 18:52:44,910 | [P] choppy/sideways (ADX 11.5) -> mean-reversion strategy | Signal: HOLD | Shares held: 0.0 | Last price: $109.20
2026-09-23 18:52:44,910 | [P] ACTION: No trade.
2026-09-23 18:52:44,941 | [PANW] trending (ADX 43.3) -> trend-following strategy | Signal: HOLD | Shares held: 0.0 | Last price: $388.37
2026-09-23 18:52:44,941 | [PANW] ACTION: No trade.
2026-09-23 18:52:44,977 | [PAYX] trending (ADX 44.5) -> trend-following strategy | Signal: HOLD | Shares held: 0.0 | Last price: $106.03
2026-09-23 18:52:44,977 | [PAYX] ACTION: No trade.
2026-09-23 18:52:45,019 | [PCAR] choppy/sideways (ADX 13.4) -> mean-reversion strategy | Signal: HOLD | Shares held: 0.0 | Last price: $112.44
2026-09-23 18:52:45,019 | [PCAR] ACTION: No trade.
2026-09-23 18:52:45,055 | [PCG] trending (ADX 46.5) -> trend-following strategy | Signal: HOLD | Shares held: 0.0 | Last price: $12.44
2026-09-23 18:52:45,055 | [PCG] ACTION: No trade.
2026-09-23 18:52:45,090 | [PEG] trending (ADX 49.2) -> trend-following strategy | Signal: HOLD | Shares held: 0.0 | Last price: $67.46
2026-09-23 18:52:45,091 | [PEG] ACTION: No trade.
2026-09-23 18:52:45,121 | [PEP] trending (ADX 25.7) -> trend-following strategy | Signal: HOLD | Shares held: 0.0 | Last price: $129.47
2026-09-23 18:52:45,121 | [PEP] ACTION: No trade.
2026-09-23 18:52:45,151 | [PFE] trending (ADX 27.8) -> trend-following strategy | Signal: HOLD | Shares held: 0.0 | Last price: $27.91
2026-09-23 18:52:45,151 | [PFE] ACTION: No trade.
2026-09-23 18:52:45,187 | [PFG] choppy/sideways (ADX 22.5) -> mean-reversion strategy | Signal: HOLD | Shares held: 0.0 | Last price: $114.25
2026-09-23 18:52:45,187 | [PFG] ACTION: No trade.
2026-09-23 18:52:45,219 | [PG] choppy/sideways (ADX 15.8) -> mean-reversion strategy | Signal: HOLD | Shares held: 0.0 | Last price: $147.75
2026-09-23 18:52:45,219 | [PG] ACTION: No trade.
2026-09-23 18:52:48,268 | [PGR] choppy/sideways (ADX 16.5) -> mean-reversion strategy | Signal: HOLD | Shares held: 0.0 | Last price: $204.89
2026-09-23 18:52:48,268 | [PGR] ACTION: No trade.
2026-09-23 18:52:48,303 | [PH] choppy/sideways (ADX 22.8) -> mean-reversion strategy | Signal: HOLD | Shares held: 0.0 | Last price: $972.95
2026-09-23 18:52:48,303 | [PH] ACTION: No trade.
2026-09-23 18:52:48,340 | [PHM] choppy/sideways (ADX 21.3) -> mean-reversion strategy | Signal: HOLD | Shares held: 0.0 | Last price: $119.31
2026-09-23 18:52:48,340 | [PHM] ACTION: No trade.
2026-09-23 18:52:48,376 | [PKG] trending (ADX 25.4) -> trend-following strategy | Signal: HOLD | Shares held: 0.0 | Last price: $240.67
2026-09-23 18:52:48,376 | [PKG] ACTION: No trade.
2026-09-23 18:52:48,411 | [PLD] choppy/sideways (ADX 12.8) -> mean-reversion strategy | Signal: HOLD | Shares held: 0.0 | Last price: $134.47
2026-09-23 18:52:48,411 | [PLD] ACTION: No trade.
2026-09-23 18:52:48,442 | [PLTR] trending (ADX 37.3) -> trend-following strategy | Signal: HOLD | Shares held: 0.0 | Last price: $190.71
2026-09-23 18:52:48,442 | [PLTR] ACTION: No trade.
2026-09-23 18:52:48,472 | [PM] choppy/sideways (ADX 20.8) -> mean-reversion strategy | Signal: HOLD | Shares held: 0.0 | Last price: $189.50
2026-09-23 18:52:48,472 | [PM] ACTION: No trade.
2026-09-23 18:52:48,510 | [PNC] trending (ADX 31.7) -> trend-following strategy | Signal: HOLD | Shares held: 0.0 | Last price: $225.40
2026-09-23 18:52:48,511 | [PNC] ACTION: No trade.
2026-09-23 18:52:48,545 | [PNR] choppy/sideways (ADX 20.2) -> mean-reversion strategy | Signal: HOLD | Shares held: 0.0 | Last price: $54.69
2026-09-23 18:52:48,546 | [PNR] ACTION: No trade.
2026-09-23 18:52:48,582 | [PNW] trending (ADX 37.0) -> trend-following strategy | Signal: HOLD | Shares held: 0.0 | Last price: $91.71
2026-09-23 18:52:48,582 | [PNW] ACTION: No trade.
2026-09-23 18:52:48,619 | [PODD] trending (ADX 39.6) -> trend-following strategy | Signal: HOLD | Shares held: 0.0 | Last price: $135.62
2026-09-23 18:52:48,619 | [PODD] ACTION: No trade.
2026-09-23 18:52:48,659 | [PPG] choppy/sideways (ADX 10.4) -> mean-reversion strategy | Signal: HOLD | Shares held: 0.0 | Last price: $106.91
2026-09-23 18:52:48,659 | [PPG] ACTION: No trade.
2026-09-23 18:52:48,695 | [PPL] trending (ADX 51.6) -> trend-following strategy | Signal: HOLD | Shares held: 0.0 | Last price: $32.24
2026-09-23 18:52:48,695 | [PPL] ACTION: No trade.
2026-09-23 18:52:48,731 | [PRU] choppy/sideways (ADX 11.8) -> mean-reversion strategy | Signal: HOLD | Shares held: 0.0 | Last price: $117.78
2026-09-23 18:52:48,732 | [PRU] ACTION: No trade.
2026-09-23 18:52:51,773 | [PSA] trending (ADX 30.8) -> trend-following strategy | Signal: HOLD | Shares held: 0.0 | Last price: $287.76
2026-09-23 18:52:51,774 | [PSA] ACTION: No trade.
2026-09-23 18:52:51,809 | [PSX] trending (ADX 25.5) -> trend-following strategy | Signal: HOLD | Shares held: 0.0 | Last price: $253.59
2026-09-23 18:52:51,809 | [PSX] ACTION: No trade.
2026-09-23 18:52:51,850 | [PTC] trending (ADX 41.8) -> trend-following strategy | Signal: HOLD | Shares held: 0.0 | Last price: $141.65
2026-09-23 18:52:51,850 | [PTC] ACTION: No trade.
2026-09-23 18:52:51,886 | [PWR] trending (ADX 26.6) -> trend-following strategy | Signal: HOLD | Shares held: 0.0 | Last price: $635.55
2026-09-23 18:52:51,886 | [PWR] ACTION: No trade.
2026-09-23 18:52:51,922 | [PYPL] choppy/sideways (ADX 12.8) -> mean-reversion strategy | Signal: HOLD | Shares held: 0.0 | Last price: $52.63
2026-09-23 18:52:51,922 | [PYPL] ACTION: No trade.
2026-09-23 18:52:51,958 | [Q] choppy/sideways (ADX 24.2) -> mean-reversion strategy | Signal: HOLD | Shares held: 0.0 | Last price: $124.72
2026-09-23 18:52:51,958 | [Q] ACTION: No trade.
2026-09-23 18:52:51,988 | [QCOM] choppy/sideways (ADX 23.7) -> mean-reversion strategy | Signal: HOLD | Shares held: 0.0 | Last price: $196.85
2026-09-23 18:52:51,988 | [QCOM] ACTION: No trade.
2026-09-23 18:52:52,025 | [RCL] trending (ADX 31.1) -> trend-following strategy | Signal: HOLD | Shares held: 0.0 | Last price: $227.43
2026-09-23 18:52:52,025 | [RCL] ACTION: No trade.
2026-09-23 18:52:52,061 | [RDDT] choppy/sideways (ADX 22.7) -> mean-reversion strategy | Signal: HOLD | Shares held: 0.0 | Last price: $151.22
2026-09-23 18:52:52,061 | [RDDT] ACTION: No trade.
2026-09-23 18:52:52,098 | [REG] choppy/sideways (ADX 15.3) -> mean-reversion strategy | Signal: HOLD | Shares held: 0.0 | Last price: $73.16
2026-09-23 18:52:52,098 | [REG] ACTION: No trade.
2026-09-23 18:52:52,137 | [REGN] choppy/sideways (ADX 21.1) -> mean-reversion strategy | Signal: HOLD | Shares held: 0.0 | Last price: $797.85
2026-09-23 18:52:52,137 | [REGN] ACTION: No trade.
2026-09-23 18:52:52,174 | [RF] trending (ADX 25.7) -> trend-following strategy | Signal: HOLD | Shares held: 0.0 | Last price: $27.57
2026-09-23 18:52:52,174 | [RF] ACTION: No trade.
2026-09-23 18:52:55,217 | [RJF] choppy/sideways (ADX 21.6) -> mean-reversion strategy | Signal: HOLD | Shares held: 0.0 | Last price: $158.35
2026-09-23 18:52:55,217 | [RJF] ACTION: No trade.
2026-09-23 18:52:55,252 | [RL] trending (ADX 31.3) -> trend-following strategy | Signal: HOLD | Shares held: 0.0 | Last price: $339.79
2026-09-23 18:52:55,253 | [RL] ACTION: No trade.
2026-09-23 18:52:55,288 | [RMD] choppy/sideways (ADX 12.4) -> mean-reversion strategy | Signal: HOLD | Shares held: 0.0 | Last price: $222.37
2026-09-23 18:52:55,288 | [RMD] ACTION: No trade.
2026-09-23 18:52:55,323 | [ROK] trending (ADX 32.7) -> trend-following strategy | Signal: HOLD | Shares held: 0.0 | Last price: $432.52
2026-09-23 18:52:55,323 | [ROK] ACTION: No trade.
2026-09-23 18:52:55,359 | [ROL] choppy/sideways (ADX 22.6) -> mean-reversion strategy | Signal: HOLD | Shares held: 0.0 | Last price: $32.32
2026-09-23 18:52:55,359 | [ROL] ACTION: No trade.
2026-09-23 18:52:55,395 | [ROP] choppy/sideways (ADX 17.2) -> mean-reversion strategy | Signal: HOLD | Shares held: 0.0 | Last price: $367.54
2026-09-23 18:52:55,395 | [ROP] ACTION: No trade.
2026-09-23 18:52:55,431 | [ROST] trending (ADX 31.9) -> trend-following strategy | Signal: HOLD | Shares held: 0.0 | Last price: $234.93
2026-09-23 18:52:55,431 | [ROST] ACTION: No trade.
2026-09-23 18:52:55,468 | [RSG] choppy/sideways (ADX 20.4) -> mean-reversion strategy | Signal: HOLD | Shares held: 0.0 | Last price: $213.03
2026-09-23 18:52:55,468 | [RSG] ACTION: No trade.
2026-09-23 18:52:55,498 | [RTX] choppy/sideways (ADX 21.1) -> mean-reversion strategy | Signal: HOLD | Shares held: 0.0 | Last price: $193.72
2026-09-23 18:52:55,499 | [RTX] ACTION: No trade.
2026-09-23 18:52:55,535 | [RVTY] choppy/sideways (ADX 11.5) -> mean-reversion strategy | Signal: HOLD | Shares held: 0.0 | Last price: $141.76
2026-09-23 18:52:55,535 | [RVTY] ACTION: No trade.
2026-09-23 18:52:55,571 | [SBAC] trending (ADX 33.2) -> trend-following strategy | Signal: HOLD | Shares held: 0.0 | Last price: $171.55
2026-09-23 18:52:55,571 | [SBAC] ACTION: No trade.
2026-09-23 18:52:55,602 | [SBUX] choppy/sideways (ADX 11.5) -> mean-reversion strategy | Signal: HOLD | Shares held: 0.0 | Last price: $93.94
2026-09-23 18:52:55,602 | [SBUX] ACTION: No trade.
2026-09-23 18:52:55,633 | [SCHW] trending (ADX 27.7) -> trend-following strategy | Signal: HOLD | Shares held: 0.0 | Last price: $100.20
2026-09-23 18:52:55,633 | [SCHW] ACTION: No trade.
2026-09-23 18:52:55,669 | [SHW] choppy/sideways (ADX 13.5) -> mean-reversion strategy | Signal: HOLD | Shares held: 0.0 | Last price: $325.91
2026-09-23 18:52:55,669 | [SHW] ACTION: No trade.
2026-09-23 18:52:55,705 | [SJM] choppy/sideways (ADX 15.2) -> mean-reversion strategy | Signal: HOLD | Shares held: 0.0 | Last price: $121.64
2026-09-23 18:52:55,706 | [SJM] ACTION: No trade.
2026-09-23 18:52:55,737 | [SLB] choppy/sideways (ADX 16.9) -> mean-reversion strategy | Signal: HOLD | Shares held: 0.0 | Last price: $51.76
2026-09-23 18:52:55,737 | [SLB] ACTION: No trade.
2026-09-23 18:52:55,767 | [SMCI] trending (ADX 37.8) -> trend-following strategy | Signal: HOLD | Shares held: 0.0 | Last price: $41.35
2026-09-23 18:52:55,767 | [SMCI] ACTION: No trade.
2026-09-23 18:52:58,810 | [SNA] choppy/sideways (ADX 14.0) -> mean-reversion strategy | Signal: HOLD | Shares held: 0.0 | Last price: $370.01
2026-09-23 18:52:58,810 | [SNA] ACTION: No trade.
2026-09-23 18:52:58,847 | [SNDK] trending (ADX 27.7) -> trend-following strategy | Signal: HOLD | Shares held: 0.0 | Last price: $1818.85
2026-09-23 18:52:58,847 | [SNDK] ACTION: No trade.
2026-09-23 18:52:58,883 | [SNPS] trending (ADX 43.2) -> trend-following strategy | Signal: HOLD | Shares held: 0.0 | Last price: $419.46
2026-09-23 18:52:58,883 | [SNPS] ACTION: No trade.
2026-09-23 18:52:58,919 | [SO] trending (ADX 42.5) -> trend-following strategy | Signal: HOLD | Shares held: 0.0 | Last price: $83.38
2026-09-23 18:52:58,919 | [SO] ACTION: No trade.
2026-09-23 18:52:58,955 | [SPG] choppy/sideways (ADX 14.6) -> mean-reversion strategy | Signal: HOLD | Shares held: 0.0 | Last price: $204.73
2026-09-23 18:52:58,955 | [SPG] ACTION: No trade.
2026-09-23 18:52:58,992 | [SPGI] choppy/sideways (ADX 12.9) -> mean-reversion strategy | Signal: HOLD | Shares held: 0.0 | Last price: $406.19
2026-09-23 18:52:58,992 | [SPGI] ACTION: No trade.
2026-09-23 18:52:59,035 | [SRE] trending (ADX 42.7) -> trend-following strategy | Signal: HOLD | Shares held: 0.0 | Last price: $79.04
2026-09-23 18:52:59,035 | [SRE] ACTION: No trade.
2026-09-23 18:52:59,071 | [STE] choppy/sideways (ADX 14.4) -> mean-reversion strategy | Signal: HOLD | Shares held: 0.0 | Last price: $209.75
2026-09-23 18:52:59,071 | [STE] ACTION: No trade.
2026-09-23 18:52:59,110 | [STLD] choppy/sideways (ADX 17.7) -> mean-reversion strategy | Signal: HOLD | Shares held: 0.0 | Last price: $233.88
2026-09-23 18:52:59,111 | [STLD] ACTION: No trade.
2026-09-23 18:52:59,147 | [STT] choppy/sideways (ADX 9.2) -> mean-reversion strategy | Signal: HOLD | Shares held: 0.0 | Last price: $180.79
2026-09-23 18:52:59,147 | [STT] ACTION: No trade.
2026-09-23 18:52:59,187 | [STX] choppy/sideways (ADX 18.0) -> mean-reversion strategy | Signal: HOLD | Shares held: 0.0 | Last price: $917.78
2026-09-23 18:52:59,187 | [STX] ACTION: No trade.
2026-09-23 18:52:59,223 | [STZ] choppy/sideways (ADX 24.7) -> mean-reversion strategy | Signal: HOLD | Shares held: 0.0 | Last price: $116.09
2026-09-23 18:52:59,223 | [STZ] ACTION: No trade.
2026-09-23 18:53:02,265 | [SW] trending (ADX 27.4) -> trend-following strategy | Signal: HOLD | Shares held: 0.0 | Last price: $46.76
2026-09-23 18:53:02,265 | [SW] ACTION: No trade.
2026-09-23 18:53:02,302 | [SWK] choppy/sideways (ADX 16.6) -> mean-reversion strategy | Signal: HOLD | Shares held: 0.0 | Last price: $91.68
2026-09-23 18:53:02,303 | [SWK] ACTION: No trade.
2026-09-23 18:53:02,338 | [SWKS] choppy/sideways (ADX 22.5) -> mean-reversion strategy | Signal: HOLD | Shares held: 0.0 | Last price: $90.44
2026-09-23 18:53:02,338 | [SWKS] ACTION: No trade.
2026-09-23 18:53:02,377 | [SYF] trending (ADX 48.8) -> trend-following strategy | Signal: HOLD | Shares held: 0.0 | Last price: $70.84
2026-09-23 18:53:02,377 | [SYF] ACTION: No trade.
2026-09-23 18:53:02,418 | [SYK] trending (ADX 26.4) -> trend-following strategy | Signal: HOLD | Shares held: 0.0 | Last price: $272.51
2026-09-23 18:53:02,418 | [SYK] ACTION: No trade.
2026-09-23 18:53:02,454 | [SYY] trending (ADX 35.4) -> trend-following strategy | Signal: HOLD | Shares held: 0.0 | Last price: $77.63
2026-09-23 18:53:02,454 | [SYY] ACTION: No trade.
2026-09-23 18:53:02,484 | [T] choppy/sideways (ADX 24.7) -> mean-reversion strategy | Signal: HOLD | Shares held: 0.0 | Last price: $25.52
2026-09-23 18:53:02,484 | [T] ACTION: No trade.
2026-09-23 18:53:02,520 | [TDG] choppy/sideways (ADX 17.4) -> mean-reversion strategy | Signal: HOLD | Shares held: 0.0 | Last price: $1106.32
2026-09-23 18:53:02,520 | [TDG] ACTION: No trade.
2026-09-23 18:53:02,561 | [TDY] trending (ADX 35.4) -> trend-following strategy | Signal: HOLD | Shares held: 0.0 | Last price: $621.35
2026-09-23 18:53:02,561 | [TDY] ACTION: No trade.
2026-09-23 18:53:02,597 | [TECH] trending (ADX 29.8) -> trend-following strategy | Signal: HOLD | Shares held: 0.0 | Last price: $72.53
2026-09-23 18:53:02,597 | [TECH] ACTION: No trade.
2026-09-23 18:53:02,635 | [TEL] trending (ADX 28.9) -> trend-following strategy | Signal: HOLD | Shares held: 0.0 | Last price: $214.70
2026-09-23 18:53:02,635 | [TEL] ACTION: No trade.
2026-09-23 18:53:02,674 | [TER] choppy/sideways (ADX 21.3) -> mean-reversion strategy | Signal: HOLD | Shares held: 0.0 | Last price: $387.08
2026-09-23 18:53:02,674 | [TER] ACTION: No trade.
2026-09-23 18:53:05,718 | [TFC] trending (ADX 31.1) -> trend-following strategy | Signal: HOLD | Shares held: 0.0 | Last price: $47.41
2026-09-23 18:53:05,718 | [TFC] ACTION: No trade.
2026-09-23 18:53:05,754 | [TGT] choppy/sideways (ADX 16.8) -> mean-reversion strategy | Signal: HOLD | Shares held: 0.0 | Last price: $156.82
2026-09-23 18:53:05,754 | [TGT] ACTION: No trade.
2026-09-23 18:53:05,794 | [TJX] trending (ADX 28.3) -> trend-following strategy | Signal: HOLD | Shares held: 0.0 | Last price: $131.63
2026-09-23 18:53:05,794 | [TJX] ACTION: No trade.
2026-09-23 18:53:05,831 | [TKO] choppy/sideways (ADX 14.7) -> mean-reversion strategy | Signal: HOLD | Shares held: 0.0 | Last price: $189.58
2026-09-23 18:53:05,831 | [TKO] ACTION: No trade.
2026-09-23 18:53:05,864 | [TMO] choppy/sideways (ADX 19.1) -> mean-reversion strategy | Signal: HOLD | Shares held: 0.0 | Last price: $658.60
2026-09-23 18:53:05,864 | [TMO] ACTION: No trade.
2026-09-23 18:53:05,896 | [TMUS] trending (ADX 33.0) -> trend-following strategy | Signal: HOLD | Shares held: 0.0 | Last price: $165.90
2026-09-23 18:53:05,896 | [TMUS] ACTION: No trade.
2026-09-23 18:53:05,934 | [TPL] trending (ADX 55.5) -> trend-following strategy | Signal: HOLD | Shares held: 0.0 | Last price: $339.69
2026-09-23 18:53:05,934 | [TPL] ACTION: No trade.
2026-09-23 18:53:05,973 | [TPR] choppy/sideways (ADX 15.9) -> mean-reversion strategy | Signal: HOLD | Shares held: 0.0 | Last price: $111.24
2026-09-23 18:53:05,973 | [TPR] ACTION: No trade.
2026-09-23 18:53:06,010 | [TRGP] trending (ADX 25.9) -> trend-following strategy | Signal: HOLD | Shares held: 0.0 | Last price: $284.85
2026-09-23 18:53:06,010 | [TRGP] ACTION: No trade.
2026-09-23 18:53:06,047 | [TRMB] choppy/sideways (ADX 22.9) -> mean-reversion strategy | Signal: HOLD | Shares held: 0.0 | Last price: $59.50
2026-09-23 18:53:06,047 | [TRMB] ACTION: No trade.
2026-09-23 18:53:06,085 | [TROW] trending (ADX 30.8) -> trend-following strategy | Signal: HOLD | Shares held: 0.0 | Last price: $104.80
2026-09-23 18:53:06,085 | [TROW] ACTION: No trade.
2026-09-23 18:53:06,124 | [TRV] choppy/sideways (ADX 19.9) -> mean-reversion strategy | Signal: HOLD | Shares held: 0.0 | Last price: $362.77
2026-09-23 18:53:06,124 | [TRV] ACTION: No trade.
2026-09-23 18:53:06,162 | [TSCO] choppy/sideways (ADX 15.6) -> mean-reversion strategy | Signal: HOLD | Shares held: 0.0 | Last price: $32.55
2026-09-23 18:53:06,162 | [TSCO] ACTION: No trade.
2026-09-23 18:53:06,194 | [TSLA] trending (ADX 25.6) -> trend-following strategy | Signal: HOLD | Shares held: 0.0 | Last price: $380.17
2026-09-23 18:53:06,194 | [TSLA] ACTION: No trade.
2026-09-23 18:53:06,235 | [TSN] trending (ADX 28.7) -> trend-following strategy | Signal: HOLD | Shares held: 0.0 | Last price: $51.24
2026-09-23 18:53:06,235 | [TSN] ACTION: No trade.
2026-09-23 18:53:09,280 | [TT] choppy/sideways (ADX 15.0) -> mean-reversion strategy | Signal: HOLD | Shares held: 0.0 | Last price: $438.53
2026-09-23 18:53:09,280 | [TT] ACTION: No trade.
2026-09-23 18:53:09,316 | [TTWO] choppy/sideways (ADX 12.6) -> mean-reversion strategy | Signal: HOLD | Shares held: 0.0 | Last price: $207.74
2026-09-23 18:53:09,317 | [TTWO] ACTION: No trade.
2026-09-23 18:53:09,347 | [TXN] choppy/sideways (ADX 13.6) -> mean-reversion strategy | Signal: HOLD | Shares held: 0.0 | Last price: $270.79
2026-09-23 18:53:09,347 | [TXN] ACTION: No trade.
2026-09-23 18:53:09,384 | [TXT] trending (ADX 43.9) -> trend-following strategy | Signal: HOLD | Shares held: 0.0 | Last price: $76.69
2026-09-23 18:53:09,384 | [TXT] ACTION: No trade.
2026-09-23 18:53:09,420 | [TYL] trending (ADX 37.3) -> trend-following strategy | Signal: HOLD | Shares held: 0.0 | Last price: $335.48
2026-09-23 18:53:09,420 | [TYL] ACTION: No trade.
2026-09-23 18:53:09,456 | [UAL] choppy/sideways (ADX 22.8) -> mean-reversion strategy | Signal: HOLD | Shares held: 0.0 | Last price: $111.89
2026-09-23 18:53:09,456 | [UAL] ACTION: No trade.
2026-09-23 18:53:09,493 | [UBER] choppy/sideways (ADX 17.8) -> mean-reversion strategy | Signal: HOLD | Shares held: 0.0 | Last price: $69.57
2026-09-23 18:53:09,493 | [UBER] ACTION: No trade.
2026-09-23 18:53:09,528 | [UDR] trending (ADX 25.8) -> trend-following strategy | Signal: HOLD | Shares held: 0.0 | Last price: $33.70
2026-09-23 18:53:09,528 | [UDR] ACTION: No trade.
2026-09-23 18:53:09,563 | [UHS] trending (ADX 25.9) -> trend-following strategy | Signal: HOLD | Shares held: 0.0 | Last price: $182.82
2026-09-23 18:53:09,563 | [UHS] ACTION: No trade.
2026-09-23 18:53:09,599 | [ULTA] choppy/sideways (ADX 8.6) -> mean-reversion strategy | Signal: HOLD | Shares held: 0.0 | Last price: $546.48
2026-09-23 18:53:09,599 | [ULTA] ACTION: No trade.
2026-09-23 18:53:09,629 | [UNH] trending (ADX 26.4) -> trend-following strategy | Signal: HOLD | Shares held: 0.0 | Last price: $369.74
2026-09-23 18:53:09,629 | [UNH] ACTION: No trade.
2026-09-23 18:53:09,664 | [UNP] trending (ADX 49.7) -> trend-following strategy | Signal: HOLD | Shares held: 0.0 | Last price: $275.67
2026-09-23 18:53:09,664 | [UNP] ACTION: No trade.
2026-09-23 18:53:09,694 | [UPS] trending (ADX 32.2) -> trend-following strategy | Signal: HOLD | Shares held: 0.0 | Last price: $96.05
2026-09-23 18:53:09,694 | [UPS] ACTION: No trade.
2026-09-23 18:53:09,730 | [URI] choppy/sideways (ADX 22.0) -> mean-reversion strategy | Signal: HOLD | Shares held: 0.0 | Last price: $1041.63
2026-09-23 18:53:09,730 | [URI] ACTION: No trade.
2026-09-23 18:53:09,767 | [USB] trending (ADX 29.6) -> trend-following strategy | Signal: HOLD | Shares held: 0.0 | Last price: $58.77
2026-09-23 18:53:09,767 | [USB] ACTION: No trade.
2026-09-23 18:53:09,797 | [V] choppy/sideways (ADX 14.3) -> mean-reversion strategy | Signal: HOLD | Shares held: 0.0 | Last price: $361.48
2026-09-23 18:53:09,797 | [V] ACTION: No trade.
2026-09-23 18:53:12,840 | [VEEV] trending (ADX 41.1) -> trend-following strategy | Signal: HOLD | Shares held: 0.0 | Last price: $271.44
2026-09-23 18:53:12,840 | [VEEV] ACTION: No trade.
2026-09-23 18:53:12,877 | [VICI] choppy/sideways (ADX 18.1) -> mean-reversion strategy | Signal: HOLD | Shares held: 0.0 | Last price: $23.73
2026-09-23 18:53:12,877 | [VICI] ACTION: No trade.
2026-09-23 18:53:12,912 | [VLO] trending (ADX 25.0) -> trend-following strategy | Signal: HOLD | Shares held: 0.0 | Last price: $373.16
2026-09-23 18:53:12,912 | [VLO] ACTION: No trade.
2026-09-23 18:53:12,947 | [VLTO] choppy/sideways (ADX 13.7) -> mean-reversion strategy | Signal: HOLD | Shares held: 0.0 | Last price: $96.19
2026-09-23 18:53:12,947 | [VLTO] ACTION: No trade.
2026-09-23 18:53:12,984 | [VMC] choppy/sideways (ADX 24.8) -> mean-reversion strategy | Signal: HOLD | Shares held: 0.0 | Last price: $247.40
2026-09-23 18:53:12,985 | [VMC] ACTION: No trade.
2026-09-23 18:53:13,022 | [VMRK] choppy/sideways (ADX 24.7) -> mean-reversion strategy | Signal: HOLD | Shares held: 0.0 | Last price: $61.22
2026-09-23 18:53:13,022 | [VMRK] ACTION: No trade.
2026-09-23 18:53:13,059 | [VOYG] trending (ADX 58.6) -> trend-following strategy | Signal: HOLD | Shares held: 0.0 | Last price: $30.76
2026-09-23 18:53:13,059 | [VOYG] ACTION: No trade.
2026-09-23 18:53:13,103 | [VRSK] choppy/sideways (ADX 9.0) -> mean-reversion strategy | Signal: HOLD | Shares held: 0.0 | Last price: $171.60
2026-09-23 18:53:13,103 | [VRSK] ACTION: No trade.
2026-09-23 18:53:13,143 | [VRSN] trending (ADX 40.7) -> trend-following strategy | Signal: HOLD | Shares held: 0.0 | Last price: $293.15
2026-09-23 18:53:13,143 | [VRSN] ACTION: No trade.
2026-09-23 18:53:13,179 | [VRT] choppy/sideways (ADX 20.2) -> mean-reversion strategy | Signal: HOLD | Shares held: 0.0 | Last price: $249.91
2026-09-23 18:53:13,179 | [VRT] ACTION: No trade.
2026-09-23 18:53:13,214 | [VRTX] choppy/sideways (ADX 20.1) -> mean-reversion strategy | Signal: HOLD | Shares held: 0.0 | Last price: $511.80
2026-09-23 18:53:13,214 | [VRTX] ACTION: No trade.
2026-09-23 18:53:13,249 | [VST] trending (ADX 25.3) -> trend-following strategy | Signal: HOLD | Shares held: 0.0 | Last price: $138.45
2026-09-23 18:53:13,249 | [VST] ACTION: No trade.
2026-09-23 18:53:16,292 | [VTR] choppy/sideways (ADX 14.4) -> mean-reversion strategy | Signal: HOLD | Shares held: 0.0 | Last price: $86.36
2026-09-23 18:53:16,292 | [VTR] ACTION: No trade.
2026-09-23 18:53:16,328 | [VTRS] choppy/sideways (ADX 17.1) -> mean-reversion strategy | Signal: HOLD | Shares held: 0.0 | Last price: $17.05
2026-09-23 18:53:16,328 | [VTRS] ACTION: No trade.
2026-09-23 18:53:16,358 | [VZ] choppy/sideways (ADX 22.9) -> mean-reversion strategy | Signal: HOLD | Shares held: 0.0 | Last price: $46.85
2026-09-23 18:53:16,358 | [VZ] ACTION: No trade.
2026-09-23 18:53:16,392 | [WAB] trending (ADX 32.6) -> trend-following strategy | Signal: HOLD | Shares held: 0.0 | Last price: $292.02
2026-09-23 18:53:16,393 | [WAB] ACTION: No trade.
2026-09-23 18:53:16,429 | [WAT] choppy/sideways (ADX 14.8) -> mean-reversion strategy | Signal: HOLD | Shares held: 0.0 | Last price: $421.00
2026-09-23 18:53:16,429 | [WAT] ACTION: No trade.
2026-09-23 18:53:16,464 | [WBD] trending (ADX 35.6) -> trend-following strategy | Signal: HOLD | Shares held: 0.0 | Last price: $30.71
2026-09-23 18:53:16,464 | [WBD] ACTION: No trade.
2026-09-23 18:53:16,505 | [WDAY] choppy/sideways (ADX 16.6) -> mean-reversion strategy | Signal: HOLD | Shares held: 0.0 | Last price: $192.17
2026-09-23 18:53:16,505 | [WDAY] ACTION: No trade.
2026-09-23 18:53:16,542 | [WDC] choppy/sideways (ADX 24.4) -> mean-reversion strategy | Signal: HOLD | Shares held: 0.0 | Last price: $467.74
2026-09-23 18:53:16,543 | [WDC] ACTION: No trade.
2026-09-23 18:53:16,580 | [WEC] trending (ADX 33.9) -> trend-following strategy | Signal: HOLD | Shares held: 0.0 | Last price: $101.33
2026-09-23 18:53:16,580 | [WEC] ACTION: No trade.
2026-09-23 18:53:16,615 | [WELL] choppy/sideways (ADX 19.1) -> mean-reversion strategy | Signal: HOLD | Shares held: 0.0 | Last price: $230.16
2026-09-23 18:53:16,615 | [WELL] ACTION: No trade.
2026-09-23 18:53:16,700 | [WFC] trending (ADX 42.2) -> trend-following strategy | Signal: HOLD | Shares held: 0.0 | Last price: $82.16
2026-09-23 18:53:16,700 | [WFC] ACTION: No trade.
2026-09-23 18:53:16,756 | [WM] choppy/sideways (ADX 15.1) -> mean-reversion strategy | Signal: HOLD | Shares held: 0.0 | Last price: $207.25
2026-09-23 18:53:16,756 | [WM] ACTION: No trade.
2026-09-23 18:53:16,792 | [WMB] choppy/sideways (ADX 21.4) -> mean-reversion strategy | Signal: HOLD | Shares held: 0.0 | Last price: $71.38
2026-09-23 18:53:16,792 | [WMB] ACTION: No trade.
2026-09-23 18:53:16,823 | [WMT] trending (ADX 39.7) -> trend-following strategy | Signal: HOLD | Shares held: 0.0 | Last price: $110.17
2026-09-23 18:53:16,823 | [WMT] ACTION: No trade.
2026-09-23 18:53:19,864 | [WRB] choppy/sideways (ADX 18.0) -> mean-reversion strategy | Signal: HOLD | Shares held: 0.0 | Last price: $67.89
2026-09-23 18:53:19,865 | [WRB] ACTION: No trade.
2026-09-23 18:53:19,900 | [WSM] choppy/sideways (ADX 20.9) -> mean-reversion strategy | Signal: HOLD | Shares held: 0.0 | Last price: $230.34
2026-09-23 18:53:19,900 | [WSM] ACTION: No trade.
2026-09-23 18:53:19,937 | [WST] choppy/sideways (ADX 15.3) -> mean-reversion strategy | Signal: HOLD | Shares held: 0.0 | Last price: $375.00
2026-09-23 18:53:19,937 | [WST] ACTION: No trade.
2026-09-23 18:53:19,973 | [WTW] choppy/sideways (ADX 12.3) -> mean-reversion strategy | Signal: HOLD | Shares held: 0.0 | Last price: $300.84
2026-09-23 18:53:19,973 | [WTW] ACTION: No trade.
2026-09-23 18:53:20,008 | [WYNN] choppy/sideways (ADX 22.6) -> mean-reversion strategy | Signal: HOLD | Shares held: 0.0 | Last price: $81.32
2026-09-23 18:53:20,008 | [WYNN] ACTION: No trade.
2026-09-23 18:53:20,044 | [XEL] trending (ADX 35.9) -> trend-following strategy | Signal: HOLD | Shares held: 0.0 | Last price: $70.83
2026-09-23 18:53:20,044 | [XEL] ACTION: No trade.
2026-09-23 18:53:20,074 | [XOM] choppy/sideways (ADX 14.1) -> mean-reversion strategy | Signal: HOLD | Shares held: 0.0 | Last price: $160.91
2026-09-23 18:53:20,075 | [XOM] ACTION: No trade.
2026-09-23 18:53:20,110 | [XYL] choppy/sideways (ADX 20.3) -> mean-reversion strategy | Signal: HOLD | Shares held: 0.0 | Last price: $108.79
2026-09-23 18:53:20,110 | [XYL] ACTION: No trade.
2026-09-23 18:53:20,145 | [XYZ] trending (ADX 29.0) -> trend-following strategy | Signal: HOLD | Shares held: 0.0 | Last price: $75.00
2026-09-23 18:53:20,145 | [XYZ] ACTION: No trade.
2026-09-23 18:53:20,183 | [YUM] choppy/sideways (ADX 15.8) -> mean-reversion strategy | Signal: HOLD | Shares held: 0.0 | Last price: $140.49
2026-09-23 18:53:20,183 | [YUM] ACTION: No trade.
2026-09-23 18:53:20,219 | [ZBH] trending (ADX 45.2) -> trend-following strategy | Signal: HOLD | Shares held: 0.0 | Last price: $90.11
2026-09-23 18:53:20,220 | [ZBH] ACTION: No trade.
2026-09-23 18:53:20,256 | [ZBRA] trending (ADX 48.7) -> trend-following strategy | Signal: HOLD | Shares held: 0.0 | Last price: $370.55
2026-09-23 18:53:20,256 | [ZBRA] ACTION: No trade.
2026-09-23 18:53:20,292 | [ZTS] choppy/sideways (ADX 15.3) -> mean-reversion strategy | Signal: HOLD | Shares held: 0.0 | Last price: $71.73
2026-09-23 18:53:20,292 | [ZTS] ACTION: No trade.
2026-09-23 19:08:20,546 | Market is open (closes 2026-09-23 22:00:00 CEST your local time). Checking 492 symbols: A, AAPL, ABBV, ABNB, ABT, ACGL, ACN, ADBE, ADI, ADM, ADP, ADSK, AEE, AEP, AES, AFL, AIG, AIZ, AJG, AKAM, ALB, ALGN, ALKT, ALL, ALLE, AMAT, AMCR, AMD, AME, AMGN, AMP, AMT, AMZN, ANET, AON, APA, APD, APH, APO, APP, APTV, ARES, ATO, AVGO, AVY, AWK, AXON, AXP, AZO, BA, BAC, BALL, BAX, BBY, BDX, BE, BEN, BG, BIIB, BKNG, BKR, BLK, BMY, BNY, BR, BRK.B, BRO, BSX, BX, BXP, C, CAH, CARR, CASY, CAT, CB, CBOE, CBRE, CCI, CCL, CDNS, CDW, CEG, CF, CFG, CHD, CHRW, CHTR, CI, CIEN, CINF, CL, CLX, CMCSA, CME, CMG, CMI, CMS, CNC, CNP, COF, COHR, COIN, COO, COP, COR, COST, CPAY, CPRT, CPT, CRH, CRL, CRM, CRWD, CSCO, CSGP, CSX, CTAS, CTSH, CTVA, CVNA, CVS, CVX, D, DAL, DASH, DD, DDOG, DE, DECK, DELL, DG, DGX, DHI, DHR, DIS, DLR, DLTR, DOC, DOV, DOW, DPZ, DRI, DTE, DUK, DVA, DVN, DXCM, EBAY, ECHO, ECL, ED, EFX, EG, EIX, EL, ELV, EME, EMR, EOG, EQIX, EQT, ES, ESS, ETN, ETR, EVRG, EW, EXC, EXE, EXPD, EXPE, EXR, F, FANG, FAST, FCX, FDS, FDX, FDXF, FE, FERG, FFIV, FICO, FIS, FISV, FITB, FIX, FLEX, FOXA, FRT, FSLR, FTNT, FTV, GD, GDDY, GE, GEHC, GEN, GEV, GILD, GIS, GLW, GM, GNRC, GOOG, GOOGL, GPC, GPN, GRMN, GS, GWW, HAL, HAS, HBAN, HCA, HD, HIG, HII, HLT, HON, HONA, HOOD, HPE, HPQ, HST, HSY, HUBB, HUM, HWM, IBKR, IBM, ICE, IDXX, IEX, IFF, ILMN, INCY, INTC, INTU, INVH, IP, IQV, IR, IRM, ISRG, IT, ITW, IVZ, J, JBHT, JBL, JCI, JKHY, JNJ, JPM, KDP, KEY, KEYS, KHC, KKR, KLAC, KMB, KMI, KO, KR, KVUE, L, LDOS, LEN, LH, LHX, LII, LIN, LITE, LLY, LMT, LNT, LOW, LRCX, LULU, LUV, LVS, LYB, LYV, MA, MAA, MAR, MAS, MCD, MCHP, MCK, MCO, MDLZ, MDT, MET, META, MGM, MKC, MLM, MMM, MNST, MO, MOS, MPC, MPWR, MRK, MRNA, MRSH, MRVL, MS, MSCI, MSFT, MSI, MTB, MTD, MU, NCLH, NDAQ, NDSN, NEE, NEM, NFLX, NI, NKE, NOC, NOW, NRG, NSC, NTAP, NTRS, NUE, NVDA, NVR, NWSA, NXPI, O, ODFL, OKE, OMC, ON, ORCL, ORLY, OTIS, OXY, P, PANW, PAYX, PCAR, PCG, PEG, PEP, PFE, PFG, PG, PGR, PH, PHM, PKG, PLD, PLTR, PM, PNC, PNR, PNW, PODD, PPG, PPL, PRU, PSA, PSX, PTC, PWR, PYPL, Q, QCOM, RCL, RDDT, REG, REGN, RF, RJF, RL, RMD, ROK, ROL, ROP, ROST, RSG, RTX, RVTY, SBAC, SBUX, SCHW, SHW, SJM, SLB, SMCI, SNA, SNDK, SNPS, SO, SPG, SPGI, SRE, STE, STLD, STT, STX, STZ, SW, SWK, SWKS, SYF, SYK, SYY, T, TDG, TDY, TECH, TEL, TER, TFC, TGT, TJX, TKO, TMO, TMUS, TPL, TPR, TRGP, TRMB, TROW, TRV, TSCO, TSLA, TSN, TT, TTWO, TXN, TXT, TYL, UAL, UBER, UDR, UHS, ULTA, UNH, UNP, UPS, URI, USB, V, VEEV, VICI, VLO, VLTO, VMC, VMRK, VOYG, VRSK, VRSN, VRT, VRTX, VST, VTR, VTRS, VZ, WAB, WAT, WBD, WDAY, WDC, WEC, WELL, WFC, WM, WMB, WMT, WRB, WSM, WST, WTW, WYNN, XEL, XOM, XYL, XYZ, YUM, ZBH, ZBRA, ZTS (within 90 min of close -- not enough runway left today for a new position)
2026-09-23 19:08:47,157 | [A] trending (ADX 25.1) -> trend-following strategy | Signal: HOLD | Shares held: 0.0 | Last price: $164.22
2026-09-23 19:08:47,158 | [A] ACTION: No trade.
2026-09-23 19:08:47,187 | [AAPL] choppy/sideways (ADX 20.9) -> mean-reversion strategy | Signal: HOLD | Shares held: 0.0 | Last price: $337.12
2026-09-23 19:08:47,187 | [AAPL] ACTION: No trade.
2026-09-23 19:08:47,217 | [ABBV] choppy/sideways (ADX 12.1) -> mean-reversion strategy | Signal: HOLD | Shares held: 0.0 | Last price: $264.79
2026-09-23 19:08:47,217 | [ABBV] ACTION: No trade.
2026-09-23 19:08:47,247 | [ABNB] trending (ADX 50.3) -> trend-following strategy | Signal: HOLD | Shares held: 0.0 | Last price: $151.87
2026-09-23 19:08:47,247 | [ABNB] ACTION: No trade.
2026-09-23 19:08:47,277 | [ABT] choppy/sideways (ADX 12.8) -> mean-reversion strategy | Signal: HOLD | Shares held: 0.0 | Last price: $103.44
2026-09-23 19:08:47,277 | [ABT] ACTION: No trade.
2026-09-23 19:08:47,306 | [ACGL] trending (ADX 27.0) -> trend-following strategy | Signal: HOLD | Shares held: 0.0 | Last price: $95.31
2026-09-23 19:08:47,306 | [ACGL] ACTION: No trade.
2026-09-23 19:08:47,336 | [ACN] choppy/sideways (ADX 13.6) -> mean-reversion strategy | Signal: HOLD | Shares held: 0.0 | Last price: $184.63
2026-09-23 19:08:47,336 | [ACN] ACTION: No trade.
2026-09-23 19:08:47,366 | [ADBE] choppy/sideways (ADX 19.8) -> mean-reversion strategy | Signal: HOLD | Shares held: 0.0 | Last price: $239.97
2026-09-23 19:08:47,366 | [ADBE] ACTION: No trade.
2026-09-23 19:08:47,396 | [ADI] choppy/sideways (ADX 18.1) -> mean-reversion strategy | Signal: HOLD | Shares held: 0.0 | Last price: $384.20
2026-09-23 19:08:47,396 | [ADI] ACTION: No trade.
2026-09-23 19:08:47,426 | [ADM] trending (ADX 39.6) -> trend-following strategy | Signal: HOLD | Shares held: 0.0 | Last price: $81.78
2026-09-23 19:08:47,426 | [ADM] ACTION: No trade.
2026-09-23 19:08:47,456 | [ADP] choppy/sideways (ADX 16.8) -> mean-reversion strategy | Signal: HOLD | Shares held: 0.0 | Last price: $265.44
2026-09-23 19:08:47,456 | [ADP] ACTION: No trade.
2026-09-23 19:08:47,486 | [ADSK] choppy/sideways (ADX 15.2) -> mean-reversion strategy | Signal: HOLD | Shares held: 0.0 | Last price: $217.88
2026-09-23 19:08:47,486 | [ADSK] ACTION: No trade.
2026-09-23 19:08:47,516 | [AEE] trending (ADX 43.5) -> trend-following strategy | Signal: HOLD | Shares held: 0.0 | Last price: $99.90
2026-09-23 19:08:47,516 | [AEE] ACTION: No trade.
2026-09-23 19:08:47,546 | [AEP] choppy/sideways (ADX 20.2) -> mean-reversion strategy | Signal: HOLD | Shares held: 0.0 | Last price: $118.64
2026-09-23 19:08:47,546 | [AEP] ACTION: No trade.
2026-09-23 19:08:47,576 | [AES] choppy/sideways (ADX 15.9) -> mean-reversion strategy | Signal: HOLD | Shares held: 0.0 | Last price: $14.82
2026-09-23 19:08:47,576 | [AES] ACTION: No trade.
2026-09-23 19:08:47,606 | [AFL] choppy/sideways (ADX 12.3) -> mean-reversion strategy | Signal: HOLD | Shares held: 0.0 | Last price: $115.03
2026-09-23 19:08:47,606 | [AFL] ACTION: No trade.
2026-09-23 19:08:47,636 | [AIG] choppy/sideways (ADX 16.0) -> mean-reversion strategy | Signal: HOLD | Shares held: 0.0 | Last price: $75.45
2026-09-23 19:08:47,636 | [AIG] ACTION: No trade.
2026-09-23 19:08:47,667 | [AIZ] trending (ADX 32.1) -> trend-following strategy | Signal: HOLD | Shares held: 0.0 | Last price: $270.71
2026-09-23 19:08:47,667 | [AIZ] ACTION: No trade.
2026-09-23 19:08:47,696 | [AJG] choppy/sideways (ADX 19.2) -> mean-reversion strategy | Signal: HOLD | Shares held: 0.0 | Last price: $228.58
2026-09-23 19:08:47,697 | [AJG] ACTION: No trade.
2026-09-23 19:08:47,727 | [AKAM] choppy/sideways (ADX 20.6) -> mean-reversion strategy | Signal: HOLD | Shares held: 0.0 | Last price: $118.42
2026-09-23 19:08:47,727 | [AKAM] ACTION: No trade.
2026-09-23 19:08:47,757 | [ALB] choppy/sideways (ADX 15.0) -> mean-reversion strategy | Signal: HOLD | Shares held: 0.0 | Last price: $114.87
2026-09-23 19:08:47,757 | [ALB] ACTION: No trade.
2026-09-23 19:08:47,787 | [ALGN] trending (ADX 34.5) -> trend-following strategy | Signal: HOLD | Shares held: 0.0 | Last price: $147.19
2026-09-23 19:08:47,788 | [ALGN] ACTION: No trade.
2026-09-23 19:08:47,817 | [ALKT] trending (ADX 55.9) -> trend-following strategy | Signal: HOLD | Shares held: 0.0 | Last price: $14.52
2026-09-23 19:08:47,817 | [ALKT] ACTION: No trade.
2026-09-23 19:08:47,847 | [ALL] choppy/sideways (ADX 20.5) -> mean-reversion strategy | Signal: HOLD | Shares held: 0.0 | Last price: $227.48
2026-09-23 19:08:47,847 | [ALL] ACTION: No trade.
2026-09-23 19:08:47,878 | [ALLE] trending (ADX 47.8) -> trend-following strategy | Signal: HOLD | Shares held: 0.0 | Last price: $154.23
2026-09-23 19:08:47,878 | [ALLE] ACTION: No trade.
2026-09-23 19:08:47,908 | [AMAT] choppy/sideways (ADX 15.6) -> mean-reversion strategy | Signal: HOLD | Shares held: 0.0 | Last price: $474.39
2026-09-23 19:08:47,908 | [AMAT] ACTION: No trade.
2026-09-23 19:08:47,938 | [AMCR] choppy/sideways (ADX 13.6) -> mean-reversion strategy | Signal: HOLD | Shares held: 0.0 | Last price: $42.84
2026-09-23 19:08:47,938 | [AMCR] ACTION: No trade.
2026-09-23 19:08:47,967 | [AMD] choppy/sideways (ADX 17.2) -> mean-reversion strategy | Signal: HOLD | Shares held: 0.0 | Last price: $614.24
2026-09-23 19:08:47,967 | [AMD] ACTION: No trade.
2026-09-23 19:08:47,997 | [AME] choppy/sideways (ADX 22.9) -> mean-reversion strategy | Signal: HOLD | Shares held: 0.0 | Last price: $246.89
2026-09-23 19:08:47,997 | [AME] ACTION: No trade.
2026-09-23 19:08:48,027 | [AMGN] choppy/sideways (ADX 19.3) -> mean-reversion strategy | Signal: HOLD | Shares held: 0.0 | Last price: $408.05
2026-09-23 19:08:48,027 | [AMGN] ACTION: No trade.
2026-09-23 19:08:48,057 | [AMP] choppy/sideways (ADX 20.9) -> mean-reversion strategy | Signal: HOLD | Shares held: 0.0 | Last price: $507.45
2026-09-23 19:08:48,057 | [AMP] ACTION: No trade.
2026-09-23 19:08:48,087 | [AMT] trending (ADX 27.9) -> trend-following strategy | Signal: HOLD | Shares held: 0.0 | Last price: $171.34
2026-09-23 19:08:48,087 | [AMT] ACTION: No trade.
2026-09-23 19:08:48,117 | [AMZN] trending (ADX 33.9) -> trend-following strategy | Signal: HOLD | Shares held: 0.0 | Last price: $249.87
2026-09-23 19:08:48,117 | [AMZN] ACTION: No trade.
2026-09-23 19:08:48,147 | [ANET] choppy/sideways (ADX 16.3) -> mean-reversion strategy | Signal: HOLD | Shares held: 0.0 | Last price: $204.44
2026-09-23 19:08:48,147 | [ANET] ACTION: No trade.
2026-09-23 19:08:48,177 | [AON] trending (ADX 45.1) -> trend-following strategy | Signal: HOLD | Shares held: 0.0 | Last price: $282.08
2026-09-23 19:08:48,177 | [AON] ACTION: No trade.
2026-09-23 19:08:48,207 | [APA] choppy/sideways (ADX 18.5) -> mean-reversion strategy | Signal: HOLD | Shares held: 0.0 | Last price: $43.71
2026-09-23 19:08:48,207 | [APA] ACTION: No trade.
2026-09-23 19:08:48,237 | [APD] choppy/sideways (ADX 17.7) -> mean-reversion strategy | Signal: HOLD | Shares held: 0.0 | Last price: $286.54
2026-09-23 19:08:48,237 | [APD] ACTION: No trade.
2026-09-23 19:08:48,266 | [APH] choppy/sideways (ADX 13.7) -> mean-reversion strategy | Signal: HOLD | Shares held: 0.0 | Last price: $82.46
2026-09-23 19:08:48,266 | [APH] ACTION: No trade.
2026-09-23 19:08:48,296 | [APO] trending (ADX 25.0) -> trend-following strategy | Signal: HOLD | Shares held: 0.0 | Last price: $124.40
2026-09-23 19:08:48,296 | [APO] ACTION: No trade.
2026-09-23 19:08:48,326 | [APP] trending (ADX 27.6) -> trend-following strategy | Signal: HOLD | Shares held: 0.0 | Last price: $314.53
2026-09-23 19:08:48,326 | [APP] ACTION: No trade.
2026-09-23 19:08:48,356 | [APTV] choppy/sideways (ADX 13.1) -> mean-reversion strategy | Signal: HOLD | Shares held: 0.0 | Last price: $45.12
2026-09-23 19:08:48,356 | [APTV] ACTION: No trade.
2026-09-23 19:08:48,385 | [ARES] trending (ADX 30.3) -> trend-following strategy | Signal: HOLD | Shares held: 0.0 | Last price: $122.08
2026-09-23 19:08:48,386 | [ARES] ACTION: No trade.
2026-09-23 19:08:48,415 | [ATO] trending (ADX 36.1) -> trend-following strategy | Signal: HOLD | Shares held: 0.0 | Last price: $156.10
2026-09-23 19:08:48,415 | [ATO] ACTION: No trade.
2026-09-23 19:08:48,445 | [AVGO] trending (ADX 39.5) -> trend-following strategy | Signal: HOLD | Shares held: 0.0 | Last price: $355.18
2026-09-23 19:08:48,445 | [AVGO] ACTION: No trade.
2026-09-23 19:08:48,475 | [AVY] trending (ADX 25.6) -> trend-following strategy | Signal: HOLD | Shares held: 0.0 | Last price: $172.62
2026-09-23 19:08:48,475 | [AVY] ACTION: No trade.
2026-09-23 19:08:48,505 | [AWK] choppy/sideways (ADX 14.6) -> mean-reversion strategy | Signal: HOLD | Shares held: 0.0 | Last price: $133.88
2026-09-23 19:08:48,505 | [AWK] ACTION: No trade.
2026-09-23 19:08:48,559 | [AXON] choppy/sideways (ADX 16.5) -> mean-reversion strategy | Signal: HOLD | Shares held: 0.0 | Last price: $452.00
2026-09-23 19:08:48,559 | [AXON] ACTION: No trade.
2026-09-23 19:08:48,589 | [AXP] trending (ADX 39.0) -> trend-following strategy | Signal: HOLD | Shares held: 0.0 | Last price: $302.19
2026-09-23 19:08:48,589 | [AXP] ACTION: No trade.
2026-09-23 19:08:48,619 | [AZO] choppy/sideways (ADX 19.2) -> mean-reversion strategy | Signal: HOLD | Shares held: 0.0 | Last price: $2874.99
2026-09-23 19:08:48,619 | [AZO] ACTION: No trade.
2026-09-23 19:08:48,648 | [BA] choppy/sideways (ADX 24.9) -> mean-reversion strategy | Signal: HOLD | Shares held: 0.0 | Last price: $201.00
2026-09-23 19:08:48,648 | [BA] ACTION: No trade.
2026-09-23 19:08:48,678 | [BAC] trending (ADX 38.0) -> trend-following strategy | Signal: HOLD | Shares held: 0.0 | Last price: $55.98
2026-09-23 19:08:48,678 | [BAC] ACTION: No trade.
2026-09-23 19:08:48,708 | [BALL] choppy/sideways (ADX 23.2) -> mean-reversion strategy | Signal: HOLD | Shares held: 0.0 | Last price: $59.04
2026-09-23 19:08:48,708 | [BALL] ACTION: No trade.
2026-09-23 19:08:48,738 | [BAX] trending (ADX 27.2) -> trend-following strategy | Signal: HOLD | Shares held: 0.0 | Last price: $23.57
2026-09-23 19:08:48,738 | [BAX] ACTION: No trade.
2026-09-23 19:08:48,768 | [BBY] trending (ADX 37.7) -> trend-following strategy | Signal: HOLD | Shares held: 0.0 | Last price: $91.28
2026-09-23 19:08:48,768 | [BBY] ACTION: No trade.
2026-09-23 19:08:48,799 | [BDX] choppy/sideways (ADX 18.0) -> mean-reversion strategy | Signal: HOLD | Shares held: 0.0 | Last price: $181.84
2026-09-23 19:08:48,799 | [BDX] ACTION: No trade.
2026-09-23 19:08:48,829 | [BE] choppy/sideways (ADX 13.6) -> mean-reversion strategy | Signal: HOLD | Shares held: 0.0 | Last price: $274.34
2026-09-23 19:08:48,829 | [BE] ACTION: No trade.
2026-09-23 19:08:48,859 | [BEN] choppy/sideways (ADX 13.1) -> mean-reversion strategy | Signal: HOLD | Shares held: 0.0 | Last price: $32.84
2026-09-23 19:08:48,860 | [BEN] ACTION: No trade.
2026-09-23 19:08:48,890 | [BG] trending (ADX 28.5) -> trend-following strategy | Signal: HOLD | Shares held: 0.0 | Last price: $110.97
2026-09-23 19:08:48,890 | [BG] ACTION: No trade.
2026-09-23 19:08:48,920 | [BIIB] choppy/sideways (ADX 15.7) -> mean-reversion strategy | Signal: HOLD | Shares held: 0.0 | Last price: $223.82
2026-09-23 19:08:48,920 | [BIIB] ACTION: No trade.
2026-09-23 19:08:48,950 | [BKNG] choppy/sideways (ADX 15.2) -> mean-reversion strategy | Signal: HOLD | Shares held: 0.0 | Last price: $156.44
2026-09-23 19:08:48,950 | [BKNG] ACTION: No trade.
2026-09-23 19:08:48,980 | [BKR] choppy/sideways (ADX 19.4) -> mean-reversion strategy | Signal: HOLD | Shares held: 0.0 | Last price: $57.83
2026-09-23 19:08:48,980 | [BKR] ACTION: No trade.
2026-09-23 19:08:49,010 | [BLK] choppy/sideways (ADX 18.6) -> mean-reversion strategy | Signal: HOLD | Shares held: 0.0 | Last price: $1064.08
2026-09-23 19:08:49,010 | [BLK] ACTION: No trade.
2026-09-23 19:08:49,040 | [BMY] trending (ADX 35.3) -> trend-following strategy | Signal: HOLD | Shares held: 0.0 | Last price: $61.28
2026-09-23 19:08:49,040 | [BMY] ACTION: No trade.
2026-09-23 19:08:49,070 | [BNY] choppy/sideways (ADX 18.8) -> mean-reversion strategy | Signal: HOLD | Shares held: 0.0 | Last price: $150.39
2026-09-23 19:08:49,070 | [BNY] ACTION: No trade.
2026-09-23 19:08:49,100 | [BR] choppy/sideways (ADX 14.4) -> mean-reversion strategy | Signal: HOLD | Shares held: 0.0 | Last price: $163.73
2026-09-23 19:08:49,100 | [BR] ACTION: No trade.
2026-09-23 19:08:49,129 | [BRK.B] trending (ADX 31.2) -> trend-following strategy | Signal: HOLD | Shares held: 0.0 | Last price: $509.21
2026-09-23 19:08:49,130 | [BRK.B] ACTION: No trade.
2026-09-23 19:08:49,159 | [BRO] choppy/sideways (ADX 22.1) -> mean-reversion strategy | Signal: HOLD | Shares held: 0.0 | Last price: $62.00
2026-09-23 19:08:49,159 | [BRO] ACTION: No trade.
2026-09-23 19:08:49,189 | [BSX] trending (ADX 28.6) -> trend-following strategy | Signal: HOLD | Shares held: 0.0 | Last price: $44.23
2026-09-23 19:08:49,189 | [BSX] ACTION: No trade.
2026-09-23 19:08:49,219 | [BX] trending (ADX 44.5) -> trend-following strategy | Signal: HOLD | Shares held: 0.0 | Last price: $119.86
2026-09-23 19:08:49,219 | [BX] ACTION: No trade.
2026-09-23 19:08:49,248 | [BXP] choppy/sideways (ADX 24.6) -> mean-reversion strategy | Signal: HOLD | Shares held: 0.0 | Last price: $62.66
2026-09-23 19:08:49,249 | [BXP] ACTION: No trade.
2026-09-23 19:08:49,279 | [C] choppy/sideways (ADX 11.1) -> mean-reversion strategy | Signal: HOLD | Shares held: 0.0 | Last price: $132.76
2026-09-23 19:08:49,279 | [C] ACTION: No trade.
2026-09-23 19:08:49,309 | [CAH] choppy/sideways (ADX 16.1) -> mean-reversion strategy | Signal: HOLD | Shares held: 0.0 | Last price: $222.29
2026-09-23 19:08:49,309 | [CAH] ACTION: No trade.
2026-09-23 19:08:49,339 | [CARR] choppy/sideways (ADX 10.9) -> mean-reversion strategy | Signal: HOLD | Shares held: 0.0 | Last price: $55.42
2026-09-23 19:08:49,339 | [CARR] ACTION: No trade.
2026-09-23 19:08:49,369 | [CASY] trending (ADX 30.6) -> trend-following strategy | Signal: HOLD | Shares held: 0.0 | Last price: $599.62
2026-09-23 19:08:49,369 | [CASY] ACTION: No trade.
2026-09-23 19:08:49,398 | [CAT] choppy/sideways (ADX 11.9) -> mean-reversion strategy | Signal: HOLD | Shares held: 0.0 | Last price: $811.85
2026-09-23 19:08:49,399 | [CAT] ACTION: No trade.
2026-09-23 19:08:49,428 | [CB] choppy/sideways (ADX 21.9) -> mean-reversion strategy | Signal: HOLD | Shares held: 0.0 | Last price: $335.61
2026-09-23 19:08:49,428 | [CB] ACTION: No trade.
2026-09-23 19:08:49,458 | [CBOE] choppy/sideways (ADX 21.9) -> mean-reversion strategy | Signal: HOLD | Shares held: 0.0 | Last price: $271.49
2026-09-23 19:08:49,458 | [CBOE] ACTION: No trade.
2026-09-23 19:08:49,488 | [CBRE] trending (ADX 37.7) -> trend-following strategy | Signal: HOLD | Shares held: 0.0 | Last price: $136.26
2026-09-23 19:08:49,488 | [CBRE] ACTION: No trade.
2026-09-23 19:08:49,518 | [CCI] trending (ADX 37.5) -> trend-following strategy | Signal: HOLD | Shares held: 0.0 | Last price: $70.55
2026-09-23 19:08:49,518 | [CCI] ACTION: No trade.
2026-09-23 19:08:49,548 | [CCL] choppy/sideways (ADX 16.8) -> mean-reversion strategy | Signal: HOLD | Shares held: 0.0 | Last price: $21.85
2026-09-23 19:08:49,548 | [CCL] ACTION: No trade.
2026-09-23 19:08:49,578 | [CDNS] trending (ADX 60.8) -> trend-following strategy | Signal: HOLD | Shares held: 0.0 | Last price: $313.30
2026-09-23 19:08:49,578 | [CDNS] ACTION: No trade.
2026-09-23 19:08:49,608 | [CDW] choppy/sideways (ADX 15.6) -> mean-reversion strategy | Signal: HOLD | Shares held: 0.0 | Last price: $146.75
2026-09-23 19:08:49,608 | [CDW] ACTION: No trade.
2026-09-23 19:08:49,638 | [CEG] choppy/sideways (ADX 19.2) -> mean-reversion strategy | Signal: HOLD | Shares held: 0.0 | Last price: $263.68
2026-09-23 19:08:49,638 | [CEG] ACTION: No trade.
2026-09-23 19:08:49,667 | [CF] choppy/sideways (ADX 17.6) -> mean-reversion strategy | Signal: HOLD | Shares held: 0.0 | Last price: $121.02
2026-09-23 19:08:49,667 | [CF] ACTION: No trade.
2026-09-23 19:08:49,697 | [CFG] trending (ADX 26.6) -> trend-following strategy | Signal: HOLD | Shares held: 0.0 | Last price: $65.17
2026-09-23 19:08:49,697 | [CFG] ACTION: No trade.
2026-09-23 19:08:49,727 | [CHD] choppy/sideways (ADX 17.5) -> mean-reversion strategy | Signal: HOLD | Shares held: 0.0 | Last price: $96.20
2026-09-23 19:08:49,727 | [CHD] ACTION: No trade.
2026-09-23 19:08:49,756 | [CHRW] choppy/sideways (ADX 13.2) -> mean-reversion strategy | Signal: HOLD | Shares held: 0.0 | Last price: $150.32
2026-09-23 19:08:49,757 | [CHRW] ACTION: No trade.
2026-09-23 19:08:49,787 | [CHTR] choppy/sideways (ADX 18.4) -> mean-reversion strategy | Signal: HOLD | Shares held: 0.0 | Last price: $119.83
2026-09-23 19:08:49,787 | [CHTR] ACTION: No trade.
2026-09-23 19:08:49,816 | [CI] trending (ADX 45.6) -> trend-following strategy | Signal: HOLD | Shares held: 0.0 | Last price: $269.35
2026-09-23 19:08:49,817 | [CI] ACTION: No trade.
2026-09-23 19:08:49,847 | [CIEN] trending (ADX 25.2) -> trend-following strategy | Signal: HOLD | Shares held: 0.0 | Last price: $357.14
2026-09-23 19:08:49,847 | [CIEN] ACTION: No trade.
2026-09-23 19:08:49,877 | [CINF] trending (ADX 36.1) -> trend-following strategy | Signal: HOLD | Shares held: 0.0 | Last price: $163.48
2026-09-23 19:08:49,877 | [CINF] ACTION: No trade.
2026-09-23 19:08:49,907 | [CL] trending (ADX 26.4) -> trend-following strategy | Signal: HOLD | Shares held: 0.0 | Last price: $86.23
2026-09-23 19:08:49,907 | [CL] ACTION: No trade.
2026-09-23 19:08:49,937 | [CLX] trending (ADX 27.9) -> trend-following strategy | Signal: HOLD | Shares held: 0.0 | Last price: $84.79
2026-09-23 19:08:49,937 | [CLX] ACTION: No trade.
2026-09-23 19:08:49,967 | [CMCSA] choppy/sideways (ADX 19.7) -> mean-reversion strategy | Signal: HOLD | Shares held: 0.0 | Last price: $22.73
2026-09-23 19:08:49,967 | [CMCSA] ACTION: No trade.
2026-09-23 19:08:49,997 | [CME] choppy/sideways (ADX 17.3) -> mean-reversion strategy | Signal: HOLD | Shares held: 0.0 | Last price: $272.72
2026-09-23 19:08:49,997 | [CME] ACTION: No trade.
2026-09-23 19:08:50,026 | [CMG] choppy/sideways (ADX 14.6) -> mean-reversion strategy | Signal: HOLD | Shares held: 0.0 | Last price: $32.73
2026-09-23 19:08:50,026 | [CMG] ACTION: No trade.
2026-09-23 19:08:50,056 | [CMI] choppy/sideways (ADX 13.9) -> mean-reversion strategy | Signal: HOLD | Shares held: 0.0 | Last price: $523.56
2026-09-23 19:08:50,056 | [CMI] ACTION: No trade.
2026-09-23 19:08:50,086 | [CMS] trending (ADX 40.8) -> trend-following strategy | Signal: HOLD | Shares held: 0.0 | Last price: $63.09
2026-09-23 19:08:50,086 | [CMS] ACTION: No trade.
2026-09-23 19:08:50,116 | [CNC] trending (ADX 31.3) -> trend-following strategy | Signal: HOLD | Shares held: 0.0 | Last price: $62.33
2026-09-23 19:08:50,116 | [CNC] ACTION: No trade.
2026-09-23 19:08:50,146 | [CNP] trending (ADX 41.5) -> trend-following strategy | Signal: HOLD | Shares held: 0.0 | Last price: $37.13
2026-09-23 19:08:50,146 | [CNP] ACTION: No trade.
2026-09-23 19:08:50,176 | [COF] trending (ADX 36.7) -> trend-following strategy | Signal: HOLD | Shares held: 0.0 | Last price: $196.50
2026-09-23 19:08:50,176 | [COF] ACTION: No trade.
2026-09-23 19:08:50,206 | [COHR] trending (ADX 29.1) -> trend-following strategy | Signal: HOLD | Shares held: 0.0 | Last price: $301.67
2026-09-23 19:08:50,206 | [COHR] ACTION: No trade.
2026-09-23 19:08:50,236 | [COIN] trending (ADX 42.7) -> trend-following strategy | Signal: HOLD | Shares held: 0.0 | Last price: $198.42
2026-09-23 19:08:50,236 | [COIN] ACTION: No trade.
2026-09-23 19:08:50,266 | [COO] choppy/sideways (ADX 13.1) -> mean-reversion strategy | Signal: HOLD | Shares held: 0.0 | Last price: $55.42
2026-09-23 19:08:50,266 | [COO] ACTION: No trade.
2026-09-23 19:08:50,296 | [COP] choppy/sideways (ADX 20.2) -> mean-reversion strategy | Signal: HOLD | Shares held: 0.0 | Last price: $128.01
2026-09-23 19:08:50,296 | [COP] ACTION: No trade.
2026-09-23 19:08:50,326 | [COR] choppy/sideways (ADX 19.8) -> mean-reversion strategy | Signal: HOLD | Shares held: 0.0 | Last price: $312.70
2026-09-23 19:08:50,326 | [COR] ACTION: No trade.
2026-09-23 19:08:50,356 | [COST] choppy/sideways (ADX 20.9) -> mean-reversion strategy | Signal: HOLD | Shares held: 0.0 | Last price: $903.43
2026-09-23 19:08:50,356 | [COST] ACTION: No trade.
2026-09-23 19:08:50,386 | [CPAY] choppy/sideways (ADX 16.2) -> mean-reversion strategy | Signal: HOLD | Shares held: 0.0 | Last price: $395.70
2026-09-23 19:08:50,386 | [CPAY] ACTION: No trade.
2026-09-23 19:08:50,415 | [CPRT] choppy/sideways (ADX 21.3) -> mean-reversion strategy | Signal: HOLD | Shares held: 0.0 | Last price: $28.41
2026-09-23 19:08:50,415 | [CPRT] ACTION: No trade.
2026-09-23 19:08:50,445 | [CPT] choppy/sideways (ADX 18.6) -> mean-reversion strategy | Signal: HOLD | Shares held: 0.0 | Last price: $98.31
2026-09-23 19:08:50,445 | [CPT] ACTION: No trade.
2026-09-23 19:08:50,475 | [CRH] choppy/sideways (ADX 23.0) -> mean-reversion strategy | Signal: HOLD | Shares held: 0.0 | Last price: $86.02
2026-09-23 19:08:50,475 | [CRH] ACTION: No trade.
2026-09-23 19:08:50,505 | [CRL] trending (ADX 31.5) -> trend-following strategy | Signal: HOLD | Shares held: 0.0 | Last price: $278.32
2026-09-23 19:08:50,505 | [CRL] ACTION: No trade.
2026-09-23 19:08:50,535 | [CRM] trending (ADX 44.9) -> trend-following strategy | Signal: HOLD | Shares held: 0.0 | Last price: $238.16
2026-09-23 19:08:50,535 | [CRM] ACTION: No trade.
2026-09-23 19:08:50,565 | [CRWD] trending (ADX 45.8) -> trend-following strategy | Signal: HOLD | Shares held: 0.0 | Last price: $261.86
2026-09-23 19:08:50,565 | [CRWD] ACTION: No trade.
2026-09-23 19:08:50,595 | [CSCO] choppy/sideways (ADX 20.1) -> mean-reversion strategy | Signal: HOLD | Shares held: 0.0 | Last price: $106.52
2026-09-23 19:08:50,595 | [CSCO] ACTION: No trade.
2026-09-23 19:08:50,625 | [CSGP] choppy/sideways (ADX 23.5) -> mean-reversion strategy | Signal: HOLD | Shares held: 0.0 | Last price: $28.16
2026-09-23 19:08:50,625 | [CSGP] ACTION: No trade.
2026-09-23 19:08:50,655 | [CSX] trending (ADX 31.1) -> trend-following strategy | Signal: HOLD | Shares held: 0.0 | Last price: $47.31
2026-09-23 19:08:50,655 | [CSX] ACTION: No trade.
2026-09-23 19:08:50,685 | [CTAS] trending (ADX 25.2) -> trend-following strategy | Signal: HOLD | Shares held: 0.0 | Last price: $195.80
2026-09-23 19:08:50,685 | [CTAS] ACTION: No trade.
2026-09-23 19:08:50,715 | [CTSH] choppy/sideways (ADX 23.4) -> mean-reversion strategy | Signal: HOLD | Shares held: 0.0 | Last price: $59.23
2026-09-23 19:08:50,715 | [CTSH] ACTION: No trade.
2026-09-23 19:08:50,745 | [CTVA] choppy/sideways (ADX 12.9) -> mean-reversion strategy | Signal: HOLD | Shares held: 0.0 | Last price: $81.00
2026-09-23 19:08:50,745 | [CTVA] ACTION: No trade.
2026-09-23 19:08:50,775 | [CVNA] choppy/sideways (ADX 19.1) -> mean-reversion strategy | Signal: HOLD | Shares held: 0.0 | Last price: $64.30
2026-09-23 19:08:50,776 | [CVNA] ACTION: No trade.
2026-09-23 19:08:50,806 | [CVS] trending (ADX 34.8) -> trend-following strategy | Signal: HOLD | Shares held: 0.0 | Last price: $86.01
2026-09-23 19:08:50,806 | [CVS] ACTION: No trade.
2026-09-23 19:08:50,836 | [CVX] choppy/sideways (ADX 16.7) -> mean-reversion strategy | Signal: HOLD | Shares held: 0.0 | Last price: $204.88
2026-09-23 19:08:50,836 | [CVX] ACTION: No trade.
2026-09-23 19:08:50,866 | [D] trending (ADX 42.5) -> trend-following strategy | Signal: HOLD | Shares held: 0.0 | Last price: $61.20
2026-09-23 19:08:50,866 | [D] ACTION: No trade.
2026-09-23 19:08:50,896 | [DAL] choppy/sideways (ADX 12.6) -> mean-reversion strategy | Signal: HOLD | Shares held: 0.0 | Last price: $82.18
2026-09-23 19:08:50,897 | [DAL] ACTION: No trade.
2026-09-23 19:08:50,927 | [DASH] choppy/sideways (ADX 20.5) -> mean-reversion strategy | Signal: HOLD | Shares held: 0.0 | Last price: $187.96
2026-09-23 19:08:50,927 | [DASH] ACTION: No trade.
2026-09-23 19:08:50,957 | [DD] choppy/sideways (ADX 14.5) -> mean-reversion strategy | Signal: HOLD | Shares held: 0.0 | Last price: $131.06
2026-09-23 19:08:50,957 | [DD] ACTION: No trade.
2026-09-23 19:08:50,986 | [DDOG] trending (ADX 35.5) -> trend-following strategy | Signal: HOLD | Shares held: 0.0 | Last price: $251.66
2026-09-23 19:08:50,987 | [DDOG] ACTION: No trade.
2026-09-23 19:08:51,017 | [DE] choppy/sideways (ADX 24.2) -> mean-reversion strategy | Signal: HOLD | Shares held: 0.0 | Last price: $706.78
2026-09-23 19:08:51,017 | [DE] ACTION: No trade.
2026-09-23 19:08:51,047 | [DECK] choppy/sideways (ADX 17.4) -> mean-reversion strategy | Signal: HOLD | Shares held: 0.0 | Last price: $78.66
2026-09-23 19:08:51,047 | [DECK] ACTION: No trade.
2026-09-23 19:08:51,077 | [DELL] choppy/sideways (ADX 17.1) -> mean-reversion strategy | Signal: HOLD | Shares held: 0.0 | Last price: $550.21
2026-09-23 19:08:51,077 | [DELL] ACTION: No trade.
2026-09-23 19:08:51,107 | [DG] trending (ADX 27.9) -> trend-following strategy | Signal: HOLD | Shares held: 0.0 | Last price: $120.67
2026-09-23 19:08:51,107 | [DG] ACTION: No trade.
2026-09-23 19:08:51,138 | [DGX] trending (ADX 35.0) -> trend-following strategy | Signal: HOLD | Shares held: 0.0 | Last price: $233.13
2026-09-23 19:08:51,138 | [DGX] ACTION: No trade.
2026-09-23 19:08:51,168 | [DHI] choppy/sideways (ADX 19.0) -> mean-reversion strategy | Signal: HOLD | Shares held: 0.0 | Last price: $140.48
2026-09-23 19:08:51,168 | [DHI] ACTION: No trade.
2026-09-23 19:08:51,198 | [DHR] choppy/sideways (ADX 18.4) -> mean-reversion strategy | Signal: HOLD | Shares held: 0.0 | Last price: $221.49
2026-09-23 19:08:51,198 | [DHR] ACTION: No trade.
2026-09-23 19:08:51,227 | [DIS] choppy/sideways (ADX 17.4) -> mean-reversion strategy | Signal: HOLD | Shares held: 0.0 | Last price: $103.39
2026-09-23 19:08:51,228 | [DIS] ACTION: No trade.
2026-09-23 19:08:51,257 | [DLR] trending (ADX 37.3) -> trend-following strategy | Signal: HOLD | Shares held: 0.0 | Last price: $182.93
2026-09-23 19:08:51,257 | [DLR] ACTION: No trade.
2026-09-23 19:08:51,288 | [DLTR] trending (ADX 31.7) -> trend-following strategy | Signal: HOLD | Shares held: 0.0 | Last price: $112.78
2026-09-23 19:08:51,288 | [DLTR] ACTION: No trade.
2026-09-23 19:08:51,317 | [DOC] choppy/sideways (ADX 11.9) -> mean-reversion strategy | Signal: HOLD | Shares held: 0.0 | Last price: $20.68
2026-09-23 19:08:51,318 | [DOC] ACTION: No trade.
2026-09-23 19:08:51,347 | [DOV] trending (ADX 38.2) -> trend-following strategy | Signal: HOLD | Shares held: 0.0 | Last price: $189.16
2026-09-23 19:08:51,347 | [DOV] ACTION: No trade.
2026-09-23 19:08:51,377 | [DOW] choppy/sideways (ADX 23.3) -> mean-reversion strategy | Signal: HOLD | Shares held: 0.0 | Last price: $28.66
2026-09-23 19:08:51,377 | [DOW] ACTION: No trade.
2026-09-23 19:08:51,407 | [DPZ] choppy/sideways (ADX 15.2) -> mean-reversion strategy | Signal: HOLD | Shares held: 0.0 | Last price: $294.59
2026-09-23 19:08:51,407 | [DPZ] ACTION: No trade.
2026-09-23 19:08:51,437 | [DRI] choppy/sideways (ADX 20.3) -> mean-reversion strategy | Signal: HOLD | Shares held: 0.0 | Last price: $215.67
2026-09-23 19:08:51,437 | [DRI] ACTION: No trade.
2026-09-23 19:08:51,467 | [DTE] trending (ADX 57.5) -> trend-following strategy | Signal: HOLD | Shares held: 0.0 | Last price: $122.63
2026-09-23 19:08:51,467 | [DTE] ACTION: No trade.
2026-09-23 19:08:51,497 | [DUK] trending (ADX 42.5) -> trend-following strategy | Signal: HOLD | Shares held: 0.0 | Last price: $114.30
2026-09-23 19:08:51,497 | [DUK] ACTION: No trade.
2026-09-23 19:08:51,527 | [DVA] choppy/sideways (ADX 15.7) -> mean-reversion strategy | Signal: HOLD | Shares held: 0.0 | Last price: $183.84
2026-09-23 19:08:51,527 | [DVA] ACTION: No trade.
2026-09-23 19:08:51,557 | [DVN] choppy/sideways (ADX 23.5) -> mean-reversion strategy | Signal: HOLD | Shares held: 0.0 | Last price: $48.30
2026-09-23 19:08:51,557 | [DVN] ACTION: No trade.
2026-09-23 19:08:51,587 | [DXCM] trending (ADX 39.4) -> trend-following strategy | Signal: HOLD | Shares held: 0.0 | Last price: $87.75
2026-09-23 19:08:51,587 | [DXCM] ACTION: No trade.
2026-09-23 19:08:51,617 | [EBAY] choppy/sideways (ADX 17.8) -> mean-reversion strategy | Signal: HOLD | Shares held: 0.0 | Last price: $109.58
2026-09-23 19:08:51,617 | [EBAY] ACTION: No trade.
2026-09-23 19:08:51,647 | [ECHO] trending (ADX 31.2) -> trend-following strategy | Signal: HOLD | Shares held: 0.0 | Last price: $93.69
2026-09-23 19:08:51,647 | [ECHO] ACTION: No trade.
2026-09-23 19:08:51,677 | [ECL] choppy/sideways (ADX 21.1) -> mean-reversion strategy | Signal: HOLD | Shares held: 0.0 | Last price: $276.79
2026-09-23 19:08:51,677 | [ECL] ACTION: No trade.
2026-09-23 19:08:51,707 | [ED] trending (ADX 35.5) -> trend-following strategy | Signal: HOLD | Shares held: 0.0 | Last price: $102.93
2026-09-23 19:08:51,707 | [ED] ACTION: No trade.
2026-09-23 19:08:51,737 | [EFX] choppy/sideways (ADX 22.3) -> mean-reversion strategy | Signal: HOLD | Shares held: 0.0 | Last price: $156.10
2026-09-23 19:08:51,737 | [EFX] ACTION: No trade.
2026-09-23 19:08:51,767 | [EG] trending (ADX 25.8) -> trend-following strategy | Signal: HOLD | Shares held: 0.0 | Last price: $372.67
2026-09-23 19:08:51,767 | [EG] ACTION: No trade.
2026-09-23 19:08:51,798 | [EIX] trending (ADX 38.0) -> trend-following strategy | Signal: HOLD | Shares held: 0.0 | Last price: $53.55
2026-09-23 19:08:51,798 | [EIX] ACTION: No trade.
2026-09-23 19:08:51,828 | [EL] choppy/sideways (ADX 15.6) -> mean-reversion strategy | Signal: HOLD | Shares held: 0.0 | Last price: $98.68
2026-09-23 19:08:51,828 | [EL] ACTION: No trade.
2026-09-23 19:08:51,858 | [ELV] trending (ADX 31.3) -> trend-following strategy | Signal: HOLD | Shares held: 0.0 | Last price: $397.80
2026-09-23 19:08:51,858 | [ELV] ACTION: No trade.
2026-09-23 19:08:51,888 | [EME] choppy/sideways (ADX 19.0) -> mean-reversion strategy | Signal: HOLD | Shares held: 0.0 | Last price: $757.87
2026-09-23 19:08:51,888 | [EME] ACTION: No trade.
2026-09-23 19:08:51,918 | [EMR] choppy/sideways (ADX 20.1) -> mean-reversion strategy | Signal: HOLD | Shares held: 0.0 | Last price: $155.31
2026-09-23 19:08:51,918 | [EMR] ACTION: No trade.
2026-09-23 19:08:51,948 | [EOG] choppy/sideways (ADX 16.1) -> mean-reversion strategy | Signal: HOLD | Shares held: 0.0 | Last price: $141.40
2026-09-23 19:08:51,948 | [EOG] ACTION: No trade.
2026-09-23 19:08:51,978 | [EQIX] trending (ADX 34.0) -> trend-following strategy | Signal: HOLD | Shares held: 0.0 | Last price: $1042.09
2026-09-23 19:08:51,978 | [EQIX] ACTION: No trade.
2026-09-23 19:08:52,008 | [EQT] choppy/sideways (ADX 22.3) -> mean-reversion strategy | Signal: HOLD | Shares held: 0.0 | Last price: $50.92
2026-09-23 19:08:52,008 | [EQT] ACTION: No trade.
2026-09-23 19:08:52,038 | [ES] trending (ADX 51.0) -> trend-following strategy | Signal: HOLD | Shares held: 0.0 | Last price: $64.84
2026-09-23 19:08:52,038 | [ES] ACTION: No trade.
2026-09-23 19:08:52,068 | [ESS] choppy/sideways (ADX 17.6) -> mean-reversion strategy | Signal: HOLD | Shares held: 0.0 | Last price: $273.43
2026-09-23 19:08:52,068 | [ESS] ACTION: No trade.
2026-09-23 19:08:52,098 | [ETN] choppy/sideways (ADX 23.3) -> mean-reversion strategy | Signal: HOLD | Shares held: 0.0 | Last price: $438.42
2026-09-23 19:08:52,098 | [ETN] ACTION: No trade.
2026-09-23 19:08:52,127 | [ETR] trending (ADX 43.1) -> trend-following strategy | Signal: HOLD | Shares held: 0.0 | Last price: $99.05
2026-09-23 19:08:52,127 | [ETR] ACTION: No trade.
2026-09-23 19:08:52,158 | [EVRG] trending (ADX 35.8) -> trend-following strategy | Signal: HOLD | Shares held: 0.0 | Last price: $78.40
2026-09-23 19:08:52,158 | [EVRG] ACTION: No trade.
2026-09-23 19:08:52,187 | [EW] trending (ADX 42.6) -> trend-following strategy | Signal: HOLD | Shares held: 0.0 | Last price: $86.22
2026-09-23 19:08:52,188 | [EW] ACTION: No trade.
2026-09-23 19:08:52,217 | [EXC] trending (ADX 53.2) -> trend-following strategy | Signal: HOLD | Shares held: 0.0 | Last price: $40.72
2026-09-23 19:08:52,217 | [EXC] ACTION: No trade.
2026-09-23 19:08:52,247 | [EXE] choppy/sideways (ADX 9.4) -> mean-reversion strategy | Signal: HOLD | Shares held: 0.0 | Last price: $87.17
2026-09-23 19:08:52,247 | [EXE] ACTION: No trade.
2026-09-23 19:08:52,277 | [EXPD] choppy/sideways (ADX 14.3) -> mean-reversion strategy | Signal: HOLD | Shares held: 0.0 | Last price: $187.91
2026-09-23 19:08:52,277 | [EXPD] ACTION: No trade.
2026-09-23 19:08:52,307 | [EXPE] choppy/sideways (ADX 9.3) -> mean-reversion strategy | Signal: HOLD | Shares held: 0.0 | Last price: $263.26
2026-09-23 19:08:52,307 | [EXPE] ACTION: No trade.
2026-09-23 19:08:52,337 | [EXR] trending (ADX 27.3) -> trend-following strategy | Signal: HOLD | Shares held: 0.0 | Last price: $134.22
2026-09-23 19:08:52,337 | [EXR] ACTION: No trade.
2026-09-23 19:08:52,367 | [F] choppy/sideways (ADX 10.0) -> mean-reversion strategy | Signal: HOLD | Shares held: 0.0 | Last price: $12.98
2026-09-23 19:08:52,367 | [F] ACTION: No trade.
2026-09-23 19:08:52,397 | [FANG] choppy/sideways (ADX 20.2) -> mean-reversion strategy | Signal: HOLD | Shares held: 0.0 | Last price: $185.09
2026-09-23 19:08:52,397 | [FANG] ACTION: No trade.
2026-09-23 19:08:52,426 | [FAST] trending (ADX 46.7) -> trend-following strategy | Signal: HOLD | Shares held: 0.0 | Last price: $50.81
2026-09-23 19:08:52,427 | [FAST] ACTION: No trade.
2026-09-23 19:08:52,456 | [FCX] trending (ADX 32.5) -> trend-following strategy | Signal: HOLD | Shares held: 0.0 | Last price: $72.36
2026-09-23 19:08:52,456 | [FCX] ACTION: No trade.
2026-09-23 19:08:52,486 | [FDS] choppy/sideways (ADX 11.6) -> mean-reversion strategy | Signal: HOLD | Shares held: 0.0 | Last price: $279.90
2026-09-23 19:08:52,486 | [FDS] ACTION: No trade.
2026-09-23 19:08:52,516 | [FDX] choppy/sideways (ADX 22.5) -> mean-reversion strategy | Signal: HOLD | Shares held: 0.0 | Last price: $292.31
2026-09-23 19:08:52,516 | [FDX] ACTION: No trade.
2026-09-23 19:08:52,574 | [FDXF] choppy/sideways (ADX 17.0) -> mean-reversion strategy | Signal: HOLD | Shares held: 0.0 | Last price: $118.81
2026-09-23 19:08:52,574 | [FDXF] ACTION: No trade.
2026-09-23 19:08:52,604 | [FE] trending (ADX 50.1) -> trend-following strategy | Signal: HOLD | Shares held: 0.0 | Last price: $43.72
2026-09-23 19:08:52,604 | [FE] ACTION: No trade.
2026-09-23 19:08:52,634 | [FERG] trending (ADX 28.9) -> trend-following strategy | Signal: HOLD | Shares held: 0.0 | Last price: $222.41
2026-09-23 19:08:52,634 | [FERG] ACTION: No trade.
2026-09-23 19:08:52,663 | [FFIV] choppy/sideways (ADX 21.9) -> mean-reversion strategy | Signal: HOLD | Shares held: 0.0 | Last price: $458.06
2026-09-23 19:08:52,663 | [FFIV] ACTION: No trade.
2026-09-23 19:08:52,693 | [FICO] trending (ADX 35.9) -> trend-following strategy | Signal: HOLD | Shares held: 0.0 | Last price: $883.59
2026-09-23 19:08:52,693 | [FICO] ACTION: No trade.
2026-09-23 19:08:52,723 | [FIS] choppy/sideways (ADX 14.4) -> mean-reversion strategy | Signal: HOLD | Shares held: 0.0 | Last price: $34.79
2026-09-23 19:08:52,723 | [FIS] ACTION: No trade.
2026-09-23 19:08:52,753 | [FISV] choppy/sideways (ADX 10.1) -> mean-reversion strategy | Signal: HOLD | Shares held: 0.0 | Last price: $46.08
2026-09-23 19:08:52,753 | [FISV] ACTION: No trade.
2026-09-23 19:08:52,783 | [FITB] choppy/sideways (ADX 20.9) -> mean-reversion strategy | Signal: HOLD | Shares held: 0.0 | Last price: $52.17
2026-09-23 19:08:52,783 | [FITB] ACTION: No trade.
2026-09-23 19:08:52,813 | [FIX] choppy/sideways (ADX 12.9) -> mean-reversion strategy | Signal: HOLD | Shares held: 0.0 | Last price: $1627.56
2026-09-23 19:08:52,813 | [FIX] ACTION: No trade.
2026-09-23 19:08:52,843 | [FLEX] choppy/sideways (ADX 23.4) -> mean-reversion strategy | Signal: HOLD | Shares held: 0.0 | Last price: $112.81
2026-09-23 19:08:52,843 | [FLEX] ACTION: No trade.
2026-09-23 19:08:52,873 | [FOXA] choppy/sideways (ADX 23.7) -> mean-reversion strategy | Signal: HOLD | Shares held: 0.0 | Last price: $63.60
2026-09-23 19:08:52,873 | [FOXA] ACTION: No trade.
2026-09-23 19:08:52,903 | [FRT] choppy/sideways (ADX 13.2) -> mean-reversion strategy | Signal: HOLD | Shares held: 0.0 | Last price: $109.88
2026-09-23 19:08:52,903 | [FRT] ACTION: No trade.
2026-09-23 19:08:52,933 | [FSLR] choppy/sideways (ADX 16.0) -> mean-reversion strategy | Signal: HOLD | Shares held: 0.0 | Last price: $195.53
2026-09-23 19:08:52,933 | [FSLR] ACTION: No trade.
2026-09-23 19:08:52,963 | [FTNT] trending (ADX 32.5) -> trend-following strategy | Signal: HOLD | Shares held: 0.0 | Last price: $178.21
2026-09-23 19:08:52,963 | [FTNT] ACTION: No trade.
2026-09-23 19:08:52,993 | [FTV] choppy/sideways (ADX 21.2) -> mean-reversion strategy | Signal: HOLD | Shares held: 0.0 | Last price: $56.08
2026-09-23 19:08:52,993 | [FTV] ACTION: No trade.
2026-09-23 19:08:53,023 | [GD] choppy/sideways (ADX 14.7) -> mean-reversion strategy | Signal: HOLD | Shares held: 0.0 | Last price: $344.68
2026-09-23 19:08:53,023 | [GD] ACTION: No trade.
2026-09-23 19:08:53,053 | [GDDY] trending (ADX 27.5) -> trend-following strategy | Signal: HOLD | Shares held: 0.0 | Last price: $95.70
2026-09-23 19:08:53,053 | [GDDY] ACTION: No trade.
2026-09-23 19:08:53,083 | [GE] choppy/sideways (ADX 12.6) -> mean-reversion strategy | Signal: HOLD | Shares held: 0.0 | Last price: $321.10
2026-09-23 19:08:53,083 | [GE] ACTION: No trade.
2026-09-23 19:08:53,112 | [GEHC] choppy/sideways (ADX 10.6) -> mean-reversion strategy | Signal: HOLD | Shares held: 0.0 | Last price: $66.08
2026-09-23 19:08:53,112 | [GEHC] ACTION: No trade.
2026-09-23 19:08:53,142 | [GEN] trending (ADX 33.8) -> trend-following strategy | Signal: HOLD | Shares held: 0.0 | Last price: $26.54
2026-09-23 19:08:53,143 | [GEN] ACTION: No trade.
2026-09-23 19:08:53,172 | [GEV] choppy/sideways (ADX 16.8) -> mean-reversion strategy | Signal: HOLD | Shares held: 0.0 | Last price: $950.78
2026-09-23 19:08:53,172 | [GEV] ACTION: No trade.
2026-09-23 19:08:53,202 | [GILD] choppy/sideways (ADX 23.9) -> mean-reversion strategy | Signal: HOLD | Shares held: 0.0 | Last price: $150.40
2026-09-23 19:08:53,202 | [GILD] ACTION: No trade.
2026-09-23 19:08:53,232 | [GIS] choppy/sideways (ADX 22.6) -> mean-reversion strategy | Signal: HOLD | Shares held: 0.0 | Last price: $35.72
2026-09-23 19:08:53,232 | [GIS] ACTION: No trade.
2026-09-23 19:08:53,261 | [GLW] trending (ADX 28.0) -> trend-following strategy | Signal: HOLD | Shares held: 0.0 | Last price: $154.92
2026-09-23 19:08:53,262 | [GLW] ACTION: No trade.
2026-09-23 19:08:53,291 | [GM] choppy/sideways (ADX 17.3) -> mean-reversion strategy | Signal: HOLD | Shares held: 0.0 | Last price: $84.06
2026-09-23 19:08:53,291 | [GM] ACTION: No trade.
2026-09-23 19:08:53,321 | [GNRC] choppy/sideways (ADX 20.2) -> mean-reversion strategy | Signal: HOLD | Shares held: 0.0 | Last price: $201.88
2026-09-23 19:08:53,321 | [GNRC] ACTION: No trade.
2026-09-23 19:08:53,351 | [GOOG] trending (ADX 43.0) -> trend-following strategy | Signal: HOLD | Shares held: 0.0 | Last price: $335.60
2026-09-23 19:08:53,351 | [GOOG] ACTION: No trade.
2026-09-23 19:08:53,382 | [GOOGL] trending (ADX 44.9) -> trend-following strategy | Signal: HOLD | Shares held: 0.0 | Last price: $339.08
2026-09-23 19:08:53,382 | [GOOGL] ACTION: No trade.
2026-09-23 19:08:53,411 | [GPC] choppy/sideways (ADX 18.6) -> mean-reversion strategy | Signal: HOLD | Shares held: 0.0 | Last price: $129.35
2026-09-23 19:08:53,411 | [GPC] ACTION: No trade.
2026-09-23 19:08:53,441 | [GPN] choppy/sideways (ADX 12.9) -> mean-reversion strategy | Signal: HOLD | Shares held: 0.0 | Last price: $84.38
2026-09-23 19:08:53,441 | [GPN] ACTION: No trade.
2026-09-23 19:08:53,471 | [GRMN] choppy/sideways (ADX 13.0) -> mean-reversion strategy | Signal: HOLD | Shares held: 0.0 | Last price: $286.35
2026-09-23 19:08:53,471 | [GRMN] ACTION: No trade.
2026-09-23 19:08:53,501 | [GS] choppy/sideways (ADX 23.4) -> mean-reversion strategy | Signal: HOLD | Shares held: 0.0 | Last price: $936.93
2026-09-23 19:08:53,501 | [GS] ACTION: No trade.
2026-09-23 19:08:53,530 | [GWW] choppy/sideways (ADX 14.2) -> mean-reversion strategy | Signal: HOLD | Shares held: 0.0 | Last price: $1271.46
2026-09-23 19:08:53,530 | [GWW] ACTION: No trade.
2026-09-23 19:08:53,560 | [HAL] choppy/sideways (ADX 18.1) -> mean-reversion strategy | Signal: HOLD | Shares held: 0.0 | Last price: $32.91
2026-09-23 19:08:53,560 | [HAL] ACTION: No trade.
2026-09-23 19:08:53,590 | [HAS] trending (ADX 26.6) -> trend-following strategy | Signal: HOLD | Shares held: 0.0 | Last price: $86.02
2026-09-23 19:08:53,590 | [HAS] ACTION: No trade.
2026-09-23 19:08:53,619 | [HBAN] trending (ADX 29.6) -> trend-following strategy | Signal: HOLD | Shares held: 0.0 | Last price: $15.53
2026-09-23 19:08:53,619 | [HBAN] ACTION: No trade.
2026-09-23 19:08:53,649 | [HCA] choppy/sideways (ADX 23.4) -> mean-reversion strategy | Signal: HOLD | Shares held: 0.0 | Last price: $437.73
2026-09-23 19:08:53,649 | [HCA] ACTION: No trade.
2026-09-23 19:08:53,679 | [HD] trending (ADX 28.2) -> trend-following strategy | Signal: HOLD | Shares held: 0.0 | Last price: $298.49
2026-09-23 19:08:53,679 | [HD] ACTION: No trade.
2026-09-23 19:08:53,709 | [HIG] trending (ADX 38.9) -> trend-following strategy | Signal: HOLD | Shares held: 0.0 | Last price: $127.40
2026-09-23 19:08:53,709 | [HIG] ACTION: No trade.
2026-09-23 19:08:53,739 | [HII] choppy/sideways (ADX 9.6) -> mean-reversion strategy | Signal: HOLD | Shares held: 0.0 | Last price: $270.49
2026-09-23 19:08:53,739 | [HII] ACTION: No trade.
2026-09-23 19:08:53,769 | [HLT] choppy/sideways (ADX 13.2) -> mean-reversion strategy | Signal: HOLD | Shares held: 0.0 | Last price: $308.43
2026-09-23 19:08:53,769 | [HLT] ACTION: No trade.
2026-09-23 19:08:53,799 | [HON] choppy/sideways (ADX 15.3) -> mean-reversion strategy | Signal: HOLD | Shares held: 0.0 | Last price: $211.89
2026-09-23 19:08:53,799 | [HON] ACTION: No trade.
2026-09-23 19:08:53,829 | [HONA] trending (ADX 40.8) -> trend-following strategy | Signal: HOLD | Shares held: 0.0 | Last price: $163.57
2026-09-23 19:08:53,829 | [HONA] ACTION: No trade.
2026-09-23 19:08:53,859 | [HOOD] choppy/sideways (ADX 18.4) -> mean-reversion strategy | Signal: HOLD | Shares held: 0.0 | Last price: $124.30
2026-09-23 19:08:53,859 | [HOOD] ACTION: No trade.
2026-09-23 19:08:53,889 | [HPE] trending (ADX 30.3) -> trend-following strategy | Signal: HOLD | Shares held: 0.0 | Last price: $62.42
2026-09-23 19:08:53,889 | [HPE] ACTION: No trade.
2026-09-23 19:08:53,919 | [HPQ] choppy/sideways (ADX 17.2) -> mean-reversion strategy | Signal: HOLD | Shares held: 0.0 | Last price: $32.16
2026-09-23 19:08:53,919 | [HPQ] ACTION: No trade.
2026-09-23 19:08:53,949 | [HST] choppy/sideways (ADX 13.6) -> mean-reversion strategy | Signal: HOLD | Shares held: 0.0 | Last price: $22.25
2026-09-23 19:08:53,949 | [HST] ACTION: No trade.
2026-09-23 19:08:53,979 | [HSY] choppy/sideways (ADX 16.5) -> mean-reversion strategy | Signal: HOLD | Shares held: 0.0 | Last price: $169.26
2026-09-23 19:08:53,979 | [HSY] ACTION: No trade.
2026-09-23 19:08:54,009 | [HUBB] trending (ADX 30.2) -> trend-following strategy | Signal: HOLD | Shares held: 0.0 | Last price: $469.11
2026-09-23 19:08:54,009 | [HUBB] ACTION: No trade.
2026-09-23 19:08:54,039 | [HUM] choppy/sideways (ADX 22.1) -> mean-reversion strategy | Signal: HOLD | Shares held: 0.0 | Last price: $375.25
2026-09-23 19:08:54,039 | [HUM] ACTION: No trade.
2026-09-23 19:08:54,069 | [HWM] choppy/sideways (ADX 15.9) -> mean-reversion strategy | Signal: HOLD | Shares held: 0.0 | Last price: $230.33
2026-09-23 19:08:54,069 | [HWM] ACTION: No trade.
2026-09-23 19:08:54,099 | [IBKR] choppy/sideways (ADX 9.5) -> mean-reversion strategy | Signal: HOLD | Shares held: 0.0 | Last price: $92.66
2026-09-23 19:08:54,099 | [IBKR] ACTION: No trade.
2026-09-23 19:08:54,129 | [IBM] choppy/sideways (ADX 20.6) -> mean-reversion strategy | Signal: HOLD | Shares held: 0.0 | Last price: $234.31
2026-09-23 19:08:54,129 | [IBM] ACTION: No trade.
2026-09-23 19:08:54,159 | [ICE] choppy/sideways (ADX 14.5) -> mean-reversion strategy | Signal: HOLD | Shares held: 0.0 | Last price: $156.53
2026-09-23 19:08:54,159 | [ICE] ACTION: No trade.
2026-09-23 19:08:54,189 | [IDXX] choppy/sideways (ADX 13.0) -> mean-reversion strategy | Signal: HOLD | Shares held: 0.0 | Last price: $519.43
2026-09-23 19:08:54,189 | [IDXX] ACTION: No trade.
2026-09-23 19:08:54,218 | [IEX] trending (ADX 26.0) -> trend-following strategy | Signal: HOLD | Shares held: 0.0 | Last price: $229.50
2026-09-23 19:08:54,219 | [IEX] ACTION: No trade.
2026-09-23 19:08:54,248 | [IFF] choppy/sideways (ADX 13.1) -> mean-reversion strategy | Signal: HOLD | Shares held: 0.0 | Last price: $85.67
2026-09-23 19:08:54,249 | [IFF] ACTION: No trade.
2026-09-23 19:08:54,279 | [ILMN] trending (ADX 33.2) -> trend-following strategy | Signal: HOLD | Shares held: 0.0 | Last price: $252.63
2026-09-23 19:08:54,279 | [ILMN] ACTION: No trade.
2026-09-23 19:08:54,309 | [INCY] choppy/sideways (ADX 16.1) -> mean-reversion strategy | Signal: HOLD | Shares held: 0.0 | Last price: $124.91
2026-09-23 19:08:54,309 | [INCY] ACTION: No trade.
2026-09-23 19:08:54,339 | [INTC] choppy/sideways (ADX 13.6) -> mean-reversion strategy | Signal: HOLD | Shares held: 0.0 | Last price: $121.16
2026-09-23 19:08:54,339 | [INTC] ACTION: No trade.
2026-09-23 19:08:54,369 | [INTU] choppy/sideways (ADX 8.2) -> mean-reversion strategy | Signal: HOLD | Shares held: 0.0 | Last price: $287.88
2026-09-23 19:08:54,369 | [INTU] ACTION: No trade.
2026-09-23 19:08:54,398 | [INVH] choppy/sideways (ADX 12.6) -> mean-reversion strategy | Signal: HOLD | Shares held: 0.0 | Last price: $26.95
2026-09-23 19:08:54,399 | [INVH] ACTION: No trade.
2026-09-23 19:08:54,428 | [IP] choppy/sideways (ADX 19.9) -> mean-reversion strategy | Signal: HOLD | Shares held: 0.0 | Last price: $35.79
2026-09-23 19:08:54,428 | [IP] ACTION: No trade.
2026-09-23 19:08:54,458 | [IQV] choppy/sideways (ADX 18.4) -> mean-reversion strategy | Signal: HOLD | Shares held: 0.0 | Last price: $268.50
2026-09-23 19:08:54,458 | [IQV] ACTION: No trade.
2026-09-23 19:08:54,489 | [IR] trending (ADX 41.0) -> trend-following strategy | Signal: HOLD | Shares held: 0.0 | Last price: $75.69
2026-09-23 19:08:54,489 | [IR] ACTION: No trade.
2026-09-23 19:08:54,519 | [IRM] trending (ADX 31.5) -> trend-following strategy | Signal: HOLD | Shares held: 0.0 | Last price: $115.95
2026-09-23 19:08:54,519 | [IRM] ACTION: No trade.
2026-09-23 19:08:54,549 | [ISRG] trending (ADX 36.6) -> trend-following strategy | Signal: HOLD | Shares held: 0.0 | Last price: $396.80
2026-09-23 19:08:54,549 | [ISRG] ACTION: No trade.
2026-09-23 19:08:54,578 | [IT] choppy/sideways (ADX 14.3) -> mean-reversion strategy | Signal: HOLD | Shares held: 0.0 | Last price: $179.70
2026-09-23 19:08:54,579 | [IT] ACTION: No trade.
2026-09-23 19:08:54,608 | [ITW] trending (ADX 37.7) -> trend-following strategy | Signal: HOLD | Shares held: 0.0 | Last price: $272.64
2026-09-23 19:08:54,608 | [ITW] ACTION: No trade.
2026-09-23 19:08:54,638 | [IVZ] choppy/sideways (ADX 19.2) -> mean-reversion strategy | Signal: HOLD | Shares held: 0.0 | Last price: $30.68
2026-09-23 19:08:54,638 | [IVZ] ACTION: No trade.
2026-09-23 19:08:54,668 | [J] choppy/sideways (ADX 20.3) -> mean-reversion strategy | Signal: HOLD | Shares held: 0.0 | Last price: $141.94
2026-09-23 19:08:54,668 | [J] ACTION: No trade.
2026-09-23 19:08:54,698 | [JBHT] choppy/sideways (ADX 14.1) -> mean-reversion strategy | Signal: HOLD | Shares held: 0.0 | Last price: $235.11
2026-09-23 19:08:54,698 | [JBHT] ACTION: No trade.
2026-09-23 19:08:54,728 | [JBL] choppy/sideways (ADX 13.8) -> mean-reversion strategy | Signal: HOLD | Shares held: 0.0 | Last price: $307.96
2026-09-23 19:08:54,728 | [JBL] ACTION: No trade.
2026-09-23 19:08:54,758 | [JCI] choppy/sideways (ADX 16.4) -> mean-reversion strategy | Signal: HOLD | Shares held: 0.0 | Last price: $146.40
2026-09-23 19:08:54,758 | [JCI] ACTION: No trade.
2026-09-23 19:08:54,788 | [JKHY] choppy/sideways (ADX 23.7) -> mean-reversion strategy | Signal: HOLD | Shares held: 0.0 | Last price: $148.41
2026-09-23 19:08:54,788 | [JKHY] ACTION: No trade.
2026-09-23 19:08:54,818 | [JNJ] choppy/sideways (ADX 19.0) -> mean-reversion strategy | Signal: HOLD | Shares held: 0.0 | Last price: $268.35
2026-09-23 19:08:54,818 | [JNJ] ACTION: No trade.
2026-09-23 19:08:54,848 | [JPM] trending (ADX 32.0) -> trend-following strategy | Signal: HOLD | Shares held: 0.0 | Last price: $337.62
2026-09-23 19:08:54,848 | [JPM] ACTION: No trade.
2026-09-23 19:08:54,878 | [KDP] choppy/sideways (ADX 23.4) -> mean-reversion strategy | Signal: HOLD | Shares held: 0.0 | Last price: $31.50
2026-09-23 19:08:54,878 | [KDP] ACTION: No trade.
2026-09-23 19:08:54,908 | [KEY] trending (ADX 27.1) -> trend-following strategy | Signal: HOLD | Shares held: 0.0 | Last price: $20.34
2026-09-23 19:08:54,908 | [KEY] ACTION: No trade.
2026-09-23 19:08:54,938 | [KEYS] trending (ADX 30.1) -> trend-following strategy | Signal: HOLD | Shares held: 0.0 | Last price: $352.92
2026-09-23 19:08:54,938 | [KEYS] ACTION: No trade.
2026-09-23 19:08:54,968 | [KHC] choppy/sideways (ADX 23.9) -> mean-reversion strategy | Signal: HOLD | Shares held: 0.0 | Last price: $23.65
2026-09-23 19:08:54,968 | [KHC] ACTION: No trade.
2026-09-23 19:08:54,998 | [KKR] trending (ADX 29.0) -> trend-following strategy | Signal: HOLD | Shares held: 0.0 | Last price: $97.19
2026-09-23 19:08:54,998 | [KKR] ACTION: No trade.
2026-09-23 19:08:55,027 | [KLAC] choppy/sideways (ADX 11.5) -> mean-reversion strategy | Signal: HOLD | Shares held: 0.0 | Last price: $187.62
2026-09-23 19:08:55,027 | [KLAC] ACTION: No trade.
2026-09-23 19:08:55,057 | [KMB] choppy/sideways (ADX 12.7) -> mean-reversion strategy | Signal: HOLD | Shares held: 0.0 | Last price: $97.88
2026-09-23 19:08:55,057 | [KMB] ACTION: No trade.
2026-09-23 19:08:55,087 | [KMI] choppy/sideways (ADX 18.2) -> mean-reversion strategy | Signal: HOLD | Shares held: 0.0 | Last price: $31.43
2026-09-23 19:08:55,087 | [KMI] ACTION: No trade.
2026-09-23 19:08:55,117 | [KO] trending (ADX 29.5) -> trend-following strategy | Signal: HOLD | Shares held: 0.0 | Last price: $87.78
2026-09-23 19:08:55,117 | [KO] ACTION: No trade.
2026-09-23 19:08:55,147 | [KR] choppy/sideways (ADX 19.0) -> mean-reversion strategy | Signal: HOLD | Shares held: 0.0 | Last price: $58.22
2026-09-23 19:08:55,147 | [KR] ACTION: No trade.
2026-09-23 19:08:55,177 | [KVUE] choppy/sideways (ADX 13.5) -> mean-reversion strategy | Signal: HOLD | Shares held: 0.0 | Last price: $17.70
2026-09-23 19:08:55,177 | [KVUE] ACTION: No trade.
2026-09-23 19:08:55,207 | [L] choppy/sideways (ADX 23.3) -> mean-reversion strategy | Signal: HOLD | Shares held: 0.0 | Last price: $105.51
2026-09-23 19:08:55,207 | [L] ACTION: No trade.
2026-09-23 19:08:55,237 | [LDOS] trending (ADX 28.4) -> trend-following strategy | Signal: HOLD | Shares held: 0.0 | Last price: $125.17
2026-09-23 19:08:55,237 | [LDOS] ACTION: No trade.
2026-09-23 19:08:55,267 | [LEN] choppy/sideways (ADX 17.4) -> mean-reversion strategy | Signal: HOLD | Shares held: 0.0 | Last price: $81.67
2026-09-23 19:08:55,268 | [LEN] ACTION: No trade.
2026-09-23 19:08:55,297 | [LH] trending (ADX 32.3) -> trend-following strategy | Signal: HOLD | Shares held: 0.0 | Last price: $304.95
2026-09-23 19:08:55,297 | [LH] ACTION: No trade.
2026-09-23 19:08:55,327 | [LHX] choppy/sideways (ADX 23.0) -> mean-reversion strategy | Signal: HOLD | Shares held: 0.0 | Last price: $239.78
2026-09-23 19:08:55,327 | [LHX] ACTION: No trade.
2026-09-23 19:08:55,357 | [LII] trending (ADX 25.8) -> trend-following strategy | Signal: HOLD | Shares held: 0.0 | Last price: $371.69
2026-09-23 19:08:55,357 | [LII] ACTION: No trade.
2026-09-23 19:08:55,387 | [LIN] trending (ADX 26.4) -> trend-following strategy | Signal: HOLD | Shares held: 0.0 | Last price: $469.63
2026-09-23 19:08:55,387 | [LIN] ACTION: No trade.
2026-09-23 19:08:55,417 | [LITE] trending (ADX 32.3) -> trend-following strategy | Signal: HOLD | Shares held: 0.0 | Last price: $934.52
2026-09-23 19:08:55,417 | [LITE] ACTION: No trade.
2026-09-23 19:08:55,447 | [LLY] choppy/sideways (ADX 13.0) -> mean-reversion strategy | Signal: HOLD | Shares held: 0.0 | Last price: $1155.68
2026-09-23 19:08:55,447 | [LLY] ACTION: No trade.
2026-09-23 19:08:55,477 | [LMT] choppy/sideways (ADX 19.7) -> mean-reversion strategy | Signal: HOLD | Shares held: 0.0 | Last price: $526.39
2026-09-23 19:08:55,477 | [LMT] ACTION: No trade.
2026-09-23 19:08:55,507 | [LNT] trending (ADX 45.9) -> trend-following strategy | Signal: HOLD | Shares held: 0.0 | Last price: $63.69
2026-09-23 19:08:55,507 | [LNT] ACTION: No trade.
2026-09-23 19:08:55,537 | [LOW] choppy/sideways (ADX 20.6) -> mean-reversion strategy | Signal: HOLD | Shares held: 0.0 | Last price: $192.43
2026-09-23 19:08:55,537 | [LOW] ACTION: No trade.
2026-09-23 19:08:55,568 | [LRCX] choppy/sideways (ADX 12.5) -> mean-reversion strategy | Signal: HOLD | Shares held: 0.0 | Last price: $307.71
2026-09-23 19:08:55,568 | [LRCX] ACTION: No trade.
2026-09-23 19:08:55,598 | [LULU] choppy/sideways (ADX 18.5) -> mean-reversion strategy | Signal: HOLD | Shares held: 0.0 | Last price: $102.21
2026-09-23 19:08:55,598 | [LULU] ACTION: No trade.
2026-09-23 19:08:55,627 | [LUV] trending (ADX 25.2) -> trend-following strategy | Signal: HOLD | Shares held: 0.0 | Last price: $41.19
2026-09-23 19:08:55,627 | [LUV] ACTION: No trade.
2026-09-23 19:08:55,657 | [LVS] trending (ADX 35.5) -> trend-following strategy | Signal: HOLD | Shares held: 0.0 | Last price: $39.09
2026-09-23 19:08:55,657 | [LVS] ACTION: No trade.
2026-09-23 19:08:55,687 | [LYB] choppy/sideways (ADX 21.0) -> mean-reversion strategy | Signal: HOLD | Shares held: 0.0 | Last price: $59.70
2026-09-23 19:08:55,687 | [LYB] ACTION: No trade.
2026-09-23 19:08:55,717 | [LYV] choppy/sideways (ADX 20.3) -> mean-reversion strategy | Signal: HOLD | Shares held: 0.0 | Last price: $169.62
2026-09-23 19:08:55,717 | [LYV] ACTION: No trade.
2026-09-23 19:08:55,747 | [MA] choppy/sideways (ADX 9.6) -> mean-reversion strategy | Signal: HOLD | Shares held: 0.0 | Last price: $559.69
2026-09-23 19:08:55,747 | [MA] ACTION: No trade.
2026-09-23 19:08:55,778 | [MAA] choppy/sideways (ADX 10.8) -> mean-reversion strategy | Signal: HOLD | Shares held: 0.0 | Last price: $118.44
2026-09-23 19:08:55,778 | [MAA] ACTION: No trade.
2026-09-23 19:08:55,807 | [MAR] trending (ADX 44.2) -> trend-following strategy | Signal: HOLD | Shares held: 0.0 | Last price: $352.65
2026-09-23 19:08:55,808 | [MAR] ACTION: No trade.
2026-09-23 19:08:55,838 | [MAS] choppy/sideways (ADX 23.4) -> mean-reversion strategy | Signal: HOLD | Shares held: 0.0 | Last price: $68.29
2026-09-23 19:08:55,838 | [MAS] ACTION: No trade.
2026-09-23 19:08:55,868 | [MCD] trending (ADX 49.8) -> trend-following strategy | Signal: HOLD | Shares held: 0.0 | Last price: $237.33
2026-09-23 19:08:55,868 | [MCD] ACTION: No trade.
2026-09-23 19:08:55,898 | [MCHP] choppy/sideways (ADX 17.0) -> mean-reversion strategy | Signal: HOLD | Shares held: 0.0 | Last price: $75.66
2026-09-23 19:08:55,898 | [MCHP] ACTION: No trade.
2026-09-23 19:08:55,928 | [MCK] choppy/sideways (ADX 22.2) -> mean-reversion strategy | Signal: HOLD | Shares held: 0.0 | Last price: $884.18
2026-09-23 19:08:55,928 | [MCK] ACTION: No trade.
2026-09-23 19:08:55,958 | [MCO] trending (ADX 27.6) -> trend-following strategy | Signal: HOLD | Shares held: 0.0 | Last price: $472.74
2026-09-23 19:08:55,958 | [MCO] ACTION: No trade.
2026-09-23 19:08:55,988 | [MDLZ] choppy/sideways (ADX 12.6) -> mean-reversion strategy | Signal: HOLD | Shares held: 0.0 | Last price: $61.27
2026-09-23 19:08:55,988 | [MDLZ] ACTION: No trade.
2026-09-23 19:08:56,018 | [MDT] trending (ADX 45.2) -> trend-following strategy | Signal: HOLD | Shares held: 0.0 | Last price: $88.92
2026-09-23 19:08:56,018 | [MDT] ACTION: No trade.
2026-09-23 19:08:56,048 | [MET] choppy/sideways (ADX 19.8) -> mean-reversion strategy | Signal: HOLD | Shares held: 0.0 | Last price: $97.34
2026-09-23 19:08:56,048 | [MET] ACTION: No trade.
2026-09-23 19:08:56,078 | [META] choppy/sideways (ADX 22.3) -> mean-reversion strategy | Signal: HOLD | Shares held: 0.0 | Last price: $748.60
2026-09-23 19:08:56,078 | [META] ACTION: No trade.
2026-09-23 19:08:56,108 | [MGM] choppy/sideways (ADX 21.5) -> mean-reversion strategy | Signal: HOLD | Shares held: 0.0 | Last price: $37.91
2026-09-23 19:08:56,108 | [MGM] ACTION: No trade.
2026-09-23 19:08:56,138 | [MKC] choppy/sideways (ADX 8.3) -> mean-reversion strategy | Signal: HOLD | Shares held: 0.0 | Last price: $48.70
2026-09-23 19:08:56,138 | [MKC] ACTION: No trade.
2026-09-23 19:08:56,168 | [MLM] choppy/sideways (ADX 23.3) -> mean-reversion strategy | Signal: HOLD | Shares held: 0.0 | Last price: $496.05
2026-09-23 19:08:56,168 | [MLM] ACTION: No trade.
2026-09-23 19:08:56,197 | [MMM] trending (ADX 38.9) -> trend-following strategy | Signal: HOLD | Shares held: 0.0 | Last price: $169.78
2026-09-23 19:08:56,198 | [MMM] ACTION: No trade.
2026-09-23 19:08:56,227 | [MNST] trending (ADX 28.7) -> trend-following strategy | Signal: HOLD | Shares held: 0.0 | Last price: $43.59
2026-09-23 19:08:56,228 | [MNST] ACTION: No trade.
2026-09-23 19:08:56,257 | [MO] choppy/sideways (ADX 13.8) -> mean-reversion strategy | Signal: HOLD | Shares held: 0.0 | Last price: $68.58
2026-09-23 19:08:56,257 | [MO] ACTION: No trade.
2026-09-23 19:08:56,288 | [MOS] choppy/sideways (ADX 12.0) -> mean-reversion strategy | Signal: HOLD | Shares held: 0.0 | Last price: $24.72
2026-09-23 19:08:56,288 | [MOS] ACTION: No trade.
2026-09-23 19:08:56,318 | [MPC] trending (ADX 27.8) -> trend-following strategy | Signal: HOLD | Shares held: 0.0 | Last price: $388.83
2026-09-23 19:08:56,318 | [MPC] ACTION: No trade.
2026-09-23 19:08:56,348 | [MPWR] choppy/sideways (ADX 24.9) -> mean-reversion strategy | Signal: HOLD | Shares held: 0.0 | Last price: $1352.02
2026-09-23 19:08:56,348 | [MPWR] ACTION: No trade.
2026-09-23 19:08:56,378 | [MRK] trending (ADX 39.9) -> trend-following strategy | Signal: HOLD | Shares held: 0.0 | Last price: $147.89
2026-09-23 19:08:56,378 | [MRK] ACTION: No trade.
2026-09-23 19:08:56,408 | [MRNA] choppy/sideways (ADX 19.5) -> mean-reversion strategy | Signal: HOLD | Shares held: 0.0 | Last price: $183.23
2026-09-23 19:08:56,408 | [MRNA] ACTION: No trade.
2026-09-23 19:08:56,438 | [MRSH] choppy/sideways (ADX 12.1) -> mean-reversion strategy | Signal: HOLD | Shares held: 0.0 | Last price: $170.87
2026-09-23 19:08:56,438 | [MRSH] ACTION: No trade.
2026-09-23 19:08:56,468 | [MRVL] trending (ADX 27.4) -> trend-following strategy | Signal: HOLD | Shares held: 0.0 | Last price: $259.56
2026-09-23 19:08:56,468 | [MRVL] ACTION: No trade.
2026-09-23 19:08:56,498 | [MS] trending (ADX 31.5) -> trend-following strategy | Signal: HOLD | Shares held: 0.0 | Last price: $198.60
2026-09-23 19:08:56,498 | [MS] ACTION: No trade.
2026-09-23 19:08:56,528 | [MSCI] choppy/sideways (ADX 16.4) -> mean-reversion strategy | Signal: HOLD | Shares held: 0.0 | Last price: $555.78
2026-09-23 19:08:56,528 | [MSCI] ACTION: No trade.
2026-09-23 19:08:56,593 | [MSFT] trending (ADX 28.8) -> trend-following strategy | Signal: HOLD | Shares held: 0.0 | Last price: $500.67
2026-09-23 19:08:56,593 | [MSFT] ACTION: No trade.
2026-09-23 19:08:56,623 | [MSI] choppy/sideways (ADX 17.7) -> mean-reversion strategy | Signal: HOLD | Shares held: 0.0 | Last price: $463.96
2026-09-23 19:08:56,623 | [MSI] ACTION: No trade.
2026-09-23 19:08:56,653 | [MTB] trending (ADX 26.5) -> trend-following strategy | Signal: HOLD | Shares held: 0.0 | Last price: $220.74
2026-09-23 19:08:56,653 | [MTB] ACTION: No trade.
2026-09-23 19:08:56,682 | [MTD] trending (ADX 32.6) -> trend-following strategy | Signal: HOLD | Shares held: 0.0 | Last price: $1488.16
2026-09-23 19:08:56,682 | [MTD] ACTION: No trade.
2026-09-23 19:08:56,712 | [MU] choppy/sideways (ADX 16.9) -> mean-reversion strategy | Signal: HOLD | Shares held: 0.0 | Last price: $1071.20
2026-09-23 19:08:56,712 | [MU] ACTION: No trade.
2026-09-23 19:08:56,742 | [NCLH] choppy/sideways (ADX 10.8) -> mean-reversion strategy | Signal: HOLD | Shares held: 0.0 | Last price: $14.12
2026-09-23 19:08:56,742 | [NCLH] ACTION: No trade.
2026-09-23 19:08:56,772 | [NDAQ] trending (ADX 37.9) -> trend-following strategy | Signal: HOLD | Shares held: 0.0 | Last price: $96.11
2026-09-23 19:08:56,772 | [NDAQ] ACTION: No trade.
2026-09-23 19:08:56,802 | [NDSN] choppy/sideways (ADX 19.5) -> mean-reversion strategy | Signal: HOLD | Shares held: 0.0 | Last price: $321.25
2026-09-23 19:08:56,802 | [NDSN] ACTION: No trade.
2026-09-23 19:08:56,832 | [NEE] trending (ADX 49.1) -> trend-following strategy | Signal: HOLD | Shares held: 0.0 | Last price: $77.14
2026-09-23 19:08:56,832 | [NEE] ACTION: No trade.
2026-09-23 19:08:56,862 | [NEM] choppy/sideways (ADX 18.8) -> mean-reversion strategy | Signal: HOLD | Shares held: 0.0 | Last price: $124.06
2026-09-23 19:08:56,862 | [NEM] ACTION: No trade.
2026-09-23 19:08:56,892 | [NFLX] trending (ADX 25.8) -> trend-following strategy | Signal: HOLD | Shares held: 0.0 | Last price: $71.44
2026-09-23 19:08:56,892 | [NFLX] ACTION: No trade.
2026-09-23 19:08:56,921 | [NI] trending (ADX 53.3) -> trend-following strategy | Signal: HOLD | Shares held: 0.0 | Last price: $39.13
2026-09-23 19:08:56,922 | [NI] ACTION: No trade.
2026-09-23 19:08:56,951 | [NKE] choppy/sideways (ADX 14.7) -> mean-reversion strategy | Signal: HOLD | Shares held: 0.0 | Last price: $35.70
2026-09-23 19:08:56,952 | [NKE] ACTION: No trade.
2026-09-23 19:08:56,981 | [NOC] choppy/sideways (ADX 15.0) -> mean-reversion strategy | Signal: HOLD | Shares held: 0.0 | Last price: $514.91
2026-09-23 19:08:56,981 | [NOC] ACTION: No trade.
2026-09-23 19:08:57,011 | [NOW] trending (ADX 54.3) -> trend-following strategy | Signal: HOLD | Shares held: 0.0 | Last price: $140.53
2026-09-23 19:08:57,011 | [NOW] ACTION: No trade.
2026-09-23 19:08:57,041 | [NRG] choppy/sideways (ADX 20.1) -> mean-reversion strategy | Signal: HOLD | Shares held: 0.0 | Last price: $100.72
2026-09-23 19:08:57,041 | [NRG] ACTION: No trade.
2026-09-23 19:08:57,071 | [NSC] trending (ADX 44.1) -> trend-following strategy | Signal: HOLD | Shares held: 0.0 | Last price: $315.71
2026-09-23 19:08:57,071 | [NSC] ACTION: No trade.
2026-09-23 19:08:57,100 | [NTAP] choppy/sideways (ADX 24.9) -> mean-reversion strategy | Signal: HOLD | Shares held: 0.0 | Last price: $195.67
2026-09-23 19:08:57,100 | [NTAP] ACTION: No trade.
2026-09-23 19:08:57,130 | [NTRS] trending (ADX 25.0) -> trend-following strategy | Signal: HOLD | Shares held: 0.0 | Last price: $174.21
2026-09-23 19:08:57,130 | [NTRS] ACTION: No trade.
2026-09-23 19:08:57,160 | [NUE] choppy/sideways (ADX 13.7) -> mean-reversion strategy | Signal: HOLD | Shares held: 0.0 | Last price: $245.99
2026-09-23 19:08:57,160 | [NUE] ACTION: No trade.
2026-09-23 19:08:57,189 | [NVDA] trending (ADX 38.2) -> trend-following strategy | Signal: HOLD | Shares held: 0.0 | Last price: $225.29
2026-09-23 19:08:57,190 | [NVDA] ACTION: No trade.
2026-09-23 19:08:57,219 | [NVR] choppy/sideways (ADX 18.9) -> mean-reversion strategy | Signal: HOLD | Shares held: 0.0 | Last price: $6265.80
2026-09-23 19:08:57,219 | [NVR] ACTION: No trade.
2026-09-23 19:08:57,249 | [NWSA] trending (ADX 46.5) -> trend-following strategy | Signal: HOLD | Shares held: 0.0 | Last price: $28.30
2026-09-23 19:08:57,249 | [NWSA] ACTION: No trade.
2026-09-23 19:08:57,279 | [NXPI] choppy/sideways (ADX 19.8) -> mean-reversion strategy | Signal: HOLD | Shares held: 0.0 | Last price: $236.21
2026-09-23 19:08:57,279 | [NXPI] ACTION: No trade.
2026-09-23 19:08:57,309 | [O] trending (ADX 31.5) -> trend-following strategy | Signal: HOLD | Shares held: 0.0 | Last price: $55.59
2026-09-23 19:08:57,309 | [O] ACTION: No trade.
2026-09-23 19:08:57,338 | [ODFL] trending (ADX 28.5) -> trend-following strategy | Signal: HOLD | Shares held: 0.0 | Last price: $178.35
2026-09-23 19:08:57,338 | [ODFL] ACTION: No trade.
2026-09-23 19:08:57,368 | [OKE] choppy/sideways (ADX 23.9) -> mean-reversion strategy | Signal: HOLD | Shares held: 0.0 | Last price: $90.44
2026-09-23 19:08:57,368 | [OKE] ACTION: No trade.
2026-09-23 19:08:57,398 | [OMC] trending (ADX 25.2) -> trend-following strategy | Signal: HOLD | Shares held: 0.0 | Last price: $75.96
2026-09-23 19:08:57,398 | [OMC] ACTION: No trade.
2026-09-23 19:08:57,428 | [ON] choppy/sideways (ADX 24.8) -> mean-reversion strategy | Signal: HOLD | Shares held: 0.0 | Last price: $74.25
2026-09-23 19:08:57,428 | [ON] ACTION: No trade.
2026-09-23 19:08:57,458 | [ORCL] choppy/sideways (ADX 24.3) -> mean-reversion strategy | Signal: HOLD | Shares held: 0.0 | Last price: $145.27
2026-09-23 19:08:57,459 | [ORCL] ACTION: No trade.
2026-09-23 19:08:57,489 | [ORLY] choppy/sideways (ADX 20.6) -> mean-reversion strategy | Signal: HOLD | Shares held: 0.0 | Last price: $86.33
2026-09-23 19:08:57,489 | [ORLY] ACTION: No trade.
2026-09-23 19:08:57,519 | [OTIS] choppy/sideways (ADX 19.9) -> mean-reversion strategy | Signal: HOLD | Shares held: 0.0 | Last price: $68.60
2026-09-23 19:08:57,519 | [OTIS] ACTION: No trade.
2026-09-23 19:08:57,549 | [OXY] choppy/sideways (ADX 16.7) -> mean-reversion strategy | Signal: HOLD | Shares held: 0.0 | Last price: $57.42
2026-09-23 19:08:57,549 | [OXY] ACTION: No trade.
2026-09-23 19:08:57,579 | [P] choppy/sideways (ADX 12.1) -> mean-reversion strategy | Signal: HOLD | Shares held: 0.0 | Last price: $110.48
2026-09-23 19:08:57,579 | [P] ACTION: No trade.
2026-09-23 19:08:57,609 | [PANW] trending (ADX 44.5) -> trend-following strategy | Signal: HOLD | Shares held: 0.0 | Last price: $390.84
2026-09-23 19:08:57,609 | [PANW] ACTION: No trade.
2026-09-23 19:08:57,639 | [PAYX] trending (ADX 44.6) -> trend-following strategy | Signal: HOLD | Shares held: 0.0 | Last price: $105.84
2026-09-23 19:08:57,639 | [PAYX] ACTION: No trade.
2026-09-23 19:08:57,669 | [PCAR] choppy/sideways (ADX 13.7) -> mean-reversion strategy | Signal: HOLD | Shares held: 0.0 | Last price: $112.64
2026-09-23 19:08:57,669 | [PCAR] ACTION: No trade.
2026-09-23 19:08:57,699 | [PCG] trending (ADX 47.0) -> trend-following strategy | Signal: HOLD | Shares held: 0.0 | Last price: $12.44
2026-09-23 19:08:57,699 | [PCG] ACTION: No trade.
2026-09-23 19:08:57,729 | [PEG] trending (ADX 49.5) -> trend-following strategy | Signal: HOLD | Shares held: 0.0 | Last price: $67.36
2026-09-23 19:08:57,729 | [PEG] ACTION: No trade.
2026-09-23 19:08:57,759 | [PEP] trending (ADX 26.4) -> trend-following strategy | Signal: HOLD | Shares held: 0.0 | Last price: $129.25
2026-09-23 19:08:57,759 | [PEP] ACTION: No trade.
2026-09-23 19:08:57,789 | [PFE] trending (ADX 26.2) -> trend-following strategy | Signal: HOLD | Shares held: 0.0 | Last price: $27.98
2026-09-23 19:08:57,789 | [PFE] ACTION: No trade.
2026-09-23 19:08:57,818 | [PFG] choppy/sideways (ADX 22.7) -> mean-reversion strategy | Signal: HOLD | Shares held: 0.0 | Last price: $114.30
2026-09-23 19:08:57,819 | [PFG] ACTION: No trade.
2026-09-23 19:08:57,849 | [PG] choppy/sideways (ADX 15.6) -> mean-reversion strategy | Signal: HOLD | Shares held: 0.0 | Last price: $147.66
2026-09-23 19:08:57,849 | [PG] ACTION: No trade.
2026-09-23 19:08:57,879 | [PGR] choppy/sideways (ADX 15.6) -> mean-reversion strategy | Signal: HOLD | Shares held: 0.0 | Last price: $205.19
2026-09-23 19:08:57,879 | [PGR] ACTION: No trade.
2026-09-23 19:08:57,910 | [PH] choppy/sideways (ADX 22.0) -> mean-reversion strategy | Signal: HOLD | Shares held: 0.0 | Last price: $975.20
2026-09-23 19:08:57,910 | [PH] ACTION: No trade.
2026-09-23 19:08:57,940 | [PHM] choppy/sideways (ADX 22.2) -> mean-reversion strategy | Signal: HOLD | Shares held: 0.0 | Last price: $119.19
2026-09-23 19:08:57,940 | [PHM] ACTION: No trade.
2026-09-23 19:08:57,970 | [PKG] choppy/sideways (ADX 24.4) -> mean-reversion strategy | Signal: HOLD | Shares held: 0.0 | Last price: $240.53
2026-09-23 19:08:57,971 | [PKG] ACTION: No trade.
2026-09-23 19:08:58,001 | [PLD] choppy/sideways (ADX 13.0) -> mean-reversion strategy | Signal: HOLD | Shares held: 0.0 | Last price: $134.69
2026-09-23 19:08:58,001 | [PLD] ACTION: No trade.
2026-09-23 19:08:58,031 | [PLTR] trending (ADX 36.3) -> trend-following strategy | Signal: HOLD | Shares held: 0.0 | Last price: $191.20
2026-09-23 19:08:58,031 | [PLTR] ACTION: No trade.
2026-09-23 19:08:58,061 | [PM] choppy/sideways (ADX 21.2) -> mean-reversion strategy | Signal: HOLD | Shares held: 0.0 | Last price: $189.47
2026-09-23 19:08:58,062 | [PM] ACTION: No trade.
2026-09-23 19:08:58,091 | [PNC] trending (ADX 32.0) -> trend-following strategy | Signal: HOLD | Shares held: 0.0 | Last price: $225.48
2026-09-23 19:08:58,091 | [PNC] ACTION: No trade.
2026-09-23 19:08:58,121 | [PNR] choppy/sideways (ADX 21.4) -> mean-reversion strategy | Signal: HOLD | Shares held: 0.0 | Last price: $54.69
2026-09-23 19:08:58,121 | [PNR] ACTION: No trade.
2026-09-23 19:08:58,151 | [PNW] trending (ADX 37.1) -> trend-following strategy | Signal: HOLD | Shares held: 0.0 | Last price: $91.67
2026-09-23 19:08:58,151 | [PNW] ACTION: No trade.
2026-09-23 19:08:58,181 | [PODD] trending (ADX 41.2) -> trend-following strategy | Signal: HOLD | Shares held: 0.0 | Last price: $135.34
2026-09-23 19:08:58,182 | [PODD] ACTION: No trade.
2026-09-23 19:08:58,212 | [PPG] choppy/sideways (ADX 10.0) -> mean-reversion strategy | Signal: HOLD | Shares held: 0.0 | Last price: $106.94
2026-09-23 19:08:58,212 | [PPG] ACTION: No trade.
2026-09-23 19:08:58,241 | [PPL] trending (ADX 52.4) -> trend-following strategy | Signal: HOLD | Shares held: 0.0 | Last price: $32.22
2026-09-23 19:08:58,241 | [PPL] ACTION: No trade.
2026-09-23 19:08:58,271 | [PRU] choppy/sideways (ADX 12.9) -> mean-reversion strategy | Signal: HOLD | Shares held: 0.0 | Last price: $117.70
2026-09-23 19:08:58,271 | [PRU] ACTION: No trade.
2026-09-23 19:08:58,302 | [PSA] trending (ADX 29.4) -> trend-following strategy | Signal: HOLD | Shares held: 0.0 | Last price: $288.08
2026-09-23 19:08:58,302 | [PSA] ACTION: No trade.
2026-09-23 19:08:58,332 | [PSX] trending (ADX 25.0) -> trend-following strategy | Signal: HOLD | Shares held: 0.0 | Last price: $254.54
2026-09-23 19:08:58,332 | [PSX] ACTION: No trade.
2026-09-23 19:08:58,362 | [PTC] trending (ADX 41.5) -> trend-following strategy | Signal: HOLD | Shares held: 0.0 | Last price: $141.78
2026-09-23 19:08:58,362 | [PTC] ACTION: No trade.
2026-09-23 19:08:58,392 | [PWR] trending (ADX 26.4) -> trend-following strategy | Signal: HOLD | Shares held: 0.0 | Last price: $636.93
2026-09-23 19:08:58,392 | [PWR] ACTION: No trade.
2026-09-23 19:08:58,422 | [PYPL] choppy/sideways (ADX 11.9) -> mean-reversion strategy | Signal: HOLD | Shares held: 0.0 | Last price: $52.73
2026-09-23 19:08:58,422 | [PYPL] ACTION: No trade.
2026-09-23 19:08:58,452 | [Q] choppy/sideways (ADX 23.8) -> mean-reversion strategy | Signal: HOLD | Shares held: 0.0 | Last price: $124.77
2026-09-23 19:08:58,452 | [Q] ACTION: No trade.
2026-09-23 19:08:58,482 | [QCOM] choppy/sideways (ADX 23.1) -> mean-reversion strategy | Signal: HOLD | Shares held: 0.0 | Last price: $197.38
2026-09-23 19:08:58,482 | [QCOM] ACTION: No trade.
2026-09-23 19:08:58,512 | [RCL] trending (ADX 30.2) -> trend-following strategy | Signal: HOLD | Shares held: 0.0 | Last price: $228.28
2026-09-23 19:08:58,512 | [RCL] ACTION: No trade.
2026-09-23 19:08:58,542 | [RDDT] choppy/sideways (ADX 21.3) -> mean-reversion strategy | Signal: HOLD | Shares held: 0.0 | Last price: $151.69
2026-09-23 19:08:58,542 | [RDDT] ACTION: No trade.
2026-09-23 19:08:58,572 | [REG] choppy/sideways (ADX 15.8) -> mean-reversion strategy | Signal: HOLD | Shares held: 0.0 | Last price: $72.94
2026-09-23 19:08:58,572 | [REG] ACTION: No trade.
2026-09-23 19:08:58,601 | [REGN] choppy/sideways (ADX 20.4) -> mean-reversion strategy | Signal: HOLD | Shares held: 0.0 | Last price: $798.18
2026-09-23 19:08:58,601 | [REGN] ACTION: No trade.
2026-09-23 19:08:58,631 | [RF] trending (ADX 26.6) -> trend-following strategy | Signal: HOLD | Shares held: 0.0 | Last price: $27.57
2026-09-23 19:08:58,631 | [RF] ACTION: No trade.
2026-09-23 19:08:58,661 | [RJF] choppy/sideways (ADX 22.1) -> mean-reversion strategy | Signal: HOLD | Shares held: 0.0 | Last price: $158.53
2026-09-23 19:08:58,661 | [RJF] ACTION: No trade.
2026-09-23 19:08:58,691 | [RL] trending (ADX 32.2) -> trend-following strategy | Signal: HOLD | Shares held: 0.0 | Last price: $340.25
2026-09-23 19:08:58,691 | [RL] ACTION: No trade.
2026-09-23 19:08:58,720 | [RMD] choppy/sideways (ADX 13.5) -> mean-reversion strategy | Signal: HOLD | Shares held: 0.0 | Last price: $221.01
2026-09-23 19:08:58,720 | [RMD] ACTION: No trade.
2026-09-23 19:08:58,751 | [ROK] trending (ADX 30.7) -> trend-following strategy | Signal: HOLD | Shares held: 0.0 | Last price: $433.46
2026-09-23 19:08:58,751 | [ROK] ACTION: No trade.
2026-09-23 19:08:58,781 | [ROL] choppy/sideways (ADX 23.3) -> mean-reversion strategy | Signal: HOLD | Shares held: 0.0 | Last price: $32.36
2026-09-23 19:08:58,781 | [ROL] ACTION: No trade.
2026-09-23 19:08:58,811 | [ROP] choppy/sideways (ADX 16.6) -> mean-reversion strategy | Signal: HOLD | Shares held: 0.0 | Last price: $368.27
2026-09-23 19:08:58,811 | [ROP] ACTION: No trade.
2026-09-23 19:08:58,841 | [ROST] trending (ADX 30.7) -> trend-following strategy | Signal: HOLD | Shares held: 0.0 | Last price: $234.35
2026-09-23 19:08:58,841 | [ROST] ACTION: No trade.
2026-09-23 19:08:58,871 | [RSG] choppy/sideways (ADX 20.8) -> mean-reversion strategy | Signal: HOLD | Shares held: 0.0 | Last price: $213.02
2026-09-23 19:08:58,871 | [RSG] ACTION: No trade.
2026-09-23 19:08:58,901 | [RTX] choppy/sideways (ADX 20.7) -> mean-reversion strategy | Signal: HOLD | Shares held: 0.0 | Last price: $193.87
2026-09-23 19:08:58,901 | [RTX] ACTION: No trade.
2026-09-23 19:08:58,931 | [RVTY] choppy/sideways (ADX 10.9) -> mean-reversion strategy | Signal: HOLD | Shares held: 0.0 | Last price: $141.83
2026-09-23 19:08:58,931 | [RVTY] ACTION: No trade.
2026-09-23 19:08:58,961 | [SBAC] trending (ADX 33.6) -> trend-following strategy | Signal: HOLD | Shares held: 0.0 | Last price: $171.44
2026-09-23 19:08:58,961 | [SBAC] ACTION: No trade.
2026-09-23 19:08:58,991 | [SBUX] choppy/sideways (ADX 12.9) -> mean-reversion strategy | Signal: HOLD | Shares held: 0.0 | Last price: $93.62
2026-09-23 19:08:58,991 | [SBUX] ACTION: No trade.
2026-09-23 19:08:59,021 | [SCHW] trending (ADX 27.5) -> trend-following strategy | Signal: HOLD | Shares held: 0.0 | Last price: $100.22
2026-09-23 19:08:59,021 | [SCHW] ACTION: No trade.
2026-09-23 19:08:59,050 | [SHW] choppy/sideways (ADX 13.2) -> mean-reversion strategy | Signal: HOLD | Shares held: 0.0 | Last price: $326.27
2026-09-23 19:08:59,050 | [SHW] ACTION: No trade.
2026-09-23 19:08:59,080 | [SJM] choppy/sideways (ADX 14.6) -> mean-reversion strategy | Signal: HOLD | Shares held: 0.0 | Last price: $121.65
2026-09-23 19:08:59,080 | [SJM] ACTION: No trade.
2026-09-23 19:08:59,111 | [SLB] choppy/sideways (ADX 17.3) -> mean-reversion strategy | Signal: HOLD | Shares held: 0.0 | Last price: $51.81
2026-09-23 19:08:59,111 | [SLB] ACTION: No trade.
2026-09-23 19:08:59,141 | [SMCI] trending (ADX 36.4) -> trend-following strategy | Signal: HOLD | Shares held: 0.0 | Last price: $41.37
2026-09-23 19:08:59,141 | [SMCI] ACTION: No trade.
2026-09-23 19:08:59,171 | [SNA] choppy/sideways (ADX 15.0) -> mean-reversion strategy | Signal: HOLD | Shares held: 0.0 | Last price: $369.81
2026-09-23 19:08:59,171 | [SNA] ACTION: No trade.
2026-09-23 19:08:59,201 | [SNDK] trending (ADX 27.8) -> trend-following strategy | Signal: HOLD | Shares held: 0.0 | Last price: $1814.06
2026-09-23 19:08:59,201 | [SNDK] ACTION: No trade.
2026-09-23 19:08:59,231 | [SNPS] trending (ADX 44.2) -> trend-following strategy | Signal: HOLD | Shares held: 0.0 | Last price: $419.60
2026-09-23 19:08:59,231 | [SNPS] ACTION: No trade.
2026-09-23 19:08:59,261 | [SO] trending (ADX 43.1) -> trend-following strategy | Signal: HOLD | Shares held: 0.0 | Last price: $83.27
2026-09-23 19:08:59,261 | [SO] ACTION: No trade.
2026-09-23 19:08:59,290 | [SPG] choppy/sideways (ADX 14.9) -> mean-reversion strategy | Signal: HOLD | Shares held: 0.0 | Last price: $204.55
2026-09-23 19:08:59,291 | [SPG] ACTION: No trade.
2026-09-23 19:08:59,320 | [SPGI] choppy/sideways (ADX 12.3) -> mean-reversion strategy | Signal: HOLD | Shares held: 0.0 | Last price: $406.40
2026-09-23 19:08:59,320 | [SPGI] ACTION: No trade.
2026-09-23 19:08:59,350 | [SRE] trending (ADX 43.4) -> trend-following strategy | Signal: HOLD | Shares held: 0.0 | Last price: $79.06
2026-09-23 19:08:59,350 | [SRE] ACTION: No trade.
2026-09-23 19:08:59,380 | [STE] choppy/sideways (ADX 14.3) -> mean-reversion strategy | Signal: HOLD | Shares held: 0.0 | Last price: $209.54
2026-09-23 19:08:59,380 | [STE] ACTION: No trade.
2026-09-23 19:08:59,410 | [STLD] choppy/sideways (ADX 17.7) -> mean-reversion strategy | Signal: HOLD | Shares held: 0.0 | Last price: $233.64
2026-09-23 19:08:59,410 | [STLD] ACTION: No trade.
2026-09-23 19:08:59,440 | [STT] choppy/sideways (ADX 8.6) -> mean-reversion strategy | Signal: HOLD | Shares held: 0.0 | Last price: $181.16
2026-09-23 19:08:59,440 | [STT] ACTION: No trade.
2026-09-23 19:08:59,470 | [STX] choppy/sideways (ADX 17.0) -> mean-reversion strategy | Signal: HOLD | Shares held: 0.0 | Last price: $918.94
2026-09-23 19:08:59,470 | [STX] ACTION: No trade.
2026-09-23 19:08:59,500 | [STZ] choppy/sideways (ADX 24.3) -> mean-reversion strategy | Signal: HOLD | Shares held: 0.0 | Last price: $116.08
2026-09-23 19:08:59,501 | [STZ] ACTION: No trade.
2026-09-23 19:08:59,530 | [SW] trending (ADX 26.7) -> trend-following strategy | Signal: HOLD | Shares held: 0.0 | Last price: $46.76
2026-09-23 19:08:59,531 | [SW] ACTION: No trade.
2026-09-23 19:08:59,561 | [SWK] choppy/sideways (ADX 16.7) -> mean-reversion strategy | Signal: HOLD | Shares held: 0.0 | Last price: $91.65
2026-09-23 19:08:59,561 | [SWK] ACTION: No trade.
2026-09-23 19:08:59,591 | [SWKS] choppy/sideways (ADX 23.0) -> mean-reversion strategy | Signal: HOLD | Shares held: 0.0 | Last price: $90.59
2026-09-23 19:08:59,591 | [SWKS] ACTION: No trade.
2026-09-23 19:08:59,620 | [SYF] trending (ADX 50.1) -> trend-following strategy | Signal: HOLD | Shares held: 0.0 | Last price: $70.83
2026-09-23 19:08:59,621 | [SYF] ACTION: No trade.
2026-09-23 19:08:59,651 | [SYK] trending (ADX 26.4) -> trend-following strategy | Signal: HOLD | Shares held: 0.0 | Last price: $272.51
2026-09-23 19:08:59,651 | [SYK] ACTION: No trade.
2026-09-23 19:08:59,681 | [SYY] trending (ADX 35.6) -> trend-following strategy | Signal: HOLD | Shares held: 0.0 | Last price: $77.43
2026-09-23 19:08:59,681 | [SYY] ACTION: No trade.
2026-09-23 19:08:59,711 | [T] choppy/sideways (ADX 24.7) -> mean-reversion strategy | Signal: HOLD | Shares held: 0.0 | Last price: $25.52
2026-09-23 19:08:59,711 | [T] ACTION: No trade.
2026-09-23 19:08:59,741 | [TDG] choppy/sideways (ADX 17.3) -> mean-reversion strategy | Signal: HOLD | Shares held: 0.0 | Last price: $1105.91
2026-09-23 19:08:59,741 | [TDG] ACTION: No trade.
2026-09-23 19:08:59,771 | [TDY] trending (ADX 33.4) -> trend-following strategy | Signal: HOLD | Shares held: 0.0 | Last price: $622.21
2026-09-23 19:08:59,771 | [TDY] ACTION: No trade.
2026-09-23 19:08:59,801 | [TECH] trending (ADX 30.1) -> trend-following strategy | Signal: HOLD | Shares held: 0.0 | Last price: $72.53
2026-09-23 19:08:59,801 | [TECH] ACTION: No trade.
2026-09-23 19:08:59,831 | [TEL] trending (ADX 28.1) -> trend-following strategy | Signal: HOLD | Shares held: 0.0 | Last price: $214.71
2026-09-23 19:08:59,831 | [TEL] ACTION: No trade.
2026-09-23 19:08:59,861 | [TER] choppy/sideways (ADX 20.1) -> mean-reversion strategy | Signal: HOLD | Shares held: 0.0 | Last price: $388.50
2026-09-23 19:08:59,861 | [TER] ACTION: No trade.
2026-09-23 19:08:59,891 | [TFC] trending (ADX 32.0) -> trend-following strategy | Signal: HOLD | Shares held: 0.0 | Last price: $47.43
2026-09-23 19:08:59,891 | [TFC] ACTION: No trade.
2026-09-23 19:08:59,921 | [TGT] choppy/sideways (ADX 18.1) -> mean-reversion strategy | Signal: HOLD | Shares held: 0.0 | Last price: $156.61
2026-09-23 19:08:59,921 | [TGT] ACTION: No trade.
2026-09-23 19:08:59,951 | [TJX] trending (ADX 27.6) -> trend-following strategy | Signal: HOLD | Shares held: 0.0 | Last price: $131.35
2026-09-23 19:08:59,952 | [TJX] ACTION: No trade.
2026-09-23 19:08:59,981 | [TKO] choppy/sideways (ADX 13.7) -> mean-reversion strategy | Signal: HOLD | Shares held: 0.0 | Last price: $189.28
2026-09-23 19:08:59,981 | [TKO] ACTION: No trade.
2026-09-23 19:09:00,012 | [TMO] choppy/sideways (ADX 19.1) -> mean-reversion strategy | Signal: HOLD | Shares held: 0.0 | Last price: $659.97
2026-09-23 19:09:00,012 | [TMO] ACTION: No trade.
2026-09-23 19:09:00,042 | [TMUS] trending (ADX 32.3) -> trend-following strategy | Signal: HOLD | Shares held: 0.0 | Last price: $166.07
2026-09-23 19:09:00,043 | [TMUS] ACTION: No trade.
2026-09-23 19:09:00,073 | [TPL] trending (ADX 56.5) -> trend-following strategy | Signal: HOLD | Shares held: 0.0 | Last price: $338.98
2026-09-23 19:09:00,073 | [TPL] ACTION: No trade.
2026-09-23 19:09:00,104 | [TPR] choppy/sideways (ADX 16.0) -> mean-reversion strategy | Signal: HOLD | Shares held: 0.0 | Last price: $111.07
2026-09-23 19:09:00,104 | [TPR] ACTION: No trade.
2026-09-23 19:09:00,135 | [TRGP] trending (ADX 26.9) -> trend-following strategy | Signal: HOLD | Shares held: 0.0 | Last price: $284.45
2026-09-23 19:09:00,135 | [TRGP] ACTION: No trade.
2026-09-23 19:09:00,166 | [TRMB] choppy/sideways (ADX 22.0) -> mean-reversion strategy | Signal: HOLD | Shares held: 0.0 | Last price: $59.49
2026-09-23 19:09:00,166 | [TRMB] ACTION: No trade.
2026-09-23 19:09:00,196 | [TROW] trending (ADX 29.5) -> trend-following strategy | Signal: HOLD | Shares held: 0.0 | Last price: $104.83
2026-09-23 19:09:00,196 | [TROW] ACTION: No trade.
2026-09-23 19:09:00,226 | [TRV] choppy/sideways (ADX 20.4) -> mean-reversion strategy | Signal: HOLD | Shares held: 0.0 | Last price: $362.89
2026-09-23 19:09:00,226 | [TRV] ACTION: No trade.
2026-09-23 19:09:00,256 | [TSCO] choppy/sideways (ADX 15.9) -> mean-reversion strategy | Signal: HOLD | Shares held: 0.0 | Last price: $32.48
2026-09-23 19:09:00,256 | [TSCO] ACTION: No trade.
2026-09-23 19:09:00,286 | [TSLA] choppy/sideways (ADX 24.5) -> mean-reversion strategy | Signal: HOLD | Shares held: 0.0 | Last price: $379.76
2026-09-23 19:09:00,286 | [TSLA] ACTION: No trade.
2026-09-23 19:09:00,316 | [TSN] trending (ADX 27.6) -> trend-following strategy | Signal: HOLD | Shares held: 0.0 | Last price: $51.25
2026-09-23 19:09:00,316 | [TSN] ACTION: No trade.
2026-09-23 19:09:00,346 | [TT] choppy/sideways (ADX 15.0) -> mean-reversion strategy | Signal: HOLD | Shares held: 0.0 | Last price: $438.95
2026-09-23 19:09:00,346 | [TT] ACTION: No trade.
2026-09-23 19:09:00,376 | [TTWO] choppy/sideways (ADX 12.2) -> mean-reversion strategy | Signal: HOLD | Shares held: 0.0 | Last price: $207.82
2026-09-23 19:09:00,376 | [TTWO] ACTION: No trade.
2026-09-23 19:09:00,406 | [TXN] choppy/sideways (ADX 13.9) -> mean-reversion strategy | Signal: HOLD | Shares held: 0.0 | Last price: $271.37
2026-09-23 19:09:00,406 | [TXN] ACTION: No trade.
2026-09-23 19:09:00,436 | [TXT] trending (ADX 43.9) -> trend-following strategy | Signal: HOLD | Shares held: 0.0 | Last price: $76.89
2026-09-23 19:09:00,437 | [TXT] ACTION: No trade.
2026-09-23 19:09:00,467 | [TYL] trending (ADX 36.0) -> trend-following strategy | Signal: HOLD | Shares held: 0.0 | Last price: $335.58
2026-09-23 19:09:00,467 | [TYL] ACTION: No trade.
2026-09-23 19:09:00,498 | [UAL] choppy/sideways (ADX 23.5) -> mean-reversion strategy | Signal: HOLD | Shares held: 0.0 | Last price: $111.76
2026-09-23 19:09:00,498 | [UAL] ACTION: No trade.
2026-09-23 19:09:00,529 | [UBER] choppy/sideways (ADX 17.9) -> mean-reversion strategy | Signal: HOLD | Shares held: 0.0 | Last price: $69.49
2026-09-23 19:09:00,529 | [UBER] ACTION: No trade.
2026-09-23 19:09:00,559 | [UDR] trending (ADX 26.0) -> trend-following strategy | Signal: HOLD | Shares held: 0.0 | Last price: $33.66
2026-09-23 19:09:00,559 | [UDR] ACTION: No trade.
2026-09-23 19:09:00,589 | [UHS] choppy/sideways (ADX 24.4) -> mean-reversion strategy | Signal: HOLD | Shares held: 0.0 | Last price: $182.22
2026-09-23 19:09:00,589 | [UHS] ACTION: No trade.
2026-09-23 19:09:00,619 | [ULTA] choppy/sideways (ADX 9.2) -> mean-reversion strategy | Signal: HOLD | Shares held: 0.0 | Last price: $545.54
2026-09-23 19:09:00,619 | [ULTA] ACTION: No trade.
2026-09-23 19:09:00,649 | [UNH] trending (ADX 26.6) -> trend-following strategy | Signal: HOLD | Shares held: 0.0 | Last price: $370.25
2026-09-23 19:09:00,649 | [UNH] ACTION: No trade.
2026-09-23 19:09:00,679 | [UNP] trending (ADX 47.9) -> trend-following strategy | Signal: HOLD | Shares held: 0.0 | Last price: $275.73
2026-09-23 19:09:00,679 | [UNP] ACTION: No trade.
2026-09-23 19:09:00,709 | [UPS] trending (ADX 30.3) -> trend-following strategy | Signal: HOLD | Shares held: 0.0 | Last price: $96.08
2026-09-23 19:09:00,709 | [UPS] ACTION: No trade.
2026-09-23 19:09:00,740 | [URI] choppy/sideways (ADX 23.3) -> mean-reversion strategy | Signal: HOLD | Shares held: 0.0 | Last price: $1039.64
2026-09-23 19:09:00,740 | [URI] ACTION: No trade.
2026-09-23 19:09:00,770 | [USB] trending (ADX 30.6) -> trend-following strategy | Signal: HOLD | Shares held: 0.0 | Last price: $58.83
2026-09-23 19:09:00,770 | [USB] ACTION: No trade.
2026-09-23 19:09:00,800 | [V] choppy/sideways (ADX 15.0) -> mean-reversion strategy | Signal: HOLD | Shares held: 0.0 | Last price: $361.45
2026-09-23 19:09:00,801 | [V] ACTION: No trade.
2026-09-23 19:09:00,831 | [VEEV] trending (ADX 41.0) -> trend-following strategy | Signal: HOLD | Shares held: 0.0 | Last price: $271.31
2026-09-23 19:09:00,831 | [VEEV] ACTION: No trade.
2026-09-23 19:09:00,861 | [VICI] choppy/sideways (ADX 18.7) -> mean-reversion strategy | Signal: HOLD | Shares held: 0.0 | Last price: $23.77
2026-09-23 19:09:00,861 | [VICI] ACTION: No trade.
2026-09-23 19:09:00,891 | [VLO] choppy/sideways (ADX 24.3) -> mean-reversion strategy | Signal: HOLD | Shares held: 0.0 | Last price: $376.52
2026-09-23 19:09:00,891 | [VLO] ACTION: No trade.
2026-09-23 19:09:00,921 | [VLTO] choppy/sideways (ADX 14.0) -> mean-reversion strategy | Signal: HOLD | Shares held: 0.0 | Last price: $96.28
2026-09-23 19:09:00,921 | [VLTO] ACTION: No trade.
2026-09-23 19:09:00,951 | [VMC] trending (ADX 25.3) -> trend-following strategy | Signal: HOLD | Shares held: 0.0 | Last price: $247.22
2026-09-23 19:09:00,951 | [VMC] ACTION: No trade.
2026-09-23 19:09:00,981 | [VMRK] trending (ADX 25.5) -> trend-following strategy | Signal: HOLD | Shares held: 0.0 | Last price: $61.13
2026-09-23 19:09:00,981 | [VMRK] ACTION: No trade.
2026-09-23 19:09:01,011 | [VOYG] trending (ADX 58.2) -> trend-following strategy | Signal: HOLD | Shares held: 0.0 | Last price: $30.68
2026-09-23 19:09:01,011 | [VOYG] ACTION: No trade.
2026-09-23 19:09:01,042 | [VRSK] choppy/sideways (ADX 9.7) -> mean-reversion strategy | Signal: HOLD | Shares held: 0.0 | Last price: $171.53
2026-09-23 19:09:01,042 | [VRSK] ACTION: No trade.
2026-09-23 19:09:01,072 | [VRSN] trending (ADX 40.9) -> trend-following strategy | Signal: HOLD | Shares held: 0.0 | Last price: $292.97
2026-09-23 19:09:01,072 | [VRSN] ACTION: No trade.
2026-09-23 19:09:01,103 | [VRT] choppy/sideways (ADX 21.1) -> mean-reversion strategy | Signal: HOLD | Shares held: 0.0 | Last price: $250.44
2026-09-23 19:09:01,103 | [VRT] ACTION: No trade.
2026-09-23 19:09:01,133 | [VRTX] choppy/sideways (ADX 19.3) -> mean-reversion strategy | Signal: HOLD | Shares held: 0.0 | Last price: $512.43
2026-09-23 19:09:01,133 | [VRTX] ACTION: No trade.
2026-09-23 19:09:01,163 | [VST] trending (ADX 26.9) -> trend-following strategy | Signal: HOLD | Shares held: 0.0 | Last price: $138.21
2026-09-23 19:09:01,163 | [VST] ACTION: No trade.
2026-09-23 19:09:01,193 | [VTR] choppy/sideways (ADX 13.6) -> mean-reversion strategy | Signal: HOLD | Shares held: 0.0 | Last price: $86.55
2026-09-23 19:09:01,193 | [VTR] ACTION: No trade.
2026-09-23 19:09:01,224 | [VTRS] choppy/sideways (ADX 18.3) -> mean-reversion strategy | Signal: HOLD | Shares held: 0.0 | Last price: $17.07
2026-09-23 19:09:01,224 | [VTRS] ACTION: No trade.
2026-09-23 19:09:01,254 | [VZ] choppy/sideways (ADX 21.6) -> mean-reversion strategy | Signal: HOLD | Shares held: 0.0 | Last price: $46.85
2026-09-23 19:09:01,254 | [VZ] ACTION: No trade.
2026-09-23 19:09:01,285 | [WAB] trending (ADX 30.8) -> trend-following strategy | Signal: HOLD | Shares held: 0.0 | Last price: $292.57
2026-09-23 19:09:01,285 | [WAB] ACTION: No trade.
2026-09-23 19:09:01,367 | [WAT] choppy/sideways (ADX 15.3) -> mean-reversion strategy | Signal: HOLD | Shares held: 0.0 | Last price: $421.95
2026-09-23 19:09:01,368 | [WAT] ACTION: No trade.
2026-09-23 19:09:01,397 | [WBD] trending (ADX 35.3) -> trend-following strategy | Signal: HOLD | Shares held: 0.0 | Last price: $30.70
2026-09-23 19:09:01,397 | [WBD] ACTION: No trade.
2026-09-23 19:09:01,427 | [WDAY] choppy/sideways (ADX 16.3) -> mean-reversion strategy | Signal: HOLD | Shares held: 0.0 | Last price: $192.23
2026-09-23 19:09:01,427 | [WDAY] ACTION: No trade.
2026-09-23 19:09:01,457 | [WDC] choppy/sideways (ADX 23.4) -> mean-reversion strategy | Signal: HOLD | Shares held: 0.0 | Last price: $468.22
2026-09-23 19:09:01,457 | [WDC] ACTION: No trade.
2026-09-23 19:09:01,486 | [WEC] trending (ADX 34.6) -> trend-following strategy | Signal: HOLD | Shares held: 0.0 | Last price: $101.25
2026-09-23 19:09:01,487 | [WEC] ACTION: No trade.
2026-09-23 19:09:01,516 | [WELL] choppy/sideways (ADX 18.5) -> mean-reversion strategy | Signal: HOLD | Shares held: 0.0 | Last price: $230.14
2026-09-23 19:09:01,516 | [WELL] ACTION: No trade.
2026-09-23 19:09:01,546 | [WFC] trending (ADX 43.2) -> trend-following strategy | Signal: HOLD | Shares held: 0.0 | Last price: $82.17
2026-09-23 19:09:01,546 | [WFC] ACTION: No trade.
2026-09-23 19:09:01,576 | [WM] choppy/sideways (ADX 14.5) -> mean-reversion strategy | Signal: HOLD | Shares held: 0.0 | Last price: $207.28
2026-09-23 19:09:01,576 | [WM] ACTION: No trade.
2026-09-23 19:09:01,605 | [WMB] choppy/sideways (ADX 22.2) -> mean-reversion strategy | Signal: HOLD | Shares held: 0.0 | Last price: $71.39
2026-09-23 19:09:01,605 | [WMB] ACTION: No trade.
2026-09-23 19:09:01,635 | [WMT] trending (ADX 38.7) -> trend-following strategy | Signal: HOLD | Shares held: 0.0 | Last price: $110.14
2026-09-23 19:09:01,635 | [WMT] ACTION: No trade.
2026-09-23 19:09:01,665 | [WRB] choppy/sideways (ADX 19.3) -> mean-reversion strategy | Signal: HOLD | Shares held: 0.0 | Last price: $67.89
2026-09-23 19:09:01,665 | [WRB] ACTION: No trade.
2026-09-23 19:09:01,695 | [WSM] choppy/sideways (ADX 19.6) -> mean-reversion strategy | Signal: HOLD | Shares held: 0.0 | Last price: $230.28
2026-09-23 19:09:01,695 | [WSM] ACTION: No trade.
2026-09-23 19:09:01,724 | [WST] choppy/sideways (ADX 16.1) -> mean-reversion strategy | Signal: HOLD | Shares held: 0.0 | Last price: $375.42
2026-09-23 19:09:01,724 | [WST] ACTION: No trade.
2026-09-23 19:09:01,755 | [WTW] choppy/sideways (ADX 11.8) -> mean-reversion strategy | Signal: HOLD | Shares held: 0.0 | Last price: $301.04
2026-09-23 19:09:01,755 | [WTW] ACTION: No trade.
2026-09-23 19:09:01,785 | [WYNN] choppy/sideways (ADX 23.3) -> mean-reversion strategy | Signal: HOLD | Shares held: 0.0 | Last price: $81.34
2026-09-23 19:09:01,785 | [WYNN] ACTION: No trade.
2026-09-23 19:09:01,815 | [XEL] trending (ADX 36.2) -> trend-following strategy | Signal: HOLD | Shares held: 0.0 | Last price: $70.83
2026-09-23 19:09:01,815 | [XEL] ACTION: No trade.
2026-09-23 19:09:01,845 | [XOM] choppy/sideways (ADX 13.1) -> mean-reversion strategy | Signal: HOLD | Shares held: 0.0 | Last price: $160.93
2026-09-23 19:09:01,845 | [XOM] ACTION: No trade.
2026-09-23 19:09:01,875 | [XYL] choppy/sideways (ADX 19.0) -> mean-reversion strategy | Signal: HOLD | Shares held: 0.0 | Last price: $108.72
2026-09-23 19:09:01,875 | [XYL] ACTION: No trade.
2026-09-23 19:09:01,907 | [XYZ] trending (ADX 28.3) -> trend-following strategy | Signal: HOLD | Shares held: 0.0 | Last price: $75.09
2026-09-23 19:09:01,907 | [XYZ] ACTION: No trade.
2026-09-23 19:09:01,937 | [YUM] choppy/sideways (ADX 15.1) -> mean-reversion strategy | Signal: HOLD | Shares held: 0.0 | Last price: $140.43
2026-09-23 19:09:01,937 | [YUM] ACTION: No trade.
2026-09-23 19:09:01,967 | [ZBH] trending (ADX 46.5) -> trend-following strategy | Signal: HOLD | Shares held: 0.0 | Last price: $90.05
2026-09-23 19:09:01,967 | [ZBH] ACTION: No trade.
2026-09-23 19:09:01,998 | [ZBRA] trending (ADX 45.5) -> trend-following strategy | Signal: HOLD | Shares held: 0.0 | Last price: $371.82
2026-09-23 19:09:01,998 | [ZBRA] ACTION: No trade.
2026-09-23 19:09:02,028 | [ZTS] choppy/sideways (ADX 15.0) -> mean-reversion strategy | Signal: HOLD | Shares held: 0.0 | Last price: $71.74
2026-09-23 19:09:02,028 | [ZTS] ACTION: No trade.
2026-09-23 19:24:02,086 | SCANNER: refreshing watchlist...
2026-09-23 19:24:02,175 | SCANNER: excluded 1 leveraged/inverse ETF(s) from 4 candidate(s).
2026-09-23 19:24:02,389 | SCANNER: candidate ALKT -- -19.1% today, $14.63, liquid, 2 recent news item(s)
2026-09-23 19:24:02,389 | SCANNER: candidate VOYG -- -17.7% today, $30.89, liquid, 5 recent news item(s)
2026-09-23 19:24:17,072 | S&P 500 liquidity backstop -> MU, NVDA, META, SNDK, AMD, INTC, AAPL, MSFT, TSLA, GOOGL, AMZN, AVGO, BE, GOOG, DELL, PLTR, LITE, MRVL, V, CVX, STX, QCOM, WBD, TXN, ILMN, JPM, ORCL, MRNA, WDC, LLY, JNJ, AMAT, XOM, LRCX, PANW, BRK.B, NFLX, CRWD, CSCO, CRM, MPC, MRK, VLO, P, GEV, AZO, MA, TMO, WMT, GS, HOOD, COST, AMGN, C, MCK, CAT, COHR, UNP, MCD, BKNG, EXPE, APP, HCA, ABT, BAC, TJX, PM, KLAC, UNH, ADI, DHR, GE, COIN, GILD, LIN, MS, DE, REGN, WFC, MDT, PSX, ABBV, IBM, ADP, EBAY, SCHW, ALL, HONA, NOW, MPWR, PGR, ABNB, HD, DASH, HON, KO, ADBE, WELL, ETN, COF, BMY, PCAR, TMUS, ACN, BA, COP, SMCI, PG, PEP, ORLY, BNY, FTNT, APH, NXPI, RTX, IQV, VZ, RCL, ANET, UBER, INTU, AXP, CVS, TER, CB, GLW, T, BLK, SYK, VRTX, AEP, NEM, NKE, NEE, STT, AON, ISRG, FANG, CDNS, TRV, HLT, ROP, MRSH, CMI, VEEV, SWKS, DXCM, MAR, DIS, ELV, WDAY, CL, DDOG, PH, HPE, HWM, SHW, PYPL, PFE, VTR, BSX, SO, ROST, CIEN, PNC, WRB, LOW, EQIX, PAYX, ACGL, MLM, VRT, DAL, LMT, CSX, GM, SNPS, RDDT, USB, DVN, AMT, CARR, AMP, CTSH, TT, TDG, IR, A, CAH, SLB, MMM, MDLZ, BKR, FIX, MCHP, VMRK, APD, ICE, BDX, TFC, ON, RSG, GD, CMCSA, JCI, TRGP, TGT, SBUX, MSI, COR, MTD, WMB, DUK, NTAP, URI, ADSK, ARES, CEG, PWR, FDX, CME, TPR, NOC, YUM, DHI, OKE, JBL, SPGI, TEL, D, CASY, NSC, APO, DLTR, HPQ, MCO, KMI, RMD, EQT, FOXA, CRH, SYY, OMC, EOG, HBAN, CNC, CTAS, UPS, HUM, DLR, EMR, AKAM, XEL, AFL, KEYS, TTWO, PTC, AJG, MO, KR, WEC, FCX, NVR, EME, PLD, ETR, GWW, MSCI, RVTY, LH, FICO, WM, VMC, BX, DRI, LYV, F, GDDY, HIG, ODFL, MNST, CHTR, NUE, FLEX, WAT, CI, CRL, OTIS, CTVA, CBRE, LHX, PCG, VRSN, TYL, DGX, KKR, WSM, BG, CF, RJF, EXE, FAST, ITW, EFX, KDP, ECHO, GRMN, BBY, AIG, LEN, ULTA, FITB, MET, EW, TSCO, WST, NI, ROK, PSA, ECL, FERG, AWK, HSY, EL, CHRW, UAL, STLD, PEG, NDAQ, IDXX, VST, CCL, FDXF, AME, WAB, RF, OXY, EXR, STZ, BIIB, EXPD, FFIV, KEY, SRE, ADM, DTE, KMB, ZBRA, CMS, LULU, CCI, CPRT, KVUE, SYF, DG, CDW, CBOE, XYL, GIS, PHM, SPG, EXC, GPN, JBHT, CFG, TECH, ROL, AXON, TKO, WTW, DOV, EG, CMG, GEN, VRSK, MTB, HAL, CNP, O, INCY, APTV, HST, RL, FSLR, VLTO, ZTS, DPZ, XYZ, DECK, NTRS, IBKR, ALLE, ALB, IT, BR, LVS, BRO, NRG, KHC, LUV, CVNA, BAX, ZBH, PPG, LYB, CSGP, JKHY, Q, FDS, APA, ES, MAS, SW, HUBB, HAS, PFG, LDOS, ATO, SJM, GEHC, FISV, CPAY, PRU, TDY, TSN, EIX, UHS, NWSA, PODD, ED, AVY, AEE, EVRG, IRM, LNT, COO, DOW, GNRC, TPL, CLX, PPL, LII, L, TROW, SNA, MKC, HII, SWK, J, GPC, STE, SBAC, PNR, BEN, TRMB, INVH, TXT, ESS, MAA, MOS, CINF, CHD, ALGN, FIS, IP, IFF, DVA, FE, AIZ, DD, UDR, VICI, IVZ, FRT, AMCR, BXP, MGM, PNW, IEX, NCLH, NDSN, AES, PKG, DOC, FTV, WYNN, WY, REG, BALL, VTRS
2026-09-23 19:24:17,074 | SCANNER: new watchlist -> ALKT, VOYG, MU, NVDA, META, SNDK, AMD, INTC, AAPL, MSFT, TSLA, GOOGL, AMZN, AVGO, BE, GOOG, DELL, PLTR, LITE, MRVL, V, CVX, STX, QCOM, WBD, TXN, ILMN, JPM, ORCL, MRNA, WDC, LLY, JNJ, AMAT, XOM, LRCX, PANW, BRK.B, NFLX, CRWD, CSCO, CRM, MPC, MRK, VLO, P, GEV, AZO, MA, TMO, WMT, GS, HOOD, COST, AMGN, C, MCK, CAT, COHR, UNP, MCD, BKNG, EXPE, APP, HCA, ABT, BAC, TJX, PM, KLAC, UNH, ADI, DHR, GE, COIN, GILD, LIN, MS, DE, REGN, WFC, MDT, PSX, ABBV, IBM, ADP, EBAY, SCHW, ALL, HONA, NOW, MPWR, PGR, ABNB, HD, DASH, HON, KO, ADBE, WELL, ETN, COF, BMY, PCAR, TMUS, ACN, BA, COP, SMCI, PG, PEP, ORLY, BNY, FTNT, APH, NXPI, RTX, IQV, VZ, RCL, ANET, UBER, INTU, AXP, CVS, TER, CB, GLW, T, BLK, SYK, VRTX, AEP, NEM, NKE, NEE, STT, AON, ISRG, FANG, CDNS, TRV, HLT, ROP, MRSH, CMI, VEEV, SWKS, DXCM, MAR, DIS, ELV, WDAY, CL, DDOG, PH, HPE, HWM, SHW, PYPL, PFE, VTR, BSX, SO, ROST, CIEN, PNC, WRB, LOW, EQIX, PAYX, ACGL, MLM, VRT, DAL, LMT, CSX, GM, SNPS, RDDT, USB, DVN, AMT, CARR, AMP, CTSH, TT, TDG, IR, A, CAH, SLB, MMM, MDLZ, BKR, FIX, MCHP, VMRK, APD, ICE, BDX, TFC, ON, RSG, GD, CMCSA, JCI, TRGP, TGT, SBUX, MSI, COR, MTD, WMB, DUK, NTAP, URI, ADSK, ARES, CEG, PWR, FDX, CME, TPR, NOC, YUM, DHI, OKE, JBL, SPGI, TEL, D, CASY, NSC, APO, DLTR, HPQ, MCO, KMI, RMD, EQT, FOXA, CRH, SYY, OMC, EOG, HBAN, CNC, CTAS, UPS, HUM, DLR, EMR, AKAM, XEL, AFL, KEYS, TTWO, PTC, AJG, MO, KR, WEC, FCX, NVR, EME, PLD, ETR, GWW, MSCI, RVTY, LH, FICO, WM, VMC, BX, DRI, LYV, F, GDDY, HIG, ODFL, MNST, CHTR, NUE, FLEX, WAT, CI, CRL, OTIS, CTVA, CBRE, LHX, PCG, VRSN, TYL, DGX, KKR, WSM, BG, CF, RJF, EXE, FAST, ITW, EFX, KDP, ECHO, GRMN, BBY, AIG, LEN, ULTA, FITB, MET, EW, TSCO, WST, NI, ROK, PSA, ECL, FERG, AWK, HSY, EL, CHRW, UAL, STLD, PEG, NDAQ, IDXX, VST, CCL, FDXF, AME, WAB, RF, OXY, EXR, STZ, BIIB, EXPD, FFIV, KEY, SRE, ADM, DTE, KMB, ZBRA, CMS, LULU, CCI, CPRT, KVUE, SYF, DG, CDW, CBOE, XYL, GIS, PHM, SPG, EXC, GPN, JBHT, CFG, TECH, ROL, AXON, TKO, WTW, DOV, EG, CMG, GEN, VRSK, MTB, HAL, CNP, O, INCY, APTV, HST, RL, FSLR, VLTO, ZTS, DPZ, XYZ, DECK, NTRS, IBKR, ALLE, ALB, IT, BR, LVS, BRO, NRG, KHC, LUV, CVNA, BAX, ZBH, PPG, LYB, CSGP, JKHY, Q, FDS, APA, ES, MAS, SW, HUBB, HAS, PFG, LDOS, ATO, SJM, GEHC, FISV, CPAY, PRU, TDY, TSN, EIX, UHS, NWSA, PODD, ED, AVY, AEE, EVRG, IRM, LNT, COO, DOW, GNRC, TPL, CLX, PPL, LII, L, TROW, SNA, MKC, HII, SWK, J, GPC, STE, SBAC, PNR, BEN, TRMB, INVH, TXT, ESS, MAA, MOS, CINF, CHD, ALGN, FIS, IP, IFF, DVA, FE, AIZ, DD, UDR, VICI, IVZ, FRT, AMCR, BXP, MGM, PNW, IEX, NCLH, NDSN, AES, PKG, DOC, FTV, WYNN, WY, REG, BALL, VTRS
2026-09-23 19:24:17,082 | Market is open (closes 2026-09-23 22:00:00 CEST your local time). Checking 492 symbols: A, AAPL, ABBV, ABNB, ABT, ACGL, ACN, ADBE, ADI, ADM, ADP, ADSK, AEE, AEP, AES, AFL, AIG, AIZ, AJG, AKAM, ALB, ALGN, ALKT, ALL, ALLE, AMAT, AMCR, AMD, AME, AMGN, AMP, AMT, AMZN, ANET, AON, APA, APD, APH, APO, APP, APTV, ARES, ATO, AVGO, AVY, AWK, AXON, AXP, AZO, BA, BAC, BALL, BAX, BBY, BDX, BE, BEN, BG, BIIB, BKNG, BKR, BLK, BMY, BNY, BR, BRK.B, BRO, BSX, BX, BXP, C, CAH, CARR, CASY, CAT, CB, CBOE, CBRE, CCI, CCL, CDNS, CDW, CEG, CF, CFG, CHD, CHRW, CHTR, CI, CIEN, CINF, CL, CLX, CMCSA, CME, CMG, CMI, CMS, CNC, CNP, COF, COHR, COIN, COO, COP, COR, COST, CPAY, CPRT, CRH, CRL, CRM, CRWD, CSCO, CSGP, CSX, CTAS, CTSH, CTVA, CVNA, CVS, CVX, D, DAL, DASH, DD, DDOG, DE, DECK, DELL, DG, DGX, DHI, DHR, DIS, DLR, DLTR, DOC, DOV, DOW, DPZ, DRI, DTE, DUK, DVA, DVN, DXCM, EBAY, ECHO, ECL, ED, EFX, EG, EIX, EL, ELV, EME, EMR, EOG, EQIX, EQT, ES, ESS, ETN, ETR, EVRG, EW, EXC, EXE, EXPD, EXPE, EXR, F, FANG, FAST, FCX, FDS, FDX, FDXF, FE, FERG, FFIV, FICO, FIS, FISV, FITB, FIX, FLEX, FOXA, FRT, FSLR, FTNT, FTV, GD, GDDY, GE, GEHC, GEN, GEV, GILD, GIS, GLW, GM, GNRC, GOOG, GOOGL, GPC, GPN, GRMN, GS, GWW, HAL, HAS, HBAN, HCA, HD, HIG, HII, HLT, HON, HONA, HOOD, HPE, HPQ, HST, HSY, HUBB, HUM, HWM, IBKR, IBM, ICE, IDXX, IEX, IFF, ILMN, INCY, INTC, INTU, INVH, IP, IQV, IR, IRM, ISRG, IT, ITW, IVZ, J, JBHT, JBL, JCI, JKHY, JNJ, JPM, KDP, KEY, KEYS, KHC, KKR, KLAC, KMB, KMI, KO, KR, KVUE, L, LDOS, LEN, LH, LHX, LII, LIN, LITE, LLY, LMT, LNT, LOW, LRCX, LULU, LUV, LVS, LYB, LYV, MA, MAA, MAR, MAS, MCD, MCHP, MCK, MCO, MDLZ, MDT, MET, META, MGM, MKC, MLM, MMM, MNST, MO, MOS, MPC, MPWR, MRK, MRNA, MRSH, MRVL, MS, MSCI, MSFT, MSI, MTB, MTD, MU, NCLH, NDAQ, NDSN, NEE, NEM, NFLX, NI, NKE, NOC, NOW, NRG, NSC, NTAP, NTRS, NUE, NVDA, NVR, NWSA, NXPI, O, ODFL, OKE, OMC, ON, ORCL, ORLY, OTIS, OXY, P, PANW, PAYX, PCAR, PCG, PEG, PEP, PFE, PFG, PG, PGR, PH, PHM, PKG, PLD, PLTR, PM, PNC, PNR, PNW, PODD, PPG, PPL, PRU, PSA, PSX, PTC, PWR, PYPL, Q, QCOM, RCL, RDDT, REG, REGN, RF, RJF, RL, RMD, ROK, ROL, ROP, ROST, RSG, RTX, RVTY, SBAC, SBUX, SCHW, SHW, SJM, SLB, SMCI, SNA, SNDK, SNPS, SO, SPG, SPGI, SRE, STE, STLD, STT, STX, STZ, SW, SWK, SWKS, SYF, SYK, SYY, T, TDG, TDY, TECH, TEL, TER, TFC, TGT, TJX, TKO, TMO, TMUS, TPL, TPR, TRGP, TRMB, TROW, TRV, TSCO, TSLA, TSN, TT, TTWO, TXN, TXT, TYL, UAL, UBER, UDR, UHS, ULTA, UNH, UNP, UPS, URI, USB, V, VEEV, VICI, VLO, VLTO, VMC, VMRK, VOYG, VRSK, VRSN, VRT, VRTX, VST, VTR, VTRS, VZ, WAB, WAT, WBD, WDAY, WDC, WEC, WELL, WFC, WM, WMB, WMT, WRB, WSM, WST, WTW, WY, WYNN, XEL, XOM, XYL, XYZ, YUM, ZBH, ZBRA, ZTS (within 90 min of close -- not enough runway left today for a new position)
2026-09-23 19:24:45,939 | [A] trending (ADX 26.1) -> trend-following strategy | Signal: HOLD | Shares held: 0.0 | Last price: $163.58
2026-09-23 19:24:45,940 | [A] ACTION: No trade.
2026-09-23 19:24:45,970 | [AAPL] choppy/sideways (ADX 20.9) -> mean-reversion strategy | Signal: HOLD | Shares held: 0.0 | Last price: $336.73
2026-09-23 19:24:45,970 | [AAPL] ACTION: No trade.
2026-09-23 19:24:46,000 | [ABBV] choppy/sideways (ADX 12.3) -> mean-reversion strategy | Signal: HOLD | Shares held: 0.0 | Last price: $265.37
2026-09-23 19:24:46,001 | [ABBV] ACTION: No trade.
2026-09-23 19:24:46,031 | [ABNB] trending (ADX 50.4) -> trend-following strategy | Signal: HOLD | Shares held: 0.0 | Last price: $151.78
2026-09-23 19:24:46,031 | [ABNB] ACTION: No trade.
2026-09-23 19:24:46,061 | [ABT] choppy/sideways (ADX 13.6) -> mean-reversion strategy | Signal: HOLD | Shares held: 0.0 | Last price: $103.47
2026-09-23 19:24:46,061 | [ABT] ACTION: No trade.
2026-09-23 19:24:46,091 | [ACGL] trending (ADX 27.7) -> trend-following strategy | Signal: HOLD | Shares held: 0.0 | Last price: $95.21
2026-09-23 19:24:46,091 | [ACGL] ACTION: No trade.
2026-09-23 19:24:46,121 | [ACN] choppy/sideways (ADX 12.7) -> mean-reversion strategy | Signal: HOLD | Shares held: 0.0 | Last price: $184.52
2026-09-23 19:24:46,121 | [ACN] ACTION: No trade.
2026-09-23 19:24:46,151 | [ADBE] choppy/sideways (ADX 18.6) -> mean-reversion strategy | Signal: HOLD | Shares held: 0.0 | Last price: $239.72
2026-09-23 19:24:46,151 | [ADBE] ACTION: No trade.
2026-09-23 19:24:46,181 | [ADI] choppy/sideways (ADX 17.8) -> mean-reversion strategy | Signal: HOLD | Shares held: 0.0 | Last price: $384.38
2026-09-23 19:24:46,181 | [ADI] ACTION: No trade.
2026-09-23 19:24:46,210 | [ADM] trending (ADX 40.4) -> trend-following strategy | Signal: HOLD | Shares held: 0.0 | Last price: $81.81
2026-09-23 19:24:46,211 | [ADM] ACTION: No trade.
2026-09-23 19:24:46,241 | [ADP] choppy/sideways (ADX 17.4) -> mean-reversion strategy | Signal: HOLD | Shares held: 0.0 | Last price: $265.30
2026-09-23 19:24:46,241 | [ADP] ACTION: No trade.
2026-09-23 19:24:46,271 | [ADSK] choppy/sideways (ADX 15.1) -> mean-reversion strategy | Signal: HOLD | Shares held: 0.0 | Last price: $217.45
2026-09-23 19:24:46,271 | [ADSK] ACTION: No trade.
2026-09-23 19:24:46,301 | [AEE] trending (ADX 43.4) -> trend-following strategy | Signal: HOLD | Shares held: 0.0 | Last price: $99.99
2026-09-23 19:24:46,301 | [AEE] ACTION: No trade.
2026-09-23 19:24:46,331 | [AEP] choppy/sideways (ADX 19.0) -> mean-reversion strategy | Signal: HOLD | Shares held: 0.0 | Last price: $118.75
2026-09-23 19:24:46,331 | [AEP] ACTION: No trade.
2026-09-23 19:24:46,360 | [AES] choppy/sideways (ADX 15.4) -> mean-reversion strategy | Signal: HOLD | Shares held: 0.0 | Last price: $14.82
2026-09-23 19:24:46,360 | [AES] ACTION: No trade.
2026-09-23 19:24:46,390 | [AFL] choppy/sideways (ADX 12.2) -> mean-reversion strategy | Signal: HOLD | Shares held: 0.0 | Last price: $115.08
2026-09-23 19:24:46,390 | [AFL] ACTION: No trade.
2026-09-23 19:24:46,420 | [AIG] choppy/sideways (ADX 16.3) -> mean-reversion strategy | Signal: HOLD | Shares held: 0.0 | Last price: $75.47
2026-09-23 19:24:46,420 | [AIG] ACTION: No trade.
2026-09-23 19:24:46,450 | [AIZ] trending (ADX 32.5) -> trend-following strategy | Signal: HOLD | Shares held: 0.0 | Last price: $270.02
2026-09-23 19:24:46,451 | [AIZ] ACTION: No trade.
2026-09-23 19:24:46,481 | [AJG] choppy/sideways (ADX 18.7) -> mean-reversion strategy | Signal: HOLD | Shares held: 0.0 | Last price: $229.43
2026-09-23 19:24:46,481 | [AJG] ACTION: No trade.
2026-09-23 19:24:46,511 | [AKAM] choppy/sideways (ADX 21.4) -> mean-reversion strategy | Signal: HOLD | Shares held: 0.0 | Last price: $118.82
2026-09-23 19:24:46,511 | [AKAM] ACTION: No trade.
2026-09-23 19:24:46,541 | [ALB] choppy/sideways (ADX 14.6) -> mean-reversion strategy | Signal: HOLD | Shares held: 0.0 | Last price: $114.66
2026-09-23 19:24:46,541 | [ALB] ACTION: No trade.
2026-09-23 19:24:46,571 | [ALGN] trending (ADX 36.1) -> trend-following strategy | Signal: HOLD | Shares held: 0.0 | Last price: $147.36
2026-09-23 19:24:46,571 | [ALGN] ACTION: No trade.
2026-09-23 19:24:46,601 | [ALKT] trending (ADX 55.3) -> trend-following strategy | Signal: HOLD | Shares held: 0.0 | Last price: $14.64
2026-09-23 19:24:46,601 | [ALKT] ACTION: No trade.
2026-09-23 19:24:46,631 | [ALL] choppy/sideways (ADX 20.5) -> mean-reversion strategy | Signal: HOLD | Shares held: 0.0 | Last price: $226.03
2026-09-23 19:24:46,631 | [ALL] ACTION: No trade.
2026-09-23 19:24:46,661 | [ALLE] trending (ADX 45.4) -> trend-following strategy | Signal: SELL | Shares held: 0.0 | Last price: $154.13
2026-09-23 19:24:46,661 | [ALLE] ACTION: No trade.
2026-09-23 19:24:46,691 | [AMAT] choppy/sideways (ADX 15.9) -> mean-reversion strategy | Signal: HOLD | Shares held: 0.0 | Last price: $473.32
2026-09-23 19:24:46,691 | [AMAT] ACTION: No trade.
2026-09-23 19:24:46,721 | [AMCR] choppy/sideways (ADX 14.6) -> mean-reversion strategy | Signal: HOLD | Shares held: 0.0 | Last price: $42.79
2026-09-23 19:24:46,721 | [AMCR] ACTION: No trade.
2026-09-23 19:24:46,751 | [AMD] choppy/sideways (ADX 16.9) -> mean-reversion strategy | Signal: HOLD | Shares held: 0.0 | Last price: $614.07
2026-09-23 19:24:46,751 | [AMD] ACTION: No trade.
2026-09-23 19:24:46,781 | [AME] choppy/sideways (ADX 22.2) -> mean-reversion strategy | Signal: HOLD | Shares held: 0.0 | Last price: $246.78
2026-09-23 19:24:46,781 | [AME] ACTION: No trade.
2026-09-23 19:24:46,811 | [AMGN] choppy/sideways (ADX 18.8) -> mean-reversion strategy | Signal: HOLD | Shares held: 0.0 | Last price: $408.63
2026-09-23 19:24:46,811 | [AMGN] ACTION: No trade.
2026-09-23 19:24:46,842 | [AMP] choppy/sideways (ADX 21.5) -> mean-reversion strategy | Signal: HOLD | Shares held: 0.0 | Last price: $505.45
2026-09-23 19:24:46,842 | [AMP] ACTION: No trade.
2026-09-23 19:24:46,872 | [AMT] trending (ADX 29.2) -> trend-following strategy | Signal: HOLD | Shares held: 0.0 | Last price: $171.18
2026-09-23 19:24:46,872 | [AMT] ACTION: No trade.
2026-09-23 19:24:46,902 | [AMZN] trending (ADX 32.3) -> trend-following strategy | Signal: HOLD | Shares held: 0.0 | Last price: $249.90
2026-09-23 19:24:46,902 | [AMZN] ACTION: No trade.
2026-09-23 19:24:46,932 | [ANET] choppy/sideways (ADX 16.1) -> mean-reversion strategy | Signal: HOLD | Shares held: 0.0 | Last price: $203.26
2026-09-23 19:24:46,932 | [ANET] ACTION: No trade.
2026-09-23 19:24:46,962 | [AON] trending (ADX 45.5) -> trend-following strategy | Signal: HOLD | Shares held: 0.0 | Last price: $282.25
2026-09-23 19:24:46,962 | [AON] ACTION: No trade.
2026-09-23 19:24:46,992 | [APA] choppy/sideways (ADX 18.2) -> mean-reversion strategy | Signal: HOLD | Shares held: 0.0 | Last price: $43.81
2026-09-23 19:24:46,992 | [APA] ACTION: No trade.
2026-09-23 19:24:47,022 | [APD] choppy/sideways (ADX 16.9) -> mean-reversion strategy | Signal: HOLD | Shares held: 0.0 | Last price: $286.80
2026-09-23 19:24:47,022 | [APD] ACTION: No trade.
2026-09-23 19:24:47,052 | [APH] choppy/sideways (ADX 13.2) -> mean-reversion strategy | Signal: HOLD | Shares held: 0.0 | Last price: $82.17
2026-09-23 19:24:47,052 | [APH] ACTION: No trade.
2026-09-23 19:24:47,082 | [APO] trending (ADX 25.8) -> trend-following strategy | Signal: HOLD | Shares held: 0.0 | Last price: $124.40
2026-09-23 19:24:47,082 | [APO] ACTION: No trade.
2026-09-23 19:24:47,112 | [APP] trending (ADX 25.8) -> trend-following strategy | Signal: HOLD | Shares held: 0.0 | Last price: $315.78
2026-09-23 19:24:47,112 | [APP] ACTION: No trade.
2026-09-23 19:24:47,142 | [APTV] choppy/sideways (ADX 13.3) -> mean-reversion strategy | Signal: HOLD | Shares held: 0.0 | Last price: $45.22
2026-09-23 19:24:47,142 | [APTV] ACTION: No trade.
2026-09-23 19:24:47,172 | [ARES] trending (ADX 30.5) -> trend-following strategy | Signal: HOLD | Shares held: 0.0 | Last price: $121.79
2026-09-23 19:24:47,172 | [ARES] ACTION: No trade.
2026-09-23 19:24:47,202 | [ATO] trending (ADX 36.2) -> trend-following strategy | Signal: HOLD | Shares held: 0.0 | Last price: $156.34
2026-09-23 19:24:47,202 | [ATO] ACTION: No trade.
2026-09-23 19:24:47,232 | [AVGO] trending (ADX 39.8) -> trend-following strategy | Signal: HOLD | Shares held: 0.0 | Last price: $354.60
2026-09-23 19:24:47,232 | [AVGO] ACTION: No trade.
2026-09-23 19:24:47,262 | [AVY] choppy/sideways (ADX 24.2) -> mean-reversion strategy | Signal: HOLD | Shares held: 0.0 | Last price: $172.68
2026-09-23 19:24:47,262 | [AVY] ACTION: No trade.
2026-09-23 19:24:47,292 | [AWK] choppy/sideways (ADX 14.2) -> mean-reversion strategy | Signal: HOLD | Shares held: 0.0 | Last price: $133.87
2026-09-23 19:24:47,292 | [AWK] ACTION: No trade.
2026-09-23 19:24:47,322 | [AXON] choppy/sideways (ADX 15.6) -> mean-reversion strategy | Signal: HOLD | Shares held: 0.0 | Last price: $452.13
2026-09-23 19:24:47,322 | [AXON] ACTION: No trade.
2026-09-23 19:24:47,352 | [AXP] trending (ADX 39.3) -> trend-following strategy | Signal: HOLD | Shares held: 0.0 | Last price: $302.13
2026-09-23 19:24:47,352 | [AXP] ACTION: No trade.
2026-09-23 19:24:47,382 | [AZO] choppy/sideways (ADX 17.9) -> mean-reversion strategy | Signal: HOLD | Shares held: 0.0 | Last price: $2878.04
2026-09-23 19:24:47,382 | [AZO] ACTION: No trade.
2026-09-23 19:24:47,412 | [BA] choppy/sideways (ADX 24.0) -> mean-reversion strategy | Signal: HOLD | Shares held: 0.0 | Last price: $199.95
2026-09-23 19:24:47,412 | [BA] ACTION: No trade.
2026-09-23 19:24:47,442 | [BAC] trending (ADX 36.8) -> trend-following strategy | Signal: HOLD | Shares held: 0.0 | Last price: $56.02
2026-09-23 19:24:47,442 | [BAC] ACTION: No trade.
2026-09-23 19:24:47,473 | [BALL] choppy/sideways (ADX 24.5) -> mean-reversion strategy | Signal: HOLD | Shares held: 0.0 | Last price: $58.87
2026-09-23 19:24:47,473 | [BALL] ACTION: No trade.
2026-09-23 19:24:47,503 | [BAX] trending (ADX 26.0) -> trend-following strategy | Signal: HOLD | Shares held: 0.0 | Last price: $23.64
2026-09-23 19:24:47,503 | [BAX] ACTION: No trade.
2026-09-23 19:24:47,533 | [BBY] trending (ADX 38.2) -> trend-following strategy | Signal: HOLD | Shares held: 0.0 | Last price: $90.97
2026-09-23 19:24:47,533 | [BBY] ACTION: No trade.
2026-09-23 19:24:47,563 | [BDX] choppy/sideways (ADX 17.9) -> mean-reversion strategy | Signal: HOLD | Shares held: 0.0 | Last price: $181.89
2026-09-23 19:24:47,564 | [BDX] ACTION: No trade.
2026-09-23 19:24:47,594 | [BE] choppy/sideways (ADX 13.8) -> mean-reversion strategy | Signal: HOLD | Shares held: 0.0 | Last price: $273.52
2026-09-23 19:24:47,594 | [BE] ACTION: No trade.
2026-09-23 19:24:47,625 | [BEN] choppy/sideways (ADX 14.2) -> mean-reversion strategy | Signal: HOLD | Shares held: 0.0 | Last price: $32.84
2026-09-23 19:24:47,625 | [BEN] ACTION: No trade.
2026-09-23 19:24:47,656 | [BG] trending (ADX 28.1) -> trend-following strategy | Signal: HOLD | Shares held: 0.0 | Last price: $111.18
2026-09-23 19:24:47,656 | [BG] ACTION: No trade.
2026-09-23 19:24:47,686 | [BIIB] choppy/sideways (ADX 16.0) -> mean-reversion strategy | Signal: HOLD | Shares held: 0.0 | Last price: $225.79
2026-09-23 19:24:47,686 | [BIIB] ACTION: No trade.
2026-09-23 19:24:47,716 | [BKNG] choppy/sideways (ADX 15.3) -> mean-reversion strategy | Signal: HOLD | Shares held: 0.0 | Last price: $156.26
2026-09-23 19:24:47,716 | [BKNG] ACTION: No trade.
2026-09-23 19:24:47,746 | [BKR] choppy/sideways (ADX 18.5) -> mean-reversion strategy | Signal: HOLD | Shares held: 0.0 | Last price: $57.84
2026-09-23 19:24:47,746 | [BKR] ACTION: No trade.
2026-09-23 19:24:47,776 | [BLK] choppy/sideways (ADX 19.3) -> mean-reversion strategy | Signal: HOLD | Shares held: 0.0 | Last price: $1062.37
2026-09-23 19:24:47,776 | [BLK] ACTION: No trade.
2026-09-23 19:24:47,807 | [BMY] trending (ADX 35.9) -> trend-following strategy | Signal: HOLD | Shares held: 0.0 | Last price: $61.30
2026-09-23 19:24:47,807 | [BMY] ACTION: No trade.
2026-09-23 19:24:47,837 | [BNY] choppy/sideways (ADX 18.1) -> mean-reversion strategy | Signal: HOLD | Shares held: 0.0 | Last price: $150.45
2026-09-23 19:24:47,837 | [BNY] ACTION: No trade.
2026-09-23 19:24:47,867 | [BR] choppy/sideways (ADX 15.1) -> mean-reversion strategy | Signal: HOLD | Shares held: 0.0 | Last price: $164.01
2026-09-23 19:24:47,867 | [BR] ACTION: No trade.
2026-09-23 19:24:47,897 | [BRK.B] trending (ADX 29.8) -> trend-following strategy | Signal: HOLD | Shares held: 0.0 | Last price: $507.64
2026-09-23 19:24:47,897 | [BRK.B] ACTION: No trade.
2026-09-23 19:24:47,927 | [BRO] choppy/sideways (ADX 21.5) -> mean-reversion strategy | Signal: HOLD | Shares held: 0.0 | Last price: $62.16
2026-09-23 19:24:47,927 | [BRO] ACTION: No trade.
2026-09-23 19:24:47,957 | [BSX] trending (ADX 27.2) -> trend-following strategy | Signal: HOLD | Shares held: 0.0 | Last price: $44.30
2026-09-23 19:24:47,957 | [BSX] ACTION: No trade.
2026-09-23 19:24:47,987 | [BX] trending (ADX 44.9) -> trend-following strategy | Signal: HOLD | Shares held: 0.0 | Last price: $119.56
2026-09-23 19:24:47,987 | [BX] ACTION: No trade.
2026-09-23 19:24:48,017 | [BXP] trending (ADX 25.9) -> trend-following strategy | Signal: HOLD | Shares held: 0.0 | Last price: $62.58
2026-09-23 19:24:48,018 | [BXP] ACTION: No trade.
2026-09-23 19:24:48,048 | [C] choppy/sideways (ADX 10.5) -> mean-reversion strategy | Signal: HOLD | Shares held: 0.0 | Last price: $132.71
2026-09-23 19:24:48,048 | [C] ACTION: No trade.
2026-09-23 19:24:48,078 | [CAH] choppy/sideways (ADX 17.2) -> mean-reversion strategy | Signal: HOLD | Shares held: 0.0 | Last price: $222.17
2026-09-23 19:24:48,078 | [CAH] ACTION: No trade.
2026-09-23 19:24:48,108 | [CARR] choppy/sideways (ADX 10.6) -> mean-reversion strategy | Signal: HOLD | Shares held: 0.0 | Last price: $55.45
2026-09-23 19:24:48,108 | [CARR] ACTION: No trade.
2026-09-23 19:24:48,138 | [CASY] trending (ADX 30.7) -> trend-following strategy | Signal: HOLD | Shares held: 0.0 | Last price: $600.22
2026-09-23 19:24:48,138 | [CASY] ACTION: No trade.
2026-09-23 19:24:48,168 | [CAT] choppy/sideways (ADX 11.8) -> mean-reversion strategy | Signal: HOLD | Shares held: 0.0 | Last price: $811.32
2026-09-23 19:24:48,168 | [CAT] ACTION: No trade.
2026-09-23 19:24:48,198 | [CB] choppy/sideways (ADX 23.1) -> mean-reversion strategy | Signal: HOLD | Shares held: 0.0 | Last price: $334.92
2026-09-23 19:24:48,198 | [CB] ACTION: No trade.
2026-09-23 19:24:48,228 | [CBOE] choppy/sideways (ADX 21.7) -> mean-reversion strategy | Signal: HOLD | Shares held: 0.0 | Last price: $271.82
2026-09-23 19:24:48,228 | [CBOE] ACTION: No trade.
2026-09-23 19:24:48,258 | [CBRE] trending (ADX 37.0) -> trend-following strategy | Signal: HOLD | Shares held: 0.0 | Last price: $136.92
2026-09-23 19:24:48,258 | [CBRE] ACTION: No trade.
2026-09-23 19:24:48,287 | [CCI] trending (ADX 38.5) -> trend-following strategy | Signal: HOLD | Shares held: 0.0 | Last price: $70.52
2026-09-23 19:24:48,288 | [CCI] ACTION: No trade.
2026-09-23 19:24:48,318 | [CCL] choppy/sideways (ADX 17.1) -> mean-reversion strategy | Signal: HOLD | Shares held: 0.0 | Last price: $21.84
2026-09-23 19:24:48,318 | [CCL] ACTION: No trade.
2026-09-23 19:24:48,347 | [CDNS] trending (ADX 58.7) -> trend-following strategy | Signal: HOLD | Shares held: 0.0 | Last price: $309.91
2026-09-23 19:24:48,348 | [CDNS] ACTION: No trade.
2026-09-23 19:24:48,377 | [CDW] choppy/sideways (ADX 17.2) -> mean-reversion strategy | Signal: HOLD | Shares held: 0.0 | Last price: $146.83
2026-09-23 19:24:48,378 | [CDW] ACTION: No trade.
2026-09-23 19:24:48,407 | [CEG] choppy/sideways (ADX 19.0) -> mean-reversion strategy | Signal: HOLD | Shares held: 0.0 | Last price: $263.90
2026-09-23 19:24:48,407 | [CEG] ACTION: No trade.
2026-09-23 19:24:48,437 | [CF] choppy/sideways (ADX 17.9) -> mean-reversion strategy | Signal: HOLD | Shares held: 0.0 | Last price: $120.85
2026-09-23 19:24:48,438 | [CF] ACTION: No trade.
2026-09-23 19:24:48,467 | [CFG] trending (ADX 26.6) -> trend-following strategy | Signal: HOLD | Shares held: 0.0 | Last price: $65.06
2026-09-23 19:24:48,468 | [CFG] ACTION: No trade.
2026-09-23 19:24:48,498 | [CHD] choppy/sideways (ADX 17.4) -> mean-reversion strategy | Signal: HOLD | Shares held: 0.0 | Last price: $96.13
2026-09-23 19:24:48,498 | [CHD] ACTION: No trade.
2026-09-23 19:24:48,528 | [CHRW] choppy/sideways (ADX 13.2) -> mean-reversion strategy | Signal: HOLD | Shares held: 0.0 | Last price: $150.00
2026-09-23 19:24:48,528 | [CHRW] ACTION: No trade.
2026-09-23 19:24:48,558 | [CHTR] choppy/sideways (ADX 17.5) -> mean-reversion strategy | Signal: HOLD | Shares held: 0.0 | Last price: $119.55
2026-09-23 19:24:48,558 | [CHTR] ACTION: No trade.
2026-09-23 19:24:48,588 | [CI] trending (ADX 46.3) -> trend-following strategy | Signal: HOLD | Shares held: 0.0 | Last price: $268.22
2026-09-23 19:24:48,588 | [CI] ACTION: No trade.
2026-09-23 19:24:48,618 | [CIEN] choppy/sideways (ADX 24.6) -> mean-reversion strategy | Signal: HOLD | Shares held: 0.0 | Last price: $357.15
2026-09-23 19:24:48,618 | [CIEN] ACTION: No trade.
2026-09-23 19:24:48,648 | [CINF] trending (ADX 36.4) -> trend-following strategy | Signal: HOLD | Shares held: 0.0 | Last price: $163.12
2026-09-23 19:24:48,648 | [CINF] ACTION: No trade.
2026-09-23 19:24:48,678 | [CL] trending (ADX 26.5) -> trend-following strategy | Signal: HOLD | Shares held: 0.0 | Last price: $86.25
2026-09-23 19:24:48,678 | [CL] ACTION: No trade.
2026-09-23 19:24:48,708 | [CLX] trending (ADX 29.2) -> trend-following strategy | Signal: HOLD | Shares held: 0.0 | Last price: $84.48
2026-09-23 19:24:48,708 | [CLX] ACTION: No trade.
2026-09-23 19:24:48,739 | [CMCSA] choppy/sideways (ADX 19.4) -> mean-reversion strategy | Signal: HOLD | Shares held: 0.0 | Last price: $22.75
2026-09-23 19:24:48,739 | [CMCSA] ACTION: No trade.
2026-09-23 19:24:48,770 | [CME] choppy/sideways (ADX 16.2) -> mean-reversion strategy | Signal: HOLD | Shares held: 0.0 | Last price: $272.40
2026-09-23 19:24:48,770 | [CME] ACTION: No trade.
2026-09-23 19:24:48,801 | [CMG] choppy/sideways (ADX 13.6) -> mean-reversion strategy | Signal: HOLD | Shares held: 0.0 | Last price: $32.88
2026-09-23 19:24:48,801 | [CMG] ACTION: No trade.
2026-09-23 19:24:48,831 | [CMI] choppy/sideways (ADX 13.0) -> mean-reversion strategy | Signal: HOLD | Shares held: 0.0 | Last price: $522.91
2026-09-23 19:24:48,831 | [CMI] ACTION: No trade.
2026-09-23 19:24:48,862 | [CMS] trending (ADX 40.1) -> trend-following strategy | Signal: HOLD | Shares held: 0.0 | Last price: $63.17
2026-09-23 19:24:48,862 | [CMS] ACTION: No trade.
2026-09-23 19:24:48,892 | [CNC] trending (ADX 32.0) -> trend-following strategy | Signal: HOLD | Shares held: 0.0 | Last price: $62.36
2026-09-23 19:24:48,892 | [CNC] ACTION: No trade.
2026-09-23 19:24:48,922 | [CNP] trending (ADX 41.6) -> trend-following strategy | Signal: HOLD | Shares held: 0.0 | Last price: $37.19
2026-09-23 19:24:48,922 | [CNP] ACTION: No trade.
2026-09-23 19:24:48,952 | [COF] trending (ADX 37.5) -> trend-following strategy | Signal: HOLD | Shares held: 0.0 | Last price: $196.46
2026-09-23 19:24:48,952 | [COF] ACTION: No trade.
2026-09-23 19:24:48,982 | [COHR] trending (ADX 30.0) -> trend-following strategy | Signal: HOLD | Shares held: 0.0 | Last price: $299.71
2026-09-23 19:24:48,982 | [COHR] ACTION: No trade.
2026-09-23 19:24:49,012 | [COIN] trending (ADX 43.4) -> trend-following strategy | Signal: HOLD | Shares held: 0.0 | Last price: $198.45
2026-09-23 19:24:49,012 | [COIN] ACTION: No trade.
2026-09-23 19:24:49,042 | [COO] choppy/sideways (ADX 13.3) -> mean-reversion strategy | Signal: HOLD | Shares held: 0.0 | Last price: $55.52
2026-09-23 19:24:49,042 | [COO] ACTION: No trade.
2026-09-23 19:24:49,072 | [COP] choppy/sideways (ADX 18.8) -> mean-reversion strategy | Signal: HOLD | Shares held: 0.0 | Last price: $128.22
2026-09-23 19:24:49,072 | [COP] ACTION: No trade.
2026-09-23 19:24:49,102 | [COR] choppy/sideways (ADX 20.4) -> mean-reversion strategy | Signal: HOLD | Shares held: 0.0 | Last price: $312.62
2026-09-23 19:24:49,102 | [COR] ACTION: No trade.
2026-09-23 19:24:49,132 | [COST] choppy/sideways (ADX 22.0) -> mean-reversion strategy | Signal: HOLD | Shares held: 0.0 | Last price: $904.13
2026-09-23 19:24:49,133 | [COST] ACTION: No trade.
2026-09-23 19:24:49,163 | [CPAY] choppy/sideways (ADX 15.3) -> mean-reversion strategy | Signal: HOLD | Shares held: 0.0 | Last price: $396.63
2026-09-23 19:24:49,163 | [CPAY] ACTION: No trade.
2026-09-23 19:24:49,193 | [CPRT] choppy/sideways (ADX 21.1) -> mean-reversion strategy | Signal: HOLD | Shares held: 0.0 | Last price: $28.45
2026-09-23 19:24:49,193 | [CPRT] ACTION: No trade.
2026-09-23 19:24:49,223 | [CRH] choppy/sideways (ADX 22.0) -> mean-reversion strategy | Signal: HOLD | Shares held: 0.0 | Last price: $85.67
2026-09-23 19:24:49,223 | [CRH] ACTION: No trade.
2026-09-23 19:24:49,253 | [CRL] trending (ADX 32.1) -> trend-following strategy | Signal: HOLD | Shares held: 0.0 | Last price: $278.23
2026-09-23 19:24:49,253 | [CRL] ACTION: No trade.
2026-09-23 19:24:49,283 | [CRM] trending (ADX 42.4) -> trend-following strategy | Signal: HOLD | Shares held: 0.0 | Last price: $238.13
2026-09-23 19:24:49,283 | [CRM] ACTION: No trade.
2026-09-23 19:24:49,313 | [CRWD] trending (ADX 46.6) -> trend-following strategy | Signal: HOLD | Shares held: 0.0 | Last price: $261.67
2026-09-23 19:24:49,313 | [CRWD] ACTION: No trade.
2026-09-23 19:24:49,343 | [CSCO] choppy/sideways (ADX 21.0) -> mean-reversion strategy | Signal: HOLD | Shares held: 0.0 | Last price: $106.72
2026-09-23 19:24:49,343 | [CSCO] ACTION: No trade.
2026-09-23 19:24:49,374 | [CSGP] choppy/sideways (ADX 22.7) -> mean-reversion strategy | Signal: HOLD | Shares held: 0.0 | Last price: $28.20
2026-09-23 19:24:49,374 | [CSGP] ACTION: No trade.
2026-09-23 19:24:49,404 | [CSX] trending (ADX 31.1) -> trend-following strategy | Signal: HOLD | Shares held: 0.0 | Last price: $47.31
2026-09-23 19:24:49,404 | [CSX] ACTION: No trade.
2026-09-23 19:24:49,434 | [CTAS] trending (ADX 25.0) -> trend-following strategy | Signal: HOLD | Shares held: 0.0 | Last price: $195.59
2026-09-23 19:24:49,434 | [CTAS] ACTION: No trade.
2026-09-23 19:24:49,464 | [CTSH] choppy/sideways (ADX 21.8) -> mean-reversion strategy | Signal: HOLD | Shares held: 0.0 | Last price: $59.20
2026-09-23 19:24:49,464 | [CTSH] ACTION: No trade.
2026-09-23 19:24:49,494 | [CTVA] choppy/sideways (ADX 13.5) -> mean-reversion strategy | Signal: HOLD | Shares held: 0.0 | Last price: $80.72
2026-09-23 19:24:49,495 | [CTVA] ACTION: No trade.
2026-09-23 19:24:49,525 | [CVNA] choppy/sideways (ADX 18.5) -> mean-reversion strategy | Signal: HOLD | Shares held: 0.0 | Last price: $64.46
2026-09-23 19:24:49,525 | [CVNA] ACTION: No trade.
2026-09-23 19:24:49,555 | [CVS] trending (ADX 33.7) -> trend-following strategy | Signal: HOLD | Shares held: 0.0 | Last price: $86.06
2026-09-23 19:24:49,555 | [CVS] ACTION: No trade.
2026-09-23 19:24:49,585 | [CVX] choppy/sideways (ADX 16.2) -> mean-reversion strategy | Signal: HOLD | Shares held: 0.0 | Last price: $205.25
2026-09-23 19:24:49,585 | [CVX] ACTION: No trade.
2026-09-23 19:24:49,615 | [D] trending (ADX 42.6) -> trend-following strategy | Signal: HOLD | Shares held: 0.0 | Last price: $61.25
2026-09-23 19:24:49,615 | [D] ACTION: No trade.
2026-09-23 19:24:49,645 | [DAL] choppy/sideways (ADX 12.7) -> mean-reversion strategy | Signal: HOLD | Shares held: 0.0 | Last price: $81.93
2026-09-23 19:24:49,645 | [DAL] ACTION: No trade.
2026-09-23 19:24:49,675 | [DASH] choppy/sideways (ADX 20.9) -> mean-reversion strategy | Signal: HOLD | Shares held: 0.0 | Last price: $190.49
2026-09-23 19:24:49,675 | [DASH] ACTION: No trade.
2026-09-23 19:24:49,705 | [DD] choppy/sideways (ADX 15.1) -> mean-reversion strategy | Signal: HOLD | Shares held: 0.0 | Last price: $130.84
2026-09-23 19:24:49,705 | [DD] ACTION: No trade.
2026-09-23 19:24:49,735 | [DDOG] trending (ADX 33.7) -> trend-following strategy | Signal: HOLD | Shares held: 0.0 | Last price: $251.76
2026-09-23 19:24:49,735 | [DDOG] ACTION: No trade.
2026-09-23 19:24:49,765 | [DE] choppy/sideways (ADX 23.0) -> mean-reversion strategy | Signal: HOLD | Shares held: 0.0 | Last price: $706.89
2026-09-23 19:24:49,765 | [DE] ACTION: No trade.
2026-09-23 19:24:49,795 | [DECK] choppy/sideways (ADX 18.4) -> mean-reversion strategy | Signal: HOLD | Shares held: 0.0 | Last price: $78.70
2026-09-23 19:24:49,795 | [DECK] ACTION: No trade.
2026-09-23 19:24:49,825 | [DELL] choppy/sideways (ADX 16.4) -> mean-reversion strategy | Signal: HOLD | Shares held: 0.0 | Last price: $547.66
2026-09-23 19:24:49,825 | [DELL] ACTION: No trade.
2026-09-23 19:24:49,855 | [DG] trending (ADX 28.7) -> trend-following strategy | Signal: HOLD | Shares held: 0.0 | Last price: $120.50
2026-09-23 19:24:49,855 | [DG] ACTION: No trade.
2026-09-23 19:24:49,885 | [DGX] trending (ADX 35.2) -> trend-following strategy | Signal: HOLD | Shares held: 0.0 | Last price: $233.34
2026-09-23 19:24:49,885 | [DGX] ACTION: No trade.
2026-09-23 19:24:49,915 | [DHI] choppy/sideways (ADX 20.9) -> mean-reversion strategy | Signal: HOLD | Shares held: 0.0 | Last price: $139.88
2026-09-23 19:24:49,915 | [DHI] ACTION: No trade.
2026-09-23 19:24:49,945 | [DHR] choppy/sideways (ADX 18.6) -> mean-reversion strategy | Signal: HOLD | Shares held: 0.0 | Last price: $221.00
2026-09-23 19:24:49,945 | [DHR] ACTION: No trade.
2026-09-23 19:24:49,975 | [DIS] choppy/sideways (ADX 19.2) -> mean-reversion strategy | Signal: HOLD | Shares held: 0.0 | Last price: $103.30
2026-09-23 19:24:49,975 | [DIS] ACTION: No trade.
2026-09-23 19:24:50,005 | [DLR] trending (ADX 37.6) -> trend-following strategy | Signal: HOLD | Shares held: 0.0 | Last price: $182.79
2026-09-23 19:24:50,005 | [DLR] ACTION: No trade.
2026-09-23 19:24:50,035 | [DLTR] trending (ADX 32.7) -> trend-following strategy | Signal: HOLD | Shares held: 0.0 | Last price: $112.64
2026-09-23 19:24:50,035 | [DLTR] ACTION: No trade.
2026-09-23 19:24:50,065 | [DOC] choppy/sideways (ADX 13.0) -> mean-reversion strategy | Signal: HOLD | Shares held: 0.0 | Last price: $20.68
2026-09-23 19:24:50,065 | [DOC] ACTION: No trade.
2026-09-23 19:24:50,095 | [DOV] trending (ADX 36.3) -> trend-following strategy | Signal: HOLD | Shares held: 0.0 | Last price: $188.92
2026-09-23 19:24:50,095 | [DOV] ACTION: No trade.
2026-09-23 19:24:50,125 | [DOW] choppy/sideways (ADX 21.9) -> mean-reversion strategy | Signal: HOLD | Shares held: 0.0 | Last price: $28.64
2026-09-23 19:24:50,125 | [DOW] ACTION: No trade.
2026-09-23 19:24:50,155 | [DPZ] choppy/sideways (ADX 15.0) -> mean-reversion strategy | Signal: HOLD | Shares held: 0.0 | Last price: $295.00
2026-09-23 19:24:50,155 | [DPZ] ACTION: No trade.
2026-09-23 19:24:50,185 | [DRI] choppy/sideways (ADX 19.8) -> mean-reversion strategy | Signal: HOLD | Shares held: 0.0 | Last price: $215.20
2026-09-23 19:24:50,185 | [DRI] ACTION: No trade.
2026-09-23 19:24:50,216 | [DTE] trending (ADX 57.0) -> trend-following strategy | Signal: HOLD | Shares held: 0.0 | Last price: $122.82
2026-09-23 19:24:50,216 | [DTE] ACTION: No trade.
2026-09-23 19:24:50,246 | [DUK] trending (ADX 42.6) -> trend-following strategy | Signal: HOLD | Shares held: 0.0 | Last price: $114.35
2026-09-23 19:24:50,246 | [DUK] ACTION: No trade.
2026-09-23 19:24:50,276 | [DVA] choppy/sideways (ADX 16.2) -> mean-reversion strategy | Signal: HOLD | Shares held: 0.0 | Last price: $183.46
2026-09-23 19:24:50,276 | [DVA] ACTION: No trade.
2026-09-23 19:24:50,306 | [DVN] choppy/sideways (ADX 22.1) -> mean-reversion strategy | Signal: HOLD | Shares held: 0.0 | Last price: $48.31
2026-09-23 19:24:50,306 | [DVN] ACTION: No trade.
2026-09-23 19:24:50,336 | [DXCM] trending (ADX 40.4) -> trend-following strategy | Signal: HOLD | Shares held: 0.0 | Last price: $87.92
2026-09-23 19:24:50,336 | [DXCM] ACTION: No trade.
2026-09-23 19:24:50,367 | [EBAY] choppy/sideways (ADX 17.4) -> mean-reversion strategy | Signal: HOLD | Shares held: 0.0 | Last price: $109.63
2026-09-23 19:24:50,367 | [EBAY] ACTION: No trade.
2026-09-23 19:24:50,397 | [ECHO] trending (ADX 30.6) -> trend-following strategy | Signal: HOLD | Shares held: 0.0 | Last price: $93.66
2026-09-23 19:24:50,397 | [ECHO] ACTION: No trade.
2026-09-23 19:24:50,427 | [ECL] choppy/sideways (ADX 20.8) -> mean-reversion strategy | Signal: HOLD | Shares held: 0.0 | Last price: $277.02
2026-09-23 19:24:50,427 | [ECL] ACTION: No trade.
2026-09-23 19:24:50,457 | [ED] trending (ADX 34.4) -> trend-following strategy | Signal: HOLD | Shares held: 0.0 | Last price: $102.97
2026-09-23 19:24:50,457 | [ED] ACTION: No trade.
2026-09-23 19:24:50,487 | [EFX] choppy/sideways (ADX 24.0) -> mean-reversion strategy | Signal: HOLD | Shares held: 0.0 | Last price: $155.72
2026-09-23 19:24:50,487 | [EFX] ACTION: No trade.
2026-09-23 19:24:50,517 | [EG] trending (ADX 25.3) -> trend-following strategy | Signal: SELL | Shares held: 0.0 | Last price: $371.93
2026-09-23 19:24:50,517 | [EG] ACTION: No trade.
2026-09-23 19:24:50,547 | [EIX] trending (ADX 38.3) -> trend-following strategy | Signal: HOLD | Shares held: 0.0 | Last price: $53.73
2026-09-23 19:24:50,547 | [EIX] ACTION: No trade.
2026-09-23 19:24:50,577 | [EL] choppy/sideways (ADX 14.8) -> mean-reversion strategy | Signal: HOLD | Shares held: 0.0 | Last price: $98.63
2026-09-23 19:24:50,578 | [EL] ACTION: No trade.
2026-09-23 19:24:50,608 | [ELV] trending (ADX 31.3) -> trend-following strategy | Signal: HOLD | Shares held: 0.0 | Last price: $398.00
2026-09-23 19:24:50,608 | [ELV] ACTION: No trade.
2026-09-23 19:24:50,637 | [EME] choppy/sideways (ADX 18.1) -> mean-reversion strategy | Signal: HOLD | Shares held: 0.0 | Last price: $756.79
2026-09-23 19:24:50,638 | [EME] ACTION: No trade.
2026-09-23 19:24:50,667 | [EMR] choppy/sideways (ADX 19.2) -> mean-reversion strategy | Signal: HOLD | Shares held: 0.0 | Last price: $155.10
2026-09-23 19:24:50,667 | [EMR] ACTION: No trade.
2026-09-23 19:24:50,697 | [EOG] choppy/sideways (ADX 15.3) -> mean-reversion strategy | Signal: HOLD | Shares held: 0.0 | Last price: $141.86
2026-09-23 19:24:50,697 | [EOG] ACTION: No trade.
2026-09-23 19:24:50,727 | [EQIX] trending (ADX 33.3) -> trend-following strategy | Signal: HOLD | Shares held: 0.0 | Last price: $1040.49
2026-09-23 19:24:50,727 | [EQIX] ACTION: No trade.
2026-09-23 19:24:50,757 | [EQT] choppy/sideways (ADX 22.4) -> mean-reversion strategy | Signal: HOLD | Shares held: 0.0 | Last price: $51.02
2026-09-23 19:24:50,757 | [EQT] ACTION: No trade.
2026-09-23 19:24:50,787 | [ES] trending (ADX 50.4) -> trend-following strategy | Signal: HOLD | Shares held: 0.0 | Last price: $64.90
2026-09-23 19:24:50,787 | [ES] ACTION: No trade.
2026-09-23 19:24:50,818 | [ESS] choppy/sideways (ADX 17.3) -> mean-reversion strategy | Signal: HOLD | Shares held: 0.0 | Last price: $273.80
2026-09-23 19:24:50,818 | [ESS] ACTION: No trade.
2026-09-23 19:24:50,848 | [ETN] choppy/sideways (ADX 24.1) -> mean-reversion strategy | Signal: HOLD | Shares held: 0.0 | Last price: $438.04
2026-09-23 19:24:50,848 | [ETN] ACTION: No trade.
2026-09-23 19:24:50,878 | [ETR] trending (ADX 43.4) -> trend-following strategy | Signal: HOLD | Shares held: 0.0 | Last price: $99.03
2026-09-23 19:24:50,878 | [ETR] ACTION: No trade.
2026-09-23 19:24:50,908 | [EVRG] trending (ADX 36.1) -> trend-following strategy | Signal: HOLD | Shares held: 0.0 | Last price: $78.46
2026-09-23 19:24:50,908 | [EVRG] ACTION: No trade.
2026-09-23 19:24:50,939 | [EW] trending (ADX 43.8) -> trend-following strategy | Signal: HOLD | Shares held: 0.0 | Last price: $86.18
2026-09-23 19:24:50,939 | [EW] ACTION: No trade.
2026-09-23 19:24:50,969 | [EXC] trending (ADX 52.0) -> trend-following strategy | Signal: HOLD | Shares held: 0.0 | Last price: $40.78
2026-09-23 19:24:50,969 | [EXC] ACTION: No trade.
2026-09-23 19:24:50,999 | [EXE] choppy/sideways (ADX 10.5) -> mean-reversion strategy | Signal: HOLD | Shares held: 0.0 | Last price: $87.29
2026-09-23 19:24:50,999 | [EXE] ACTION: No trade.
2026-09-23 19:24:51,029 | [EXPD] choppy/sideways (ADX 14.8) -> mean-reversion strategy | Signal: HOLD | Shares held: 0.0 | Last price: $187.98
2026-09-23 19:24:51,029 | [EXPD] ACTION: No trade.
2026-09-23 19:24:51,060 | [EXPE] choppy/sideways (ADX 9.5) -> mean-reversion strategy | Signal: HOLD | Shares held: 0.0 | Last price: $263.74
2026-09-23 19:24:51,060 | [EXPE] ACTION: No trade.
2026-09-23 19:24:51,090 | [EXR] trending (ADX 26.5) -> trend-following strategy | Signal: HOLD | Shares held: 0.0 | Last price: $134.08
2026-09-23 19:24:51,090 | [EXR] ACTION: No trade.
2026-09-23 19:24:51,120 | [F] choppy/sideways (ADX 10.4) -> mean-reversion strategy | Signal: HOLD | Shares held: 0.0 | Last price: $12.98
2026-09-23 19:24:51,120 | [F] ACTION: No trade.
2026-09-23 19:24:51,150 | [FANG] choppy/sideways (ADX 20.8) -> mean-reversion strategy | Signal: HOLD | Shares held: 0.0 | Last price: $185.31
2026-09-23 19:24:51,150 | [FANG] ACTION: No trade.
2026-09-23 19:24:51,180 | [FAST] trending (ADX 46.0) -> trend-following strategy | Signal: HOLD | Shares held: 0.0 | Last price: $50.81
2026-09-23 19:24:51,181 | [FAST] ACTION: No trade.
2026-09-23 19:24:51,211 | [FCX] trending (ADX 31.1) -> trend-following strategy | Signal: HOLD | Shares held: 0.0 | Last price: $72.41
2026-09-23 19:24:51,211 | [FCX] ACTION: No trade.
2026-09-23 19:24:51,240 | [FDS] choppy/sideways (ADX 11.7) -> mean-reversion strategy | Signal: HOLD | Shares held: 0.0 | Last price: $279.62
2026-09-23 19:24:51,240 | [FDS] ACTION: No trade.
2026-09-23 19:24:51,270 | [FDX] choppy/sideways (ADX 23.3) -> mean-reversion strategy | Signal: HOLD | Shares held: 0.0 | Last price: $292.35
2026-09-23 19:24:51,270 | [FDX] ACTION: No trade.
2026-09-23 19:24:51,300 | [FDXF] choppy/sideways (ADX 16.4) -> mean-reversion strategy | Signal: HOLD | Shares held: 0.0 | Last price: $118.59
2026-09-23 19:24:51,300 | [FDXF] ACTION: No trade.
2026-09-23 19:24:51,330 | [FE] trending (ADX 50.3) -> trend-following strategy | Signal: HOLD | Shares held: 0.0 | Last price: $43.74
2026-09-23 19:24:51,330 | [FE] ACTION: No trade.
2026-09-23 19:24:51,360 | [FERG] trending (ADX 27.3) -> trend-following strategy | Signal: HOLD | Shares held: 0.0 | Last price: $222.26
2026-09-23 19:24:51,360 | [FERG] ACTION: No trade.
2026-09-23 19:24:51,390 | [FFIV] choppy/sideways (ADX 21.6) -> mean-reversion strategy | Signal: HOLD | Shares held: 0.0 | Last price: $457.56
2026-09-23 19:24:51,390 | [FFIV] ACTION: No trade.
2026-09-23 19:24:51,420 | [FICO] trending (ADX 34.6) -> trend-following strategy | Signal: HOLD | Shares held: 0.0 | Last price: $880.43
2026-09-23 19:24:51,420 | [FICO] ACTION: No trade.
2026-09-23 19:24:51,450 | [FIS] choppy/sideways (ADX 14.3) -> mean-reversion strategy | Signal: HOLD | Shares held: 0.0 | Last price: $34.87
2026-09-23 19:24:51,450 | [FIS] ACTION: No trade.
2026-09-23 19:24:51,480 | [FISV] choppy/sideways (ADX 10.4) -> mean-reversion strategy | Signal: HOLD | Shares held: 0.0 | Last price: $46.22
2026-09-23 19:24:51,480 | [FISV] ACTION: No trade.
2026-09-23 19:24:51,510 | [FITB] choppy/sideways (ADX 21.6) -> mean-reversion strategy | Signal: HOLD | Shares held: 0.0 | Last price: $52.08
2026-09-23 19:24:51,510 | [FITB] ACTION: No trade.
2026-09-23 19:24:51,540 | [FIX] choppy/sideways (ADX 13.0) -> mean-reversion strategy | Signal: HOLD | Shares held: 0.0 | Last price: $1625.52
2026-09-23 19:24:51,540 | [FIX] ACTION: No trade.
2026-09-23 19:24:51,570 | [FLEX] choppy/sideways (ADX 23.1) -> mean-reversion strategy | Signal: HOLD | Shares held: 0.0 | Last price: $112.81
2026-09-23 19:24:51,570 | [FLEX] ACTION: No trade.
2026-09-23 19:24:51,600 | [FOXA] choppy/sideways (ADX 22.9) -> mean-reversion strategy | Signal: HOLD | Shares held: 0.0 | Last price: $63.59
2026-09-23 19:24:51,600 | [FOXA] ACTION: No trade.
2026-09-23 19:24:51,630 | [FRT] choppy/sideways (ADX 14.3) -> mean-reversion strategy | Signal: HOLD | Shares held: 0.0 | Last price: $109.92
2026-09-23 19:24:51,630 | [FRT] ACTION: No trade.
2026-09-23 19:24:51,660 | [FSLR] choppy/sideways (ADX 18.8) -> mean-reversion strategy | Signal: HOLD | Shares held: 0.0 | Last price: $193.50
2026-09-23 19:24:51,660 | [FSLR] ACTION: No trade.
2026-09-23 19:24:51,690 | [FTNT] trending (ADX 33.4) -> trend-following strategy | Signal: HOLD | Shares held: 0.0 | Last price: $178.29
2026-09-23 19:24:51,690 | [FTNT] ACTION: No trade.
2026-09-23 19:24:51,720 | [FTV] choppy/sideways (ADX 19.7) -> mean-reversion strategy | Signal: HOLD | Shares held: 0.0 | Last price: $56.13
2026-09-23 19:24:51,720 | [FTV] ACTION: No trade.
2026-09-23 19:24:51,751 | [GD] choppy/sideways (ADX 14.6) -> mean-reversion strategy | Signal: HOLD | Shares held: 0.0 | Last price: $344.05
2026-09-23 19:24:51,751 | [GD] ACTION: No trade.
2026-09-23 19:24:51,781 | [GDDY] trending (ADX 26.3) -> trend-following strategy | Signal: HOLD | Shares held: 0.0 | Last price: $96.16
2026-09-23 19:24:51,781 | [GDDY] ACTION: No trade.
2026-09-23 19:24:51,811 | [GE] choppy/sideways (ADX 12.8) -> mean-reversion strategy | Signal: HOLD | Shares held: 0.0 | Last price: $320.21
2026-09-23 19:24:51,811 | [GE] ACTION: No trade.
2026-09-23 19:24:51,841 | [GEHC] choppy/sideways (ADX 9.9) -> mean-reversion strategy | Signal: HOLD | Shares held: 0.0 | Last price: $66.03
2026-09-23 19:24:51,841 | [GEHC] ACTION: No trade.
2026-09-23 19:24:51,871 | [GEN] trending (ADX 33.9) -> trend-following strategy | Signal: HOLD | Shares held: 0.0 | Last price: $26.46
2026-09-23 19:24:51,871 | [GEN] ACTION: No trade.
2026-09-23 19:24:51,901 | [GEV] choppy/sideways (ADX 16.3) -> mean-reversion strategy | Signal: HOLD | Shares held: 0.0 | Last price: $948.74
2026-09-23 19:24:51,901 | [GEV] ACTION: No trade.
2026-09-23 19:24:51,931 | [GILD] choppy/sideways (ADX 24.0) -> mean-reversion strategy | Signal: HOLD | Shares held: 0.0 | Last price: $150.31
2026-09-23 19:24:51,931 | [GILD] ACTION: No trade.
2026-09-23 19:24:51,961 | [GIS] choppy/sideways (ADX 24.2) -> mean-reversion strategy | Signal: HOLD | Shares held: 0.0 | Last price: $35.93
2026-09-23 19:24:51,961 | [GIS] ACTION: No trade.
2026-09-23 19:24:51,991 | [GLW] trending (ADX 27.4) -> trend-following strategy | Signal: HOLD | Shares held: 0.0 | Last price: $154.90
2026-09-23 19:24:51,991 | [GLW] ACTION: No trade.
2026-09-23 19:24:52,021 | [GM] choppy/sideways (ADX 17.9) -> mean-reversion strategy | Signal: HOLD | Shares held: 0.0 | Last price: $84.11
2026-09-23 19:24:52,021 | [GM] ACTION: No trade.
2026-09-23 19:24:52,051 | [GNRC] choppy/sideways (ADX 21.4) -> mean-reversion strategy | Signal: HOLD | Shares held: 0.0 | Last price: $201.41
2026-09-23 19:24:52,051 | [GNRC] ACTION: No trade.
2026-09-23 19:24:52,081 | [GOOG] trending (ADX 43.0) -> trend-following strategy | Signal: HOLD | Shares held: 0.0 | Last price: $335.76
2026-09-23 19:24:52,081 | [GOOG] ACTION: No trade.
2026-09-23 19:24:52,111 | [GOOGL] trending (ADX 44.9) -> trend-following strategy | Signal: HOLD | Shares held: 0.0 | Last price: $339.21
2026-09-23 19:24:52,111 | [GOOGL] ACTION: No trade.
2026-09-23 19:24:52,141 | [GPC] choppy/sideways (ADX 18.0) -> mean-reversion strategy | Signal: HOLD | Shares held: 0.0 | Last price: $129.24
2026-09-23 19:24:52,141 | [GPC] ACTION: No trade.
2026-09-23 19:24:52,171 | [GPN] choppy/sideways (ADX 13.8) -> mean-reversion strategy | Signal: HOLD | Shares held: 0.0 | Last price: $84.44
2026-09-23 19:24:52,171 | [GPN] ACTION: No trade.
2026-09-23 19:24:52,201 | [GRMN] choppy/sideways (ADX 13.1) -> mean-reversion strategy | Signal: HOLD | Shares held: 0.0 | Last price: $286.30
2026-09-23 19:24:52,201 | [GRMN] ACTION: No trade.
2026-09-23 19:24:52,230 | [GS] choppy/sideways (ADX 23.4) -> mean-reversion strategy | Signal: HOLD | Shares held: 0.0 | Last price: $939.47
2026-09-23 19:24:52,231 | [GS] ACTION: No trade.
2026-09-23 19:24:52,260 | [GWW] choppy/sideways (ADX 13.8) -> mean-reversion strategy | Signal: HOLD | Shares held: 0.0 | Last price: $1269.82
2026-09-23 19:24:52,260 | [GWW] ACTION: No trade.
2026-09-23 19:24:52,290 | [HAL] choppy/sideways (ADX 18.1) -> mean-reversion strategy | Signal: HOLD | Shares held: 0.0 | Last price: $32.95
2026-09-23 19:24:52,290 | [HAL] ACTION: No trade.
2026-09-23 19:24:52,320 | [HAS] trending (ADX 27.1) -> trend-following strategy | Signal: HOLD | Shares held: 0.0 | Last price: $86.18
2026-09-23 19:24:52,320 | [HAS] ACTION: No trade.
2026-09-23 19:24:52,350 | [HBAN] trending (ADX 30.4) -> trend-following strategy | Signal: HOLD | Shares held: 0.0 | Last price: $15.51
2026-09-23 19:24:52,350 | [HBAN] ACTION: No trade.
2026-09-23 19:24:52,380 | [HCA] choppy/sideways (ADX 23.1) -> mean-reversion strategy | Signal: HOLD | Shares held: 0.0 | Last price: $437.06
2026-09-23 19:24:52,380 | [HCA] ACTION: No trade.
2026-09-23 19:24:52,410 | [HD] trending (ADX 28.3) -> trend-following strategy | Signal: HOLD | Shares held: 0.0 | Last price: $298.18
2026-09-23 19:24:52,410 | [HD] ACTION: No trade.
2026-09-23 19:24:52,440 | [HIG] trending (ADX 39.7) -> trend-following strategy | Signal: HOLD | Shares held: 0.0 | Last price: $127.11
2026-09-23 19:24:52,440 | [HIG] ACTION: No trade.
2026-09-23 19:24:52,470 | [HII] choppy/sideways (ADX 10.3) -> mean-reversion strategy | Signal: HOLD | Shares held: 0.0 | Last price: $270.08
2026-09-23 19:24:52,470 | [HII] ACTION: No trade.
2026-09-23 19:24:52,500 | [HLT] choppy/sideways (ADX 12.8) -> mean-reversion strategy | Signal: HOLD | Shares held: 0.0 | Last price: $308.17
2026-09-23 19:24:52,500 | [HLT] ACTION: No trade.
2026-09-23 19:24:52,530 | [HON] choppy/sideways (ADX 15.4) -> mean-reversion strategy | Signal: HOLD | Shares held: 0.0 | Last price: $211.69
2026-09-23 19:24:52,530 | [HON] ACTION: No trade.
2026-09-23 19:24:52,560 | [HONA] trending (ADX 39.4) -> trend-following strategy | Signal: HOLD | Shares held: 0.0 | Last price: $163.08
2026-09-23 19:24:52,560 | [HONA] ACTION: No trade.
2026-09-23 19:24:52,590 | [HOOD] choppy/sideways (ADX 19.5) -> mean-reversion strategy | Signal: HOLD | Shares held: 0.0 | Last price: $124.20
2026-09-23 19:24:52,590 | [HOOD] ACTION: No trade.
2026-09-23 19:24:52,620 | [HPE] trending (ADX 28.9) -> trend-following strategy | Signal: HOLD | Shares held: 0.0 | Last price: $62.18
2026-09-23 19:24:52,620 | [HPE] ACTION: No trade.
2026-09-23 19:24:52,649 | [HPQ] choppy/sideways (ADX 16.3) -> mean-reversion strategy | Signal: HOLD | Shares held: 0.0 | Last price: $32.09
2026-09-23 19:24:52,649 | [HPQ] ACTION: No trade.
2026-09-23 19:24:52,679 | [HST] choppy/sideways (ADX 14.0) -> mean-reversion strategy | Signal: HOLD | Shares held: 0.0 | Last price: $22.20
2026-09-23 19:24:52,679 | [HST] ACTION: No trade.
2026-09-23 19:24:52,710 | [HSY] choppy/sideways (ADX 16.4) -> mean-reversion strategy | Signal: HOLD | Shares held: 0.0 | Last price: $169.11
2026-09-23 19:24:52,710 | [HSY] ACTION: No trade.
2026-09-23 19:24:52,741 | [HUBB] trending (ADX 30.2) -> trend-following strategy | Signal: HOLD | Shares held: 0.0 | Last price: $468.98
2026-09-23 19:24:52,741 | [HUBB] ACTION: No trade.
2026-09-23 19:24:52,771 | [HUM] choppy/sideways (ADX 21.9) -> mean-reversion strategy | Signal: HOLD | Shares held: 0.0 | Last price: $375.63
2026-09-23 19:24:52,771 | [HUM] ACTION: No trade.
2026-09-23 19:24:52,801 | [HWM] choppy/sideways (ADX 17.1) -> mean-reversion strategy | Signal: HOLD | Shares held: 0.0 | Last price: $229.06
2026-09-23 19:24:52,801 | [HWM] ACTION: No trade.
2026-09-23 19:24:52,832 | [IBKR] choppy/sideways (ADX 9.0) -> mean-reversion strategy | Signal: HOLD | Shares held: 0.0 | Last price: $92.68
2026-09-23 19:24:52,832 | [IBKR] ACTION: No trade.
2026-09-23 19:24:52,862 | [IBM] choppy/sideways (ADX 19.7) -> mean-reversion strategy | Signal: HOLD | Shares held: 0.0 | Last price: $233.88
2026-09-23 19:24:52,862 | [IBM] ACTION: No trade.
2026-09-23 19:24:52,892 | [ICE] choppy/sideways (ADX 13.6) -> mean-reversion strategy | Signal: HOLD | Shares held: 0.0 | Last price: $156.67
2026-09-23 19:24:52,892 | [ICE] ACTION: No trade.
2026-09-23 19:24:52,922 | [IDXX] choppy/sideways (ADX 13.2) -> mean-reversion strategy | Signal: HOLD | Shares held: 0.0 | Last price: $519.54
2026-09-23 19:24:52,922 | [IDXX] ACTION: No trade.
2026-09-23 19:24:52,952 | [IEX] choppy/sideways (ADX 24.7) -> mean-reversion strategy | Signal: HOLD | Shares held: 0.0 | Last price: $229.31
2026-09-23 19:24:52,952 | [IEX] ACTION: No trade.
2026-09-23 19:24:52,983 | [IFF] choppy/sideways (ADX 13.4) -> mean-reversion strategy | Signal: HOLD | Shares held: 0.0 | Last price: $85.49
2026-09-23 19:24:52,983 | [IFF] ACTION: No trade.
2026-09-23 19:24:53,013 | [ILMN] trending (ADX 33.3) -> trend-following strategy | Signal: HOLD | Shares held: 0.0 | Last price: $253.08
2026-09-23 19:24:53,013 | [ILMN] ACTION: No trade.
2026-09-23 19:24:53,043 | [INCY] choppy/sideways (ADX 15.2) -> mean-reversion strategy | Signal: HOLD | Shares held: 0.0 | Last price: $125.13
2026-09-23 19:24:53,043 | [INCY] ACTION: No trade.
2026-09-23 19:24:53,073 | [INTC] choppy/sideways (ADX 13.4) -> mean-reversion strategy | Signal: HOLD | Shares held: 0.0 | Last price: $121.40
2026-09-23 19:24:53,073 | [INTC] ACTION: No trade.
2026-09-23 19:24:53,103 | [INTU] choppy/sideways (ADX 7.7) -> mean-reversion strategy | Signal: HOLD | Shares held: 0.0 | Last price: $287.91
2026-09-23 19:24:53,103 | [INTU] ACTION: No trade.
2026-09-23 19:24:53,133 | [INVH] choppy/sideways (ADX 12.7) -> mean-reversion strategy | Signal: HOLD | Shares held: 0.0 | Last price: $26.95
2026-09-23 19:24:53,133 | [INVH] ACTION: No trade.
2026-09-23 19:24:53,163 | [IP] choppy/sideways (ADX 19.8) -> mean-reversion strategy | Signal: HOLD | Shares held: 0.0 | Last price: $35.78
2026-09-23 19:24:53,163 | [IP] ACTION: No trade.
2026-09-23 19:24:53,193 | [IQV] choppy/sideways (ADX 17.4) -> mean-reversion strategy | Signal: HOLD | Shares held: 0.0 | Last price: $268.01
2026-09-23 19:24:53,193 | [IQV] ACTION: No trade.
2026-09-23 19:24:53,223 | [IR] trending (ADX 39.5) -> trend-following strategy | Signal: HOLD | Shares held: 0.0 | Last price: $75.91
2026-09-23 19:24:53,223 | [IR] ACTION: No trade.
2026-09-23 19:24:53,253 | [IRM] trending (ADX 32.4) -> trend-following strategy | Signal: HOLD | Shares held: 0.0 | Last price: $115.64
2026-09-23 19:24:53,253 | [IRM] ACTION: No trade.
2026-09-23 19:24:53,283 | [ISRG] trending (ADX 36.3) -> trend-following strategy | Signal: HOLD | Shares held: 0.0 | Last price: $397.46
2026-09-23 19:24:53,283 | [ISRG] ACTION: No trade.
2026-09-23 19:24:53,313 | [IT] choppy/sideways (ADX 14.5) -> mean-reversion strategy | Signal: HOLD | Shares held: 0.0 | Last price: $180.00
2026-09-23 19:24:53,313 | [IT] ACTION: No trade.
2026-09-23 19:24:53,343 | [ITW] trending (ADX 35.1) -> trend-following strategy | Signal: HOLD | Shares held: 0.0 | Last price: $272.70
2026-09-23 19:24:53,343 | [ITW] ACTION: No trade.
2026-09-23 19:24:53,373 | [IVZ] choppy/sideways (ADX 19.1) -> mean-reversion strategy | Signal: HOLD | Shares held: 0.0 | Last price: $30.75
2026-09-23 19:24:53,373 | [IVZ] ACTION: No trade.
2026-09-23 19:24:53,403 | [J] choppy/sideways (ADX 21.0) -> mean-reversion strategy | Signal: HOLD | Shares held: 0.0 | Last price: $141.64
2026-09-23 19:24:53,403 | [J] ACTION: No trade.
2026-09-23 19:24:53,433 | [JBHT] choppy/sideways (ADX 14.1) -> mean-reversion strategy | Signal: HOLD | Shares held: 0.0 | Last price: $236.05
2026-09-23 19:24:53,433 | [JBHT] ACTION: No trade.
2026-09-23 19:24:53,463 | [JBL] choppy/sideways (ADX 13.8) -> mean-reversion strategy | Signal: HOLD | Shares held: 0.0 | Last price: $308.06
2026-09-23 19:24:53,463 | [JBL] ACTION: No trade.
2026-09-23 19:24:53,527 | [JCI] choppy/sideways (ADX 15.3) -> mean-reversion strategy | Signal: HOLD | Shares held: 0.0 | Last price: $146.47
2026-09-23 19:24:53,527 | [JCI] ACTION: No trade.
2026-09-23 19:24:53,557 | [JKHY] choppy/sideways (ADX 22.1) -> mean-reversion strategy | Signal: HOLD | Shares held: 0.0 | Last price: $148.98
2026-09-23 19:24:53,557 | [JKHY] ACTION: No trade.
2026-09-23 19:24:53,587 | [JNJ] choppy/sideways (ADX 18.1) -> mean-reversion strategy | Signal: HOLD | Shares held: 0.0 | Last price: $268.62
2026-09-23 19:24:53,587 | [JNJ] ACTION: No trade.
2026-09-23 19:24:53,617 | [JPM] trending (ADX 31.6) -> trend-following strategy | Signal: HOLD | Shares held: 0.0 | Last price: $337.86
2026-09-23 19:24:53,617 | [JPM] ACTION: No trade.
2026-09-23 19:24:53,646 | [KDP] choppy/sideways (ADX 22.3) -> mean-reversion strategy | Signal: HOLD | Shares held: 0.0 | Last price: $31.58
2026-09-23 19:24:53,647 | [KDP] ACTION: No trade.
2026-09-23 19:24:53,676 | [KEY] trending (ADX 28.0) -> trend-following strategy | Signal: HOLD | Shares held: 0.0 | Last price: $20.33
2026-09-23 19:24:53,676 | [KEY] ACTION: No trade.
2026-09-23 19:24:53,706 | [KEYS] trending (ADX 30.9) -> trend-following strategy | Signal: HOLD | Shares held: 0.0 | Last price: $352.64
2026-09-23 19:24:53,706 | [KEYS] ACTION: No trade.
2026-09-23 19:24:53,736 | [KHC] choppy/sideways (ADX 22.2) -> mean-reversion strategy | Signal: HOLD | Shares held: 0.0 | Last price: $23.73
2026-09-23 19:24:53,736 | [KHC] ACTION: No trade.
2026-09-23 19:24:53,767 | [KKR] trending (ADX 29.1) -> trend-following strategy | Signal: HOLD | Shares held: 0.0 | Last price: $96.89
2026-09-23 19:24:53,767 | [KKR] ACTION: No trade.
2026-09-23 19:24:53,797 | [KLAC] choppy/sideways (ADX 11.1) -> mean-reversion strategy | Signal: HOLD | Shares held: 0.0 | Last price: $187.34
2026-09-23 19:24:53,797 | [KLAC] ACTION: No trade.
2026-09-23 19:24:53,827 | [KMB] choppy/sideways (ADX 12.7) -> mean-reversion strategy | Signal: HOLD | Shares held: 0.0 | Last price: $97.77
2026-09-23 19:24:53,827 | [KMB] ACTION: No trade.
2026-09-23 19:24:53,857 | [KMI] choppy/sideways (ADX 19.1) -> mean-reversion strategy | Signal: HOLD | Shares held: 0.0 | Last price: $31.42
2026-09-23 19:24:53,857 | [KMI] ACTION: No trade.
2026-09-23 19:24:53,887 | [KO] trending (ADX 30.2) -> trend-following strategy | Signal: HOLD | Shares held: 0.0 | Last price: $87.78
2026-09-23 19:24:53,887 | [KO] ACTION: No trade.
2026-09-23 19:24:53,917 | [KR] choppy/sideways (ADX 19.6) -> mean-reversion strategy | Signal: HOLD | Shares held: 0.0 | Last price: $58.26
2026-09-23 19:24:53,917 | [KR] ACTION: No trade.
2026-09-23 19:24:53,947 | [KVUE] choppy/sideways (ADX 13.2) -> mean-reversion strategy | Signal: HOLD | Shares held: 0.0 | Last price: $17.69
2026-09-23 19:24:53,947 | [KVUE] ACTION: No trade.
2026-09-23 19:24:53,977 | [L] choppy/sideways (ADX 24.6) -> mean-reversion strategy | Signal: HOLD | Shares held: 0.0 | Last price: $105.35
2026-09-23 19:24:53,977 | [L] ACTION: No trade.
2026-09-23 19:24:54,007 | [LDOS] trending (ADX 27.0) -> trend-following strategy | Signal: HOLD | Shares held: 0.0 | Last price: $124.94
2026-09-23 19:24:54,007 | [LDOS] ACTION: No trade.
2026-09-23 19:24:54,037 | [LEN] choppy/sideways (ADX 17.9) -> mean-reversion strategy | Signal: HOLD | Shares held: 0.0 | Last price: $81.60
2026-09-23 19:24:54,037 | [LEN] ACTION: No trade.
2026-09-23 19:24:54,067 | [LH] trending (ADX 33.2) -> trend-following strategy | Signal: HOLD | Shares held: 0.0 | Last price: $304.40
2026-09-23 19:24:54,067 | [LH] ACTION: No trade.
2026-09-23 19:24:54,097 | [LHX] choppy/sideways (ADX 23.7) -> mean-reversion strategy | Signal: HOLD | Shares held: 0.0 | Last price: $239.59
2026-09-23 19:24:54,097 | [LHX] ACTION: No trade.
2026-09-23 19:24:54,127 | [LII] choppy/sideways (ADX 24.1) -> mean-reversion strategy | Signal: HOLD | Shares held: 0.0 | Last price: $371.84
2026-09-23 19:24:54,127 | [LII] ACTION: No trade.
2026-09-23 19:24:54,157 | [LIN] trending (ADX 25.8) -> trend-following strategy | Signal: HOLD | Shares held: 0.0 | Last price: $470.36
2026-09-23 19:24:54,157 | [LIN] ACTION: No trade.
2026-09-23 19:24:54,187 | [LITE] trending (ADX 33.5) -> trend-following strategy | Signal: HOLD | Shares held: 0.0 | Last price: $934.39
2026-09-23 19:24:54,187 | [LITE] ACTION: No trade.
2026-09-23 19:24:54,217 | [LLY] choppy/sideways (ADX 12.5) -> mean-reversion strategy | Signal: HOLD | Shares held: 0.0 | Last price: $1156.23
2026-09-23 19:24:54,217 | [LLY] ACTION: No trade.
2026-09-23 19:24:54,247 | [LMT] choppy/sideways (ADX 18.4) -> mean-reversion strategy | Signal: HOLD | Shares held: 0.0 | Last price: $524.55
2026-09-23 19:24:54,247 | [LMT] ACTION: No trade.
2026-09-23 19:24:54,277 | [LNT] trending (ADX 46.1) -> trend-following strategy | Signal: HOLD | Shares held: 0.0 | Last price: $63.72
2026-09-23 19:24:54,277 | [LNT] ACTION: No trade.
2026-09-23 19:24:54,307 | [LOW] choppy/sideways (ADX 21.1) -> mean-reversion strategy | Signal: HOLD | Shares held: 0.0 | Last price: $192.02
2026-09-23 19:24:54,307 | [LOW] ACTION: No trade.
2026-09-23 19:24:54,337 | [LRCX] choppy/sideways (ADX 12.3) -> mean-reversion strategy | Signal: HOLD | Shares held: 0.0 | Last price: $307.27
2026-09-23 19:24:54,337 | [LRCX] ACTION: No trade.
2026-09-23 19:24:54,367 | [LULU] choppy/sideways (ADX 18.6) -> mean-reversion strategy | Signal: HOLD | Shares held: 0.0 | Last price: $101.84
2026-09-23 19:24:54,367 | [LULU] ACTION: No trade.
2026-09-23 19:24:54,397 | [LUV] trending (ADX 25.3) -> trend-following strategy | Signal: HOLD | Shares held: 0.0 | Last price: $41.10
2026-09-23 19:24:54,397 | [LUV] ACTION: No trade.
2026-09-23 19:24:54,427 | [LVS] trending (ADX 36.3) -> trend-following strategy | Signal: HOLD | Shares held: 0.0 | Last price: $39.09
2026-09-23 19:24:54,427 | [LVS] ACTION: No trade.
2026-09-23 19:24:54,457 | [LYB] choppy/sideways (ADX 21.3) -> mean-reversion strategy | Signal: HOLD | Shares held: 0.0 | Last price: $59.68
2026-09-23 19:24:54,457 | [LYB] ACTION: No trade.
2026-09-23 19:24:54,487 | [LYV] choppy/sideways (ADX 20.0) -> mean-reversion strategy | Signal: HOLD | Shares held: 0.0 | Last price: $170.04
2026-09-23 19:24:54,487 | [LYV] ACTION: No trade.
2026-09-23 19:24:54,516 | [MA] choppy/sideways (ADX 9.5) -> mean-reversion strategy | Signal: HOLD | Shares held: 0.0 | Last price: $559.61
2026-09-23 19:24:54,517 | [MA] ACTION: No trade.
2026-09-23 19:24:54,546 | [MAA] choppy/sideways (ADX 10.3) -> mean-reversion strategy | Signal: HOLD | Shares held: 0.0 | Last price: $118.69
2026-09-23 19:24:54,547 | [MAA] ACTION: No trade.
2026-09-23 19:24:54,576 | [MAR] trending (ADX 43.4) -> trend-following strategy | Signal: HOLD | Shares held: 0.0 | Last price: $353.05
2026-09-23 19:24:54,576 | [MAR] ACTION: No trade.
2026-09-23 19:24:54,607 | [MAS] choppy/sideways (ADX 24.7) -> mean-reversion strategy | Signal: HOLD | Shares held: 0.0 | Last price: $68.20
2026-09-23 19:24:54,607 | [MAS] ACTION: No trade.
2026-09-23 19:24:54,637 | [MCD] trending (ADX 48.6) -> trend-following strategy | Signal: HOLD | Shares held: 0.0 | Last price: $237.26
2026-09-23 19:24:54,637 | [MCD] ACTION: No trade.
2026-09-23 19:24:54,667 | [MCHP] choppy/sideways (ADX 16.9) -> mean-reversion strategy | Signal: HOLD | Shares held: 0.0 | Last price: $75.57
2026-09-23 19:24:54,667 | [MCHP] ACTION: No trade.
2026-09-23 19:24:54,696 | [MCK] choppy/sideways (ADX 23.8) -> mean-reversion strategy | Signal: HOLD | Shares held: 0.0 | Last price: $883.81
2026-09-23 19:24:54,696 | [MCK] ACTION: No trade.
2026-09-23 19:24:54,727 | [MCO] trending (ADX 26.8) -> trend-following strategy | Signal: HOLD | Shares held: 0.0 | Last price: $472.79
2026-09-23 19:24:54,727 | [MCO] ACTION: No trade.
2026-09-23 19:24:54,757 | [MDLZ] choppy/sideways (ADX 13.8) -> mean-reversion strategy | Signal: HOLD | Shares held: 0.0 | Last price: $61.37
2026-09-23 19:24:54,757 | [MDLZ] ACTION: No trade.
2026-09-23 19:24:54,786 | [MDT] trending (ADX 46.7) -> trend-following strategy | Signal: HOLD | Shares held: 0.0 | Last price: $88.78
2026-09-23 19:24:54,787 | [MDT] ACTION: No trade.
2026-09-23 19:24:54,817 | [MET] choppy/sideways (ADX 19.6) -> mean-reversion strategy | Signal: HOLD | Shares held: 0.0 | Last price: $97.39
2026-09-23 19:24:54,817 | [MET] ACTION: No trade.
2026-09-23 19:24:54,847 | [META] choppy/sideways (ADX 21.6) -> mean-reversion strategy | Signal: HOLD | Shares held: 0.0 | Last price: $748.06
2026-09-23 19:24:54,847 | [META] ACTION: No trade.
2026-09-23 19:24:54,877 | [MGM] choppy/sideways (ADX 24.1) -> mean-reversion strategy | Signal: HOLD | Shares held: 0.0 | Last price: $37.65
2026-09-23 19:24:54,877 | [MGM] ACTION: No trade.
2026-09-23 19:24:54,907 | [MKC] choppy/sideways (ADX 8.2) -> mean-reversion strategy | Signal: HOLD | Shares held: 0.0 | Last price: $48.85
2026-09-23 19:24:54,907 | [MKC] ACTION: No trade.
2026-09-23 19:24:54,937 | [MLM] choppy/sideways (ADX 21.9) -> mean-reversion strategy | Signal: HOLD | Shares held: 0.0 | Last price: $494.02
2026-09-23 19:24:54,937 | [MLM] ACTION: No trade.
2026-09-23 19:24:54,967 | [MMM] trending (ADX 38.5) -> trend-following strategy | Signal: HOLD | Shares held: 0.0 | Last price: $169.88
2026-09-23 19:24:54,967 | [MMM] ACTION: No trade.
2026-09-23 19:24:54,997 | [MNST] trending (ADX 28.3) -> trend-following strategy | Signal: HOLD | Shares held: 0.0 | Last price: $43.52
2026-09-23 19:24:54,997 | [MNST] ACTION: No trade.
2026-09-23 19:24:55,027 | [MO] choppy/sideways (ADX 15.2) -> mean-reversion strategy | Signal: HOLD | Shares held: 0.0 | Last price: $68.60
2026-09-23 19:24:55,027 | [MO] ACTION: No trade.
2026-09-23 19:24:55,056 | [MOS] choppy/sideways (ADX 13.4) -> mean-reversion strategy | Signal: HOLD | Shares held: 0.0 | Last price: $24.48
2026-09-23 19:24:55,056 | [MOS] ACTION: No trade.
2026-09-23 19:24:55,087 | [MPC] trending (ADX 26.9) -> trend-following strategy | Signal: HOLD | Shares held: 0.0 | Last price: $389.47
2026-09-23 19:24:55,087 | [MPC] ACTION: No trade.
2026-09-23 19:24:55,117 | [MPWR] choppy/sideways (ADX 24.6) -> mean-reversion strategy | Signal: HOLD | Shares held: 0.0 | Last price: $1351.29
2026-09-23 19:24:55,117 | [MPWR] ACTION: No trade.
2026-09-23 19:24:55,147 | [MRK] trending (ADX 38.4) -> trend-following strategy | Signal: HOLD | Shares held: 0.0 | Last price: $147.86
2026-09-23 19:24:55,147 | [MRK] ACTION: No trade.
2026-09-23 19:24:55,176 | [MRNA] choppy/sideways (ADX 18.2) -> mean-reversion strategy | Signal: HOLD | Shares held: 0.0 | Last price: $182.74
2026-09-23 19:24:55,177 | [MRNA] ACTION: No trade.
2026-09-23 19:24:55,206 | [MRSH] choppy/sideways (ADX 11.7) -> mean-reversion strategy | Signal: HOLD | Shares held: 0.0 | Last price: $171.29
2026-09-23 19:24:55,206 | [MRSH] ACTION: No trade.
2026-09-23 19:24:55,237 | [MRVL] trending (ADX 27.1) -> trend-following strategy | Signal: HOLD | Shares held: 0.0 | Last price: $258.79
2026-09-23 19:24:55,237 | [MRVL] ACTION: No trade.
2026-09-23 19:24:55,267 | [MS] trending (ADX 31.2) -> trend-following strategy | Signal: HOLD | Shares held: 0.0 | Last price: $198.94
2026-09-23 19:24:55,267 | [MS] ACTION: No trade.
2026-09-23 19:24:55,297 | [MSCI] choppy/sideways (ADX 16.4) -> mean-reversion strategy | Signal: HOLD | Shares held: 0.0 | Last price: $556.08
2026-09-23 19:24:55,297 | [MSCI] ACTION: No trade.
2026-09-23 19:24:55,327 | [MSFT] trending (ADX 29.0) -> trend-following strategy | Signal: HOLD | Shares held: 0.0 | Last price: $500.24
2026-09-23 19:24:55,327 | [MSFT] ACTION: No trade.
2026-09-23 19:24:55,357 | [MSI] choppy/sideways (ADX 16.9) -> mean-reversion strategy | Signal: HOLD | Shares held: 0.0 | Last price: $463.79
2026-09-23 19:24:55,357 | [MSI] ACTION: No trade.
2026-09-23 19:24:55,387 | [MTB] trending (ADX 26.3) -> trend-following strategy | Signal: HOLD | Shares held: 0.0 | Last price: $220.61
2026-09-23 19:24:55,387 | [MTB] ACTION: No trade.
2026-09-23 19:24:55,417 | [MTD] trending (ADX 30.7) -> trend-following strategy | Signal: HOLD | Shares held: 0.0 | Last price: $1487.63
2026-09-23 19:24:55,417 | [MTD] ACTION: No trade.
2026-09-23 19:24:55,447 | [MU] choppy/sideways (ADX 16.6) -> mean-reversion strategy | Signal: HOLD | Shares held: 0.0 | Last price: $1069.11
2026-09-23 19:24:55,447 | [MU] ACTION: No trade.
2026-09-23 19:24:55,477 | [NCLH] choppy/sideways (ADX 11.1) -> mean-reversion strategy | Signal: HOLD | Shares held: 0.0 | Last price: $14.15
2026-09-23 19:24:55,477 | [NCLH] ACTION: No trade.
2026-09-23 19:24:55,507 | [NDAQ] trending (ADX 37.5) -> trend-following strategy | Signal: HOLD | Shares held: 0.0 | Last price: $96.11
2026-09-23 19:24:55,507 | [NDAQ] ACTION: No trade.
2026-09-23 19:24:55,537 | [NDSN] choppy/sideways (ADX 18.3) -> mean-reversion strategy | Signal: HOLD | Shares held: 0.0 | Last price: $321.35
2026-09-23 19:24:55,537 | [NDSN] ACTION: No trade.
2026-09-23 19:24:55,567 | [NEE] trending (ADX 49.5) -> trend-following strategy | Signal: HOLD | Shares held: 0.0 | Last price: $77.22
2026-09-23 19:24:55,567 | [NEE] ACTION: No trade.
2026-09-23 19:24:55,597 | [NEM] choppy/sideways (ADX 18.1) -> mean-reversion strategy | Signal: HOLD | Shares held: 0.0 | Last price: $123.78
2026-09-23 19:24:55,597 | [NEM] ACTION: No trade.
2026-09-23 19:24:55,627 | [NFLX] trending (ADX 25.4) -> trend-following strategy | Signal: HOLD | Shares held: 0.0 | Last price: $71.66
2026-09-23 19:24:55,627 | [NFLX] ACTION: No trade.
2026-09-23 19:24:55,657 | [NI] trending (ADX 52.2) -> trend-following strategy | Signal: HOLD | Shares held: 0.0 | Last price: $39.20
2026-09-23 19:24:55,657 | [NI] ACTION: No trade.
2026-09-23 19:24:55,687 | [NKE] choppy/sideways (ADX 15.3) -> mean-reversion strategy | Signal: HOLD | Shares held: 0.0 | Last price: $35.69
2026-09-23 19:24:55,687 | [NKE] ACTION: No trade.
2026-09-23 19:24:55,717 | [NOC] choppy/sideways (ADX 14.5) -> mean-reversion strategy | Signal: HOLD | Shares held: 0.0 | Last price: $513.46
2026-09-23 19:24:55,717 | [NOC] ACTION: No trade.
2026-09-23 19:24:55,747 | [NOW] trending (ADX 53.0) -> trend-following strategy | Signal: HOLD | Shares held: 0.0 | Last price: $140.15
2026-09-23 19:24:55,747 | [NOW] ACTION: No trade.
2026-09-23 19:24:55,777 | [NRG] choppy/sideways (ADX 20.6) -> mean-reversion strategy | Signal: HOLD | Shares held: 0.0 | Last price: $100.81
2026-09-23 19:24:55,777 | [NRG] ACTION: No trade.
2026-09-23 19:24:55,807 | [NSC] trending (ADX 42.8) -> trend-following strategy | Signal: HOLD | Shares held: 0.0 | Last price: $315.89
2026-09-23 19:24:55,807 | [NSC] ACTION: No trade.
2026-09-23 19:24:55,836 | [NTAP] choppy/sideways (ADX 23.2) -> mean-reversion strategy | Signal: HOLD | Shares held: 0.0 | Last price: $195.10
2026-09-23 19:24:55,837 | [NTAP] ACTION: No trade.
2026-09-23 19:24:55,868 | [NTRS] choppy/sideways (ADX 24.2) -> mean-reversion strategy | Signal: HOLD | Shares held: 0.0 | Last price: $174.50
2026-09-23 19:24:55,868 | [NTRS] ACTION: No trade.
2026-09-23 19:24:55,898 | [NUE] choppy/sideways (ADX 13.6) -> mean-reversion strategy | Signal: HOLD | Shares held: 0.0 | Last price: $245.93
2026-09-23 19:24:55,898 | [NUE] ACTION: No trade.
2026-09-23 19:24:55,928 | [NVDA] trending (ADX 36.9) -> trend-following strategy | Signal: HOLD | Shares held: 0.0 | Last price: $225.30
2026-09-23 19:24:55,928 | [NVDA] ACTION: No trade.
2026-09-23 19:24:55,958 | [NVR] choppy/sideways (ADX 17.9) -> mean-reversion strategy | Signal: HOLD | Shares held: 0.0 | Last price: $6257.10
2026-09-23 19:24:55,958 | [NVR] ACTION: No trade.
2026-09-23 19:24:55,988 | [NWSA] trending (ADX 47.1) -> trend-following strategy | Signal: HOLD | Shares held: 0.0 | Last price: $28.27
2026-09-23 19:24:55,988 | [NWSA] ACTION: No trade.
2026-09-23 19:24:56,018 | [NXPI] choppy/sideways (ADX 19.7) -> mean-reversion strategy | Signal: HOLD | Shares held: 0.0 | Last price: $235.90
2026-09-23 19:24:56,018 | [NXPI] ACTION: No trade.
2026-09-23 19:24:56,048 | [O] trending (ADX 30.6) -> trend-following strategy | Signal: HOLD | Shares held: 0.0 | Last price: $55.62
2026-09-23 19:24:56,048 | [O] ACTION: No trade.
2026-09-23 19:24:56,078 | [ODFL] trending (ADX 27.4) -> trend-following strategy | Signal: HOLD | Shares held: 0.0 | Last price: $178.69
2026-09-23 19:24:56,078 | [ODFL] ACTION: No trade.
2026-09-23 19:24:56,107 | [OKE] choppy/sideways (ADX 25.0) -> mean-reversion strategy | Signal: HOLD | Shares held: 0.0 | Last price: $90.58
2026-09-23 19:24:56,108 | [OKE] ACTION: No trade.
2026-09-23 19:24:56,138 | [OMC] choppy/sideways (ADX 23.5) -> mean-reversion strategy | Signal: HOLD | Shares held: 0.0 | Last price: $76.17
2026-09-23 19:24:56,138 | [OMC] ACTION: No trade.
2026-09-23 19:24:56,167 | [ON] choppy/sideways (ADX 24.6) -> mean-reversion strategy | Signal: HOLD | Shares held: 0.0 | Last price: $74.20
2026-09-23 19:24:56,168 | [ON] ACTION: No trade.
2026-09-23 19:24:56,197 | [ORCL] trending (ADX 26.1) -> trend-following strategy | Signal: HOLD | Shares held: 0.0 | Last price: $144.72
2026-09-23 19:24:56,197 | [ORCL] ACTION: No trade.
2026-09-23 19:24:56,227 | [ORLY] choppy/sideways (ADX 21.3) -> mean-reversion strategy | Signal: HOLD | Shares held: 0.0 | Last price: $86.28
2026-09-23 19:24:56,227 | [ORLY] ACTION: No trade.
2026-09-23 19:24:56,257 | [OTIS] choppy/sideways (ADX 19.1) -> mean-reversion strategy | Signal: HOLD | Shares held: 0.0 | Last price: $68.38
2026-09-23 19:24:56,257 | [OTIS] ACTION: No trade.
2026-09-23 19:24:56,288 | [OXY] choppy/sideways (ADX 16.2) -> mean-reversion strategy | Signal: HOLD | Shares held: 0.0 | Last price: $57.48
2026-09-23 19:24:56,288 | [OXY] ACTION: No trade.
2026-09-23 19:24:56,318 | [P] choppy/sideways (ADX 12.7) -> mean-reversion strategy | Signal: HOLD | Shares held: 0.0 | Last price: $109.61
2026-09-23 19:24:56,318 | [P] ACTION: No trade.
2026-09-23 19:24:56,348 | [PANW] trending (ADX 45.9) -> trend-following strategy | Signal: HOLD | Shares held: 0.0 | Last price: $390.65
2026-09-23 19:24:56,348 | [PANW] ACTION: No trade.
2026-09-23 19:24:56,378 | [PAYX] trending (ADX 44.8) -> trend-following strategy | Signal: HOLD | Shares held: 0.0 | Last price: $106.14
2026-09-23 19:24:56,378 | [PAYX] ACTION: No trade.
2026-09-23 19:24:56,408 | [PCAR] choppy/sideways (ADX 14.2) -> mean-reversion strategy | Signal: HOLD | Shares held: 0.0 | Last price: $112.39
2026-09-23 19:24:56,408 | [PCAR] ACTION: No trade.
2026-09-23 19:24:56,438 | [PCG] trending (ADX 47.5) -> trend-following strategy | Signal: HOLD | Shares held: 0.0 | Last price: $12.45
2026-09-23 19:24:56,438 | [PCG] ACTION: No trade.
2026-09-23 19:24:56,468 | [PEG] trending (ADX 49.7) -> trend-following strategy | Signal: HOLD | Shares held: 0.0 | Last price: $67.34
2026-09-23 19:24:56,468 | [PEG] ACTION: No trade.
2026-09-23 19:24:56,499 | [PEP] trending (ADX 27.0) -> trend-following strategy | Signal: HOLD | Shares held: 0.0 | Last price: $129.41
2026-09-23 19:24:56,499 | [PEP] ACTION: No trade.
2026-09-23 19:24:56,529 | [PFE] choppy/sideways (ADX 24.6) -> mean-reversion strategy | Signal: HOLD | Shares held: 0.0 | Last price: $27.98
2026-09-23 19:24:56,529 | [PFE] ACTION: No trade.
2026-09-23 19:24:56,559 | [PFG] choppy/sideways (ADX 22.6) -> mean-reversion strategy | Signal: HOLD | Shares held: 0.0 | Last price: $114.31
2026-09-23 19:24:56,559 | [PFG] ACTION: No trade.
2026-09-23 19:24:56,589 | [PG] choppy/sideways (ADX 15.4) -> mean-reversion strategy | Signal: HOLD | Shares held: 0.0 | Last price: $147.68
2026-09-23 19:24:56,589 | [PG] ACTION: No trade.
2026-09-23 19:24:56,619 | [PGR] choppy/sideways (ADX 15.3) -> mean-reversion strategy | Signal: HOLD | Shares held: 0.0 | Last price: $204.27
2026-09-23 19:24:56,619 | [PGR] ACTION: No trade.
2026-09-23 19:24:56,649 | [PH] choppy/sideways (ADX 21.5) -> mean-reversion strategy | Signal: HOLD | Shares held: 0.0 | Last price: $974.38
2026-09-23 19:24:56,649 | [PH] ACTION: No trade.
2026-09-23 19:24:56,679 | [PHM] choppy/sideways (ADX 23.1) -> mean-reversion strategy | Signal: HOLD | Shares held: 0.0 | Last price: $119.03
2026-09-23 19:24:56,679 | [PHM] ACTION: No trade.
2026-09-23 19:24:56,709 | [PKG] choppy/sideways (ADX 23.2) -> mean-reversion strategy | Signal: HOLD | Shares held: 0.0 | Last price: $240.74
2026-09-23 19:24:56,709 | [PKG] ACTION: No trade.
2026-09-23 19:24:56,739 | [PLD] choppy/sideways (ADX 13.4) -> mean-reversion strategy | Signal: HOLD | Shares held: 0.0 | Last price: $134.42
2026-09-23 19:24:56,740 | [PLD] ACTION: No trade.
2026-09-23 19:24:56,770 | [PLTR] trending (ADX 35.8) -> trend-following strategy | Signal: HOLD | Shares held: 0.0 | Last price: $191.97
2026-09-23 19:24:56,770 | [PLTR] ACTION: No trade.
2026-09-23 19:24:56,801 | [PM] choppy/sideways (ADX 21.7) -> mean-reversion strategy | Signal: HOLD | Shares held: 0.0 | Last price: $189.50
2026-09-23 19:24:56,801 | [PM] ACTION: No trade.
2026-09-23 19:24:56,831 | [PNC] trending (ADX 32.0) -> trend-following strategy | Signal: HOLD | Shares held: 0.0 | Last price: $225.19
2026-09-23 19:24:56,832 | [PNC] ACTION: No trade.
2026-09-23 19:24:56,862 | [PNR] choppy/sideways (ADX 22.6) -> mean-reversion strategy | Signal: HOLD | Shares held: 0.0 | Last price: $54.70
2026-09-23 19:24:56,862 | [PNR] ACTION: No trade.
2026-09-23 19:24:56,892 | [PNW] trending (ADX 37.0) -> trend-following strategy | Signal: HOLD | Shares held: 0.0 | Last price: $91.71
2026-09-23 19:24:56,892 | [PNW] ACTION: No trade.
2026-09-23 19:24:56,922 | [PODD] trending (ADX 42.9) -> trend-following strategy | Signal: HOLD | Shares held: 0.0 | Last price: $135.30
2026-09-23 19:24:56,922 | [PODD] ACTION: No trade.
2026-09-23 19:24:56,952 | [PPG] choppy/sideways (ADX 9.5) -> mean-reversion strategy | Signal: HOLD | Shares held: 0.0 | Last price: $106.89
2026-09-23 19:24:56,952 | [PPG] ACTION: No trade.
2026-09-23 19:24:56,982 | [PPL] trending (ADX 52.5) -> trend-following strategy | Signal: HOLD | Shares held: 0.0 | Last price: $32.24
2026-09-23 19:24:56,982 | [PPL] ACTION: No trade.
2026-09-23 19:24:57,012 | [PRU] choppy/sideways (ADX 13.8) -> mean-reversion strategy | Signal: HOLD | Shares held: 0.0 | Last price: $117.75
2026-09-23 19:24:57,012 | [PRU] ACTION: No trade.
2026-09-23 19:24:57,042 | [PSA] trending (ADX 28.3) -> trend-following strategy | Signal: HOLD | Shares held: 0.0 | Last price: $287.97
2026-09-23 19:24:57,042 | [PSA] ACTION: No trade.
2026-09-23 19:24:57,072 | [PSX] choppy/sideways (ADX 24.0) -> mean-reversion strategy | Signal: HOLD | Shares held: 0.0 | Last price: $255.51
2026-09-23 19:24:57,072 | [PSX] ACTION: No trade.
2026-09-23 19:24:57,103 | [PTC] trending (ADX 40.6) -> trend-following strategy | Signal: HOLD | Shares held: 0.0 | Last price: $141.34
2026-09-23 19:24:57,103 | [PTC] ACTION: No trade.
2026-09-23 19:24:57,133 | [PWR] trending (ADX 25.9) -> trend-following strategy | Signal: HOLD | Shares held: 0.0 | Last price: $637.04
2026-09-23 19:24:57,133 | [PWR] ACTION: No trade.
2026-09-23 19:24:57,163 | [PYPL] choppy/sideways (ADX 11.4) -> mean-reversion strategy | Signal: HOLD | Shares held: 0.0 | Last price: $52.77
2026-09-23 19:24:57,163 | [PYPL] ACTION: No trade.
2026-09-23 19:24:57,192 | [Q] choppy/sideways (ADX 22.8) -> mean-reversion strategy | Signal: HOLD | Shares held: 0.0 | Last price: $124.42
2026-09-23 19:24:57,192 | [Q] ACTION: No trade.
2026-09-23 19:24:57,222 | [QCOM] choppy/sideways (ADX 23.0) -> mean-reversion strategy | Signal: HOLD | Shares held: 0.0 | Last price: $197.68
2026-09-23 19:24:57,222 | [QCOM] ACTION: No trade.
2026-09-23 19:24:57,252 | [RCL] trending (ADX 28.9) -> trend-following strategy | Signal: HOLD | Shares held: 0.0 | Last price: $228.28
2026-09-23 19:24:57,252 | [RCL] ACTION: No trade.
2026-09-23 19:24:57,282 | [RDDT] choppy/sideways (ADX 19.8) -> mean-reversion strategy | Signal: HOLD | Shares held: 0.0 | Last price: $151.77
2026-09-23 19:24:57,282 | [RDDT] ACTION: No trade.
2026-09-23 19:24:57,312 | [REG] choppy/sideways (ADX 16.8) -> mean-reversion strategy | Signal: HOLD | Shares held: 0.0 | Last price: $72.90
2026-09-23 19:24:57,312 | [REG] ACTION: No trade.
2026-09-23 19:24:57,342 | [REGN] choppy/sideways (ADX 20.4) -> mean-reversion strategy | Signal: HOLD | Shares held: 0.0 | Last price: $800.05
2026-09-23 19:24:57,342 | [REGN] ACTION: No trade.
2026-09-23 19:24:57,372 | [RF] trending (ADX 27.4) -> trend-following strategy | Signal: HOLD | Shares held: 0.0 | Last price: $27.54
2026-09-23 19:24:57,372 | [RF] ACTION: No trade.
2026-09-23 19:24:57,402 | [RJF] choppy/sideways (ADX 22.3) -> mean-reversion strategy | Signal: HOLD | Shares held: 0.0 | Last price: $158.41
2026-09-23 19:24:57,402 | [RJF] ACTION: No trade.
2026-09-23 19:24:57,432 | [RL] trending (ADX 32.8) -> trend-following strategy | Signal: HOLD | Shares held: 0.0 | Last price: $340.27
2026-09-23 19:24:57,432 | [RL] ACTION: No trade.
2026-09-23 19:24:57,462 | [RMD] choppy/sideways (ADX 15.2) -> mean-reversion strategy | Signal: HOLD | Shares held: 0.0 | Last price: $220.79
2026-09-23 19:24:57,462 | [RMD] ACTION: No trade.
2026-09-23 19:24:57,492 | [ROK] trending (ADX 29.3) -> trend-following strategy | Signal: HOLD | Shares held: 0.0 | Last price: $433.49
2026-09-23 19:24:57,492 | [ROK] ACTION: No trade.
2026-09-23 19:24:57,522 | [ROL] choppy/sideways (ADX 22.5) -> mean-reversion strategy | Signal: HOLD | Shares held: 0.0 | Last price: $32.47
2026-09-23 19:24:57,522 | [ROL] ACTION: No trade.
2026-09-23 19:24:57,552 | [ROP] choppy/sideways (ADX 16.0) -> mean-reversion strategy | Signal: HOLD | Shares held: 0.0 | Last price: $367.81
2026-09-23 19:24:57,552 | [ROP] ACTION: No trade.
2026-09-23 19:24:57,582 | [ROST] trending (ADX 29.3) -> trend-following strategy | Signal: HOLD | Shares held: 0.0 | Last price: $234.32
2026-09-23 19:24:57,582 | [ROST] ACTION: No trade.
2026-09-23 19:24:57,613 | [RSG] choppy/sideways (ADX 19.8) -> mean-reversion strategy | Signal: HOLD | Shares held: 0.0 | Last price: $213.46
2026-09-23 19:24:57,613 | [RSG] ACTION: No trade.
2026-09-23 19:24:57,642 | [RTX] choppy/sideways (ADX 19.5) -> mean-reversion strategy | Signal: HOLD | Shares held: 0.0 | Last price: $193.18
2026-09-23 19:24:57,642 | [RTX] ACTION: No trade.
2026-09-23 19:24:57,672 | [RVTY] choppy/sideways (ADX 10.8) -> mean-reversion strategy | Signal: HOLD | Shares held: 0.0 | Last price: $141.53
2026-09-23 19:24:57,672 | [RVTY] ACTION: No trade.
2026-09-23 19:24:57,702 | [SBAC] trending (ADX 34.1) -> trend-following strategy | Signal: HOLD | Shares held: 0.0 | Last price: $171.49
2026-09-23 19:24:57,702 | [SBAC] ACTION: No trade.
2026-09-23 19:24:57,733 | [SBUX] choppy/sideways (ADX 15.3) -> mean-reversion strategy | Signal: HOLD | Shares held: 0.0 | Last price: $93.29
2026-09-23 19:24:57,733 | [SBUX] ACTION: No trade.
2026-09-23 19:24:57,763 | [SCHW] trending (ADX 26.7) -> trend-following strategy | Signal: HOLD | Shares held: 0.0 | Last price: $100.25
2026-09-23 19:24:57,763 | [SCHW] ACTION: No trade.
2026-09-23 19:24:57,793 | [SHW] choppy/sideways (ADX 12.7) -> mean-reversion strategy | Signal: HOLD | Shares held: 0.0 | Last price: $326.46
2026-09-23 19:24:57,793 | [SHW] ACTION: No trade.
2026-09-23 19:24:57,823 | [SJM] choppy/sideways (ADX 14.6) -> mean-reversion strategy | Signal: HOLD | Shares held: 0.0 | Last price: $121.92
2026-09-23 19:24:57,823 | [SJM] ACTION: No trade.
2026-09-23 19:24:57,853 | [SLB] choppy/sideways (ADX 17.8) -> mean-reversion strategy | Signal: HOLD | Shares held: 0.0 | Last price: $51.82
2026-09-23 19:24:57,854 | [SLB] ACTION: No trade.
2026-09-23 19:24:57,937 | [SMCI] trending (ADX 34.2) -> trend-following strategy | Signal: SELL | Shares held: 0.0 | Last price: $41.31
2026-09-23 19:24:57,937 | [SMCI] ACTION: No trade.
2026-09-23 19:24:57,968 | [SNA] choppy/sideways (ADX 15.7) -> mean-reversion strategy | Signal: HOLD | Shares held: 0.0 | Last price: $369.78
2026-09-23 19:24:57,968 | [SNA] ACTION: No trade.
2026-09-23 19:24:57,999 | [SNDK] trending (ADX 28.0) -> trend-following strategy | Signal: HOLD | Shares held: 0.0 | Last price: $1812.71
2026-09-23 19:24:57,999 | [SNDK] ACTION: No trade.
2026-09-23 19:24:58,028 | [SNPS] trending (ADX 42.6) -> trend-following strategy | Signal: HOLD | Shares held: 0.0 | Last price: $416.40
2026-09-23 19:24:58,029 | [SNPS] ACTION: No trade.
2026-09-23 19:24:58,059 | [SO] trending (ADX 43.7) -> trend-following strategy | Signal: HOLD | Shares held: 0.0 | Last price: $83.33
2026-09-23 19:24:58,059 | [SO] ACTION: No trade.
2026-09-23 19:24:58,088 | [SPG] choppy/sideways (ADX 15.7) -> mean-reversion strategy | Signal: HOLD | Shares held: 0.0 | Last price: $204.53
2026-09-23 19:24:58,089 | [SPG] ACTION: No trade.
2026-09-23 19:24:58,119 | [SPGI] choppy/sideways (ADX 11.9) -> mean-reversion strategy | Signal: HOLD | Shares held: 0.0 | Last price: $406.58
2026-09-23 19:24:58,119 | [SPGI] ACTION: No trade.
2026-09-23 19:24:58,148 | [SRE] trending (ADX 43.5) -> trend-following strategy | Signal: HOLD | Shares held: 0.0 | Last price: $79.11
2026-09-23 19:24:58,149 | [SRE] ACTION: No trade.
2026-09-23 19:24:58,178 | [STE] choppy/sideways (ADX 15.0) -> mean-reversion strategy | Signal: HOLD | Shares held: 0.0 | Last price: $210.10
2026-09-23 19:24:58,179 | [STE] ACTION: No trade.
2026-09-23 19:24:58,208 | [STLD] choppy/sideways (ADX 17.3) -> mean-reversion strategy | Signal: HOLD | Shares held: 0.0 | Last price: $233.65
2026-09-23 19:24:58,208 | [STLD] ACTION: No trade.
2026-09-23 19:24:58,238 | [STT] choppy/sideways (ADX 8.9) -> mean-reversion strategy | Signal: HOLD | Shares held: 0.0 | Last price: $181.43
2026-09-23 19:24:58,238 | [STT] ACTION: No trade.
2026-09-23 19:24:58,268 | [STX] choppy/sideways (ADX 16.8) -> mean-reversion strategy | Signal: HOLD | Shares held: 0.0 | Last price: $921.19
2026-09-23 19:24:58,268 | [STX] ACTION: No trade.
2026-09-23 19:24:58,298 | [STZ] choppy/sideways (ADX 24.0) -> mean-reversion strategy | Signal: HOLD | Shares held: 0.0 | Last price: $116.00
2026-09-23 19:24:58,298 | [STZ] ACTION: No trade.
2026-09-23 19:24:58,328 | [SW] trending (ADX 26.3) -> trend-following strategy | Signal: HOLD | Shares held: 0.0 | Last price: $46.64
2026-09-23 19:24:58,328 | [SW] ACTION: No trade.
2026-09-23 19:24:58,358 | [SWK] choppy/sideways (ADX 17.1) -> mean-reversion strategy | Signal: HOLD | Shares held: 0.0 | Last price: $91.49
2026-09-23 19:24:58,358 | [SWK] ACTION: No trade.
2026-09-23 19:24:58,388 | [SWKS] choppy/sideways (ADX 23.4) -> mean-reversion strategy | Signal: HOLD | Shares held: 0.0 | Last price: $90.80
2026-09-23 19:24:58,388 | [SWKS] ACTION: No trade.
2026-09-23 19:24:58,418 | [SYF] trending (ADX 50.6) -> trend-following strategy | Signal: HOLD | Shares held: 0.0 | Last price: $70.89
2026-09-23 19:24:58,418 | [SYF] ACTION: No trade.
2026-09-23 19:24:58,447 | [SYK] trending (ADX 26.3) -> trend-following strategy | Signal: HOLD | Shares held: 0.0 | Last price: $272.25
2026-09-23 19:24:58,448 | [SYK] ACTION: No trade.
2026-09-23 19:24:58,477 | [SYY] trending (ADX 36.2) -> trend-following strategy | Signal: HOLD | Shares held: 0.0 | Last price: $77.25
2026-09-23 19:24:58,477 | [SYY] ACTION: No trade.
2026-09-23 19:24:58,507 | [T] trending (ADX 25.1) -> trend-following strategy | Signal: HOLD | Shares held: 0.0 | Last price: $25.57
2026-09-23 19:24:58,507 | [T] ACTION: No trade.
2026-09-23 19:24:58,537 | [TDG] choppy/sideways (ADX 17.0) -> mean-reversion strategy | Signal: HOLD | Shares held: 0.0 | Last price: $1105.07
2026-09-23 19:24:58,537 | [TDG] ACTION: No trade.
2026-09-23 19:24:58,567 | [TDY] trending (ADX 31.6) -> trend-following strategy | Signal: HOLD | Shares held: 0.0 | Last price: $622.44
2026-09-23 19:24:58,567 | [TDY] ACTION: No trade.
2026-09-23 19:24:58,597 | [TECH] trending (ADX 30.7) -> trend-following strategy | Signal: HOLD | Shares held: 0.0 | Last price: $72.53
2026-09-23 19:24:58,597 | [TECH] ACTION: No trade.
2026-09-23 19:24:58,627 | [TEL] trending (ADX 27.8) -> trend-following strategy | Signal: HOLD | Shares held: 0.0 | Last price: $214.99
2026-09-23 19:24:58,627 | [TEL] ACTION: No trade.
2026-09-23 19:24:58,657 | [TER] choppy/sideways (ADX 19.0) -> mean-reversion strategy | Signal: HOLD | Shares held: 0.0 | Last price: $387.70
2026-09-23 19:24:58,657 | [TER] ACTION: No trade.
2026-09-23 19:24:58,687 | [TFC] trending (ADX 32.5) -> trend-following strategy | Signal: HOLD | Shares held: 0.0 | Last price: $47.39
2026-09-23 19:24:58,687 | [TFC] ACTION: No trade.
2026-09-23 19:24:58,717 | [TGT] choppy/sideways (ADX 19.9) -> mean-reversion strategy | Signal: HOLD | Shares held: 0.0 | Last price: $156.34
2026-09-23 19:24:58,717 | [TGT] ACTION: No trade.
2026-09-23 19:24:58,747 | [TJX] trending (ADX 27.0) -> trend-following strategy | Signal: HOLD | Shares held: 0.0 | Last price: $131.26
2026-09-23 19:24:58,747 | [TJX] ACTION: No trade.
2026-09-23 19:24:58,777 | [TKO] choppy/sideways (ADX 13.5) -> mean-reversion strategy | Signal: HOLD | Shares held: 0.0 | Last price: $189.91
2026-09-23 19:24:58,777 | [TKO] ACTION: No trade.
2026-09-23 19:24:58,807 | [TMO] choppy/sideways (ADX 19.2) -> mean-reversion strategy | Signal: HOLD | Shares held: 0.0 | Last price: $658.37
2026-09-23 19:24:58,807 | [TMO] ACTION: No trade.
2026-09-23 19:24:58,838 | [TMUS] trending (ADX 32.0) -> trend-following strategy | Signal: HOLD | Shares held: 0.0 | Last price: $166.34
2026-09-23 19:24:58,838 | [TMUS] ACTION: No trade.
2026-09-23 19:24:58,869 | [TPL] trending (ADX 57.5) -> trend-following strategy | Signal: HOLD | Shares held: 0.0 | Last price: $338.39
2026-09-23 19:24:58,869 | [TPL] ACTION: No trade.
2026-09-23 19:24:58,899 | [TPR] choppy/sideways (ADX 16.0) -> mean-reversion strategy | Signal: HOLD | Shares held: 0.0 | Last price: $111.11
2026-09-23 19:24:58,899 | [TPR] ACTION: No trade.
2026-09-23 19:24:58,928 | [TRGP] trending (ADX 27.8) -> trend-following strategy | Signal: HOLD | Shares held: 0.0 | Last price: $284.65
2026-09-23 19:24:58,929 | [TRGP] ACTION: No trade.
2026-09-23 19:24:58,959 | [TRMB] choppy/sideways (ADX 21.6) -> mean-reversion strategy | Signal: HOLD | Shares held: 0.0 | Last price: $59.41
2026-09-23 19:24:58,959 | [TRMB] ACTION: No trade.
2026-09-23 19:24:58,988 | [TROW] trending (ADX 27.4) -> trend-following strategy | Signal: HOLD | Shares held: 0.0 | Last price: $104.55
2026-09-23 19:24:58,989 | [TROW] ACTION: No trade.
2026-09-23 19:24:59,018 | [TRV] choppy/sideways (ADX 21.5) -> mean-reversion strategy | Signal: HOLD | Shares held: 0.0 | Last price: $361.74
2026-09-23 19:24:59,019 | [TRV] ACTION: No trade.
2026-09-23 19:24:59,048 | [TSCO] choppy/sideways (ADX 16.5) -> mean-reversion strategy | Signal: HOLD | Shares held: 0.0 | Last price: $32.42
2026-09-23 19:24:59,048 | [TSCO] ACTION: No trade.
2026-09-23 19:24:59,079 | [TSLA] choppy/sideways (ADX 23.5) -> mean-reversion strategy | Signal: HOLD | Shares held: 0.0 | Last price: $380.12
2026-09-23 19:24:59,079 | [TSLA] ACTION: No trade.
2026-09-23 19:24:59,110 | [TSN] trending (ADX 26.6) -> trend-following strategy | Signal: HOLD | Shares held: 0.0 | Last price: $51.20
2026-09-23 19:24:59,110 | [TSN] ACTION: No trade.
2026-09-23 19:24:59,140 | [TT] choppy/sideways (ADX 14.7) -> mean-reversion strategy | Signal: HOLD | Shares held: 0.0 | Last price: $438.32
2026-09-23 19:24:59,140 | [TT] ACTION: No trade.
2026-09-23 19:24:59,170 | [TTWO] choppy/sideways (ADX 11.9) -> mean-reversion strategy | Signal: HOLD | Shares held: 0.0 | Last price: $207.45
2026-09-23 19:24:59,170 | [TTWO] ACTION: No trade.
2026-09-23 19:24:59,199 | [TXN] choppy/sideways (ADX 14.4) -> mean-reversion strategy | Signal: HOLD | Shares held: 0.0 | Last price: $271.54
2026-09-23 19:24:59,199 | [TXN] ACTION: No trade.
2026-09-23 19:24:59,229 | [TXT] trending (ADX 43.8) -> trend-following strategy | Signal: HOLD | Shares held: 0.0 | Last price: $76.78
2026-09-23 19:24:59,229 | [TXT] ACTION: No trade.
2026-09-23 19:24:59,259 | [TYL] trending (ADX 33.7) -> trend-following strategy | Signal: HOLD | Shares held: 0.0 | Last price: $335.05
2026-09-23 19:24:59,259 | [TYL] ACTION: No trade.
2026-09-23 19:24:59,289 | [UAL] choppy/sideways (ADX 24.5) -> mean-reversion strategy | Signal: HOLD | Shares held: 0.0 | Last price: $111.58
2026-09-23 19:24:59,289 | [UAL] ACTION: No trade.
2026-09-23 19:24:59,319 | [UBER] choppy/sideways (ADX 18.0) -> mean-reversion strategy | Signal: HOLD | Shares held: 0.0 | Last price: $69.50
2026-09-23 19:24:59,319 | [UBER] ACTION: No trade.
2026-09-23 19:24:59,349 | [UDR] trending (ADX 25.8) -> trend-following strategy | Signal: HOLD | Shares held: 0.0 | Last price: $33.73
2026-09-23 19:24:59,349 | [UDR] ACTION: No trade.
2026-09-23 19:24:59,379 | [UHS] choppy/sideways (ADX 22.7) -> mean-reversion strategy | Signal: HOLD | Shares held: 0.0 | Last price: $182.27
2026-09-23 19:24:59,379 | [UHS] ACTION: No trade.
2026-09-23 19:24:59,408 | [ULTA] choppy/sideways (ADX 10.1) -> mean-reversion strategy | Signal: HOLD | Shares held: 0.0 | Last price: $544.73
2026-09-23 19:24:59,409 | [ULTA] ACTION: No trade.
2026-09-23 19:24:59,438 | [UNH] trending (ADX 26.2) -> trend-following strategy | Signal: HOLD | Shares held: 0.0 | Last price: $370.48
2026-09-23 19:24:59,438 | [UNH] ACTION: No trade.
2026-09-23 19:24:59,468 | [UNP] trending (ADX 46.5) -> trend-following strategy | Signal: HOLD | Shares held: 0.0 | Last price: $275.86
2026-09-23 19:24:59,468 | [UNP] ACTION: No trade.
2026-09-23 19:24:59,498 | [UPS] trending (ADX 28.4) -> trend-following strategy | Signal: HOLD | Shares held: 0.0 | Last price: $96.21
2026-09-23 19:24:59,498 | [UPS] ACTION: No trade.
2026-09-23 19:24:59,528 | [URI] choppy/sideways (ADX 24.5) -> mean-reversion strategy | Signal: HOLD | Shares held: 0.0 | Last price: $1038.39
2026-09-23 19:24:59,528 | [URI] ACTION: No trade.
2026-09-23 19:24:59,558 | [USB] trending (ADX 30.7) -> trend-following strategy | Signal: HOLD | Shares held: 0.0 | Last price: $58.81
2026-09-23 19:24:59,558 | [USB] ACTION: No trade.
2026-09-23 19:24:59,588 | [V] choppy/sideways (ADX 16.0) -> mean-reversion strategy | Signal: HOLD | Shares held: 0.0 | Last price: $361.63
2026-09-23 19:24:59,588 | [V] ACTION: No trade.
2026-09-23 19:24:59,618 | [VEEV] trending (ADX 40.7) -> trend-following strategy | Signal: HOLD | Shares held: 0.0 | Last price: $271.45
2026-09-23 19:24:59,618 | [VEEV] ACTION: No trade.
2026-09-23 19:24:59,648 | [VICI] choppy/sideways (ADX 19.3) -> mean-reversion strategy | Signal: HOLD | Shares held: 0.0 | Last price: $23.73
2026-09-23 19:24:59,648 | [VICI] ACTION: No trade.
2026-09-23 19:24:59,677 | [VLO] choppy/sideways (ADX 23.4) -> mean-reversion strategy | Signal: HOLD | Shares held: 0.0 | Last price: $377.14
2026-09-23 19:24:59,678 | [VLO] ACTION: No trade.
2026-09-23 19:24:59,707 | [VLTO] choppy/sideways (ADX 14.3) -> mean-reversion strategy | Signal: HOLD | Shares held: 0.0 | Last price: $96.14
2026-09-23 19:24:59,707 | [VLTO] ACTION: No trade.
2026-09-23 19:24:59,737 | [VMC] choppy/sideways (ADX 25.0) -> mean-reversion strategy | Signal: HOLD | Shares held: 0.0 | Last price: $246.09
2026-09-23 19:24:59,737 | [VMC] ACTION: No trade.
2026-09-23 19:24:59,767 | [VMRK] trending (ADX 26.4) -> trend-following strategy | Signal: HOLD | Shares held: 0.0 | Last price: $61.18
2026-09-23 19:24:59,767 | [VMRK] ACTION: No trade.
2026-09-23 19:24:59,797 | [VOYG] trending (ADX 58.1) -> trend-following strategy | Signal: HOLD | Shares held: 0.0 | Last price: $30.80
2026-09-23 19:24:59,798 | [VOYG] ACTION: No trade.
2026-09-23 19:24:59,828 | [VRSK] choppy/sideways (ADX 9.8) -> mean-reversion strategy | Signal: HOLD | Shares held: 0.0 | Last price: $171.69
2026-09-23 19:24:59,828 | [VRSK] ACTION: No trade.
2026-09-23 19:24:59,858 | [VRSN] trending (ADX 41.4) -> trend-following strategy | Signal: HOLD | Shares held: 0.0 | Last price: $292.28
2026-09-23 19:24:59,858 | [VRSN] ACTION: No trade.
2026-09-23 19:24:59,888 | [VRT] choppy/sideways (ADX 21.9) -> mean-reversion strategy | Signal: HOLD | Shares held: 0.0 | Last price: $249.93
2026-09-23 19:24:59,888 | [VRT] ACTION: No trade.
2026-09-23 19:24:59,918 | [VRTX] choppy/sideways (ADX 18.4) -> mean-reversion strategy | Signal: HOLD | Shares held: 0.0 | Last price: $513.92
2026-09-23 19:24:59,918 | [VRTX] ACTION: No trade.
2026-09-23 19:24:59,948 | [VST] trending (ADX 28.4) -> trend-following strategy | Signal: HOLD | Shares held: 0.0 | Last price: $138.23
2026-09-23 19:24:59,948 | [VST] ACTION: No trade.
2026-09-23 19:24:59,977 | [VTR] choppy/sideways (ADX 12.9) -> mean-reversion strategy | Signal: HOLD | Shares held: 0.0 | Last price: $86.48
2026-09-23 19:24:59,977 | [VTR] ACTION: No trade.
2026-09-23 19:25:00,007 | [VTRS] choppy/sideways (ADX 18.8) -> mean-reversion strategy | Signal: HOLD | Shares held: 0.0 | Last price: $17.09
2026-09-23 19:25:00,007 | [VTRS] ACTION: No trade.
2026-09-23 19:25:00,039 | [VZ] choppy/sideways (ADX 20.3) -> mean-reversion strategy | Signal: HOLD | Shares held: 0.0 | Last price: $46.88
2026-09-23 19:25:00,039 | [VZ] ACTION: No trade.
2026-09-23 19:25:00,070 | [WAB] trending (ADX 28.8) -> trend-following strategy | Signal: HOLD | Shares held: 0.0 | Last price: $292.46
2026-09-23 19:25:00,070 | [WAB] ACTION: No trade.
2026-09-23 19:25:00,102 | [WAT] choppy/sideways (ADX 15.8) -> mean-reversion strategy | Signal: HOLD | Shares held: 0.0 | Last price: $421.21
2026-09-23 19:25:00,102 | [WAT] ACTION: No trade.
2026-09-23 19:25:00,133 | [WBD] trending (ADX 35.1) -> trend-following strategy | Signal: HOLD | Shares held: 0.0 | Last price: $30.70
2026-09-23 19:25:00,133 | [WBD] ACTION: No trade.
2026-09-23 19:25:00,164 | [WDAY] choppy/sideways (ADX 15.5) -> mean-reversion strategy | Signal: HOLD | Shares held: 0.0 | Last price: $192.46
2026-09-23 19:25:00,164 | [WDAY] ACTION: No trade.
2026-09-23 19:25:00,194 | [WDC] choppy/sideways (ADX 22.9) -> mean-reversion strategy | Signal: HOLD | Shares held: 0.0 | Last price: $468.67
2026-09-23 19:25:00,195 | [WDC] ACTION: No trade.
2026-09-23 19:25:00,225 | [WEC] trending (ADX 34.8) -> trend-following strategy | Signal: HOLD | Shares held: 0.0 | Last price: $101.35
2026-09-23 19:25:00,225 | [WEC] ACTION: No trade.
2026-09-23 19:25:00,255 | [WELL] choppy/sideways (ADX 18.2) -> mean-reversion strategy | Signal: HOLD | Shares held: 0.0 | Last price: $229.82
2026-09-23 19:25:00,255 | [WELL] ACTION: No trade.
2026-09-23 19:25:00,285 | [WFC] trending (ADX 43.8) -> trend-following strategy | Signal: HOLD | Shares held: 0.0 | Last price: $82.16
2026-09-23 19:25:00,286 | [WFC] ACTION: No trade.
2026-09-23 19:25:00,316 | [WM] choppy/sideways (ADX 15.1) -> mean-reversion strategy | Signal: HOLD | Shares held: 0.0 | Last price: $208.19
2026-09-23 19:25:00,316 | [WM] ACTION: No trade.
2026-09-23 19:25:00,345 | [WMB] choppy/sideways (ADX 23.2) -> mean-reversion strategy | Signal: HOLD | Shares held: 0.0 | Last price: $71.41
2026-09-23 19:25:00,345 | [WMB] ACTION: No trade.
2026-09-23 19:25:00,375 | [WMT] trending (ADX 37.9) -> trend-following strategy | Signal: HOLD | Shares held: 0.0 | Last price: $110.30
2026-09-23 19:25:00,375 | [WMT] ACTION: No trade.
2026-09-23 19:25:00,406 | [WRB] choppy/sideways (ADX 20.7) -> mean-reversion strategy | Signal: HOLD | Shares held: 0.0 | Last price: $67.75
2026-09-23 19:25:00,406 | [WRB] ACTION: No trade.
2026-09-23 19:25:00,436 | [WSM] choppy/sideways (ADX 19.0) -> mean-reversion strategy | Signal: HOLD | Shares held: 0.0 | Last price: $230.03
2026-09-23 19:25:00,436 | [WSM] ACTION: No trade.
2026-09-23 19:25:00,466 | [WST] choppy/sideways (ADX 16.4) -> mean-reversion strategy | Signal: HOLD | Shares held: 0.0 | Last price: $374.08
2026-09-23 19:25:00,467 | [WST] ACTION: No trade.
2026-09-23 19:25:00,498 | [WTW] choppy/sideways (ADX 11.7) -> mean-reversion strategy | Signal: HOLD | Shares held: 0.0 | Last price: $300.94
2026-09-23 19:25:00,498 | [WTW] ACTION: No trade.
2026-09-23 19:25:00,534 | [WY] choppy/sideways (ADX 13.0) -> mean-reversion strategy | Signal: HOLD | Shares held: 0.0 | Last price: $21.18
2026-09-23 19:25:00,534 | [WY] ACTION: No trade.
2026-09-23 19:25:00,564 | [WYNN] choppy/sideways (ADX 24.0) -> mean-reversion strategy | Signal: HOLD | Shares held: 0.0 | Last price: $81.24
2026-09-23 19:25:00,564 | [WYNN] ACTION: No trade.
2026-09-23 19:25:00,594 | [XEL] trending (ADX 36.3) -> trend-following strategy | Signal: HOLD | Shares held: 0.0 | Last price: $70.88
2026-09-23 19:25:00,594 | [XEL] ACTION: No trade.
2026-09-23 19:25:00,624 | [XOM] choppy/sideways (ADX 12.3) -> mean-reversion strategy | Signal: HOLD | Shares held: 0.0 | Last price: $161.04
2026-09-23 19:25:00,624 | [XOM] ACTION: No trade.
2026-09-23 19:25:00,654 | [XYL] choppy/sideways (ADX 18.1) -> mean-reversion strategy | Signal: HOLD | Shares held: 0.0 | Last price: $108.69
2026-09-23 19:25:00,654 | [XYL] ACTION: No trade.
2026-09-23 19:25:00,684 | [XYZ] trending (ADX 27.6) -> trend-following strategy | Signal: HOLD | Shares held: 0.0 | Last price: $75.09
2026-09-23 19:25:00,684 | [XYZ] ACTION: No trade.
2026-09-23 19:25:00,714 | [YUM] choppy/sideways (ADX 14.3) -> mean-reversion strategy | Signal: HOLD | Shares held: 0.0 | Last price: $140.40
2026-09-23 19:25:00,714 | [YUM] ACTION: No trade.
2026-09-23 19:25:00,745 | [ZBH] trending (ADX 47.3) -> trend-following strategy | Signal: HOLD | Shares held: 0.0 | Last price: $90.17
2026-09-23 19:25:00,745 | [ZBH] ACTION: No trade.
2026-09-23 19:25:00,775 | [ZBRA] trending (ADX 42.6) -> trend-following strategy | Signal: HOLD | Shares held: 0.0 | Last price: $371.72
2026-09-23 19:25:00,775 | [ZBRA] ACTION: No trade.
2026-09-23 19:25:00,806 | [ZTS] choppy/sideways (ADX 14.5) -> mean-reversion strategy | Signal: HOLD | Shares held: 0.0 | Last price: $71.74
2026-09-23 19:25:00,806 | [ZTS] ACTION: No trade.
2026-09-23 19:40:01,043 | Market is open (closes 2026-09-23 22:00:00 CEST your local time). Checking 492 symbols: A, AAPL, ABBV, ABNB, ABT, ACGL, ACN, ADBE, ADI, ADM, ADP, ADSK, AEE, AEP, AES, AFL, AIG, AIZ, AJG, AKAM, ALB, ALGN, ALKT, ALL, ALLE, AMAT, AMCR, AMD, AME, AMGN, AMP, AMT, AMZN, ANET, AON, APA, APD, APH, APO, APP, APTV, ARES, ATO, AVGO, AVY, AWK, AXON, AXP, AZO, BA, BAC, BALL, BAX, BBY, BDX, BE, BEN, BG, BIIB, BKNG, BKR, BLK, BMY, BNY, BR, BRK.B, BRO, BSX, BX, BXP, C, CAH, CARR, CASY, CAT, CB, CBOE, CBRE, CCI, CCL, CDNS, CDW, CEG, CF, CFG, CHD, CHRW, CHTR, CI, CIEN, CINF, CL, CLX, CMCSA, CME, CMG, CMI, CMS, CNC, CNP, COF, COHR, COIN, COO, COP, COR, COST, CPAY, CPRT, CRH, CRL, CRM, CRWD, CSCO, CSGP, CSX, CTAS, CTSH, CTVA, CVNA, CVS, CVX, D, DAL, DASH, DD, DDOG, DE, DECK, DELL, DG, DGX, DHI, DHR, DIS, DLR, DLTR, DOC, DOV, DOW, DPZ, DRI, DTE, DUK, DVA, DVN, DXCM, EBAY, ECHO, ECL, ED, EFX, EG, EIX, EL, ELV, EME, EMR, EOG, EQIX, EQT, ES, ESS, ETN, ETR, EVRG, EW, EXC, EXE, EXPD, EXPE, EXR, F, FANG, FAST, FCX, FDS, FDX, FDXF, FE, FERG, FFIV, FICO, FIS, FISV, FITB, FIX, FLEX, FOXA, FRT, FSLR, FTNT, FTV, GD, GDDY, GE, GEHC, GEN, GEV, GILD, GIS, GLW, GM, GNRC, GOOG, GOOGL, GPC, GPN, GRMN, GS, GWW, HAL, HAS, HBAN, HCA, HD, HIG, HII, HLT, HON, HONA, HOOD, HPE, HPQ, HST, HSY, HUBB, HUM, HWM, IBKR, IBM, ICE, IDXX, IEX, IFF, ILMN, INCY, INTC, INTU, INVH, IP, IQV, IR, IRM, ISRG, IT, ITW, IVZ, J, JBHT, JBL, JCI, JKHY, JNJ, JPM, KDP, KEY, KEYS, KHC, KKR, KLAC, KMB, KMI, KO, KR, KVUE, L, LDOS, LEN, LH, LHX, LII, LIN, LITE, LLY, LMT, LNT, LOW, LRCX, LULU, LUV, LVS, LYB, LYV, MA, MAA, MAR, MAS, MCD, MCHP, MCK, MCO, MDLZ, MDT, MET, META, MGM, MKC, MLM, MMM, MNST, MO, MOS, MPC, MPWR, MRK, MRNA, MRSH, MRVL, MS, MSCI, MSFT, MSI, MTB, MTD, MU, NCLH, NDAQ, NDSN, NEE, NEM, NFLX, NI, NKE, NOC, NOW, NRG, NSC, NTAP, NTRS, NUE, NVDA, NVR, NWSA, NXPI, O, ODFL, OKE, OMC, ON, ORCL, ORLY, OTIS, OXY, P, PANW, PAYX, PCAR, PCG, PEG, PEP, PFE, PFG, PG, PGR, PH, PHM, PKG, PLD, PLTR, PM, PNC, PNR, PNW, PODD, PPG, PPL, PRU, PSA, PSX, PTC, PWR, PYPL, Q, QCOM, RCL, RDDT, REG, REGN, RF, RJF, RL, RMD, ROK, ROL, ROP, ROST, RSG, RTX, RVTY, SBAC, SBUX, SCHW, SHW, SJM, SLB, SMCI, SNA, SNDK, SNPS, SO, SPG, SPGI, SRE, STE, STLD, STT, STX, STZ, SW, SWK, SWKS, SYF, SYK, SYY, T, TDG, TDY, TECH, TEL, TER, TFC, TGT, TJX, TKO, TMO, TMUS, TPL, TPR, TRGP, TRMB, TROW, TRV, TSCO, TSLA, TSN, TT, TTWO, TXN, TXT, TYL, UAL, UBER, UDR, UHS, ULTA, UNH, UNP, UPS, URI, USB, V, VEEV, VICI, VLO, VLTO, VMC, VMRK, VOYG, VRSK, VRSN, VRT, VRTX, VST, VTR, VTRS, VZ, WAB, WAT, WBD, WDAY, WDC, WEC, WELL, WFC, WM, WMB, WMT, WRB, WSM, WST, WTW, WY, WYNN, XEL, XOM, XYL, XYZ, YUM, ZBH, ZBRA, ZTS (within 90 min of close -- not enough runway left today for a new position)
2026-09-23 19:40:40,883 | [A] trending (ADX 27.4) -> trend-following strategy | Signal: HOLD | Shares held: 0.0 | Last price: $163.59
2026-09-23 19:40:40,883 | [A] ACTION: No trade.
2026-09-23 19:40:40,913 | [AAPL] choppy/sideways (ADX 21.0) -> mean-reversion strategy | Signal: HOLD | Shares held: 0.0 | Last price: $336.33
2026-09-23 19:40:40,913 | [AAPL] ACTION: No trade.
2026-09-23 19:40:40,942 | [ABBV] choppy/sideways (ADX 12.6) -> mean-reversion strategy | Signal: HOLD | Shares held: 0.0 | Last price: $265.15
2026-09-23 19:40:40,943 | [ABBV] ACTION: No trade.
2026-09-23 19:40:40,972 | [ABNB] trending (ADX 51.2) -> trend-following strategy | Signal: HOLD | Shares held: 0.0 | Last price: $150.82
2026-09-23 19:40:40,973 | [ABNB] ACTION: No trade.
2026-09-23 19:40:41,002 | [ABT] choppy/sideways (ADX 15.8) -> mean-reversion strategy | Signal: HOLD | Shares held: 0.0 | Last price: $102.93
2026-09-23 19:40:41,003 | [ABT] ACTION: No trade.
2026-09-23 19:40:41,033 | [ACGL] trending (ADX 28.4) -> trend-following strategy | Signal: HOLD | Shares held: 0.0 | Last price: $95.33
2026-09-23 19:40:41,033 | [ACGL] ACTION: No trade.
2026-09-23 19:40:41,063 | [ACN] choppy/sideways (ADX 12.2) -> mean-reversion strategy | Signal: HOLD | Shares held: 0.0 | Last price: $184.81
2026-09-23 19:40:41,063 | [ACN] ACTION: No trade.
2026-09-23 19:40:41,094 | [ADBE] choppy/sideways (ADX 17.4) -> mean-reversion strategy | Signal: HOLD | Shares held: 0.0 | Last price: $240.08
2026-09-23 19:40:41,094 | [ADBE] ACTION: No trade.
2026-09-23 19:40:41,124 | [ADI] choppy/sideways (ADX 17.6) -> mean-reversion strategy | Signal: HOLD | Shares held: 0.0 | Last price: $383.98
2026-09-23 19:40:41,124 | [ADI] ACTION: No trade.
2026-09-23 19:40:41,154 | [ADM] trending (ADX 39.6) -> trend-following strategy | Signal: HOLD | Shares held: 0.0 | Last price: $82.16
2026-09-23 19:40:41,154 | [ADM] ACTION: No trade.
2026-09-23 19:40:41,184 | [ADP] choppy/sideways (ADX 18.3) -> mean-reversion strategy | Signal: HOLD | Shares held: 0.0 | Last price: $265.12
2026-09-23 19:40:41,184 | [ADP] ACTION: No trade.
2026-09-23 19:40:41,214 | [ADSK] choppy/sideways (ADX 15.1) -> mean-reversion strategy | Signal: HOLD | Shares held: 0.0 | Last price: $217.68
2026-09-23 19:40:41,214 | [ADSK] ACTION: No trade.
2026-09-23 19:40:41,244 | [AEE] trending (ADX 42.7) -> trend-following strategy | Signal: HOLD | Shares held: 0.0 | Last price: $99.99
2026-09-23 19:40:41,244 | [AEE] ACTION: No trade.
2026-09-23 19:40:41,274 | [AEP] choppy/sideways (ADX 18.3) -> mean-reversion strategy | Signal: HOLD | Shares held: 0.0 | Last price: $118.54
2026-09-23 19:40:41,274 | [AEP] ACTION: No trade.
2026-09-23 19:40:41,304 | [AES] choppy/sideways (ADX 14.9) -> mean-reversion strategy | Signal: HOLD | Shares held: 0.0 | Last price: $14.82
2026-09-23 19:40:41,304 | [AES] ACTION: No trade.
2026-09-23 19:40:41,334 | [AFL] choppy/sideways (ADX 12.6) -> mean-reversion strategy | Signal: HOLD | Shares held: 0.0 | Last price: $114.98
2026-09-23 19:40:41,334 | [AFL] ACTION: No trade.
2026-09-23 19:40:41,364 | [AIG] choppy/sideways (ADX 16.3) -> mean-reversion strategy | Signal: HOLD | Shares held: 0.0 | Last price: $75.59
2026-09-23 19:40:41,364 | [AIG] ACTION: No trade.
2026-09-23 19:40:41,394 | [AIZ] trending (ADX 33.3) -> trend-following strategy | Signal: HOLD | Shares held: 0.0 | Last price: $269.47
2026-09-23 19:40:41,394 | [AIZ] ACTION: No trade.
2026-09-23 19:40:41,423 | [AJG] choppy/sideways (ADX 18.0) -> mean-reversion strategy | Signal: HOLD | Shares held: 0.0 | Last price: $229.46
2026-09-23 19:40:41,424 | [AJG] ACTION: No trade.
2026-09-23 19:40:41,453 | [AKAM] choppy/sideways (ADX 22.1) -> mean-reversion strategy | Signal: HOLD | Shares held: 0.0 | Last price: $118.72
2026-09-23 19:40:41,454 | [AKAM] ACTION: No trade.
2026-09-23 19:40:41,483 | [ALB] choppy/sideways (ADX 14.3) -> mean-reversion strategy | Signal: HOLD | Shares held: 0.0 | Last price: $114.63
2026-09-23 19:40:41,483 | [ALB] ACTION: No trade.
2026-09-23 19:40:41,513 | [ALGN] trending (ADX 37.6) -> trend-following strategy | Signal: HOLD | Shares held: 0.0 | Last price: $147.56
2026-09-23 19:40:41,513 | [ALGN] ACTION: No trade.
2026-09-23 19:40:41,543 | [ALKT] trending (ADX 54.6) -> trend-following strategy | Signal: HOLD | Shares held: 0.0 | Last price: $14.65
2026-09-23 19:40:41,543 | [ALKT] ACTION: No trade.
2026-09-23 19:40:41,573 | [ALL] choppy/sideways (ADX 20.5) -> mean-reversion strategy | Signal: HOLD | Shares held: 0.0 | Last price: $226.84
2026-09-23 19:40:41,573 | [ALL] ACTION: No trade.
2026-09-23 19:40:41,603 | [ALLE] trending (ADX 43.0) -> trend-following strategy | Signal: HOLD | Shares held: 0.0 | Last price: $154.27
2026-09-23 19:40:41,603 | [ALLE] ACTION: No trade.
2026-09-23 19:40:41,633 | [AMAT] choppy/sideways (ADX 15.7) -> mean-reversion strategy | Signal: HOLD | Shares held: 0.0 | Last price: $472.71
2026-09-23 19:40:41,633 | [AMAT] ACTION: No trade.
2026-09-23 19:40:41,663 | [AMCR] choppy/sideways (ADX 15.6) -> mean-reversion strategy | Signal: HOLD | Shares held: 0.0 | Last price: $42.81
2026-09-23 19:40:41,663 | [AMCR] ACTION: No trade.
2026-09-23 19:40:41,693 | [AMD] choppy/sideways (ADX 17.0) -> mean-reversion strategy | Signal: HOLD | Shares held: 0.0 | Last price: $614.65
2026-09-23 19:40:41,693 | [AMD] ACTION: No trade.
2026-09-23 19:40:41,723 | [AME] choppy/sideways (ADX 22.2) -> mean-reversion strategy | Signal: HOLD | Shares held: 0.0 | Last price: $246.31
2026-09-23 19:40:41,723 | [AME] ACTION: No trade.
2026-09-23 19:40:41,753 | [AMGN] choppy/sideways (ADX 18.5) -> mean-reversion strategy | Signal: HOLD | Shares held: 0.0 | Last price: $408.86
2026-09-23 19:40:41,753 | [AMGN] ACTION: No trade.
2026-09-23 19:40:41,783 | [AMP] choppy/sideways (ADX 23.1) -> mean-reversion strategy | Signal: HOLD | Shares held: 0.0 | Last price: $502.77
2026-09-23 19:40:41,783 | [AMP] ACTION: No trade.
2026-09-23 19:40:41,814 | [AMT] trending (ADX 30.8) -> trend-following strategy | Signal: HOLD | Shares held: 0.0 | Last price: $170.71
2026-09-23 19:40:41,814 | [AMT] ACTION: No trade.
2026-09-23 19:40:41,844 | [AMZN] trending (ADX 31.0) -> trend-following strategy | Signal: HOLD | Shares held: 0.0 | Last price: $250.18
2026-09-23 19:40:41,844 | [AMZN] ACTION: No trade.
2026-09-23 19:40:41,874 | [ANET] choppy/sideways (ADX 15.7) -> mean-reversion strategy | Signal: HOLD | Shares held: 0.0 | Last price: $203.37
2026-09-23 19:40:41,874 | [ANET] ACTION: No trade.
2026-09-23 19:40:41,904 | [AON] trending (ADX 45.7) -> trend-following strategy | Signal: HOLD | Shares held: 0.0 | Last price: $282.15
2026-09-23 19:40:41,904 | [AON] ACTION: No trade.
2026-09-23 19:40:41,933 | [APA] choppy/sideways (ADX 18.3) -> mean-reversion strategy | Signal: HOLD | Shares held: 0.0 | Last price: $43.88
2026-09-23 19:40:41,934 | [APA] ACTION: No trade.
2026-09-23 19:40:41,963 | [APD] choppy/sideways (ADX 16.1) -> mean-reversion strategy | Signal: HOLD | Shares held: 0.0 | Last price: $286.94
2026-09-23 19:40:41,964 | [APD] ACTION: No trade.
2026-09-23 19:40:41,994 | [APH] choppy/sideways (ADX 12.9) -> mean-reversion strategy | Signal: HOLD | Shares held: 0.0 | Last price: $82.22
2026-09-23 19:40:41,994 | [APH] ACTION: No trade.
2026-09-23 19:40:42,024 | [APO] trending (ADX 25.6) -> trend-following strategy | Signal: HOLD | Shares held: 0.0 | Last price: $124.56
2026-09-23 19:40:42,024 | [APO] ACTION: No trade.
2026-09-23 19:40:42,054 | [APP] choppy/sideways (ADX 24.3) -> mean-reversion strategy | Signal: HOLD | Shares held: 0.0 | Last price: $316.04
2026-09-23 19:40:42,054 | [APP] ACTION: No trade.
2026-09-23 19:40:42,084 | [APTV] choppy/sideways (ADX 13.7) -> mean-reversion strategy | Signal: HOLD | Shares held: 0.0 | Last price: $45.27
2026-09-23 19:40:42,084 | [APTV] ACTION: No trade.
2026-09-23 19:40:42,114 | [ARES] trending (ADX 30.6) -> trend-following strategy | Signal: HOLD | Shares held: 0.0 | Last price: $121.80
2026-09-23 19:40:42,114 | [ARES] ACTION: No trade.
2026-09-23 19:40:42,144 | [ATO] trending (ADX 36.3) -> trend-following strategy | Signal: HOLD | Shares held: 0.0 | Last price: $156.35
2026-09-23 19:40:42,144 | [ATO] ACTION: No trade.
2026-09-23 19:40:42,174 | [AVGO] trending (ADX 40.2) -> trend-following strategy | Signal: HOLD | Shares held: 0.0 | Last price: $354.52
2026-09-23 19:40:42,174 | [AVGO] ACTION: No trade.
2026-09-23 19:40:42,204 | [AVY] choppy/sideways (ADX 23.0) -> mean-reversion strategy | Signal: HOLD | Shares held: 0.0 | Last price: $173.29
2026-09-23 19:40:42,204 | [AVY] ACTION: No trade.
2026-09-23 19:40:42,234 | [AWK] choppy/sideways (ADX 13.7) -> mean-reversion strategy | Signal: HOLD | Shares held: 0.0 | Last price: $133.98
2026-09-23 19:40:42,234 | [AWK] ACTION: No trade.
2026-09-23 19:40:42,264 | [AXON] choppy/sideways (ADX 15.7) -> mean-reversion strategy | Signal: HOLD | Shares held: 0.0 | Last price: $450.82
2026-09-23 19:40:42,264 | [AXON] ACTION: No trade.
2026-09-23 19:40:42,294 | [AXP] trending (ADX 39.8) -> trend-following strategy | Signal: HOLD | Shares held: 0.0 | Last price: $301.78
2026-09-23 19:40:42,294 | [AXP] ACTION: No trade.
2026-09-23 19:40:42,324 | [AZO] choppy/sideways (ADX 17.2) -> mean-reversion strategy | Signal: HOLD | Shares held: 0.0 | Last price: $2863.30
2026-09-23 19:40:42,324 | [AZO] ACTION: No trade.
2026-09-23 19:40:42,354 | [BA] choppy/sideways (ADX 24.0) -> mean-reversion strategy | Signal: HOLD | Shares held: 0.0 | Last price: $199.38
2026-09-23 19:40:42,354 | [BA] ACTION: No trade.
2026-09-23 19:40:42,384 | [BAC] trending (ADX 35.6) -> trend-following strategy | Signal: HOLD | Shares held: 0.0 | Last price: $56.05
2026-09-23 19:40:42,384 | [BAC] ACTION: No trade.
2026-09-23 19:40:42,414 | [BALL] trending (ADX 25.9) -> trend-following strategy | Signal: HOLD | Shares held: 0.0 | Last price: $58.78
2026-09-23 19:40:42,414 | [BALL] ACTION: No trade.
2026-09-23 19:40:42,443 | [BAX] trending (ADX 25.2) -> trend-following strategy | Signal: HOLD | Shares held: 0.0 | Last price: $23.64
2026-09-23 19:40:42,444 | [BAX] ACTION: No trade.
2026-09-23 19:40:42,473 | [BBY] trending (ADX 39.0) -> trend-following strategy | Signal: HOLD | Shares held: 0.0 | Last price: $91.00
2026-09-23 19:40:42,473 | [BBY] ACTION: No trade.
2026-09-23 19:40:42,503 | [BDX] choppy/sideways (ADX 17.8) -> mean-reversion strategy | Signal: HOLD | Shares held: 0.0 | Last price: $181.96
2026-09-23 19:40:42,503 | [BDX] ACTION: No trade.
2026-09-23 19:40:42,533 | [BE] choppy/sideways (ADX 13.5) -> mean-reversion strategy | Signal: HOLD | Shares held: 0.0 | Last price: $274.51
2026-09-23 19:40:42,533 | [BE] ACTION: No trade.
2026-09-23 19:40:42,563 | [BEN] choppy/sideways (ADX 15.4) -> mean-reversion strategy | Signal: HOLD | Shares held: 0.0 | Last price: $32.81
2026-09-23 19:40:42,564 | [BEN] ACTION: No trade.
2026-09-23 19:40:42,593 | [BG] trending (ADX 27.5) -> trend-following strategy | Signal: HOLD | Shares held: 0.0 | Last price: $111.35
2026-09-23 19:40:42,593 | [BG] ACTION: No trade.
2026-09-23 19:40:42,623 | [BIIB] choppy/sideways (ADX 17.3) -> mean-reversion strategy | Signal: HOLD | Shares held: 0.0 | Last price: $227.17
2026-09-23 19:40:42,623 | [BIIB] ACTION: No trade.
2026-09-23 19:40:42,653 | [BKNG] choppy/sideways (ADX 15.4) -> mean-reversion strategy | Signal: HOLD | Shares held: 0.0 | Last price: $156.15
2026-09-23 19:40:42,653 | [BKNG] ACTION: No trade.
2026-09-23 19:40:42,683 | [BKR] choppy/sideways (ADX 17.8) -> mean-reversion strategy | Signal: HOLD | Shares held: 0.0 | Last price: $57.76
2026-09-23 19:40:42,683 | [BKR] ACTION: No trade.
2026-09-23 19:40:42,713 | [BLK] choppy/sideways (ADX 20.1) -> mean-reversion strategy | Signal: HOLD | Shares held: 0.0 | Last price: $1061.03
2026-09-23 19:40:42,713 | [BLK] ACTION: No trade.
2026-09-23 19:40:42,743 | [BMY] trending (ADX 36.6) -> trend-following strategy | Signal: HOLD | Shares held: 0.0 | Last price: $61.28
2026-09-23 19:40:42,743 | [BMY] ACTION: No trade.
2026-09-23 19:40:42,773 | [BNY] choppy/sideways (ADX 17.9) -> mean-reversion strategy | Signal: HOLD | Shares held: 0.0 | Last price: $150.12
2026-09-23 19:40:42,773 | [BNY] ACTION: No trade.
2026-09-23 19:40:42,804 | [BR] choppy/sideways (ADX 16.2) -> mean-reversion strategy | Signal: HOLD | Shares held: 0.0 | Last price: $163.38
2026-09-23 19:40:42,804 | [BR] ACTION: No trade.
2026-09-23 19:40:42,835 | [BRK.B] trending (ADX 28.9) -> trend-following strategy | Signal: HOLD | Shares held: 0.0 | Last price: $508.28
2026-09-23 19:40:42,835 | [BRK.B] ACTION: No trade.
2026-09-23 19:40:42,866 | [BRO] choppy/sideways (ADX 20.6) -> mean-reversion strategy | Signal: HOLD | Shares held: 0.0 | Last price: $62.11
2026-09-23 19:40:42,866 | [BRO] ACTION: No trade.
2026-09-23 19:40:42,896 | [BSX] trending (ADX 25.9) -> trend-following strategy | Signal: HOLD | Shares held: 0.0 | Last price: $44.34
2026-09-23 19:40:42,896 | [BSX] ACTION: No trade.
2026-09-23 19:40:42,927 | [BX] trending (ADX 45.4) -> trend-following strategy | Signal: HOLD | Shares held: 0.0 | Last price: $119.62
2026-09-23 19:40:42,927 | [BX] ACTION: No trade.
2026-09-23 19:40:42,958 | [BXP] trending (ADX 27.2) -> trend-following strategy | Signal: HOLD | Shares held: 0.0 | Last price: $62.51
2026-09-23 19:40:42,958 | [BXP] ACTION: No trade.
2026-09-23 19:40:42,988 | [C] choppy/sideways (ADX 10.4) -> mean-reversion strategy | Signal: HOLD | Shares held: 0.0 | Last price: $132.48
2026-09-23 19:40:42,988 | [C] ACTION: No trade.
2026-09-23 19:40:43,018 | [CAH] choppy/sideways (ADX 18.4) -> mean-reversion strategy | Signal: HOLD | Shares held: 0.0 | Last price: $222.00
2026-09-23 19:40:43,018 | [CAH] ACTION: No trade.
2026-09-23 19:40:43,049 | [CARR] choppy/sideways (ADX 11.2) -> mean-reversion strategy | Signal: HOLD | Shares held: 0.0 | Last price: $55.25
2026-09-23 19:40:43,049 | [CARR] ACTION: No trade.
2026-09-23 19:40:43,079 | [CASY] trending (ADX 30.1) -> trend-following strategy | Signal: HOLD | Shares held: 0.0 | Last price: $597.50
2026-09-23 19:40:43,079 | [CASY] ACTION: No trade.
2026-09-23 19:40:43,109 | [CAT] choppy/sideways (ADX 11.3) -> mean-reversion strategy | Signal: HOLD | Shares held: 0.0 | Last price: $810.78
2026-09-23 19:40:43,109 | [CAT] ACTION: No trade.
2026-09-23 19:40:43,139 | [CB] choppy/sideways (ADX 24.4) -> mean-reversion strategy | Signal: HOLD | Shares held: 0.0 | Last price: $335.03
2026-09-23 19:40:43,140 | [CB] ACTION: No trade.
2026-09-23 19:40:43,169 | [CBOE] choppy/sideways (ADX 21.6) -> mean-reversion strategy | Signal: HOLD | Shares held: 0.0 | Last price: $271.80
2026-09-23 19:40:43,169 | [CBOE] ACTION: No trade.
2026-09-23 19:40:43,199 | [CBRE] trending (ADX 35.8) -> trend-following strategy | Signal: HOLD | Shares held: 0.0 | Last price: $137.02
2026-09-23 19:40:43,199 | [CBRE] ACTION: No trade.
2026-09-23 19:40:43,229 | [CCI] trending (ADX 39.5) -> trend-following strategy | Signal: HOLD | Shares held: 0.0 | Last price: $70.48
2026-09-23 19:40:43,229 | [CCI] ACTION: No trade.
2026-09-23 19:40:43,259 | [CCL] choppy/sideways (ADX 16.8) -> mean-reversion strategy | Signal: HOLD | Shares held: 0.0 | Last price: $21.89
2026-09-23 19:40:43,259 | [CCL] ACTION: No trade.
2026-09-23 19:40:43,289 | [CDNS] trending (ADX 56.2) -> trend-following strategy | Signal: HOLD | Shares held: 0.0 | Last price: $310.92
2026-09-23 19:40:43,289 | [CDNS] ACTION: No trade.
2026-09-23 19:40:43,319 | [CDW] choppy/sideways (ADX 18.7) -> mean-reversion strategy | Signal: HOLD | Shares held: 0.0 | Last price: $146.57
2026-09-23 19:40:43,319 | [CDW] ACTION: No trade.
2026-09-23 19:40:43,349 | [CEG] choppy/sideways (ADX 19.0) -> mean-reversion strategy | Signal: HOLD | Shares held: 0.0 | Last price: $263.41
2026-09-23 19:40:43,349 | [CEG] ACTION: No trade.
2026-09-23 19:40:43,379 | [CF] choppy/sideways (ADX 17.9) -> mean-reversion strategy | Signal: HOLD | Shares held: 0.0 | Last price: $121.13
2026-09-23 19:40:43,379 | [CF] ACTION: No trade.
2026-09-23 19:40:43,409 | [CFG] trending (ADX 27.2) -> trend-following strategy | Signal: HOLD | Shares held: 0.0 | Last price: $64.96
2026-09-23 19:40:43,409 | [CFG] ACTION: No trade.
2026-09-23 19:40:43,439 | [CHD] choppy/sideways (ADX 16.5) -> mean-reversion strategy | Signal: HOLD | Shares held: 0.0 | Last price: $95.99
2026-09-23 19:40:43,439 | [CHD] ACTION: No trade.
2026-09-23 19:40:43,469 | [CHRW] choppy/sideways (ADX 13.7) -> mean-reversion strategy | Signal: HOLD | Shares held: 0.0 | Last price: $149.93
2026-09-23 19:40:43,469 | [CHRW] ACTION: No trade.
2026-09-23 19:40:43,499 | [CHTR] choppy/sideways (ADX 16.9) -> mean-reversion strategy | Signal: HOLD | Shares held: 0.0 | Last price: $119.31
2026-09-23 19:40:43,499 | [CHTR] ACTION: No trade.
2026-09-23 19:40:43,530 | [CI] trending (ADX 47.0) -> trend-following strategy | Signal: HOLD | Shares held: 0.0 | Last price: $267.86
2026-09-23 19:40:43,530 | [CI] ACTION: No trade.
2026-09-23 19:40:43,560 | [CIEN] choppy/sideways (ADX 23.6) -> mean-reversion strategy | Signal: HOLD | Shares held: 0.0 | Last price: $358.65
2026-09-23 19:40:43,560 | [CIEN] ACTION: No trade.
2026-09-23 19:40:43,590 | [CINF] trending (ADX 36.7) -> trend-following strategy | Signal: HOLD | Shares held: 0.0 | Last price: $163.07
2026-09-23 19:40:43,590 | [CINF] ACTION: No trade.
2026-09-23 19:40:43,620 | [CL] trending (ADX 26.0) -> trend-following strategy | Signal: HOLD | Shares held: 0.0 | Last price: $86.36
2026-09-23 19:40:43,620 | [CL] ACTION: No trade.
2026-09-23 19:40:43,650 | [CLX] trending (ADX 30.6) -> trend-following strategy | Signal: HOLD | Shares held: 0.0 | Last price: $84.45
2026-09-23 19:40:43,650 | [CLX] ACTION: No trade.
2026-09-23 19:40:43,680 | [CMCSA] choppy/sideways (ADX 18.6) -> mean-reversion strategy | Signal: HOLD | Shares held: 0.0 | Last price: $22.68
2026-09-23 19:40:43,680 | [CMCSA] ACTION: No trade.
2026-09-23 19:40:43,710 | [CME] choppy/sideways (ADX 15.4) -> mean-reversion strategy | Signal: HOLD | Shares held: 0.0 | Last price: $272.27
2026-09-23 19:40:43,710 | [CME] ACTION: No trade.
2026-09-23 19:40:43,740 | [CMG] choppy/sideways (ADX 13.0) -> mean-reversion strategy | Signal: HOLD | Shares held: 0.0 | Last price: $32.80
2026-09-23 19:40:43,740 | [CMG] ACTION: No trade.
2026-09-23 19:40:43,770 | [CMI] choppy/sideways (ADX 12.6) -> mean-reversion strategy | Signal: HOLD | Shares held: 0.0 | Last price: $522.18
2026-09-23 19:40:43,770 | [CMI] ACTION: No trade.
2026-09-23 19:40:43,800 | [CMS] trending (ADX 39.5) -> trend-following strategy | Signal: HOLD | Shares held: 0.0 | Last price: $63.23
2026-09-23 19:40:43,800 | [CMS] ACTION: No trade.
2026-09-23 19:40:43,830 | [CNC] trending (ADX 32.6) -> trend-following strategy | Signal: HOLD | Shares held: 0.0 | Last price: $62.31
2026-09-23 19:40:43,830 | [CNC] ACTION: No trade.
2026-09-23 19:40:43,860 | [CNP] trending (ADX 41.3) -> trend-following strategy | Signal: HOLD | Shares held: 0.0 | Last price: $37.20
2026-09-23 19:40:43,860 | [CNP] ACTION: No trade.
2026-09-23 19:40:43,890 | [COF] trending (ADX 38.8) -> trend-following strategy | Signal: HOLD | Shares held: 0.0 | Last price: $196.26
2026-09-23 19:40:43,890 | [COF] ACTION: No trade.
2026-09-23 19:40:43,919 | [COHR] trending (ADX 30.8) -> trend-following strategy | Signal: HOLD | Shares held: 0.0 | Last price: $300.17
2026-09-23 19:40:43,920 | [COHR] ACTION: No trade.
2026-09-23 19:40:43,949 | [COIN] trending (ADX 44.1) -> trend-following strategy | Signal: HOLD | Shares held: 0.0 | Last price: $198.27
2026-09-23 19:40:43,950 | [COIN] ACTION: No trade.
2026-09-23 19:40:43,980 | [COO] choppy/sideways (ADX 14.1) -> mean-reversion strategy | Signal: HOLD | Shares held: 0.0 | Last price: $55.62
2026-09-23 19:40:43,980 | [COO] ACTION: No trade.
2026-09-23 19:40:44,010 | [COP] choppy/sideways (ADX 17.5) -> mean-reversion strategy | Signal: HOLD | Shares held: 0.0 | Last price: $128.19
2026-09-23 19:40:44,010 | [COP] ACTION: No trade.
2026-09-23 19:40:44,040 | [COR] choppy/sideways (ADX 21.0) -> mean-reversion strategy | Signal: HOLD | Shares held: 0.0 | Last price: $312.68
2026-09-23 19:40:44,040 | [COR] ACTION: No trade.
2026-09-23 19:40:44,071 | [COST] choppy/sideways (ADX 23.2) -> mean-reversion strategy | Signal: HOLD | Shares held: 0.0 | Last price: $904.32
2026-09-23 19:40:44,071 | [COST] ACTION: No trade.
2026-09-23 19:40:44,101 | [CPAY] choppy/sideways (ADX 14.4) -> mean-reversion strategy | Signal: HOLD | Shares held: 0.0 | Last price: $395.33
2026-09-23 19:40:44,101 | [CPAY] ACTION: No trade.
2026-09-23 19:40:44,131 | [CPRT] choppy/sideways (ADX 20.3) -> mean-reversion strategy | Signal: HOLD | Shares held: 0.0 | Last price: $28.52
2026-09-23 19:40:44,131 | [CPRT] ACTION: No trade.
2026-09-23 19:40:44,161 | [CRH] choppy/sideways (ADX 20.9) -> mean-reversion strategy | Signal: HOLD | Shares held: 0.0 | Last price: $85.68
2026-09-23 19:40:44,161 | [CRH] ACTION: No trade.
2026-09-23 19:40:44,191 | [CRL] trending (ADX 32.4) -> trend-following strategy | Signal: HOLD | Shares held: 0.0 | Last price: $278.16
2026-09-23 19:40:44,191 | [CRL] ACTION: No trade.
2026-09-23 19:40:44,221 | [CRM] trending (ADX 40.7) -> trend-following strategy | Signal: HOLD | Shares held: 0.0 | Last price: $238.89
2026-09-23 19:40:44,221 | [CRM] ACTION: No trade.
2026-09-23 19:40:44,251 | [CRWD] trending (ADX 46.7) -> trend-following strategy | Signal: HOLD | Shares held: 0.0 | Last price: $261.00
2026-09-23 19:40:44,251 | [CRWD] ACTION: No trade.
2026-09-23 19:40:44,281 | [CSCO] choppy/sideways (ADX 20.9) -> mean-reversion strategy | Signal: HOLD | Shares held: 0.0 | Last price: $106.46
2026-09-23 19:40:44,281 | [CSCO] ACTION: No trade.
2026-09-23 19:40:44,311 | [CSGP] choppy/sideways (ADX 21.8) -> mean-reversion strategy | Signal: HOLD | Shares held: 0.0 | Last price: $28.21
2026-09-23 19:40:44,311 | [CSGP] ACTION: No trade.
2026-09-23 19:40:44,341 | [CSX] trending (ADX 31.1) -> trend-following strategy | Signal: HOLD | Shares held: 0.0 | Last price: $47.30
2026-09-23 19:40:44,341 | [CSX] ACTION: No trade.
2026-09-23 19:40:44,371 | [CTAS] trending (ADX 26.9) -> trend-following strategy | Signal: HOLD | Shares held: 0.0 | Last price: $192.07
2026-09-23 19:40:44,371 | [CTAS] ACTION: No trade.
2026-09-23 19:40:44,401 | [CTSH] choppy/sideways (ADX 20.6) -> mean-reversion strategy | Signal: HOLD | Shares held: 0.0 | Last price: $59.32
2026-09-23 19:40:44,401 | [CTSH] ACTION: No trade.
2026-09-23 19:40:44,431 | [CTVA] choppy/sideways (ADX 14.2) -> mean-reversion strategy | Signal: HOLD | Shares held: 0.0 | Last price: $80.73
2026-09-23 19:40:44,431 | [CTVA] ACTION: No trade.
2026-09-23 19:40:44,461 | [CVNA] choppy/sideways (ADX 18.5) -> mean-reversion strategy | Signal: HOLD | Shares held: 0.0 | Last price: $64.22
2026-09-23 19:40:44,461 | [CVNA] ACTION: No trade.
2026-09-23 19:40:44,491 | [CVS] trending (ADX 33.1) -> trend-following strategy | Signal: HOLD | Shares held: 0.0 | Last price: $85.90
2026-09-23 19:40:44,491 | [CVS] ACTION: No trade.
2026-09-23 19:40:44,521 | [CVX] choppy/sideways (ADX 15.6) -> mean-reversion strategy | Signal: HOLD | Shares held: 0.0 | Last price: $205.20
2026-09-23 19:40:44,521 | [CVX] ACTION: No trade.
2026-09-23 19:40:44,552 | [D] trending (ADX 42.8) -> trend-following strategy | Signal: HOLD | Shares held: 0.0 | Last price: $61.21
2026-09-23 19:40:44,552 | [D] ACTION: No trade.
2026-09-23 19:40:44,582 | [DAL] choppy/sideways (ADX 12.8) -> mean-reversion strategy | Signal: HOLD | Shares held: 0.0 | Last price: $81.73
2026-09-23 19:40:44,582 | [DAL] ACTION: No trade.
2026-09-23 19:40:44,611 | [DASH] choppy/sideways (ADX 21.2) -> mean-reversion strategy | Signal: HOLD | Shares held: 0.0 | Last price: $189.17
2026-09-23 19:40:44,612 | [DASH] ACTION: No trade.
2026-09-23 19:40:44,641 | [DD] choppy/sideways (ADX 15.9) -> mean-reversion strategy | Signal: HOLD | Shares held: 0.0 | Last price: $130.72
2026-09-23 19:40:44,642 | [DD] ACTION: No trade.
2026-09-23 19:40:44,672 | [DDOG] trending (ADX 31.9) -> trend-following strategy | Signal: HOLD | Shares held: 0.0 | Last price: $251.29
2026-09-23 19:40:44,672 | [DDOG] ACTION: No trade.
2026-09-23 19:40:44,701 | [DE] choppy/sideways (ADX 22.0) -> mean-reversion strategy | Signal: HOLD | Shares held: 0.0 | Last price: $706.43
2026-09-23 19:40:44,702 | [DE] ACTION: No trade.
2026-09-23 19:40:44,732 | [DECK] choppy/sideways (ADX 19.6) -> mean-reversion strategy | Signal: HOLD | Shares held: 0.0 | Last price: $78.58
2026-09-23 19:40:44,732 | [DECK] ACTION: No trade.
2026-09-23 19:40:44,763 | [DELL] choppy/sideways (ADX 15.9) -> mean-reversion strategy | Signal: HOLD | Shares held: 0.0 | Last price: $548.68
2026-09-23 19:40:44,763 | [DELL] ACTION: No trade.
2026-09-23 19:40:44,793 | [DG] trending (ADX 29.6) -> trend-following strategy | Signal: HOLD | Shares held: 0.0 | Last price: $120.47
2026-09-23 19:40:44,793 | [DG] ACTION: No trade.
2026-09-23 19:40:44,824 | [DGX] trending (ADX 35.4) -> trend-following strategy | Signal: HOLD | Shares held: 0.0 | Last price: $233.15
2026-09-23 19:40:44,824 | [DGX] ACTION: No trade.
2026-09-23 19:40:44,854 | [DHI] choppy/sideways (ADX 22.7) -> mean-reversion strategy | Signal: HOLD | Shares held: 0.0 | Last price: $140.14
2026-09-23 19:40:44,854 | [DHI] ACTION: No trade.
2026-09-23 19:40:44,884 | [DHR] choppy/sideways (ADX 17.5) -> mean-reversion strategy | Signal: HOLD | Shares held: 0.0 | Last price: $220.96
2026-09-23 19:40:44,884 | [DHR] ACTION: No trade.
2026-09-23 19:40:44,913 | [DIS] choppy/sideways (ADX 20.6) -> mean-reversion strategy | Signal: HOLD | Shares held: 0.0 | Last price: $103.39
2026-09-23 19:40:44,913 | [DIS] ACTION: No trade.
2026-09-23 19:40:44,943 | [DLR] trending (ADX 37.8) -> trend-following strategy | Signal: HOLD | Shares held: 0.0 | Last price: $182.69
2026-09-23 19:40:44,943 | [DLR] ACTION: No trade.
2026-09-23 19:40:44,973 | [DLTR] trending (ADX 33.2) -> trend-following strategy | Signal: HOLD | Shares held: 0.0 | Last price: $112.84
2026-09-23 19:40:44,973 | [DLTR] ACTION: No trade.
2026-09-23 19:40:45,003 | [DOC] choppy/sideways (ADX 15.2) -> mean-reversion strategy | Signal: HOLD | Shares held: 0.0 | Last price: $20.55
2026-09-23 19:40:45,003 | [DOC] ACTION: No trade.
2026-09-23 19:40:45,033 | [DOV] trending (ADX 33.9) -> trend-following strategy | Signal: HOLD | Shares held: 0.0 | Last price: $188.97
2026-09-23 19:40:45,033 | [DOV] ACTION: No trade.
2026-09-23 19:40:45,063 | [DOW] choppy/sideways (ADX 21.0) -> mean-reversion strategy | Signal: HOLD | Shares held: 0.0 | Last price: $28.72
2026-09-23 19:40:45,064 | [DOW] ACTION: No trade.
2026-09-23 19:40:45,093 | [DPZ] choppy/sideways (ADX 14.9) -> mean-reversion strategy | Signal: HOLD | Shares held: 0.0 | Last price: $295.09
2026-09-23 19:40:45,093 | [DPZ] ACTION: No trade.
2026-09-23 19:40:45,123 | [DRI] choppy/sideways (ADX 18.5) -> mean-reversion strategy | Signal: HOLD | Shares held: 0.0 | Last price: $214.94
2026-09-23 19:40:45,123 | [DRI] ACTION: No trade.
2026-09-23 19:40:45,153 | [DTE] trending (ADX 56.6) -> trend-following strategy | Signal: HOLD | Shares held: 0.0 | Last price: $122.77
2026-09-23 19:40:45,153 | [DTE] ACTION: No trade.
2026-09-23 19:40:45,183 | [DUK] trending (ADX 42.9) -> trend-following strategy | Signal: HOLD | Shares held: 0.0 | Last price: $114.28
2026-09-23 19:40:45,183 | [DUK] ACTION: No trade.
2026-09-23 19:40:45,213 | [DVA] choppy/sideways (ADX 16.7) -> mean-reversion strategy | Signal: HOLD | Shares held: 0.0 | Last price: $183.47
2026-09-23 19:40:45,213 | [DVA] ACTION: No trade.
2026-09-23 19:40:45,243 | [DVN] choppy/sideways (ADX 20.7) -> mean-reversion strategy | Signal: HOLD | Shares held: 0.0 | Last price: $48.22
2026-09-23 19:40:45,243 | [DVN] ACTION: No trade.
2026-09-23 19:40:45,273 | [DXCM] trending (ADX 40.7) -> trend-following strategy | Signal: HOLD | Shares held: 0.0 | Last price: $87.67
2026-09-23 19:40:45,273 | [DXCM] ACTION: No trade.
2026-09-23 19:40:45,303 | [EBAY] choppy/sideways (ADX 16.6) -> mean-reversion strategy | Signal: HOLD | Shares held: 0.0 | Last price: $109.19
2026-09-23 19:40:45,303 | [EBAY] ACTION: No trade.
2026-09-23 19:40:45,334 | [ECHO] trending (ADX 30.4) -> trend-following strategy | Signal: HOLD | Shares held: 0.0 | Last price: $93.44
2026-09-23 19:40:45,334 | [ECHO] ACTION: No trade.
2026-09-23 19:40:45,364 | [ECL] choppy/sideways (ADX 20.1) -> mean-reversion strategy | Signal: HOLD | Shares held: 0.0 | Last price: $276.69
2026-09-23 19:40:45,364 | [ECL] ACTION: No trade.
2026-09-23 19:40:45,394 | [ED] trending (ADX 33.9) -> trend-following strategy | Signal: HOLD | Shares held: 0.0 | Last price: $102.79
2026-09-23 19:40:45,394 | [ED] ACTION: No trade.
2026-09-23 19:40:45,424 | [EFX] trending (ADX 25.8) -> trend-following strategy | Signal: HOLD | Shares held: 0.0 | Last price: $155.47
2026-09-23 19:40:45,424 | [EFX] ACTION: No trade.
2026-09-23 19:40:45,454 | [EG] trending (ADX 25.2) -> trend-following strategy | Signal: HOLD | Shares held: 0.0 | Last price: $372.79
2026-09-23 19:40:45,454 | [EG] ACTION: No trade.
2026-09-23 19:40:45,484 | [EIX] trending (ADX 38.6) -> trend-following strategy | Signal: HOLD | Shares held: 0.0 | Last price: $53.66
2026-09-23 19:40:45,484 | [EIX] ACTION: No trade.
2026-09-23 19:40:45,515 | [EL] choppy/sideways (ADX 14.9) -> mean-reversion strategy | Signal: HOLD | Shares held: 0.0 | Last price: $98.96
2026-09-23 19:40:45,515 | [EL] ACTION: No trade.
2026-09-23 19:40:45,545 | [ELV] trending (ADX 31.7) -> trend-following strategy | Signal: HOLD | Shares held: 0.0 | Last price: $397.62
2026-09-23 19:40:45,545 | [ELV] ACTION: No trade.
2026-09-23 19:40:45,575 | [EME] choppy/sideways (ADX 17.3) -> mean-reversion strategy | Signal: HOLD | Shares held: 0.0 | Last price: $755.05
2026-09-23 19:40:45,575 | [EME] ACTION: No trade.
2026-09-23 19:40:45,605 | [EMR] choppy/sideways (ADX 19.3) -> mean-reversion strategy | Signal: HOLD | Shares held: 0.0 | Last price: $154.62
2026-09-23 19:40:45,605 | [EMR] ACTION: No trade.
2026-09-23 19:40:45,635 | [EOG] choppy/sideways (ADX 14.6) -> mean-reversion strategy | Signal: HOLD | Shares held: 0.0 | Last price: $141.69
2026-09-23 19:40:45,635 | [EOG] ACTION: No trade.
2026-09-23 19:40:45,665 | [EQIX] trending (ADX 32.7) -> trend-following strategy | Signal: HOLD | Shares held: 0.0 | Last price: $1043.02
2026-09-23 19:40:45,665 | [EQIX] ACTION: No trade.
2026-09-23 19:40:45,695 | [EQT] choppy/sideways (ADX 22.0) -> mean-reversion strategy | Signal: HOLD | Shares held: 0.0 | Last price: $51.06
2026-09-23 19:40:45,695 | [EQT] ACTION: No trade.
2026-09-23 19:40:45,725 | [ES] trending (ADX 49.8) -> trend-following strategy | Signal: HOLD | Shares held: 0.0 | Last price: $64.93
2026-09-23 19:40:45,725 | [ES] ACTION: No trade.
2026-09-23 19:40:45,755 | [ESS] choppy/sideways (ADX 17.0) -> mean-reversion strategy | Signal: HOLD | Shares held: 0.0 | Last price: $273.61
2026-09-23 19:40:45,755 | [ESS] ACTION: No trade.
2026-09-23 19:40:45,785 | [ETN] trending (ADX 25.2) -> trend-following strategy | Signal: HOLD | Shares held: 0.0 | Last price: $437.25
2026-09-23 19:40:45,785 | [ETN] ACTION: No trade.
2026-09-23 19:40:45,816 | [ETR] trending (ADX 43.8) -> trend-following strategy | Signal: HOLD | Shares held: 0.0 | Last price: $99.01
2026-09-23 19:40:45,816 | [ETR] ACTION: No trade.
2026-09-23 19:40:45,845 | [EVRG] trending (ADX 36.4) -> trend-following strategy | Signal: HOLD | Shares held: 0.0 | Last price: $78.41
2026-09-23 19:40:45,846 | [EVRG] ACTION: No trade.
2026-09-23 19:40:45,876 | [EW] trending (ADX 45.0) -> trend-following strategy | Signal: HOLD | Shares held: 0.0 | Last price: $86.14
2026-09-23 19:40:45,876 | [EW] ACTION: No trade.
2026-09-23 19:40:45,906 | [EXC] trending (ADX 51.2) -> trend-following strategy | Signal: HOLD | Shares held: 0.0 | Last price: $40.70
2026-09-23 19:40:45,906 | [EXC] ACTION: No trade.
2026-09-23 19:40:45,936 | [EXE] choppy/sideways (ADX 11.3) -> mean-reversion strategy | Signal: HOLD | Shares held: 0.0 | Last price: $87.14
2026-09-23 19:40:45,936 | [EXE] ACTION: No trade.
2026-09-23 19:40:45,966 | [EXPD] choppy/sideways (ADX 14.8) -> mean-reversion strategy | Signal: HOLD | Shares held: 0.0 | Last price: $188.03
2026-09-23 19:40:45,966 | [EXPD] ACTION: No trade.
2026-09-23 19:40:45,996 | [EXPE] choppy/sideways (ADX 9.1) -> mean-reversion strategy | Signal: HOLD | Shares held: 0.0 | Last price: $262.08
2026-09-23 19:40:45,996 | [EXPE] ACTION: No trade.
2026-09-23 19:40:46,026 | [EXR] trending (ADX 25.7) -> trend-following strategy | Signal: HOLD | Shares held: 0.0 | Last price: $134.24
2026-09-23 19:40:46,026 | [EXR] ACTION: No trade.
2026-09-23 19:40:46,056 | [F] choppy/sideways (ADX 10.8) -> mean-reversion strategy | Signal: HOLD | Shares held: 0.0 | Last price: $12.98
2026-09-23 19:40:46,056 | [F] ACTION: No trade.
2026-09-23 19:40:46,086 | [FANG] choppy/sideways (ADX 21.3) -> mean-reversion strategy | Signal: HOLD | Shares held: 0.0 | Last price: $185.47
2026-09-23 19:40:46,086 | [FANG] ACTION: No trade.
2026-09-23 19:40:46,116 | [FAST] trending (ADX 45.4) -> trend-following strategy | Signal: HOLD | Shares held: 0.0 | Last price: $50.84
2026-09-23 19:40:46,117 | [FAST] ACTION: No trade.
2026-09-23 19:40:46,147 | [FCX] trending (ADX 28.9) -> trend-following strategy | Signal: HOLD | Shares held: 0.0 | Last price: $72.61
2026-09-23 19:40:46,147 | [FCX] ACTION: No trade.
2026-09-23 19:40:46,177 | [FDS] choppy/sideways (ADX 11.0) -> mean-reversion strategy | Signal: HOLD | Shares held: 0.0 | Last price: $280.90
2026-09-23 19:40:46,177 | [FDS] ACTION: No trade.
2026-09-23 19:40:46,207 | [FDX] choppy/sideways (ADX 24.4) -> mean-reversion strategy | Signal: HOLD | Shares held: 0.0 | Last price: $292.39
2026-09-23 19:40:46,207 | [FDX] ACTION: No trade.
2026-09-23 19:40:46,238 | [FDXF] choppy/sideways (ADX 15.8) -> mean-reversion strategy | Signal: HOLD | Shares held: 0.0 | Last price: $118.75
2026-09-23 19:40:46,238 | [FDXF] ACTION: No trade.
2026-09-23 19:40:46,269 | [FE] trending (ADX 50.5) -> trend-following strategy | Signal: HOLD | Shares held: 0.0 | Last price: $43.74
2026-09-23 19:40:46,269 | [FE] ACTION: No trade.
2026-09-23 19:40:46,299 | [FERG] trending (ADX 25.8) -> trend-following strategy | Signal: HOLD | Shares held: 0.0 | Last price: $222.18
2026-09-23 19:40:46,299 | [FERG] ACTION: No trade.
2026-09-23 19:40:46,329 | [FFIV] choppy/sideways (ADX 20.7) -> mean-reversion strategy | Signal: HOLD | Shares held: 0.0 | Last price: $456.53
2026-09-23 19:40:46,329 | [FFIV] ACTION: No trade.
2026-09-23 19:40:46,359 | [FICO] trending (ADX 33.5) -> trend-following strategy | Signal: HOLD | Shares held: 0.0 | Last price: $880.50
2026-09-23 19:40:46,359 | [FICO] ACTION: No trade.
2026-09-23 19:40:46,389 | [FIS] choppy/sideways (ADX 14.2) -> mean-reversion strategy | Signal: HOLD | Shares held: 0.0 | Last price: $34.81
2026-09-23 19:40:46,389 | [FIS] ACTION: No trade.
2026-09-23 19:40:46,419 | [FISV] choppy/sideways (ADX 10.7) -> mean-reversion strategy | Signal: HOLD | Shares held: 0.0 | Last price: $46.09
2026-09-23 19:40:46,419 | [FISV] ACTION: No trade.
2026-09-23 19:40:46,449 | [FITB] choppy/sideways (ADX 22.8) -> mean-reversion strategy | Signal: HOLD | Shares held: 0.0 | Last price: $51.97
2026-09-23 19:40:46,449 | [FITB] ACTION: No trade.
2026-09-23 19:40:46,479 | [FIX] choppy/sideways (ADX 13.6) -> mean-reversion strategy | Signal: HOLD | Shares held: 0.0 | Last price: $1621.24
2026-09-23 19:40:46,479 | [FIX] ACTION: No trade.
2026-09-23 19:40:46,509 | [FLEX] choppy/sideways (ADX 22.5) -> mean-reversion strategy | Signal: HOLD | Shares held: 0.0 | Last price: $112.92
2026-09-23 19:40:46,509 | [FLEX] ACTION: No trade.
2026-09-23 19:40:46,539 | [FOXA] choppy/sideways (ADX 21.7) -> mean-reversion strategy | Signal: HOLD | Shares held: 0.0 | Last price: $63.70
2026-09-23 19:40:46,539 | [FOXA] ACTION: No trade.
2026-09-23 19:40:46,569 | [FRT] choppy/sideways (ADX 15.6) -> mean-reversion strategy | Signal: HOLD | Shares held: 0.0 | Last price: $109.85
2026-09-23 19:40:46,569 | [FRT] ACTION: No trade.
2026-09-23 19:40:46,599 | [FSLR] choppy/sideways (ADX 21.5) -> mean-reversion strategy | Signal: HOLD | Shares held: 0.0 | Last price: $192.52
2026-09-23 19:40:46,599 | [FSLR] ACTION: No trade.
2026-09-23 19:40:46,629 | [FTNT] trending (ADX 33.9) -> trend-following strategy | Signal: HOLD | Shares held: 0.0 | Last price: $178.21
2026-09-23 19:40:46,629 | [FTNT] ACTION: No trade.
2026-09-23 19:40:46,659 | [FTV] choppy/sideways (ADX 18.3) -> mean-reversion strategy | Signal: HOLD | Shares held: 0.0 | Last price: $56.11
2026-09-23 19:40:46,659 | [FTV] ACTION: No trade.
2026-09-23 19:40:46,688 | [GD] choppy/sideways (ADX 15.1) -> mean-reversion strategy | Signal: HOLD | Shares held: 0.0 | Last price: $343.80
2026-09-23 19:40:46,688 | [GD] ACTION: No trade.
2026-09-23 19:40:46,718 | [GDDY] choppy/sideways (ADX 24.5) -> mean-reversion strategy | Signal: HOLD | Shares held: 0.0 | Last price: $96.56
2026-09-23 19:40:46,718 | [GDDY] ACTION: No trade.
2026-09-23 19:40:46,749 | [GE] choppy/sideways (ADX 13.5) -> mean-reversion strategy | Signal: HOLD | Shares held: 0.0 | Last price: $319.70
2026-09-23 19:40:46,749 | [GE] ACTION: No trade.
2026-09-23 19:40:46,778 | [GEHC] choppy/sideways (ADX 9.3) -> mean-reversion strategy | Signal: HOLD | Shares held: 0.0 | Last price: $66.04
2026-09-23 19:40:46,778 | [GEHC] ACTION: No trade.
2026-09-23 19:40:46,809 | [GEN] trending (ADX 34.1) -> trend-following strategy | Signal: HOLD | Shares held: 0.0 | Last price: $26.48
2026-09-23 19:40:46,809 | [GEN] ACTION: No trade.
2026-09-23 19:40:46,839 | [GEV] choppy/sideways (ADX 15.7) -> mean-reversion strategy | Signal: HOLD | Shares held: 0.0 | Last price: $948.10
2026-09-23 19:40:46,839 | [GEV] ACTION: No trade.
2026-09-23 19:40:46,869 | [GILD] choppy/sideways (ADX 24.6) -> mean-reversion strategy | Signal: HOLD | Shares held: 0.0 | Last price: $150.25
2026-09-23 19:40:46,869 | [GILD] ACTION: No trade.
2026-09-23 19:40:46,899 | [GIS] trending (ADX 25.7) -> trend-following strategy | Signal: HOLD | Shares held: 0.0 | Last price: $35.90
2026-09-23 19:40:46,899 | [GIS] ACTION: No trade.
2026-09-23 19:40:46,929 | [GLW] trending (ADX 26.9) -> trend-following strategy | Signal: HOLD | Shares held: 0.0 | Last price: $154.68
2026-09-23 19:40:46,929 | [GLW] ACTION: No trade.
2026-09-23 19:40:46,959 | [GM] choppy/sideways (ADX 18.5) -> mean-reversion strategy | Signal: HOLD | Shares held: 0.0 | Last price: $84.11
2026-09-23 19:40:46,959 | [GM] ACTION: No trade.
2026-09-23 19:40:46,989 | [GNRC] choppy/sideways (ADX 22.9) -> mean-reversion strategy | Signal: HOLD | Shares held: 0.0 | Last price: $200.86
2026-09-23 19:40:46,989 | [GNRC] ACTION: No trade.
2026-09-23 19:40:47,019 | [GOOG] trending (ADX 43.0) -> trend-following strategy | Signal: HOLD | Shares held: 0.0 | Last price: $335.66
2026-09-23 19:40:47,019 | [GOOG] ACTION: No trade.
2026-09-23 19:40:47,049 | [GOOGL] trending (ADX 45.0) -> trend-following strategy | Signal: HOLD | Shares held: 0.0 | Last price: $339.03
2026-09-23 19:40:47,049 | [GOOGL] ACTION: No trade.
2026-09-23 19:40:47,079 | [GPC] choppy/sideways (ADX 17.4) -> mean-reversion strategy | Signal: HOLD | Shares held: 0.0 | Last price: $129.21
2026-09-23 19:40:47,079 | [GPC] ACTION: No trade.
2026-09-23 19:40:47,109 | [GPN] choppy/sideways (ADX 14.4) -> mean-reversion strategy | Signal: HOLD | Shares held: 0.0 | Last price: $84.34
2026-09-23 19:40:47,109 | [GPN] ACTION: No trade.
2026-09-23 19:40:47,139 | [GRMN] choppy/sideways (ADX 13.3) -> mean-reversion strategy | Signal: HOLD | Shares held: 0.0 | Last price: $286.49
2026-09-23 19:40:47,139 | [GRMN] ACTION: No trade.
2026-09-23 19:40:47,169 | [GS] choppy/sideways (ADX 23.3) -> mean-reversion strategy | Signal: HOLD | Shares held: 0.0 | Last price: $937.71
2026-09-23 19:40:47,169 | [GS] ACTION: No trade.
2026-09-23 19:40:47,199 | [GWW] choppy/sideways (ADX 13.9) -> mean-reversion strategy | Signal: HOLD | Shares held: 0.0 | Last price: $1270.23
2026-09-23 19:40:47,199 | [GWW] ACTION: No trade.
2026-09-23 19:40:47,229 | [HAL] choppy/sideways (ADX 18.0) -> mean-reversion strategy | Signal: HOLD | Shares held: 0.0 | Last price: $32.94
2026-09-23 19:40:47,229 | [HAL] ACTION: No trade.
2026-09-23 19:40:47,259 | [HAS] trending (ADX 28.1) -> trend-following strategy | Signal: HOLD | Shares held: 0.0 | Last price: $85.91
2026-09-23 19:40:47,259 | [HAS] ACTION: No trade.
2026-09-23 19:40:47,289 | [HBAN] trending (ADX 31.6) -> trend-following strategy | Signal: HOLD | Shares held: 0.0 | Last price: $15.48
2026-09-23 19:40:47,289 | [HBAN] ACTION: No trade.
2026-09-23 19:40:47,319 | [HCA] choppy/sideways (ADX 23.3) -> mean-reversion strategy | Signal: HOLD | Shares held: 0.0 | Last price: $436.68
2026-09-23 19:40:47,319 | [HCA] ACTION: No trade.
2026-09-23 19:40:47,349 | [HD] trending (ADX 29.0) -> trend-following strategy | Signal: HOLD | Shares held: 0.0 | Last price: $297.86
2026-09-23 19:40:47,349 | [HD] ACTION: No trade.
2026-09-23 19:40:47,379 | [HIG] trending (ADX 40.8) -> trend-following strategy | Signal: HOLD | Shares held: 0.0 | Last price: $127.14
2026-09-23 19:40:47,379 | [HIG] ACTION: No trade.
2026-09-23 19:40:47,409 | [HII] choppy/sideways (ADX 11.4) -> mean-reversion strategy | Signal: HOLD | Shares held: 0.0 | Last price: $269.63
2026-09-23 19:40:47,409 | [HII] ACTION: No trade.
2026-09-23 19:40:47,439 | [HLT] choppy/sideways (ADX 12.9) -> mean-reversion strategy | Signal: HOLD | Shares held: 0.0 | Last price: $307.87
2026-09-23 19:40:47,439 | [HLT] ACTION: No trade.
2026-09-23 19:40:47,469 | [HON] choppy/sideways (ADX 14.5) -> mean-reversion strategy | Signal: HOLD | Shares held: 0.0 | Last price: $212.38
2026-09-23 19:40:47,469 | [HON] ACTION: No trade.
2026-09-23 19:40:47,499 | [HONA] trending (ADX 38.9) -> trend-following strategy | Signal: HOLD | Shares held: 0.0 | Last price: $162.38
2026-09-23 19:40:47,499 | [HONA] ACTION: No trade.
2026-09-23 19:40:47,529 | [HOOD] choppy/sideways (ADX 20.7) -> mean-reversion strategy | Signal: HOLD | Shares held: 0.0 | Last price: $123.95
2026-09-23 19:40:47,529 | [HOOD] ACTION: No trade.
2026-09-23 19:40:47,560 | [HPE] trending (ADX 27.6) -> trend-following strategy | Signal: HOLD | Shares held: 0.0 | Last price: $62.37
2026-09-23 19:40:47,560 | [HPE] ACTION: No trade.
2026-09-23 19:40:47,590 | [HPQ] choppy/sideways (ADX 15.2) -> mean-reversion strategy | Signal: HOLD | Shares held: 0.0 | Last price: $32.15
2026-09-23 19:40:47,590 | [HPQ] ACTION: No trade.
2026-09-23 19:40:47,621 | [HST] choppy/sideways (ADX 15.6) -> mean-reversion strategy | Signal: HOLD | Shares held: 0.0 | Last price: $22.11
2026-09-23 19:40:47,621 | [HST] ACTION: No trade.
2026-09-23 19:40:47,651 | [HSY] choppy/sideways (ADX 16.3) -> mean-reversion strategy | Signal: HOLD | Shares held: 0.0 | Last price: $169.22
2026-09-23 19:40:47,651 | [HSY] ACTION: No trade.
2026-09-23 19:40:47,681 | [HUBB] trending (ADX 29.2) -> trend-following strategy | Signal: HOLD | Shares held: 0.0 | Last price: $467.59
2026-09-23 19:40:47,681 | [HUBB] ACTION: No trade.
2026-09-23 19:40:47,711 | [HUM] choppy/sideways (ADX 21.1) -> mean-reversion strategy | Signal: HOLD | Shares held: 0.0 | Last price: $375.26
2026-09-23 19:40:47,711 | [HUM] ACTION: No trade.
2026-09-23 19:40:47,741 | [HWM] choppy/sideways (ADX 17.7) -> mean-reversion strategy | Signal: HOLD | Shares held: 0.0 | Last price: $228.99
2026-09-23 19:40:47,741 | [HWM] ACTION: No trade.
2026-09-23 19:40:47,771 | [IBKR] choppy/sideways (ADX 9.1) -> mean-reversion strategy | Signal: HOLD | Shares held: 0.0 | Last price: $92.34
2026-09-23 19:40:47,771 | [IBKR] ACTION: No trade.
2026-09-23 19:40:47,801 | [IBM] choppy/sideways (ADX 19.2) -> mean-reversion strategy | Signal: HOLD | Shares held: 0.0 | Last price: $233.55
2026-09-23 19:40:47,801 | [IBM] ACTION: No trade.
2026-09-23 19:40:47,831 | [ICE] choppy/sideways (ADX 12.9) -> mean-reversion strategy | Signal: HOLD | Shares held: 0.0 | Last price: $156.88
2026-09-23 19:40:47,831 | [ICE] ACTION: No trade.
2026-09-23 19:40:47,861 | [IDXX] choppy/sideways (ADX 13.4) -> mean-reversion strategy | Signal: HOLD | Shares held: 0.0 | Last price: $519.67
2026-09-23 19:40:47,861 | [IDXX] ACTION: No trade.
2026-09-23 19:40:47,891 | [IEX] choppy/sideways (ADX 23.5) -> mean-reversion strategy | Signal: HOLD | Shares held: 0.0 | Last price: $229.36
2026-09-23 19:40:47,891 | [IEX] ACTION: No trade.
2026-09-23 19:40:47,921 | [IFF] choppy/sideways (ADX 13.7) -> mean-reversion strategy | Signal: HOLD | Shares held: 0.0 | Last price: $85.56
2026-09-23 19:40:47,921 | [IFF] ACTION: No trade.
2026-09-23 19:40:47,951 | [ILMN] trending (ADX 33.4) -> trend-following strategy | Signal: HOLD | Shares held: 0.0 | Last price: $253.17
2026-09-23 19:40:47,951 | [ILMN] ACTION: No trade.
2026-09-23 19:40:47,982 | [INCY] choppy/sideways (ADX 14.3) -> mean-reversion strategy | Signal: HOLD | Shares held: 0.0 | Last price: $124.83
2026-09-23 19:40:47,982 | [INCY] ACTION: No trade.
2026-09-23 19:40:48,012 | [INTC] choppy/sideways (ADX 13.4) -> mean-reversion strategy | Signal: HOLD | Shares held: 0.0 | Last price: $121.61
2026-09-23 19:40:48,012 | [INTC] ACTION: No trade.
2026-09-23 19:40:48,042 | [INTU] choppy/sideways (ADX 7.7) -> mean-reversion strategy | Signal: HOLD | Shares held: 0.0 | Last price: $288.29
2026-09-23 19:40:48,042 | [INTU] ACTION: No trade.
2026-09-23 19:40:48,072 | [INVH] choppy/sideways (ADX 12.6) -> mean-reversion strategy | Signal: HOLD | Shares held: 0.0 | Last price: $26.95
2026-09-23 19:40:48,072 | [INVH] ACTION: No trade.
2026-09-23 19:40:48,102 | [IP] choppy/sideways (ADX 19.8) -> mean-reversion strategy | Signal: HOLD | Shares held: 0.0 | Last price: $35.73
2026-09-23 19:40:48,102 | [IP] ACTION: No trade.
2026-09-23 19:40:48,132 | [IQV] choppy/sideways (ADX 16.5) -> mean-reversion strategy | Signal: HOLD | Shares held: 0.0 | Last price: $268.18
2026-09-23 19:40:48,132 | [IQV] ACTION: No trade.
2026-09-23 19:40:48,162 | [IR] trending (ADX 38.2) -> trend-following strategy | Signal: HOLD | Shares held: 0.0 | Last price: $75.71
2026-09-23 19:40:48,162 | [IR] ACTION: No trade.
2026-09-23 19:40:48,192 | [IRM] trending (ADX 33.7) -> trend-following strategy | Signal: HOLD | Shares held: 0.0 | Last price: $115.43
2026-09-23 19:40:48,192 | [IRM] ACTION: No trade.
2026-09-23 19:40:48,222 | [ISRG] trending (ADX 35.9) -> trend-following strategy | Signal: HOLD | Shares held: 0.0 | Last price: $397.09
2026-09-23 19:40:48,222 | [ISRG] ACTION: No trade.
2026-09-23 19:40:48,251 | [IT] choppy/sideways (ADX 14.0) -> mean-reversion strategy | Signal: HOLD | Shares held: 0.0 | Last price: $180.34
2026-09-23 19:40:48,252 | [IT] ACTION: No trade.
2026-09-23 19:40:48,282 | [ITW] trending (ADX 33.2) -> trend-following strategy | Signal: HOLD | Shares held: 0.0 | Last price: $273.11
2026-09-23 19:40:48,282 | [ITW] ACTION: No trade.
2026-09-23 19:40:48,312 | [IVZ] choppy/sideways (ADX 18.8) -> mean-reversion strategy | Signal: HOLD | Shares held: 0.0 | Last price: $30.75
2026-09-23 19:40:48,312 | [IVZ] ACTION: No trade.
2026-09-23 19:40:48,341 | [J] choppy/sideways (ADX 22.2) -> mean-reversion strategy | Signal: HOLD | Shares held: 0.0 | Last price: $141.26
2026-09-23 19:40:48,341 | [J] ACTION: No trade.
2026-09-23 19:40:48,371 | [JBHT] choppy/sideways (ADX 14.2) -> mean-reversion strategy | Signal: HOLD | Shares held: 0.0 | Last price: $235.91
2026-09-23 19:40:48,371 | [JBHT] ACTION: No trade.
2026-09-23 19:40:48,401 | [JBL] choppy/sideways (ADX 13.8) -> mean-reversion strategy | Signal: HOLD | Shares held: 0.0 | Last price: $307.61
2026-09-23 19:40:48,401 | [JBL] ACTION: No trade.
2026-09-23 19:40:48,431 | [JCI] choppy/sideways (ADX 14.7) -> mean-reversion strategy | Signal: HOLD | Shares held: 0.0 | Last price: $146.30
2026-09-23 19:40:48,431 | [JCI] ACTION: No trade.
2026-09-23 19:40:48,461 | [JKHY] choppy/sideways (ADX 20.6) -> mean-reversion strategy | Signal: HOLD | Shares held: 0.0 | Last price: $148.74
2026-09-23 19:40:48,461 | [JKHY] ACTION: No trade.
2026-09-23 19:40:48,491 | [JNJ] choppy/sideways (ADX 17.4) -> mean-reversion strategy | Signal: HOLD | Shares held: 0.0 | Last price: $268.65
2026-09-23 19:40:48,491 | [JNJ] ACTION: No trade.
2026-09-23 19:40:48,521 | [JPM] trending (ADX 31.2) -> trend-following strategy | Signal: HOLD | Shares held: 0.0 | Last price: $337.93
2026-09-23 19:40:48,521 | [JPM] ACTION: No trade.
2026-09-23 19:40:48,551 | [KDP] choppy/sideways (ADX 21.6) -> mean-reversion strategy | Signal: HOLD | Shares held: 0.0 | Last price: $31.63
2026-09-23 19:40:48,551 | [KDP] ACTION: No trade.
2026-09-23 19:40:48,581 | [KEY] trending (ADX 29.4) -> trend-following strategy | Signal: HOLD | Shares held: 0.0 | Last price: $20.31
2026-09-23 19:40:48,581 | [KEY] ACTION: No trade.
2026-09-23 19:40:48,611 | [KEYS] trending (ADX 31.2) -> trend-following strategy | Signal: HOLD | Shares held: 0.0 | Last price: $352.23
2026-09-23 19:40:48,611 | [KEYS] ACTION: No trade.
2026-09-23 19:40:48,641 | [KHC] choppy/sideways (ADX 20.9) -> mean-reversion strategy | Signal: HOLD | Shares held: 0.0 | Last price: $23.77
2026-09-23 19:40:48,641 | [KHC] ACTION: No trade.
2026-09-23 19:40:48,670 | [KKR] trending (ADX 29.5) -> trend-following strategy | Signal: HOLD | Shares held: 0.0 | Last price: $96.80
2026-09-23 19:40:48,671 | [KKR] ACTION: No trade.
2026-09-23 19:40:48,701 | [KLAC] choppy/sideways (ADX 10.5) -> mean-reversion strategy | Signal: HOLD | Shares held: 0.0 | Last price: $187.25
2026-09-23 19:40:48,701 | [KLAC] ACTION: No trade.
2026-09-23 19:40:48,731 | [KMB] choppy/sideways (ADX 13.1) -> mean-reversion strategy | Signal: HOLD | Shares held: 0.0 | Last price: $97.77
2026-09-23 19:40:48,731 | [KMB] ACTION: No trade.
2026-09-23 19:40:48,761 | [KMI] choppy/sideways (ADX 20.5) -> mean-reversion strategy | Signal: HOLD | Shares held: 0.0 | Last price: $31.34
2026-09-23 19:40:48,761 | [KMI] ACTION: No trade.
2026-09-23 19:40:48,791 | [KO] trending (ADX 31.0) -> trend-following strategy | Signal: HOLD | Shares held: 0.0 | Last price: $87.81
2026-09-23 19:40:48,791 | [KO] ACTION: No trade.
2026-09-23 19:40:48,822 | [KR] choppy/sideways (ADX 20.4) -> mean-reversion strategy | Signal: HOLD | Shares held: 0.0 | Last price: $58.05
2026-09-23 19:40:48,822 | [KR] ACTION: No trade.
2026-09-23 19:40:48,852 | [KVUE] choppy/sideways (ADX 13.2) -> mean-reversion strategy | Signal: HOLD | Shares held: 0.0 | Last price: $17.70
2026-09-23 19:40:48,852 | [KVUE] ACTION: No trade.
2026-09-23 19:40:48,882 | [L] trending (ADX 26.0) -> trend-following strategy | Signal: HOLD | Shares held: 0.0 | Last price: $105.34
2026-09-23 19:40:48,882 | [L] ACTION: No trade.
2026-09-23 19:40:48,912 | [LDOS] trending (ADX 25.5) -> trend-following strategy | Signal: HOLD | Shares held: 0.0 | Last price: $124.73
2026-09-23 19:40:48,912 | [LDOS] ACTION: No trade.
2026-09-23 19:40:48,943 | [LEN] choppy/sideways (ADX 18.5) -> mean-reversion strategy | Signal: HOLD | Shares held: 0.0 | Last price: $81.47
2026-09-23 19:40:48,943 | [LEN] ACTION: No trade.
2026-09-23 19:40:48,973 | [LH] trending (ADX 33.6) -> trend-following strategy | Signal: HOLD | Shares held: 0.0 | Last price: $305.46
2026-09-23 19:40:48,973 | [LH] ACTION: No trade.
2026-09-23 19:40:49,003 | [LHX] choppy/sideways (ADX 24.7) -> mean-reversion strategy | Signal: HOLD | Shares held: 0.0 | Last price: $239.35
2026-09-23 19:40:49,003 | [LHX] ACTION: No trade.
2026-09-23 19:40:49,032 | [LII] choppy/sideways (ADX 22.6) -> mean-reversion strategy | Signal: HOLD | Shares held: 0.0 | Last price: $371.81
2026-09-23 19:40:49,032 | [LII] ACTION: No trade.
2026-09-23 19:40:49,063 | [LIN] trending (ADX 25.3) -> trend-following strategy | Signal: HOLD | Shares held: 0.0 | Last price: $470.08
2026-09-23 19:40:49,063 | [LIN] ACTION: No trade.
2026-09-23 19:40:49,093 | [LITE] trending (ADX 33.9) -> trend-following strategy | Signal: HOLD | Shares held: 0.0 | Last price: $937.64
2026-09-23 19:40:49,093 | [LITE] ACTION: No trade.
2026-09-23 19:40:49,122 | [LLY] choppy/sideways (ADX 11.7) -> mean-reversion strategy | Signal: HOLD | Shares held: 0.0 | Last price: $1155.37
2026-09-23 19:40:49,123 | [LLY] ACTION: No trade.
2026-09-23 19:40:49,152 | [LMT] choppy/sideways (ADX 17.6) -> mean-reversion strategy | Signal: HOLD | Shares held: 0.0 | Last price: $524.50
2026-09-23 19:40:49,152 | [LMT] ACTION: No trade.
2026-09-23 19:40:49,182 | [LNT] trending (ADX 46.5) -> trend-following strategy | Signal: HOLD | Shares held: 0.0 | Last price: $63.69
2026-09-23 19:40:49,182 | [LNT] ACTION: No trade.
2026-09-23 19:40:49,212 | [LOW] choppy/sideways (ADX 22.2) -> mean-reversion strategy | Signal: HOLD | Shares held: 0.0 | Last price: $191.72
2026-09-23 19:40:49,212 | [LOW] ACTION: No trade.
2026-09-23 19:40:49,242 | [LRCX] choppy/sideways (ADX 11.8) -> mean-reversion strategy | Signal: HOLD | Shares held: 0.0 | Last price: $307.01
2026-09-23 19:40:49,242 | [LRCX] ACTION: No trade.
2026-09-23 19:40:49,272 | [LULU] choppy/sideways (ADX 19.1) -> mean-reversion strategy | Signal: HOLD | Shares held: 0.0 | Last price: $101.74
2026-09-23 19:40:49,272 | [LULU] ACTION: No trade.
2026-09-23 19:40:49,302 | [LUV] trending (ADX 25.7) -> trend-following strategy | Signal: HOLD | Shares held: 0.0 | Last price: $41.02
2026-09-23 19:40:49,302 | [LUV] ACTION: No trade.
2026-09-23 19:40:49,331 | [LVS] trending (ADX 37.2) -> trend-following strategy | Signal: HOLD | Shares held: 0.0 | Last price: $39.12
2026-09-23 19:40:49,331 | [LVS] ACTION: No trade.
2026-09-23 19:40:49,361 | [LYB] choppy/sideways (ADX 20.4) -> mean-reversion strategy | Signal: HOLD | Shares held: 0.0 | Last price: $59.98
2026-09-23 19:40:49,361 | [LYB] ACTION: No trade.
2026-09-23 19:40:49,391 | [LYV] choppy/sideways (ADX 19.9) -> mean-reversion strategy | Signal: HOLD | Shares held: 0.0 | Last price: $169.64
2026-09-23 19:40:49,391 | [LYV] ACTION: No trade.
2026-09-23 19:40:49,455 | [MA] choppy/sideways (ADX 9.5) -> mean-reversion strategy | Signal: HOLD | Shares held: 0.0 | Last price: $559.21
2026-09-23 19:40:49,455 | [MA] ACTION: No trade.
2026-09-23 19:40:49,485 | [MAA] choppy/sideways (ADX 9.6) -> mean-reversion strategy | Signal: HOLD | Shares held: 0.0 | Last price: $118.44
2026-09-23 19:40:49,485 | [MAA] ACTION: No trade.
2026-09-23 19:40:49,515 | [MAR] trending (ADX 42.1) -> trend-following strategy | Signal: HOLD | Shares held: 0.0 | Last price: $352.54
2026-09-23 19:40:49,515 | [MAR] ACTION: No trade.
2026-09-23 19:40:49,545 | [MAS] trending (ADX 25.9) -> trend-following strategy | Signal: HOLD | Shares held: 0.0 | Last price: $68.30
2026-09-23 19:40:49,545 | [MAS] ACTION: No trade.
2026-09-23 19:40:49,575 | [MCD] trending (ADX 47.4) -> trend-following strategy | Signal: HOLD | Shares held: 0.0 | Last price: $237.45
2026-09-23 19:40:49,575 | [MCD] ACTION: No trade.
2026-09-23 19:40:49,605 | [MCHP] choppy/sideways (ADX 16.9) -> mean-reversion strategy | Signal: HOLD | Shares held: 0.0 | Last price: $75.44
2026-09-23 19:40:49,605 | [MCHP] ACTION: No trade.
2026-09-23 19:40:49,635 | [MCK] choppy/sideways (ADX 24.4) -> mean-reversion strategy | Signal: HOLD | Shares held: 0.0 | Last price: $885.07
2026-09-23 19:40:49,635 | [MCK] ACTION: No trade.
2026-09-23 19:40:49,665 | [MCO] trending (ADX 26.8) -> trend-following strategy | Signal: HOLD | Shares held: 0.0 | Last price: $473.35
2026-09-23 19:40:49,665 | [MCO] ACTION: No trade.
2026-09-23 19:40:49,694 | [MDLZ] choppy/sideways (ADX 15.2) -> mean-reversion strategy | Signal: HOLD | Shares held: 0.0 | Last price: $61.43
2026-09-23 19:40:49,694 | [MDLZ] ACTION: No trade.
2026-09-23 19:40:49,724 | [MDT] trending (ADX 48.3) -> trend-following strategy | Signal: HOLD | Shares held: 0.0 | Last price: $88.75
2026-09-23 19:40:49,724 | [MDT] ACTION: No trade.
2026-09-23 19:40:49,754 | [MET] choppy/sideways (ADX 18.7) -> mean-reversion strategy | Signal: HOLD | Shares held: 0.0 | Last price: $97.18
2026-09-23 19:40:49,754 | [MET] ACTION: No trade.
2026-09-23 19:40:49,784 | [META] choppy/sideways (ADX 20.7) -> mean-reversion strategy | Signal: HOLD | Shares held: 0.0 | Last price: $747.54
2026-09-23 19:40:49,784 | [META] ACTION: No trade.
2026-09-23 19:40:49,814 | [MGM] trending (ADX 26.5) -> trend-following strategy | Signal: HOLD | Shares held: 0.0 | Last price: $37.74
2026-09-23 19:40:49,814 | [MGM] ACTION: No trade.
2026-09-23 19:40:49,844 | [MKC] choppy/sideways (ADX 8.5) -> mean-reversion strategy | Signal: HOLD | Shares held: 0.0 | Last price: $48.94
2026-09-23 19:40:49,844 | [MKC] ACTION: No trade.
2026-09-23 19:40:49,874 | [MLM] choppy/sideways (ADX 20.6) -> mean-reversion strategy | Signal: HOLD | Shares held: 0.0 | Last price: $493.39
2026-09-23 19:40:49,874 | [MLM] ACTION: No trade.
2026-09-23 19:40:49,904 | [MMM] trending (ADX 38.4) -> trend-following strategy | Signal: HOLD | Shares held: 0.0 | Last price: $170.07
2026-09-23 19:40:49,904 | [MMM] ACTION: No trade.
2026-09-23 19:40:49,933 | [MNST] trending (ADX 27.5) -> trend-following strategy | Signal: HOLD | Shares held: 0.0 | Last price: $43.64
2026-09-23 19:40:49,934 | [MNST] ACTION: No trade.
2026-09-23 19:40:49,963 | [MO] choppy/sideways (ADX 16.7) -> mean-reversion strategy | Signal: HOLD | Shares held: 0.0 | Last price: $68.55
2026-09-23 19:40:49,964 | [MO] ACTION: No trade.
2026-09-23 19:40:49,994 | [MOS] choppy/sideways (ADX 15.0) -> mean-reversion strategy | Signal: HOLD | Shares held: 0.0 | Last price: $24.46
2026-09-23 19:40:49,994 | [MOS] ACTION: No trade.
2026-09-23 19:40:50,024 | [MPC] trending (ADX 26.3) -> trend-following strategy | Signal: HOLD | Shares held: 0.0 | Last price: $388.44
2026-09-23 19:40:50,024 | [MPC] ACTION: No trade.
2026-09-23 19:40:50,054 | [MPWR] choppy/sideways (ADX 23.9) -> mean-reversion strategy | Signal: HOLD | Shares held: 0.0 | Last price: $1346.21
2026-09-23 19:40:50,054 | [MPWR] ACTION: No trade.
2026-09-23 19:40:50,084 | [MRK] trending (ADX 37.2) -> trend-following strategy | Signal: HOLD | Shares held: 0.0 | Last price: $147.87
2026-09-23 19:40:50,084 | [MRK] ACTION: No trade.
2026-09-23 19:40:50,114 | [MRNA] choppy/sideways (ADX 17.0) -> mean-reversion strategy | Signal: HOLD | Shares held: 0.0 | Last price: $183.16
2026-09-23 19:40:50,114 | [MRNA] ACTION: No trade.
2026-09-23 19:40:50,144 | [MRSH] choppy/sideways (ADX 11.3) -> mean-reversion strategy | Signal: HOLD | Shares held: 0.0 | Last price: $171.19
2026-09-23 19:40:50,144 | [MRSH] ACTION: No trade.
2026-09-23 19:40:50,173 | [MRVL] trending (ADX 27.1) -> trend-following strategy | Signal: HOLD | Shares held: 0.0 | Last price: $258.83
2026-09-23 19:40:50,174 | [MRVL] ACTION: No trade.
2026-09-23 19:40:50,203 | [MS] trending (ADX 31.0) -> trend-following strategy | Signal: HOLD | Shares held: 0.0 | Last price: $198.56
2026-09-23 19:40:50,204 | [MS] ACTION: No trade.
2026-09-23 19:40:50,233 | [MSCI] choppy/sideways (ADX 16.5) -> mean-reversion strategy | Signal: HOLD | Shares held: 0.0 | Last price: $555.76
2026-09-23 19:40:50,233 | [MSCI] ACTION: No trade.
2026-09-23 19:40:50,263 | [MSFT] trending (ADX 28.7) -> trend-following strategy | Signal: HOLD | Shares held: 0.0 | Last price: $500.38
2026-09-23 19:40:50,263 | [MSFT] ACTION: No trade.
2026-09-23 19:40:50,293 | [MSI] choppy/sideways (ADX 16.7) -> mean-reversion strategy | Signal: HOLD | Shares held: 0.0 | Last price: $462.13
2026-09-23 19:40:50,293 | [MSI] ACTION: No trade.
2026-09-23 19:40:50,323 | [MTB] trending (ADX 26.7) -> trend-following strategy | Signal: HOLD | Shares held: 0.0 | Last price: $220.36
2026-09-23 19:40:50,323 | [MTB] ACTION: No trade.
2026-09-23 19:40:50,352 | [MTD] trending (ADX 29.0) -> trend-following strategy | Signal: HOLD | Shares held: 0.0 | Last price: $1486.43
2026-09-23 19:40:50,353 | [MTD] ACTION: No trade.
2026-09-23 19:40:50,382 | [MU] choppy/sideways (ADX 16.8) -> mean-reversion strategy | Signal: HOLD | Shares held: 0.0 | Last price: $1069.45
2026-09-23 19:40:50,382 | [MU] ACTION: No trade.
2026-09-23 19:40:50,412 | [NCLH] choppy/sideways (ADX 12.2) -> mean-reversion strategy | Signal: HOLD | Shares held: 0.0 | Last price: $14.22
2026-09-23 19:40:50,412 | [NCLH] ACTION: No trade.
2026-09-23 19:40:50,442 | [NDAQ] trending (ADX 36.1) -> trend-following strategy | Signal: HOLD | Shares held: 0.0 | Last price: $95.86
2026-09-23 19:40:50,442 | [NDAQ] ACTION: No trade.
2026-09-23 19:40:50,472 | [NDSN] choppy/sideways (ADX 17.3) -> mean-reversion strategy | Signal: HOLD | Shares held: 0.0 | Last price: $321.48
2026-09-23 19:40:50,472 | [NDSN] ACTION: No trade.
2026-09-23 19:40:50,502 | [NEE] trending (ADX 49.9) -> trend-following strategy | Signal: HOLD | Shares held: 0.0 | Last price: $77.22
2026-09-23 19:40:50,502 | [NEE] ACTION: No trade.
2026-09-23 19:40:50,532 | [NEM] choppy/sideways (ADX 17.1) -> mean-reversion strategy | Signal: HOLD | Shares held: 0.0 | Last price: $123.52
2026-09-23 19:40:50,532 | [NEM] ACTION: No trade.
2026-09-23 19:40:50,562 | [NFLX] trending (ADX 25.0) -> trend-following strategy | Signal: HOLD | Shares held: 0.0 | Last price: $71.58
2026-09-23 19:40:50,562 | [NFLX] ACTION: No trade.
2026-09-23 19:40:50,592 | [NI] trending (ADX 51.2) -> trend-following strategy | Signal: HOLD | Shares held: 0.0 | Last price: $39.20
2026-09-23 19:40:50,592 | [NI] ACTION: No trade.
2026-09-23 19:40:50,622 | [NKE] choppy/sideways (ADX 15.9) -> mean-reversion strategy | Signal: HOLD | Shares held: 0.0 | Last price: $35.69
2026-09-23 19:40:50,622 | [NKE] ACTION: No trade.
2026-09-23 19:40:50,652 | [NOC] choppy/sideways (ADX 14.8) -> mean-reversion strategy | Signal: HOLD | Shares held: 0.0 | Last price: $512.92
2026-09-23 19:40:50,652 | [NOC] ACTION: No trade.
2026-09-23 19:40:50,682 | [NOW] trending (ADX 51.9) -> trend-following strategy | Signal: HOLD | Shares held: 0.0 | Last price: $140.76
2026-09-23 19:40:50,682 | [NOW] ACTION: No trade.
2026-09-23 19:40:50,712 | [NRG] choppy/sideways (ADX 21.1) -> mean-reversion strategy | Signal: HOLD | Shares held: 0.0 | Last price: $100.55
2026-09-23 19:40:50,712 | [NRG] ACTION: No trade.
2026-09-23 19:40:50,742 | [NSC] trending (ADX 41.5) -> trend-following strategy | Signal: HOLD | Shares held: 0.0 | Last price: $315.69
2026-09-23 19:40:50,742 | [NSC] ACTION: No trade.
2026-09-23 19:40:50,771 | [NTAP] choppy/sideways (ADX 21.7) -> mean-reversion strategy | Signal: HOLD | Shares held: 0.0 | Last price: $195.41
2026-09-23 19:40:50,772 | [NTAP] ACTION: No trade.
2026-09-23 19:40:50,802 | [NTRS] choppy/sideways (ADX 23.4) -> mean-reversion strategy | Signal: HOLD | Shares held: 0.0 | Last price: $174.15
2026-09-23 19:40:50,802 | [NTRS] ACTION: No trade.
2026-09-23 19:40:50,832 | [NUE] choppy/sideways (ADX 13.8) -> mean-reversion strategy | Signal: HOLD | Shares held: 0.0 | Last price: $246.21
2026-09-23 19:40:50,832 | [NUE] ACTION: No trade.
2026-09-23 19:40:50,862 | [NVDA] trending (ADX 35.9) -> trend-following strategy | Signal: HOLD | Shares held: 0.0 | Last price: $225.10
2026-09-23 19:40:50,862 | [NVDA] ACTION: No trade.
2026-09-23 19:40:50,892 | [NVR] choppy/sideways (ADX 17.2) -> mean-reversion strategy | Signal: HOLD | Shares held: 0.0 | Last price: $6257.49
2026-09-23 19:40:50,893 | [NVR] ACTION: No trade.
2026-09-23 19:40:50,922 | [NWSA] trending (ADX 47.9) -> trend-following strategy | Signal: HOLD | Shares held: 0.0 | Last price: $28.26
2026-09-23 19:40:50,922 | [NWSA] ACTION: No trade.
2026-09-23 19:40:50,952 | [NXPI] choppy/sideways (ADX 19.3) -> mean-reversion strategy | Signal: HOLD | Shares held: 0.0 | Last price: $235.19
2026-09-23 19:40:50,952 | [NXPI] ACTION: No trade.
2026-09-23 19:40:50,983 | [O] trending (ADX 29.7) -> trend-following strategy | Signal: HOLD | Shares held: 0.0 | Last price: $55.66
2026-09-23 19:40:50,983 | [O] ACTION: No trade.
2026-09-23 19:40:51,013 | [ODFL] trending (ADX 26.3) -> trend-following strategy | Signal: HOLD | Shares held: 0.0 | Last price: $178.28
2026-09-23 19:40:51,013 | [ODFL] ACTION: No trade.
2026-09-23 19:40:51,044 | [OKE] trending (ADX 25.8) -> trend-following strategy | Signal: HOLD | Shares held: 0.0 | Last price: $90.56
2026-09-23 19:40:51,044 | [OKE] ACTION: No trade.
2026-09-23 19:40:51,074 | [OMC] choppy/sideways (ADX 21.8) -> mean-reversion strategy | Signal: HOLD | Shares held: 0.0 | Last price: $76.08
2026-09-23 19:40:51,074 | [OMC] ACTION: No trade.
2026-09-23 19:40:51,105 | [ON] choppy/sideways (ADX 24.4) -> mean-reversion strategy | Signal: HOLD | Shares held: 0.0 | Last price: $74.14
2026-09-23 19:40:51,105 | [ON] ACTION: No trade.
2026-09-23 19:40:51,135 | [ORCL] trending (ADX 27.5) -> trend-following strategy | Signal: HOLD | Shares held: 0.0 | Last price: $145.26
2026-09-23 19:40:51,135 | [ORCL] ACTION: No trade.
2026-09-23 19:40:51,165 | [ORLY] choppy/sideways (ADX 21.7) -> mean-reversion strategy | Signal: HOLD | Shares held: 0.0 | Last price: $86.19
2026-09-23 19:40:51,165 | [ORLY] ACTION: No trade.
2026-09-23 19:40:51,195 | [OTIS] choppy/sideways (ADX 18.4) -> mean-reversion strategy | Signal: HOLD | Shares held: 0.0 | Last price: $68.63
2026-09-23 19:40:51,195 | [OTIS] ACTION: No trade.
2026-09-23 19:40:51,225 | [OXY] choppy/sideways (ADX 15.9) -> mean-reversion strategy | Signal: HOLD | Shares held: 0.0 | Last price: $57.40
2026-09-23 19:40:51,225 | [OXY] ACTION: No trade.
2026-09-23 19:40:51,255 | [P] choppy/sideways (ADX 13.0) -> mean-reversion strategy | Signal: HOLD | Shares held: 0.0 | Last price: $109.78
2026-09-23 19:40:51,255 | [P] ACTION: No trade.
2026-09-23 19:40:51,285 | [PANW] trending (ADX 47.1) -> trend-following strategy | Signal: HOLD | Shares held: 0.0 | Last price: $390.69
2026-09-23 19:40:51,286 | [PANW] ACTION: No trade.
2026-09-23 19:40:51,315 | [PAYX] trending (ADX 44.9) -> trend-following strategy | Signal: HOLD | Shares held: 0.0 | Last price: $106.06
2026-09-23 19:40:51,316 | [PAYX] ACTION: No trade.
2026-09-23 19:40:51,345 | [PCAR] choppy/sideways (ADX 14.6) -> mean-reversion strategy | Signal: HOLD | Shares held: 0.0 | Last price: $112.52
2026-09-23 19:40:51,345 | [PCAR] ACTION: No trade.
2026-09-23 19:40:51,375 | [PCG] trending (ADX 48.1) -> trend-following strategy | Signal: HOLD | Shares held: 0.0 | Last price: $12.44
2026-09-23 19:40:51,375 | [PCG] ACTION: No trade.
2026-09-23 19:40:51,405 | [PEG] trending (ADX 50.1) -> trend-following strategy | Signal: HOLD | Shares held: 0.0 | Last price: $67.29
2026-09-23 19:40:51,405 | [PEG] ACTION: No trade.
2026-09-23 19:40:51,435 | [PEP] trending (ADX 26.7) -> trend-following strategy | Signal: HOLD | Shares held: 0.0 | Last price: $129.64
2026-09-23 19:40:51,435 | [PEP] ACTION: No trade.
2026-09-23 19:40:51,465 | [PFE] choppy/sideways (ADX 23.2) -> mean-reversion strategy | Signal: HOLD | Shares held: 0.0 | Last price: $28.04
2026-09-23 19:40:51,465 | [PFE] ACTION: No trade.
2026-09-23 19:40:51,495 | [PFG] choppy/sideways (ADX 22.4) -> mean-reversion strategy | Signal: HOLD | Shares held: 0.0 | Last price: $114.34
2026-09-23 19:40:51,495 | [PFG] ACTION: No trade.
2026-09-23 19:40:51,525 | [PG] choppy/sideways (ADX 14.5) -> mean-reversion strategy | Signal: HOLD | Shares held: 0.0 | Last price: $147.68
2026-09-23 19:40:51,525 | [PG] ACTION: No trade.
2026-09-23 19:40:51,555 | [PGR] choppy/sideways (ADX 15.4) -> mean-reversion strategy | Signal: HOLD | Shares held: 0.0 | Last price: $204.40
2026-09-23 19:40:51,555 | [PGR] ACTION: No trade.
2026-09-23 19:40:51,585 | [PH] choppy/sideways (ADX 20.2) -> mean-reversion strategy | Signal: HOLD | Shares held: 0.0 | Last price: $973.00
2026-09-23 19:40:51,585 | [PH] ACTION: No trade.
2026-09-23 19:40:51,615 | [PHM] choppy/sideways (ADX 24.1) -> mean-reversion strategy | Signal: HOLD | Shares held: 0.0 | Last price: $119.03
2026-09-23 19:40:51,615 | [PHM] ACTION: No trade.
2026-09-23 19:40:51,645 | [PKG] choppy/sideways (ADX 21.8) -> mean-reversion strategy | Signal: HOLD | Shares held: 0.0 | Last price: $240.53
2026-09-23 19:40:51,645 | [PKG] ACTION: No trade.
2026-09-23 19:40:51,675 | [PLD] choppy/sideways (ADX 14.6) -> mean-reversion strategy | Signal: HOLD | Shares held: 0.0 | Last price: $134.06
2026-09-23 19:40:51,675 | [PLD] ACTION: No trade.
2026-09-23 19:40:51,705 | [PLTR] trending (ADX 35.3) -> trend-following strategy | Signal: HOLD | Shares held: 0.0 | Last price: $192.02
2026-09-23 19:40:51,705 | [PLTR] ACTION: No trade.
2026-09-23 19:40:51,735 | [PM] choppy/sideways (ADX 22.1) -> mean-reversion strategy | Signal: HOLD | Shares held: 0.0 | Last price: $189.37
2026-09-23 19:40:51,735 | [PM] ACTION: No trade.
2026-09-23 19:40:51,765 | [PNC] trending (ADX 32.3) -> trend-following strategy | Signal: HOLD | Shares held: 0.0 | Last price: $225.09
2026-09-23 19:40:51,766 | [PNC] ACTION: No trade.
2026-09-23 19:40:51,796 | [PNR] choppy/sideways (ADX 22.5) -> mean-reversion strategy | Signal: HOLD | Shares held: 0.0 | Last price: $54.88
2026-09-23 19:40:51,796 | [PNR] ACTION: No trade.
2026-09-23 19:40:51,826 | [PNW] trending (ADX 36.8) -> trend-following strategy | Signal: HOLD | Shares held: 0.0 | Last price: $91.75
2026-09-23 19:40:51,827 | [PNW] ACTION: No trade.
2026-09-23 19:40:51,857 | [PODD] trending (ADX 44.6) -> trend-following strategy | Signal: HOLD | Shares held: 0.0 | Last price: $134.90
2026-09-23 19:40:51,857 | [PODD] ACTION: No trade.
2026-09-23 19:40:51,887 | [PPG] choppy/sideways (ADX 8.9) -> mean-reversion strategy | Signal: HOLD | Shares held: 0.0 | Last price: $107.03
2026-09-23 19:40:51,887 | [PPG] ACTION: No trade.
2026-09-23 19:40:51,917 | [PPL] trending (ADX 52.5) -> trend-following strategy | Signal: HOLD | Shares held: 0.0 | Last price: $32.24
2026-09-23 19:40:51,917 | [PPL] ACTION: No trade.
2026-09-23 19:40:51,946 | [PRU] choppy/sideways (ADX 14.8) -> mean-reversion strategy | Signal: HOLD | Shares held: 0.0 | Last price: $117.60
2026-09-23 19:40:51,947 | [PRU] ACTION: No trade.
2026-09-23 19:40:51,977 | [PSA] trending (ADX 27.0) -> trend-following strategy | Signal: HOLD | Shares held: 0.0 | Last price: $288.05
2026-09-23 19:40:51,977 | [PSA] ACTION: No trade.
2026-09-23 19:40:52,007 | [PSX] choppy/sideways (ADX 23.1) -> mean-reversion strategy | Signal: HOLD | Shares held: 0.0 | Last price: $255.54
2026-09-23 19:40:52,007 | [PSX] ACTION: No trade.
2026-09-23 19:40:52,037 | [PTC] trending (ADX 39.6) -> trend-following strategy | Signal: HOLD | Shares held: 0.0 | Last price: $141.39
2026-09-23 19:40:52,037 | [PTC] ACTION: No trade.
2026-09-23 19:40:52,067 | [PWR] trending (ADX 25.7) -> trend-following strategy | Signal: HOLD | Shares held: 0.0 | Last price: $635.80
2026-09-23 19:40:52,067 | [PWR] ACTION: No trade.
2026-09-23 19:40:52,097 | [PYPL] choppy/sideways (ADX 10.8) -> mean-reversion strategy | Signal: HOLD | Shares held: 0.0 | Last price: $52.63
2026-09-23 19:40:52,097 | [PYPL] ACTION: No trade.
2026-09-23 19:40:52,127 | [Q] choppy/sideways (ADX 21.3) -> mean-reversion strategy | Signal: HOLD | Shares held: 0.0 | Last price: $124.30
2026-09-23 19:40:52,127 | [Q] ACTION: No trade.
2026-09-23 19:40:52,157 | [QCOM] choppy/sideways (ADX 22.8) -> mean-reversion strategy | Signal: HOLD | Shares held: 0.0 | Last price: $197.15
2026-09-23 19:40:52,157 | [QCOM] ACTION: No trade.
2026-09-23 19:40:52,187 | [RCL] trending (ADX 27.3) -> trend-following strategy | Signal: HOLD | Shares held: 0.0 | Last price: $229.41
2026-09-23 19:40:52,187 | [RCL] ACTION: No trade.
2026-09-23 19:40:52,217 | [RDDT] choppy/sideways (ADX 18.7) -> mean-reversion strategy | Signal: HOLD | Shares held: 0.0 | Last price: $152.11
2026-09-23 19:40:52,217 | [RDDT] ACTION: No trade.
2026-09-23 19:40:52,247 | [REG] choppy/sideways (ADX 18.1) -> mean-reversion strategy | Signal: HOLD | Shares held: 0.0 | Last price: $72.81
2026-09-23 19:40:52,247 | [REG] ACTION: No trade.
2026-09-23 19:40:52,277 | [REGN] choppy/sideways (ADX 21.1) -> mean-reversion strategy | Signal: HOLD | Shares held: 0.0 | Last price: $802.63
2026-09-23 19:40:52,277 | [REGN] ACTION: No trade.
2026-09-23 19:40:52,307 | [RF] trending (ADX 28.4) -> trend-following strategy | Signal: HOLD | Shares held: 0.0 | Last price: $27.50
2026-09-23 19:40:52,307 | [RF] ACTION: No trade.
2026-09-23 19:40:52,337 | [RJF] choppy/sideways (ADX 22.8) -> mean-reversion strategy | Signal: HOLD | Shares held: 0.0 | Last price: $158.24
2026-09-23 19:40:52,337 | [RJF] ACTION: No trade.
2026-09-23 19:40:52,367 | [RL] trending (ADX 33.0) -> trend-following strategy | Signal: HOLD | Shares held: 0.0 | Last price: $340.56
2026-09-23 19:40:52,367 | [RL] ACTION: No trade.
2026-09-23 19:40:52,397 | [RMD] choppy/sideways (ADX 17.1) -> mean-reversion strategy | Signal: HOLD | Shares held: 0.0 | Last price: $220.81
2026-09-23 19:40:52,397 | [RMD] ACTION: No trade.
2026-09-23 19:40:52,427 | [ROK] trending (ADX 27.4) -> trend-following strategy | Signal: HOLD | Shares held: 0.0 | Last price: $432.93
2026-09-23 19:40:52,427 | [ROK] ACTION: No trade.
2026-09-23 19:40:52,457 | [ROL] choppy/sideways (ADX 21.8) -> mean-reversion strategy | Signal: HOLD | Shares held: 0.0 | Last price: $32.40
2026-09-23 19:40:52,457 | [ROL] ACTION: No trade.
2026-09-23 19:40:52,487 | [ROP] choppy/sideways (ADX 15.3) -> mean-reversion strategy | Signal: HOLD | Shares held: 0.0 | Last price: $367.73
2026-09-23 19:40:52,488 | [ROP] ACTION: No trade.
2026-09-23 19:40:52,518 | [ROST] trending (ADX 27.8) -> trend-following strategy | Signal: HOLD | Shares held: 0.0 | Last price: $233.81
2026-09-23 19:40:52,518 | [ROST] ACTION: No trade.
2026-09-23 19:40:52,549 | [RSG] choppy/sideways (ADX 19.3) -> mean-reversion strategy | Signal: HOLD | Shares held: 0.0 | Last price: $213.00
2026-09-23 19:40:52,549 | [RSG] ACTION: No trade.
2026-09-23 19:40:52,579 | [RTX] choppy/sideways (ADX 19.1) -> mean-reversion strategy | Signal: HOLD | Shares held: 0.0 | Last price: $192.75
2026-09-23 19:40:52,579 | [RTX] ACTION: No trade.
2026-09-23 19:40:52,610 | [RVTY] choppy/sideways (ADX 10.7) -> mean-reversion strategy | Signal: HOLD | Shares held: 0.0 | Last price: $141.74
2026-09-23 19:40:52,610 | [RVTY] ACTION: No trade.
2026-09-23 19:40:52,641 | [SBAC] trending (ADX 34.3) -> trend-following strategy | Signal: HOLD | Shares held: 0.0 | Last price: $171.25
2026-09-23 19:40:52,641 | [SBAC] ACTION: No trade.
2026-09-23 19:40:52,671 | [SBUX] choppy/sideways (ADX 17.5) -> mean-reversion strategy | Signal: HOLD | Shares held: 0.0 | Last price: $93.60
2026-09-23 19:40:52,671 | [SBUX] ACTION: No trade.
2026-09-23 19:40:52,701 | [SCHW] trending (ADX 26.9) -> trend-following strategy | Signal: HOLD | Shares held: 0.0 | Last price: $99.91
2026-09-23 19:40:52,701 | [SCHW] ACTION: No trade.
2026-09-23 19:40:52,731 | [SHW] choppy/sideways (ADX 12.0) -> mean-reversion strategy | Signal: HOLD | Shares held: 0.0 | Last price: $326.44
2026-09-23 19:40:52,731 | [SHW] ACTION: No trade.
2026-09-23 19:40:52,761 | [SJM] choppy/sideways (ADX 15.4) -> mean-reversion strategy | Signal: HOLD | Shares held: 0.0 | Last price: $122.38
2026-09-23 19:40:52,761 | [SJM] ACTION: No trade.
2026-09-23 19:40:52,791 | [SLB] choppy/sideways (ADX 18.3) -> mean-reversion strategy | Signal: HOLD | Shares held: 0.0 | Last price: $51.81
2026-09-23 19:40:52,791 | [SLB] ACTION: No trade.
2026-09-23 19:40:52,822 | [SMCI] trending (ADX 33.6) -> trend-following strategy | Signal: BUY | Shares held: 0.0 | Last price: $41.61
2026-09-23 19:40:52,822 | [SMCI] ACTION: No trade (within 90 min of close -- not enough runway left today for a new position).
2026-09-23 19:40:52,852 | [SNA] choppy/sideways (ADX 16.2) -> mean-reversion strategy | Signal: HOLD | Shares held: 0.0 | Last price: $370.02
2026-09-23 19:40:52,852 | [SNA] ACTION: No trade.
2026-09-23 19:40:52,882 | [SNDK] trending (ADX 28.3) -> trend-following strategy | Signal: HOLD | Shares held: 0.0 | Last price: $1814.14
2026-09-23 19:40:52,882 | [SNDK] ACTION: No trade.
2026-09-23 19:40:52,914 | [SNPS] trending (ADX 40.3) -> trend-following strategy | Signal: HOLD | Shares held: 0.0 | Last price: $417.02
2026-09-23 19:40:52,914 | [SNPS] ACTION: No trade.
2026-09-23 19:40:52,944 | [SO] trending (ADX 44.4) -> trend-following strategy | Signal: HOLD | Shares held: 0.0 | Last price: $83.27
2026-09-23 19:40:52,944 | [SO] ACTION: No trade.
2026-09-23 19:40:52,975 | [SPG] choppy/sideways (ADX 17.0) -> mean-reversion strategy | Signal: HOLD | Shares held: 0.0 | Last price: $204.22
2026-09-23 19:40:52,975 | [SPG] ACTION: No trade.
2026-09-23 19:40:53,006 | [SPGI] choppy/sideways (ADX 11.6) -> mean-reversion strategy | Signal: HOLD | Shares held: 0.0 | Last price: $406.71
2026-09-23 19:40:53,006 | [SPGI] ACTION: No trade.
2026-09-23 19:40:53,036 | [SRE] trending (ADX 43.8) -> trend-following strategy | Signal: HOLD | Shares held: 0.0 | Last price: $79.04
2026-09-23 19:40:53,036 | [SRE] ACTION: No trade.
2026-09-23 19:40:53,068 | [STE] choppy/sideways (ADX 15.9) -> mean-reversion strategy | Signal: HOLD | Shares held: 0.0 | Last price: $209.75
2026-09-23 19:40:53,068 | [STE] ACTION: No trade.
2026-09-23 19:40:53,099 | [STLD] choppy/sideways (ADX 17.0) -> mean-reversion strategy | Signal: HOLD | Shares held: 0.0 | Last price: $233.88
2026-09-23 19:40:53,099 | [STLD] ACTION: No trade.
2026-09-23 19:40:53,129 | [STT] choppy/sideways (ADX 8.9) -> mean-reversion strategy | Signal: HOLD | Shares held: 0.0 | Last price: $180.96
2026-09-23 19:40:53,129 | [STT] ACTION: No trade.
2026-09-23 19:40:53,159 | [STX] choppy/sideways (ADX 16.6) -> mean-reversion strategy | Signal: HOLD | Shares held: 0.0 | Last price: $920.83
2026-09-23 19:40:53,159 | [STX] ACTION: No trade.
2026-09-23 19:40:53,189 | [STZ] choppy/sideways (ADX 22.8) -> mean-reversion strategy | Signal: HOLD | Shares held: 0.0 | Last price: $116.42
2026-09-23 19:40:53,189 | [STZ] ACTION: No trade.
2026-09-23 19:40:53,219 | [SW] trending (ADX 26.9) -> trend-following strategy | Signal: SELL | Shares held: 0.0 | Last price: $46.38
2026-09-23 19:40:53,219 | [SW] ACTION: No trade.
2026-09-23 19:40:53,249 | [SWK] choppy/sideways (ADX 17.6) -> mean-reversion strategy | Signal: HOLD | Shares held: 0.0 | Last price: $91.62
2026-09-23 19:40:53,249 | [SWK] ACTION: No trade.
2026-09-23 19:40:53,279 | [SWKS] choppy/sideways (ADX 23.5) -> mean-reversion strategy | Signal: HOLD | Shares held: 0.0 | Last price: $90.58
2026-09-23 19:40:53,279 | [SWKS] ACTION: No trade.
2026-09-23 19:40:53,309 | [SYF] trending (ADX 51.5) -> trend-following strategy | Signal: HOLD | Shares held: 0.0 | Last price: $70.61
2026-09-23 19:40:53,309 | [SYF] ACTION: No trade.
2026-09-23 19:40:53,339 | [SYK] trending (ADX 26.9) -> trend-following strategy | Signal: HOLD | Shares held: 0.0 | Last price: $271.83
2026-09-23 19:40:53,339 | [SYK] ACTION: No trade.
2026-09-23 19:40:53,370 | [SYY] trending (ADX 37.0) -> trend-following strategy | Signal: HOLD | Shares held: 0.0 | Last price: $77.19
2026-09-23 19:40:53,370 | [SYY] ACTION: No trade.
2026-09-23 19:40:53,400 | [T] choppy/sideways (ADX 24.2) -> mean-reversion strategy | Signal: HOLD | Shares held: 0.0 | Last price: $25.45
2026-09-23 19:40:53,400 | [T] ACTION: No trade.
2026-09-23 19:40:53,430 | [TDG] choppy/sideways (ADX 17.4) -> mean-reversion strategy | Signal: HOLD | Shares held: 0.0 | Last price: $1103.34
2026-09-23 19:40:53,430 | [TDG] ACTION: No trade.
2026-09-23 19:40:53,460 | [TDY] trending (ADX 29.8) -> trend-following strategy | Signal: HOLD | Shares held: 0.0 | Last price: $621.94
2026-09-23 19:40:53,460 | [TDY] ACTION: No trade.
2026-09-23 19:40:53,490 | [TECH] trending (ADX 31.4) -> trend-following strategy | Signal: HOLD | Shares held: 0.0 | Last price: $72.52
2026-09-23 19:40:53,490 | [TECH] ACTION: No trade.
2026-09-23 19:40:53,520 | [TEL] trending (ADX 27.0) -> trend-following strategy | Signal: HOLD | Shares held: 0.0 | Last price: $214.45
2026-09-23 19:40:53,520 | [TEL] ACTION: No trade.
2026-09-23 19:40:53,550 | [TER] choppy/sideways (ADX 17.7) -> mean-reversion strategy | Signal: HOLD | Shares held: 0.0 | Last price: $386.87
2026-09-23 19:40:53,550 | [TER] ACTION: No trade.
2026-09-23 19:40:53,580 | [TFC] trending (ADX 33.5) -> trend-following strategy | Signal: HOLD | Shares held: 0.0 | Last price: $47.30
2026-09-23 19:40:53,581 | [TFC] ACTION: No trade.
2026-09-23 19:40:53,610 | [TGT] choppy/sideways (ADX 21.8) -> mean-reversion strategy | Signal: HOLD | Shares held: 0.0 | Last price: $156.32
2026-09-23 19:40:53,610 | [TGT] ACTION: No trade.
2026-09-23 19:40:53,641 | [TJX] trending (ADX 27.2) -> trend-following strategy | Signal: HOLD | Shares held: 0.0 | Last price: $131.20
2026-09-23 19:40:53,641 | [TJX] ACTION: No trade.
2026-09-23 19:40:53,671 | [TKO] choppy/sideways (ADX 13.3) -> mean-reversion strategy | Signal: HOLD | Shares held: 0.0 | Last price: $189.10
2026-09-23 19:40:53,671 | [TKO] ACTION: No trade.
2026-09-23 19:40:53,700 | [TMO] choppy/sideways (ADX 20.5) -> mean-reversion strategy | Signal: HOLD | Shares held: 0.0 | Last price: $660.37
2026-09-23 19:40:53,701 | [TMO] ACTION: No trade.
2026-09-23 19:40:53,731 | [TMUS] trending (ADX 31.1) -> trend-following strategy | Signal: HOLD | Shares held: 0.0 | Last price: $165.87
2026-09-23 19:40:53,731 | [TMUS] ACTION: No trade.
2026-09-23 19:40:53,761 | [TPL] trending (ADX 58.7) -> trend-following strategy | Signal: HOLD | Shares held: 0.0 | Last price: $335.63
2026-09-23 19:40:53,761 | [TPL] ACTION: No trade.
2026-09-23 19:40:53,792 | [TPR] choppy/sideways (ADX 16.4) -> mean-reversion strategy | Signal: HOLD | Shares held: 0.0 | Last price: $110.92
2026-09-23 19:40:53,792 | [TPR] ACTION: No trade.
2026-09-23 19:40:53,823 | [TRGP] trending (ADX 28.9) -> trend-following strategy | Signal: HOLD | Shares held: 0.0 | Last price: $283.58
2026-09-23 19:40:53,823 | [TRGP] ACTION: No trade.
2026-09-23 19:40:53,853 | [TRMB] choppy/sideways (ADX 21.2) -> mean-reversion strategy | Signal: HOLD | Shares held: 0.0 | Last price: $59.42
2026-09-23 19:40:53,853 | [TRMB] ACTION: No trade.
2026-09-23 19:40:53,883 | [TROW] trending (ADX 25.4) -> trend-following strategy | Signal: HOLD | Shares held: 0.0 | Last price: $104.64
2026-09-23 19:40:53,883 | [TROW] ACTION: No trade.
2026-09-23 19:40:53,913 | [TRV] choppy/sideways (ADX 22.5) -> mean-reversion strategy | Signal: HOLD | Shares held: 0.0 | Last price: $361.87
2026-09-23 19:40:53,913 | [TRV] ACTION: No trade.
2026-09-23 19:40:53,943 | [TSCO] choppy/sideways (ADX 16.2) -> mean-reversion strategy | Signal: HOLD | Shares held: 0.0 | Last price: $32.48
2026-09-23 19:40:53,943 | [TSCO] ACTION: No trade.
2026-09-23 19:40:53,973 | [TSLA] choppy/sideways (ADX 22.7) -> mean-reversion strategy | Signal: HOLD | Shares held: 0.0 | Last price: $379.88
2026-09-23 19:40:53,973 | [TSLA] ACTION: No trade.
2026-09-23 19:40:54,004 | [TSN] trending (ADX 26.0) -> trend-following strategy | Signal: HOLD | Shares held: 0.0 | Last price: $51.47
2026-09-23 19:40:54,004 | [TSN] ACTION: No trade.
2026-09-23 19:40:54,034 | [TT] choppy/sideways (ADX 15.3) -> mean-reversion strategy | Signal: HOLD | Shares held: 0.0 | Last price: $436.91
2026-09-23 19:40:54,034 | [TT] ACTION: No trade.
2026-09-23 19:40:54,064 | [TTWO] choppy/sideways (ADX 11.9) -> mean-reversion strategy | Signal: HOLD | Shares held: 0.0 | Last price: $207.35
2026-09-23 19:40:54,064 | [TTWO] ACTION: No trade.
2026-09-23 19:40:54,094 | [TXN] choppy/sideways (ADX 15.6) -> mean-reversion strategy | Signal: HOLD | Shares held: 0.0 | Last price: $272.10
2026-09-23 19:40:54,094 | [TXN] ACTION: No trade.
2026-09-23 19:40:54,124 | [TXT] trending (ADX 43.8) -> trend-following strategy | Signal: HOLD | Shares held: 0.0 | Last price: $76.85
2026-09-23 19:40:54,124 | [TXT] ACTION: No trade.
2026-09-23 19:40:54,155 | [TYL] trending (ADX 31.6) -> trend-following strategy | Signal: HOLD | Shares held: 0.0 | Last price: $334.44
2026-09-23 19:40:54,155 | [TYL] ACTION: No trade.
2026-09-23 19:40:54,227 | [UAL] trending (ADX 25.6) -> trend-following strategy | Signal: HOLD | Shares held: 0.0 | Last price: $111.33
2026-09-23 19:40:54,228 | [UAL] ACTION: No trade.
2026-09-23 19:40:54,257 | [UBER] choppy/sideways (ADX 18.7) -> mean-reversion strategy | Signal: HOLD | Shares held: 0.0 | Last price: $69.40
2026-09-23 19:40:54,258 | [UBER] ACTION: No trade.
2026-09-23 19:40:54,287 | [UDR] choppy/sideways (ADX 24.7) -> mean-reversion strategy | Signal: HOLD | Shares held: 0.0 | Last price: $33.73
2026-09-23 19:40:54,287 | [UDR] ACTION: No trade.
2026-09-23 19:40:54,317 | [UHS] choppy/sideways (ADX 21.7) -> mean-reversion strategy | Signal: HOLD | Shares held: 0.0 | Last price: $181.66
2026-09-23 19:40:54,317 | [UHS] ACTION: No trade.
2026-09-23 19:40:54,347 | [ULTA] choppy/sideways (ADX 11.3) -> mean-reversion strategy | Signal: HOLD | Shares held: 0.0 | Last price: $544.46
2026-09-23 19:40:54,347 | [ULTA] ACTION: No trade.
2026-09-23 19:40:54,377 | [UNH] trending (ADX 26.0) -> trend-following strategy | Signal: HOLD | Shares held: 0.0 | Last price: $370.05
2026-09-23 19:40:54,377 | [UNH] ACTION: No trade.
2026-09-23 19:40:54,407 | [UNP] trending (ADX 45.0) -> trend-following strategy | Signal: HOLD | Shares held: 0.0 | Last price: $275.76
2026-09-23 19:40:54,407 | [UNP] ACTION: No trade.
2026-09-23 19:40:54,437 | [UPS] trending (ADX 26.5) -> trend-following strategy | Signal: HOLD | Shares held: 0.0 | Last price: $96.28
2026-09-23 19:40:54,437 | [UPS] ACTION: No trade.
2026-09-23 19:40:54,467 | [URI] trending (ADX 25.9) -> trend-following strategy | Signal: HOLD | Shares held: 0.0 | Last price: $1037.65
2026-09-23 19:40:54,467 | [URI] ACTION: No trade.
2026-09-23 19:40:54,497 | [USB] trending (ADX 31.4) -> trend-following strategy | Signal: HOLD | Shares held: 0.0 | Last price: $58.72
2026-09-23 19:40:54,497 | [USB] ACTION: No trade.
2026-09-23 19:40:54,527 | [V] choppy/sideways (ADX 16.9) -> mean-reversion strategy | Signal: HOLD | Shares held: 0.0 | Last price: $361.21
2026-09-23 19:40:54,527 | [V] ACTION: No trade.
2026-09-23 19:40:54,557 | [VEEV] trending (ADX 40.6) -> trend-following strategy | Signal: HOLD | Shares held: 0.0 | Last price: $271.38
2026-09-23 19:40:54,557 | [VEEV] ACTION: No trade.
2026-09-23 19:40:54,587 | [VICI] choppy/sideways (ADX 19.9) -> mean-reversion strategy | Signal: HOLD | Shares held: 0.0 | Last price: $23.71
2026-09-23 19:40:54,587 | [VICI] ACTION: No trade.
2026-09-23 19:40:54,617 | [VLO] choppy/sideways (ADX 22.6) -> mean-reversion strategy | Signal: HOLD | Shares held: 0.0 | Last price: $376.60
2026-09-23 19:40:54,617 | [VLO] ACTION: No trade.
2026-09-23 19:40:54,647 | [VLTO] choppy/sideways (ADX 13.8) -> mean-reversion strategy | Signal: HOLD | Shares held: 0.0 | Last price: $96.11
2026-09-23 19:40:54,647 | [VLTO] ACTION: No trade.
2026-09-23 19:40:54,677 | [VMC] choppy/sideways (ADX 24.5) -> mean-reversion strategy | Signal: HOLD | Shares held: 0.0 | Last price: $245.94
2026-09-23 19:40:54,677 | [VMC] ACTION: No trade.
2026-09-23 19:40:54,707 | [VMRK] trending (ADX 26.4) -> trend-following strategy | Signal: HOLD | Shares held: 0.0 | Last price: $61.29
2026-09-23 19:40:54,707 | [VMRK] ACTION: No trade.
2026-09-23 19:40:54,737 | [VOYG] trending (ADX 56.8) -> trend-following strategy | Signal: HOLD | Shares held: 0.0 | Last price: $31.22
2026-09-23 19:40:54,737 | [VOYG] ACTION: No trade.
2026-09-23 19:40:54,767 | [VRSK] choppy/sideways (ADX 10.5) -> mean-reversion strategy | Signal: HOLD | Shares held: 0.0 | Last price: $171.33
2026-09-23 19:40:54,767 | [VRSK] ACTION: No trade.
2026-09-23 19:40:54,797 | [VRSN] trending (ADX 41.9) -> trend-following strategy | Signal: HOLD | Shares held: 0.0 | Last price: $292.48
2026-09-23 19:40:54,797 | [VRSN] ACTION: No trade.
2026-09-23 19:40:54,827 | [VRT] choppy/sideways (ADX 23.1) -> mean-reversion strategy | Signal: HOLD | Shares held: 0.0 | Last price: $249.43
2026-09-23 19:40:54,827 | [VRT] ACTION: No trade.
2026-09-23 19:40:54,857 | [VRTX] choppy/sideways (ADX 17.7) -> mean-reversion strategy | Signal: HOLD | Shares held: 0.0 | Last price: $514.45
2026-09-23 19:40:54,857 | [VRTX] ACTION: No trade.
2026-09-23 19:40:54,887 | [VST] trending (ADX 29.4) -> trend-following strategy | Signal: HOLD | Shares held: 0.0 | Last price: $138.02
2026-09-23 19:40:54,887 | [VST] ACTION: No trade.
2026-09-23 19:40:54,917 | [VTR] choppy/sideways (ADX 12.5) -> mean-reversion strategy | Signal: HOLD | Shares held: 0.0 | Last price: $86.43
2026-09-23 19:40:54,917 | [VTR] ACTION: No trade.
2026-09-23 19:40:54,948 | [VTRS] choppy/sideways (ADX 18.7) -> mean-reversion strategy | Signal: HOLD | Shares held: 0.0 | Last price: $17.13
2026-09-23 19:40:54,948 | [VTRS] ACTION: No trade.
2026-09-23 19:40:54,978 | [VZ] choppy/sideways (ADX 19.6) -> mean-reversion strategy | Signal: HOLD | Shares held: 0.0 | Last price: $46.74
2026-09-23 19:40:54,978 | [VZ] ACTION: No trade.
2026-09-23 19:40:55,008 | [WAB] trending (ADX 27.6) -> trend-following strategy | Signal: HOLD | Shares held: 0.0 | Last price: $292.25
2026-09-23 19:40:55,008 | [WAB] ACTION: No trade.
2026-09-23 19:40:55,038 | [WAT] choppy/sideways (ADX 16.8) -> mean-reversion strategy | Signal: HOLD | Shares held: 0.0 | Last price: $421.01
2026-09-23 19:40:55,038 | [WAT] ACTION: No trade.
2026-09-23 19:40:55,068 | [WBD] trending (ADX 34.1) -> trend-following strategy | Signal: HOLD | Shares held: 0.0 | Last price: $30.70
2026-09-23 19:40:55,069 | [WBD] ACTION: No trade.
2026-09-23 19:40:55,098 | [WDAY] choppy/sideways (ADX 15.1) -> mean-reversion strategy | Signal: HOLD | Shares held: 0.0 | Last price: $192.75
2026-09-23 19:40:55,098 | [WDAY] ACTION: No trade.
2026-09-23 19:40:55,128 | [WDC] choppy/sideways (ADX 23.0) -> mean-reversion strategy | Signal: HOLD | Shares held: 0.0 | Last price: $470.90
2026-09-23 19:40:55,128 | [WDC] ACTION: No trade.
2026-09-23 19:40:55,158 | [WEC] trending (ADX 34.9) -> trend-following strategy | Signal: HOLD | Shares held: 0.0 | Last price: $101.41
2026-09-23 19:40:55,158 | [WEC] ACTION: No trade.
2026-09-23 19:40:55,188 | [WELL] choppy/sideways (ADX 18.7) -> mean-reversion strategy | Signal: HOLD | Shares held: 0.0 | Last price: $229.41
2026-09-23 19:40:55,188 | [WELL] ACTION: No trade.
2026-09-23 19:40:55,218 | [WFC] trending (ADX 44.3) -> trend-following strategy | Signal: HOLD | Shares held: 0.0 | Last price: $82.14
2026-09-23 19:40:55,218 | [WFC] ACTION: No trade.
2026-09-23 19:40:55,248 | [WM] choppy/sideways (ADX 15.7) -> mean-reversion strategy | Signal: HOLD | Shares held: 0.0 | Last price: $207.97
2026-09-23 19:40:55,248 | [WM] ACTION: No trade.
2026-09-23 19:40:55,277 | [WMB] choppy/sideways (ADX 24.6) -> mean-reversion strategy | Signal: HOLD | Shares held: 0.0 | Last price: $71.17
2026-09-23 19:40:55,277 | [WMB] ACTION: No trade.
2026-09-23 19:40:55,308 | [WMT] trending (ADX 37.4) -> trend-following strategy | Signal: HOLD | Shares held: 0.0 | Last price: $110.33
2026-09-23 19:40:55,308 | [WMT] ACTION: No trade.
2026-09-23 19:40:55,337 | [WRB] choppy/sideways (ADX 22.3) -> mean-reversion strategy | Signal: HOLD | Shares held: 0.0 | Last price: $67.73
2026-09-23 19:40:55,337 | [WRB] ACTION: No trade.
2026-09-23 19:40:55,367 | [WSM] choppy/sideways (ADX 19.2) -> mean-reversion strategy | Signal: HOLD | Shares held: 0.0 | Last price: $229.06
2026-09-23 19:40:55,367 | [WSM] ACTION: No trade.
2026-09-23 19:40:55,397 | [WST] choppy/sideways (ADX 16.1) -> mean-reversion strategy | Signal: HOLD | Shares held: 0.0 | Last price: $374.30
2026-09-23 19:40:55,397 | [WST] ACTION: No trade.
2026-09-23 19:40:55,427 | [WTW] choppy/sideways (ADX 11.7) -> mean-reversion strategy | Signal: HOLD | Shares held: 0.0 | Last price: $300.69
2026-09-23 19:40:55,427 | [WTW] ACTION: No trade.
2026-09-23 19:40:55,457 | [WY] choppy/sideways (ADX 13.2) -> mean-reversion strategy | Signal: HOLD | Shares held: 0.0 | Last price: $21.20
2026-09-23 19:40:55,457 | [WY] ACTION: No trade.
2026-09-23 19:40:55,487 | [WYNN] trending (ADX 25.0) -> trend-following strategy | Signal: HOLD | Shares held: 0.0 | Last price: $81.33
2026-09-23 19:40:55,487 | [WYNN] ACTION: No trade.
2026-09-23 19:40:55,517 | [XEL] trending (ADX 36.5) -> trend-following strategy | Signal: HOLD | Shares held: 0.0 | Last price: $70.80
2026-09-23 19:40:55,517 | [XEL] ACTION: No trade.
2026-09-23 19:40:55,547 | [XOM] choppy/sideways (ADX 11.5) -> mean-reversion strategy | Signal: HOLD | Shares held: 0.0 | Last price: $161.00
2026-09-23 19:40:55,547 | [XOM] ACTION: No trade.
2026-09-23 19:40:55,576 | [XYL] choppy/sideways (ADX 17.3) -> mean-reversion strategy | Signal: HOLD | Shares held: 0.0 | Last price: $108.72
2026-09-23 19:40:55,577 | [XYL] ACTION: No trade.
2026-09-23 19:40:55,606 | [XYZ] trending (ADX 27.6) -> trend-following strategy | Signal: HOLD | Shares held: 0.0 | Last price: $74.89
2026-09-23 19:40:55,606 | [XYZ] ACTION: No trade.
2026-09-23 19:40:55,636 | [YUM] choppy/sideways (ADX 13.7) -> mean-reversion strategy | Signal: HOLD | Shares held: 0.0 | Last price: $140.24
2026-09-23 19:40:55,636 | [YUM] ACTION: No trade.
2026-09-23 19:40:55,666 | [ZBH] trending (ADX 48.2) -> trend-following strategy | Signal: HOLD | Shares held: 0.0 | Last price: $90.04
2026-09-23 19:40:55,666 | [ZBH] ACTION: No trade.
2026-09-23 19:40:55,696 | [ZBRA] trending (ADX 39.6) -> trend-following strategy | Signal: HOLD | Shares held: 0.0 | Last price: $371.27
2026-09-23 19:40:55,696 | [ZBRA] ACTION: No trade.
2026-09-23 19:40:55,726 | [ZTS] choppy/sideways (ADX 14.5) -> mean-reversion strategy | Signal: HOLD | Shares held: 0.0 | Last price: $71.64
2026-09-23 19:40:55,726 | [ZTS] ACTION: No trade.
2026-09-23 19:50:02,158 | Within 10 min of close -- flattening all positions for the day.
2026-09-23 19:50:02,168 | EOD FLATTEN: no open positions to close.
2026-09-23 20:00:02,011 | Market is closed. Next open: 2026-09-24 15:30:00 CEST (your local time) -- in 17.5 hours.
2026-09-23 20:00:02,017 | Market is closed for the day -- exiting early instead of idling.
2026-09-23 20:00:02,017 | Duration window finished.
